:020000040800F2
:10000000E80A0020B5020008BD020008BF0200088F
:10001000C1020008C3020008C50200080000000079
:10002000000000000000000000000000C7020008FF
:10003000C902000800000000CB020008CD02000841
:10004000CF020008CF020008CF020008CF0200084C
:10005000CF020008CF020008CF020008CF0200083C
:10006000CF020008CF020008CF020008CF0200082C
:10007000CF020008CF020008CF020008CF0200081C
:10008000CF020008CF020008CF020008CF0200080C
:10009000CF020008CF020008CF020008CF020008FC
:1000A000CF020008CF020008CF020008CF020008EC
:1000B000CF020008CF020008CF020008CF020008DC
:1000C000CF020008CF020008CF020008CF020008CC
:1000D000CF020008CF020008CF020008CF020008BC
:1000E000CF020008CF020008CF020008CF020008AC
:1000F000CF020008CF020008CF020008CF0200089C
:10010000CF020008CF020008CF020008CF0200088B
:10011000CF020008CF020008CF020008CF0200087B
:10012000CF020008CF020008CF020008CF0200086B
:10013000CF020008CF020008CF020008CF0200085B
:10014000CF020008CF020008CF020008CF0200084B
:10015000CF020008CF020008CF020008CF0200083B
:10016000CF020008CF020008CF020008CF0200082B
:10017000CF020008CF0200080000000000000000CD
:10018000CF020008CF020008CF020008CF0200080B
:10019000CF020008CF02000800000000CF020008D4
:1001A000CF020008CF02000800000000000000009D
:1001B000CF0200080000000000000000CF0200088D
:1001C000CF020008CF020008CF020008CF020008CB
:1001D000CF020008CF02000800F002F800F052F849
:1001E00014A696E8000CB244B344DA4501D100F0FD
:1001F00049F8BAE80F000FA696E83000A5EB040511
:1002000004EB0607AAEB0704A7F101074FEA15154F
:100210004FEA3414A4F10104AC4201D300F032F8E7
:1002200013F0010F18BFFB1A43F0010300F001F8AF
:10023000DBE718472C1800004C180000103A24BFC8
:1002400078C878C1FAD8520724BF30C830C144BF3B
:1002500004680C6070470000704700000023002411
:1002600000250026103A28BF78C1FBD8520728BFC6
:1002700030C148BF0B6070471FB501F0E3FB1FBDE5
:1002800010B510BD00F060F81146FFF7F5FF01F062
:1002900065FB00F07EF803B4FFF7F2FF03BC00F04B
:1002A00085F8000080F3088862B6084780F3088864
:1002B00062B608470948804709480047FEE7FEE75D
:1002C000FEE7FEE7FEE7FEE7FEE7FEE7FEE7FEE706
:1002D00004480549054A064B704700004D190008BF
:1002E000D9010008E8020020E80A0020E806002002
:1002F000E80600204FF0000200B5134694469646EB
:10030000203922BFA0E80C50A0E80C50B1F1200128
:10031000BFF4F7AF090728BFA0E80C5048BF0CC0D6
:100320005DF804EB890028BF40F8042B08BF704734
:1003300048BF20F8022B11F0804F18BF00F8012BA6
:100340007047704770477047754600F02BF8AE460F
:1003500005006946534620F00700854618B020B5D1
:10036000FFF7B6FFBDE820404FF000064FF0000752
:100370004FF000084FF0000BAC46ACE8C009ACE809
:10038000C009ACE8C009ACE8C00921F007018D46FE
:10039000704710B50446AFF300802046BDE810401A
:1003A000FFF779BF004870478802002001491820F4
:1003B000ABBEFEE7260002007047000030B5A1B0DA
:1003C00004461E4D80216846FFF794FF94B3E07801
:1003D00080B31C491A48CDE9000103200290802017
:1003E00003901948049060780590012006902846F3
:1003F00000F00AFA20B1A869411C01D0401C069007
:1004000012480790082008902079A17840EA01203E
:1004100014907C21684601F0B5F81F9000F0BCF8FC
:1004200040B1684600F0CAFA20B1284600F0ECF965
:1004300021B030BDFFE70020FAE70000000001080E
:10044000434536344D4E4633494E5354000002085E
:100450000C48016841F080510160BFF34F8F0A489A
:10046000016841F480710160BFF34F8F074A00219A
:100470001160121D1160BFF34F8F016821F480716C
:1004800001607047403802400070004090280040F2
:1004900010B5040013D00B49206988420FD12046C3
:1004A00000F0B2F958B100F077F840B1204600F002
:1004B00085FA20B1BDE81040034800F0A5B900203E
:1004C00010BD000056414C4400000108134C00F0E0
:1004D000CBF900F037FB00F0FBFA1148016841F45A
:1004E00080410160BFF34F8F0E48016821F0030186
:1004F0000160016841F0010101600B4804600020C7
:1005000080F31488BFF36F8FBFF34F8FBFF36F8FEC
:10051000D4E90001FFF7C6FE30BFFDE70000FF1F72
:10052000443802400038014008ED00E02DE9F04772
:1005300000F07AF840B300F063F828B3154F0524B3
:1005400040F2F31640F27F3840F202293D1D3E6032
:10055000286820EA080040EAC40040EA0900286050
:10056000286840F48030286000F05EF80028286891
:1005700020F00200286009D0641C0D2CE7D900F09F
:1005800037F80120BDE8F0870020FBE700F030F8E5
:10059000FAE700000C3C024010B500F045F8F8B155
:1005A00000F02EF8E0B1114940F2F31008600C1D84
:1005B000206840F27F31884340F2222108432060C6
:1005C000206840F48030206000F02EF80028206879
:1005D00020F00200206005D000F00AF8012010BDD4
:1005E000002010BD00F004F8FAE700000C3C0240C7
:1005F0000248016841F0004101607047103C024030
:1006000006480168002905DA0449054A0C390A60E0
:10061000044A0A600068C017401C7047103C024042
:1006200023016745AB89EFCD09480A4900E0401E28
:100630000A68D20302D50028F9D104E018B108688D
:1006400010F4F97F01D000207047012070470000AE
:100650000024F4000C3C024030B50446154D00F077
:10066000D3F820B314492069884220D1A16A2868B0
:1006700081421CD1E36A6A68934218D1A0F100510B
:10068000B1F5A02F13D8400711D1216A22F0010043
:100690004B19D2070BD0A84209D3984207D228465B
:1006A00000F070FF616A884201D1012030BD002056
:1006B00030BD00000000020856414C442DE9F05FB7
:1006C00004464FF0000800F0CFFC00280CD000F0EA
:1006D00095FBA8B3204600F07FFD88B300F046FCF0
:1006E00020B100F077FC0120BDE8F09F2046FFF725
:1006F00065FE28B3FFF71AFF10B3DFF874904FF4CC
:10070000007A41F2010BD9F8205005F2FF10470A98
:10071000002411E0174904EB0B0000F091FE78B1C2
:100720005646B54200D82E4660023246114900F0C6
:10073000E1F828B1AD1B641CBC42EBD32DB113E032
:10074000FFE700F047FC0020CEE74C460A48D9F806
:10075000201000F017FF616A884205D10448FFF7B6
:1007600097FE08B14FF0010800F034FC4046BBE7AB
:10077000080200200800002000000208044600F0E3
:10078000E1F900F0A5F90A4908480860002080F363
:100790001488BFF36F8FBFF34F8FBFF36F8FD4E910
:1007A0000A01FFF77FFD30BFFDE7000000000208EF
:1007B00008ED00E03CB503248DF80040B02403466A
:1007C0008DF8014032248DF802408DF80430CE249B
:1007D0008DF805108DF80620FF208DF803400022CB
:1007E0006C460723A15C48400021050602D583EA38
:1007F000400000E04000491CC0B20829F5D3521C5B
:10080000072AEFD33CBD000010B5040024D0D4E982
:100810000010124B124A5940504001431CD1A068AD
:10082000032819D1E068802816D16069A0B1A069B9
:1008300090B10C49E06988420ED1206A08280BD398
:10084000B0F5901F08D87C21204600F09BFEE16F98
:10085000814201D1012010BD002010BD4345363436
:100860004D4E463300000208194808B5016841F0B2
:1008700007010160BFF34F8F174816498161174A7E
:100880004FEAB1111160164A4FF4404111600168FE
:10089000144A1140144A114301601049183908687C
:1008A000124A10400B4A0C32104308600C491839A8
:1008B000086820F0704040F0A040086000200090E0
:1008C0000B4800BF0099491C00918142F9D308BD33
:1008D00030380240040000010000024018040240C9
:1008E00018080240CFFFFCFF10000100CFFFFFFC03
:1008F000007102002DE9F04716465FEA010824D096
:100900001EB3B0F5901F20D8C0F59011B1421CD392
:10091000284900EB0109800717D1FFF785FEA0B138
:10092000FFF76EFE88B1244940F2F310086001F130
:10093000040ADAF8000040F27F32904340F20122CC
:100940001043CAF80000002528E00020BDE8F08729
:1009500000204FF0FF34FF230AE0C10003FA01F743
:1009600018F80220BC438A401443401C042802D2D9
:100970002A18B242F1D309EB05073C60FFF754FE99
:1009800010B13868A04208D0DAF8001021F0010157
:10099000CAF80010FFF72CFED7E72D1DB542D7D3BC
:1009A000DAF8001021F00101CAF80010FFF720FE6C
:1009B0000120CBE7000002080C3C02402DE9F04189
:1009C00005461F4E2027FFF72FFE40B3FFF718FE06
:1009D00028B31C4940F2F310086001F10408D8F86C
:1009E000000040F27F32904340F201221043C8F8E9
:1009F0000000002455F8240046F82400FFF714FEF8
:100A000028B156F8240055F8241088420AD0D8F8A6
:100A1000001021F00101C8F80010FFF7E9FD0020E7
:100A2000BDE8F081641CBC42E4D3D8F8001021F08A
:100A30000101C8F80010FFF7DBFD0120F0E700001E
:100A4000000001080C3C0240F0B5040013D0002661
:100A5000267001256570A6701B48E6702671016836
:100A6000001D0068194A914201D1012805D0174A9A
:100A7000121F914206D00020F0BD03202070E570C7
:100A800025711EE0C3B2C0F307212370C0F30742F3
:100A90006170070EA2701846FFF78CFEB8420DD1A8
:100AA0002078012803D002280AD0032806D16078D4
:100AB000012805D0022803D0032801D02670DAE7E8
:100AC000E5700120F0BD00009028004007B032CE54
:100AD000194A10B517491368084643F0010313601B
:100AE00000E0401E13689B0701D40028F9D112488A
:100AF000083003684FF6F344A343036000E0491E47
:100B0000036813F00C0F01D00029F8D110680B49CD
:100B10000840106008490A48091D0860064900207D
:100B20000C31086004483030016821F480510160C4
:100B300010BD0000006A180000380240FFFFF6FEFA
:100B40001030002472B600204FF0E02108614861A7
:100B500088610A494FF0206008600020421E810031
:100B600001F1E021C1F88021C1F88022401C082851
:100B7000F5D3BFF34F8FBFF36F8F704704ED00E0E5
:100B80007FB582B0802300910B9D254A0021084645
:100B90005054491C9942FBD3214C23492148C4E9B4
:100BA00000010320A0608020E06020480126C4E905
:100BB00004060498A0611E48E061029820620A9829
:100BC0006062284600F0A4FCA062281D00F0A0FC92
:100BD0002665E062042204A904F1300000F090F8D8
:100BE000042205A904F1340000F08AF8042202A9C5
:100BF00004F1380000F084F80422694604F13C0056
:100C000000F07EF804220AA904F1400000F078F810
:100C10007C21204600F0B6FCE06706B070BD000005
:100C200008020020434536344D4E463356414C446D
:100C3000000002082DE9F84F1D46DDE90A690C9F06
:100C400092460C468046D7B306B1C5B300F0A2F871
:100C5000A8B32A494FF48020886148F040006946D3
:100C600000F0A4F850B3200E694600F09FF828B3B6
:100C70006946C4F3074000F099F8F8B16946C4F337
:100C8000072000F093F8C8B1E0B2694600F08EF892
:100C9000A0B16946504600F089F878B1FF208DF880
:100CA000000000246946FF2000F080F830B19DF874
:100CB0000000000607D5641C202CF3D314E0FFE7E6
:100CC0000020BDE8F88F9DF800003870002405E092
:100CD0002919FF2000F06AF830B1641CB442F7D340
:100CE000B9F1000F03D006E000F054F8E8E700F097
:100CF00051F80028E5D00120E3E7000000000240A1
:100D000010B5002302E0CC5CC4545B1C9342FAD3C0
:100D100010BD00000548016841F480510160BFF337
:100D20004F8F03490120886070470000303802402F
:100D3000003002400348006803490A6822F48052E8
:100D40000A60704700300240303802402DE9F0431D
:100D500000244FF0FF384FF0FF0CDFF8349012E022
:100D60004346002209E0D6000CFA06F7455DBB4376
:100D7000B5402B43521C042A02D2A5188D42F2D34F
:100D8000C9F80030241D8C42EAD3BDE8F08300008E
:100D900000300240044908B5042088616946FF20FC
:100DA00000F004F808BD00000000024038B5114B07
:100DB000114C1A4600E0521EA568AD0702D4002A65
:100DC000F9D113E092B1207300E05B1EA068C00768
:100DD0000AD05BB1207B01B10870A068400607D53E
:100DE000E068A068009001E0002BEED1002038BD43
:100DF000012038BD40420F00003001402DE9F04392
:100E000087B0FF208DF80C004D480427876100242F
:100E100006A9FF20FFF7CAFF00287CD0641C142C11
:100E2000F6D30024254603A80095CDE90150002300
:100E3000952219461846FFF7FDFE18B19DF80C00E3
:100E4000012806D0641C102CEDD39DF80C0001285D
:100E500065D103AE0097CDE9015604AB87224FF46C
:100E6000D5710820FFF7E6FE90B39DF80C0001282D
:100E700055D19DF81200012851D19DF81300AA28E0
:100E80004DD100244FF0804944F620680095CDE90B
:100E900001560023012219463720FFF7CBFEB8B1D7
:100EA0009DF80C0008B1012839D10095CDE9015613
:100EB0000023012249462920FFF7BCFE00282FD03D
:100EC0009DF80C0028B1012829D1641C4445DDD3CC
:100ED00025E00097CDE9015605AB012200213A201B
:100EE000FFF7A8FED8B19DF80C00C0B905989DF891
:100EF000171000BA08431349C0F38070087090B906
:100F00000095CDE901560122002351021020FFF780
:100F100091FE20B100E003E09DF80C0018B1002024
:100F200007B0BDE8F0830849086820F07800086041
:100F300020F0380040F0400008600120F0E7000099
:100F400000000240000000200030014041F48071A8
:100F500041F2210240004900CB0500D5401CC303EB
:100F600000D55040CB03F5D580B2704710B5174C73
:100F70002046FFF771FB30B3154861694269914221
:100F800021D1A169826991421DD1216A026A9142EF
:100F900019D1616A426A914215D1A16A826A91426D
:100FA00011D1E16AC06A81420DD1084A0849303244
:100FB00030310020135C0C5CA34204D1401C20287B
:100FC000F8D3012010BD002010BD00000000010872
:100FD0000802002070B5204D1E490420A8611F4A58
:100FE00000E0491E9068000601D50029F9D110687B
:100FF00020F0400010601A48016841F480510160FF
:10100000BFF34F8F016821F48051016014482030F4
:10101000016821F4805101601249800608600524AE
:1010200003222146284600F078FA0022214628466D
:1010300000F07DFA641C072CF2D903220221284615
:1010400000F06BFA2846BDE870400022022100F053
:101050006EBA000040420F00000002400030014024
:1010600024380240180402402DE9F0475349524FFA
:1010700008683C4640F0010008604FF0000900E0BD
:10108000641E0868800702D4002CF9D18FE0002C80
:101090000FD04A48083002684FF6F3439A43026083
:1010A0003E4600E0761E026812F00C0F02D0002EC1
:1010B000F8D17CE0002E7AD00868414A10400860E0
:1010C0003E483030016841F003010160BFF34F8FAB
:1010D0003D4D3C48A8613D4A4FF4822111600122F8
:1010E0000221284600F019FA01220821284600F0C2
:1010F00014FA364C0122183C0221204600F00DFA69
:1011000001220C21204600F008FA01220221284683
:1011100000F00DFA002000BF401CB842FBD30524AC
:101120004FF00F080326E20805EB82030520610754
:101130001A6AC90E08FA01F7BA43884010431862C8
:1011400002222146284600F0E8F9A968620006FA62
:1011500002F081430843A860062C2AD000222146D1
:10116000284600F0E4F9641C072CDCD9134844300D
:10117000016841F48051016010482430016841F455
:1011800080510160BFF34F8F016821F480510160ED
:101190000F49C1F81C90C1F804904FF45F720A60C7
:1011A0000C49012081F80090BDE8F087FFE700209E
:1011B000FAE70122D3E70000006A18000038024075
:1011C000FFFFF6FE04000001000002401804024088
:1011D000003001400000002010B5040022D0E0786B
:1011E00000B3207803281DD112494FF4805000F03D
:1011F00027F9B8B10F49802201F50070FFF780FD93
:101200000D48FFF701FB78B10B480C4A0169914288
:101210000AD140696178884206D12046BDE8104075
:1012200000F0A2B8002010BD2046BDE8104000F03C
:1012300007B80000080000200802002056414C4476
:101240002DE9F047002488B0002873D040780128A9
:1012500070D1404D284600F05BF93F49884269D182
:10126000281D00F055F93D49884263D105F1100071
:1012700000F04EF906463A49083888425AD205F13C
:10128000080000F045F90121039000B9039105F130
:101290000C0000F03DF904960290A88AADF81C00FD
:1012A00006F2FF104FEA5029FFF734FD00254FF4F6
:1012B000007A2DE041F201002649284400F0C0F8F0
:1012C00028B15746BE4200D837461DB10DE0FFF7A2
:1012D00031FD2FE01F49049800F034F90028F6D0C2
:1012E00008221C4905A8FFF70BFD2046DFF86480A3
:1012F000002404E018F80410FFF728FE641C3946A7
:10130000BC42F7D304461348FFF720FDF61B6D1CC3
:101310004D45CFD3FFF70EFD054620460021FFF7D0
:1013200015FE0021FFF712FE01461EB9BDF81C0094
:10133000814203D0002008B0BDE8F08705A8CDE9C0
:101340000050DDE90320029BFFF71AFC0548FFF778
:101350005BFAF0E70800002044414F4C544F4F42E5
:10136000F9FF1100080200202DE9F05F04005FD0B2
:10137000E07800285CD02078032859D12D498022BC
:1013800001F50070FFF7BCFC2B48FFF73DFA18B3DE
:1013900029482A4A016991424AD1627841699142B9
:1013A00046D1056A824605F2FF104FEA5029FFF741
:1013B000B1FC00244FF4007B2EE041F201001D49F6
:1013C000204400F03DF828B15F46BD4200D82F46CA
:1013D0001CB11BE0FFF7AEFC2AE01648164E804613
:1013E00000F096F8B16A88420DD108F1040000F0CF
:1013F0008FF8F16A884206D14146306A00F0A2F8BF
:1014000008B1012000E000200028E3D03946094857
:10141000FFF79CFCED1B641C4C45CED3FFF78AFC08
:1014200035B9DAF82410814202D10120BDE8F09FDD
:101430000020FBE7080000200802002056414C4431
:1014400070B50D46064600242946304600F00AF8DD
:1014500008B1012070BDFFF79DFC641C032CF3D381
:10146000002070BD70B586B00D00274C4FF0FF0214
:1014700001468DF80C2045D0244A12781AB9B0F5EF
:10148000000F3FD2490204AB012200208DE80D007D
:1014900003461120FFF7CEFB10B19DF8100048B1B4
:1014A000FFF778FC2EE003A9FF20FFF77FFC002860
:1014B000F6D0641E9DF80C00FF2820D0002CEFD041
:1014C000C0B2FE28ECD100244FF400762919FF2089
:1014D000FFF76CFC0028E3D0641CB442F6D303A9E8
:1014E000FF20FFF763FC68B103A9FF20FFF75EFC54
:1014F00040B1FFF74FFC28B1012006B070BD002CB1
:10150000D1D1CDE70020F8E700127A0000000020DA
:10151000C178006861F31F60704710B50368490027
:1015200003248C40A3438A401A43026010BD10B5C7
:10153000C368490003248C40A3438A401A43C26015
:1015400010BD000030B5C9B1082817D3B0F5901F01
:1015500014D80B4D4B684419086823F00102A0F120
:101560000051B1F5A02F09D8400707D1D80705D001
:10157000AA4203D3A24201D2012030BD002030BDD7
:1015800000000208F0B5194D00222B6843F4805387
:101590002B60BFF34F8F164E0123B36006E0831814
:1015A000DC781B6864F31F633360121D8B1A042BF5
:1015B000F5D28A4213D000234FF0FF34FF270BE00F
:1015C00007FA03FC24EA0C0410F802C00CFA03FC2E
:1015D000521C4CEA040408338A42F1D33460306868
:1015E000296821F480512960F0BD000030380240A4
:1015F0000030024010280CD011280DD012280ED037
:1016000013280FD014280DD015280BD016280CD075
:101610000DE002290DD00AE004290AD007E00329D1
:1016200007D004E0402904D001E0012901D00020C6
:1016300070470120704718B1016AB1F5901F01D9B8
:1016400000207047FFF708B8044672B600204FF03C
:10165000E02108614861886114494FF0206008600A
:101660000021481E8A0002F1E022C2F88001C2F87F
:101670008002491C0829F5D3BFF34F8FBFF36F8F4A
:1016800000F04EF809490A48091D0860002080F35F
:101690001488BFF36F8FBFF34F8FBFF36F8FD4E901
:1016A0000A01FEF703FE30BFFDE7000004ED00E095
:1016B000000214082DE9F041040011D0FFF7C4F92D
:1016C00010B10120BDE8F08100252570012666706B
:1016D000A5701148E570257100681049884201D055
:1016E0000020EFE70C48001D0068C3B2C0F30721DB
:1016F0002370C0F307426170070EA2701846FFF70F
:1017000059F8B84206D161782078FFF773FF08B125
:10171000E670D6E72570E3E79028004003B032CEAC
:10172000194A10B517491368084643F001031360BE
:1017300000E0401E13689B0701D40028F9D112482D
:10174000083003684FF6F344A343036000E0491EEA
:10175000036813F00C0F01D00029F8D110680B4971
:101760000840106008490A48091D08600649002021
:101770000C31086004483030016821F48051016068
:1017800010BD0000006A180000380240FFFFF6FE9E
:10179000103000242DE9F041374E0446354610291B
:1017A00015D0112915D0122915D0132915D01429B7
:1017B00015D0152915D00020F4B3E8B3D4E90021E1
:1017C0002E4F2F4B7A4059400A4352D10BE0012053
:1017D000F2E70220F0E70420EEE70820ECE7102013
:1017E000EAE72020E8E7A168042942D1E1688029DE
:1017F0003FD1244A216991423BD16169402938D1C6
:10180000A169C9B1E169B14233D1216A082930D354
:101810001D4A91422DD8216D01422AD07C212046BB
:10182000FFF7B0FEE16F814223D1A16A28688142AF
:101830001FD1E16A6A6800E01BE0914219D1A0F172
:101840000051B1F5A02F14D8400712D1216A22F01F
:1018500001008B19D2070CD0B0420AD3984208D2AB
:101860003046FFF78FFE616A884202D10120BDE851
:10187000F0810020FBE700000002140843453634E5
:101880005352563456414C4400FE03001CB50446E6
:101890008DF8001040208DF8010000228DF8022004
:1018A00001208DF803008DF804202046FFF772FF19
:1018B00030B1684600F006F810B12046FFF7C4FECC
:1018C00000201CBD70B5040036D0E07898B3617874
:1018D0002078FFF78FFE70B3A27821787E20FEF784
:1018E00069FF2178A278090241EA024141EA0060D9
:1018F000124940F07E000A6842F080520A60BFF34D
:101900004F8F0F490A6842F480720A60BFF34F8F0D
:101910000D4B0C4A1A601C1D2060BFF34F8F0D68E1
:1019200025F480750D601968914205D121688142C6
:1019300002D1012070BDFFE70020FBE740380240E4
:101940000070004003B032CE902800400248016889
:1019500041F470010160704788ED00E01CB5374C20
:10196000374D6846FFF7A6FE002851D09DF80000CD
:1019700016280FD1FEF76CFD2046FFF75CFE10B174
:101980002046FEF7FBFE15212846FFF77FFF08B92A
:10199000FEF79CFD9DF80010102909D0112907D0F1
:1019A000122905D0132903D0142901D015290ED1ED
:1019B0002846FFF7EFFE30B16846FFF783FF10B10E
:1019C0002846FFF741FEFEF743FDFEF77FFD9DF839
:1019D0000000012802D16846FEF7F0FCFEF738FD52
:1019E0009DF80000032811D16846FEF767FE30B16C
:1019F0002046FFF720FE10B12046FEF7BFFE20462E
:101A0000FFF719FE10B12046FEF7B8FEFEF75EFDA7
:101A10002046FFF710FE40B114212846FFF736FF9D
:101A200050B92046FEF7AAFE06E015212846FFF72A
:101A30002DFF08B9FEF74AFD30BFFDE700000108A1
:101A400000001408F1EE100A4FF6FF71C0F2C03129
:101A500020EA010040F04070E1EE100A70470000FB
:101A6000801A000800000020080000003C02000866
:101A7000881A000808000020E00A00005C02000844
:081A800000000000000000005E
:020000040801F1
:10000000434536344D4E4633030000008000000067
:1000100056414C44010000009017896A0000020814
:10002000385902003A851BCC78B4002049030208F5
:10003000A960FB9CA1076CB21CB88DC907744CC7A2
:1000400015BCBB2959026354A2B8778DAEF65B2E5E
:1000500000000000000000000000000000000000A0
:100060000000000000000000000000000000000090
:10007000000000000000000000000000B23241203B
:020000040802F0
:1000000078B40020490302086FE3030883C803089B
:1000100065E30308FD0C0208DDFC03080000000096
:10002000000000000000000000000000A9E8030834
:10003000B13703080000000079E3030871EE0308FC
:1000400063030208630302086303020863030208F0
:10005000630302086303020863030208F938030814
:100060001139030869390308813903086303020859
:10007000813303088D330308293503082D35030820
:100080005D35030869350308C90A020863030208DD
:10009000630302086303020863030208BD3903080F
:1000A000F1F2030863030208630302086303020812
:1000B000A5F60308630302086303020899C803084E
:1000C0008DC8030863030208630302086303020880
:1000D00063030208EDFB03086303020863030208DD
:1000E000B53703087DE303086303020863030208CE
:1000F00063030208B1F6030863030208B13503087D
:10010000630302086303020863030208630302082F
:1001100029FA030863030208630302086303020861
:100120004536030849360308913603089536030817
:1001300063030208630302086303020863030208FF
:1001400063030208630302086303020863030208EF
:10015000CD360308D13603080137030875FC0308C0
:1001600063030208630302086303020863030208CF
:10017000630302086303020800000000000000009F
:1001800063030208630302086303020863030208AF
:10019000630302086303020800000000630302080F
:1001A000630302086303020800000000000000006F
:1001B000630302080000000000000000630302085F
:1001C000630302086303020863030208630302086F
:1001D000630302086303020800F002F800F08AF8E3
:1001E00014A696E8000CB244B344DA4501D100F0FD
:1001F00081F8BAE80F000FA696E83000A5EB0405D9
:1002000004EB0607AAEB0704A7F101074FEA15154F
:100210004FEA3414A4F10104AC4201D300F06AF8AF
:1002200013F0010F18BFFB1A43F0010300F001F8AF
:10023000DBE718479C5402001C5502000A444FF0AB
:10024000000C10F8013B13F0070408BF10F8014B35
:100250001D1108BF10F8015B641E05D010F8016B7A
:10026000641E01F8016BF9D113F0080F1EBF10F8DE
:10027000014BAD1C0C1B09D16D1E58BF01F801CB01
:10028000FAD505E014F8016B01F8016B6D1EF9D584
:100290009142D6D370470000103A24BF78C878C185
:1002A000FAD8520724BF30C830C144BF04680C607C
:1002B000704700007047000000230024002500263E
:1002C000103A28BF78C1FBD8520728BF30C148BFB9
:1002D0000B607047632900F06F83732900F074830B
:1002E000002070471FB523F084FB00F0CEF91FBD3E
:1002F00010B510BD00F0B2FB1146FFF7F3FF21F07F
:1003000001FF00F0D0FB03B4FFF7F2FF03BC00F0E5
:10031000D3FB00000B49D1F800C04A685CF8043BED
:100320001068184442F8040B8C4528BFA1F1DC0C7E
:100330008A4228BFA1F1DC02C1F800C04A6020F067
:1003400000407047ECFF04200948804709480047F7
:10035000FEE7FEE7FEE7FEE7FEE7FEE7FEE7FEE775
:10036000FEE7FEE704480549034A054B70470000D5
:10037000E1F20308D901020878AC002078B400202B
:1003800078AC002053EA020C00F069802DE9F04BB4
:100390004FF00006002B1FBFB3FA83F503FA05F4F4
:1003A00024FA05F65E4012BF1643B2FA82F502FA4D
:1003B00005F4C5F120051EBF22FA05FC44EA0C0431
:1003C000203556EA044C4FEA144418BF641C4FF021
:1003D00000084FF00009904271EB030C39D300295B
:1003E00019BFB1FA81F701FA07F6B0FA80F700FAFF
:1003F00007F6C7F120071EBF20FA07FC46EA0C06E5
:100400002037B6FBF4FCA7EB0507103F07F01F0BE6
:10041000CBF120062CFA06F60CFA0BFB44BFB346D0
:100420000026202FA4BF5E464FF0000B5BEA060CAF
:1004300008BF4FF0010B19EB0B0948EB0608ABFBAB
:10044000027C06FB02CC0BFB03CCC01B71EB0C0146
:10045000C1E70B46024641464846BDE8F08B13B55E
:10046000084318BF4FF0FF300146AFF30080BDE8EE
:100470001C407047B2F120030AD5C2F1200301FAF3
:1004800002F120FA03F341EA030100FA02F0704797
:1004900000FA03F14FF000007047B2F120030AD5D3
:1004A000C2F1200320FA02F001FA03F340EA03004C
:1004B00021FA02F1704721FA03F04FF00001704772
:1004C0000FB41CB50C0007AA009007D04142A1420E
:1004D00002D32044401E01E04FF0FF30074B7B4425
:1004E00069460190069800F042FA0020002C01D0E5
:1004F000009908701CBC5DF814FB0000B3040000F8
:1005000070B50C460546012A05D02878800600D52E
:10051000EA69002302E0012305E05B1C934202D25A
:10052000E05C0028F9D1A869E618C01AA861286A19
:10053000184428622846AFF3008004E0D5E9012181
:1005400014F8010B9047B442F8D32846AFF300806B
:1005500070BD2DE9F0474FF0000A89460446C0F807
:1005600020A02046E1688847002876D0252806D0BC
:10057000D4E901219047206A401C2062F1E7E1683C
:10058000204600258847C4F81CA006460027C4F86A
:1005900018A02A2E09D0304621F0F2FA38B304EB25
:1005A0008708303EC8F8186019E059F8041B204647
:1005B00004EB87029161E1688847012F064618D154
:1005C000E069002820DA25F020051DE0D8F81800A1
:1005D00000EB800006EB40003038C8F818002046D9
:1005E000E1688847064621F0CBFA0028EED1012FBA
:1005F0000AD02E2E08D12046E16888477F1C064687
:10060000022F45F02005C4DBA069002803DA404230
:1006100045F00105A061E80701D025F01005B6B14D
:10062000A6F14100192802D8203645F400654A4653
:100630003146204625604D46FFF74CFE58B1012853
:1006400006D0ED1D25F0070000F1080989E704E058
:1006500005F1040985E730468AE7206ABDE8F0879E
:100660000B4910B5A1F17C020A4CC2E937123721BF
:1006700006E000EB104342F82130074B00FB03403B
:100680000B1EA1F10101F4DC10BD0120E8E7000020
:100690008CFF0420E119D666CD0D010040EA01036C
:1006A00010B59B070FD1042A0DD310C808C9121F1B
:1006B0009C42F8D020BA19BA884201D9012010BD55
:1006C0004FF0FF3010BD1AB1D30703D0521C07E022
:1006D000002010BD10F8013B11F8014B1B1B07D186
:1006E00010F8013B11F8014B1B1B01D1921EF1D1F7
:1006F000184610BD10B5431C02E010F8011B71B183
:100700008107FAD14FF0013202C88C1A8C4314EAE7
:10071000C211F9D0C01A0A0603D0C01E10BDC01AFB
:1007200010BD0A0401D0801E10BD0902FCD0401E7D
:1007300010BD032A40F2308010F0030C00F0158049
:1007400011F8013BBCF1020F624498BF11F801CBD4
:1007500000F8013B38BF11F8013BA2F1040298BF39
:1007600000F801CB38BF00F8013B11F0030300F0A3
:100770006780083AC0F0088051F8043B083A51F805
:1007800004CBA0E80810F5E7121D5CBF51F8043B4C
:1007900040F8043BAFF30080D20724BF11F8013BBF
:1007A00011F801CB48BF11F8012B24BF00F8013B21
:1007B00000F801CB48BF00F8012B7047431A28BF4F
:1007C0009A427FF6B6AF10441144032A40F22680C5
:1007D00010F0030F1EBF11F8013D521E00F8013D3D
:1007E00010F0030F7FF4F6AF11F0030300F0038164
:1007F000083AC0F00B8051F8043D083A51F804CD96
:1008000040F8043D40F804CDFFF7F3BF121D5CBF74
:1008100051F8043D40F8043DAFF30080D20724BFF7
:1008200011F8013D11F801CD48BF11F8012C24BF8A
:1008300000F8013D00F801CD48BF00F8012C7047D9
:1008400010B5203AC0F00B80B1E81850A0E818505D
:10085000B1E81850A0E81850203ABFF4F5AF5FEAAD
:10086000027C24BFB1E81850A0E8185044BF18C952
:1008700018C0BDE810405FEA827C24BF51F8043BF9
:1008800040F8043B08BF7047D20728BF31F8023B4D
:1008900048BF11F8012B28BF20F8023B48BF00F8E1
:1008A000012B704702F0FF0343EA032242EA0242AF
:1008B00000F002B84FF000020429C0F0128010F0DE
:1008C000030C00F01B80CCF1040CBCF1020F18BF2C
:1008D00000F8012BA8BF20F8022BA1EB0C0100F0BF
:1008E0000DB85FEAC17C24BF00F8012B00F8012B92
:1008F00048BF00F8012B70474FF0000200B51346C7
:1009000094469646203922BFA0E80C50A0E80C502F
:10091000B1F12001BFF4F7AF090728BFA0E80C50E0
:1009200048BF0CC05DF804EB890028BF40F8042BD9
:1009300008BF704748BF20F8022B11F0804F18BF46
:1009400000F8012B704770477047704710B500F0F2
:100950007DF8006810BD10B5044600F077F804601B
:1009600010BD000001694A1C02610878704700B59B
:100970008FB0CDE901310021059105497944CDE9D8
:10098000031011466846FFF7E4FD0FB000BD0000FC
:10099000E5FFFFFFD1E900239A4202D2531C0B600E
:1009A0001070704710B5436913B1AFF3008001E0D8
:1009B000FFF7A6FD012010BD127800F124010A7096
:1009C00000224A700122EDE711684FF0FF32E9E79B
:1009D000431A28BF9A427FF633AF1044114410F0F7
:1009E000030F1EBF11F8013D521E00F8013D10F02B
:1009F000030F7FF4F6AF103AC0F00A8010B531E96A
:100A0000185020E91850103ABFF4F9AFBDE8104073
:100A1000530724BF31E9081020E9081044BF51F8FA
:100A2000043D40F8043D12F0030F08BF7047D207A1
:100A300028BF31F8023D48BF11F8012C28BF20F82B
:100A4000023D48BF00F8012C704700000048704785
:100A500014AC00200048704714AC00207546FFF726
:100A6000F9FFAE4605006946534620F0070085466B
:100A700018B020B5FFF776FCBDE820404FF0000627
:100A80004FF000074FF000084FF0000BAC46ACE809
:100A9000C009ACE8C009ACE8C009ACE8C00921F065
:100AA00007018D46704710B50446AFF3008020461D
:100AB000BDE81040FFF727BC01491820ABBEFEE798
:100AC0002600020070470000104910B50A68002097
:100AD00010600868826822F0010282600868C06BBA
:100AE00046F2207180B2A0FB010147F6FF72801828
:100AF00041F100014FF6FF720023FFF743FC01466E
:100B0000BDE81040024811F0E3B8000030A5002015
:100B1000A8F40420464910B54A6822F440324A60DD
:100B20004A6843681A434A6001684A6822F480723E
:100B30004A6001684A68036942EA03224A60016820
:100B40004A6822F040724A6001684A6883681A4322
:100B50004A6001688A6822F400628A6001688A68D3
:100B6000C3681A438A60816A6FF07062D14201687B
:100B70008A6822F070628A6001688A680CD0836A91
:100B80001A438A6001688A6822F040528A600168CC
:100B90008A68C36A1A4301E022F040528A60016801
:100BA0008A6822F002028A6001688A68037E42EA4B
:100BB00043028A6090F82010002901684A680FD02B
:100BC00042F400624A6001684A6822F460424A6066
:100BD00001684A68174C436A04EB43331A4301E047
:100BE00022F400624A600168CA6A22F47002CA6292
:100BF0000168CA6A838B104C04EB03531A43CA6220
:100C000001688A6822F400728A6001688A6890F834
:100C1000303042EA43228A6001688A6822F48062A6
:100C20008A6001688A68406942EA8020886010BD55
:100C30000023014000E0FFFF0000F0FF18B5002393
:100C4000009303098DF8003000F00F008DF80100CB
:100C500000206C46235C0A2B01D2303300E037338E
:100C60000B54401C0228F5DB02201080002018BD28
:100C70001E4C08B5656815F065F913F097FD4FF047
:100C8000E02100200861486188611948016841F04D
:100C90002061016072B60020421E810001F1E02156
:100CA000C1F88021C1F88022401C0828F5D31148E2
:100CB000016841F480410160006800F480400090C8
:100CC0000D48016821F003010160016841F0010154
:100CD00001600748001D0460BFF34F8FBFF36F8FA3
:100CE000206880F3088862B6A847FEE70000FF1F6F
:100CF00004ED00E044380240003801400C2006F0CA
:100D000021FE11F0A9FB000030B5002832D0016AA5
:100D100000292FD01849B1F85E20002A2AD091F876
:100D20007D10002926D100F12801C06A4A684408D4
:100D30008868204488608868904206D388688B68F9
:100D4000B0FBF2F000FB123088608A6AC86A1219A0
:100D500040F100008A62C862002001EB8002183274
:100D600052E8003F234442E80035002DF8D1401CF2
:100D70000328F2DB30BD0000B00200202DE9F04F67
:100D800085B015461C460A460646DDE91010DDE929
:100D90000E733762C6E90341C6E901250246B377FF
:100DA00006F1280020F0B4FF694908680A89520852
:100DB0005043684A904200D210468146086888B184
:100DC00087B1B9FBF7F107FB119058B96248006A87
:100DD00040B1006830B16148B0F8980201285BD09A
:100DE000022859D000208046002D7DD0DFF870A168
:100DF00028684FEA074BE0B3E7B313F041F8B8F1C6
:100E0000000F06D0574A2968914201D0514500D1C0
:100E10004846B0FBFBF1491C07FB01F2B0FBF2F0C6
:100E2000491E69600021401EC5E90210284629615B
:100E300016F06CFA4B492868884201D050452FD1F2
:100E4000494A904212D0B0F1804F0FD0474A9042A9
:100E50000CD088420AD04649884207D0504505D078
:100E60004449884202D04449884219D11421684635
:100E700001E015E012E0FFF73FFD5FEA080000D057
:100E800007200090002001906946284616F021FFB7
:100E900030B112F0C5FD03E00120A4E70020B060EE
:100EA00014B3206800B3E7B312F0EAFFB8F1000F03
:100EB00006D02C4A2168914201D0514500D14846C4
:100EC000B0FBFBF1491C4F43B0FBF7F0491E002576
:100ED000401E6160C4E902502046256116F016FAF2
:100EE00020492068884200E02EE001D050452BD1F7
:100EF0001D4A904212D0B0F1804F0FD01B4A904251
:100F00000CD088420AD01A49884207D0504505D0F3
:100F10001849884202D01849884215D114216846E0
:100F200000E00FE0FFF7E8FC5FEA080000D00720D0
:100F3000CDE900056946204616F0CBFE20B112F03F
:100F40006FFD01E00020F06005B00020BDE8F08FEB
:100F5000A8EC042000E2040058E104202836002018
:100F6000000401400008004000000140000400406F
:100F7000000C0040004001400018004038B14068BB
:100F800028B1016819B18868C00703D018E04FF094
:100F9000FF307047886840F0010088600D480E4AB5
:100FA0000068B0FBF2F0102801D2102006E04FF4E8
:100FB0000062904202D9104600E000BF401EFCD201
:100FC000086820F004000860886840F480008860A9
:100FD00000207047C8740420400D030030B54FF066
:100FE000FF35A0B14168096889B100224CF2503444
:100FF0000FE08B68DB070AD01346521CA34208D9C6
:10100000086820F0080008606FF0010030BD284635
:1010100030BD0B685B07ECD5CA6B82820A6CC2825A
:101020004A6C02838A6C4283086820F00C000860D6
:10103000002030BD00BF704770B50446006A00282C
:1010400071D02046FFF7F6FF61684FF488500968B9
:101050004860E068016801B9A068006A0568434813
:10106000296821F018012960296821F0010129600F
:1010700000E000BF2968C90701D0401EF9D22868E6
:10108000C00702D06FF0010070BDEFF3108672B69A
:101090003748A8602069E860E06A4008686000217D
:1010A00004F1280020F044FF3248854207D131493D
:1010B0004FF474602039086039201EF01CFF06B917
:1010C00062B6A068006878B300214162A068006839
:1010D000026922F001020261E068006840B14162E9
:1010E000E0680068016921F001010161E06800E049
:1010F000A0680068C16841F48071C16060680068E0
:10110000816840F2011211438160286840F01900A3
:101110002860A168184A0868904206D1016A41F423
:10112000805101620EE01EE016E0144A904210D198
:10113000016A41F001010162A0680068416C41F45C
:1011400000414164A0680068016841F0010101604C
:1011500002E0084616F052FAE068006818B101682B
:1011600041F001010160002070BD0000400D03004E
:101170004C2001402864024000080040000001406B
:1011800070B504004FF000051CD06068D0B1006855
:10119000C0B1A06800F054F8E06820B1A1688842AE
:1011A00001D000F04DF8606800688168214A114064
:1011B00081606168A1B1E06838B102682AB1006A53
:1011C00058B902E04FF0FF3070BDA06818B1026856
:1011D0000AB1006A08B9886B08B1016800E0002113
:1011E00001B315480A6822F018020A600A6822F062
:1011F00001020A6000E000BF0A68D20701D0401E69
:10120000F9D20868C00702D06FF001050AE00B4868
:10121000814207D109494FF47460203908603920B0
:101220001EF069FE60680068016821F01E0101601F
:10123000284670BDFEFEBFBF400D0300286402407B
:1012400000281CD00168002919D0CA6822F48072D5
:10125000CA6001680A6822F001020A60084A01684F
:10126000914203D10A6A22F4805205E0054A914274
:1012700003D10A6A22F001020A6216F03BBA7047F3
:101280000008004000000140002903D00844401E2F
:10129000491E884370472DE9FF4F81B01F46154610
:1012A000040010D000F0CEF904F586710091029888
:1012B00000F03EFC060009D0204601F01BF9304644
:1012C00005B0BDE8F08F4FF0FF30F9E7D4F80C011E
:1012D000416B006B00F0C3FD00287ED0D4F80C01F8
:1012E000C16B806B00F0BBFD002876D0D4F80C01F8
:1012F000416C006C00F0B3FD00286ED0D4F80C01F6
:1013000000F0BFF9002869D0002D67D0874265D36F
:1013100005EB07080027C4F80471D4F80C112E4619
:10132000B946886D60B34D6D2021FFF7ADFF0746CC
:10133000B54253D305EB070AC2454FD8D4F80C1178
:10134000C86DFF2804D98A6DC96983188B4205D9F5
:10135000204601F0CFF86FF00300B1E7D4F8141184
:1013600001EB000B11462846FFF7A4FAD4F80C0154
:101370005946826D2846FFF7DCF9A81B07445546FD
:10138000D4F80C01406B90B12021FFF77DFF284479
:1013900040455CD8C4F8D850D4F80C110546871BDA
:1013A0004A6BC4F8DC20096BC4F8E01005E0C4F80F
:1013B000D890C4F8DC90C4F8E090D4F80C01C06B6D
:1013C000A8B12021FFF760FF284440453FD8C4F86A
:1013D000F850D4F80C11CA6B01E03EE037E0C4F8D5
:1013E000FC20896B0546871BC4F8001105E0C4F892
:1013F000F890C4F8FC90C4F80091D4F80C01406C4B
:1014000090B12021FFF740FF284440451FD8C4F881
:10141000EC50D4F80C110546871B4A6CC4F8F02038
:10142000096CC4F8F41005E0C4F8EC90C4F8F0902E
:10143000C4F8F490D4F8D80078B1D4F8EC0060B1D6
:10144000D4F80C11A8EB0508CA6A90450BD22046C7
:1014500001F050F86FF0040032E7204601F04AF83E
:101460006FF007002CE720211046FFF70DFF07441F
:1014700004F59470814600F045FA482104F5AE70F9
:10148000FFF73AFAD4F80C01466916F4706F03D1ED
:10149000029900F078FB06434FF00110C4E95706AB
:1014A000C4E95958D4F8D800C4F86C01D4F8DC0069
:1014B000C4F87001D4F8F800C4F87401D4F8FC0042
:1014C000C4F87801D4F8EC00C4F87C01D4F8F0003A
:1014D000C4F80471C4F880014946009800F06EFA1F
:1014E000050004D0204600F0ADF82846E8E60120CB
:1014F00060800020E4E60000054800680549884255
:1015000002D00549884201D1012070470020704770
:1015100014770420494145434B4F4D532DE9F05F6B
:10152000414A0024661E1368FFF7E6FF002879D0C1
:101530003E48834201D1012700E000274FF0000B15
:1015400091461046C2F820B0C2F818B0C2F81CB0DC
:1015500052688568DFF8D880022A02D36FF0010054
:1015600051E06FF0040A102D10D807B175B10121B8
:10157000104600F0DFFEC0BBD8F8D80040B1D8F864
:10158000EC1029B1D8F8DC10A94204D250463AE058
:101590004FF0FF3037E0FFF78DF9D8E93B01FFF757
:1015A00089F9D8F8F80018B1D8F8FC10FFF782F9DB
:1015B00057B11D48D8F8D810243003E010F8012B9B
:1015C00001F8012B6D1EF9D2194801F09DF80600B3
:1015D00000D40020D8F8F040102C00D91024124973
:1015E00023463431D8F8EC2004E00CE012F8015B1B
:1015F00001F8015B5B1EF9D2042C04D3D8F8EC107F
:101600000968C9F81C10C9F80C00C9F81060D8F8AE
:101610000801C9F81400C9F818400648C9F82000A4
:10162000C9F800B0BDE8F09F147704204941454354
:10163000C0F7042043454149014908607047000054
:101640001077042010B504000ED06088012806D160
:10165000D4F80C0118B104F5867000F02EF920467C
:10166000BDE8104000F046BF10BD012805D002289B
:1016700002D0032803D000207047042070470120C7
:10168000704770B5040019D02021606BFFF7FCFD96
:1016900005462021E06BFFF7F7FD05442021606C33
:1016A000FFF7F2FD05442021A06DFFF7EDFD054495
:1016B0002021E06AFFF7E8FD284470BD002070BDDE
:1016C00010B500F0E7FCE0B90F490868401C13D1E1
:1016D000087D88B90024204600F066F938B1D0E9C9
:1016E00000100A4B0A4A59405040014307D0641C7D
:1016F000022CF0D3002020B14FF4803010BD012027
:10170000F9E7002010BD000070010020474D49415D
:101710003233454370B500B10120134C00252075CC
:1017200060B100F0B7FC70B1104801F01AF80F4832
:10173000FFF788FF25756FF0070012E00B4801F0F6
:1017400010F8256104E02068401C05D000F0BEFDC3
:10175000BDE8704000F032BF044801F002F86FF0BD
:1017600001002061F4E7000070010020C0F70420B0
:1017700030B5184DC1B00446022802D36FF0010005
:1017800005E01548B0F85E0018B16FF00700286159
:1017900005E06A46204600F030F9286120B1204675
:1017A00000F0D1FE41B030BD2868A04208D1094800
:1017B0004FF4807269461830FFF742F800F086FD5A
:1017C000204600F0C0FE2868A042EBD100F0F6FEF3
:1017D000E8E7000070010020B002002070B5054667
:1017E000144C4FF0FF3604F11800FF2D03D0022DEA
:1017F00008D3700018E04FF480712660FFF77CF882
:10180000002005E00146284600F0FEFA40B12660BF
:101810002061094800F0A5FF0748FFF713FF04E027
:10182000217D284600F086FD2061BDE8704000F073
:10183000C5BE000070010020C0F7042010B500F004
:1018400029FC00280ED0084800F08BFF0648FFF75F
:10185000F9FE06480168491C02D06FF007010161DA
:101860000021017510BD0000C0F7042070010020A8
:1018700001F0010252420A4203D0FF2901D98142FC
:1018800002D36FF0030070470020704730B5002A84
:101890000FD0084C11F8013B58400023C50702D077
:1018A00084EA500000E040085B1C082BF6D3521E6F
:1018B000F0D130BD2083B8ED704718B180690028A1
:1018C00002D000474FF0FF30704708B5694600F07E
:1018D0005BF810B16FF0010008BD009803C812F06A
:1018E00011F90028F8D06FF0050008BD012805D0D7
:1018F000022802D0032803D000207047042070473C
:101900000120704710B504000DD03421FEF7F4FF1C
:101910004FF001102060012060600348A060034880
:10192000E0600348206110BD794C0308F1470308CB
:10193000B918020818B1012804D0002070474FF4EC
:10194000805070474FF490507047002809D080684D
:1019500011B1096901B10846012803D0022804D059
:10196000002070474FF4807070474FF4006070475C
:1019700008B5694600F008F808B1002008BD0098D5
:1019800003C8081A401C08BD09B1022802D36FF031
:1019900001007047034A00EB400002EB8000086042
:1019A00000207047C841040808B56946FFF7ECFFFE
:1019B00008B1002008BD0098006808BD10B58EB0C1
:1019C000040004D02069002803D021B107E04FF0C3
:1019D000FF300EB010BD6846FFF794FF69460868F7
:1019E000B0F1011F02D14868012802D06FF0070052
:1019F000EFE7226908469047EBE72DE9F74FADF591
:101A0000427D0C46C0A9C298FFF7BEFF002811D145
:101A1000C2980CB1C19403E0FFF78CFFC19068B18C
:101A20000020002806D16946C19817F0D1F940B1CD
:101A30006FF002000DF5457DBDE8F08F6FF00100FD
:101A4000EFE74FF4807B5A46694680A8FEF7F8FE20
:101A500080A8C29900F0DEF80028EBD1C298FFF709
:101A600034FF0028E6D1C098879E4FF0FF39076801
:101A700006F2FF104FEA502800244FF4007A2BE0C2
:101A80004CB1C1986946204417F0A2F918B1C0982A
:101A900000F03CF8CCE75546AE4200D835461CB1C4
:101AA0002A466946484605E05D4506D9A5F5807297
:101AB000484640A9FFF7EAFE81462A46694638466D
:101AC00012F0D0F828B1C09800F020F86FF00500AF
:101AD000B0E7761B2F44641C4445D1D393996FEA39
:101AE0000900814205D0C09800F010F86FF00600A0
:101AF000A0E7C499C29800F087F9040004D0C09808
:101B000000F004F8204695E7002093E71CB500217B
:101B10000091019148B100680822694612F0A2F8CC
:101B2000002801D06FF005001CBD4FF0FF301CBD38
:101B300038B50C00054623D06946FFF725FF00287D
:101B40001DD10021284600F05FF9002817D1009828
:101B50000068C4E9000500990A68A2604A68E2606A
:101B6000026A0AB10B681A4422610A68436A1A447D
:101B70006261806A08B109680844A061002038BD2C
:101B80004FF0FF3038BD38B50A46040004D069462E
:101B90001046FFF7F9FE08B1002038BDA08A10F406
:101BA0007060FAD121460098FFF7CFFE38BD30B4FF
:101BB00050B149B143693BB10A68B2F1011F06D087
:101BC0006FF0070030BC70474FF0FF30FAE78A68CB
:101BD0006FF00404CAB10068CA68C56AAA4214D387
:101BE000426B22B10D6985B14D6995420DD3C26B2F
:101BF00022B18D694DB1CD69954206D3406C30B1AB
:101C00000A6A12B14A6A824201D22046DAE730BC3F
:101C1000084618472DE9F04FC1B00D46040016D014
:101C200040A92846FFF7B0FE002812D14098724E16
:101C3000724BD0E90021891A01F10108D4E9002191
:101C4000724059406FF003090A4371D104E04FF02C
:101C5000FF3041B0BDE8F08FA1686FF007060129A1
:101C600069D1E168B1F1011F65D1A16C012962D18F
:101C7000216911B18068814264D1207DC00757D0AD
:101C800029462046FFF77FFF054621464098FFF78B
:101C90005CFE4FF40067B84201D14FF4606005422A
:101CA00050D0681E05424DD14FF4007B4FF4807A2E
:101CB0005D4504D0B5F5806F01D0BD421ED1206BCB
:101CC000FFF714FE98B3616B89B3B1FBF0F200FB30
:101CD000121272BB5D4502D100EB400008E0B5F581
:101CE000806F04D0BD4209D100EBC00000E0C0000D
:101CF000B1FBF0F200FB1210D8B904E0554502D157
:101D0000606E40283DD2E06B0028A06B12D0FFF738
:101D1000EDFD60B1E16BB1FBF0F200FB121232B9E4
:101D2000C000B1FBF0F200FB121010B905E002E0B8
:101D300049E026E008B130468BE74099A069096880
:101D4000884202D06FF0010083E7E069FF2818D9CC
:101D5000404516D8A16D0546B1B1294B626D1344BB
:101D6000B3F5703F2FD2E56DFF2D2CD985422AD2D5
:101D700053189A4205D8234A934202D829448142F3
:101D800006D96FF0040064E7616DE1B9E16DD1B986
:101D9000616AFFF76DFD0028CED1606AA84212D2B9
:101DA000216A09B1A9420ED2A06A08B1A8420AD29A
:101DB00019B1E069FFF75CFD28B9A16A29B1E069B2
:101DC000FFF756FD08B1484643E7554652462146BF
:101DD0006846FEF735FD002014902A466946401EED
:101DE000FFF754FD216DC043814202D06FF0060021
:101DF0002FE700202DE70000474D4941323345438E
:101E0000804BFFDF80740420F8B50D460646694616
:101E1000FFF7BAFD002818D1009831460468204623
:101E2000FFF7F8FE002810D10098E26901684FF032
:101E3000FF3001F58071A2F58072FFF727FDE16C9C
:101E4000C043814202D06FF00600F8BD2DB14FF4BF
:101E5000807221462846FEF7F3FC0020F8BD00B54D
:101E600051B100280AD0FFF700FC30B1B1FBF0F20D
:101E700000FB121008B902E008B1002000BD0120EB
:101E800000BD000070B5040022D0FFF719FC024627
:101E9000B0F5703F00D900224FF470300D4D00595D
:101EA0000119E960C5E901120B481FF031FF0B4829
:101EB000844207D1D5E9010108440949884201D883
:101EC000012000E000206875BDE8704000F0FEB918
:101ED00070BD00007001002068F9042080B400206B
:101EE00080740420002903D00844401E491E884302
:101EF000704700002DE9F04104002DD01948417DC4
:101F000051B3D0E901504619A06D6FF0040750B1EC
:101F1000616D08442021FFF7E5FF616DA9421ED3E2
:101F2000B0421CD805462021606BFFF7DBFF05445B
:101F30002021E06BFFF7D6FF05442021606CFFF7FE
:101F4000D1FF05442021E06AFFF7CCFF2844B042CE
:101F500005D80020BDE8F0816FF00700FAE73846A9
:101F6000F8E700007001002070B504462021FEF75C
:101F7000A1FC2F48304D008820802E48C189618007
:101F8000018AA180418AE1800189218141896181A1
:101F90008189A1810188E1814188218280886082D4
:101FA000D5F800034FF6FF71A0FB010140F6E442B3
:101FB0005310C018002641F100013346FEF7E2F944
:101FC0001E4AA082E68292ED000A1D4910EE100A18
:101FD000DFED1C0A884201DDB0EE600A10EE100A47
:101FE0004FF047439FED181A984201D9B0EE410ACD
:101FF000BDEEC00A10EE100A208392ED010A10EE29
:10200000100A884201DDB0EE600A10EE100A984214
:1020100001D9B0EE410ABDEEC00A10EE100A60838D
:10202000D5F8F802A083D5F8F802000CE08370BD63
:102030004000002050EB0420A8F40420A07B0420E2
:1020400000FEFF4600FEFF46000000C77FB50E48B9
:1020500000240294406803904FF48C710B48FEF703
:102060004BFC0A48651E01230560009403AA02A9DF
:102070000748019400F0F2FA054800F072FB0448AA
:102080000565C0F808417FBDE041040870010020EB
:10209000C0F704200448406820B1D0F8C00008B15F
:1020A0000120704700207047A8F404200AB10844BA
:1020B00002E000207047801A9042FCD2704712B9AB
:1020C00000207047891A9142FCD2884201D3401AFD
:1020D0007047081A101A70472DE9F05F0C465FEA46
:1020E000000A93464FF0FF3824D01046FFF7BDFAA0
:1020F00000B3B4FBF0F100FB1141D9B9B4FBF0F629
:10210000D6B372B62848836828498F6842684D68FC
:1021100062B6806B70B1886B60B1402A0AD3402DE3
:1021200008D32348006828B12248D0F80C01446E37
:10213000402C02D34046BDE8F09F40211846FFF7EF
:10214000BEFF81462A4640213846FFF7B8FF202CC3
:1021500001D2154F00E0154F01D3A4F12004A04691
:1021600000D248467A684FEA8611A1F14001FFF794
:10217000A6FF0546002412E013E005EB48013846AF
:1021800000F08CF803B222465946504600F036F96A
:102190007A6840212846FFF789FF0546641CB4424F
:1021A000EBD30020C7E7000068EB0420A8EB042075
:1021B000A8EC0420C0F704202DE9FF4F89B00024CB
:1021C000169F099899460D46661E60B1B9F1000F39
:1021D00009D047B10B98FFF748FA20B1B5FBF0F1F1
:1021E00000FB115119B130460DB0BDE8F08FB5FBC1
:1021F000F0F616B3F019401EB0FBF7FB72B6264995
:1022000088684A68009262B6896B09B1202A15D2A3
:102210006846FFF7A9FE6D460DE0B4FBF7F007FB3B
:102220001041224619F801000B9935F91030099830
:1022300000F0E4F8641CB442EFD32BE02021FFF758
:102240003EFF4FEA4B112039009AFFF738FF8246D4
:1022500000201CE000250EE019F805000AEB400103
:102260000D4800F01BF803B222460B99099800F0C4
:10227000C5F8641C6D1CBD4201D2B442ECD32021D0
:102280005046009AFFF712FF824608F1010080468F
:102290005845DFD30020A7E728EC042010B520B173
:1022A000826B12B14368022B01D2002010BD43683B
:1022B000B1FBF3F003FB1010411CB1FBF3F403FB83
:1022C0001413105CD15C40EA012010BD70B51748B2
:1022D00000F047FA1548FFF7B5F9154D6FF0070400
:1022E0002868401C687D07D020B1A86810B1FFF7AE
:1022F000D1FE28B12C6170BD0028FBD00024F9E785
:102300000B481830FFF7F6FD28B9D5E90232074827
:102310002968FEF7C0FF28610028ECD1287D00283D
:10232000E9D0BDE87040014800F014BAC0F70420BD
:10233000700100202DE9F0470E4628498046894665
:10234000FFF762FD254D04004FF0FF37A5F118059A
:1023500002D02F602C612EE0C5F80080FFF79AFEB6
:102360000446687D10B1A86800B184B11C4800F033
:10237000F8F91B48FFF766F96FF007002861002E97
:1023800003D0002C01D000212975BDE8F087484614
:10239000FFF7B0FD286130B9D5E90232104829684D
:1023A000FEF779FF286104000DD04FF48071484694
:1023B0002F60FEF7A1FA0A4800F0D3F90848FFF7AA
:1023C00041F92046E1E7064826B100F0C3F90120B3
:1023D0002875F6E700F0C5F9F3E700008801002052
:1023E000C0F70420002806D0002904D00A46014680
:1023F00001480FF0C5BB7047A8F40420012906D09E
:1024000002290DD0032901D1190A8154704700EE29
:10241000103A00EB8200B8EEC00A80ED000A704767
:1024200020F8123070470000F8B5304D4FF0FF34FF
:102430006888012832D1D5F80C217AB3D5F8D810A4
:1024400061B3D5F8DC1049B3D5F810111046D83572
:10245000FFF799FB064675E83601FEF72BFA304682
:102460000826B0F5807F09D0B0F5007F0DD0B0F51B
:10247000806F15D0B0F5006F10D118E0D83595E811
:102480000700D83DFFF728FE06E00320D83500906E
:1024900095E80700164B11E0040013D02046F8BD64
:1024A000D835009695E80700114B103306E0092057
:1024B000D835009095E807000D4B1833D83DFFF74D
:1024C0007BFEE9E7D5F8F80068B1D5F8FC1051B10A
:1024D000FEF7F0F9F8350096054B95E8070008334C
:1024E000FFF76AFEF8BD0020F8BD0000C0F7042029
:1024F000E041040810B504461C2100F58670FEF783
:10250000FBF9342104F59470FEF7F6F9482104F53F
:10251000AE70FEF7F1F900219CB104F19802C4F805
:10252000D82003204023C4E93730C4E93D01C4F872
:10253000FC104C32C4F800110823C4F80411C4E99B
:102540003B23618010BD70B5CAB00646282140A863
:10255000FEF7D2F93046FFF727FA05463046FFF777
:1025600007FA044669463046FFF74EFC18B30021CF
:10257000AD228DF800219B228DF801218DF802619A
:102580008DF803114394CDE9410549B10798449072
:1025900005984590159846900B9847900D9848904F
:1025A000DA208DF824018DF82501262140A8FFF7B7
:1025B00019FF4AB070BD0121DAE7000010B588B0FC
:1025C00020216846FEF798F9224A0020517D01B18A
:1025D000012011684B1C01D040F00200137D0BB1AB
:1025E00040F004001C4B1C78A40701D540F0080003
:1025F0005B88012B01D140F01000AD238DF8003035
:1026000099238DF801308DF80200022901D2C8B259
:1026100000E0FF208DF803001069019050680290DF
:10262000906803900C4800F18001D0F8DC00049021
:10263000086F05900848D0F808010690DA208DF858
:102640001C008DF81D001E216846FFF7CBFE08B068
:1026500010BD000070010020C0F704202DE9F05FDC
:102660009B46DDE90A8516460F4604004FF0FF3A07
:1026700041D0EFB3E6B3FEF7E5FF4FF00009A4F851
:1026800000903888A0807888E08030882081708829
:10269000608184F854B0A4F8568048461DB1404586
:1026A00001DA295C00E000212218401C1174402846
:1026B000F4DB2046FFF71EFF402204F1980104F1ED
:1026C00058001FF025FB002049462218401C82F8C4
:1026D00098104028F9DB00202218401C82F8E410F2
:1026E0000828F9DBA18849B1E08838B1414300E00E
:1026F00001E0402902D95046BDE8F09F208840F013
:10270000010020800020F7E770B5040002D0207897
:10271000800702D44FF0FF3070BD0D4E75686088A1
:10272000012807D01BF01DFE7068401BC4F808018B
:10273000206D70BD04F5AE7104F58670FFF737FAB1
:102740007168491BC4F808110028F2DB206570BDD0
:10275000001000E0002803D0018841F00201018050
:102760007047002803D0018821F0020101807047E2
:102770007FB5284C00206076A076E0762077208711
:10278000254E306808B1002000E001204FF4807130
:10279000CDE90210214B4A00CDE90023204A21490E
:1027A000214808F0D3FF0125F8B10021052008F0E9
:1027B000EDFE402118480CF071FE01221146052063
:1027C00008F082FD306B10B318491948828BC0683D
:1027D00092B2CDE90202CDE9001516481649D0E9BA
:1027E00009231648FEF7CAFA7FBD0121052008F02B
:1027F000CDFE052008F0D0FC09F072FA1422104931
:10280000094809F0F1F80028DCD06576DAE7002104
:10281000DBE7000000000020A8EC042000040240D8
:1028200034AA002078A500206477042000710200FB
:102830008074042058E1042030A50020F83C0020DA
:102840003CEB042070B5164D287818B11548B0F847
:10285000980208B1002070BDA87918B91CF02CFAB4
:102860000028F8D01CF02BFA0028F4D000242C709B
:10287000AC710D48022180F8F012A0F812431CF050
:1028800035F908B111F0CCF80DF02AFF074808A17E
:102890000A6882638988818780F83E40012070BD84
:1028A0000000002028360020A8F4042000010020A9
:1028B00043453634535F000070B5144C207800282F
:1028C00003D0FFF7BFFF08B1002070BD10480025FE
:1028D000B0F89802012817D00E48012180F8F012B4
:1028E000A0F812531CF0DAF808B111F099F80DF0C5
:1028F000F7FE094809A10A6882638988818780F800
:102900003E502570012070BD2570DDE700000020DD
:1029100028360020A8F40420000100204345363466
:10292000585F000030B4E8B100F108010C092749F4
:102930004FF6FF750A88891C0B88991A8AB3AA4238
:1029400030D073B3AB422DD059B3A01A4FF44872B4
:102950005043C20FB2EBD17F13D0002906DAC1F188
:10296000000204E030BC40F6FF7070470A46C0EB3E
:10297000520001DAC1F10001B0FBF1F0C0F100003A
:102980000CE0002902DAC1F1000200E00A4600EB87
:10299000520001DAC1F10001B0FBF1F000F59670D0
:1029A00010E0FFE740F2393100FB01F047F6FF711C
:1029B00001EB8000B0FBF5F0C0F1000040F6DA4119
:1029C00001EB800030BC00F069B800002C7AFF1FDA
:1029D0002DE9F04140F23931484347F6FF7101EBF0
:1029E00080004FF6FF71B0FBF1F4A4F1C800B0F520
:1029F000AF6F02D90811BDE8F081A4FB0456A5FB16
:102A0000040206FB0422002105FB01221B490023CE
:102A1000A0FB017C02FB01C100FB0311184842F638
:102A2000795238185141174A45F6F323FDF7AAFCAD
:102A3000074615480021A5FB002306FB003005FBD7
:102A4000010112481723101841F10B01104AFDF73C
:102A500099FC3D180F48104AA4FB0001801841F171
:102A6000000152000023FDF78DFC2844BDE8F04131
:102A7000A0F60800404200F011B80000DC9C1B00EA
:102A800000203D8800407A10D3BD320000743BA482
:102A900000E8764857AE1B0020A1070000F5C8717A
:102AA00040F6FF70814200D288B270470448B0F807
:102AB0005E1019B990F87C00002800D00120704702
:102AC000B002002008440349B0FBF1F201FB120000
:102AD000704700008051010010B5002100B1017065
:102AE000114CD4E902329A421BD9B2F5004F18D9E1
:102AF000E46C9C4215D3A2F50042934211D2D21A43
:102B00000FD0E31A934200D9134608B10124047090
:102B100064245008E3FB04010023FDF733FCC0B23A
:102B200010BDFF2010BD0000B00200202DE9F047CD
:102B3000334F6FF0020907F54055D5F8340230B134
:102B4000816B21B1096811B10020BDE8F087EFF376
:102B5000108672B618B1806B08B10068C0BB2949F5
:102B60000868C00709D1D5F83002C268120604D43B
:102B7000D5F8382212F4A03F02D04FF0FF303BE0EE
:102B8000C26822F08002C2601F48426922F08002BF
:102B900042611E4C4FF000604FF00008C4E9001085
:102BA00040200101A060C4E90381C4F81480C4F886
:102BB0001880C4F81C80C4F820802046C4F8248003
:102BC00011F030FD28B16FF00100C4F8008013E06F
:102BD0000FE00F488463A063462012F0BDFE384624
:102BE00009F0B5FFD5F8340228B1806B18B1006840
:102BF00008B1002000E04846002EA6D162B6A4E746
:102C0000F09E0420B864024000100140B4AB0020E4
:102C100044A900202DE9F0418046454886B00025B2
:102C2000016841F002010160016801F002010591B3
:102C3000016841F0040101600068142100F0040003
:102C400005906846FDF758FE4FF480440126009435
:102C5000CDE90165374F69463846039511F01AFFF3
:102C60006000CDE900060320CDE9025069463846F0
:102C700011F010FF01222146384611F0F8FF2E48CE
:102C8000006808B91BF0A8FE2C4CD4F8B40218B99F
:102C90004FF49640C4F8B40284F8B9522649284843
:102CA00009F021F9274807F023F9274807F020F910
:102CB0002548322225497A38FDF73BFDB8F1000F4F
:102CC00007D0642011F094FD1D4807F0ADFBE0B182
:102CD00021E018481830016841F480410160B4F8DF
:102CE000B00220F00800A4F8B00204F52C7400F043
:102CF000B7FA208820F08000208054F87C0C10F077
:102D00003DF9208840F00200208010482C380168EE
:102D100041F0020101600E48C16841F02001C1602C
:102D2000C16821F40051C16006B0BDE8F081000027
:102D3000303802400008024044A90020F0CE0420B0
:102D4000F09E042088D6042024D2042038010020DC
:102D5000001001402DE9F04186B00E4680461C4629
:102D60001546142168460C9FFDF7C6FD0021084654
:102D7000ADF814103CB162886168E068ADF81420C9
:102D800022788DF80320AD228DF80020CDE9027065
:102D90008DF801608DF80250BDF81400ADF81000F8
:102DA000DA208DF8120001918DF813001422694683
:102DB000404603F0A6FA20B14FF0FF3006B0BDE860
:102DC000F081404609F0B8FCF8E700002DE9F04139
:102DD00011F052FF2A4D064605F54054D4F834024E
:102DE00018B1806B08B1006858B9D4F83002C068D7
:102DF000000606D4D4F8380210F4A03F01D1FFF742
:102E000095FE05F580500746D0F80C0918B9D4F89E
:102E10003802C00309D5284609F08EFCD4F83802E0
:102E2000C00302D5284609F0E7FBD7F80C0920B902
:102E3000D4F8380210F4A03000D00120B4F8B01259
:102E4000090700D418B1BDE8F04100F011BAB4F898
:102E5000B002C00604D40B48006C28B1301A03D568
:102E6000BDE8F04100F0FCB907480068002804D133
:102E70000648016841F400410160BDE8F0810000AE
:102E8000F09E042080000020A8EC042018080240D6
:102E90003EB5094C02280DDA002100910191029102
:102EA00006494FF4007301EB40229130C1B2204635
:102EB00000F03BF83EBD0000F09E0420A8F0042086
:102EC0002DE9F04116460F465FEA00084FF0000476
:102ED00001D007B12EBB4FF0FF30BDE8F081351BAC
:102EE000142D00D9142539192A46404603F009FA51
:102EF00010B16FF00100F0E7404609F01DFC401CE6
:102F000006D0404609F038FD28B16FF00300E4E731
:102F10006FF00200E1E72C44B44202D2322011F0FB
:102F200067FCB442DBD30020D7E72DE9FF4F85B023
:102F300000240599601E149F129E9946934603F142
:102F4000040A00294AD0BBF1000F02D1B9F1000FE9
:102F500044D147B11399002940D04E453ED8A9EB42
:102F60000601B9423AD3E846544536D2AAEB0405E5
:102F7000142D00D9142500201DE0211810D001299E
:102F800010D009F10202914225D2891E77B1B142D7
:102F90000CD3F2198A4209D98A1B13998A5C07E07B
:102FA000AD2205E0069908F8001003E01BF80120A7
:102FB00008F80020401CA842DFD32A46694605983D
:102FC000FFF77EFF002809D12C445445CCD2322093
:102FD00011F00EFCC8E7DA22EAE7002009B0BDE8EC
:102FE000F08F000030B51648144C85B0C17B89B114
:102FF000144DA8680390298A31B103AA284605F028
:103000005BFA08B1A8680390E968039A914205D970
:10301000881A04E00121017405B030BD00200422AB
:10302000049004A94FF488708DE80700D301064A84
:1030300090212046FFF779FFEEE70000F09E042084
:1030400000000020B0020020A8EC04202DE9F0418F
:10305000FFF72CFD05004748006847490968C0F3A1
:10306000015101EB8101C0F3034202EB4103C0F3C4
:10307000023101EB8101C0F3032202EB4101C0F3F5
:10308000021202EB820200F00F0000EB42004FF44C
:10309000616213FB02F2C1EB011102EB810101EB52
:1030A0000004364E4FF0010003D096F8311019B1EC
:1030B00003E00021317100E03071314986F8315070
:1030C000D1F8DC122D4F11F0020F07F1800702D06A
:1030D00086F8300046E096F8301011B986F83000D6
:1030E000FC65F86D211A27480144B1FBF0F200FBA2
:1030F00012104AF6C001884239D24FF4FA5006F055
:1031000083FD002833D12048B0F8B01240F60842C1
:1031100011422CD1D0F8381211F4844F27D1A0F5E8
:103120000051D1F80C19002921D1D0F8241200291E
:103130001DD1D0F88C17002919D1D0F8F00B002838
:1031400015D1124880460EF05BFB0A22414610481A
:1031500007F0AEFA08B1012105E01DB1307980F029
:10316000010030710C212046FFF7ACFCF865BDE88A
:10317000F0810000002800400428004000000020EA
:10318000A8F4042080510100F0CE0420EED10420E8
:10319000F09E04200848D0F85C0100B90748D0F838
:1031A0001011074AB1FBF2F20649A1F89E220089EC
:1031B000A1F8A20270470000B0020020A8EC042091
:1031C00080841E00F0CE042070B50E4605000DD0A0
:1031D00005F54054D4F8340240B1006830B12846B7
:1031E00009F0CAFB28B16FF0010070BD4FF0FF304D
:1031F00070BD05F58055D5F80C0920B9D4F8380212
:103200001649084202D06FF0020070BDD4F83402B3
:1032100058B1806B48B1006838B1416811B9006895
:10322000C00702D06FF0030070BD11F025FD054608
:1032300008E011F021FD401B142802D36FF00400B8
:1032400070BD00BFD4F83402006800684006F0D5B5
:1032500016B1304611F0CCFA002070BD20400100BC
:103260000248016841F000410160704718080240BF
:1032700010B5FFF7F5FF11F0FFFC0249323008648A
:1032800010BD00008000002010B5044600F0A2FA36
:10329000002C12D0002810D0017B890702D541698B
:1032A00001B12181017B490701D581696160017B01
:1032B000090702D5C069C4F8A40010BD2DE9F0418A
:1032C00006460D46284C084600F014FA204603F046
:1032D00013FF46B34FF40078FF2241462046FDF726
:1032E000E1FA802231462046FDF723FA1F49206982
:1032F000884218D1204600F0A1F9A0B11C4E20460A
:103300007C21266100F036F84FF48057E0672146B3
:10331000384617F03FF810F0FF0006D005B168807E
:103320000920BDE8F0810420FBE741462046FDF777
:10333000C1FA2146384615F04BFD10F0FF0003D0CE
:1033400005B168800820ECE72069B04209D1204629
:1033500000F074F928B12946204600F05BF80020FF
:10336000DFE70C20DDE700002004002056414C443C
:10337000494E535470B50D46064600F00BF804460E
:103380002946304600F026F82046BDE8704000F09F
:1033900013B80000064908680A6800F4805042F437
:1033A00080520A60BFF34F8F024A0121916070473B
:1033B000303802400030024001000448006804D167
:1033C00003490A6822F480520A60704700300240C4
:1033D00030380240F0B500220D4E03E083181B6820
:1033E0003360121D8B1A042BF8D28A420FD00023AF
:1033F0004FF0FF34FF2707E007FA03F5AC43855C85
:103400009D402C43521C08338A42F5D33460F0BDF2
:1034100000300240002811D000290FD0084B02696B
:103420009A4201D1022200E001220A70027D4A7014
:1034300082694A60026A8A60406AC8607047000018
:1034400056414C442DE9FE4F81460F46644C0846D8
:1034500000F050F9204603F04FFE21464FF4805013
:1034600015F0B6FC10F0FF0003D0002F00D07880DC
:10347000A1E0204600F0E2F818B15A4821698142E3
:1034800002D00D20BDE8FE8F39462046FFF7C2FF6F
:10349000A169494501D00520F4E7266A06F2FF102C
:1034A0004FEA502BD4E909A00190E06A0290FFF79F
:1034B00071FF002500902EE041F2010021462844D2
:1034C00015F086FC10F0FF0F06D00098FFF774FF90
:1034D000002F70D07D806EE085B9042201A92046BE
:1034E000FDF7DCF828B9042202A9201DFDF7D6F863
:1034F00020B10098FFF760FF0B20C3E74FF4007086
:10350000864200D83046804601462046FFF762FFDB
:10351000A6EB08066D1C5D45CED30098FFF74CFF67
:103520000EB9504503D007B178800A20AAE74FF4BE
:1035300080562146304615F04BFC10F0FF0F3AD173
:10354000204600F07BF8C0B32648216981423FD174
:10355000A16949453CD1616A514539D1A06A0199B7
:10356000884235D1E06A0299884231D11E4D204609
:103570007C212561FFF7FEFEE067FF224FF4C0715A
:1035800004F18000FDF78EF92146304616F002FF67
:1035900010F0FF0003D007B17880092072E74FF4E4
:1035A00000712046FDF786F92146304615F010FCE3
:1035B00010F0FF0F02D0082064E709E0204600F079
:1035C0003DF828B12069A84202D1A169494501D03E
:1035D0000C2057E739462046FFF71CFF002051E733
:1035E00020040020494E535456414C4470B50446C3
:1035F000114D00F07FF8284603F07EFD29464FF478
:10360000805015F0E5FB10F0FF004FF0030604D0EA
:103610000CB126706080082070BD284600F00EF8BE
:1036200028B121462846FFF7F5FE002070BD04B101
:103630002670032070BD00002004002070B5040037
:103640004CD0D4E90010264B264A59405040014343
:1036500044D1A068032841D1E06880283ED12249A6
:103660002069884202D02149884237D16069012807
:1036700034D1A06988B31E4DE069A8422ED1206ADA
:1036800008282BD3B0F5B01F28D8A26AE36AA2F1AC
:10369000005623F00101B6F5A02F0AD8520708D131
:1036A000DA0706D0A94204D342198A4201D901217E
:1036B00000E0002189B100F2FF1041F2010101EBAD
:1036C0005020B0F5005F09D87C212046FFF752FE5C
:1036D000E16F814202D1012070BDFFE70020FBE7CE
:1036E000434536344D4E4633494E535456414C446F
:1036F00000000208002805D00021016041608160BF
:10370000C1600170704700002DE9FC4780460A9DAA
:10371000994617460E462D4C2846FFF7EBFF2046EC
:1037200003F0EAFC5FB321464FF4805015F050FBE4
:1037300010F0FF0004D005B168800820BDE8FC87C8
:103740002046FFF77BFF18B121492069884201D04C
:103750000D20F3E729462046FFF75CFEA1694145AD
:1037600001D00520EAE7206A00F2FF10400A8642F5
:1037700005D241F201003418B4F5005F01D30620F0
:10378000DCE7CDE90086FFF705FE804604216846A8
:10379000FFF720FE042101A8FFF71CFE4FF4007183
:1037A0003846FFF717FE4046FFF706FE484501D0B2
:1037B0000720C3E73946204616F0ECFDC0B205B13C
:1037C0006E800028BAD00920B8E70000200400204D
:1037D000494E535410B50748074C084BD0E9002117
:1037E000624059400A4302D18168012900D000207B
:1037F00010BD000000C00008474643443233454333
:10380000012806D0022804D0032802D04FF0FF3050
:1038100070470A460146032000F03AB80C4808B544
:10382000016841F080510160006800F08050009014
:1038300012F008F9074A1021074812F036FE01225B
:103840001121054812F031FE12F0F0F8002008BDF9
:103850004038024007B032CECCA5002002464021BD
:10386000142000F015B802460321122000F010B811
:1038700002460421112000F00BB80246022110205C
:1038800000F006B802464021132000F001B8000005
:103890002DE9FC4103248DF80040B0248DF801404F
:1038A00032248DF80240CE248DF80400FF238DF8D9
:1038B000051000258DF803408DF806206F46072679
:1038C0007C5D634000245FEA036C02D586EA430313
:1038D00000E05B00641CDBB2082CF4D36D1C072DE8
:1038E000EED340EA012040EA024040EA03640D487A
:1038F000016841F080510160006800F08050009044
:1039000012F0A0F8084A1021084812F0CEFD224615
:103910001121064812F0C9FD12F088F80020BDE818
:10392000FC8100004038024003B032CECCA500201C
:103930000A49486E8A6F00EB40008008824204D337
:10394000886F4A6ED243904206D30889012803D17A
:10395000012102481EF02CB970470000603D002094
:103960007FB506460D46082007F016FC00F048F823
:10397000134C20200821CDE90041CDE902402B461F
:1039800032461049104802F0DFFF78B100210820CC
:1039900007F0FCFD01221146082007F095FC0A48BB
:1039A00002F03CFF4FF0FF3004B070BD0121082051
:1039B00007F0ECFD082007F0EFFB0020F4E7000023
:1039C000000402409CA60020603D0020094810B57C
:1039D000C06A4FF0FF3440B1074881698068FFF743
:1039E000BFFF002800D0204610BD044802F016FF9B
:1039F000F9E70000A8EC042080740420603D00205A
:103A00001AF0F8BA2DE9F0471EF0FCF80025374A05
:103A10002C462846536829469C2600EBC00206EB3C
:103A200082029A5855194C41401C0628F5DB28465D
:103A3000214600F067F8064607F0A4FB81462C48B3
:103A40000078C0F340074FF4846000F09DF8401BFD
:103A5000A14101D2012000E000202649CA6A02B932
:103A600007B10626DFF89080C8F80050C8F8044077
:103A7000C8F808600A68C8F80C20CA6AC8F810209C
:103A80000A6BC8F81420C96A01B1012141EA470153
:103A900041EA8001B9F1000F0FD04FF0000041EA78
:103AA000C000C8F81C0012D11448B0F8B002C0061B
:103AB00006D400201BF0E0FA0CE04FF00100EEE726
:103AC000D8F81C0040F01000C8F81C0002E0304696
:103AD0001BF01CFA1BF0C6FB09480068C8F8180068
:103AE0000EF0E0FC0020BDE8F0870000A8F4042000
:103AF000C0F70420A8EC0420C0E20420F0CE04208B
:103B0000C874042070B505460C46F02000F03CF85F
:103B1000401BA14101D3002070BD4FF4A07000F004
:103B200033F8401BA14101D3012070BD4FF4E07078
:103B300000F02AF8401BA14101D3022070BD4FF4D0
:103B4000207000F021F8401BA14106D30D49002050
:103B5000491BA04101D3032070BD4FF4407000F019
:103B600013F8401BA14101D3042070BD4FF47070C5
:103B700000F00AF8401BA14101D3052070BD0620CA
:103B800070BD000040AC2700044910B5A0FB010146
:103B9000034A0023FCF7F6FB10BD000000A0F0195B
:103BA000809C010010B504462DED028B403091ED54
:103BB000000A0FF0BEFAB0EE408A84ED008A04F5E8
:103BC00062700FF0B6FAA06A012820D0F0EE408AA9
:103BD00041F23871B0EE680A60180FF0AAFA84ED6D
:103BE000010A84ED048AC4ED058A002104F5D4504D
:103BF0000FF05EFB41F6A820005DC0070AD0BDECC7
:103C0000028B2046BDE81040002100F00BBEF0EE14
:103C1000C08ADDE7BDEC028B10BD704770B504466D
:103C20002DED028B0D4691ED000A40300FF081FA28
:103C3000606A012847D0B0EE408A41F2F031B0EE20
:103C4000480A60180FF075FA84ED000A95ED010A34
:103C500004F562700FF06DFAA06A012836D0F0EE1C
:103C6000408A41F23871B0EE680A60180FF061FACC
:103C700084ED010A84ED048AC4ED058A94ED000AFE
:103C8000002104F5D4500FF013FB41F6BC2094ED55
:103C9000010A012120440FF00BFB04F5805595F833
:103CA000A80AC00703D00021204600F0BBFD95F80C
:103CB000E40AC0070DD0BDEC028B2046BDE8704081
:103CC000012100F0AFBDB0EEC08AB6E7F0EEC08AC9
:103CD000C7E7BDEC028B70BD2DE9F04704462DED22
:103CE0000C8B0D46403091ED000A0FF022FA41F2A4
:103CF000F031F0EE408A60180FF01BFAB0EE40AAE7
:103D000095ED010A04F562700FF013FA41F2387173
:103D1000B0EE408A60180FF00CFAB0EE40CA2AEEFE
:103D20000A0A08EEA80A10EE100A1FF0F1FD41EC95
:103D3000100B1DF0A1FA51EC100B1EF0C1FE2CEE81
:103D40000C0A206008EE080A10EE100A1FF0E0FDD1
:103D500041EC100B1DF090FA51EC100B1EF0B0FE70
:103D60006060C4ED048A84ED058A94ED000A0021A8
:103D700004F5D4500FF09CFA41F6BC2294ED010AF0
:103D80000121A0180FF094FA04F58057002597F848
:103D9000A80AC00700D0012518EE900A1FF0B8FD50
:103DA00041EC190B1AEE100A1FF0B2FD41EC100B9A
:103DB000B0EE491AF0EE691A1CF04AFA51EC100BF9
:103DC0001EF07EFE09EE100AE06A594E4FF001081F
:103DD00090ED5D0AD0ED618AB4EEC09AF1EE10FA72
:103DE00002DA0025C6F808809FED52AB9FED53BB69
:103DF000F4EEC08AF1EE10FA21D218EE900A1FF00C
:103E000087FD53EC1A2B1EF08DFE1EF059FE08EEB6
:103E1000900AB06840001FF07AF953EC1B2B1FF09A
:103E200023FA41EC1D0B19EE100A1FF071FD53EC43
:103E30001D2B1EF077FE1EF043FE09EE100A4FF018
:103E40000009B4EEE89AF1EE10FA03DB002000F06E
:103E5000F9FC06E02DB10021204600F0E3FCC6F895
:103E6000089097F8E40A0025C00700D0012518EE55
:103E7000100A1FF04DFD41EC180B1CEE100A1FF04C
:103E800047FD41EC100BB0EE481AF0EE681A1CF03A
:103E9000DFF951EC100B1EF013FE08EE900AE06AF9
:103EA00090ED5D0A90ED618AF4EEC08AF1EE10FAB1
:103EB00002DA0025C6F80C80B4EEC08AF1EE10FAE2
:103EC00021D218EE100A1FF023FD53EC1A2B1EF01E
:103ED00029FE1EF0F5FD08EE100AF06840001FF004
:103EE00016F953EC1B2B1FF0BFF941EC190B18EE20
:103EF000900A1FF00DFD53EC192B1EF013FE1EF05F
:103F0000DFFD08EE900AF4EEC88AF1EE10FA06DB47
:103F1000012000F097FCBDEC0C8BBDE8F087002D74
:103F2000F9D00121204600F07DFCC6F80C90F2E7A4
:103F3000A8740420112D4454FB211940112D445420
:103F4000FB21094070B504462DED028B0D4691ED25
:103F5000000A40300FF0EDF8606A012843D0B0EE5F
:103F6000408A41F2F031B0EE480A60180FF0E1F8F3
:103F700084ED000A95ED010A04F562700FF0D9F89E
:103F8000A06A012832D0F0EE408A41F23871B0EEDA
:103F9000680A60180FF0CDF884ED010A84ED048AF8
:103FA000C4ED058A94ED000A002104F5D4500FF009
:103FB0007FF941F6BC2094ED010A012120440FF065
:103FC00077F904F5805090F8A81AC90711D090F835
:103FD000E40AC0070DD0BDEC028B2046BDE870405E
:103FE000002100F01FBCB0EEC08ABAE7F0EEC08A34
:103FF000CBE7BDEC028B70BD2DE9F05F04462DEDE3
:10400000028B00F58059C162002004F50056C9F802
:10401000F82A9FED398A92468846A6F82C03054671
:10402000834604EB4507F88B20F40060F883A08BEF
:10403000052809D90AEB4520D0F884100A2903D2B3
:1040400050F8841F18310160284600F0F9FB29461A
:10405000204600F0CDF92946204600F053F804EB45
:104060008501012007F580574862A7F818BFA7F817
:104070001CBFB6F82411C01EA8400140A6F82411A8
:10408000B6F828110140A6F82811002004EB0521FC
:1040900001EB800202F50052401C82ED4B8A402861
:1040A000F6DB6D1C022DBCDBE06A90F840016083FA
:1040B000D8F87021D8F86C11204600F015FAC4F831
:1040C0002C80D8F8A400A083A4F822B0AD2189F8F0
:1040D000201FAE2189F8211FDA2086F8220186F8F8
:1040E00023010648E06306480068BDEC028BBDE88A
:1040F000F05FFCF7B5BA00000000000019490208A3
:10410000282800402DE9F8430646C06A0F4600B152
:10411000406B40F2E24100B9084680B2B0FBF1F1D9
:10412000C7EB0710C0EBC00006EBC00505F5DA6071
:1041300005F5566404294AD004DC012972D002290D
:104140002FD15AE0082915D010292AD1DFF8008193
:10415000032308F14802A2F12401CDF800800FF0FA
:1041600037F808F1480220460323A2F12401CDF8D4
:10417000008014E0DFF8D880032308F16C0808F110
:104180004802A2F12401CDF800800FF021F808F1D7
:10419000480220460323A2F12401CDF800800FF04D
:1041A00017F841F6F820805900EB472241F2F03031
:1041B000291805F1400008F0EFFCC7EB071006EBEB
:1041C0008000BDE8F84300F5D4500FF039B8DFF8AF
:1041D0008080032308F1D80808F14802A2F12401E5
:1041E000CDF800800EF0F4FF08F1480220460323CA
:1041F000A2F12401CDF80080D1E7DFF85880032335
:10420000A8F1FC0202F59071CDF800800EF0E0FFFD
:10421000A8F1FC022046032302F59071CDF800803E
:10422000BDE7FFE7DFF82C80032308F1480808F119
:104230004802A2F12401CDF800800EF0C9FF08F178
:10424000480220460323A2F12401CDF80080A6E70E
:10425000DC3B0408203D04082DE9FC478946044660
:10426000002500F5805604EB8508D6F8F80AD8F842
:10427000303000EB452001AA49469847C5EB0510B0
:10428000C0EBC00004EBC00000F5DA6007469DED0E
:10429000010A0EF04EFF88ED020AD6F8F80A6A46C7
:1042A00000EB452049460EF09CFE38469DED000A85
:1042B0000EF03FFF6D1C8DED000A022DD3DB208B2D
:1042C000618B884225D10020208304F5005104EB46
:1042D0000022B1F82C339DED000A02EB830202F5B7
:1042E0000052401C82ED4B0A0228F0DB91F82C03AF
:1042F000401C00F03F00A1F82C0304F10801A26B60
:104300000D4620469047E26B294620469047BDE87F
:10431000FC87401C2083FAE710B500F5D85104460D
:10432000D1E90223521E43F1FF33C1E90223D143F5
:1043300071EA030107D100F007F82046BDE81040FC
:10434000002100F06FBA10BD2DE9F0412DED028B78
:10435000C16A01B1496B09B940F2E2418DB200F581
:10436000D854FBF7D7FF00EE100ADFED180AD4E9A6
:104370000060B8EEC00A801B60EE200A00EE100A52
:10438000B8EE400A20EE800A10EE100A1FF080FB03
:10439000361841F1000728461EF0D0FE9FED0C1B99
:1043A00053EC112B1EF07AFC41EC180B30463946C9
:1043B0001EF0D8FE53EC182B1EF056FF1FF02CFBFE
:1043C000C4E90201BDEC028BBDE8F08100000030C1
:1043D0000000000000002440044A32F8441F21F489
:1043E000805141F4005111800BF0CCBA0000002044
:1043F0002DE9F041C66A86B00D4604460EB1706BD9
:1044000000E0002008B940F2E24087B241F6F8200F
:10441000B4F81A80005900EB452104EB85003030D8
:104420000EF00CFE06EB850005F0FF0CD0F8E8302E
:10443000D0F8D82050F8A81F0DF1040E8EE80E1009
:104440000169009190ED160A016C016B0168006929
:10445000D6F8FC30D6F8F820C5EB051004EB800048
:10446000394600F5D4500EF0F1FE29462046FFF7FC
:1044700049FEE06AD0F8A400002180B2A083A4F82D
:104480001A802183082809D2DFE800F004060F1102
:10449000131517190B4800E00B48A0630B48006880
:1044A00006B0BDE8F041FCF7DBB80948F5E709487C
:1044B000F3E70948F1E70948EFE70948EDE709485C
:1044C000EBE700001B3C02082D45020828280040AD
:1044D0001D3C0208A53B0208453F0208194302089B
:1044E00091450208D93C020800F5805303F530637A
:1044F00006C3FFF729BF000030B442F224120023A4
:1045000011521A46012505FA02F40C4200D001238B
:10451000521C022AF7DB1BB10349C16330BC704750
:1045200030BC00F0D7B900004D48020810B5044671
:104530002DED028B403091ED000A0EF0FAFD606A1D
:1045400001281ED0B0EE408A41F2F031B0EE480AA8
:1045500060180EF0EEFD84ED000A84ED048A00215F
:1045600004F5D4500EF0A4FE41F6A820005DC0076B
:104570000AD0BDEC028B2046BDE81040002100F0BF
:1045800051B9B0EEC08ADFE7BDEC028B10BD000070
:1045900070B504462DED068B403091ED000A0EF00B
:1045A000C8FD41F2F030B0EE408A20440EF0C1FD6B
:1045B000F0EE408A28EEA80A08EE080A10EE100A6B
:1045C0001FF0A6F941EC100B1CF056FE51EC100B3D
:1045D0001EF076FA206084ED048A18EE100A1FF0AF
:1045E00097F941EC190B18EE900A1FF091F941EC84
:1045F000100BB0EE491AF0EE691A1BF029FE51ECCF
:10460000100B1EF05DFA0AEE100A18EE100A1FF0E9
:104610007FF941EC190B18EE900A1FF079F941EC83
:10462000100BB0EE491AF0EE691A1BF011FE9FED67
:10463000311B51EC100B53EC112B1EF02FFB9FED97
:104640002F8B53EC182B1EF00FFE53EC182B1EF083
:1046500069FA1EF035FA6060606194ED000A00218D
:1046600004F5D4500EF024FE41F6A8200025005D8C
:10467000C00700D00125E06AD0ED5D8A90ED618A27
:10468000B4EEE88AF1EE10FA0DD218EE100A1FF01F
:104690003FF99FED1C1B53EC112B1EF043FA1EF04B
:1046A0000FFA08EE100A194E35B1B4EEE8AAF1EE91
:1046B00010FA01DB86ED01AAD6ED010AB0EE4A0A36
:1046C0001EF092F9B4EEC80A86ED010AF1EE10FA76
:1046D00005DB002000F0B6F8BDEC068B70BD002DA8
:1046E000FAD0BDEC068B20460021BDE8704000F0FA
:1046F00099B80000112D4454FB210940000000002E
:10470000004CCD40112D4454FB211940A8740420C5
:1047100010B5838B00F5D45141F6BC244FF40062F0
:104720002044082B06D2DFE803F005040606060441
:1047300004068A6210BD8A62826210BD044931F8A3
:10474000440F20F4005040F480500880704700006F
:104750000000002070B52E4D0400B5F8400002D0D6
:10476000012C07D102E040F0010001E040F004001C
:10477000A5F840002748D0F8A000012842D110F049
:104780007BFA254B002153F82420861A71EB010691
:104790000E4606D2821A66EB0101521E41F100015B
:1047A00002E0821A66EB010143F824000A2300208C
:1047B0009A1A884126D21948418801290ED10078D9
:1047C00080070BD5FDF730FE18B91448FDF79CFFA4
:1047D00020B135F8400F40F4006012E0B5F8400019
:1047E00020F40060A5F840000120A040C1B20C48B0
:1047F0000CF098FC3CB1012C04D135F8400F40F08E
:104800000800288070BD35F8400F40F00200F8E73E
:1048100000000020A8EC042028010020C0F704209C
:104820002806002010B500F500500122B0F826310E
:104830008A401343A0F826310846FFF78BFF10BDCE
:1048400000BF704700BF704700BF704730B51F4CB6
:1048500000F580522188B2F8183F491C89B22180A6
:10486000022932D10021218090ED020A00EB43049D
:1048700004F58054BDEEC00A10EE101AA4F8181BFF
:1048800000F5005191F82641E4071AD0B2F81C4F08
:10489000651CA2F81C5F802C13D3B1F8264124F0CC
:1048A0000104A1F82641B1F8244124F00104A1F843
:1048B0002441074CC463B1F8280140F00100A1F87D
:1048C00028015B1CD8B2A2F8180F30BDA8740420D0
:1048D0001949020870B50F49C16300210C468D1EAD
:1048E00000F5005200EB410303F58053A3F8184F85
:1048F000A3F81C4FB2F8246105FA01F31E40A2F898
:104900002461B2F82861491C1E40A2F828610229DE
:10491000E8DB70BD1949020800BF70472DE9F0417E
:1049200000F50055044695F828010026012710F0EF
:10493000010F2BD004F580500022B0F8181FA0F80A
:10494000182FA0F81C2F104604EB462202EB41035F
:1049500004EB400C03F580530CF5805C491CB3F864
:10496000183B401CACF8223FC9B2FF28EEDD4FF4E3
:10497000017204F5F951304600F00CF8B5F8280141
:10498000B740B843A5F828010148E063BDE8F081CD
:104990004D480208084810B5D0F8DC0200F00200CB
:1049A000401C07D0054807F093FDBDE810400348C0
:1049B00007F0C2BE10BD0000A8F40420F09E042041
:1049C000F0B5ADF5077D0C46064615461C2180A8BE
:1049D000FBF792FF012C01D9641E00E00024002E99
:1049E00035D0022D33D21C2C00D91C242246711C38
:1049F00080A802F070FB17484FF4007600EB4527C3
:104A0000324639466846FBF71BFF80982390819811
:104A100021908298209083988DF8000084988DF8DA
:104A2000010085988DF802001C2C02D386988DF821
:104A30000300684602F00BFB002808D138463246D6
:104A40006946FBF7FDFE29460348FFF75BFB0DF5C2
:104A5000077DF0BDA8F00420A07B04202DE9F041E3
:104A60000F46ADF5007D4FF40075411C2A4668469F
:104A700002F031FB022F26D2684602F0E8FA002845
:104A800021D11448124CE84610EB47260ED00020E6
:104A90006061A0618020A06020460FF0C3FD28B9AE
:104AA0002B463246414620460FF026FE39460A483C
:104AB000FFF79EFC0DF044F80848D0F8DC1241F0F6
:104AC0000801C0F8DC120DF5007DBDE8F0810000A2
:104AD000D4A90020A8F00420A07B0420A8F404207E
:104AE00030B5ADF5017D04464FF400752A461749EF
:104AF0006846FBF7A5FE902168464FF4887263185C
:104B00005B784354491C9142F9DB02F0DEFA00283D
:104B100018D12A4669460D48FBF792FE0C4A0B490C
:104B20000C48FFF769FA0DF00BF80B48D0F8E012CB
:104B300041F04001C0F8E012D0F8DC1241F0080169
:104B4000C0F8DC120DF5017D30BD0000A8EC04209A
:104B5000A8F00420A07B0420A8F404202DE9F0474D
:104B60008246FF2601204A78ADF5027D35460024B5
:104B7000562A4BD18978332948D10BF039F850B1F6
:104B80004FF480596946484614F022F910F0FF05A9
:104B900003D003203AE0022038E0012400206F46D1
:104BA00061023A5CFF2A01D0002405E0401C8842E3
:104BB000F7D30CB1002626E0FF2288463846FBF7E3
:104BC00071FE6946484615F0E5FB10F0FF0601D07E
:104BD00004201BE041466846FBF78EFE69464846C6
:104BE00014F0F6F810F0FF0501D005200EE00124C6
:104BF000002041463A5CFF2A01D0002405E0401C19
:104C00008842F7D30CB1002000E006200CA1D1E9C6
:104C10000021CDE980218DF802028DF804528DF833
:104C200003628DF80542082280A9504601F069FB15
:104C3000504607F081FD0DF5027DBDE8F0870000CC
:104C4000ADB800000000DADA30B5ADF5057D0446F8
:104C500000200D46839084900AF0CAFF002824D0DB
:104C60000422691C83A802F036FAAD208DF80000FA
:104C7000BA208DF8010083986D46CDF80200A91D79
:104C800014F0A6F884AA4FF40071A81D0EF03AFAA9
:104C9000ADF80602DA208DF808028DF8090240F21C
:104CA0000A2269462046FEF70BF90DF5057D30BD59
:104CB0002DE9F04FF848F94D2DED068B99B0B6EE81
:104CC00000AA019005F5C050DFEDF59A149005F5A6
:104CD000DA601590F448DFF8CC934FF000084FF0FD
:104CE000DA0A05F580551190D3E30FF0C5FFEF4FB9
:104CF000C7F8E802039C20788F285BD052DC32286A
:104D000059D026DC142857D010DC0528ECD006DC5E
:104D1000012852D0022851D00328E5D1A8E011285B
:104D20004DD012284CD01328DED105E1222848D0DE
:104D300008DC152846D01828D6D0202843D02128B2
:104D4000D2D16BE123287DD030287CD03128CBD143
:104D5000B4E1612878D012DC432876D008DC33280F
:104D600074D0402873D0412872D04228BCD106E2CA
:104D700050286ED051286DD06028B5D13BE28038E4
:104D80000E28B1D2DFE810F049025E0271028503FD
:104D9000F5028503850385038503F9023A0385033C
:104DA000C003F903AC287CD02CDCA0F190001C28B7
:104DB0009AD209E0FDE38AE1CFE053E056E05CE0FF
:104DC000A7E050E1EBE00AE1DFE810F076057905B5
:104DD0007B057F05C005CE05D805ED05F605FF0569
:104DE00063030206630312062C06630334063E06C1
:104DF0006303630363036303630363036303630383
:104E000063036106BA287CD012DCA0F1AD000D2846
:104E1000B7D2DFE810F08906A6063E033E033E0344
:104E20003E033E03240754078B07CF072C08ED07EA
:104E3000F12867D00FDCBB2865D0BC2879D0F028DA
:104E400085D1FDE311E116E1E1E1C1E160E17FE13E
:104E500086E1C2E1CAE1F2286CD0F3286BD0F428D5
:104E600084D1EEE32046FFF73BFE3DE7002100E062
:104E700001212046FFF7F2FD36E7607800F00F00D1
:104E8000042805D8607800F00F018948C0F8A41004
:104E90008748D0F8A41039B9D5F8A81A41F40061B0
:104EA00000E0FDE3C5F8A81AD0F8A41002290BD140
:104EB000D5F8A81A41F40061C5F8A81AD5F8E41A83
:104EC00041F40061C5F8E41AD0F8A41004290BD10C
:104ED000D5F8A81A41F40061C5F8A81AD5F8E41A63
:104EE00041F40061C5F8E41AD0F8A4000328BCD14D
:104EF000D5F8A80A40F40060C5F8A80AD5F8E40A75
:104F000002E0FDE3FDE3FDE340F40060C5F8E40AE0
:104F1000EAE601216A460020039B5B5C1354491CAE
:104F2000401CC9B20428F7DB61490098C1F814019C
:104F3000DAE6E8E3E8E3E8E301216A460020039BC0
:104F40005B5C1354491C401CC9B20228F7DB58496A
:104F5000BDF80000C1F8200180E062780221022A39
:104F60008AD20CAB0020039C645C1C54491C401C7E
:104F7000C9B20428F7DB12B1012AC9D106E014989E
:104F80009DED0C0A80EDA50A444825E014989DED9E
:104F90000C0A80EDB40A47480AF0F4FCA4E66178F4
:104FA0000229B5D26A460020039B03449B78135420
:104FB000401C0428F8DB3948C1EB011100EB8100EB
:104FC0009DED000A00F5C05181EDA60AD1EDA70ABA
:104FD00020EE200A81EDA50A00F5D450DCE714216B
:104FE00004A8FBF789FC1422611C04A802F073F8E2
:104FF0002F480499C5F8841AC0F8D8100599C5F847
:10500000881AC0F8E8100699C5F88C1AC0F8B810CC
:105010000799C5F8901A40F8A81F1DE0142104A8AC
:10502000FBF76AFC1422611C04A802F054F8204823
:105030000499C5F8C01AC0F8DC100599C5F8C41A5F
:10504000C0F8EC100699C5F8C81AC0F8BC1007994A
:10505000C5F8CC1A40F8AC1F0899016214491648EB
:105060000BF016FB40E6002200E0012220460B99DF
:10507000FFF7A6FC38E6B9F89802022808D10C48D8
:10508000806A28B101220421072006F01DF92BE6D1
:1050900009F0C2F828E60000F09E0420A07B04205E
:1050A0000000000028360020F0CE0420A8F40420E0
:1050B000A8EC04205C9604202806002009F0D4F80F
:1050C000F8A00522D0E90010CDE90410F3E3ADF813
:1050D000008002226846611C01F0FDFFBDF800302F
:1050E00044F62060834200DD03464FF0FF3200218A
:1050F000EE481DF0F3FBD7F8E00240F04000C7F89F
:10510000E002D7F8DC0240F00800C7F8DC02EBE56B
:10511000CDF81080CDF814800C2204A8611CCDF8C5
:10512000188001F0D8FF049944F62060814200D82D
:105130000846DF4988620598102800D91020C86207
:10514000DC48069A824200D8104608638B6ACCE796
:10515000D7F8DC0240F00200C7F8DC02D6A006E077
:10516000D7F8DC0220F00200C7F8DC02D3A003224B
:10517000006800906946D2480BF094FFB4E560786F
:105180000006607800F07F000CD44028BFD2EFF317
:10519000108672B66178C648C0F818110121A0F5D2
:1051A000A0700BE01028B2D2EFF3108672B66078D0
:1051B000BF49C1F81801BE480121803808F03EF906
:1051C000BB48C03808F01AF9002EA0D162B68BE5B2
:1051D0006178BC48FFF790F986E5BB48016809068D
:1051E000FCD5B349D1F81C1141607DE5D7F8E00248
:1051F00040F00200F4E36478E00702D00020FFF7FB
:10520000A9FAA007BAD50120FFF7A4FA6CE56178E6
:10521000A278A6480CF0ECFA66E5AB4801680906EE
:10522000FCD5AAA00122006800906946019801F00F
:1052300068F8019807F080FAA548018841F0080154
:10524000018051E5A04801680906FCD5A14804ACDD
:105250000FC884E80F00A04800680168CDF811105D
:10526000806ACDF815000D2251E309F035FA48B1F6
:10527000AD208DF8100082208DF81100ADF800806F
:10528000062010E0B9F89802022803D038B30128AC
:105290002DD039E0AD208DF8100082208DF811005E
:1052A000ADF8008007208DF8120019EE900A132245
:1052B000CDF81300CDF81700CDF81B00BDF80000A5
:1052C000ADF81F008DF821A08DF822A0D7F8E002DC
:1052D00020F00100C7F8E00204A9804819E3804EDD
:1052E00001243470FDF7E8FA70B174700CE00FF02F
:1052F000C3FC7B49CA782AB18A6C801A41F2883291
:10530000904201D3012048707148018849072BD58C
:1053100090ED020AD0ED010A30EE601AD0ED060AD7
:1053200090ED030AC08CADF80000AD208DF81000A0
:1053300082208DF8110001208DF8120011EE100A64
:105340001322CDF8130010EE900ACDF8170010EEDE
:10535000100ACDF81B00BDF80000ADF81F008DF855
:1053600021A08DF822A0B7E7D7F8E00240F00100B5
:1053700067E3E07807F01CFFB6E4B9F8980202286A
:1053800007D009F0A9F998B1D7F8E00220F00100A0
:1053900057E3D7F8E00220F00100C7F8E0021198C7
:1053A000B0F8980220F040011198A0F898129BE400
:1053B00047480CF023FD4649A1F800804848C0ED5D
:1053C000199AC0ED1A9AC0ED1B9A016F491C01672A
:1053D000D7F8E00240F00100C7F8E0021198B0F8F9
:1053E000980220F0800040F040011198A0F8981237
:1053F000B9F898020128BFD13AA0B8E6042268465D
:10540000611C01F068FE039914220CA8491D01F0EB
:1054100062FE09F061F90028AED12D4E30880428D3
:105420000AD000240CA9684609F0C0FE90B3B9F870
:105430009802012802D018E00124F3E73C208DF8FF
:1054400010008A208DF811000098CDF81200142267
:105450000CA90DF11600FBF76CF93E208DF82A001F
:105460001B2204A916480BF01DFE5CB91C48C0EDB8
:10547000199AC0ED1A9AC0ED1B9A15480CF0BEFCA3
:1054800001203080072005F087FE17A1019807F062
:1054900025F942E1FFE702220421072005F014FF6D
:1054A00014A1F3E75A5A31A5A5000000A8F404207E
:1054B000A8EC0420007102003C403E003C413E004C
:1054C00028060020A07B042000100140800000007E
:1054D000C838002014400408CCA50020F09E042009
:1054E000000000203C893E00525443205345542084
:1054F0004F4B000045525220303730342046343074
:10550000204430300000000009F0E6F80028C0D147
:105510000399082212A8491C01F0DDFD0399082215
:1055200016A8093101F0D7FD12A916A80CF09AFEB1
:10553000F94880ED1B0A90ED1B0AF8480CF07EFC40
:1055400000220CA9F64811F0BBF800226946F44885
:1055500011F094F83C208DF810008A208DF811008D
:105560000098CDF8120014220CA90DF11600FBF7DB
:10557000E0F83E208DF82A00CFE009F0ADF80028D1
:1055800087D1039908220CA8491C01F0A4FD0399B6
:1055900008220EA8093101F09EFD0399082212A8E5
:1055A000113101F098FDDE4E0024224604A9304658
:1055B00000E0C0E011F084F822466946304611F060
:1055C0005DF89DF811009DF81210C0EB001001EB82
:1055D00080000990069818B9D2480069C0F30E00FF
:1055E0000599814200D90146069A431A1AB9CD4855
:1055F0000069C0F30E0242F20F70934200D91346C5
:105600000AB1904203D1834214D8184612E0521CCA
:105610005FEA580142F210744FEA3200E3FB0401E2
:105620004FF00003FAF7AEFE621E0023121A8B4100
:1056300000D2601E0A900CA90EA80CF013FE01E027
:10564000F1E3F1E3F0EE408A09A912A80CF00AFE9A
:10565000B0EE409A0CA938EE890A09A860EE0AAAB1
:105660000CF000FEB0EE408A0EA912A80CF0FAFD74
:1056700038EE408AB5EEC08AF1EE10FA1CDD18EE65
:10568000100AA949884217DAB0EE6A0AA3480CF05A
:10569000D5FBA148803890ED190AB5EEC00A00E0AC
:1056A00011E2F1EE10FA04D9B4EEC08AF1EE10FA6C
:1056B00002D2643080EC038AB5EEC08AF1EE10FAB3
:1056C0002BDD964828EE0A0AD0ED040AF5EEC00A52
:1056D000F1EE10FA06D9D0ED040AF4EEC00AF1EEAC
:1056E00010FA01DD80ED040A90ED030AB5EEC00A60
:1056F000F1EE10FA90ED040A0DD9D0ED030A05E0A1
:10570000BAE3F8E3BDE342E2F6E3F6E3F4EEC00AFF
:10571000F1EE10FA02DD80ED030A04E2D0ED030A97
:105720009FED821A60EE810A9FED811A40EE010A18
:10573000C0ED030AF7E1039944460422CDF8008046
:105740006846491C01F0C7FC7A480099C0F8F81275
:10575000734E224604A9304610F0B2FF224602A939
:10576000304610F08BFF9DF811009DF81210C0EB31
:10577000001001EB8006069818B96A480069C0F36A
:105780000E000599814200D90146069A401A1AB9BD
:1057900064490969C1F30E0242F20F71904200D9C7
:1057A00010460AB1914203D1884214D9084612E04A
:1057B000521C0346610842F210774FEA3200E3FBC5
:1057C00007014FF00003FAF7DDFD7B1E00221B1AD4
:1057D0008A4100D2781E0A21B0FBF1F006EB4601A7
:1057E000C1EBC61100EBC1000099C0F31306C1F371
:1057F000130B0F0D4F49C1F8FC62474C803C217DD3
:1058000099B9AD218DF810108F218DF81110CDF8B8
:1058100012008DF816A08DF817A0082204A946489A
:1058200000F06FFD019806F087FF0BEB0700C0F357
:105830001300301AB0F5002F02DDA0F5801004E04F
:1058400010F5002F01DA00F5801000EE100A9FED30
:105850003B1AE08FF8EEC00A00282F4880EE810A3C
:1058600024D0D0ED1C0A9FED361A60EE810A9FED20
:10587000351A40EE010AC0ED1C0A27489FED301A88
:10588000D0ED1C0A70EE600A90ED1D0A20EE010AB0
:1058900060EEA00A9FED2B1A00EE810A80ED1D0A32
:1058A0000CF0BCFCE08F401CE0873CE180ED1C0A62
:1058B000C0ED1D9AE1E72AE0FDF794FBFEE300202E
:1058C00000E00120FDF7E4FAF8E360780228ECD26A
:1058D000AD218DF8101093218DF811108DF8120064
:1058E000C0EB00111848112200EB8100A0F26C50AF
:1058F00000F500500168CDF813104168CDF817107D
:105900008068CDF81B008DF81FA08DF820A004A999
:10591000019800F0F6FCCEE380000020C83800209B
:10592000CCA50020002800400000404052B87E3F37
:105930000AD7A33BA8F40420F09E042000007A4478
:105940006666663FCDCCCC3DA07B04200B99002041
:10595000032903D36078A17840EA0120FE498887B3
:10596000012081F82900A9E3607800B90120FA49F3
:1059700081F82700012081F826009FE30B99CDF8DC
:105980000080022901D3647800E0FF24062905D3B2
:10599000039904226846891C01F09DFB204600996A
:1059A000FBF7E6FE8AE30B98022801D3607800E05B
:1059B000FF20FBF713FF81E30B98022801D36078E7
:1059C00000E00020FBF7A6FE78E3FCF7F7FD75E3A7
:1059D0000B98022805D36078FF2802D0607804E095
:1059E0002FE00020FCF7AFFD0120FCF7ACFD65E3E4
:1059F000AD208DF810009D208DF81100D7480822A9
:105A0000018BADF80810408BADF8000088B2ADF8FE
:105A10001200BDF80000ADF814008DF816A08DF846
:105A200017A074E7607810B108F0BCFE46E308F0F8
:105A3000DFFE43E360780A2895D1D7F8E00240F012
:105A40000400C7F8E00239E3647800201CB1012C9F
:105A500001D0022C87D1B9F89812012912D1012C5A
:105A600000D10220BEA10422096800918DF8020035
:105A70006946BC480BF016FBBA4806F07DFF0220D1
:105A80000EF0B6FE204609F03FFFA12015E0607839
:105A9000BA2887D1B9F8980201280DD1B2A0042202
:105AA000006800906946AF480BF0FCFAAD4806F07C
:105AB00063FF02200EF09CFEAB20AC494860012041
:105AC0000EF096FED1E16078CA2890D1B9F898021C
:105AD00001280DD1A6A00422006800906946A148C3
:105AE0000BF0E0FA9F4806F047FF02200EF080FE20
:105AF0009E49AC20486001200EF07AFE9D4C206843
:105B000040F08040206014200EF072FE9AA19D4863
:105B100016F06CFE64200EF06BFE206840F48040AE
:105B20002060FBF7A5F8C9E26078DA288BD1142150
:105B300004A8FAF7E1FE04A818F0C2FD92A0022220
:105B40000068009091A0694600680290019800F0FA
:105B5000D8FB122204A9019800F0D3FB022202A96B
:105B6000D6E6B9F8980201280DD189A00322006871
:105B7000009069467B480BF095FA7A4806F0FCFEE7
:105B800002200EF035FEFDF749FEAE2095E7002617
:105B900080A00096D0E90010CDE90410701E02909C
:105BA0000B984FF0010B05281ED3607855281BD1A8
:105BB000A078342818D1E67820790090102E09D0EA
:105BC000112E07D0122E05D0132E03D0142E01D083
:105BD000032008E00AF00CF820B1D7F8DC0210F03E
:105BE000020000D00220834600988DF812B08DF894
:105BF00014008DF81360082204A9019800F081FBBD
:105C000020B9019806F098FD029010B10298801C0E
:105C100089D119210198FDF7D7FA002886D1BBF167
:105C2000000FF5D1102E0BD0112E0DD0122E0FD04B
:105C30000098142E10D0FDF725FE0028E8D114E1BD
:105C40000098FDF71AFEF8E70098FDF711FEF4E75B
:105C50000098FDF708FEF0E7FDF700FEEDE709F01C
:105C6000C7FF20B1D7F8DC0210F0020F09D0CDF841
:105C70001080CDF81480CDF818800222CDF81C8059
:105C800018E0039841784F2905D18178542902D131
:105C9000C178412909D0CDF81080CDF81480CDF815
:105CA00018800122CDF81C8004E004A9001DFDF736
:105CB00005FB0246069804ABB421009094E00399DA
:105CC0004446CDF81080CDF814800422CDF8088029
:105CD00004A8491C01F0FFF90399042205A8491DF5
:105CE00001F0F9F90399042202A801F2092101F057
:105CF000F2F909F07DFF20B1D7F8DC0210F0020FB5
:105D000005D00694079408940222099409E006A895
:105D10000090DDE90232DDE904010932FDF7F4FC0F
:105D20000246059806ABB52100905DE00399444614
:105D30000422CDF8088002A8491C01F0CCF909F032
:105D400057FF20B1D7F8DC0210F0020F28D00494DE
:105D500005940694022221E000000020603D00200E
:105D60003CA1003E280600203CABBA3E001001409A
:105D70003CACCA3E180802403C504556454E3E00D9
:105D80000000000044A90020ADDA0000DADA0000CB
:105D90003CAE3E00ADBC00000004DADA079404E03B
:105DA00004A90298FDF74EFB0246069804ABB62103
:105DB000009019E009F01CFF20B1D7F8DC0210F0C8
:105DC000020F09D0CDF81080CDF81480CDF81880DE
:105DD0000222CDF81C8003E004A8FDF707FC024670
:105DE000069804ABB72100900198FCF7B3FF65E17A
:105DF00094F803B00126CDF81080CDF81480CDF8CA
:105E00001880CDF81C806078472818D1A0784F28DA
:105E100015D109F0EDFE20B1D7F8DC0210F0020F29
:105E200003D002260BE031E008E104A8FDF7DEFB19
:105E3000060004D19DF81000022800D00D26069817
:105E4000009004AB3246B9210198FCF783FFEEBB0A
:105E500000283BDB19210198FDF7B6F9B0BB9DF88E
:105E600011005946FDF7CCFCE7E61AF061F821462F
:105E70000198FEF773FE21E121460198FEF7E4FE4A
:105E80001CE12146019800F02DF917E16A464FF414
:105E90000171019800F0AAFAC0B90098AD214646F8
:105EA00000F8011BF02100F8011B0024009003986A
:105EB000ADF8086000EB4401022202A8491C01F081
:105EC0000AF9BDF9080000EE100A00E05CE0B8EE47
:105ED000C00A15980DF02DF9BDEEC00A0098641C9B
:105EE00010EE101A00F8011B090A00F8011B0090BF
:105EF000FF2CDCDDD7E001E033E068E06A464FF4D8
:105F00000171019800F072FAF0BB0098AD2146468D
:105F100000F8011BF12100F8011B002400900398F8
:105F2000ADF8086000EB4401022202A8491C01F010
:105F3000D2F8BDF9080000EE100A1598B8EEC00AB4
:105F40000DF0F7F8BDEEC00A0098641C10EE101AB0
:105F500000F8011B090A00F8011B0090FF2CDEDD90
:105F6000A1E06A464FF40171019800F03FFA58B978
:105F70000098AD21584F00F8011BF22100F8011BD9
:105F800000244646009000E057E00398ADF8086012
:105F900000EB4401022202A8491C01F09CF8BDF963
:105FA000080000EE100A3846B8EEC00A0DF0C1F83D
:105FB000BDEEC00A0098641C10EE101A00F8011B18
:105FC000090A00F8011B0090FF2CDCDD6BE06A463B
:105FD0004FF40171019800F009FA70BB0098AD21EF
:105FE0003E4F00F8011BF32100F8011B0024464638
:105FF00000900398ADF8086000EB4401022202A86B
:10600000491C01F068F8BDF9080000EE100A384696
:10601000B8EEC00AB0EEC00A0DF08BF8BDEEC00AB3
:106020000098641C10EE101A00F8011B090A00F811
:10603000011B0090FF2CDCDD35E03FE06A464FF4A9
:106040000171019800F0D2F9C0BB0098AD21244F36
:1060500000F8011BF42100F8011B002446460090C3
:106060000398ADF8086000EB4401022202A8491C25
:1060700001F031F8BDF9080000EE100A3846B8EE1C
:10608000C00AB0EEC00A0DF054F8BDEEC00A009888
:10609000641C10EE101A00F8011B090A00F8011B1D
:1060A0000090FF2CDCDD00F801AB00F801AB0090A4
:1060B000019800F03BF9019806F03EFB0BAA03A9FA
:1060C000019805F061FF00283EF40FAE19B0BDEC59
:1060D000068BBDE8F08F0000B8850420908F042067
:1060E000D892042070B5ADF5067D0C460021839151
:1060F000ADF8101285911AA1054607C980AB83E857
:10610000070009F075FD002826D00422611C83A831
:1061100000F0E1FF4FF400763246611D684600F062
:10612000DAFF022204F2052184A800F0D4FF85AA38
:10613000314668460CF0E6FFBDF81012884203D1E4
:106140006946839814F026F9092280A9284600F0B0
:10615000D8F8284606F0F0FA0DF5067D70BD00006F
:10616000ADBB0000000000DADA00000070B500F5F9
:106170008053D3F80C499CB3D3F8085900EB85063B
:1061800006F58056D6F84C4800EB450000F58050E7
:10619000B0F8345811B1D6F804680E6002B114603A
:1061A000D3F80819491C0C29D3F8081901D2491C45
:1061B00000E00B39C3F80819D3F80C19491EC3F8CD
:1061C0000C19B3F87C182144A3F87C18B3F87C1898
:1061D0002944A3F87C180021A0F83418084670BDA3
:1061E000FFE74FF0FF30FAE730B500F58053D3F802
:1061F0000C29A2B393F8FC280024C2B9D3F80829CB
:1062000000EB820202F58052D2F80428C3F8F0288D
:10621000D3F8082900EB820202F58052D2F84C280C
:10622000C3F8F828C3F8F448012283F8FC28D3F80F
:10623000F428D3F8F0581544521CC3F8F4282A78EF
:106240000A70D3F8F418D3F8F828914205D383F8EC
:10625000FC4800221146FFF789FF002030BDFFE710
:106260004FF0FF30FAE700F580500021C0F8F41835
:1062700080F8FC180846704730B500F58053D3F815
:106280000C494FF0FF350C2C39D2B3F87C489442BE
:1062900035DBD3F8004900EB840404F58054C4F8DE
:1062A0000418D3F8001900EB810101F58051C1F801
:1062B0004C28D3F80049002100EB440000F5805041
:1062C000A0F83418B3F87C08801AA3F87C08D3F837
:1062D0000009401C0C28D3F8000901D2401C00E042
:1062E0000B38C3F80009D3F80C09401CC3F80C099B
:1062F000D3F81009401CC3F81009002030BD28460F
:1063000030BDF8B514460D4606466A46214600F0F3
:106310006DF810B14FF0FF30F8BD224629460098C5
:10632000FAF707FA304600F001F8F8BDF0B500F5CD
:10633000805191F8EC284FF0FF36BAB1D1F80C2912
:106340000C2A13D2D1F80049D1F8E05800EB4403ED
:1063500003F580532A1A921EB3F8343892B2B1F87A
:106360007C78D1F8E8C89C44674501D23046F0BD3E
:1063700000EB840000F58050C0F80458D1F8E848DC
:10638000C0F84C48B1F87C08D1F8E8482344C01A5A
:10639000A1F87C08D1F8E8081044B0F5C05FD1F846
:1063A000E80801D3A2F5C0521044C1F80409D1F89D
:1063B0000009401C0C28D1F8000901D2401C00E063
:1063C0000B38C1F80009D1F80C09401CC1F80C09C0
:1063D000D1F81009401CC1F81009002081F8EC0820
:1063E000C1F8E808C1F8E408F0BD00002DE9F0416B
:1063F00000F580549046D4F8042986B093B2C3F5D2
:10640000C05295B20022561EB1F5C05F73DCD4F8BD
:106410000C790C2F6FD2A94201DB2A460023B4F875
:106420007C588F18BD4266DB03449B1CC4F8E038DF
:10643000C4F8E8180026C4F8E468012184F8EC18D0
:10644000D4F8001900EB410101F58051A1F834287E
:10645000D4F80019294F00EBC10532466946384689
:1064600005F5C45510F02CF9324605A9384610F050
:1064700005F99DF801009DF80210C0EB001001EB3A
:10648000800028601E4B029810B91869C0F30E00F6
:106490000199814200D90146029A401A12B919693C
:1064A000C1F30E0242F20F71904200D910460AB1B8
:1064B000914203D1884214D9084612E0521C034687
:1064C000710842F210774FEA3200E3FB07014FF008
:1064D0000003F9F757FF7B1E00221B1A8A4100D2E6
:1064E000781E6860D4F8E0180020C8F8001006B0E4
:1064F000BDE8F081FFE73046F9E70000CCA50020B9
:106500000028004000F58050D0F8E428D0F8E838A2
:106510009A420AD2D0F8E428D0F8E0381344521C4A
:10652000C0F8E428197000207047D0F8E418491C1E
:10653000C0F8E4184FF0FF307047A0F21C7000F56F
:1065400000500021017241600160016B491C016330
:106550000020704700F58050D0F8E818D0F8E40823
:10656000081A704710B500F58053D3F80C499CB158
:10657000D3F8084900EB840404F58054D4F80448A7
:106580000C60D3F8081900EB810000F58050D0F8BA
:106590004C081060002010BD4FF0FF3010BD00F51A
:1065A0008050D0F80C09704710B5044641F6181118
:1065B000FAF7A2F904F580544FF4C051A4F87C18FE
:1065C000002010BD10B5044811F0E5FBBDE81040F7
:1065D000024809F075BD000044A9002028060020EB
:1065E00010B5044618F0F8F92046FCF713FBFCF749
:1065F00037FEFCF79BFA0F4806F0A9FA1CB10D48CC
:1066000003F0E4FD07E00C48C16841F40051C160AB
:10661000084806F091F809480068002808D0816B06
:10662000002905D0BDE81040054A064809F0BEBD66
:1066300010BD0000F09E042000100140A8F40420CA
:10664000A8EC04202806002000BF704700BF704758
:106650002DE9F04F514986B003AE1CC98DE81C00EE
:106660000EC986E80E00DFF830C100252C464FF039
:10667000FF3ED8B3066ACEB30023EA460DF10C09FB
:106680004FF00C0B5AF82320002102EB8207C7EBD6
:10669000C2120BEB820859F821204244571C67456F
:1066A00008D2B25CF75D02F07F0247EA022205EBF6
:1066B0005215641C491C0329EDD35B1C032BE1D349
:1066C000A4B1B5FBF4F1A1F50073DA17A0F84810F6
:1066D00003EB127290F84A30314D03EB2214036D34
:1066E000EA698B4207D2521CEA6117E0FFE7704665
:1066F00006B0BDE8F08F2A4B466D9B698E4201D9EA
:106700005B1C0AE0002A01DC002200E0521EEA6164
:10671000002B01DC002300E05B1EAB610022FF2C9C
:1067200003DDFF2180F84A1006E0002C02DA80F831
:106730004A2001E080F84A40E969202906DD90F806
:106740004B1001B1491E80F84B10EA61A96920295C
:1067500007DD90F84B10032900D0491C80F84B103E
:10676000AA6190F84D2090F84A309207120E42EA42
:10677000032290F84B30017E03F0030342EA031238
:1067800090F84C3001F0030103F0030342EA830266
:106790000A4302830020ABE70C670200445404085C
:1067A0009479042070B501682023CA6C916D92F829
:1067B0005C2003FA02F28A6002680824D26C92F824
:1067C0005C2004FA02F28A6002681025D26C92F80A
:1067D0005C2005FA02F28A6002680126D26C92F807
:1067E0005C2006FA02F28A6001688A6C916D92F868
:1067F0005C2093408B600268926C92F85C2094401D
:106800008C600268926C92F85C2095408D60006804
:10681000806C90F85C0086408E6070BD10B50021E1
:10682000017101810221C18000F002F8002010BD39
:1068300010B5044810F08DF90348016841F4802137
:10684000016010BD9CA60020180402402DE9F0470D
:1068500005460EF011FA696C401A1949486228463B
:1068600000F0A0FB284600F080FAA88B022101EB83
:1068700000144FF4F67044434FF0FF394FF4803862
:106880004FF6FF7614E02879B8B1E888052814D0CF
:10689000444501D3304600E0204687B239462846B9
:1068A00017F0BEFD287940B1E888052805D0E41B23
:1068B000002CE8D10020BDE8F0874846FBE7000047
:1068C000947904202DE9F04186B004460E46808A72
:1068D000009001A9012000274FF0030881E8810101
:1068E0006946E0680EF0D6F8A18A0022E0680EF052
:1068F000BEF901200DF07CFF002514E0A18A0122E1
:10690000E0680EF0B4F9002000BF401C0528FBDB56
:10691000A18A0022E0680EF0AAF9002000BF401C06
:106920000528FBDB6D1CB542E8D3A08A009001A9C5
:10693000022081E88101062004906946E0680EF09B
:10694000A9F806B0BDE8F0812DE9FC5F344D04469E
:10695000DDF830B0DDF838A06868984617468946FB
:10696000401C68600026AE60042045F82060401C92
:106970000C28FAD3012000F073F826712681C4F8A0
:106980000CB0C4F800900D98A082C4F810A00F9825
:10699000E08200F04DF820680068016841F0400195
:1069A00001600520A0832762E662861F1FB11D4992
:1069B0004046884504D2AE60E02000F051F80AE07D
:1069C0000246394604F160001BF0A2F9204600F0AF
:1069D000DBF838B1A860207940F00800207130461B
:1069E000BDE8FC9F207940F0010020710EA0D0E9A5
:1069F0000010CDE90010206A0160BDF8041081800C
:106A00000220E080002120461BF0D2F80121204620
:106A10001BF0CEF8062000F023F80020E0E700008D
:106A2000CC7404200071020043453332430000005F
:106A3000094810B5016841F00401016032200DF0F1
:106A4000D7FE0648006810B1044810F082F8BDE88F
:106A5000104017F0CFBA0000180402409CA6002096
:106A600010B5034C20600EF007F9E06010BD000087
:106A7000CC7404202DE9FC470446D0F82080002087
:106A8000009001900520A08340F6DF20208342F68D
:106A90006400608301212046FFF714FF208B9021C2
:106AA00041EAD0318DF80010C0098DF80100207E38
:106AB000922140008DF80200608B4FF47A7741EA12
:106AC000D0308DF80300608B3B46C0098DF8040080
:106AD000A07E032240008DF805006946204600F0A4
:106AE0008DFA3B46032220460DF1030100F086FAA1
:106AF00001200DF07DFE0A212046FFF7E3FE0C2168
:106B00002046FFF7DFFE0320FFF7AAFF4FF4F676DB
:106B100032465521204600F0DBF94FF0FF3508B131
:106B2000E2200AE00420FFF79BFF4FF47672552124
:106B3000204600F0CDF928B1E320FFF791FF284669
:106B4000BDE8FC872046FFF781FEB146DFF830A0A4
:106B500000254FF4A07653464A464146204600F0B1
:106B600055F86D1CB542F6DB3B460C220549204624
:106B700000F04CF80520FFF773FF0020E0E700006D
:106B8000A0860100FC74042010B504460220FFF723
:106B900067FF204600F081F828B1E120FFF760FF91
:106BA0004FF0FF3010BD2046FFF764FF10B16FF0CB
:106BB000010010BD002084F84A00012084F84B0039
:106BC000022084F84C0084F84D004FF4B3706065E7
:106BD00040F29920206598202083207F4FF409718E
:106BE00000F00F0041EAC02060832068C26C016899
:106BF00012680C3191600168C06C0C3100688160D2
:106C0000002010BD002070470020704770B5154669
:106C10000C46064600F0C6F9304600F0A6F806E03D
:106C20000021304617F0C2FD04F8010B6D1E002D47
:106C3000F6D170BD70B515460E46044600F0B2F9A7
:106C4000204600F092F8A6632046A562BDE8704099
:106C500017F078BC10B504460EF00EF8616C401ABF
:106C600008498862204600F09DF9204600F07DF832
:106C7000054A42F210732046216AFFF7DBFF00202D
:106C800010BD0000947904200C67020010B500F0DC
:106C9000B9F8FFF7D9FC002010BDF0B587B0044665
:106CA000C08A029002200025CDE90305032005904B
:106CB0000620069002A920690DF0ECFE0095052043
:106CC0000195A08340F6DF20208342F666006083B2
:106CD00001212046FFF7F6FD208B902141EAD031BB
:106CE0008DF80010C0098DF80100207E922140002F
:106CF0008DF80200608B6F4641EAD0308DF80300BA
:106D0000608B4FF47A76C0098DF80400A07E4000B5
:106D10008DF8050001212046FFF7D4FD33460322FC
:106D20006946204600F06AF933460322F91C2046E2
:106D300000F064F96D1CFF2DECDD01200DF058FD15
:106D400007B00020F0BD10B5816A59B90168096823
:106D50004968C90703D0FFF725FD002010BD0321B6
:106D60001AF026FF4FF0FF3010BD08B50068002173
:106D700002689160006802E0017B8DF80010816874
:106D8000C943C907F8D008BD7CB504460DF074FFAF
:106D900005460DF077FF4FF47A7110FB01F0616C3E
:106DA0006564691AB0FBF1F0A065002000900190C5
:106DB000608B902120F002006083208B41EAD0316B
:106DC0008DF80010C0098DF80100207E922140004E
:106DD0008DF80200608B41EAD0308DF80300608BA3
:106DE000C0098DF80400A07E40008DF80500FFF773
:106DF0002DFC4FF47A7306226946204600F0FEF817
:106E000000207CBD10B50279046822F004020271F2
:106E1000226842F21071536823F003035360E26C5E
:106E20001268136823F001031360A26C12681368E0
:106E300023F0010313600268126800E000BF93684A
:106E40009B0701D4491EF9D221680A6822F040024A
:106E50000A60E16C09680A6822F484720A60A16C15
:106E600009680A6822F48C720A60FFF79BFC2068AC
:106E7000016841F04001016010BD00002DE9F041C2
:106E800080460DF0F9FED8F84410104C401A6062AC
:106E9000404600F087F84046FFF767FFE4684FF48C
:106EA0008036751E04F570740AE0B44201D328469A
:106EB00000E0204687B23946404617F0B1FAE41B9D
:106EC000002CF2D10020BDE8F0810000947904206C
:106ED0002DE9F74F009800F065F80098FFF745FF9F
:106EE000002402982746A0F1010A2546A14626461D
:106EF0004CF2503BA04639E00021009817F056FCB8
:106F0000002801DA08F10108C1B225B1A9420DD06B
:106F1000002500240BE0552905D0AA2901D0894677
:106F2000F7E7AA2500E05525012400E0641CBC42D7
:106F300000D927463146761C594517D91649029A79
:106F40000A614E618F61C8610098006800688068BE
:106F500008621248006848621048001D0068886294
:106F6000C1F82C804FF0FF30BDE8FE8F5445C3D3ED
:106F70000B48AA23FF224169002009EA02049C422F
:106F800005D05B085208401C491C0828F5DD009814
:106F9000FFF798FC0020E7E7CC74042010040240BF
:106FA0009479042000B5017985B08A070CD521F0C9
:106FB00002010171C18A0091002101910221029117
:106FC000006969460DF066FD05B000BD00B50179A8
:106FD00085B08A0710D441F002010171C18A009185
:106FE00002210191002102910321039106210491C4
:106FF000006969460DF04EFD05B000BD2DE9F04178
:1070000015460C4607460668FFF7E0FF3846FFF7CF
:10701000ACFE05E02178384617F0C8FB641C6D1EF5
:10702000002DF7D130688168C943890701D500BFB9
:10703000F9E7BDE8F08110B5B0F90610022902D0D9
:107040000222C28089B21AF0B3FD002010BD4FF0B9
:10705000FF3278B30021435CFF2B02D0435C402B0E
:1070600031D2491C8029F6DBD0F8801002292AD8B9
:10707000D0F88C10F1B1D0F88C10B1F5007F22D887
:10708000D0F884100A291ED2D0F888100A291AD202
:10709000D0F8801021B1012904D0022913D10AE0CF
:1070A000007803E00178FF290DD04078FF280AD04E
:1070B0000020704707E00178FF2904D04178FF29BC
:1070C00001D08078F2E71046F3E708B1002070475E
:1070D0004FF0FF30704703E011F8013B00F8013B2F
:1070E000521EF9D27047B0F80402084201D00020C5
:1070F00070474FF0FF3070470021C0F80012A0F831
:107100000412704770B586B002F06EFD6C4CE079E9
:1071100038B109F007FB20B102220421032004F05A
:10712000D3F809F067F800256576A5766548664CC2
:107130008585206A10F0BCF8606910F0B9F8E06944
:1071400010F0B6F8A06910F0B3F8606A10F0B0F86B
:10715000A06A10F0ADF8206A10F006F9606910F02E
:1071600003F9E06910F000F9A06910F0FDF8606A19
:1071700010F0FAF8A06A10F0F7F854480DF092FFFA
:1071800001210802524B4200CDE90201CDE9002362
:10719000504A4E494B4804F0D9FA10B9494804F016
:1071A000D3FD4A480DF0BDFD48480EF0E3FA4A48C9
:1071B000FFF734FB49480FF0CCFC48480FF03EFD88
:1071C00047480FF0C6FC46480FF038FD45480FF021
:1071D000C0FC44480FF032FD434C002208212046F9
:1071E0000DF045FD41480FF0B4FC40480FF026FD7E
:1071F0000122042120460DF03AFD14216846F9F7DA
:107200007BFB08200326CDE900066946029520464F
:107210000DF040FC14216846F9F76EFB0420CDE91F
:1072200000066946029520460DF034FC304810F007
:10723000B2FD2F4810F0FCFD2E4810F0ACFD2D489B
:1072400010F0F6FD2C480CF0D9FF2B480DF01EF87D
:1072500014216846F9F750FBF002CDE900066946B3
:10726000029520460DF016FC2448B0F8980201283B
:1072700004D12348806A08B117F0F6FCA06940F4F5
:107280000040A061A06940F08070A06110481830F3
:10729000016841F080510160016841F48021016082
:1072A0001848016821F0010101601748A0F86851F1
:1072B0001648016841F00051016006B070BD000041
:1072C000000000206477042058E1042078A5002005
:1072D0000004024034AA0020603D002044A60020A3
:1072E0009CA60020F4A6002000000240ECA500208F
:1072F000FCA800208CA9002030A500202836002002
:10730000A8EC04200C010020B00200201808024064
:1073100010B586B002F068FC14216846F9F7ECFA63
:10732000042000900120019002900320104C039053
:10733000694620460DF0AEFBA06940F00400A06154
:1073400017F03CFB17F06EFB17F01AFC17F078FBF8
:1073500009F082FFA06940F48070A06164200DF004
:1073600047FA0448016841F48051016006B010BD3D
:10737000000002401804024010B54FF48071064826
:107380000FF022F90549002048770548016841F4CB
:107390000051016010BD0000CCA5002000000020BD
:1073A000180802400349002048714FF40071024858
:1073B0000FF00AB900000020CCA500202DE9F04F05
:1073C0003B48A1B0808B002862D03A48816E0029EA
:1073D0005ED101218166DFF8E0B0DBF820000BF51B
:1073E000A07A84099AF8400168B19AF8400104280B
:1073F00000D20420DFF8C090E84609F10809844271
:1074000041D904463FE00120F1E7DBF814505F4624
:10741000DBF82000402838D3274B40265A685869AB
:107420004030904203D3B0FBF2FC0CFB12005861D9
:1074300009F1180151E8000F801B41E80002002A01
:10744000F8D1B86B46191C484030806B0544DAF817
:10745000000000B30020414636F8102021F810202B
:10746000401C2028F8DB0020414635F8102001EBB5
:1074700040035200401CA3F840202028F5DB694659
:107480000B48FCF7E9FE641EBFD20A480021816662
:1074900021B0BDE8F08F0027384600F009FA36F831
:1074A000101028F817107F1C202FF5DBDBE70000F9
:1074B000A07B04208000002068EB042008490A68B3
:1074C00042F080520A60096806490A6842F48072F4
:1074D0000A60096804490860BFF34F8F70470000D5
:1074E0004038024000700040842800400248006894
:1074F000C0F3000070470000F0ED00E000B50D495A
:107500008BB00120487701028DF82000800707909A
:107510004FF0803005904FF0706006900020099188
:107520008DF8030002460190694603480FF074F994
:107530000BB000BD00000020CCA5002030B58FB0FE
:10754000054614210AA8F9F7D7F928216846F9F762
:10755000D3F900244FF00040CDE90440039401200A
:107560008DF820000694079422460AA917480FF0C8
:10757000A7F89DF829002844C0B28DF829003C28BE
:1075800007D33C388DF829009DF82800401C8DF861
:1075900028009DF82800182801D38DF828409DF870
:1075A00028008DF800009DF829008DF801009DF855
:1075B0002A008DF802004FF40070099000226946FD
:1075C00002480FF029F90FB030BD0000CCA5002013
:1075D0002DE9FF4102F002FB334CC4F8B4012068EE
:1075E00081B204F500600BF03FFD05F001FE20B113
:1075F0004FF0FF3004B0BDE8F0812C4EB06B58B1B5
:1076000006F14007B86B38B17068B0F5007F03D35E
:1076100078687168884202D06FF00100EAE7244878
:10762000054613F01BFD2348716840224069CDE9EF
:107630000252CDE90010BB6B1F492048B26B13F01A
:1076400033FC256800201A4ACDE90000983A01462B
:1076500054689C2600EBC00206EB8202DDE900378D
:10766000A258D31841EB0702CDE90032401C042890
:10767000F0DB1046124A991A70F1000001D2012184
:1076800000E0002144F62060854200D300210D482F
:1076900001F062F90C4A04490C48FCF7ADFC0B48B8
:1076A000FDF736F80020A5E7A8EC042068EB0420DD
:1076B00040F5042058E10420F4A6002044A6002050
:1076C000C0C62D00B0020020A8F00420A07B04203A
:1076D0002DE9F0436948DFF8A091C3B00168B0F824
:1076E00008808FB200F50066D6F8E00280077CD5EE
:1076F0006348B0F8681119B1B0F86801012874D175
:1077000044F62063402200215E481BF0E7F8002188
:10771000022017F0FFFB5C4802F0AEFD0AF0C2FE4B
:1077200006F0BEFCFFF754FF4FF4FA700DF060F85E
:10773000544D0835284613F0E3FF284613F098FC13
:10774000842252496846F9F77BF800206A4605EB27
:10775000800191ED440ABCEEC00A10EE101AADF89B
:10776000841002EB4001BDF88430401C4B8040285F
:10777000EDDB8422694648460BF01CFC4349842219
:1077800084316846F9F75CF80020694605EB400251
:10779000B2F81022ADF8842001EB4002BDF884302D
:1077A000401C53804028F1DB8422694648460BF098
:1077B00001FC002427E0802122A8F9F79DF8A1B25E
:1077C00022AA284614F028F8882231496846F9F799
:1077D00037F8ADF80240002022A96A4631F810308F
:1077E000ADF8083102EB400300E041E0BDF808C10C
:1077F000401CA3F804C04028F0DB862269464846B6
:107800000BF0D8FB641C2878A042D4DC01F0B0FC5B
:10781000484605F0B1F80DF02FFA04461D4D04E07E
:107820000DF02AFA001B0A2802D828684006F7D56E
:107830003B464246002113481BF050F8D6F8E002C0
:1078400020F00200C6F8E0021AF0DCF903F09AFC1E
:1078500000280DD10021084617F012FC17F002FD98
:10786000094802F009FD43B0BDE8F0430AF01ABE32
:1078700043B0BDE8F0830000F09E0420A8EC042093
:10788000B0020020A8F4042044A9002038400408D5
:1078900040410408001001400448016841F4C061FF
:1078A0000160BFF34F8FBFF36F8F7047003C024002
:1078B000014600F01F00202902D2401E00F01F00E8
:1078C000704700002DE9F05F1B480026374600890D
:1078D0004FF004095FEA000802D0B8F1400F01D967
:1078E0004FF04008FF2208211448F8F7DBFF00257D
:1078F0001348002400EB452ADFF840B012E005FBF6
:1079000009401AF8042008280BD2FF2A09D0424562
:1079100007D20BF8002001200021F8F7ABFD064349
:107920000F43641C4C45EAD36D1C022DE0D3304656
:107930003946BDE8F09F0000A8EC0420300100208B
:10794000A8F004200F490A6842F080520A600968D2
:107950000D490A6842F480720A600A4A303212689D
:1079600012040DD50968C9050AD5084940F480708C
:107970000860BFF34F8F091F05480860BFF34F8FA2
:107980007047000040380240007000408C280040E2
:1079900017FA32CE41F6FF7108446FF30C007047BE
:1079A00070B50D46040021D04FF40071F8F7A4FF24
:1079B000FF2280212046F8F775FF2570681C4028BB
:1079C000284600D2401C6070A81C402800D2AD1C84
:1079D000A570FF2004F8030F0020C4F87D00C4F850
:1079E0008100C4F885000120C4F8890070BD2DE92C
:1079F000F04F89B01646129C98468A465FEA000905
:107A00007DD0BAF1000FFBD0002CF9D0B9F86C0092
:107A1000002874D140212046F8F76EFFB9F96C00B8
:107A200000EBC00109EB810191F890508031002DED
:107A3000E6D0042D63D80F7EAF4260D20A6852456B
:107A4000E7D156EA0800DBD0F005E2D104E051F8B6
:107A50002020002AD4D0401C8542F8D8760A46EA75
:107A6000C8564FF0000A4FF0FF314FEA58282A4617
:107A700053460846F8F786FC801B71EB08017ED35D
:107A8000A5FB06030AFB063305FB0833CDE9040317
:107A9000C01B73EB0A0332D3DDE90420D21B60EB79
:107AA0000A00C4E900204FF0010A4FF0000C0AEB75
:107AB000CA01CDE906CC09EB8106AAF1010704EB66
:107AC0008705D6F89400E862D6F89C00E346803635
:107AD000A0B3328CB2F1000830D0E3464FF0FF3152
:107AE0005B460846F8F74EFCDDE90423801A99410D
:107AF000C5D3DDE9043C4046A0FB031800E087E065
:107B00000BFB038300FB0C30D6F814C06FEA0B02AA
:107B10006FEA0C035B1A824131D31CEB01014BEB82
:107B20000002C1F30800E8624FEA512C0120E1197C
:107B30004CEAC25C4FEA522B81F8380009EB87000F
:107B40000022006F10EB0C004BF10001D0F1FF336D
:107B500088468A4113D32862D4E900219646D2434D
:107B60000091C943B2EB0C0271EB0B0107D30099F2
:107B70001EEB0C0241EB0B01C4E9002100E096E092
:107B8000E11991F8381011B950EA080104D0317C9C
:107B9000012943D13168D9B350EA08015ED04FEAD8
:107BA000482343EAD05342024FF0000C06A94FF499
:107BB00000708DE8031093469846614630681AF0CD
:107BC000B3F800282ADBDDE90602C10526D104EB63
:107BD000C701C1E90202DDE90610B1EB0B0270EB4F
:107BE000080201D3002006E0BBEB010168EB0002B4
:107BF000480A40EAC2502862DDE90601BBEB0003F7
:107C000078EB010205D2B0EB0B0061EB080102E05A
:107C100004E0002001468846C10503D0022009B0D7
:107C2000BDE8F08FD4E90036410A41EAC851B346B5
:107C3000DF434FEA5822F6437F1A964137D359184B
:107C40004BEB0206C4E90016E96A0023461A78EBFA
:107C5000030201D3EB6201E0081AE8620AF1010AAB
:107C6000BAF1030F7FF721AFD9F80C00B0F5004F40
:107C70001DD9D4E900120023D1F1FF34934116D36A
:107C80000024D9F81C50661ED5EB060564EB0403EE
:107C90006D1A93410BD3D9F84C30A0F500408342C4
:107CA00005D2C01A64EB0404401A944101D20120A9
:107CB000B5E70020B3E7000010B50446807CF0B1C2
:107CC00013480068C00720D110F0BCFA002803DD7B
:107CD000204601F088FC18E003DA204601F08DFC14
:107CE00013E00B48001D006878B9B4F86800C0F3D1
:107CF0000E00411C0A28F0D8A4F8681005E094F89A
:107D00007C0010B90220A4F86801002010BD00001A
:107D10005864024070B51C461546062902D94FF03A
:107D2000FF3070BD01EBC10100EB81000023224652
:107D3000294680301AF035FE002070BD38B51C464B
:107D4000049B1546062902D94FF0FF3038BD01EBE0
:107D5000C101002200EB81000092224629468030BA
:107D60001AF030FE002038BD2DE9FF47044650F8D8
:107D7000807FD0F86C90A07C00287DD1B4F868009A
:107D8000000403D5032004B0BDE8F0870020CDE94E
:107D90000200B86979687C4D00264FF001084FF465
:107DA000007A884224D902AB524600213846009618
:107DB0001AF04DF800281ADD02AA3946204600F0D4
:107DC0007FFA012801D008BB02E084F8408024E05B
:107DD000D4E90E10DDE9022389185841C4E90E10D8
:107DE00084F840802961686185F8008000E00DDB3F
:107DF000206F18B9606F08B9A06FB0B1012739467C
:107E0000204600F0E2FC012807D058B184F84080F9
:107E1000002000F059F90220B5E7072000F054F9DE
:107E20000120B0E77F1C032FE9DDDFF8608198F8BF
:107E30000000D8B3B4F84C00C00405D00020A8B3AB
:107E4000A4B3A07C90BB01E00120F8E794F87D008A
:107E500060BB94F87C0048BB0022D44602EBC20110
:107E600004EB8101D1F89C00803198B10F7C8FB177
:107E7000042F21D8486900E070E060451CD2002042
:107E800006E051F820308BB19B69634514D8401C43
:107E90008742F6D8521C062AE0D30121204601F081
:107EA000FBFC20B1022000F00FF96BE004E088F841
:107EB0000060E069606265E0E07C98B3B4F96C0052
:107EC00000EBC00004EB8000D0F880008069B0F5C2
:107ED000806F28D20020524600EBC00304EB8301E0
:107EE000D1F8941091421ED2401C0628F4DBB4F85D
:107EF000600098B300221146104600EBC00704EB67
:107F00008703D3F89C309A187141401C0628F4DB93
:107F1000D4F85C01036844F62067BB420AD2C06A09
:107F200040B902E01BE0EE601FE01948101A71F141
:107F3000000001D3142700E000270CF09DFE0FB1D4
:107F4000E96809B9E8601FB1E968401AB84219D375
:107F5000E07C10B111F04EFFE674EE6012E0EE60CE
:107F6000D9F81800616E884203D3204601F01AFC4C
:107F700008E0012104F5B870FFF7B5F810B9204604
:107F800000F03DFD0020FEE6007804202A000020DD
:107F900080841E002DE9F05F04004FF000054FF0D3
:107FA000FF3A61D0B4F96C0006285DDAB4F96C00D0
:107FB00000EBC00004EB800090F8901080300029A6
:107FC00076D00768002F73D0DFF8E880A946042632
:107FD0004FF4007B64E0A07C90B3D8F80000C007A9
:107FE00012D110F02FF9002803DD204601F0FBFA32
:107FF00056E002DB3048006830B1B4F8680040F465
:108000000040A4F868002DE02C4805F101058542E8
:1080100046D92B4942F210702A4B00E000BF9A6803
:10802000920701D4401EF9D2586820F0020058602F
:10803000D8F80020404622F00102C8F8002001E0F4
:1080400013E000BF0268D20701D0491EF9D20068D0
:10805000C007D2D1186820F040001860186840F0BE
:108060004000186084F8129022E0A06968B1656B46
:10807000A4F86861204601F0C6F9606BA84217D1E8
:10808000B4F86800000413D409E0A4F8686120463D
:1080900001F088FB60B9A07C08B9A06940B1002557
:1080A000B869584597D2A4F868610020BDE8F09FF0
:1080B0005046FBE7586402405C64024080841E0026
:1080C000A0860100003001402DE9F041DFF89081E9
:1080D000012508280ED008F58076624C7168491C8D
:1080E0007160A90208285CD2DFE800F00D2F735BF5
:1080F000425B672603210122084603F0E5F888F871
:108100002850BDE8F08194F87D0020B9B4F85E00F5
:1081100008B106F0A9F82021534807F0BFF9022260
:108120000621042003F0D0F850A1554804F0D6FAF7
:10813000534804F001FB34E04B4807F0AFF901224B
:108140000721032003F0C0F802E0474807F0A6F932
:108150004CA14B4804F0C2FA494804F0EDFA94F8F7
:108160007D00F0B9B4F85E00D8B106F07DF818E0F3
:108170004748016821F0010101604FF480713A48DD
:1081800007F08CF902220121032003F09DF841A1A0
:108190003B4804F0A3FA3A4804F0CEFA384804F019
:1081A000EBFB70680528ACDDB0680028A9D13B491D
:1081B00042F210703A4AB56018E04FF400612A4864
:1081C00007F06CF902220421032003F07DF835A1A9
:1081D000ABE74FF40071244807F060F90321022255
:1081E000084603F071F832A19FE700BF93689B0730
:1081F00001D4401EF9D2506820F0020050602F4890
:10820000036823F00103036000E000BF0368DB079D
:1082100001D0491EF9D200684FF00007C00705D011
:1082200084F8405094F87D0098B10FE0106820F079
:1082300040001060106840F040001060A774E07CBF
:1082400010B111F0D7FDE77488F828507760B76057
:1082500057E7B4F85E000028F8D006F005F8F5E717
:1082600000000020B0020020A8EC0420455048592E
:108270005320425546464552204F565200000000BA
:10828000F09E0420436172642046756C6C0000000F
:108290000C0100204E6F204361726400A086010033
:1082A00000300140534420466F726D61740000003D
:1082B00043617264204572726F720000586402401C
:1082C0002DE9F04FB5B004464FF00000CDE9320083
:1082D0000F465FEA0209104603D000220260C9F887
:1082E0000420CCB1C7B1E07C002618B111F082FDAA
:1082F00090B9E674EFF3108572B6B34632AB4FF423
:10830000007200213846009619F0A1FD002807DC14
:1083100005B962B6002800D0022035B0BDE8F08F64
:108320000DF18808CDF80080DDE93223394620467A
:10833000FFF75DFB18B1002DEFD162B6EDE70297B4
:10834000386B0DF1080A796BCDE90401F8680690E5
:10835000B86907903868012632460890511E08EB2C
:10836000C10102EBC20004EB8000D1E90231D0F878
:1083700080000B431ED0002153460AE003EB411C52
:10838000DCF800C0844503D1002DC5D162B6C3E737
:10839000491CB142F2D303EB46110860036BD0F8DD
:1083A00034C0C1E9023CC3680B6183694B6100685A
:1083B000761C8861521C032AD0DDDDE932230021BE
:1083C000384619F04FFC90B9012707EBC70004EBC2
:1083D0008001781E08EBC0008031D0E9022352EA08
:1083E000030007D00868002119F03CFC10B10022FE
:1083F00053465EE07F1C032FE7DD01204746DC4645
:1084000000EBC00104EB8102411E07EB810304EB8A
:1084100081081E6AC8F87060DB6A3944C2F894307B
:1084200091F83810803219B182F818C082F819C05A
:10843000401C0328E4DDB4F96C0000EBC00004EB41
:10844000800080F898C0B4F96C0000EBC00004EB29
:10845000800080F899C0E06C22990844E064E169EA
:10846000229A1144E16160614FF0FF30A4F86A0084
:10847000C4F818C0A4F85CC00220A4F86801B9F1DF
:10848000000004D0DDE932120160C9F8042005B90A
:1084900062B6002041E703EB4210D0E902740168A4
:1084A0000F634C630469CC6044698C618069086027
:1084B000521CB242EFD367E710B5038A8B420ED34A
:1084C0003F23491E91FBF3F403FB1411D0F8600124
:1084D000042303EB810140581060002010BD4FF0D1
:1084E000FF3010BD2DE9FC470446DDE90A89B0F8EC
:1084F0005E001D4616460F4618B14FF0FF30BDE82E
:10850000FC87204600F088F8C4F864811120C4F884
:108510006C7160604FF40050A060E060C4E9576582
:108520000025E562E56125626563C4E90E5584F8BE
:108530004050A565A574A56184F87C50204601F0E3
:108540006CF8204600F07BF800F044F80EB1706B38
:1085500000E0002008B940F2E240A4F84800022000
:10856000A4F86A01C4F87053A4F87453B4F8601006
:10857000204600F0F1F90020CDE9000000EBC00139
:1085800004EB8101DDE90032D1F89C10CB1845EBFA
:108590000201CDE90031401C0428EFDB1946102010
:1085A000A0FB0167002202FB0171019B00FB03108D
:1085B000810241EA9650401C4FEA4030A062B9F176
:1085C000000F04D00520A4F85C00A4F86851002036
:1085D00095E7000010B50C48FAF756FE0A48382116
:1085E000A0F84811094991F89B12A0F84A1100F52A
:1085F00098710748C26E4A63B0F870000887FEF7AA
:10860000E7FF0449086610BDA8EC0420F0CE042062
:1086100070D1042000000020704710B5044600F01F
:1086200033FA38B10020A4F868010220A4F86A01E6
:10863000C01E10BD2046BDE8104000F0D7BC2DE99B
:10864000F047044600F0A8F908F0E6FC4FF4007982
:1086500050B91120D4F85C1110F0BAFB20B1494692
:10866000D4F85C0106F01AFFD4F85C0101F024FA9A
:10867000D4F85C113820A1F848011220D4F8641114
:1086800010F0A6FB4FF4803A48B10021D4F8640101
:10869000FFF786F95146D4F85C0106F0FFFE002191
:1086A000D4F8640101F0B3F9D4F86411132001F592
:1086B000007110F08DFB58B1D4F86401202100F551
:1086C0000070FFF76DF95146D4F85C0106F0E6FE44
:1086D000D4F86401202100F5007001F098F9D4E984
:1086E000028700252E46258205F18000D4F860110E
:1086F00010F06EFB48B14946D4F85C0106F0CEFE9E
:108700004946D4F86001F8F7F7F8D4F8600100683A
:108710003F2809D95146D4F85C0106F0BFFE49460E
:10872000D4F86001F8F7E8F8D4F86001218A02680B
:1087300011442182016871B101680422491E02EBD3
:10874000810250F802804FF4807202EB810141589F
:10875000012621F0004701683F2904D0802161658E
:10876000016889B117E0681CB0F5786F0AD35146EB
:10877000D4F85C0106F092FE4946D4F86001F8F79F
:10878000BBF808E06D1CAFE72EB1C0F8FC80D4F850
:108790006001C0F8F871D4F85C11D4F86C0110F0E5
:1087A00005F9D4F85C01D0F8101131B1D0F81011EE
:1087B000D0F81001A0F50040E06000F0BCF82046C1
:1087C00000F02BFF0020BDE8F0872DE9F04F87B0C7
:1087D000040050D001294EDB03294CDC01EBC10021
:1087E00004EB800000F18008491E04EB8100039037
:1087F000006F002840D098F8100001283BD1D8F82D
:108800000000C0B3EFF3108572B603984FF4007602
:108810000021006F0096C30D420204A8CDE90101BA
:1088200092469946D8F8000019F07EFA002803DB3A
:10883000DDE90401C20502D0EDB962B61BE0BAEB76
:10884000000379EB010204D2B0EB0A0061EB0901ED
:1088500001E000200146460A834646EAC1564F0A17
:10886000009156EA07000DD0E07C58B105B962B618
:1088700011F0C0FA18B1022007B0BDE8F08F002057
:10888000E074BFE756EA07001DD0E068B0F5004F7E
:1088900015D9E3694FF0FF3C0022D3EB0C0362EBE8
:1088A00002019B1BB9410AD3E16CA0F50040814253
:1088B00005D2401A62EB0202801BBA4103D205B90D
:1088C00062B60120D8E7DDE904230021D8F80000D2
:1088D00019F0C8F90028AFD1DDE90410B1EB0A02A4
:1088E00070EB090201D3002006E0BAEB010169EB4D
:1088F0000002480A40EAC2500399086756EA070096
:1089000015D0E06C3044E064E1693144E1616061BC
:10891000D8F81400009A0021BBEB00038A4101D271
:10892000A0EB0B010120C8F8141084F8400005B931
:1089300062B60020A0E719F065B910B5B0F85E2066
:1089400000210AB1A0F85E1081610521A0F85C1039
:1089500000F00EFC002010BD10B5044689B10120C6
:10896000A4F86000D4F8EC0040681AF0E7FB9FED33
:10897000081B53EC112B1AF077FC1AF09BFB606676
:1089800010BD0020A4F860004FF48060F7E70000FD
:108990009A9999999999E93F10B5074CD4F8DC0256
:1089A000000708D5054800F07DF8D4F8DC0220F077
:1089B0000800C4F8DC0210BDA8F40420B0020020B6
:1089C000F9F7D6BE70B5040016D0E07C002510B1D2
:1089D00011F010FAE574A574A561606B401C60632A
:1089E000A4F85C5094F87C0038B9B4F86801042805
:1089F00003D00220A4F8680170BD0420FAE710B586
:108A00000446C07C18B111F0F5F90020E07404F5BB
:108A1000B871D4F8700310F0DBF90220A4F87403E5
:108A2000002010BD154810B5B0F89802144902286E
:108A300002D001280DD107E0C87950B1487B40B180
:108A4000087A032805D301E0887B10B107F0C8F845
:108A500040B9FAF7D7FF10B905F022FB10B14FF07B
:108A6000FF3010BD0748C06A18B1BDE81040FAF7E2
:108A7000ADBFFAF7ABFF002010BD00002836002084
:108A800000000020A8EC042010B50446FFF7CAFF40
:108A9000002805D00021A4F868110221A4F86A1169
:108AA00010BD00002DE9F0410646002408F0B4FA9C
:108AB000671E68B900251120D6F85C1111F06AFC18
:108AC00030B1022D00D13C466D1CEDB2032DF2D326
:108AD00000251220D6F8641111F05CFC30B1022D93
:108AE00000D13C466D1CEDB2032DF2D30025D6F823
:108AF0006411132001F5007111F04CFC30B1022D0E
:108B000000D13C466D1CEDB2032DF0D30025074982
:108B1000202011F03FFC30B1022D00D13C466D1CED
:108B2000EDB2032DF3D32046BDE8F081C838002014
:108B30002DE9F0431E4985B00878002834D01D483F
:108B4000B0F8B002C0062FD51B4F41F60C10C0592B
:108B5000082829D20D6988464E694F208DF80000FB
:108B60000024E946C4F10F00820028463146F7F799
:108B700094FC00F00F000A2801D2303000E03730BA
:108B800009EB0401641C4870102CEBDB00248DF809
:108B900011406946384603F0A1FD002804D138464B
:108BA00003F0CAFD88F8004005B0BDE8F08300007E
:108BB00000780420F0CE0420F09E04202DE9F04F30
:108BC000FA4887B0016841F0005101600024214655
:108BD000F74805F00BFDDFF8DC834FF0010988F85A
:108BE0001190F54F07F1140007C813F0EDFCF3489E
:108BF000F8F7C6FA05F008FAF14D0026B5F8980224
:108C000002282CD198F8230048B305A9684606F03D
:108C10004FFA694605A806F06BF982468B4607F1C4
:108C2000540108F1880006F063F998F80820042A36
:108C30000ED198F820205AB14FF4FA631AEB0303CF
:108C40004BF10002181A8A4102D216F035F830B101
:108C500088F8116005F00AF907B0BDE8F08FD9482F
:108C6000806AE0B3B5F89802012801D002284DD1FE
:108C7000386AA0B3006890B3416801F0700A0BF045
:108C8000FFF8D14A0023F7F77DFB1A4309D0386A71
:108C9000012400680BF0F4F801464EF2010005F0E3
:108CA000A5FC386A0068016821F001010160386A9A
:108CB0000068416821F070014160396A0968C1F8B3
:108CC0001490386A00680661B5F89802012826D029
:108CD000386A00684662386A0068416800E015E05A
:108CE00021F0700141EA0A014160386A09F0CCFBC9
:108CF000B5F89802012809D0386A0EF07FFC28B137
:108D0000012400214EF20D0005F070FC98F82000BF
:108D1000C34630B3B5F89802012817D021E0788E09
:108D200050B104280CD00828386A00680CD0006CB8
:108D3000396A09684862CEE7386A0068406BF7E72D
:108D4000386A0068806BF3E7C06BF1E705F0EEF876
:108D500038B101240BF090FF01464EF2020005F0FD
:108D600045FC786948B1006838B1016CC26B91422A
:108D700003D2C16BC26A914204D3012400214EF296
:108D8000030033E0816801F00701062930D1DFF8E4
:108D90003CA2DAF8001079B30BF072F88046DAF8EA
:108DA000000000680221C0F3C20001FA00FA0DF0D1
:108DB0005FF9B0FBFAF22AB34FEA0810801846EBCD
:108DC0001871401E41F1FF310023F7F7DBFA796992
:108DD0000968CA6B801C1044CA6A904208D3C86BE9
:108DE0000124C96A60F31F414EF2060005F0FEFB44
:108DF00005F00AF95CB19CE0FFE7012400214EF286
:108E00000400F3E7012400214EF20500EEE7704A6A
:108E1000BA467869A2F6D817402379680DF104089C
:108E2000009188E80D00A2F698106A49836B6748A4
:108E3000BA6B12F039F86848D0E90110CDE900109A
:108E4000EFF3108872B6002700215DF8270019F0B3
:108E50006FF87F1C022FF7D3B8F1000F00D162B674
:108E600054BBDAE90612D046DAF8140013F05AFBC4
:108E7000010002D04EF207001CE0524F386B38B1AF
:108E80004E48F8F7D9F818B100214EF2080011E069
:108E9000386B90B14948806878B1006868B18168E2
:108EA000C943490709D1016CC26A914205D9C16A17
:108EB0004EF2090005F09AFB3BE09BF8200060B100
:108EC000B5F89802012808D105F01AFC28B10BF07A
:108ED000D3FE01464EF20A00ECE73046B2465E464B
:108EE0008BF81100B86A48B3D8F82000474628B379
:108EF000006818B3B5F8980201281FD13448983893
:108F000015F07AFD18B100214EF20B00D2E7386A55
:108F100009F0BAFA798E386A0EF034FE28B10124CD
:108F200000214EF20C0005F061FB386A09F0ACFA42
:108F300024B107B0BDE8F04F04F098BF96F82000C8
:108F4000A8B9264900220C4625480DF0B9FB234953
:108F50000022143122480DF091FB224800F51861DF
:108F6000896AC161142221462030F7F769FCB5F8FF
:108F70009802022804D1307A042801D105203072E9
:108F8000134C983CC4F8F4A20A491748803104F500
:108F90003874C1F848A086F81290FBF7B9FB05F0C9
:108FA00025F8206840F01000206055E618080240BF
:108FB000524154530000002058E10420F83C0020A6
:108FC00028360020A8EC04200088130044A60020C6
:108FD00040F50420F4A60020E43F04086CF70420C8
:108FE000CCA50020D8ED0420A07B04202DE9F05F63
:108FF0000446B0F85E00012844D006F0F1FD0125DA
:109000004FF00209E8B30020C4E90E00034684F8DB
:109010004000024602EBC20004EB8000803019F0F1
:10902000DDFC521C062AF5DB0020984604EB80028A
:10903000401CC2F870800328F8DBFFF7C1FC208ACF
:109040004FF03F0B401E90FBFBF3594690FBF1FAAB
:10905000D4F860610BFB130704D2A068E064E068F9
:1090600020650CE006EB87004168E164D0F8000160
:1090700020F0004020650846FEF78CFCE0643FB11C
:1090800014E003E04FF0FF30BDE8F09F042058E00B
:10909000C6F80080E06C7060206DC6F80001616D5C
:1090A00001EB0A00314600F051FDE0BBC4F85880E6
:1090B000208A5946401C80B22082401E90FBF1F26B
:1090C00090FBFBF30BFB1300411C474631603E282D
:1090D00006D1606D521C1044234900F037FD10BBCF
:1090E000D4F85C0100F5A871081F04F0BFFF78B93F
:1090F000D4F85C1100221D4801F5A8710DF0E0FACA
:10910000D4F85C110022194801F5A6710DF0B6FAE9
:10911000D4F85C11E06C00F019FD20B9E06CD4F8D3
:109120006411401C00E00BE000F010FD40B9E06C61
:10913000D4F86411801C01F5007100F007FD38B10E
:109140000220FEF7C1FFA4F86851A4F86A9199E7DC
:1091500054F84C0F00F50050206065822782FFF71D
:109160002DFD002090E70000D43D0408CCA5002090
:109170002DE9F041354D364C286A38B1016829B1E6
:10918000B4F89812012916D00EF0B4FA05F11400C3
:1091900007C813F019FA2F48F7F7F2FF2E4E0027F1
:1091A00086F8227086F82370B7742CA12E4803F03D
:1091B00095FA48B112E00EF09DFA698E286A0EF019
:1091C00049FD15F051FDE1E7274803F0B5FA401CD1
:1091D00004D019212448F9F7F7FF20B10122022118
:1091E000062002F071F8F07938B107F09BFA20B14F
:1091F0004FF400711D4806F051F9FDF783FFB4F8F4
:109200009802022802D0012809D01CE01848A8635F
:1092100006F0D0FEB4F89802012802D013E01548F9
:10922000A8631548006870B1816B61B1D4F834024D
:10923000884202D0114802F056FE0C48C4F89C0245
:109240000E4806F050FF7774BDE8F08158E1042025
:1092500028360020F83C00200000002052656320E2
:1092600053746F7000000000F09E0420A8EC0420EE
:109270008CA90020FCA80020A8F4042028060020C7
:109280002DE9F05F0446012084F87C000027DFF818
:1092900048A13D46B846DFF844B1AAF104093E466C
:1092A0004FE0D9F80000C00713D10EF0CBFF002823
:1092B00003DD204600F097F943E002DBDAF8000016
:1092C00038B1B4F8680040F40040A4F86800A6740F
:1092D00035E007F101075F4533D9414942F210708B
:1092E000404A00E000BF93689B0701D4401EF9D2BA
:1092F000506820F002005060D9F80030484623F052
:109300000103C9F8003000E000BF0368DB0701D0AB
:10931000491EF9D20068C00702D04FF0010807E0EB
:10932000106820F040001060106840F040001060AD
:10933000A674B4F8680040F40040A4F86800012561
:1093400002E0A07C0028ACD1B4F86800000403D58A
:109350000125E674A6610EE06DB9A06930B1204622
:10936000676B00F050F8606BB84203D12046FEF7FF
:1093700011FE00B10125E07C38B1B8F1000F09D031
:109380006FF0010000B10125E674B046A661002629
:10939000374609E010F02EFDF4E70021204600F0EA
:1093A0007BFA18B1761CF6B21DB110E0012775B931
:1093B00001E0032EF1D357B12046FFF773FB84F889
:1093C0007C800320A4F86A010020BDE8F09F022001
:1093D000FEF77AFEF3E700005C64024080841E0022
:1093E000A08601000030014010B500218174816128
:1093F000C174426B521C4263A0F85C100820FEF757
:1094000063FE002010BD2DE9F0418569044605B9D1
:1094100001250026A674E168E06C884205D305208A
:10942000A4F85C000720FEF74FFE10F047FF00286D
:10943000E07C09D010B110F0DDFCE6742046FFF7A7
:10944000C1FA0020BDE8F081012802D160692844FA
:109450006061B4F96A00401C5DD0B4F86A00042869
:10946000B4F96A0000EBC00004EB800032D090F841
:1094700090208030012A4FD0017E521E91427CD133
:10948000067602684FF400775368D16801F50071E1
:10949000994203D3B1FBF3FC0CFB1311D160136BA6
:1094A000516B4FF4007C13EB0C0341F1000113638B
:1094B0005163183252E8001FC91B42E80013002B09
:1094C000F8D1B4F96A10B4F96C2091426BD1B4F9B7
:1094D0006C1064E0D0F880106A024B68C8681044D1
:1094E000984203D3B0FBF3F707FB1300C8600B6B84
:1094F000486B9B1870410B634863183151E8000FAB
:10950000801A41E80003002BF8D1206A2844206229
:10951000206D2844206553E001686A024F68CB68DB
:109520001344BB4203D3B3FBF7FC0CFB1733CB60F4
:109530000F6B4B6BBF1873410F634B63183151E8CE
:10954000003F9B1A41E80037002FF8D1B4F96A10A8
:10955000B4F96C20914211D1B4F96C0009E000EB30
:10956000C00104EB810151F8942F8B8903FB052284
:109570000A60401C0628F2DB1CE019E041696A42DF
:1095800001EB422112E001EBC10204EB820290F8F0
:1095900010C052F8943F978907FB0C331360491CA5
:1095A0000629F0DB06E04169A1F50071416101E0A7
:1095B000491C0176E0692844E061E06C2844E064DD
:1095C000A661A4F85C60B4F8680104283FF439AFE0
:1095D000A07C00287FF435AF0220A4F86801204663
:1095E000FEF7C2FB2DE70021817490F87C10002962
:1095F00002D10321A0F86A117047B0F8681041F455
:109600000041A0F868100021817490F87C100029B6
:1096100002D10421A0F86A1170472DE9F04100271A
:1096200005463C46B84604EBC40005EB8006D6F878
:109630009C0070B117B90746A5F86C40D6F89C009D
:109640003A46C10D40020023F6F79CFEA6F8A000A2
:1096500001E0A6F8A080D5F85C1104F2D5100C54F6
:10966000D5F85C2104F5F57196F8A0005054641CFF
:10967000062CD8DBD5F85C11062081F8D401D5F88A
:109680005C11022081F8B801BDE8F0812DE9F041BC
:109690000446C07C17460E46002510B110F0AAFB08
:1096A000E57466610120A061A0743946304610F06F
:1096B00071FEA574A56118B14FF0FF30BDE8F081CF
:1096C0000320A4F86A010020F8E72DE9FF5F0F46A8
:1096D0000446C3B11D46012D00D901250026A4F87A
:1096E0006860E07C4FF003094FF0FF3B4FF001084A
:1096F0005BB14FF4800A08B36069B8421ED1E06CD8
:10970000C10417D032E00125E5E710B110F072FB7B
:10971000E6746761C4F8188084F81280A4F8689130
:109720003846029911F008F900281AD0C01C34D02C
:10973000A66115E0616C401A504517D3E07C10B16A
:1097400010F058FBE674B4F8600018B950460FF0FA
:1097500069F820B93846676410F026FC20B1A67479
:10976000584604B0BDE8F09F84F813806761A56196
:1097700084F81280B4F86801022801D1A4F8689135
:109780004FF6FF7000EA4521029811F0D1FAC11C92
:1097900003D00028E5D0A661E1E72046FFF72DFFC2
:1097A0000020DEE72DE9F041044600F180010022AF
:1097B000B0F96C00012600EBC00001EB80007502DF
:1097C000037C012B0BD9037E4BB101688969A94247
:1097D00046D3B4F86C10A4F86A10024628E00020C2
:1097E0000023471E022F04D804EB8003DB6E03B175
:1097F000012300EBC00701EB87077F69AF4200D36D
:109800005BB3401C0628EBDB96B1B4F96C0000EBAF
:10981000C00051F820008069A84221D3B4F86C0040
:10982000A4F86A00B4F96A0000EBC00001EB800202
:10983000E068E16CA0F50040814227D2107E137CE5
:1098400052F82000012B0ED9B4F96A30B4F96C50EB
:10985000AB4208D11268D26806E0A4F86A00E3E7D8
:109860000320BDE8F081C2680123A4F85C30806B5E
:1098700002442046FFF729FF0028F2D02046FFF7D8
:10988000A1F80220FEF720FC0220EAE70720FEF7FD
:109890001BFC0120E5E700002DE9F05F4FF0030A13
:1098A0008B460446A0F85CA0C76939484668DFF8D3
:1098B000E490D9F80410D9F80800A7EB0108351A8C
:1098C0001BD015F0CFFC00EE108ADFED330A3348D1
:1098D000B8EE400A60EE200A00EE105AB8EE401AC8
:1098E00090ED000AF8EE401A81EE210A80EE801A0F
:1098F0009FED2B0A21EE000A01E09FED2A0A84ED7C
:109900000C0AC9E90176E07C18B110F073FA002066
:10991000E074208A3F21401E90FBF1F290FBF1F5AC
:1099200001FB1208E66CD4F860713046FEF732F89D
:1099300094F87C1001B1E06407EB88004660216D6B
:1099400021F0004294F8401009B14FF000410A4361
:10995000C0F800214FF0FF36A4F86A60A4F85CA0BC
:10996000606DD4F8602100EB0501BBF1000F4FF0F2
:109970000003204602D0FFF7A8FE01E0FFF786FEB5
:10998000401C02D00020BDE8F09F3046FBE70000FD
:10999000001000E00078042000000044C874042097
:1099A000000080350000000070B5044690F87D008E
:1099B0000225F0B1B4F8680104281AD0002084F818
:1099C0007D00A4F86A510521204618F06BFBEFF3E7
:1099D0000580D0B9B4F86801042816D194F87C0049
:1099E00098B9B4F86A0103280FD1A4F86A51032189
:1099F00008E0B4F96A01022803D0A4F86A5181B2E0
:109A000000E00221204618F04DFB002070BD70B52B
:109A10000D4604004FD0E0780123FF21002230B929
:109A20000420265C1EB9401C8028FAD3E170002077
:109A3000265CFF2E03D0265C402E00D32154401C10
:109A40008028F5D3D4F88000022801D9C4F88020FA
:109A5000D4F884000A2801D3C4F88420D4F88800FC
:109A60000A2801D3C4F88820D4F88C0020B1D4F897
:109A70008C00B0F5007F01D9C4F88C30D4F8800098
:109A8000401CC2B2002009E0215CFF2905D1291841
:109A9000C9B2402900D329462154401C9042F3D337
:109AA0002046FDF7D4FA002805D029462046BDE817
:109AB0007040FDF775BF70BD10B5002842D0036837
:109AC00044F620620021934200D90160836A9342E8
:109AD00001D903688362C36A102B00D9C162036B8A
:109AE000194CA34200D90163436B934202D940F25F
:109AF000E2424263826A002A026801D012B103E0A6
:109B0000826201E0826A0260D0F8A420042A01D9AE
:109B1000C0F8A410D0F8A020012A01D9C0F8A010E4
:109B2000D0F81821120607D5D0F8181101F07F01DE
:109B3000102907D3802103E0D0F81821402A01D34F
:109B4000C0F8181110BD00000071020070B50D467C
:109B5000064600242946304610F01CFC002805D09B
:109B6000641CE4B2032CF5D34FF0FF3070BD00004D
:109B700070B5134E0546002434B1012C0AD0022CD6
:109B800012D0032C0CD114E095F8EC224FF40051C4
:109B90000C4803E095F8ED2210210EE007F0FCFBE5
:109BA000641C042CE8DB70BD95F8EE224FF40071C4
:109BB00003E095F8EF224FF480613046EEE70000B5
:109BC00000000240000802400348406B002801D119
:109BD00040F2E24070470000A8EC04200148406BCE
:109BE00070470000A8EC042010B54FF0E020016998
:109BF000C90701D0406910B902200BF061FEBDE831
:109C000010400CF09FBF000070B504460648C568C0
:109C1000007838B134B10BF02FF8401BA04201DAC4
:109C2000012070BD002070BD6879042070B5D0F8A7
:109C3000583473B3D0F8543400EB8305D5F810448E
:109C400000EB4303B3F80C6411B1D5F804540D6074
:109C500002B11460D0F85414491C0229D0F85414ED
:109C600001D2491C00E0491EC0F85414D0F8581421
:109C7000491EC0F85814B0F818142144A0F818145C
:109C8000B0F818143144A0F818140020A3F80C04FC
:109C900070BDFFE74FF0FF30FAE77CB50446D0F81F
:109CA00058040E46A0B394F84804002578B96A46D3
:109CB00001A9204600F006F90198C4F83C04009878
:109CC000C4F84404C4F84054012084F84804D4F88B
:109CD0004004D4F8441488421BD2D4F84004D4F889
:109CE0003C140144401CC4F8400408783070D4F897
:109CF0004004D4F84414884208D384F84854C4F883
:109D00004054002211462046FFF790FF00207CBD02
:109D1000FFE74FF0FF30FAE710B504460022114686
:109D20002046FFF783FF0028F8D0002010BDF8B5CB
:109D300014460D4606466A46214600F068F810B102
:109D40004FF0FF30F8BD224629460098F6F7F1FCA7
:109D5000304600F001F8F8BDF0B590F838144FF037
:109D6000FF35B1B1D0F85814022912D2D0F84C24E2
:109D7000D0F82C4400EB4203211A891EB3F80C34AE
:109D800089B2B0F81864D0F834741F44BFB2BE4230
:109D900001D22846F0BD00EB8202C2F80444D0F89C
:109DA0003444C2F81044B0F81824D0F834442344A2
:109DB000D21AA0F81824D0F834240A44B2F5806FDF
:109DC000D0F8342401D3A1F580611144C0F85014B7
:109DD000D0F84C14491C0229D0F84C1401D2491C6B
:109DE00000E0491EC0F84C14D0F85814491CC0F8C3
:109DF0005814D0F85C14491CC0F85C14002180F899
:109E00003814C0F83414C0F830140846F0BDF0B56A
:109E1000D0F850349CB2C4F580639DB200235E1E1E
:109E2000B1F5806F25DCD0F85874022F21D28FB2A3
:109E3000AF4201D32B460024B0F81854CF18BFB25C
:109E4000BD4216D30444A41CC0F82C44C0F83414FA
:109E50000021C0F83014012180F83814D0F84C14D7
:109E600000EB4101A1F80C34D0F82C041060002064
:109E7000F0BD3046F0BDD0F83024D0F834349A42EA
:109E80000AD2D0F83024D0F82C341344521CC0F835
:109E90003024197000207047D0F83014491CC0F8E5
:109EA00030144FF0FF307047002180F83814C0F8AC
:109EB0003414C0F83014D0F86014491CC0F8601491
:109EC00000207047D0F858347BB1D0F8543400EB00
:109ED0008303D3F804340B60D0F8541400EB8100F2
:109EE000D0F810041060002070474FF0FF3070472A
:109EF00010B5044640F26441F6F7FEFC4FF4806171
:109F0000A4F81814002010BD2DE9F84343F298710D
:109F100000F540544518D4F830024FF0FF36C168C0
:109F2000890679D50068800676D50AF0A5FE8046B8
:109F3000D4F83002016821F020010160D4F8300229
:109F40004068C7B2D4F83802DFF8D490800554D501
:109F5000D9F81810A8EB0100B0F5FA7F08D9284607
:109F6000FFF7A2FFD4F8380220F40071C4F83812C9
:109F700095F8380428B96A464FF400712846FFF76F
:109F800046FFD5F83404D5F8301488420BD528465E
:109F9000FFF78AFFD4F8380220F40070C4F83802C2
:109FA0006FF0010636E03E2F06D039462846FFF70F
:109FB00062FF401C17D02DE0D5F83004C5F83404FA
:109FC0002846FFF7C9FE2846FFF76EFFD4F838028F
:109FD00020F40071C4F83812B4F8B00240F4806084
:109FE000A4F8B00215E02846FFF75EFFD4F8380267
:109FF00020F40070C4F838020CE03C2F0AD1D4F8E9
:10A00000380240F40070C4F838020AF035FEC9F88E
:10A0100018000026C9F818803046BDE8F883000013
:10A020006879042038B505464FF0FF3005F54054F7
:10A030000090D4F83012C868800615D508688006EC
:10A0400012D5086820F020000860D4F8300240687B
:10A05000C4B20AF011FE01460448C160012101703A
:10A060002146284602F028F8009838BD6879042077
:10A070002DE9FE4F064641F6181006EB000A43F2A2
:10A080004820DFF844814FF0000B06F5405406EB02
:10A09000000961E000250AF0EFFD0146D8E908203B
:10A0A000891A77EB0000CDE9001006D50846019922
:10A0B000401E41F10001CDE90001DDE9001241F24D
:10A0C00088330020591A904100DA012541F6EC004E
:10A0D00010F80A0048B99DF8080001F05BFE011E67
:10A0E00004DD6A465046FCF781F94DB15046FCF755
:10A0F00024FAD4F8380220F40070C4F8380227E0BB
:10A100009DF808105046FCF7FDF9401C24D19DF83D
:10A1100008003E2809D05046FCF70FFAD4F8380260
:10A1200020F40070C4F8380216E0304601F031FF28
:10A13000D4F8380220F40070C4F83802B4F8B00241
:10A1400040F01000A4F8B002304600F0C3F803E07D
:10A150009DF808003C282AD0D9F81810484679B351
:10A160004168C368826BD25C8DF80820C268521CBB
:10A17000C260C2688A4202D3C268511AC160016BD0
:10A180000122436B491C5F4643F1000301634363B3
:10A1900009F1180050E8001F891A40E80013002B4D
:10A1A000F8D143F2382080598005D1D572E70AF002
:10A1B00063FDC8E90807D4F8380240F40070B1E73D
:10A1C000FFE70020BDE8FE8F6879042008490A688F
:10A1D00042F480420A600A6842F000420A6005497F
:10A1E000CA6842F40052CA6080224A6002F0A4BAEF
:10A1F000180802400010014018B5044643F23431FB
:10A20000621804F540544FF0FF30D4F83012CB6898
:10A210001B0613D50B681B0610D5D2F8580400286E
:10A2200014DD69461046FFF738FD0028D4F83002E7
:10A2300005D0C16821F08001C160002018BD01680F
:10A240000906FCD59DF800104160F6E7C86820F0CB
:10A250008000C860F1E700F54050D0F83002C168D6
:10A2600042F288021143C160704702F065BA10B52E
:10A2700002F04EFB002010BD70B5040020D0114943
:10A28000206888421CD1104E3069002818D00F4930
:10A290006060C1F8B40200F001FE050002D10BF0CD
:10A2A000F7FE0546316900F0A7FDA0F110014FF659
:10A2B000EF72914204D821688860054908618D6178
:10A2C00070BD00000010014068790420F0CE042029
:10A2D000D09E0420022007F025B800002DE9F041AF
:10A2E00005460026FFF7C3FF80BB05F54054D4F8B0
:10A2F0003002C1680906FCD4284612F03DFAD4F8B1
:10A30000380220F40070C4F8380212A73846F6F775
:10A31000F1F9024643F2343039462844FFF707FD8D
:10A320002846FFF798FF284612F072FA002243F2FF
:10A33000987011462844FFF779FC284612F03CFA41
:10A34000B4F8B00220F40040A4F8B0023046BDE8F2
:10A35000F08100003C444953424F4E443E0000000F
:10A3600070B592B0044634216846F6F7C5FA142158
:10A370000DA8F6F7C1FAACB31E49086800F00C004E
:10A38000042820D0082820D000202060086800F091
:10A39000F0006060086800F4E050A060086800F415
:10A3A0006040E06014480068002500F0070020616C
:10A3B0002575012630040695CDE9006068460BF04E
:10A3C000A9FE78B903E00120DFE70220DDE70F20D6
:10A3D000CDE90E650D90109500210DA811950BF09B
:10A3E00017FD10B1012012B070BD14F03BFF2675AF
:10A3F0000020F8E708380240003C0240A0F130019C
:10A40000092901D808467047A0F14101052901D862
:10A4100037387047A0F16101052901D857387047D6
:10A420004FF0FF3070470000F8B5064606F540547F
:10A430000020A4F8B002B4F8B00220F08000A4F824
:10A44000B002D4F8340208F099FD1C4B4FF40075AB
:10A450004FF47A773A46A3F57A713046009500F0CA
:10A460009DF9D8B1154B3A46A3F57A71304600955F
:10A4700000F094F990B1D4F8340208F061FD0F4B6C
:10A480003A46A3F57A713046009500F087F928B175
:10A49000D4F8340208F072FD0120F8BDD4F834027B
:10A4A00008F06CFD3046FFF719FFB4F8B00240F039
:10A4B0000200A4F8B0020020F8BD000058DF04201C
:10A4C0002DE9F0410446C06B00254FF4806685609D
:10A4D000E06BC560E06B0661E06B4561E06B856138
:10A4E000E06BC561E06B0562E06B0AF09BF86F1EE4
:10A4F000A0B9E06B8463A16B40208860A06BC5604D
:10A50000A06B0661A06B4561A06B8561A06BC56106
:10A51000A06B0562A06B0AF085F810B13846BDE863
:10A52000F081A06B00220321846325200BF040FA08
:10A5300025200BF02FFA2068C16841F40051C1605A
:10A540002068C16841F02001C1602068C16821F025
:10A550008001C16094F8420020F0220084F842009B
:10A560000020DCE72DE9FF4790460F4606004FF03C
:10A5700000044FF0FF3A4DD0B8F1000F4AD0E7B3D6
:10A580003146002009E00A5C203A5F2A04D3062FF6
:10A5900008D0072F09D002E0401CB842F3D30025B1
:10A5A000E9461CE04046316802E056F8011F40468B
:10A5B0000160B188818037E0705DFFF71FFF0028E0
:10A5C0000CDB102C06D30F2209F101016846F6F7C7
:10A5D000F5F80F24715D09F80410641C6D1CBD4270
:10A5E000EAD30C2C16D309EB040547460C3D11D0D9
:10A5F0001FB1002415F8140000E00BE0FFF7FEFE89
:10A60000064605EB44004078FFF7F8FE002E01DB1C
:10A61000002803DA504604B0BDE8F08740EA06108F
:10A620003855641C062CE5D30020F4E72DE9F047EB
:10A630009846914604000D464FF0FF362DD065B385
:10A640000846F6F757F8022827D329783C2924D161
:10A65000284410F8010C3E281FD104F54050D0F8D2
:10A66000381221F40071C0F8381243F29870204477
:10A670000746FFF751FB2846F6F73CF8024643F23F
:10A68000343029462044FFF752FB30B92046FFF70B
:10A69000E2FD204612F0BCF810B13046BDE8F0876C
:10A6A000424649463846BDE8F047FFF7BFBA0000CA
:10A6B0002DE9F04F91B006004FF00000ADF84000DA
:10A6C0004FF0FF301746884682465FD0B8F1000F42
:10A6D00001D1002F5AD1304612F04EF806F5405005
:10A6E000D0F8381221F40071C0F8381243F2987093
:10A6F00030448346FFF710FB40216846F6F7FCF82C
:10A700003C208DF8000023A00A240268CDF8012027
:10A710008088ADF8050041208DF8070043208DF8B2
:10A720000800452069468DF809000A2F00D30A2742
:10A73000002589460BE009EB040118F8050010AA72
:10A74000F6F77CFABDF840006D1C0444EDB2BD4242
:10A75000F1D33E2109F8041043F23430621C6946FB
:10A760003044FFF7E4FA68B93046FFF774FD30462D
:10A7700012F04EF830B9002211465846FFF756FA4B
:10A780004FF0000A304612F017F8504611B0BDE8FD
:10A79000F08F000041445644415441002DE9F043FC
:10A7A00000F540560446D6F834021F469DB0836B30
:10A7B000249D1B685B680093C06B0068436804F5C8
:10A7C000705017F0ABFAD6F83402816B096849680B
:10A7D0000091C06B006843682A46394604F5715001
:10A7E00017F09CFA204611F0C7FFD6F83402FFF7A5
:10A7F00067FE204600F038F943F234302044072247
:10A8000083498046FFF793FA2046FFF724FD4FF473
:10A81000FA7009F0EDFF00271A971B9701976B4616
:10A8200001AA7CA120460097FFF700FF04F54A55D6
:10A8300028B9DDE900101AAAFFF794FEE8B3EF6625
:10A84000A5F870700020211804EB400201F540517A
:10A8500002F5405291F8EC3282F8FE3291F8EC1297
:10A86000401C82F8FF120628EDDB16971797189701
:10A8700000250DF158091997601900F5405009EBB2
:10A88000450190F8EC021CAAF6F7D8F96D1C062DCC
:10A89000F2DB142111A8F6F72FF8009701AB6A46F6
:10A8A0005EA120460197FFF7C1FE70B1204611F06E
:10A8B00083FF01201DB0BDE8F083FFE71A98E8662A
:10A8C000BDF86C00A5F87000BCE7009961B1019A71
:10A8D000042A09D9101F122801D9122200E0121FE0
:10A8E00011A8091DF5F725FF0125002711A8F5F787
:10A8F00001FF82B2002011AB0DE0111A194411F8CA
:10A90000011C3039092905D801FB0571CFB205EBCF
:10A9100085014D00401C9042EFDB86F89B7234218C
:10A9200004A8F5F7E9FF43F2BA21214431233E227E
:10A93000CDE90031CDE902923C233AA2322104A8AC
:10A94000F5F7BEFD04A8F5F7D5FE024604A940467A
:10A95000FFF7EDF92046FFF77EFC204611F058FF87
:10A9600043F298700022204411460546FFF75EF935
:10A970000A2009F03DFF14222EA16846F5F760FF7A
:10A980006846F5F7B7FE024669464046FFF7CFF93D
:10A990002046FFF760FC204611F03AFF00221146E6
:10A9A0002846FFF743F928A73846F5F7A3FE0246E5
:10A9B00039464046FFF7BBF92046FFF74CFC2046DE
:10A9C00011F026FF002211462846FFF72FF921A794
:10A9D0003846F5F78FFE024639464046FFF7A7F99D
:10A9E0002046FFF738FC204611F012FF00221146E6
:10A9F0002846FFF71BF91B48016841F480410160BC
:10AA0000B6F8B00220F00800A6F8B002002051E726
:10AA1000DB3F04083C4D41433E0000003C485645A6
:10AA2000523E000025634E414D45252E2A73257365
:10AA3000256300003C464143436F6D7061637420A1
:10AA400045706879733E00003C444953424F4E4480
:10AA50003E0000003C4144564741503530303E00F6
:10AA600000000000180802402DE9F04F9FB00024BC
:10AA70000646A1461094182168461194F5F73CFF4C
:10AA8000142106A8F5F738FFD348417841B1006991
:10AA900018B100201FB0BDE8F08F4FF0FF30F9E78C
:10AAA000CD48CE4F4FF0010880F80180C7F80080F4
:10AAB0004EB106F54055D5F8340220B1DFF820A399
:10AAC0000168514501D0E12014E0D5F8380220F4A6
:10AAD0000070C5F8380243F298703044FFF71CF953
:10AAE00043F234303044FFF717F96846FFF738FC7B
:10AAF00010B1E4203860D0E70BF0CAFA4FF4964169
:10AB000000F07AF9A0F110014FF6EF7B594509D812
:10AB1000D5F834224FF496415160B24AC2F8B412CB
:10AB2000CAF80800DAF80C101D91DAF80C1021F0C0
:10AB30002001CAF80C10AC4800681C90AA48001DFF
:10AB400000681B90A848083000681A90A6480C308E
:10AB500000681990A448203000681890A348006845
:10AB60001790A248001D00681690A04808300068A1
:10AB700015909E480C30006814909C48183000686E
:10AB80000F909A48203000680E909848283000684E
:10AB90000D9096482C3000680C9094482430006842
:10ABA0000B9093484E46016841F002010160006835
:10ABB00000F002001E908E48103000688C4940F072
:10ABC000040010310860086806A900F004001E9017
:10ABD000802006900220CDE9070609900A9082485D
:10ABE00009F058FF81480660001D0660001D0660E0
:10ABF000001D06607D48203006607C4980151831B4
:10AC000008607A482830066078494FF6FF702C318A
:10AC10000860764824300660744810300660011DD4
:10AC2000C1F800807149B020203108606F490120CF
:10AC300008600BF01DFA6E492839096811F4E05FCD
:10AC400000D0400080466B49D5F8340211F0CEFDAB
:10AC50000AF012F806462FE0644A103210684007E6
:10AC60002AD562483830006812A921F814004FF63E
:10AC7000FB301060641C022C1ED35FEA080220D057
:10AC8000BDF84A00BDF84810401A0604360C18D02A
:10AC9000032370084946E8FB030132460023F5F719
:10ACA00071FBF861A0F58C41503940F6C412914215
:10ACB00007D8CDE9106004E009F0DEFF801BFA2818
:10ACC000CAD34E46DFF8249109F12009C9F8006083
:10ACD000464806601E2009F08BFD44491698091D60
:10ACE0000860091D15980860091D149808603F49FF
:10ACF0000F98183108600E98C9F800003B490D986C
:10AD000028310860091D0C98086009F104010B98AE
:10AD10000860364810300660344917980860324998
:10AD20001C980860091D1B980860091D1A98086086
:10AD3000091D199808602C49189820310860DAF824
:10AD4000000056460B90DAF804000B901D98CAF8E4
:10AD50000C0014210BA8F5F7CFFD9DF8140078B175
:10AD60000F200B9000980C9001980D9002980E9077
:10AD700003980F900BA804990BF04AF814F072FA9C
:10AD8000C7F804801098B8607C61B8B11198F86079
:10AD9000A0F58C41503940F6C512914210D3E32002
:10ADA00038600BF075F94FF4964100F025F8A0F1EA
:10ADB000100159453FF69FAEB0606EE6E220EFE726
:10ADC00005490861C5F8B402D5F83402FFF754FA12
:10ADD00046F20D0038605CE668790420D09E0420BD
:10ADE00000100140F0CE04200004024000080040A2
:10ADF00030380240D43F040810B549B14A08101851
:10AE0000002464410A4600232146F5F7BBFA10BD31
:10AE1000002010BD884201D3401A7047081A7047BD
:10AE200010B500F00FF80549886705490A6822F057
:10AE3000F80242EAC000086010BD000000000020D7
:10AE4000003802401F2800D91F207047124A10B551
:10AE500000201060111D0860091D08600B1D18609E
:10AE60000D4B183318601B1D18601B1D18600A4B12
:10AE700028331860084C431E2C342360064B2433BF
:10AE80001860054B10331860034C01231434236001
:10AE900015230B60106010BD000C004010B5114C64
:10AEA000A07D20B11048016811F00C0F01D00020E6
:10AEB00010BD01680123C1F30310C1F3423108281A
:10AEC00001D2012202E0C01F03FA00F2042901D2DC
:10AED000012301E0C91E8B40E06F5A43B0FBF2F042
:10AEE00010BD000000000020083802400148806FBB
:10AEF00070470000000000202DE9F84F4FF00005DA
:10AF000091460F0082462E4600D1012700244FF4BF
:10AF1000006BA04617E05046FFF782FF40465946B7
:10AF2000CDF8008000BF401C00908842FAD347F261
:10AF300030525100484601F0E9FF411C0FD02D1856
:10AF400046EB0806641CBC42E5D37808401948EB80
:10AF500006013A460023F5F715FABDE8F88F4FF0E1
:10AF6000FF30FAE72DE9F04F9BB058216846F5F71E
:10AF7000C3FC744E4FF0FF354FF0000AB06FFFF77F
:10AF800061FF814606F180074AF6C8704C46386179
:10AF9000C7F81490C7F81890FD61F06F386201206F
:10AFA0007862694E0020A6F18002AB4642F820503C
:10AFB00046F82050401C1F28F7D9644801684FF01C
:10AFC0000210884301D0022019E0604894300068E4
:10AFD00000F0404019905D484030016801F00801E0
:10AFE0001891006800F4007017904FF480500090A2
:10AFF0008004119068460AF061FD30B10320786248
:10B000005048806F1BB0BDE8F08F50484030016859
:10B0100041F400710160016801F40071169101684A
:10B0200041F008010160006800F0080016904848EF
:10B0300000681690FFF70AFF424804218030416201
:10B04000002704213846169AFFF756FF0646401C93
:10B050002AD04AF6C8713046FFF7DCFE80463A48EF
:10B06000803840F82760384941F82780A8450BD33D
:10B0700013D149463846FFF7CDFE064649462046DD
:10B08000FFF7C8FE864208D22E483C46803045462F
:10B090004FF0010A8761C0F81C807F1C1F2FD0D998
:10B0A000BAF1000F08D008E02748803840F8276040
:10B0B000254941F827B0F0E74C462046FFF7B0FE9F
:10B0C000BAF1000F15D02048803850F82410491CE0
:10B0D0000FD050F8242000231E48A72104F044FC80
:10B0E0001D491E4A0144914203D81649C8670120F0
:10B0F00088751448C16F803001628461C561052183
:10B1000041621349002010390860114916980860FF
:10B110000E4894300168199A21F0404111430160B2
:10B12000189828B909484030016821F008010160E9
:10B13000179828B905484030016821F40071016072
:10B1400020465FE70000002040E204200038024073
:10B1500020240040002058A300E548FF00127A0098
:10B1600010B5064C064A00212368034201D0012095
:10B1700010BD491C9142F7D3002010BD00240040AF
:10B1800020A107000348016811B9C06A002800D057
:10B1900001207047A8EC042010B500F00DFAEFF381
:10B1A000108272B609490B794C792343034208D0C7
:10B1B0000B7983430B714B7983434B71C879401CE6
:10B1C000C871002A00D162B610BD0000A0E10420C1
:10B1D0000C4808B5016841F080510160006800F03A
:10B1E000805000900AF02EFC00220E2106480BF041
:10B1F0005CF900220F2104480BF057F9BDE8084024
:10B200000AF014BC40380240CCA50020F8B51D4E11
:10B2100096F82500002834D11B48012786F82570B0
:10B22000016841F080510160006800F0805000909A
:10B230000AF008FC0E2115480BF032F905460F21E3
:10B2400012480BF02DF904460AF0F0FB104AC4F343
:10B250000720E1B295420ED101280CD109290AD369
:10B260000D2908D87487384686F82470BDE8F84060
:10B27000022200F029B8954203D1BDE8F840FFF75B
:10B28000A7BFF8BD0000002040380240CCA5002038
:10B2900017FA32CE10B509F0EFFC09498860094869
:10B2A000018F412902D2018F491C0187008F40285C
:10B2B00004D1BDE810400520FFF76EBF10BD0000AF
:10B2C000A0E10420000000202DE9F04115460E46C3
:10B2D000044600F071F9EFF31087002372B6052CD5
:10B2E00002D11B4A002111871A49B1F800C046EA71
:10B2F0000422944501D00A800123C0B1022D0CD351
:10B300000A79024201D1012200E0002213430A79A6
:10B3100002430A714A79824308E04A79024201D124
:10B32000012200E0002213434A7902434A7153B1DB
:10B330004888A0F57F42FF3A02D04888401C4880E8
:10B34000C879401CC871002F00D162B6BDE8F081F9
:10B3500000000020A0E104202DE9F04786B009F0AC
:10B360008BFC7D490446CA6C801A7DD4DFF8ECA1C1
:10B3700004F57A70C864BAF85E0001F180094FF0F4
:10B380000008A1F1800520B17548006808B1687C0B
:10B3900068B185F82E80734816F0ACFCC9E9040149
:10B3A000BAF85E00704ED0B3687C38B337E06D48B1
:10B3B00016F0A0FC0646D9E904200F467240414031
:10B3C0000A4307D085F82E800420FFF7E5FEC9E97F
:10B3D0000467E5E795F82E00FF2802D2401C85F8A7
:10B3E0002E00C0B20328F2D3022205210420FFF769
:10B3F0006BFF20215A4804F051F8E8E7B06870B1BB
:10B40000B06840F6B831201A884208D905210122D7
:10B410000846FFF759FF8021514804F03FF895F89E
:10B4200024105248E9B3B0F8B012C90648D5142226
:10B430004FA16846F5F704FA6C8F012000F0BCF8C4
:10B440003179727908434F4901EB14331B788DF839
:10B450000430C4F30323CB5C8DF80530C4F303132D
:10B46000CB5C8DF8063000E027E004F00F03CB5CE6
:10B470008DF8073001EB101300F00F001B788DF8EA
:10B480000A30085C8DF80B0001EB121000788DF883
:10B490000E0002F00F00085C8DF80F0069463A4874
:10B4A00000E00DE001F01AF9002806D1364801F05D
:10B4B00043F985F82480FFF78BFE06B0BDE8F087DE
:10B4C000F17995F82F209142F7D0B0F8B002C0067C
:10B4D000F3D5142226A16846F5F7B2F930883379FE
:10B4E000727940EA0301114332D02649113101EB50
:10B4F000103424788DF80440C0F303240C5D8DF8DB
:10B500000540C0F3031400F00F000C5D8DF80640F9
:10B51000085C8DF8070001EB131000788DF80A0025
:10B5200003F00F00085C8DF80B0001EB121000789F
:10B530008DF80E0002F00F00085C8DF80F006946D0
:10B54000114801F0CBF80028B7D10F4801F0F4F80A
:10B55000F07985F82F00B0E780000020B0020020CD
:10B56000A8EC042068EB0420A0E10420F0CE042025
:10B570004552522030303030204630302044303078
:10B5800000000000F03F0408F09E042010B50C46B7
:10B5900000F012F8EFF3108200280AD072B60549C5
:10B5A0008B790CB1034300E083438B71002A00D1F7
:10B5B00062B610BDA0E10420401E072803D8012177
:10B5C0008140C8B270470020704770B50D00064634
:10B5D0004FF000044FF0B60100D1641E7E2017F03A
:10B5E00051FA0F2016F0E8FC1CB92946304600F04D
:10B5F0001DF8204670BD10B50A2016F0DDFC1121A3
:10B600007E2017F03FFA322016F0D6FC15217E205E
:10B6100017F038FA642016F0CFFC19217E2017F0BD
:10B6200031FA0A2016F0C8FC002010BD0222CA75AB
:10B630000920487515230B7500238B75CA73487351
:10B6400010200873032088734868886048698861FF
:10B65000C86808611846704710B586B004461821BE
:10B660006846F5F749F917226946042016F0ACFF41
:10B67000BDF80000BDF8021000B200EE100ABDF8DF
:10B68000042009B2F8EEC00A9FED2F0A12B260EE54
:10B69000800AC4ED120A00EE901AF8EEE00A60EE9D
:10B6A000800AC4ED130A00EE902AF8EEE00A20EEBC
:10B6B000800A84ED140ABDF8080094ED0F0A01B267
:10B6C00000EE901ABDF80A00BDF80C20F8EEE00A72
:10B6D00000B212B260EE200AC4ED1A0A00EE900A1F
:10B6E000F8EEE00A60EE200AC4ED1B0A00EE902A94
:10B6F000F8EEE00A20EE200A84ED1C0ABDF80E00E8
:10B7000094ED0E0A00B200EE900ABDF81010BDF8DC
:10B710001220F8EEE00A09B212B2002060EE200A10
:10B72000C4ED160A00EE901AF8EEE00A60EE200A68
:10B73000C4ED170A00EE902AF8EEE00A20EE200A87
:10B7400084ED180A06B010BD9A99993E2DE9FF4183
:10B750000DF12808044698E8E10084F82A7004F105
:10B760001408656288E80E00208400272685B6202C
:10B77000A7858DF80C003D464FF064080126204651
:10B7800000F054FA00F0C4F903A98DE84201012346
:10B790007E22D021606909F055FF60B1681C042841
:10B7A00003D3012004B0BDE8F0810A2016F004FCA8
:10B7B0006D1C042DE3D327639FED160A682084EDEA
:10B7C0000E0A9FED150A84ED0F0A84F8400094F8E4
:10B7D0002A0038B10128204611D000F02CF9A785A5
:10B7E0000020DFE72046FFF706FF204600F016F8AE
:10B7F000204600F053F8204600F0B4F804E000F0D2
:10B800008DF8204600F00AF82046FFF725FFA685B0
:10B81000E6E70000B3CC1C3AF8C1F93B10B504468A
:10B8200090F82A0058B1882141F02001402017F0FB
:10B8300029F90221204600F005F8002010BD092159
:10B84000F2E7000010B59FED110A29B1012907D0D8
:10B8500002290FD0032913D080ED0E0A032104E042
:10B860009FED0B0A052180ED0E0A412017F00AF921
:10B87000002010BD9FED070A082180ED0E0AF4E7B5
:10B880009FED050A0C2180ED0E0AEEE7E5FF1F3A59
:10B89000E5FF9F3A1000203BFAFF9F3B10B504469E
:10B8A0002921422017F0EEF80021204600F002F88E
:10B8B000002010BD10B59FED140A052920D2DFE845
:10B8C00001F019130D1F03009FED100A042180EDF4
:10B8D0000F0A432017F0D6F8002010BD9FED0C0A88
:10B8E000022180ED0F0AF4E79FED0A0A012180EDA5
:10B8F0000F0AEEE79FED080A002180ED0F0AE8E746
:10B9000080ED0F0A0321E4E7F8C1F93BF8C1793B68
:10B910008DC1793C8DC1F93C8DC1793D10B504468E
:10B9200000F059F8642016F047FB204600F01AF8A2
:10B93000642016F041FB12217E2017F0A3F864204A
:10B9400016F03AFB17217E2017F09CF8642016F0C1
:10B9500033FB1B217E2017F095F8642016F02CFB9A
:10B96000002010BD10B580214C2017F08BF832203C
:10B9700016F022FB01214F2017F084F84B214E20B6
:10B9800017F080F804214F2017F07CF851214E2049
:10B9900017F078F80E214F2017F074F852214E203E
:10B9A00017F070F802214F2017F06CF84C214E2050
:10B9B00017F068F842214D2017F064F80821442060
:10B9C00017F060F803214C2017F05CF8322016F0D5
:10B9D000F3FA002010BD10B5416CFFF7F6FD40B240
:10B9E000002800D0012010BD7CB504000AD049B168
:10B9F000606938B1A3692BB1856B9D4202D1A38DDB
:10BA0000012B02D04FF0FF307CBD94F82A306BB18F
:10BA100006220E31CDE9001201231222D02109F0B5
:10BA20002BFD0028F0D10221A1857CBDCDE90012BB
:10BA300001230422F2E710B5FFF7CDFF642016F0D2
:10BA4000BBFA002010BD00002DE9F0412D4DA87E6D
:10BA500010B9687E002819D0A87E0026E0B109F050
:10BA60000BF9284F044680377868201A0ED4AE763A
:10BA700000F062F84FF0010850B1012203210520C7
:10BA8000FFF722FC64347C6085F81A80BDE8F08101
:10BA9000EE762E7785F81980687E0028F6D06E76CF
:10BAA0001948808D012802D002281AD005E01422FE
:10BAB00016491548FFF798FF80B1E87EFF2802D2AB
:10BAC000E87E401CE876E87E052802D8287F052815
:10BAD000DCD9287F05280BD905210AE0EE762E77E0
:10BAE000D4E7287FFF28EED2287F401C2877EAE79A
:10BAF000032101220520FFF7E7FBBDE8F04100F03C
:10BB0000E3B8000000000020647704203CEB042030
:10BB100010B5074809F005F90648016841F400111D
:10BB20000160016821F40011016012F07BFF10BD7B
:10BB300078A50020203802402DE9F047364D3749DE
:10BB4000344C28684FF0FF39884253D1344E354F7A
:10BB50003168B9424ED1416821F4E0614160286802
:10BB6000416821F4C05141601F2009F002FF2020EC
:10BB700009F0FFFE102009F0FCFEDFF8A880A8F114
:10BB80008808D8F8880020F01E00C8F88800D8F887
:10BB90009C0020F08000C8F89C00D8F8880020F0B5
:10BBA0000100C8F8880000E000BFD8F88800C0078E
:10BBB00001D0641EF8D24FF47460C8F80C00102055
:10BBC00009F0CAFE1F2009F0C7FE202009F0C4FEBC
:10BBD000D8F88800C0070DD10F4809F0A2F848B97D
:10BBE0000D4809F05FFA28B9A86BB04202D130685D
:10BBF000B84202D04846BDE8F087102009F0ACFEFC
:10BC0000102009F0C7FE08480121C0E905568185CA
:10BC10000020F0E7A086010078A500200054004035
:10BC200034AA0020886002406477042010B50446DE
:10BC3000018D86B0406A012209F019F81421684686
:10BC4000F4F75AFE208D218C0843009001200190CA
:10BC50000290022003906946606A08F01BFF218C65
:10BC60000022E06909F003F8218D0022606A08F0E3
:10BC7000FEFF012008F0BCFD218D0122606A08F062
:10BC8000F6FF012008F0B4FD218D0022606A08F063
:10BC9000EEFF012008F0ACFD218D0122606A08F062
:10BCA000E6FF012008F0A4FD218C0122E06908F0E4
:10BCB000DEFF012008F09CFD002001906946606ACB
:10BCC00008F0E8FE06B010BD03490020888503494E
:10BCD00048760120887670476477042000000020B1
:10BCE0000248016841F0200101607047003C0140BA
:10BCF0001248406B08B940F2E240114991F82A100D
:10BD000049B1012909D000210E4A002339B18142ED
:10BD100007D313800DE0C821F6E76421F4E7138010
:10BD200009E01388194489B21180814203D3081AAB
:10BD3000108001207047002070470000A8EC04200C
:10BD400064770420887B042010B504460020A08579
:10BD50002046FFF770FE606908F0FCFF2046BDE852
:10BD60001040FFF763BF10B5044641F618102118C4
:10BD700001F58051D1F8E408C1F8E808204600F048
:10BD800008F904F54054D4F8380220F40070C4F8DF
:10BD9000380210BD0146002089293ED058DC3329E5
:10BDA0007DD02CDC152915D015DC112971D00BDCC8
:10BDB00040F2012201296ED002296CD003296AD0F9
:10BDC000102900D13D20704712296ED0132937D099
:10BDD0001429F8D171E0232908D009DC18297DD075
:10BDE00020295AD0212958D02229ECD11D20704772
:10BDF00030296DD031296BD03229F8D16AE0602921
:10BE00005DD012DC412963D008DC342949D03529C2
:10BE100049D037294AD04029E9D159E042294ED0AA
:10BE200043294CD05129E2D152E0832947D008DC84
:10BE300061294FD080294BD081294BD08229D6D17E
:10BE40004AE0842948D0852929D08629CFD132E0FB
:10BE50008A393329CBD2DFE801F02E1A2C2E324159
:10BE60003B3B3B323D323032323B1A321A3B32419D
:10BE700032321A1A1A1A1A1A1A1A1A3232343B1A87
:10BE80001A1A1A1A3638413B3D3F41434100AEE78A
:10BE900005E014E0FFE710467047152070472120A9
:10BEA0007047222070470A20704717E040F20A20AE
:10BEB000FAE71120F8E71920F6E70620F4E7022058
:10BEC000F2E78920F0E78420EEE740F20D20EBE76F
:10BED0000120E9E70320E7E70420E5E70520E3E7A1
:10BEE00040F20720E0E770B5040028D0002926D0F2
:10BEF0000868002823D0EFF3108572B604F540508F
:10BF0000C0F834120968C0F830120021C0F83812A5
:10BF100080F8901241F618102044FAF745FB2046AD
:10BF2000FAF742FB41F61A10211843F248204FF469
:10BF3000C052204415F0ECFE002D00D162B670BD59
:10BF4000B0B13E2914D100F5805090F8EC1879B1C9
:10BF5000D0F8E01861B1D0F8E8281D2A08D1D0F84F
:10BF6000E408192804D10878222803D0232801D016
:10BF700000207047012070470249884201D1F7F73D
:10BF800077B97047F09E042041F618131844FAF769
:10BF9000EDB841F618110844FAF7C8B941F618127D
:10BFA0001044FAF7AFBA00002DE9F84341F6181132
:10BFB00000F5405480464618D4F830024FF0FF3563
:10BFC000C16889066CD50168890669D50168009148
:10BFD0004068C7B23946404600F0AFF810B1354965
:10BFE00001200870D4F83802800557D541F6EC00DE
:10BFF000805DA0B93846FFF7CDFE00280CDD38463D
:10C00000FFF7C8FE01466A463046FAF7EFF930B14D
:10C010003046FAF792FA26E03046FAF78EFA3046C2
:10C02000FAF798FA002814DD39463046FFF788FF02
:10C0300018B14046FFF797FE09E039464046FFF742
:10C04000ADFF401C2CD13046FAF777FA1BE00025F3
:10C0500026E03E2F0ED03046FAF76FFAD4F88C0265
:10C06000401CC4F88C02D4F8380220F40070C4F8E4
:10C07000380215E04046FFF78CFF48B1D4F88C0237
:10C08000401CC4F88C02D4F8380220F400700EE092
:10C09000D4F88802401CC4F88802F4E73C2F02D090
:10C0A0002846BDE8F883D4F8380240F40070C4F89C
:10C0B0003802CCE79079042070B50D46040034D0E6
:10C0C000FFF75AFF2946204600F037F810B118490B
:10C0D0000120087043F24820221850689368916B41
:10C0E000CD549168491C91609168814202D3916856
:10C0F000081A9060906A0125D16A401C41F1000144
:10C100009062D162002102EB8103183353E8000FE3
:10C11000284443E80006002EF8D1491C0329F2DB2D
:10C12000204600F007F8002070BD4FF0FF3070BDD2
:10C1300090790420082005F0F5B810B5002818D033
:10C1400043F290221044027801243AB10023012ADC
:10C1500007D0022A0ED0032A09D110E03C2913D0BF
:10C1600006E0AB2901D1022107E03C290CD0037085
:10C17000002010BDBA29F8D103210170F8E73E294B
:10C18000F3D10370012010BD0470F1E72DE9F041F7
:10C1900007001DD007F54054D4F83002C0B1EFF3CA
:10C1A000108672B6D4F83412E9B18D6BDDB129680E
:10C1B000C9B1416921F0800141612868016821F01D
:10C1C00010010160286800F08FF848B126B104E042
:10C1D0004FF0FF30BDE8F08162B66FF00100F9E783
:10C1E000284600F015F8D4F83002C16821F080012B
:10C1F000C160D4F8380205490840C4F8380238460E
:10C20000FAF7D2F906B962B60020E3E7DDBFFEFF18
:10C2100010B5002823D00168002920D0816D0029A5
:10C220001DD090F85C303D229A408A6000680C492D
:10C23000884201D10F200CE00A49884201D14520F3
:10C2400007E008491831884201D1462001E04FF04B
:10C25000FF30002801DB09F07FFBBFF34F8F10BDDB
:10C2600070600240A06402402DE9FC4106004FF0DE
:10C27000FF3736D006F54054D4F83802400430D5A4
:10C28000D4F8380280062CD4D4F8340258B1856B27
:10C290004DB1286838B1416819BB00F025F800BBE2
:10C2A0002846FFF7B5FFD4F8380220F48040C4F8E0
:10C2B000380201AA69463046F9F758FF002830468F
:10C2C00002D000F001FC0CE000F036FA48B1D4F8DE
:10C2D0003802C00302D4304600F0F6FB0020BDE86F
:10C2E000FC813846FBE7000009494FF0FF3330B1CD
:10C2F000026822F00102026004E0491E01D21846E1
:10C30000704700BF0268D207F7D1002070470000D5
:10C31000A08601002DE9F0410D465FEA00084FF0CC
:10C32000FF3659D008F54054D4F83002002853D0D5
:10C33000F5B32868E0B3EFF3108772B6D4F838226B
:10C3400044F22001914345D10168C90742D14068B8
:10C3500078BB404600F0B0F858B3404600F0DDF836
:10C3600038B3D4F83002C16821F08001C160286878
:10C37000FFF7BAFFE8B92868016821F010010160F1
:10C38000D4F83002416921F080014161284604F56A
:10C390000C74FFF73DFF4046F9F765FFA06820F4F5
:10C3A0008040A060A0680E490843A060404601E0BC
:10C3B00012E00FE000F0B8F92068C16842F20C0208
:10C3C0001143C1602068C16841F08001C160BFF3C2
:10C3D0004F8F002607B962B63046BDE8F0810000F5
:10C3E000220001002DE9F04105004FF0FF3638D062
:10C3F00005F54051D1F8340260B3846B54B3206822
:10C4000040B3A26D32B3106894F85C304FF0200C4A
:10C410000CFA03FC0D279F404FF03D0E0EFA03FE71
:10C4200000EA0E039360384215D0D1F8380240F08C
:10C430002000C1F838022068FFF756FF2046FFF7BA
:10C44000E7FE2068406828B921462846FFF762FFCA
:10C45000002807D005E010EA0C0F02D020684068E1
:10C4600010B13046BDE8F0812846BDE8F041FFF745
:10C47000FBBE10B54FF0FF31D8B1EFF3108472B6A8
:10C4800000F54052D2F838325B0410D5D2F8383279
:10C490009B060CD4D2F8341231B1896B21B10968F2
:10C4A00011B1FFF79FFF01E0FFF7DEFE014604B97F
:10C4B00062B6084610BD00000349884201D1012040
:10C4C0007047002070470000F09E0420F9F78CBEF2
:10C4D000F8B515460E4607004FF0FF3407D036B1C9
:10C4E000002D04DD6A462946F9F780FF08B1204691
:10C4F000F8BD2A4631460098F4F71BF93846F9F79B
:10C5000015FF0028384602D0FAF717F8EFE700F0D9
:10C5100002F80020F8BD00F00FB91CB50021009111
:10C52000019118B301AA6946FAF71CF8F0B900980E
:10C53000E0B1019904290BD30278AD2A08D1421841
:10C5400012F8023CDA2B03D112F8012CDA2A0FD0B0
:10C5500005290BD101785A2908D141785A2905D1EA
:10C56000C178A52902D10079A52801D000201CBDE1
:10C5700001201CBDF8B506004FF0FF3029D006F5AC
:10C580004054D4F83012002923D0EFF3108572B64E
:10C59000CA6812061AD50968090617D53046F9F790
:10C5A000FEFF002816DD69463046FFF78FFF88B989
:10C5B000D4F8300201680906FCD59DF800104160EE
:10C5C0003046F9F7ECFF002804DD0020002D00D1F3
:10C5D00062B6F8BDD4F83002C16821F08001C160B4
:10C5E000D4F83802C003F0D4D4F8380220F00200A6
:10C5F000C4F83802E9E700002DE9F04106004FF0E9
:10C60000FF3566D006F54054D4F83002002860D0DB
:10C61000EFF3108772B6D4F83802C00301D40025B6
:10C6200043E03046F9F7BBFF6FF0010800281CDD3E
:10C63000D4F83002416921F080014161D4F8380218
:10C6400040F00200C4F83802D4F83002C16842F267
:10C650000C021143C160D4F83002C16841F080017E
:10C66000C1603046FFF786FF0FE006F5805696F86A
:10C67000FC08D0B9D4F83002C16821F08001C16053
:10C68000D4F830020168490601D445460DE04169FD
:10C6900021F080014161D4F8340280B1866B76B11B
:10C6A000306860B1FFF720FE08B18FB111E030684B
:10C6B000016821F0100101603046FFF7A9FDD4F8B0
:10C6C000380205490840C4F83802BFF34F8FA6E787
:10C6D00062B62846BDE8F081DDBFFEFF30B589B007
:10C6E0000C46054624216846F4F706F9AD208DF87E
:10C6F000000085208DF801002046F3F7FBFF20287D
:10C7000000DD2020024621460DF10200F4F711F869
:10C71000DA208DF822008DF823002422694628466D
:10C72000FFF7D6FE09B030BD0249884201D1F6F7C5
:10C730009FBD7047F09E04202DE9FC4106004FF09C
:10C74000FF385CD006F54054D4F83002002856D0AB
:10C75000D4F838126FF00107C90315D5416921F0EB
:10C7600080014161D4F8380240F00200C4F8380278
:10C770003046F9F714FF002866DDD4F83002C168AE
:10C7800041F08001C1605FE0D4F8380240044BD42E
:10C790003046F9F704FF002831DD01AA694630462A
:10C7A000F9F7E0FE3046FFF7BFFFD4F8340238B3A4
:10C7B000876B2FB33D681DB3D4F83002416921F077
:10C7C000800141612846FFF78FFD00286CD1384673
:10C7D000FFF71EFD0098E86001986860286840F047
:10C7E00010002860D4F8380240F48040C4F83802C1
:10C7F00048E0D4F8380240F02000C4F8380253E092
:10C80000D4F8380240F00200C4F83802D4F83002FC
:10C81000C16842F20C021143C160D4F83002C16811
:10C8200041F08001C1603DE0D4F8340260B1806B1A
:10C8300050B1056845B1686818B12868C00706D0CE
:10C8400002E03046FFF715FE3846BDE8FC810020C7
:10C85000009001906F6801AA69463046F9F782FEA0
:10C8600010BB019887421FD8D4F83402806BFFF7C1
:10C87000CFFC01980099C01B0844E860286840F08C
:10C8800010002860D4F8380220F02000C4F83802E4
:10C89000304600F03DF92868C007AAD0D4F8380225
:10C8A0008006A6D40020D0E74046CEE710B500F5BC
:10C8B0004051D1F8342213685C69240604D40AE09C
:10C8C000936B1B685B681BB1D1F838325B04F7D4FB
:10C8D00000F0FAF81AE05B691B0605D4B0B13AB172
:10C8E000926B2AB112681AB1BDE8104000F010B87E
:10C8F000D1F8300250B1C26822F08002C260D1F893
:10C90000380244F202029043C1F83802002010BD00
:10C9100070B502002CD002F5405444F20205D4F860
:10C920003402B8B1816BA9B1096899B103685B6938
:10C930001B0602D409E0486818B1D4F83802400454
:10C94000F9D4104600F0C0F810E00BF0ECF9D4F880
:10C95000300202E0D4F8300250B1C16821F0800109
:10C96000C160D4F83802A843C4F83802002070BD72
:10C970004FF0FF3070BD00002DE9F05F00F540552D
:10C980008246D5F834020068C16842F20800884344
:10C9900003D04FF0FF30BDE8F09F08F06DF9074677
:10C9A0005FEA0A0673D0D5F8340200286FD0806B96
:10C9B00000286CD00068002869D04FF6FF79002469
:10C9C0000AF5805B1AE0D5F83402806BD0F800805D
:10C9D0005046FFF7B1FED5F83802C00318D55046CF
:10C9E000FFF70AFE0024401C01D1C01ED3E708F067
:10C9F00043F9C01BB0F5FA6F43D800BFDBF80C0950
:10CA00000028E0D1D5F83802C003DCD40020C2E70A
:10CA1000D5F83802800705D5D5F83402006840699A
:10CA2000000602D4504600F03DF8D5F83802400424
:10CA30001AD5D8F804000604D8F80000360CC0F364
:10CA4000000802D15046FFF714FDB8F1000F01D0E5
:10CA50004E4501D1641C00E000241148B1468442D7
:10CA6000C5D9504600F01EF80024C0E75046FFF735
:10CA700063FE5046FFF77EFD08F0FEF8C01BA042A3
:10CA800003D96FF0010086E701E000BF03E04FF437
:10CA9000FA640AF58056D6F80C090028E6D17AE740
:10CAA000400D030010B5044600F051F82046BDE8E3
:10CAB0001040FFF741BE00000249087800220A70CA
:10CAC000704700009079042000F54052D2F83812E7
:10CAD00044F202039943C2F83812002817D0D2F862
:10CAE0003402002813D0806B002810D00168002980
:10CAF0000DD0D2F830020A6822F010020A600A68EB
:10CB000022F001020A60416921F080014161704711
:10CB100000F54051D1F8382242F00202C1F8382223
:10CB2000002813D0D1F8340200280FD0806B0028E1
:10CB30000CD00068002809D0D1F83012026842F009
:10CB400001020260486940F0800048617047002897
:10CB500021D000F54050D0F8341200291BD0896B49
:10CB6000002918D00A68002A15D0D0F83002C16810
:10CB7000890402D501680906FCD5011D9160C168D0
:10CB800021F40051C160416941F080014161C168F7
:10CB900041F40051C16070472DE9F74FD2F884503D
:10CBA00081B0CE4ACE4902F16C0602F1D80702F5F7
:10CBB000A27902F5D87C02F5227302F5587A02F5C3
:10CBC000077B02F5737E02F22C74222D12D2DFE86D
:10CBD00005F0112132425365748698A9B1C0111134
:10CBE00011111111111111111111CFE0F8F6F5F415
:10CBF000F3F2F1F00092B94A03234832A2F1240182
:10CC000006F0E6FAB748032300F1480200F12401D8
:10CC100000905EE1B14A0323B432A2F124010096F0
:10CC200006F0D6FAAF486C30032300F1480200F159
:10CC3000240100904DE1AC4A0323A2F124010097A6
:10CC400006F0C6FAA748D830032300F1480200F1E5
:10CC5000240100903DE1A44A03236C32A2F1240197
:10CC6000CDF8009006F0B4FAA048032300F1480282
:10CC700000F1240100902CE19B4A0323D832A2F159
:10CC80002401CDF800C006F0A3FA98486C300323C5
:10CC900000F1480200F1240100901AE1944A009347
:10CCA0000323A2F1240106F093FA9248032300F132
:10CCB000480200F1240100900BE18A4A0323903AD4
:10CCC000A2F12401CDF800A006F082FA8948D830FC
:10CCD000032300F1480200F124010090F9E0844AA6
:10CCE00003236C3AA2F12401CDF800B006F070FAEB
:10CCF00080486C38032300F1480200F124010090C1
:10CD0000E7E0784A0323243AA2F12401CDF800E0B9
:10CD100006F05EFA7848032300F1480200F124018E
:10CD20000090D6E072490323243101F148020091BA
:10CD300024311AE00B882BB10A1D009201F5827292
:10CD4000443112E06C4A0323903AA2F1240100948A
:10CD5000BFE0B1F8C431002BF4D0614901F5E472B1
:10CD6000009201F5327201F5027106F031FAE9E73D
:10CD700000925A4A03234832A2F1240106F028FA0D
:10CD80005D486C30072300F1A80200F154010090C7
:10CD90009FE0554A03236C3AA2F12401009606F065
:10CDA00017FA5648072300F1A80200F15401009039
:10CDB0008FE07DE06AE057E045E035E022E010E0FA
:10CDC000FFE7494A0323A2F12401009706F000FA85
:10CDD0004A48FC30072300F1A80200F154010090FA
:10CDE00077E0414A03236C32A2F12401CDF8009090
:10CDF00006F0EEF94248052300F1780200F13C010B
:10CE0000009066E0384A0323D832A2F12401CDF81D
:10CE100000C006F0DDF93A48B430032300F14802BF
:10CE200000F12401009054E0314A00930323A2F161
:10CE3000240106F0CDF93348032300F1480200F144
:10CE40002401009045E0274A0323903AA2F12401EF
:10CE5000CDF800A006F0BCF92B48032300F14802EE
:10CE600000F12401009034E0214A03236C3AA2F13E
:10CE70002401CDF800B006F0ABF92248B438052300
:10CE800000F1780200F13C01009022E0154A0323F2
:10CE9000243AA2F12401CDF800E006F099F91A48ED
:10CEA0006C30032300F1480200F12401009010E0EF
:10CEB0000F490323243101F148020091243106F087
:10CEC00087F910486C30052300F1780200F13C012D
:10CED0000090029806F07CF9BDE8FF8F0442040838
:10CEE000A8F904203C4604082443040880470408A9
:10CEF000D4440408C4480408084A0408704B0408D1
:10CF0000684D04083C4F04085C5004082DE9F843C0
:10CF100014464FF0FF3841B13CB18C4205D24FF47A
:10CF20008032914201D2944202D34046BDE8F88358
:10CF30002C4A136843F400731360136823F40073DE
:10CF40001360294A40F008001060274E0025103E6B
:10CF50003560301F0560001F0560234F7F201C3F98
:10CF6000386001203060009500BF0098401C0090A0
:10CF70008028F9D31C48083801601020FEF7F0F82B
:10CF800040B31020386018480C3804600820FEF7C1
:10CF9000E7F8F8B10B203860144C206820F001004D
:10CFA0002060124F24373D60104810300560206823
:10CFB00040F001002060306840F002003060022044
:10CFC000FEF7CEF840B13868216821F001012160F8
:10CFD0003560ABE73560A8E7206820F001002060ED
:10CFE000F8E700002038024020240040000C0040F8
:10CFF0002DE9F04FABB0342116A8F3F77DFC582192
:10D000006846F3F779FC674C0120E0630025A562D0
:10D01000801EE062206820636348006880070AD4AD
:10D02000082016900120CDE91B0516A809F072F81A
:10D0300008B102209AE009F01BF85B496C390968D5
:10D0400011F4E05F00D040008046A246A0625FEA93
:10D0500008001BD0544820300068534C00F040407A
:10D06000343C2990206800F008002890206800F4E3
:10D0700000702790A0140090C0041190684608F03A
:10D080001DFD28B10421CAF83C1076E00321FAE71F
:10D090004548AB463438016841F4007101600168CD
:10D0A00001F400712391016841F0080101600068FA
:10D0B00000F0080023903D48D0F80090FDF7C6FE30
:10D0C0004FF4006024904010042700252E462C4683
:10D0D0002390DDE923214846FFF718FF411C23D0A8
:10D0E0002D1846EB0B06641CBC42F2D3780840199D
:10D0F0004BEB06013A460023F3F744F90246544647
:10D10000CAF82C2029491039C1F800B02749C1F8C4
:10D110000090254820300168299B21F040411943A7
:10D120000160289818B108E04FF0FF32E7E71E4889
:10D130003438016821F008010160279828B91A489D
:10D140003438016821F400710160501C13D04FEA9B
:10D1500098514FEA8820002302F006FCA0F59C417C
:10D16000203947F2315291420AD30620E063206809
:10D170002BB0BDE8F08F0520E063DAF80000F7E798
:10D18000084A0121803A2060D17526AA25A901F01C
:10D19000CDFF20682063259961632699A16307214B
:10D1A000E163E5E78000002074380240202400405D
:10D1B0000021C20700D01021820701D541F02001D3
:10D1C000420701D541F04001020701D541F080013D
:10D1D000C20601D541F48071800601D541F4007189
:10D1E000024830F8442F0A430280704700000020B4
:10D1F0007FB52B480068F3F733FA2A4A00206946C6
:10D2000000EBC00302EB8303D3F89C3041F82030DD
:10D21000401C0428F4DB244800F036FD00283DD1F2
:10D22000224C6069850AAD024FF48050854200D2DD
:10D2300005466E0832461E48616814F069FD606854
:10D24000324600EB55011A48403014F061FD194890
:10D25000A269A16814F05CFD1748E269E16814F066
:10D2600057FD206A420A5202202A00D20246104884
:10D270002169C03014F04CFD10494FF4006201F6F2
:10D28000BC0014F045FD0A4910223C3901F59E709E
:10D2900014F03EFD0448F4F7F5FD002004B070BD25
:10D2A00028280040B002002080B4002080740420B0
:10D2B00068EB0420C03D0020203D00202CE304202A
:10D2C0002DE9F0471D46089E17468946040046D0C2
:10D2D000002D44D0002E42D033462A4600F038FCC0
:10D2E000012F3CD96068002839D02868B0FBF7F1DD
:10D2F00007FB1100002832D0391A3068884204D860
:10D300004946204600F09AF821E06768204604EB81
:10D310008902D3680B44BB4203D3B3FBF7F808FB85
:10D320001733D360B9F1000F09D1D0F830C0436B87
:10D330001CEB010C43F10003C0F830C0436318320A
:10D3400052E8000F401A42E80003002BF8D13346A0
:10D350002A4649462046BDE8F04700F0F9BBBDE843
:10D36000F08700002DE9F84F1C46DDF828801746AD
:10D3700089464FF0FF3AA0B1B9F1000F11D04168D2
:10D38000C56880290DD348060BD1680609D105F17F
:10D390008000884205D86A468C211748F9F726F89C
:10D3A00010B15046BDE8F88F009EAD2009EB050195
:10D3B00030707070B770380AF0703471200A707174
:10D3C000200CB071200EF07186F808804FEA18200A
:10D3D00070720A3680223046F3F7ABF9DA2006F88D
:10D3E000800F70700448F8F7A1FF0028DAD00248D7
:10D3F000F9F7A3F8D5E70000F09E042010B5002847
:10D4000019D0EFF3108472B681684268A2B19142DC
:10D4100003D3B1FBF2F302FB131111F07F0305D02C
:10D42000C3F180031944914200D3891A14F080FD9E
:10D43000002C00D162B610BD0021F7E710B500281E
:10D4400009D0032907D2EFF3108472B614F094FDCB
:10D45000002C00D162B610BD2DE9F04F85B0FE481A
:10D46000F7F75CFAFD48FD4DFD4E807C80350028C5
:10D470007ED007F001FC0446A86C08B1201A03D442
:10D4800001F0D8F86434AC64F648B0F8B002C006D5
:10D490002DD5D6F8DC0210F0020F28D0D6F8F40211
:10D4A000696C884223D0D6F8000303F047FFADF83B
:10D4B0001000ED48AD21C0698DF80010AF218DF846
:10D4C0000110EA49496CCDF802100290DA20BDF84B
:10D4D00010108DF80C00ADF806108DF80D000E221E
:10D4E0006946E348F8F70DFFD6F8F4026864DC48B3
:10D4F000D0F8DC02DF4D10F0020F4FF0000674D0C0
:10D5000005F1A800D0F81811090670D400F01EFA31
:10D51000A5F1180000F032FB0028F0D0A5F1980426
:10D520002068400561D404F180008069B0F5006F87
:10D5300020D904F180014FF480634A68C86800F57F
:10D540008060904203D3B0FBF2F707FB1200C86083
:10D55000086B4F6B4FF48062821847F100000A633A
:10D56000486355E8000FC01A45E80002002A00E0B1
:10D5700018E0F6D1206840F480602060B848D0F808
:10D58000000303F0DBFE02B2B748B44FBA4942379A
:10D59000C3693888009001F6BC00FFF7E3FE00285D
:10D5A00071D102E04FF0FF30A0E73E80B048FFF7B6
:10D5B000C3F8B049183980234A68C868803090425F
:10D5C00003D3B0FBF2F606FB1200C860086B4A6B8F
:10D5D000803042F1000208634A6355E8000FC01A28
:10D5E00045E80002002AF8D122E1F5E0FFE7A14872
:10D5F000A830D0F81801402400F07F0003900020EC
:10D600000190029001A800909A4802AB20220121CB
:10D610002830FFF755FE019880287DD34038B0FBB5
:10D62000F4FE944E28367068B0FBF4F1AEEB0100C6
:10D6300006F11C010091002828DDDC390968490544
:10D6400024D432468301516810691844884203D3B8
:10D65000B0FBF1F707FB11001061009850E8001FC4
:10D66000C91A40E80012002AF8D1824801AB02AA88
:10D670000121283000F06CFA0198A04204D3001B6D
:10D68000B0FBF4F001E0E5E0002086467948029A1C
:10D69000283040684FEA500B002041E000230398F7
:10D6A00003EB52010844584501D3A0EB0B0071492C
:10D6B0002831896B31F810106E4818388768866BEE
:10D6C000F1538168891C816081684668761E31400B
:10D6D0008160816A4FF0020AC66A891C46F1000621
:10D6E0008162C662002100EB8106D446183656E8F6
:10D6F000007F674446E80078B8F1000FF7D1491C75
:10D700000329F0DB5B1CCAD05A4822442830416808
:10D71000914203D8406800E01BE0121A09F10100B1
:10D7200081467045BAD3534904FB0EF428314A6848
:10D7300008692044904203D3B0FBF2F303FB1200CC
:10D740000861009850E8001F091B40E80012002AF9
:10D75000F8D14848183800F011FAE8B3454C983C25
:10D760002068400568D404F180008069B0F5006F3E
:10D770001ED904F180014FF480634A68C86800F53F
:10D780008060904203D3B0FBF2F606FB1200C86043
:10D79000086B4A6B4FF48066801942F100020863FF
:10D7A0004A6355E8000FC01A45E80002002AF8D184
:10D7B000206840F4806020602E48A830D0F818011E
:10D7C00000F07F0007282648D0F800037CD203F041
:10D7D000B5FD02B2244800E02EE0204EC369423677
:10D7E00025493088009001F6BC00FFF7BBFD88BBDF
:10D7F000002030801E48FEF79FFF1E491839802305
:10D800004A68C8688030904203D3B0FBF2F606FB4A
:10D810001200C8600A6B486B803240F100000A6356
:10D82000486355E8000FC01A45E80002002AF8D105
:10D83000206820F4806020600E489838016849050F
:10D840003ED50E49096800293AD10C49091F0968DB
:10D85000C90715E046E00000A07B0420000000207E
:10D86000A8F40420F0CE0420B002002058F70420D1
:10D87000F09E042000EC04202CE30420BC64024051
:10D880001ED0016821F48061016000F180018023D5
:10D890004A68C8688030904203D3B0FBF2F404FBBE
:10D8A0001200C860086B4A6B803042F100020863C6
:10D8B0004A6355E8000FC01A45E800010029F8D175
:10D8C00005B0BDE8F08FFFE703F038FD02B21A485B
:10D8D0001A4E1B49C3693088009001F6BC00FFF75F
:10D8E00041FD38B11748FFF789FD206820F48060BA
:10D8F0002060E5E7002030801348FEF71DFF114946
:10D9000080234A68C8688030904203D3B0FBF2F6A7
:10D9100006FB1200C860086B4A6B8026861942F12C
:10D9200000000E63486355E8000FC01A45E8000286
:10D93000002AF8D17CE70000B0020020420000205D
:10D940002CE30420E8EB0420F09E04202DE9F05F96
:10D950007B48D0F81811DFF8EC8101F07F05002337
:10D96000402D1FD2A0F5A0718A6BDAB1A0F58072AC
:10D97000926BBAB190F84121A2B190F841018401B3
:10D9800010D0C869A0420FD3EFF3108772B68B4650
:10D99000886A0A46C96AD2F808A0566807B962B60A
:10D9A000A64203D288F83530BDE8F09FDFF89491A5
:10D9B00098F8352009F1800909F1800C6AB198F8CE
:10D9C0003420954209D1D9F86420A24205D1DCE97E
:10D9D0000827821A71EB07020AD288F83450C9F876
:10D9E0006440CCE908010122CCE9060188F8352021
:10D9F000CCE90801DCE906729146B0EB070871EB4F
:10DA00000202D1D3C01B984661EB090122460023D4
:10DA1000F2F7B8FC401CA0FB043C41F1000101FB03
:10DA200004C100FB08114848DA1941EB0901C0E9BB
:10DA3000062143482F46006828B1202F09D3203FF4
:10DA40004248806B07E03846F9F732FF0746202D41
:10DA5000F6D2DBF8380080463C48403081694068A7
:10DA6000891C814203D939484030FFF7C7FC504632
:10DA700016B900210AE0A41BB442FCD2A04202D392
:10DA8000AAEB040102E0A4EB0A01711A700807EB8B
:10DA90005101814200D3091A2C4838F81110202D69
:10DAA00000F1400021D28368826BD1528168891CC9
:10DAB000816081684268521E11408160816A02243F
:10DAC000C26A891C42F100028162C262002100EB3D
:10DAD0008102183252E8003F234442E80035002D0D
:10DAE000F8D1491C0329F2DB22E08368826B4900EC
:10DAF000D1528168891C816081684268521E114040
:10DB00008160816A0225C26A891C42F10002816239
:10DB1000C262002100EB81022C46183252E8003F1D
:10DB2000234442E80036002EF8D1491C0329F1DBDA
:10DB3000BDE8F05F054801214038FFF77FBC0000D9
:10DB4000A8EC04200000002000010020A8EB042025
:10DB500010B5002811D0002A0FD0002B0DD00329BA
:10DB60000BD2EFF3108472B600EB8100C168116034
:10DB700080691860002C00D162B610BD30B580B34A
:10DB8000416880292ED3416849062BD1C16842687B
:10DB90008A4227D911F07F011ED0C1F1800381692B
:10DBA00099421FD34268C1681944914203D3B1FB23
:10DBB000F2F404FB1211C160056B426BED1842F1E7
:10DBC00000020563426300F1180151E8002FD21AE8
:10DBD00041E80024002CF8D18069802802D301207C
:10DBE00030BDFFE70020FBE770B586B01421684622
:10DBF000F2F782FE0E480025016841F00101016044
:10DC000000680C4E00F001004FF4807405902A4625
:10DC10002146304607F02BF801200094CDE901059C
:10DC200069463046039506F035FF06B070BD00002A
:10DC3000303802400000024070B586B014216846BA
:10DC4000F2F75AFE0E480025016841F0020101601A
:10DC500000680C4E00F002004FF4805405902A46F4
:10DC60002146304607F003F801200094CDE9010574
:10DC700069463046039506F00DFF06B070BD000002
:10DC800030380240000402402DE9F04F4FF40066A6
:10DC900089B08946044677004FF4007BF3F710FD06
:10DCA000B0F5703F04D36FF0020009B0BDE8F08F0B
:10DCB00004F57035C0F5703028600020024604EB92
:10DCC000800101F57031401C4A604A610428F6DB8E
:10DCD000D9F8040000B1012008B1614B00E0002335
:10DCE00000200DF1100C17E0B0B1012816D031461C
:10DCF0004CF82010401C0428F6DB002108464B1E7F
:10DD00005CF8206066B11F3121F01F0131442E689C
:10DD1000B14205D91846C8E70497EBE71946E7E78B
:10DD2000401C0428ECDB28689246401A002600922A
:10DD3000019202923146039201E0012905D059F87F
:10DD4000212012B19A4200D21346491C0429F4DB67
:10DD5000591CEE4614D00021A3F10108774601E0DA
:10DD600001290AD059F821203AB14244B2FBF3F21A
:10DD700002B9012247F821201644491C0429EFDB8F
:10DD800000231A4604A951F822C0BCF1000F5BD051
:10DD90001F3323F01F036146012A35D059F8227042
:10DDA00097B38EB35EF822705FEA07082CD008FBA9
:10DDB00000F7B7FBF6F727F01F076744002A07D0E4
:10DDC0005946A1F1010127EA010104D1254F03E0E1
:10DDD0004FF48061F5E7244F01D16FF30907B94291
:10DDE00000D939460AB96FF30901594500D259469D
:10DDF0008C4502D2A1EB0C0700E00027874200D936
:10DE00000746C01BA6EB08062F6803EB010CBC45B8
:10DE100006D99F4201D9F91A00E0002121F01F0123
:10DE200091B104EB820704EB030C07F570370B4448
:10DE3000C7F804C07961521C042AA3DB2868984201
:10DE40000BD26FF0010030E704EB820101F5703175
:10DE5000C1F804A0C1F814A0EDE7002025E70000F8
:10DE600000710200FCFF0300FEFF010070B5224CB0
:10DE7000606940B1E26932B1016821B1116811B144
:10DE8000A1690EF0A1FB1D48F3F77AF91C4800794F
:10DE900028B11B48F8F7FAFE1948F8F7BFFC206ACA
:10DEA00038B1016829B1618E09F0D4FE206A09F009
:10DEB00021FC1448B0F89802012801D110F0D4FEDA
:10DEC0004FF48071104808F07FFB104D00246C77F0
:10DED00000F08CF8AC7401210D4801F0DFFA0DA1BF
:10DEE0001048FEF7FBFB0F48FEF726FC0E49012009
:10DEF00081F87D0070BD000058E10420F83C00204E
:10DF0000603D002028360020CCA500200000002025
:10DF1000A8EC042053594E432054494D20455252F9
:10DF200000000000F09E0420B002002070B590B008
:10DF300028216846F2F7E0FC294D95F820000028DA
:10DF400019D00FA90AA801F0B3F80AA90FA800F088
:10DF5000CFFF04460E46234905F1880000F0C8FFB4
:10DF60004FF4FA62A21846F100030024101A8B4104
:10DF7000AC7702D3A01E10B070BDEC774FF4807662
:10DF80003146194808F020FB08B16C7725E01548A8
:10DF9000002201788DF8001041788DF80110817809
:10DFA0008DF80210406801908DF8034003944FF003
:10DFB00070600494CDE905400948079488306946AB
:10DFC00080788DF820000848099608F025FC002884
:10DFD000DBD1022068770120E8770020CBE7000042
:10DFE00000000020ACE10420CCA500200548002161
:10DFF00080F820108177C177427F022A00D14177D3
:10E000007047000000000020F0B585B014221449CC
:10E010006846F2F715FC72B60024124E4FF40077F2
:10E020006D4655F824008168B04209D14268BA4271
:10E0300006D301F2FF116FF30801914200D3891A50
:10E0400013F076FF641C052CEBD30749002081F800
:10E050000E03A1F50C60FFF7D1F962B605B0F0BD73
:10E060002440040828EC0420A8F404200A4A10B52F
:10E0700092F820200B4662B158B153B1064A803263
:10E0800091680160142205491846F2F7D9FB012076
:10E0900010BD002010BD000000000020ACE10420F5
:10E0A0007CB5294C0025E57342F201002566F3F7A3
:10E0B000C3FAF9F72DF9FDF713FE244890F8F002A2
:10E0C000234981F8B301642006F092FBFFF790F832
:10E0D00030B1022207210120FDF7F6F8681E7CBD51
:10E0E00042F20200F3F7A8FAF3F718FA42F203003B
:10E0F000F3F7A2FA01F0EAFC01F072FD98B142F2E6
:10E100000400F3F799FA1348CDE90005A0F5007370
:10E110000F4A11491148FAF7E5F9216E084305D075
:10E120006FF002007CBD6FF001007CBD0120E07348
:10E13000207C10B12574F4F755FF42F20500F3F787
:10E140007BFA00207CBD000000000020A8F4042021
:10E15000A8EC0420A8F00420ECA50020B0020020C8
:10E1600010B586B0044605A9684600F0A1FF224616
:10E17000694605A800F0B6FC694605A800F006FA55
:10E1800006B010BD10B50A4801244474002180F87F
:10E19000211080F82210074AB2F89822022A01D0F2
:10E1A00080F82310FFF730FF0348A0F86A4110BD44
:10E1B0000000002028360020B002002070B5144C6A
:10E1C0004FF0010184F82D10EFF3058060B1114884
:10E1D000B0F86A21012A19D090F87D20002A15D1C3
:10E1E000B0F86801042811D094F82C0000280DD153
:10E1F00084F82C10002584F82D500648FBF7D4FB3A
:10E2000094F82D000028F6D184F82C5070BD000041
:10E2100000000020B00200200F48B0F8681101296A
:10E2200004D0B0F8680108B104F02EBC0B48B0F877
:10E23000980201280DD10A48806A50B10948417AF4
:10E24000002905D1017A002902D101218172417290
:10E250007047FFF797BF0000B0020020283600206B
:10E26000A8EC0420000000202DE9F05F754E4FF06F
:10E270000107EFF3058040B1F77473480179002975
:10E2800001D00521C180BDE8F09F4FF0000B86F85A
:10E2900013B06E4CDFF8B8A16E4DB4F898020128A7
:10E2A0000DD1B5F85E1051B9717A99B9317A062954
:10E2B00010D0317A07290DD0317A08290AD0DAF83E
:10E2C0002810DFF89481002974D001281CD002287E
:10E2D0001AD06FE06148FDF759FF0446FFF786FE4C
:10E2E00001F088FF0CB13773B772DAF81C1121F016
:10E2F0000301CAF81C115AA15C48FEF7EFF9BDE80A
:10E30000F05F5A48FEF718BAD8F82000B8B3026890
:10E31000AAB309F0EFF9B4F89802012807D1B8F8C8
:10E320003210D8F8200009F095FC10F09DFCDFF8C1
:10E330004091D8F81400C0B10168B1B1886800F00C
:10E340000700062811D1484600E000BF0A68D2073E
:10E3500001D0401EF9D20868C00706D085F8407089
:10E36000022205210420FCF7AFFFD8F81C0041462B
:10E3700028B1006818B14846BFF34F8F05E019E097
:10E38000BFF34F8FBFF36F8F00BFCA691268126966
:10E39000D20701D0401EF3D2BFF34F8FC869006887
:10E3A0000069C00706D085F84070022205210420CC
:10E3B000FCF78AFF777485F87D702348007928B1CF
:10E3C0002148F8F763FC2048F8F728FAB4F89802D7
:10E3D00001280AD196F8210038B9032225491F489F
:10E3E00002F060FE08B986F82170B5F868010128CE
:10E3F0001DD0B5F86801D0B1D8F81400414648B135
:10E40000CA693AB103682BB113681BB1D8F8181068
:10E410000EF0DAF81848F2F7B3FE40B101210C48CB
:10E4200001F03CF8012205211046FCF74DFF85F86C
:10E430007D7086F812B0DAF81C1121F00301CAF8D9
:10E440001C1120E700000020603D0020283600203D
:10E45000A8EC0420B002002058E104202806002087
:10E460005265632053746F7000000000F09E04201A
:10E47000400D0300E43F0408F83C00202DE9F0477C
:10E480003D4F4FF00006EFF3058020B9F87C10B146
:10E49000FE74FFF7E9FE012087F82D0097F82C1095
:10E4A000002966D187F82C00334DDFF8D0908035F5
:10E4B000DFF8CC8006F0E0FB044687F82D60286D7D
:10E4C00008B1201A04D404F005FB04F10A00286501
:10E4D000B87C70B3B8F85E0058B32A48806A40B37D
:10E4E0002948B0F89802022834D1D9F8200000B3A6
:10E4F0000068F0B197F8231079B10169C90706D017
:10E50000016921F00101016187F823600EE0E868EC
:10E51000201A20D487F8236019E0696D31B1611A9F
:10E5200019D497F8221029B1012104E014346C6544
:10E5300011E00FE01421214469650169C90704D085
:10E54000016921F00101016105E087F82260FFF710
:10E550008BFE00E06E650A48FBF726FAB8F85E000D
:10E5600008B9FAF7E5FA97F82D000028A2D187F844
:10E570002C60BDE8F08700000000002058E1042076
:10E58000B0020020A8EC04202836002070B50D460B
:10E59000040022D0002D20D0104821681422816070
:10E5A00029460F48F2F74CF90C480121803880F8D1
:10E5B0002010002181770B482168816214222946AE
:10E5C0001430F2F73DF908482168C1612946BDE8D9
:10E5D000704014222030F2F733B970BD8000002063
:10E5E000ACE1042058F70420D8ED042010B50B4A04
:10E5F0000B4C904207D12268B2F5504F03D32268EA
:10E60000B2F5534F08D32060616006F035FBA0607F
:10E610000448B0F89802E06010BD00005241545325
:10E6200000770420283600200148C07C7047000095
:10E630000000002070B58CB0002207A9234808F024
:10E640003FF800226946214808F018F8002201A985
:10E650001E4808F035F8002206A91C4808F00EF8FC
:10E660009DF81E009DF806108842E5D19DF8020035
:10E670009DF81A108842DFD19DF801009DF819100D
:10E680008842D9D19DF803009DF81B108842D3D150
:10E690000F4901F1140000F02BFC04460D4601A9BE
:10E6A00006A800F025FC0B4E021B71EB050208D3F7
:10E6B000001B61EB05014FF47A720023F1F762FE53
:10E6C00000E00020C6F8F4020CB070BDCCA500201C
:10E6D0006CF70420A8F404200748B0F85E1041B994
:10E6E00090F87C0028B90548817C11B9407C00284D
:10E6F00000D0012070470000B00200200000002080
:10E700002DE9F047244F86B097F8200000282CD040
:10E71000224907F1880000F0EBFB04460D4606F0A5
:10E72000ABFA06464FF000084FF4807A4FF4FA59DE
:10E7300021E005A9684600F0BBFC694605A800F089
:10E74000D7FB001BA94119D206F096FA801B484559
:10E750000ED9F87F18B15146114807F035FF87F8F8
:10E760001F8087F81D804FF0FF3006B0BDE8F087AE
:10E77000012006F03DF8B87F0028DAD0F87F18B104
:10E780005146074807F020FF87F81F8087F81D8053
:10E7900087F81E800020E8E700000020ACE104209C
:10E7A000CCA500200F48104A90F8C0179163A0F53F
:10E7B000C0431879D0634FF0FF30042910D0196A94
:10E7C00021B1082228219F2000F038B800211160D3
:10E7D000D3F89810516005498B6893608969D160BE
:10E7E00070470000609D0020E0E204208074042057
:10E7F0000F48104A90F8C0179163A0F5C0431879EC
:10E80000D0634FF0FF30042910D0196A21B10222E1
:10E81000A021AC2000F012B800211160D3F89810AC
:10E82000516005498B6893608969D1607047000029
:10E83000609D0020E0E20420807404202DE9F74F61
:10E840004C4F91460C46386A4FF0FF3A30B12CB12C
:10E85000A02C03D8601D85B2A52D02D95046BDE875
:10E86000FE8F104600F0AAF80646611E09FB01F073
:10E8700000EB8002C2EBC0100E2202EB800001FB15
:10E8800006083D49884502D2786E884205D23B4849
:10E89000C0F82080796E4162E0E74946204600F0EA
:10E8A00091F88346BA463846396A344F3960D0F811
:10E8B0009810796032498A68BA608969F960416E56
:10E8C0003961017979610189B961DAF82C00F8615F
:10E8D000C7F82080C7F824B0BE622A48D0F80C09D7
:10E8E000F8622948D0F83802386306F0C5F9786331
:10E8F00000222FE009FB02F101EB8103C3EBC113FE
:10E9000002FB05F00BEB83010AEB00034FF0AD0CAB
:10E9100083F8A0C0DDF800C083F8A1C000EB050CAF
:10E9200083F8A220D444DA238CF89E308CF89F30F0
:10E9300000230C310BE0DAF8207000EB030803FB36
:10E94000067708EB0A0CCF5D8CF8A3705B1CA34222
:10E95000F1D3521CA242CDD30C48002141808480C7
:10E96000C5800099017280F809900421017000208F
:10E9700075E70000603D002000710200E0E2042025
:10E9800080740420F0AE0420F0CE042020A50020E6
:10E99000094A92F8C00702280DD192F8C80700B9B9
:10E9A000AC20B2F8C41701B9A02192F8C92702B966
:10E9B0000222FFF743BF7047609D002000EB40003C
:10E9C000400870472DE9FE4F054600200090019059
:10E9D000044602908B460846FFF7F0FF07462048A2
:10E9E000006A5FEA00094FF0000037D0EA4620E0F5
:10E9F0000BFB00F101EB8102C2EBC1110C2202EB17
:10EA0000810C002100220CEB01060CE002FB0763E5
:10EA100019F803301B0605D55AF8218008F10108C2
:10EA20004AF821800832AA42F0D3491C0329E9D3CD
:10EA30000830A842DCD30B4B0021524652F821008B
:10EA400043F8210052F82450A84200D9CCB2491C06
:10EA50000329F3D3044880F86A402046BDE8FE8FBE
:10EA6000603D002020E304200001002070B5184C18
:10EA7000184A94F8C0179163B4F8C207D063042908
:10EA800002D04FF0FF3070BD1349D1F80C19E1B935
:10EA9000B4F8C4170825884215D2B4F8C6270F4920
:10EAA00000FB02110E48F7F7E7FB70B90C48FDF7C1
:10EAB00043FEB4F8C207401C80B2A4F8C207B4F801
:10EAC000C417884201D384F8C057002070BD0000ED
:10EAD000609D0020E0E20420F0AE0420003E002013
:10EAE000F09E0420FEB515460C46060052D0002CC0
:10EAF00050D000F0FDF9401941F10001264A0023F1
:10EB0000F1F740FC1546074602AB01AA694600F042
:10EB10008BF92248B5FBF0F12170B5FBF0F100FB59
:10EB200011504EF66021B0FBF1F26270B0FBF1F2D1
:10EB300001FB12004FF47A72B0FBF2F1A170B0FB4E
:10EB4000F2F102FB1101A5681DB915480069C0F377
:10EB50000E05681CA1FB00010023F1F713FCA8427D
:10EB600000D92846281AC4E901050098FF1CA0F521
:10EB7000FA60F070019870700298B070072097FBEF
:10EB8000F0F100FB1171C91D91FBF0F200FB1210B6
:10EB9000401C3070FEBD0000005C260580EE360093
:10EBA000002800402DE9F041884604005DD0A568AA
:10EBB0002F49281E02D10A69C2F30E0502D1086945
:10EBC000C0F30E006168814200D90146401A4FF43B
:10EBD0007A77A0FB07016E1C32460023F1F7D2FBC7
:10EBE000B84200D3781E2178224A40F25373514331
:10EBF000627812FB03F201EB4212A17801EB4103B0
:10EC0000C3EBC11102EBC10108441B494044B0FBF6
:10EC1000F1F201FB120017491822B0FBF1F1B1FB30
:10EC2000F2F302FB131121704EF66021B0FBF1F2FA
:10EC30003C21B2FBF1F301FB132262703A46B0FBB8
:10EC4000F2F3B3FBF1F701FB1731A170B0FBF2F166
:10EC500002FB1100A0FB06010023F1F793FBA84281
:10EC600000D92846281AC4E90105BDE8F081000052
:10EC70000028004080EE3600005C26052DE9F041BA
:10EC800006462DED0C8BB0EE408A016800209FED0A
:10EC90005EDB4FF000479FED5ECB11B10869C0F31A
:10ECA0000E000446401C14F049FA41EC190B18EE12
:10ECB000100A14F02DFE53EC192B41EC180B002513
:10ECC0009FED550B51EC100B13F0E8FF53EC182B94
:10ECD00014F08EFA11D253EC192B9FED510B51EC1D
:10ECE000100B13F0DBFF53EC182B14F0BBFB04D21A
:10ECF0000020BDEC0C8BBDE8F08153EC1D2B51ECDA
:10ED0000180B14F0AFFB38D80EE00022394630461D
:10ED100007F0D0FB0500ECD153EC1A2B51EC180B8B
:10ED200014F008FD41EC180BB0EE4CAAF0EE6CAA02
:10ED300053EC1A2B51EC180B14F094FBE5D953EC5F
:10ED40001D2B51EC180B14F08DFB5AD253EC182BE1
:10ED500051EC1C0B14F0EEFC53EC192B14F084FA5C
:10ED600041EC100B11F074FB002800DA0020A042E7
:10ED700000DD2046024639463FE051EC180B13F007
:10ED800093FE41EC180B204614F0D8F953EC192BE4
:10ED900013F084FF41EC1B0B0EE0224600213046AD
:10EDA00007F088FB0500A4D153EC1B2B51EC180B8A
:10EDB00014F0C0FC41EC180B53EC1C2B51EC180B5D
:10EDC00014F050FBE9D953EC1D2B51EC180B14F047
:10EDD00049FB16D253EC192B51EC180B14F044FAE2
:10EDE00041EC100B11F034FB002800DA0020A042A7
:10EDF00000DD2046020004D00021304607F05AFB17
:10EE00000546284675E700000000000000000000ED
:10EE1000000000000000F03F000000000000E0BF24
:10EE2000000000000000E03FF0B5284C0019284C1D
:10EE300002D490FBF4F503E0264D054495FBF4F570
:10EE4000244C48F6AC66641E05FB040040F2B45442
:10EE5000B0FBF4F4B0FBF6F6041B34441C4E761EF3
:10EE6000B0FBF6F6A41B40F26D16B4FBF6F405EB0E
:10EE7000C50606EB05156426B4FBF6F740F26D16E1
:10EE800004EB0515664306EB9404E41B041B04EB3A
:10EE900084009926801CB0FBF6F000EB001606EB10
:10EEA000C6060527B61CB6FBF7F6A41B641C1C603F
:10EEB0000A2801D2C01C00E009381060022801D8DD
:10EEC000012000E0002028440860F0BD6CFA0A0030
:10EED000B13A020050C5FDFF04480068C0F30120AC
:10EEE000032801D00020704701207047703802408D
:10EEF00030B5C3784278847803F5FA63022A01D8E2
:10EF0000012000E00020181A4FF4C87302D490FBCF
:10EF1000F3F303E0A0F28F1595FBF3F36FF0180500
:10EF20005D4300EB0510022A01D9D21E00E0093230
:10EF300002EB021202EBC2020525921CB2FBF5F2B3
:10EF400022446424B0FBF4F540F26D14444304EB16
:10EF50009000401B521E1044174A03FB0200174A40
:10EF6000831809B1886818B915480069C0F30E0004
:10EF70004A68824201D9002200E0821A4FF47A7472
:10EF80006243401CB2FBF0F208780E4C40F253751D
:10EF900060434C7814FB05F400EB4414887800EBD4
:10EFA0004001C1EBC01004EBC0001044064A002130
:10EFB000C3FB020130BD0000B13A02009405F5FF29
:10EFC0000028004080EE3600005C260570B5204D1C
:10EFD000A4B02868204A1F4910F4407F4FF0010474
:10EFE000116017D1342116A8F1F786FC5821684624
:10EFF000F1F782FC082600201696CDE91B4016A8E2
:10F0000007F088F8E0B9600209900096684606F0BB
:10F0100055FDA8B92868C0F30120022813D10C4976
:10F020000E48091D0A6842F001020A6000E000BFB4
:10F030000A68920701D4401EF9D20868800702D4FA
:10F04000002024B070BD064804600120F9E70000EC
:10F050007038024000280040CCA50020400D03007D
:10F060003C0E474210B5FCF78DF808B1002010BDEA
:10F07000012010BD7CB50C46050016D0002C14D024
:10F080000A480A4EC07D803608B1306801E04FF46E
:10F09000FA4001AA694600F049F8009828600198F2
:10F0A0002060009870630198B0637CBD0000002070
:10F0B00030B58DB00C46050034D0002C32D0002283
:10F0C00007A9194807F0FCFA00226946164807F01C
:10F0D000D5FA002201A9144807F0F2FA002206A985
:10F0E000114807F0CBFA9DF81E209DF806309A4291
:10F0F000E5D19DF802009DF81A108842DFD19DF8F5
:10F1000001009DF819108842D9D19DF803009DF89F
:10F110001B108842D3D1142201A92846F1F790FB95
:10F12000069820600DB030BDCCA500202DE9F74F2A
:10F130005FEA010B82464FF063064FF4A0794FF06F
:10F14000FF372FD0029800282CD0BAF1000F01D140
:10F150004FF4FA4A7F24621C002390465046194619
:10F1600000F002FC05001FD0B5F5004F12D808FBD7
:10F1700005F05146FBF74EFEB84208D301D1B44228
:10F1800005D8B84206D1B44204D14D4502D907464C
:10F190002646A946641EDED5CBF800600299A9F187
:10F1A00001000860BDE8FE8F0125E0E710B58EB0D4
:10F1B000002877D0002975D00278521E072A71D214
:10F1C0004278002A6ED0122A6CD88278002A69D040
:10F1D0001F2A67D8C278632A64D80A78172A61D8A8
:10F1E0004A783B2A5ED88A783B2A5BD8006803902D
:10F1F000142204A8F1F724FB00208DF813000790D7
:10F2000008902948016841F080510160006800F0D1
:10F210008050009006F016FC002204A9234807F055
:10F2200017FC040013D1002203A9204807F0C4FBF7
:10F2300004000CD1002209A91C4807F041FA04007F
:10F2400005D1002202A9194807F018FA044606F071
:10F25000EDFB34BB9DF808009DF80C10884221D1CD
:10F260009DF809009DF80D1088421BD19DF80A00F9
:10F270009DF80E10884215D19DF80B009DF80F10D7
:10F2800088420FD19DF824009DF81010884209D1C2
:10F290009DF825009DF81110884203D101200EB081
:10F2A00010BDFFE70020FAE740380240CCA500205F
:10F2B0002DE9F05F0446007F0F46012828D04FF06B
:10F2C000010B84F81CB0022060772068002680685B
:10F2D0004FEA4060FAB1002800DBFE70B878397858
:10F2E00040EA01457878F978000240EA0140054398
:10F2F0002168CA20486221685320486220460FF0E6
:10F3000057F84FF0FF084FF0040A00286AD116E0C2
:10F310000220BDE8F09F002800DBFE7038780FF077
:10F320003CF8050478780FF038F845EA0025B878FD
:10F330000FF033F80543F87845EA0045D8E731483F
:10F34000054020680560304A0FB1B96811B91069ED
:10F35000C0F30E0120684FF00005B0F1000902D0A3
:10F360000069C0F30E050FB1B86810B91069C0F399
:10F370000E000FB17A6800E00022824200D90246F6
:10F38000831A0846834200D90B4608B1854204D14E
:10F390002846AB4211D818460FE06F1C421C71087A
:10F3A0004FEA3200E3FB07014FF00003F0F7EAFFFA
:10F3B0002A1A76EB010100D22846291AC9F828102A
:10F3C0002068816821F4802181602068C16821F073
:10F3D0008001C1602068806880060BD4204607F059
:10F3E00097FB38B12168C1F8248084F81DA02677E6
:10F3F00001208EE72168C1F8248084F81DB02677AB
:10F40000002086E77F7F7F000028004000B58BB09A
:10F41000002206A91F4807F053F9002269461D483B
:10F4200007F02CF9002201A91A4807F049F9002237
:10F430006946184807F022F99DF81A009DF8061051
:10F440008842E5D1039818B913480069C0F30E004B
:10F450000299814200D90146411A4FF47A72514310
:10F46000401CB1FBF0F19DF804004FF4616210FB09
:10F4700002F29DF80500C0EB001002EB80009DF841
:10F4800006200BB0104400EB4002C2EBC01001EBB1
:10F49000C00000BDCCA5002000280040D0F84421C9
:10F4A0000A43C0F8442170472DE9FF5FFE488046BB
:10F4B000B0F8B002C0F30016D8F8240208B1F5F78E
:10F4C000F7FBF3F7BFF9DFF8E493F94D4FF0010ACA
:10F4D000BEB195F83200A0B9F3F7EEF9F54F044646
:10F4E0003888082802D1384602F088FC388828B9C4
:10F4F000D9F8E01241F00101C9F8E0120CB185F829
:10F5000001A001F06DFDDFF8B0B30024BBF8980254
:10F51000012836D116B195F8320008B1687890B15B
:10F5200001F0B6FC05F0A8FBA86485F803A001F083
:10F5300027FC042085F8330005F09EFBDC49803170
:10F54000783008666C70D6B195F83300C8B105F014
:10F5500093FBD74907468031096E401A11D4D7482A
:10F56000D0F80C0930B901F00BFC95F83300401EBF
:10F5700085F83300CE488030B437076601E085F85F
:10F58000334085F83260287ECD4E60B1B6F85E001B
:10F5900048B996F87C0030B92C76D9F8E01241F0E1
:10F5A0002001C9F8E012D9F8E0024F46800628D5BC
:10F5B000D7F8E00220F02000C7F8E002B6F85E00BD
:10F5C00010B996F87C0010B185F818A019E0BD4973
:10F5D0004FF48070BC4B91F82A104200CDE9020133
:10F5E000CDE90023B94ABA49B648FCF7AFF898B15B
:10F5F0008021B848FFF752FF012208210520FBF7C0
:10F6000063FED7F8E002C0063CD5B6F85E0080B1D4
:10F6100096F87D0068B905E01422AF49A948FCF7C7
:10F62000E3F9EEE7B6F86801042802D0B07C48B9E7
:10F6300006E0D7F8E00220F01000C7F8E00221E071
:10F64000F069F8B103F020FA80B9A4A1A648FDF74B
:10F6500045F858B9A448FDF76FF8401C04D01921AB
:10F66000A148F3F7B1FD01E04FF0FF30D7F8E01209
:10F6700021F01001C7F8E01220B10122022106207A
:10F68000FBF722FED7F8E002C00748D0FFF724F8C6
:10F6900040B1D7F8E00220F00100C7F8E002F7F728
:10F6A0006BFE3BE0BBF8980202280BD0B8F8B00222
:10F6B000C00634D5DFF8FC81B8F8000010F00C0F5C
:10F6C00007D010E0D7F8E00220F00100C7F8E00210
:10F6D00025E0FFF7C7FC20B9FFF7FEFB08B90EF0E5
:10F6E00029FB03F095FAFEF7F7FF0028D1D1B8F80F
:10F6F000000010F00C0F12D003F014FA78B9B8F82B
:10F700000000042802D1734802F0CCFAF7F734FE67
:10F71000D7F8E00220F00100C7F8E0022C75D7F816
:10F72000E002400609D5687D38B9D7F8E00220F03C
:10F730004000C7F8E002F4F765F9D7F8DC02B846F4
:10F74000DFF8A8A1000722D5B6F85E00F8B996F850
:10F750007C00E0B9B07CD0B9F07CC0B9002700F0E3
:10F7600019FA20B1012700F049FB00F0AFF99AF82F
:10F770000000C00702D05248F9F794F90FB1F7F72B
:10F78000C1FCD8F8DC1221F00801C8F8DC1295F8A9
:10F790002800A946A8B396F87C0090BB72B689F8F9
:10F7A000284062B6B6F85E0070B100F055FA40B37A
:10F7B0000220F8F789FC96F87D0010BBB6F85E00D1
:10F7C000F8B1FEF751FD1CE0002500F0E3F918B197
:10F7D000012500F013FB0FE03B4F1837386840F06D
:10F7E00080503860142005F003F8386840F48050E9
:10F7F0003860642004F0FCFF00F068F90DB1F7F701
:10F8000081FC99F826004F46E8B3B6F85E00D0BBFD
:10F8100096F87C00B8BB002500F0BCF920B10125AA
:10F8200000F0ECFA00F052F9F07C10B10AF0E2FAC4
:10F83000F474B07C00B1B47472B697F8270087F8FE
:10F84000264062B69AF80010C90702D000F0C2F84C
:10F8500000E0308AAD218DF8001095218DF801105F
:10F86000CDF80200DA208DF806008DF80700082296
:10F8700069461D48F6F745FD1B48FCF75DFFF3F7A9
:10F88000B1FB05B100E001E0F7F73CFC97F8290077
:10F8900048B1D8F8E002C0072CD172B6B88F87F80B
:10F8A000294062B624E025E0F0CE0420A8F404202C
:10F8B00000000020C838002028360020281600202C
:10F8C000B0020020647704200004024034AA002023
:10F8D00078A50020A8EC04203CEB042052656320AE
:10F8E0005374617274000000F09E04200C0100202B
:10F8F00000F02AFAFFF7BAF8F7F7EAFEF3F7A6FBEB
:10F90000BDE8FF5FF3F762BA38B5144904460868EA
:10F9100040F080500860086800F08050009006F0C9
:10F9200091F8FFF753FB68B1012C0FD0022C0DD0DA
:10F93000002212210A4806F0B8FD002213210848CF
:10F9400006F0B3FDBDE8384006F070B8054A122154
:10F95000034806F0AAFD2246F0E7000040380240C6
:10F96000CCA50020A120E30C70B552EA030407D017
:10F970005C084FEA320528186141F0F703FD70BDBD
:10F98000002070BD00B591B0AD228DF8002010228E
:10F990008DF8012001463C220DF10200F0F7C9FE6E
:10F9A000DA208DF83E008DF83F0040226946044879
:10F9B000FCF78EFD0248FCF7BFFE11B000BD000051
:10F9C000F09E0420002803D03F21401EB0FBF1F040
:10F9D000704700002DE9F047DFF8E8800446ADF5F8
:10F9E000806DB8F81050B8F85E00002864D1364E2B
:10F9F0003078C00704D100F069F83078C0075BD0D8
:10FA000004B90124AC4200D9ECB28CB32E1B2846B9
:10FA1000FFF7D8FF4FF4007982464C4649466846C6
:10FA2000F0F76AFF214680A8F0F766FF96B1701ED6
:10FA30003F21B0FBF1F2B0FBF1F401FB12077F1C98
:10FA4000D8F8601149B1A24507D14A466846F7F790
:10FA500042FB08E000242746F2E7694604F18000F3
:10FA600000F0EAF820B900973F2F02D3012001E00F
:10FA700022E000207F902EB9D8F808100191D8F824
:10FA80000C004090694604F1800000F0C9F998B973
:10FA900080A904F1810000F0C3F968B9A8F81060EA
:10FAA0008020C8F85400D8F86001444618B14A468E
:10FAB0006946F0F7C5FE258A0DF5806D2846BDE83C
:10FAC000F0870000B00200200C01002010B52C4C83
:10FAD000206820F0010020600FF052F8022004F0AE
:10FAE00087FE284808F07EFD78B100210320FBF74F
:10FAF0004DFD022201210320FBF7E6FBBDE810408B
:10FB00004FF480712048FFF7C9BC2068012140F004
:10FB1000010020600320FBF739FD0320FBF73CFBCD
:10FB200042F21070194900E000BF8A68920701D4C0
:10FB3000401EF9D21548164A0C301060086820F0B3
:10FB400040000860486840F002004860086840F0E3
:10FB50004000086008F07CFC70B12068002120F0B3
:10FB6000010020600320FBF711FD02220321BDE804
:10FB700010400846FBF7A8BBBDE81040F3F70ABBEE
:10FB80000C010020ECA50020A8EC0420003001406E
:10FB9000606402400020042200E0401C22FA00F1D0
:10FBA000C90713D0102813D20B4909684000C1407F
:10FBB00001F0030003280DD000200849096841F333
:10FBC0000031491C20B119B1012070471028E4D33D
:10FBD000002070470120F0E70000024014040240BA
:10FBE0000248007800F00100704700000C0100207E
:10FBF0000F48C07BB8B10F48B0F85C1019B1B0F82D
:10FC00005C1005290FD1B0F85E1061B9817C51B943
:10FC1000C17C41B990F87D1029B990F87C1011B9D8
:10FC2000B0F8680108B1002070470120704700005B
:10FC300000000020B002002070B50D4606460024EA
:10FC40002946304609F0C4F8002804D0641C042C6E
:10FC5000F6D34FF0FF3070BD2DE9F041334CB4F8CE
:10FC600068003349C30B42F21070324A00E000BF13
:10FC70009568AD0701D4401EF9D2506820F002000B
:10FC800050602D48056825F00105056000E000BFC3
:10FC90000568ED0701D0491EF9D200684FF0FF3525
:10FCA000C00705D00121284684F84010BDE8F08146
:10FCB000106820F040001060106840F040001060B4
:10FCC0000026A674E07C10B10BB90AF093F8E67434
:10FCD0001A48816941F004018161BFF34F8F184FC9
:10FCE000386840F080503860142004F081FD386896
:10FCF00040F480503860642004F07AFDFFF7E6FE9F
:10FD000010480078C00708D0A4F86860B4F85E0016
:10FD100050B194F87C0010B106E02846C6E70220F6
:10FD2000A4F86801A4F86A010020BFE7B00200202F
:10FD3000A0860100003001405864024000000240EB
:10FD4000180402400C0100202DE9F043ADF2044DEF
:10FD500005464FF4017949466846F0F7CDFD244E3B
:10FD60000024308AFFF72EFEAD218DF8001094217B
:10FD70008DF801106F464FF40078A84207D1D6F8ED
:10FD8000601151B14246B81CF7F7A5F91DE0FFF725
:10FD900001FF10B1012400F031F8414681A8F0F7CD
:10FDA000ABFD144E3078C00704D1FFF78FFE3078DA
:10FDB000C0070AD081A905F18000FFF73DFF20B9F7
:10FDC000424681A9B81CF0F7B4FCDA208DF8020293
:10FDD0008DF803024A4669460748F3F771F8002C8C
:10FDE00001D0F7F78FF90DF2044DBDE8F083000064
:10FDF000B00200200C010020F09E0420074810B53E
:10FE0000016841F080510160142004F0F1FCF7F723
:10FE10007FFABDE81040642004F0EABC18040240F8
:10FE200070B50D4606460024294630460AF0B2FA5F
:10FE3000002804D0641C042CF6D34FF0FF3070BDB2
:10FE4000F0B504465148ADF5017D4FF0FF37B0F8ED
:10FE50009802022831D17CB34D4D287A02282CD14A
:10FE6000E87B48B3FFF7BCFE30B34FF40076324670
:10FE700048496846F0F7E4FC324621464548F7F722
:10FE80002AF9444801F094F9D8B14498414FC7F891
:10FE900010014798C7F81C015198C7F8440107F5AD
:10FEA000006090F8F00287F8B3010124EC71F3F7D9
:10FEB000A9FD60B1E41E53E0FFE738460DF5017D72
:10FEC000F0BD324669463348F0F7BAFCF5E73248F0
:10FED00000F009F901F040F93820A7F84801BDF811
:10FEE0004A01A7F84A012D4859995A9A41638263F9
:10FEF000F7F76EFB10B16FF0020431E02848816B18
:10FF000061B300F140018A6B42B34268B24225D32B
:10FF100049684268914221D14068C0051ED12148FC
:10FF2000D0F8081131B11B4980398A6BB2B14968E8
:10FF3000B14213D3D0F8E41029B11B490A6E6AB15B
:10FF4000C96AB1420AD3D0F8C000E0B11748D0F86E
:10FF5000981019B1406E1649884214D26FF003040C
:10FF6000324669460B48F0F76BFC0020E871687375
:10FF7000F3F748FD084800F0B6F801F0EDF8F7F7A0
:10FF800027FB20469AE76C73002097E7283600206D
:10FF900000000020A8EC042028060020D8ED042052
:10FFA00068EB0420B0020020F83C0020603D0020F7
:10FFB0000071020010B586B014216846F0F79CFC71
:10FFC0002548B0F89802012843D02448016841F040
:10FFD0000101016000684FF4C05400F00100059079
:10FFE0004FF44410CDE900400120029069461C48BE
:10FFF00004F050FD19481430016841F4804101605B
:020000040803EF
:10000000006800F4804005901648016821F47041B2
:100010000160001D016821F00F01016012480168B4
:1000200041F4C051016010480830016841F4C051EA
:100030000160001D016841F4C05101600A4814309C
:10004000046000220621282005F0B2FC282005F0DB
:10005000A1FC06B010BD0000283600203038024058
:100060000000024010380140003C014010B540B192
:1000700000F54050B0F89802012802D101F008F8CC
:1000800008B1002010BD012010BD000030B54FF0B8
:10009000FF32002811D0094D491E0DD310F8013B45
:1000A0005A40002302F0010464422C405B1C84EAA5
:1000B0005202082BF6D3EFE7D04330BD2083B8EDD2
:1000C00010B500280ED000F540510C46D1F834127E
:1000D000002907D0FCF7F8FCD4F83402BDE8104042
:1000E00007F059BE10BD38B5040033D000F0B2FAA5
:1000F00004F54055D5F8340200282BD00168C5F826
:1001000030120068002825D0002923D02046FCF7B3
:100110001EFDD5F8301259B10868009048688DF876
:1001200000009DF80000C86842F220021043C86039
:100130002046FFF79BFF00280CD041F60C10005919
:10014000002807D0204600F08BFA2046BDE8384052
:10015000FCF7F2BA38BD000038B5054612A02C46AF
:10016000006800902046FFF781FF00281AD004F5B0
:100170004054D4F83412002914D00868002811D053
:10018000D4F8300200280DD0284600F069FA032286
:1001900069462846FCF79CF9284600F043FF2846AC
:1001A000FCF7CAFA38BD00003C803E0070B50C4632
:1001B00005001DD0002C1BD02068002818D0002A74
:1001C00016D043F29C204251284600F047FA2146BF
:1001D0002846FBF788FE2846FFF785FF2846FFF7ED
:1001E00045FF002804D02846BDE87040FFF7B4BFA3
:1001F00070BD0000054800210172C1644173817324
:1002000041728172C1728165C16570470000002032
:1002100070B50C48FBF7BAFF0B4D0446E87A20B9DD
:10022000012202210720FBF74FF8002C07D04FF0E6
:100230000200E87202D04FF00100287370BD4FF049
:100240000100F6E7280600200000002070B5174DD9
:10025000284600F005FA2846FCF76EFA0446401CD2
:1002600006D12846FCF71EFC2846FCF765FA044632
:100270002846FCF781FB611C00D078B164F31F4075
:1002800001464DF20110FEF7B1F92846FBF77EFF5B
:10029000064800F0B9F96FF0010070BD034800F0A6
:1002A000B3F90A2004F0A4FA002070BD280600204B
:1002B0002DE9FE4F9D4CB4F8980201287ED19C4F49
:1002C000787A002501264FF0FF39002877D07D721B
:1002D00000210846FEF78AF9FFF78CFFBE72387BD3
:1002E00038B10220F872014601220720FAF7ECFF2C
:1002F0002EE0904D2846FFF7F6FED4F834024FF476
:100300005148B8B10068A8B1D4F8300290B141F6B4
:100310000C1040590404240C17D02846FCF72CFB81
:1003200005000FD0014664F31F414046FEF75EF919
:100330002DB90AE04FF6FF714046FEF757F9FFF777
:1003400067FF05E07B4800F05FF90720FAF724FF1C
:10035000794800F02DFF70B1F3F754FB58B9FDF761
:100360009FFE40B9FFF73CFC28B1BE73386D401CBE
:10037000386519D019E06F48FBF708FF0446FDF710
:1003800035FEFFF737FF0CB13E73BE7202221146F5
:100390000720FAF799FF69A16C48FCF79FF9BDE8BF
:1003A000FE4F6A48FCF7C8B93E6504F071FC684A24
:1003B000396D126848405040F86401E012E013E0E3
:1003C000F86C00B9F96441F27070FDF7C9FEF87A73
:1003D00008B900F05DFD04F04FFC00F2EE207865F6
:1003E00006203872BDE8FE8F04F046FC796D401A95
:1003F000F8D4387A062809D0387A072859D0387ABC
:100400000828EFD1F87A00287CD086E0F87AB84640
:10041000F0BB4848FFF767FED4F8340230B30068F9
:1004200020B3D4F8300208B3D8F84C7000252C461D
:10043000B146EA464FF03C0B8DF800B035208DF800
:1004400001008DF80290CDF8037006210AF1010039
:10045000FFF71CFECDF807003E208DF80B000C21A5
:10046000684600F077F8060002D003E049460DE048
:100470006D1CEDB2641C042C02D2FA2004F0B8F911
:10048000E4B2042CD8D305B10026314601B100E016
:1004900005E04DF21000FEF7A9F8FFF7B9FE0720BE
:1004A000444688F8080004F0E7FB00F57A706065C0
:1004B00098E7F87AE8B9D7F84C8000252C464046F2
:1004C00000F0FCFB060001D16D1CEDB2641C022C97
:1004D00002D2322004F08CF9E4B2022CEFD305B141
:1004E0000026310005D04DF21100FEF77FF8FFF72E
:1004F0008FFE0820387204F0BFFB00F59670786517
:1005000070E7FFE7F86C00F06FFC010005D04DF2DA
:100510001200FEF76BF8FFF77BFE09203872FDF73B
:1005200031FEF87A0228C3D0BD725BE7283600207E
:100530000000002028060020A8EC042053594E4358
:10054000205354415254204552520000F09E042042
:10055000282800402DE9F8430700DFF880804FF09D
:1005600000000D464FF0FF36009013D095B108F50E
:100570004050B0F8980201280CD11948807A48B14F
:10058000EFF3108472B66A464046F5F72FFF48B184
:100590001CB103E04FF4524017E062B629464DF219
:1005A000012012E02A4639460098F0F7C2F840468A
:1005B000F5F7BCFE050002D04046F5F7BEFF04B9D2
:1005C00062B63DB129464DF20220FEF70FF83046E3
:1005D000BDE8F883FFF73AFEFAE70000280600209E
:1005E000000000200648407C30B90648B0F85E1094
:1005F00011B990F87C0008B10020704701207047C5
:1006000000000020B002002000281BD000F5405060
:10061000D0F83402002815D00168002912D00A4809
:1006200000E000BF0A68520601D4401EF9D2074A12
:1006300007489142416802D141F4006101E041F470
:100640008051416070470000400D030000140140DC
:100650000000024010B50EF0A3FA10BD0EF0A0BAD3
:10066000094960B100F54050D0F8340238B1006853
:10067000064A904203D1486820F4006002E04868CE
:1006800020F4805048607047000002400014014090
:1006900070B50E460546FFF7E9FC00281ED0002E77
:1006A0001CD005F54054D4F83422002A16D0106826
:1006B000002813D0C4F89C62C4F83002284600F029
:1006C000B1FC2846FCF738F8002807DA2846FCF782
:1006D000E9F92846BDE87040FCF72EB870BD00006F
:1006E0000C4810B50068002813D0816B002910D089
:1006F000094CD4F83402884203D0A4F54050FBF7EB
:10070000F2FB0648C4F89C02BDE810400448FFF71D
:10071000EABC10BDA8F4042028360020A8EC042070
:100720002806002010B5144CE079002812D0134898
:10073000B0F85E1079B990F87C0060B9E07B50B1F8
:10074000FFF74EFA38B10E49112008F041FB28B1ED
:100750006FF0010010BD4FF0FF3010BD094890F858
:10076000F012074880F8B3113821A0F84811002092
:100770006073E07110BD000000000020B002002096
:10078000A8EC0420A8F404202DE9F04F91B0FE4C11
:1007900000F0E0FBFFF78CFD0BAA69462046FBF753
:1007A000F3FB002862D104F540540027B4F89822E6
:1007B000F64E022A00D137700099DFF8D483DFF8B3
:1007C000D4930878F44D4FF0040B82287DD060DC80
:1007D00037287BD04DDC302879D04FF0010A312802
:1007E00076D0DFF8B893342873D035283ED10197FE
:1007F000042201A8891C0297F6F76DFC00990422D7
:1008000002A8891DF6F767FC06210098FFF73EFC59
:10081000B4F89812022929D10B990A2926D10099F6
:100820004978012922D1029981421FD101980028DB
:100830001CD0B9F85E104846002917D190F87C000A
:10084000002813D10EF038FA00280FD10198F16C6E
:10085000884202D1307A002808D1FFF763FF0028D0
:100860007ED0022204210320FAF72EFD11B0BDE84C
:10087000F08F402875D0412874D08028F6D1012A05
:10088000F4D1FFF7AFFE0028F0D0BF4800F0CAFB5C
:10089000ECE78A2867D02ADC832865D086287DD0BB
:1008A0008928E3D1BB4801F0A9FAA9F800709FEDAF
:1008B000BC0A86ED190A86ED1A0A86ED1B0A306F0E
:1008C000401C3067D8F8E01204E0A3E14CE120E0DE
:1008D000FBE021E041F00101C8F8E012B5F8980210
:1008E00020F0800040F04000A5F89802BEE7AD4C33
:1008F000A1287DD0AB287CD0AC28B7D14878CA28B5
:10090000B4D1AC206060012003F072FFF0F7B0F9C1
:10091000ACE7022A6ED0A9E70C970D97B4F89802BD
:100920000228A3D1307A042808D0307A052805D0CF
:10093000002080460B98222802D06DE00120F8E7C5
:1009400004220CA8891CF6F7C6FB009904220EA805
:10095000891DF6F7C0FB0099142201A80A3104E0B2
:10096000A2E0B7E0BEE0C7E06FE1F6F7B4FB0099A4
:1009700004220DA81E31F6F7AEFB1E210098FFF7EA
:1009800085FB05460098407801280BD10D98A842B8
:1009900008D10C9830B1F16C884200E0D4E001D16C
:1009A000012000E0002030B3B8F1000F02D0F06D5C
:1009B000A8429BD0307A03282ED1707BD8B17348DF
:1009C000C07BC0B1FFF70CF9A8B1B9F868010128E4
:1009D00002D0B9F8680170B90FA906A8FEF768FB44
:1009E00006A90FA8FEF784FA1091074601A903E0B3
:1009F0002FE153E1A4E00FE00EA8FEF779FA4FF4DF
:100A0000FA62109B0646BA1843F10000921B884117
:100A100002D20EF051F950B1022211460720FAF726
:100A200053FCB8F1000F35D0FDF720FA39E0DFF8BC
:100A30005C8101A90EA8C8F85C50FDF7A7FD88F8F5
:100A400008B088F823A004F017F9F11B084408F156
:100A5000800100F5FA60C8604FF00700FAF79CFBD0
:100A6000B4F8980202287FF413AF98F8200070B908
:100A700098F8230058B9B9F868114846012902D0FE
:100A8000B0F8680118B941F27070FDF769FBFDF725
:100A9000C3FBEBE6FFF746FE18B102220421032058
:100AA0000EE0FFF7A7FBE1E6FFF7A4FB0198F06477
:100AB00086F808A0FDF7F4FA28B1022204210720E5
:100AC000FAF702FCEDE70220A2E0022AE1D186F863
:100AD00022A0CBE6022ADCD1D8F8DC12404641F055
:100AE000020106E0022AD4D1D8F8DC12404621F0F7
:100AF0000201C0F8DC12B9E6042206A8491CF6F788
:100B0000EAFA0099142201A8491DF6F7E4FA01A9AE
:100B100006A8FEF74BFB98B1A9F800B0D8F8E01290
:100B200021F00101C8F8E012B5F8980220F0400069
:100B300040F08000A5F898020720FAF72DFB95E613
:100B40000222042107208FE6042206A8491CF6F79A
:100B5000C2FA0099142201A8491DF6F7BCFA01A9AE
:100B600006A8FDF713FD81E601970297B4F89802F5
:100B700002288ED1FFF736FD00288AD00B98A0F509
:100B800000710A3985D10FE02806002000000020FE
:100B9000A8F40420C8380020F0CE0420B0020020C1
:100BA00000000000001001400099042201A8891CE7
:100BB000F6F791FA0099042202A801F20621F6F74D
:100BC0008AFA00984178012912D10199F26C914278
:100BD0000ED1317A02290BD140F20621FFF756FAE5
:100BE0000299884204D10098801DFFF729F960B16D
:100BF0000198F16C884202D1307A03289FD20222F8
:100C000004210720FAF760FB44E70298B06503204F
:100C100030722BE6ADF804704888ADF80400B5F8E2
:100C2000980220F0C001BDF8040000F0C00211439A
:100C3000A5F89812000696D5A9F800B0D8F8E012E9
:100C400021F00101C8F8E01210E64878FCF7B0FA8C
:100C50000CE64878F0B101281CD00228D9D11448FC
:100C6000016841F080510160006800F080500190FF
:100C700004F0E8FEFEF7AAF948B10E4A12210E4828
:100C800005F013FC022213210B4805F00EFC04F0C2
:100C9000CDFE01E0FEF738FEA12003E04878BA2837
:100CA000B7D1AB206060012003F0A2FD0FF040F946
:100CB00040380240A220E30CCCA500202DE9F843E7
:100CC00005002C4F4FF000004FF403714FF0FF363A
:100CD000009013D007F54050B0F8980201280DD1CC
:100CE0002548807A50B1EFF3108472B66A46884680
:100CF0003846F5F77BFB50B124B104E029464DF2AC
:100D000010202FE062B641464DF211202AE00098F3
:100D10003C2100F8011B372100F8011B012100F8DC
:100D2000011B4A0240F8045B1449EFF702FD0098EA
:100D300040F20621401CFFF7A9F901460098C0F8CF
:100D400007123E2180F80B123846F5F7EFFA05003E
:100D500002D03846F5F7F1FB04B962B63DB1294639
:100D60004DF21220FDF742FC3046BDE8F883FFF754
:100D70006DFAFAE72806002000000020A8EC042005
:100D800000B516488DB0B0F89802012823D1002292
:100D900007A9134805F094FC00220CA9104805F09F
:100DA0006DFC3C208DF800008A208DF801000C9825
:100DB000CDF80200142207A90DF10600EFF7B9FCE7
:100DC0003E208DF81A001B226946064800F06AF999
:100DD0000448FBF7D1FD0DB000BD0000283600200F
:100DE000CCA50020280600202DE9F04100268AB07D
:100DF00007464FF0FF383446F7B3234890F82000F9
:100E0000D0B33C208DF8000034208DF80100012083
:100E10008DF802001C48CDF80370803014228068E1
:100E2000CDF8070019490DF10B00EFF782FC1E21E8
:100E30000DF10100FFF72AF9CDF81F003E208DF8D3
:100E4000230024216846FFF785FB0546BDB1A8B203
:100E500040EA04614DF21300FDF7C8FB641C032C4B
:100E600002D21E2003F0C4FCE4B2032CC4D34EB162
:100E700000200AB0BDE8F081FFE74546E6E7761CB2
:100E8000F6B2EBE72846F4E700000020ACE10420CE
:100E900070B586B014216846EFF72EFD264CB4F8E5
:100EA0009802012845D125482549806B884240D1C8
:100EB0002448807C00283CD1084606F06CFF20487E
:100EC00006F0B6FF20480022016841F001010160F0
:100ED00000684FF4805500F0010000950590012056
:100EE000CDE90102194E69463046039203F0D2FD66
:100EF00001222946304603F0BAFE022003F078FCB6
:100F000000222946304603F0B2FE282003F070FC90
:100F100001222946304603F0AAFE022003F068FCB5
:100F20000DF03EFE0A48C4F89C02A4F54050FFF7BD
:100F3000DAF806B070BD00002836002058E1042021
:100F4000FCA80020000000203038024000000240D1
:100F5000A8EC042070B5194DA87800280DD0184CC5
:100F60000026B4F89802022806D11648B0F85E10A0
:100F700011B990F87C0008B1AE7070BD4FF40061FB
:100F8000114803F067FE0028F7D0AE7010490F48F3
:100F9000886301460F48FAF7A6FF0F48C4F89C0281
:100FA0000C48FFF7A0F80D48016821F4C05101601A
:100FB0000A494FF4C0501431086070BD0000002091
:100FC00028360020B0020020000002408CA900203A
:100FD00058E1042028060020A8EC0420003C014031
:100FE0000C4B10B503F54050B0F89802012810D111
:100FF00000F04EF800280CD141F60C10C058002823
:1010000007D00448FFF72CFBBDE810401846FBF75B
:1010100093BB10BD280600200148C079704700002E
:1010200000000020F8B50646FFF720F84FF0FF3526
:1010300058B106F54054D4F89C0230B16A4640F2EB
:1010400003213046F5F7D2F908B12846F8BD0098DB
:101050003C214FF4007200F8011B012100F8011B34
:10106000D4F89C12EFF765FB00993E2081F802024C
:101070003046FFF7F5FA3046F5F758F90028E5D085
:101080003046F5F75AFA3046FFF7BEFADDE70000C2
:101090000348817A11B9007B002800D001207047F5
:1010A000000000202DE9F04116460F460446FEF7E9
:1010B000DDFF4FF0FF35F0B1EFB1E6B104F540517F
:1010C000D1F83402B8B10068A8B1D1F8300290B1BB
:1010D0002046FFF7C5FA324639462046FBF7F8F9B5
:1010E00060B12046FBF7DEFC324639462046FBF76E
:1010F000EFF990B902E02846BDE8F0812046FBF701
:101100001BFB401C07D12046FBF7CCFC2046FBF71D
:1011100013FB401C01D00020EEE72046FFF774FAD5
:10112000E9E7000038B504460AA0006800908DF891
:1011300002102046FEF79AFF00280AD02046FFF74B
:101140008FFA042269462046FBF7C2F92046FBF7D6
:10115000F3FA38BD3C83003E70B500252C4612489A
:10116000F8F75BFA1148406B08B940F2E2400E4BC9
:10117000A3F848000020014600EBC00203EB820206
:10118000D2F89C2055194C41401C0428F4D320016E
:1011900040EA15708202C5F389401043401C4FEAB3
:1011A0004030986270BD0000B0020020A8EC04201E
:1011B00070B5002847D0816A4B011A46F1B3046B21
:1011C0001CB1224CA24200D2224644F62064A14225
:1011D00038D8B0F84851382D34D12511A9420AD059
:1011E000B1EBE40607D0B1EBA40604D0B1EB640682
:1011F00001D0A14226D10668A64223D804688C42B9
:1012000020D1134C5100B4FBF1F601FB1641A9B9F2
:10121000B2FBF3F103FB112181B9C16A11B1C16ABB
:1012200010290FD1016B19B1016B0A4A914209D102
:10123000416B11B1416BA94204D100E002E0008989
:10124000402801D0002070BD012070BD00E20400E4
:10125000008813000071020010B5314C206840F086
:101260000200206001220621072004F0A1FB0720D4
:1012700004F090FB206840F0040020600122072168
:10128000082004F095FB082004F084FB206840F05F
:101290000800206001220521092004F089FB0920B3
:1012A00004F078FB206840F0100020600122072144
:1012B0000A2004F07DFB0A2004F06CFB206840F05B
:1012C0002000206000220721172004F071FB172066
:1012D00004F060FB206840F08000206001220721BC
:1012E000172004F065FB172004F054FB206840F43D
:1012F0008070206001220621172004F059FB17207E
:1013000004F048FB206840F40070206000220721B0
:10131000172004F04DFBBDE81040172004F03ABB45
:10132000003C0140044A1368012181408B43136053
:101330001068084310607047103C014043F2903140
:10134000AFF3008070B569B14FF6FF724C0800250D
:10135000E0FB02450A46204600232946EFF712F833
:1013600080B270BD002070BD10B590F81013002938
:101370000ED0002180F8101300F0F6FA0548016A3B
:10138000002905D140680068816821F00101816071
:1013900010BD0000F83C0020F0B50D4602F007013A
:1013A000D7080446464A4748002685B0944207D1EC
:1013B000026842F001020260006800F001004BE0A8
:1013C000414A944207D1026842F00202026000687A
:1013D00000F0020040E03D4A944207D1026842F02A
:1013E00004020260006800F0040035E0384A9442CC
:1013F00007D1026842F008020260006800F00800AD
:101400002AE0344A944207D1026842F01002026096
:10141000006800F010001FE02F4A944207D10268D4
:1014200042F020020260006800F0200014E02B4A25
:10143000944207D1026842F040020260006800F066
:10144000400009E0264A944207D1026842F0800237
:101450000260006800F08000009099B101291AD064
:10146000022925D114216846EFF746FA012000959C
:10147000CDE9010669462046039603F00BFBCFB188
:10148000012218E014216846EFF736FA0320009590
:10149000CDE9010607E014216846EFF72DFA022096
:1014A0000095CDE9016069462046039603F0F2FA03
:1014B00005B0F0BD00222946204603F0D8FBF7E72F
:1014C00000000240303802400004024000080240A0
:1014D000000C0240001002400014024000180240BC
:1014E000001C024061B10E4B01290FD0022911D01E
:1014F000032914D190F8EF2219151846FFF74CBFB5
:1015000090F8EC224FF400510648F7E790F8ED22EE
:101510001021F2E790F8EE224FF40071EDE77047EA
:10152000000002400008024070B5F5F7DFFF0546F5
:101530002048016841F00051016000200DF09CFD41
:1015400000F0ACF81C48012141710846F5F7F6FFA0
:1015500005F033FE1949486815B140F0030001E079
:1015600020F00700486004F05BFA1548016841F07C
:101570000401016004F04EFA1249086820F400707A
:101580000860086820F480600860EFF3108472B689
:101590000D48D0F8E002400708D54FF00101084699
:1015A00015B104F05BFA01E004F06AFA84F31088E4
:1015B00070BD00001808024000000020002004E078
:1015C00000700040003C0240A8F4042038B52948CF
:1015D000016821F48041016026494FF480401431B4
:1015E0000860172004F0C5F90DF0F6F90DF002FAC5
:1015F000F1F728F9204C2148B4F89812012902D0BB
:101600001F49816303E01F4981630DF02DFB1E48D4
:10161000006870B1816B61B1D4F83402884202D0A5
:101620001A48FAF760FC1A48C4F89C021748FEF7FB
:101630005AFD1848FBF78BFA17480168009141687A
:101640000091C16841F02001C160C16841F40051BE
:10165000C16000220721172004F0AAF9172004F026
:1016600099F9B4F89802012803D1BDE83840FFF792
:101670000FBC38BD003C01402836002058E1042052
:101680008CA90020FCA80020A8F404202806002033
:10169000A8EC0420F09E0420001001402DE9F04148
:1016A00086B0F5F72FFD4A480024016841F001019A
:1016B00001600068142100F0010005906846EFF712
:1016C0001BF94448444F0126B0F89802424D1437A4
:1016D000012859D0FEF76EFC3D481430016841F4F2
:1016E00080410160006800F4804005903B4801683B
:1016F00021F470610160286840F480402860364819
:101700000830016841F480410160001D016821F446
:10171000804101604FF4804038600022062128207B
:1017200004F046F9282004F035F92D48016841F409
:10173000004101602B4806F02EFB2A4806F078FB9A
:1017400040200090CDE901640394274C694620466F
:1017500003F0A0F901224021204603F088FA8021FD
:101760004FF40410CDE9001002966946204603F0BC
:1017700091F900220721172004F01AF9172004F02C
:1017800009F906B0BDE8F0814FF400610091CDE9A0
:101790000164DFF8588000224046039403F067FAA2
:1017A0006946404603F076F94FF480508DE85100C9
:1017B0006946404603F06EF9286820F4C05028605E
:1017C0004FF4C0503860282004F0D3F884E70000BC
:1017D0003038024028360020003C014014380140D7
:1017E0001808024044A90020000402400000024002
:1017F000042902D2431883F8EC22FFF773BE0000DD
:10180000F8B50446F1F752F9010004D02C480079EC
:1018100008B1012600E00026002070258DF80000A8
:10182000002C3BD020606060208101B171250EB199
:1018300045F00805234FD7F8DC0210F0020F01D065
:1018400045F002056846F1F747F902469DF80000A9
:1018500008B145F00405D7F800031421B0FBF1F0FE
:1018600080B2FF2800D9FF20174925700B881B0A7A
:10187000A3700B88E3700B79237149796171A071B2
:10188000E27166B1D7F8F402B0F1807F01D36FF056
:101890007F406070010A2172000C6072F8BDB7F8D9
:1018A0000403F1F795F80546B7F80603F1F73AF89F
:1018B000290A41EA0011657021720009EDE7000074
:1018C00000000020A8F40420A0E104200022C0F8B9
:1018D000DC22022380F8EC32C0F8E822C0F80023B2
:1018E000A0F80423A0F80623A0F80823A0F80A23F0
:1018F000A0F80C2380F80E2380F80F2380F8102323
:1019000001607047D0F8DC0200F002007047000070
:10191000124810B5016841F400710160016841F49A
:101920008061016000200DF0F1FA022003F0C8FF91
:1019300005F008F9FFF74AFEF1F792FC0848016844
:1019400041F400510160322002F052FF0548D0F806
:10195000E01241F00101C0F8E01210BD003C02406D
:1019600018080240A8F404202DE9F04788B0054685
:1019700020216846EEF7C0FF00277E1E002D6AD0AA
:1019800095F80F430021524B032C01D3002405E0AE
:10199000022C21D0012C27D0022C27D012204FF46A
:1019A00080070090012201920492022C22D0042090
:1019B0000290084689464749CDE906108DF8150082
:1019C0008DF81420039098466946586802F084FA0E
:1019D000DFF804A1F0BB0FE0186A38B185F80F13E7
:1019E000002008B0BDE8F0870091DBE73B4800909D
:1019F0004711D7E70720DBE7DAF8041321F44001A9
:101A00003943CAF804135FB1354836490068B0FB62
:101A1000F1F0102802D2102000E000BF401EFCD2DE
:101A20002B48EFF7ABFAA8B92948EFF7D7FA88B9EE
:101A30002748EFF7A3FA68B92548EFF7CFFA48B976
:101A4000B8F814004FF6FF7244B102EA4000012CCE
:101A50001FD001E02EE038E0022C1FD046F22071AA
:101A6000A0FB010147F6FF73C01841F100010023FC
:101A7000EEF788FCA0F5FA6141F29512914219D275
:101A8000C5F8000340F6E441FFF75CFCA5F8080345
:101A900008E0A5F80403A5F80A0303E0A5F8060387
:101AA000A5F80C03641C0026E4B2032C00D3002428
:101AB00085F80F43DAF8041321F44001CAF804133F
:101AC0001EB1022C01D185F80F93304689E7000042
:101AD000F83C002001000F0000200140120000101F
:101AE000C8740420A08601001CB512A000680190F3
:101AF000EFF31080002815D1EFF3058090B905F0C1
:101B000021F8042201A90C4800F03AF80B4864219E
:101B10000068B0FBF1F0009001E000BF0846411EF4
:101B20000091FAD272B6BFF34F8FBFF36F8F0EF0F2
:101B3000FFF90000ADABDADAA8F40420C874042081
:101B40000A4A10B5A2F580610948F2F755FA09482A
:101B50000068002808D0816B002905D0BDE810403E
:101B6000054A0648FEF722BB10BD0000A8F004207D
:101B7000A07B0420A8F40420A8EC04202806002060
:101B800010B50446D0F8C002F4F7BBFBD4F8C0028D
:101B9000BDE81040FAF7D0BD2DE9F047F5F7A6FCF7
:101BA0002B4F0446386840F00050386001200DF09B
:101BB00063FA00F06FF805F000FB2649486814B19D
:101BC00040F0010001E020F00100486003F022FF36
:101BD000214E306820F400703060306820F480605E
:101BE00030601E4D1E4CDFF87C904FF400680121E0
:101BF000084603F033FFB5F8980202280BD1B4F879
:101C00005E0040B994F87C0028B94146484603F08C
:101C100021F80028EBD0306840F400703060306864
:101C200040F48060306000200DF070F904F08AFF0D
:101C300000F01AF8FFF78EF9F1F712FB386840F45C
:101C400000503860BDE8F047322002F0D1BD0000FE
:101C500018080240002004E0003C02402836002022
:101C6000B002002000000240074810B5006828B10B
:101C7000816B19B1054A0648FEF798FABDE8104095
:101C80000148F7F775BF0000A8F40420A8EC042071
:101C90002806002010B50520F5F750FCBDE81040DF
:101CA000FEF788B970B5094D04460022286804F58E
:101CB000A871006C04F004FD286804F5A6710022E8
:101CC000006CBDE8704004F0D9BC0000A8F404200A
:101CD000C0F80013704700002DE9F0478CB00646AD
:101CE00014A8984690E8081200251C220F462846A2
:101CF0001F245721414306EBC101C1F8A022C1F8BE
:101D00009C42097A401C0D440128F2DB7068D0F82F
:101D10005C41022084F8B801C4F82880E362C4F86A
:101D200030C0676308FB05F04000C117CDE90A0128
:101D3000314800224343D817CDE9063009FB0CF0A7
:101D40004000CDE902027801C117CDE9000110463B
:101D500004EB40010A810A83401C0828F8DB676312
:101D60002581DDE90A01DDE90023EEF70BFB208385
:101D700071680A984FF0010AC1F89C00A4F80AA003
:101D8000DDE90601DDE90023EEF7FCFA6083716806
:101D90000698C1F8C000A4F80C90DDE90201DDE965
:101DA0000023EEF7EFFAA08371680298C1F8E4000F
:101DB0001020E081A4F81EA071680098C1F8080105
:101DC00040F2E2404146804500D30846B0FBF7F1BF
:101DD00084F8401140F27121B0FBF1F184F8411117
:101DE000B0FBF7F0E91705EB117109114843A4F8AE
:101DF00042010CB0BDE8F087007102009FED0E0AB1
:101E0000002200EB8201521C81ED070A81ED080AD5
:101E100081ED050A81ED030A81ED040A81ED060AD0
:101E2000012AEEDB80ED010A80ED020A00218184A7
:101E3000C184018501807047000000002DE9F04752
:101E400004462DED088B008800287DD0DFED54AAD4
:101E5000012802D0022877D112E0E08C04EB800048
:101E600080ED0B0AD4ED050A40EE2A0AC4ED050AFE
:101E7000E08C401CE084E08CFF2865D9022088E0DB
:101E800000279FED48AA9FED489B0025B0EE4ABA77
:101E900004EB872604EB870806EB8500D8ED050ADE
:101EA00090ED0B0A30EE600A10EE100A11F030FDD2
:101EB00041EC100BB0EE491AF0EE691A0EF048FB37
:101EC000B0EE408AF0EE608A1BEE100A11F020FDA1
:101ED00053EC182B10F026FE10F0F2FD0BEE100A5A
:101EE0006D1CFF2DD8DD06F12C004FF4807100F041
:101EF00077F92BEE2A0A10EE100A11F009FD41ECD9
:101F0000100B0FF0B9F951EC100B10F0D9FD0BEEDE
:101F1000100A9FED278B40254FF0C00A4FF00009B3
:101F200006EB8500C06A11F0F3FC53EC182B10F09F
:101F3000F9FD41EC180B6D1C09F101095545EFD372
:101F4000B9F100000DD000E024E011F0F7F841EC09
:101F5000100B51EC180B53EC102B10F09FFE41ECC2
:101F6000180B51EC180B10F0ABFD00EE100A7F1CA3
:101F700088ED070A96ED8A0A012F88ED080A88ED98
:101F800006BA82DB94ED070A042084ED020A84ED90
:101F900001AA20802088BDEC088BBDE8F0870000F6
:101FA0000000803B00000000000000000000004036
:101FB0000000000000000000F0B50C468BB00646A3
:101FC00000252A4605A9204604F07AFB2A460AA9DC
:101FD000204604F053FB9DF815009DF81610C0EB49
:101FE000001001EB80042C4B079810B91869C0F35E
:101FF0000E000699814200D90146079A401A12B98B
:102000001969C1F30E0242F20F71904200D91046D5
:1020100000250AB1914203D1884214D9084612E042
:10202000521C0346690842F210774FEA3200E3FB84
:1020300007014FF00003EEF7A5F97B1E00221B1AE3
:102040008A4100D2781EAD218DF800108C218DF8C8
:102050000110CDF80240CDF80600DA208DF812000C
:102060008DF81300142269463046FAF731FA0B4C0A
:1020700058B1208D401C80B22085032801D3082050
:1020800020804FF0FF300BB0F0BD3046FAF754FB24
:1020900025850020F7E7000000280040C838002010
:1020A00038B50546AD208DF800008B208DF8010075
:1020B000DA208DF802008DF80300042269462846D4
:1020C000FAF706FA094C50B1208D401C80B22085E9
:1020D000032801D3082020804FF0FF3038BD284668
:1020E000FAF72AFB0020208538BD0000C838002000
:1020F000F0B50C468DB0064600252A4607A92046B5
:1021000004F0DEFA2A460CA9204604F0B7FA9DF83E
:102110001D009DF81E10C0EB001001EB80042E4B3B
:10212000099810B91869C0F30E000899814200D9C6
:102130000146099A401A12B91969C1F30E0242F216
:102140000F71904200D9104600250AB1914203D187
:10215000884214D9084612E0521C0346690842F22C
:1021600010774FEA3200E3FB07014FF00003EEF770
:1021700009F97B1E00221B1A8A4100D2781EAD216C
:102180008DF800108D218DF80110CDF80240CDF8AA
:10219000060010210DF10A00EEF78CFBDA208DF815
:1021A0001A008DF81B001C2269463046FAF790F998
:1021B0000A4C58B1208D401C80B22085032801D3E1
:1021C000082020804FF0FF300DB0F0BD3046FAF708
:1021D000B3FA25850020F7E700280040C838002022
:1021E00070B500244E1E14E000220D1B6D1E0DE084
:1021F00000EB820393EC020AB4EEE00AF1EE10FA6F
:1022000003DDC3ED000A83ED010A521C9542EFD8AD
:10221000641CB442E8D3002070BD0000F0EE400A18
:10222000F5EEC00AF1EE10FA02D89FED0D0A7047E4
:1022300010EE900AB0F17E5F02DDB0EE600A01E0C0
:10224000B7EE000A0020B6EE001AC0EE801A401C5D
:10225000062831EE800A20EE010AF6DB7047000006
:102260000000000090ED010A9FED151AF8EE400AFB
:102270009FED140AC0EE801AD0ED000AF8EE600A55
:1022800071EEA00AD1ED011AB8EE612AC2EE001A71
:1022900091ED000A0C49B8EE400A31EE800A30EEAA
:1022A000C00A10EE100A884202DD30EE410A704783
:1022B00010EE100A05498842F9D930EE010A70473C
:1022C0000000614500401C460000E1440000E1C4FC
:1022D0002DE9F04704462DED0A8BB0EE40CA008888
:1022E00001285ED1E58C8D425BD3B5F5807F58D84F
:1022F0009FED56AB0026B0EE4A8AF0EE6A8A0CE0FB
:1023000004EB8600C06A11F003FB53EC182B10F0AD
:1023100009FC41EC180B761CB6B2AE42F0D328464D
:1023200010F00CFF884648EC100B074653EC102BBE
:1023300051EC180B10F0B2FC41EC1B0BB0EE4A9ABA
:10234000F0EE6A9A002616E004EB8600C06A11F0EF
:10235000DFFA53EC1B2B11F0EDF941EC110B53ECB0
:10236000112B10F081FF53EC192B10F0DBFB41EC2B
:10237000190B761CB6B2AE42E6D348EC107B51EC9A
:10238000190B53EC102B10F089FC10F099FB8246CE
:102390006CEE0C0A00EE10AAB4EEE00AF1EE10FAB0
:1023A00004DD0020BDEC0A8BBDE8F08704F12C00B1
:1023B00081462946FFF714FFAE08A81B1FFA80F8D4
:1023C000B04501D80026A84600270DE059F82600A0
:1023D00011F09EFA53EC1A2B10F0A4FB7F1C41EC79
:1023E0001A0B761CBFB2B6B24645EFD367B138467A
:1023F00010F0A4FE41EC100B51EC1A0B53EC102B17
:1024000010F04CFC41EC1B0B51EC1B0B10F058FB7B
:1024100000EE100A690809EB810084ED070A90EDCF
:10242000000A84ED080A00EE10AAFFF7F7FE84ED1B
:10243000060A94ED070A042084ED020A9FED050ABE
:1024400084ED010A20800120ACE7000000000000BC
:10245000000000000000000072B60A4845F2555125
:102460000160032141604FF47A7181604AF6AA212C
:1024700001604CF6CC410160BFF34F8FBFF36F8F0B
:102480000DF068FD00300040002807D0044A0168C4
:10249000914203D10022CA600068026170470000C7
:1024A000000001402DE9F04FFE489DB0D0F8E00259
:1024B000DFF8F493C0F340001490B9F898020128B3
:1024C00011D002280FD0002102280ED00020159034
:1024D000F648F74C006A68B1006858B1A06A48B184
:1024E000149820B106E00121EEE70120EFE709B1E1
:1024F000012500E00025F7F767FB17900CF0B8FA0C
:10250000206886B240F2E240864200D20646B4F825
:1025100008A04FF0000B4FEA5A0716977743B846CA
:10252000EDB3206B18B1E348874200D207461598F7
:1025300008B1E14800E0E14847B1B0FBF7F464B10D
:10254000B0FBF7F107FB110038B901E00024F6E712
:10255000B7FBF8F108FB117008B101F061FAD3483C
:10256000016A09684A684B6802F0700223F0700340
:102570004B60016A641E4C61016A09680C63036A5E
:102580001B68C3F824B0046A012324686361036AEA
:102590001B68C3F810B0006A0068416800E003E0FF
:1025A00021F07001114341604FF0000BCDF838B0BD
:1025B000CDF83CB0CDF840B01C216846CDF844B011
:1025C000EEF79AF9142107A8EEF796F9B74844698F
:1025D000C4E901BB206801F053FCCDE90C01169958
:1025E000002306FB01F0CDE91A0B1890DDE90C0180
:1025F0006268521CEDF7C6FE002316901946189A21
:10260000EDF7C0FE401EE060EDB3A848006A006828
:1026100001F036FCA949B0FBF1FBA449096A4A69FB
:102620001599521C02FB0BF209B1022100E00121B5
:102630004A43169BB7FBF8F1A3FB0223A2FB0178E8
:1026400003FB01814FF0000C02FB0C1102466346B4
:102650003846EDF797FE07468846BBF1000F04D0D9
:102660000846F91E70F1000001D201F0D9F90920E5
:10267000A7FB00C308FB0030002207FB02010A226F
:102680000023604600E00AE0EDF77CFE0746C01E2E
:1026900071F1000001D201F0C3F97F1EE7604FF035
:1026A00080080027C4F818802046276104F02EFE19
:1026B00008B101F0B5F9202012908020139012A9E2
:1026C000204604F0ADFD08B101F0AAF94FF48050A6
:1026D0000E900EA9204605F038F808B101F0A0F9D7
:1026E000204605F01FFA08B101F09AF97020009019
:1026F000E0680022401E0190022002906946049783
:10270000204605F0A9F908B101F08AF9DDE90C02CB
:10271000AE21A0FB01C802FB0181002300FB0311D5
:10272000DFF89CB160465A46EDF72CFE401C019044
:1027300008226946204605F08FF908B101F070F9CA
:1027400060200090DDE90C029A21A0FB01C802FB89
:102750000181002300FB03115A466046EDF712FE8B
:10276000401CCDE901070C226946204605F074F9AA
:1027700008B101F055F9204605F0EEF8DFF8448184
:10278000DFF844B1149800B935BB2068404513D038
:10279000B0F1804F10D058450ED04C4988420BD034
:1027A0004B49884208D04B49884205D04A49884263
:1027B00002D04A4988420ED1079707A920460897B8
:1027C00005F087FA08B101F02BF945B320680168DC
:1027D00041F0080127E015B32068404513D0B0F15F
:1027E000804F10D058450ED0384988420BD0384918
:1027F000884208D03749884205D03749884202D0FC
:1028000036498842E2D10620CDE9070707A92046CC
:1028100005F05FFA0028D9D001F002F9D6E7206868
:10282000016821F0080101601798B6FBF0F101FB87
:102830000AF1480800D101201C4C401EE269D0601A
:10284000E06904F063FD08B101F0EAF83DB3D4F8A3
:102850001CA0DAF80000404513D0B0F1804F10D032
:1028600058450ED0194988420BD01949884208D0E2
:102870001849884205D01849884202D01749884231
:102880000DD114216846EEF737F80720CDE900078F
:102890006946504605F01DFA08B101F0C1F8A2469C
:1028A000A4691DE0A8F404202836002058E1042083
:1028B000A8EC042000E2040000C409000088130012
:1028C00000CA9A3B0000014000040040000800409C
:1028D000000C00400004014000400140001800408E
:1028E000ECB32068D8B3BDB1404513D0B0F1804FF0
:1028F00010D058450ED05B4988420BD05A498842C7
:1029000008D05A49884205D0594A904202D0594AC3
:10291000904201D1012100E000215FEA01086CD062
:10292000B9F89802022869D05348CDE900076760DA
:10293000A760DDE9000132460023EDF723FD401ECC
:10294000C4E903072046A76104F0E0FC08B101F0E8
:1029500067F8B8F1000F0FD01421684600E00BE0D3
:10296000EDF7CAFF0720CDE900076946204605F0CC
:10297000B0F908B101F054F8F5B3B9F8980201289C
:102980006DD107971C2168460897EDF7B5FFDAF877
:1029900020405546206801F073FACDE90A016760CE
:1029A000A760DDE90A01344A0023EDF7EBFC401E85
:1029B000C4E90307A7612068416821F07001416004
:1029C000204604F0A3FC08B101F02AF8202007906B
:1029D0008020089007A9204604F022FC08B101F0ED
:1029E0001FF826480CF008F860200090E0684008C6
:1029F000CDE901076A8E02E018E029E02DE0694682
:102A0000204605F029F808B101F00AF8204604F044
:102A1000A3FF2046FFF738FD698E286A05F01AF9F2
:102A2000286A04F067FE2046FFF72EFDB9F89802E9
:102A3000012814D11248B0F85E1000290FD190F887
:102A40007C0000280BD11DB0BDE8F04F0CF00CB994
:102A500001F016FACDE9000169E70A4865E71DB003
:102A6000BDE8F08F00080040000C00400004014069
:102A7000004001400018004000881300A8F4042022
:102A8000B002002000C4090000B589B0AD208DF867
:102A900000008E208DF801000C48806A0B49CDF8AB
:102AA0000200142214310DF10600EDF742FE302031
:102AB0008DF81A00DA208DF81B008DF81C001D22FD
:102AC00069460348F0F7FCF909B000BD58F7042047
:102AD000F09E042010B502F0CFF8104942F21073B6
:102AE00001F180028C7C34B10D4CB4F85E4014B11D
:102AF000946D34B107E0002481F82A4018449065B1
:102B000010BDC4189465041BFAD4012481F82A402E
:102B1000916D19449165411AFAD510BD000000204D
:102B2000B00200202DE9F041354E86B0356F354CAE
:102B30002088042811D00027707D4FF0000880B154
:102B4000706FA84243D019212F48F0F73DFB30B1F8
:102B50004FF0FF3006B0BDE8F0810127ECE786F8C2
:102B6000158094ED020AD4ED010AE08C30EE601A73
:102B7000D4ED060A94ED030AADF81400AD208DF8EB
:102B8000000082208DF8010011EE100A8DF802700D
:102B9000CDF8030010EE900A1322CDF8070010EED6
:102BA000100A6946CDF80B00BDF81400ADF80F000F
:102BB000DA208DF811008DF812001348F3F7A1FB0D
:102BC00010B16FF00100C5E70120756770750F48FF
:102BD000D0F80C0920B10C48F9F7AEFD401C07D025
:102BE00019210948F0F7F0FA28B16FF00300B1E7B6
:102BF0006FF00200AEE786F815800020AAE700001B
:102C000000000020C8380020F09E0420F0AE042010
:102C10002DE9F04F2DED028B8DB002F02DF89FEDD8
:102C2000BF8AFBF759FD00287AD1BD4C01202075E1
:102C3000F4F764FCBB48009002F01EF88146B848E7
:102C4000006F1424019002F017F8B74DA0F114079B
:102C5000B846B5F826A00026FBF73EFD00287DD13A
:102C6000288804284BD1EAE002F006F80546FBF775
:102C700033FD0028F3D10098B0F8B002C0066DD53E
:102C8000A7490198096F8842D6D14EB9E81BA042E6
:102C900006D3A648FFF704FA08B90126A8462F462E
:102CA000BBF826205846524504D0B0F826A000268E
:102CB00014240DE066B1A5EB0801B1F5FA7F07D346
:102CC0000026A02C03D26400A02C00D9A0242F46FB
:102CD0009749A5EB09028A4205D2A5EB090243F602
:102CE00098218A4201D3082101800088082835D024
:102CF000F0F76CF8FEF774F9012001F079FDDFF8C8
:102D000028B2BBF800000028AED0002601F0B4FFC6
:102D100007468548B846BB46C18C8246029174E09E
:102D200095E001F0A9FF0546FBF7D6FC002815D178
:102D30000098B0F8B002C00610D5BAF8001050469E
:102D400000293FF479AF764A0199126F91429BD1E5
:102D50000188082976D0C18C029800E072E0814297
:102D60000FD0BAF80010504601290AD1C08C029049
:102D7000AB46002614244021B0EE480A6A48FFF70B
:102D8000A7FABAF80000042843D066B1A5EB080002
:102D9000B0F5FA7F20D30026A02C03D26400A02C2B
:102DA00000D9A0242F46E81BA04215D3BAF826006C
:102DB00050B9A5EB090041F28831884204D95D4938
:102DC0005A48FFF7F9F803E05A495848FFF790F9D5
:102DD00008B90126A8462F465548A5EB09018142AE
:102DE00005D2A5EB0B0143F69820814202D30820BF
:102DF000AAF80000BAF80000082823D0EFF7E6FF91
:102E0000FEF7EEF8012001F0F3FCBAF80000042808
:102E100087D1FBF761FCA8B900245546454895EDDC
:102E2000020AD5ED010A30EE600AFBF727FF30B148
:102E3000022001F0DDFC641CE4B2032CEED3FBF7AE
:102E40004BFC48B1F4F798FA3549002008750DB0ED
:102E5000BDEC028BBDE8F08F3748B0F8980201282E
:102E6000F5D1002207A9334803F02AFC00220CA95F
:102E7000304803F003FC0024032269462F480094E5
:102E8000FEF710F92D48F9F777FD192001F0B0FC95
:102E9000FBF722FC20B1F4F76FFA21480475D6E75E
:102EA0003C268DF800608A208DF801000C98CDF842
:102EB0000200142207A90DF10600EDF73AFC3E25A9
:102EC0008DF81A501B2269461C48FEF7EBF81B4888
:102ED000F9F752FD0C2001F08BFC1B2269461748C4
:102EE000FEF7E0F81548F9F747FD8DF800608220FD
:102EF0008DF8010001208DF8020081208DF803007B
:102F00008DF804408DF80550062269460B48FEF7FF
:102F1000C9F80A48F9F730FD99E700006F12833AC3
:102F200000000020F0CE0420C8380020F09E0420CD
:102F300020BF0200CCA50020283600202806002053
:102F400010B504460C4820604FF4964060600020A5
:102F50004FF48061A060C4E903010C21C4E90510AD
:102F6000E061204604F032FF08B100F059FD204630
:102F7000BDE81040F7F780B90010014010B50446D5
:102F80000B4820604FF4964060600020A0600C2148
:102F9000E060C4E90401A061E061204604F016FF8E
:102FA00008B100F03DFD2046BDE81040F7F764B9D8
:102FB0000010014010B5040003D011B1F3F7A1F9DE
:102FC00010B14FF0FF3010BD2046F9F7B5FB401CA3
:102FD00004D02046BDE81040F9F7CEBC6FF00100E8
:102FE00010BD007831F9100000EE100AB8EEC00AEA
:102FF00082ED000A70470378407831F9133031F9D7
:103000001000181A00EE100AB8EEC00A82ED000A8D
:10301000704710B543780478807831F9133031F96E
:10302000144031F91000C3EB4403181A00EE100AE3
:10303000B8EEC00A82ED000A10BD0000D1F8801081
:10304000064A19B1012903D0022903D00260704752
:10305000034900E00349016070470000E32F0308C3
:10306000F72F030813300308F0B540F2E24687B0AB
:103070000746B14201D2304600E00846002544F63A
:103080002062904201D310250AE04208174810241C
:1030900050F82430934201D8254601E0641EF7D54C
:1030A000B14200D30E46124878600020CDE90000FE
:1030B00010480068B0B14FF0FF300146CDE9000183
:1030C00008370697DDE90001CDE9040100200096EC
:1030D000CDE901050823084A0849094808F022FFFC
:1030E00007B0F0BDF4F7EEFBE8E700003451040848
:1030F000B0020020A8EC042000000240F4A600204A
:1031000044A6002070B5044616466518106804E011
:1031100014F8011B80B20CF0D1FDAC42F8D3306042
:1031200080B200210CF0CAFDBDE8704000210CF017
:10313000C5BDF0B5002246E002EB420100EB810480
:1031400000EB8205D4ED600AD0F84063D5F8001397
:10315000B0EE402A20EE800A8E46012356F82270F7
:1031600015E004EB830C04EB8106DCED600A96EDC0
:10317000001AD6ED301A491E60EE810A9CED901AB5
:1031800041EE610A30EE800A00D539445B1C9F4253
:10319000E7DC0EF1010EC5F800E3D0F8401351F85A
:1031A0002210714501DD714602E00021C5F80013CF
:1031B00004EB8101521C81ED002AD5F8001304EBC9
:1031C000810181ED300AD0F844139142B4DCF0BDA6
:1031D0002DE9F04F994693468A460023DDF824E016
:1031E00025E003EB430200219FED140A0F4600EB9C
:1031F00083060BEB82050AEB820400EB820C0CEBDE
:10320000810205EB810882ED000A82ED300AC6F8E2
:103210000073D8ED000A04EB8108C2ED900AD8EDE6
:10322000000A491CC2ED600A0329E8DB5B1C4B4520
:10323000D7DBC0E9D0E9BDE8F08F00000000000056
:10324000002141634FF4006181627047F0B50DF1D8
:10325000140EDDE908549EE8C0104A43426201FBA7
:1032600003F2026201FB06F34FF47A72B3FBF2F34E
:10327000C36001FB07F3B3FBF2F3036101FB0CF343
:103280006943B3FBF2F6B1FBF2F1C0E90161B3FBB4
:10329000F2F101600021C16280ED060A9FED030A90
:1032A000416380ED050A84638162F0BD0000000087
:1032B00010B50446806A010556D5010454D4810432
:1032C00046D4C10427D5636A626B9A423CDB216A0B
:1032D0000B4493420CDD00EE901AF8EEE00A80EE0B
:1032E000201A94ED070A31EE000A84ED070A2BE05C
:1032F00094ED070AD4ED060A20F4805040F4005003
:1033000020EE200A84ED050AA0620020E06220463B
:10331000F1F762F818E0626A616B91420CDB20F40D
:1033200080409FED160A40F4805084ED070AA062A9
:103330002046F1F703FA07E0410405D440F4804049
:10334000A0622046F1F780FA606B401C60630BE0DE
:10335000D4ED050AC10709D0F4EEC00AF1EE10FA67
:1033600002DD20F00100A062A06A10BDF4EEC00AE8
:10337000F1EE10FAF8D240F00100F4E7000000008E
:10338000014801F07FB80000F0FD04202DE9F04174
:103390006249012251F8580F0B7902FA03F3836056
:1033A0000C79042303FA04F484600D79082404FAE8
:1033B00005F585600E79202505FA06F686600979FF
:1033C000102606FA01F18160554951F8580F0F791E
:1033D000BA4082600A79934083600A79944084609D
:1033E0000A799540856009798E4086604D4C616B05
:1033F000A06A2368401AA062E06A0E460844E062B0
:10340000616E04F16000A26E3244A266A26E8A422E
:1034100006D38268B2FBF1F5826805FB1122826057
:10342000856A0746C16AAD1941F100018562C16232
:10343000002107EB8102183252E8005F354442E870
:10344000005CBCF1000FF7D1491C0329F1DBA16A34
:1034500021B12046BDE8F0410BF0E0B8217921F020
:10346000040121712168096800E000BF8A689207A1
:10347000FBD519680A6822F040020A6019684A6898
:1034800022F003024A60D96C09680A6822F001023E
:103490000A60996C09680A6822F001020A601968DA
:1034A0000A6842F040020A60E16A40F6F41501F64B
:1034B000F411E1624168826802F6F4128260826867
:1034C0008A4206D382688368B2FBF1F202FB1131B3
:1034D0008160816AC26A40F6F413CB1842F10001A0
:1034E0008362C162002100EB8102183252E8003F82
:1034F0002B4442E80036002EF8D1491C0329F2DBA8
:103500002046F3F7A5F8FBF743FAF3F79DF82046BA
:10351000BDE8F04103210EF04BBB000094AA00204F
:1035200090FD0420603D002070470000094810B560
:10353000016800290CD0806D002809D00648F8F7F2
:1035400051FF002804D1BDE810400348FDF75CB8E6
:1035500010BD000050FE042028060020014800F0A5
:1035600091BF000034AA002070B50F4EB46D2568DD
:1035700096F85C1010208840284205D0A1680143CD
:10358000A1600A48EDF7C0FB96F85C102020884047
:10359000284207D0A1680143A160BDE870400348FC
:1035A000EDF7B2BB70BD0000C8750420F83C0020E8
:1035B0002249012251F8580F0B799A4082600B7909
:1035C00004229A4082600B7908229A4082600B792B
:1035D00020229A4082600A79102191408160184827
:1035E000036B426A0168D21A4262C26B1A44C26318
:1035F000826A1AB10CF078BB00BF00E008688268EC
:103600009207F9D50868026822F040020260086853
:10361000426822F003024260C86C0068026822F02F
:1036200001020260886C0068026822F001020260F8
:103630000868016841F040010160704790FD042076
:10364000603D00207047000070B50F4DAC6D2668DE
:1036500095F85C1010208840304205D0A1680143E5
:10366000A1600A48EDF750FB95F85C1020208840D7
:10367000304207D0A1680143A160BDE87040034813
:10368000EDF742BB70BD000054AB0020F83C0020B9
:103690007047000010B504F01BFE0B49002806DD42
:1036A000887C00280FD00846F5F79DFF06E00ADA6F
:1036B000887C002807D00448F5F79FFFBDE810403C
:1036C0000320FDF72FBE10BDB002002070470000A0
:1036D000094810B5016800290CD0806D002809D078
:1036E0000648F8F77FFE002804D1BDE810400348E3
:1036F000FCF78ABF10BD0000B0FE042028060020A1
:103700000148F8F76FBE0000F09E042001681823FE
:10371000CAB2103AB2FBF3F2054B6FF30901032A68
:103720009B5CC36500D9091D816508467047000090
:103730005C54040810B5014600208B698A6A4FF07A
:10374000C07453B1B3F5005F15D072B1012A0CD02B
:10375000022A0AD0032A09D104E01AB1012A06D0AC
:10376000022A03D1C96AC90100D5012010BDC96A66
:10377000A142FAD010BD002AF7D0012AF2D0022AC5
:10378000F3D0032AF3D010BD30B50468256825F4C2
:1037900080252560046863608368402B036803D03C
:1037A00099600068C26030BD9A600068C16030BD39
:1037B000704700002DE9F05F47480168DFF81C8181
:1037C000474E49044FF000070FD5434914390A68A2
:1037D00022F480420A604FF480410160D8F8E02270
:1037E00022F00402C8F8E0227771824600683D4D5D
:1037F00000054FF0010953D5FBF708FE4FF4006BAD
:103800000446CAF800B0B5F8980230B959463648AF
:1038100001F020FA08B986F806905946324801F0BE
:1038200019FA324A324938B196F83600C0B31068F6
:1038300084421AD3201A1BE0146086F836907279FD
:1038400048466AB3B5F89822022A29D1B1F85E2019
:1038500032BB91F87C1019BBB070D8F8E01221F09F
:103860000401C8F8E01277711AE0224B181A2044BC
:103870000F2812D3D8F8E03223F00403C8F8E0325E
:103880007771B5F89802022807D1B1F85E0020B927
:1038900091F87C0008B986F80290176086F83670B7
:1038A000DAF800105046C90414D54FF48051016075
:1038B000B5F8980200280DD10B4801F0CBF900288B
:1038C00008D186F80690D8F8E01221F00401C8F873
:1038D000E0127771BDE8F09F143C0140A8F4042089
:1038E00000000020283600200000024000010020D7
:1038F000B0020020005C260504480168890703D552
:1039000002210160F3F75ABD70470000143C0140EA
:10391000104810B5016849071AD50421016001F06B
:10392000ABF90D49C1F8E4020C4CB4F8B002C00682
:1039300005D5EEF7C1FF10B1094901204870B4F870
:10394000B002000404D4BDE810400648F6F78DBC70
:1039500010BD0000143C0140A8F40420F0CE042067
:1039600000000020F09E042004480168090703D5E8
:1039700008210160FAF722BC70470000143C0140A6
:103980000B480168C90611D510210160094A41F2AE
:103990008831D06F90FBF1F301FB1301401CD0671D
:1039A000002903D10449012081F810037047000069
:1039B000143C014080000020A8F4042070B5144C91
:1039C0002068144D800603D52020206001206876F1
:1039D000206800060CD58020206001F04FF80E48CA
:1039E000D0F8E01221F00401C0F8E0120020687164
:1039F0002068C00505D54FF4807020600748F6F7B1
:103A000037FB2068800502D54FF40070206070BD40
:103A1000143C014000000020A8F40420F09E042083
:103A20000B48026842F08052026000680948026850
:103A300042F4807202600068084A07481060074834
:103A400008380160BFF34F8F72B6FEF74DF8FCE700
:103A50004038024000700040215252458428004006
:103A6000002229B101291AD002291BD04FF440723B
:103A70000E490B6823F440730B600B6813430B6013
:103A80000A6822F078020A600A68022303EBC00089
:103A900002430A60086840F48030086070474FF4C1
:103AA0008072E5E74FF40072E2E70000103C02404C
:103AB0001348016889050FD5016821F40071016080
:103AC000016841F400610160016821F40061016056
:103AD000016841F400710160016849050FD5016872
:103AE00021F480610160016841F480510160016846
:103AF00021F480510160016841F4806101607047E8
:103B0000003C024010B586B00C46B0F1006F20D3E7
:103B100012498C421DD8A0421BD800F021F8034660
:103B2000204600F01DF8591C13D0411C11D0002173
:103B3000C01A00910221401C0293CDE9030100F05C
:103B4000FDFE05A9684600F065FE044600F0AEFEE5
:103B500014B1012006B010BD0020FBE7FFFF1708DD
:103B6000A0F10061B1F5C01F02D34FF0FF307047E4
:103B70004FF48042914201D2002070472C49014409
:103B8000914201D2012070472A490144914201D259
:103B90000220704728490144914201D20320704716
:103BA00026490144B1F5803F01D2042070472449E1
:103BB0004FF400320144914201D20520704721495F
:103BC0000144914201D2062070471F4901449142AD
:103BD00001D2072070471D490144914201D20820BB
:103BE00070471B490144914201D20920704719498D
:103BF0000144914201D20A20704717490144914281
:103C000001D20B207047A0F10161914201D20C203A
:103C1000704712490144914201D20D20704710496A
:103C20000844904201D20E2070470F2070470000D8
:103C300000C0FFF70080FFF70040FFF70000FFF72C
:103C40000000FEF70000FCF70000FAF70000F8F7AC
:103C50000000F6F70000F4F70000F2F70000EEF7BE
:103C60000000ECF72DE9F84305460F46144680079F
:103C700002D00420BDE8F8836FB1B5F1006F0AD31C
:103C80001C48854207D842B1E21C22F003012944B6
:103C9000491E814201D90320ECE700F04FFE4FF0AE
:103CA000FF3820E0CDF80080042C01D3042600E08A
:103CB0002646324639466846ECF73BFD0023294646
:103CC0000220009A00F0FCFD10B100F0EFFDE2E7E9
:103CD00028680099884203D000F0E8FD0220C9E777
:103CE000A41B37442D1D002CDCD100F0DFFD00208B
:103CF000C0E70000FFFF170808490A6822F4407275
:103D00000A600A6842F004020A600A684FF48033CD
:103D100043EA002002430A6070470000103C024062
:103D2000064A136823F44073136013681360136822
:103D300043F001031360017070470000103C024023
:103D4000094910B50C6824F440740C600C6844F404
:103D500040740C600C6844F001040C600260BFF316
:103D60006F8F436010BD0000103C0240074A13688B
:103D700023F440731360136843F480731360136873
:103D800043F001031360018070470000103C0240C3
:103D9000074A136823F440731360136843F40073F5
:103DA0001360136843F00103136001607047000063
:103DB000103C02401C490868C2061C4805D5C2696F
:103DC00042F01002C26110220A600A68920605D50C
:103DD000C26942F00802C26120220A600A685206E3
:103DE00005D5C26942F00402C26140220A600A6835
:103DF000120605D5C26942F00202C26180220A6041
:103E00000A68D20506D5C26942F00102C2614FF4C8
:103E100080720A600A68920705D5C26942F02002E2
:103E2000C2610220086070470C3C02408C020020F6
:103E300070B5114904460020C86100F01DFF054619
:103E40000E4E09E0601C07D024B100F015FF401BA6
:103E5000A04201D9032070BD3068C003F2D430689D
:103E6000C00701D001203060306810F4F970F2D042
:103E7000FFF7A0FF012070BD8C0200200C3C024027
:103E800010B50F490F4C88420BD00F49884208D01B
:103E90000E49884205D00E49884202D00D49884219
:103EA00005D102F0F5F8216801F4604104E002F068
:103EB000DFF8216801F4E05101B14000002110BD9C
:103EC0000000014008380240000401400040014069
:103ED000004401400048014070B590F83C206A4C15
:103EE000012A19D0012280F83C200A6807250368BE
:103EF000092A13D9DE680A3A02EB42029540AE4322
:103F0000DE600A788B680A3A02EB4202934002684C
:103F1000D5682B43D36010E0022070BD1E6902EB10
:103F200042029540AE431E610A788B6802EB420262
:103F30009340026815692B4313610268936B23F465
:103F4000401393630268936B0D8A504E06EB055540
:103F50002B4393630A790B7CD21AD21C02EB8202A8
:103F60001F2393400268956B9D4395630A790B7CF0
:103F7000D21A0B88D21C02EB82029BB293400268D9
:103F8000956B2B4393638A69A2420268936823F47A
:103F900070239360026893680CD08C69234393600C
:103FA0000268936823F44013936002689368CC69B5
:103FB000234301E023F4401393604A7D002A026802
:103FC000536802D043F4806301E023F480635360BC
:103FD0000A7D002A0268536802D043F4805301E04E
:103FE00023F4805353604A68012A16D0022A1FD056
:103FF000032A026827D0136A6FF30B031362026867
:10400000136ACC6823431362224B0468204A9C4203
:1040100027D10C68122C20D023E0026853696FF37B
:104020000B03536102685369CC6823435361EBE788
:10403000026893696FF30B03936102689369CC681C
:1040400023439361E0E7D3696FF30B03D361026805
:10405000D369CC682343D361D6E7546844F4800421
:10406000546004689C420AD10968A1F18053123B54
:1040700001D0112903D1516841F4000151600021A0
:1040800080F83C10084670BD01000F000000F0FFF2
:10409000002301400020014078B50024009490F8EE
:1040A0003C20012A19D0012280F83C200A6807250B
:1040B0000368092A13D9DE680A3A02EB42029540E6
:1040C000AE43DE600A788B680A3A02EB4202934004
:1040D0000268D5682B43D36010E0022078BD1E69CA
:1040E00002EB42029540AE431E610A788B6802EBF8
:1040F00042029340026815692B4313614A681F25E9
:10410000072A13D203685E6B521E02EB82029540AF
:10411000AE435E630A8893B20A79521E02EB8202B2
:1041200093400268556B2B43536327E003680D2AC5
:1041300012D21E6BD21F02EB82029540AE431E6369
:104140000A8893B20A79D21F02EB82029340026876
:10415000156B2B43136311E0DE6A0D3A02EB82020A
:104160009540AE43DE620A8893B20A790D3A02EBBB
:10417000820293400268D56A2B43D3621B4B0568C9
:10418000194A9D420AD10D68122D07D1556825F4B0
:1041900000055560556845F48005556005689D42E9
:1041A0001DD1134D0B68AB4201D0112B17D15368B1
:1041B00023F480035360536843F400035360096899
:1041C000A9420CD10B490C4A0968B1FBF2F101EB91
:1041D0008101490000E0491E00910029FBD180F8CF
:1041E0003C40002078BD0000002301400020014039
:1041F00012000010C874042040420F0070B5040083
:104200000FD0206C40F0020020642068816821F00B
:1042100001018160206880684FF00005C00702D06E
:1042200006E0012070BD204600F030F8656425648A
:1042300084F83C50284670BD70B504004FF000066D
:1042400003D0206C002510B107E0012070BD20468E
:1042500000F03CF8656484F83C50206CC00610D433
:10426000206C20F4885040F0020020642046ECF7D7
:1042700051FC6564206C20F0020040F001002064D5
:1042800000E0012684F83C50304670BD10B500684F
:104290000A49884211D10A48016821F480710160FD
:1042A0000121084800F060FB0121074800F05CFB99
:1042B000BDE81040122001F05CBB10BD00200140A1
:1042C00044380240000002400004024070B586B04D
:1042D000044614216846ECF70FFB1D49206888420C
:1042E00033D11C480025016841F4807101600068E9
:1042F00000F48070059017481438016841F00101FE
:104300000160016801F001010591016841F00201BD
:1043100001600068012600F0020000960590032469
:1043200069460D48CDE9014500F0B4FB00966946A9
:104330000A48CDE9014500F0ADFB0022072112201B
:1043400001F036FB122001F025FB06B070BD000025
:1043500000200140443802400000024000040240B6
:104360002DE9F0410446876D00F086FC054694F87F
:1043700035000026022806D08020606584F834606D
:104380000120BDE8F0812068016821F0160101607C
:104390002068416921F080014161206C08B9A06C5E
:1043A00020B12068016821F00801016020680168DF
:1043B00021F0010101600CE000F05EFC401B0528CB
:1043C00007D920206065032084F8350084F8346024
:1043D000D7E720680068C007EED194F85C103F2052
:1043E0008840B860012084F8350084F834600020EB
:1043F000C7E790F83510022903D0802141650120DC
:104400007047052180F835100068016821F001012E
:1044100001600020704770B504002BD094F835007F
:10442000022826D02068016821F00101016020687F
:104430000025056020684560206885602068C560AB
:10444000206805612168212048612046FFF75EF958
:10445000E56325646564A564E564256594F85C20DE
:104460003F2191408160656584F8355084F834506F
:10447000002070BD012070BD406D704790F8350080
:10448000704700002DE9F84304464FF00009CDF8CD
:10449000009063484FF41651A56D0068B0FBF1F72A
:1044A0002E6894F85C20082101FA02F030420FD007
:1044B0002068026852070BD5026822F004020260ED
:1044C00094F85C008140A960606D40F00100606577
:1044D00094F85C104FF0010808FA01F0304208D05F
:1044E00021684969090604D5A860606D40F00200A2
:1044F000606594F85C1004208840304208D0216840
:104500000968890704D5A860606D40F00400606503
:1045100094F85C1010208840304218D02168096857
:10452000090714D5A86020680168490304D500680C
:10453000000308D5A16C07E00168C90503D4016830
:1045400021F008010160216C09B12046884794F8E8
:104550005C1020208840304231D021680968C906AB
:104560002DD5A86094F8350005282068016806D08C
:10457000490347D5006800031DD4616C1CE021F09D
:10458000160101602068416921F080014161206CC1
:1045900008B9A06C20B12068016821F00801016011
:1045A00094F85C103F208840A86084F8358084F837
:1045B0003490216D1FE0E16B09B120468847606DA2
:1045C00000282BD0606DC00714D0052084F835007A
:1045D0002068016821F0010101600098401C0090F2
:1045E000B84203D820680068C007F6D184F8358047
:1045F00084F83490E16C002910D001B02046BDE869
:10460000F04308470168C905D5D4016821F01001BD
:10461000016084F8358084F83490CCE7BDE8F883F5
:10462000C87404202DE9F041044600F025FB05463E
:104630005CB1022084F83500002684F834602068DC
:10464000016821F0010101600DE00120BDE8F08169
:1046500000F012FB401B052805D9202060650320CF
:1046600084F83500F2E720680068C007F0D12168BF
:104670000A6820480240D4E901031843D4E903350D
:104680002B43184363691843A3691843E36918432C
:10469000236A18431043626A042A03D1D4E90B2326
:1046A0001A431043086020684069656A20F00701DA
:1046B00028460D43012704280CD1A06A0543E06A6F
:1046C00040B12046FFF736F820B14020606584F8FD
:1046D0003570BAE7206845612046FFF717F894F86F
:1046E0005C203F2191408160666584F83570002030
:1046F000ACE700003F8010E070B5044690F834004D
:10470000002501280CD0012084F8340094F835608D
:104710000020012E06D084F834000225284670BD02
:10472000022070BD022684F8356060652046FFF7E0
:104730002BF82068016841F001010160EEE72DE9E6
:10474000F0410446866D90F83400002501280DD014
:10475000012084F8340094F835700020012F07D030
:1047600084F8340002252846BDE8F0810220FBE7EA
:10477000022784F8357060652046FFF705F894F845
:104780005C103F208840B0602068016841F016014D
:104790000160206C20B12068016841F008010160CF
:1047A0002068016841F001010160DCE70D4910B5A6
:1047B0006FF49A30086000200860091D0A4A0A60F8
:1047C00008600849094A10390A600860C022091DBA
:1047D0000A6008600322091D0A60086001F090F871
:1047E000002010BD20380240F3795703FF1060000D
:1047F00070B5044600F040FA0546601C02D004483B
:104800000078044400F038FA401BA042FAD370BD8F
:10481000907B04202DE9F047044622480E46017E95
:1048200001290AD00121804601764CF250394846D0
:10483000FFF7FEFA020003D02FE00220BDE8F08768
:104840004FF0FF3030602068174F012801D0A56875
:104850001CE0207C6168FFF74FFA4846FFF7E8FA52
:104860000246386820F00400386014E0217C2846B5
:10487000FFF7F6F84846FFF7DBFA0200386820F049
:104880007A00386001D0356005E06D1CD4E9021073
:104890000844A842EAD8FFF70BF9002188F818105D
:1048A0001046CBE78C020020103C02400348016810
:1048B00041F000410160002070470000103C0240C0
:1048C0002DE9F0471B4E05461446307E1F468946AB
:1048D000012808D0012030764CF250384046FFF7CE
:1048E000A7FA18B114E00220BDE8F0879DB1012DB0
:1048F00016D0022D19D022463B464846FFF720FA33
:104900004046FFF795FA0C490A6822F001020A6056
:1049100000213176E8E7E1B24846FFF701FAEFE718
:10492000A1B24846FFF722FAEAE721464846FFF7D8
:104930002FFAE5E78C020020103C024007490020D6
:104940000A68002A09DA054A054B0C3A1360054B40
:1049500013600968002900DA01207047103C02400A
:1049600023016745AB89EFCD2DE9F04F8946DFF88C
:10497000E4A000214FF0010B4FF00F0C0BFA01F6F1
:1049800009EA0603B34260D121F003045444D4F889
:1049900008288D072F0F0CFA07F505EA02082E4AA2
:1049A000904201D100221EE02C4A904201D1012206
:1049B00019E02B4A904201D1022214E0294A904288
:1049C00001D103220FE0284A904201D104220AE0DB
:1049D000264A904201D1052205E0254A904201D1A4
:1049E000062200E00722BA40424515D1214F3A681D
:1049F0009A433A603F1D3A689A433A601D4F0C371C
:104A00003A689A433A603F1F3A689A433A60D4F84A
:104A10000828AA43C4F8082803684C000322A240CF
:104A200093430360CB0800EB83031D6A4C07E70E3A
:104A30000CFA07F4A5431D62C3689343C36043683F
:104A4000B3434360836893438360491C102995D323
:104A5000BDE8F08F00300140000002400004024039
:104A600000080240000C0240001002400014024006
:104A700000180240003C014070470000044910B596
:104A80000A68024202D00860FFF7F6FF10BD00007E
:104A9000143C01402DE9F84FDFF890910022A9F174
:104AA000040B03274FF00F0C09F1040AABF1040EBD
:104AB00001250B6895402B40AB426ED10C7904F078
:104AC0000304012C01D0022C15D18668540007FA8A
:104AD00004F826EA0806D1F80C8008FA04F848EA37
:104AE0000608C0F808804468AC430D79C5F300158A
:104AF0009540254345600C79E443A40708D0C56878
:104B0000540007FA04F6B5438E68A6402E43C660EB
:104B10000C7904F00304022C11D1D40800EB8406B4
:104B2000356A5407E40E0CFA04F825EA0805D1F8B2
:104B3000108008FA04F848EA0508C6F820800568DD
:104B4000540007FA04F6B5430E7906F00306A640B2
:104B50002E4306604C6814F4403F61D0344C256805
:104B600045F480452560246822F0030504F4804460
:104B70000094304C05EB0408D8F808589407260F29
:104B80000CFA06F4A5432C4CA04201D100241FE0EE
:104B90002A4CA04202D101241AE041E0284CA04254
:104BA00001D1022414E0274CA04201D103240FE0DC
:104BB000254CA04201D104240AE0244CA04201D19A
:104BC000052405E0224CA04201D1062400E0072480
:104BD000B4402C43C8F80848D9F800404D464E6808
:104BE0009C43F60200D51C432C60DAF80040554681
:104BF0004E689C43B60200D51C432C60DBF8004095
:104C00005D464E689C43B60300D51C432C60DEF81D
:104C1000004075464E689C43F60300D51C432C604B
:104C2000521C102AFFF444AFBDE8F88F083C014045
:104C300044380240003001400000024000040240BD
:104C400000080240000C0240001002400014024024
:104C5000001802400069084000D0012070474269F6
:104C600021EA02030A4043EA0241816170470AB126
:104C7000816170470904FBE70148806870470000C4
:104C8000907B04200148007870470000907B04204E
:104C90000148006870470000107AFF1F70B50400DB
:104CA00004D094F84100002510B106E0012070BD49
:104CB00084F84050204603F01DF9242084F8410078
:104CC0002068C16821F40051C16020460AF0FEFE50
:104CD0002068016921F4904101612068416921F057
:104CE000220141612068416941F008014161206869
:104CF000C16841F40051C1606564202084F841001E
:104D000084F842006563002070BD000003498842BA
:104D100001D1F6F7D9BFEDF72BBD000078A5002033
:104D2000704710B5040013D0242084F83D0020689B
:104D3000016821F001010160204600F01BFD002008
:104D4000206484F83D0044F8300FA073207310BD38
:104D5000012010BD90F83D10282901D00220704795
:104D600090F83D1090F83E2001F003010A430263E1
:104D7000202180F83D10002180F83E1050F8201BC3
:104D80000A6822F480620A6050F8200C416821F41D
:104D900040714160002070472DE9F04101680446F0
:104DA0004A694E6890F83E000025D743FA0506D4BC
:104DB000F243D20503D46FF4807201254A61B9052C
:104DC00008D4F143C90505D422686FF4007145F099
:104DD00002055161790525D4F143C90522D4638DBB
:104DE00094F83D10226B202808D13BB9212910D01E
:104DF00029290ED0282901D1212A0AD022686FF44E
:104E00008061516145F00405102806D0402804D087
:104E100008E0204608F0BAFA04E02068016841F48E
:104E200000710160380508D4F043C00505D421683D
:104E30006FF4006045F008054861002D07D0206C34
:104E4000284320642046BDE8F04107F03DBEBDE8A0
:104E5000F0812DE9F047026800215368C66A90F896
:104E60003E4090F83D50102C12D0402C10D0046CD5
:104E7000002C7DD05469E443A6077AD4DE43B605FE
:104E800077D4036C03B19169BDE8F04708F05ABAD2
:104E9000976951694FF42A0CC9435FEAC1784FF012
:104EA0002A4904D066452AD04E4528D010E0DE437A
:104EB000B6050DD4C16A614501D1012103E0C16A83
:104EC000494501D10821C162BDE8F04708F0CEB8DC
:104ED0000E0716D4DE43B60513D4416CC9B2116176
:104EE000416B09B1C96B29B9816B002907D0C96B26
:104EF000002904D00068416841F400614160BDE8C8
:104F0000F0878E0706D4DE43B60503D4BDE8F0472C
:104F100008F020B8FE43526876074FEA02521DD4CB
:104F2000002AECDB0A0608D4DA43520505D4490707
:104F300005D5BDE8F04707F0B3BF4907DFD4D94333
:104F40008905DCD4212D05D0402CD8D1BDE8F0470F
:104F500008F0D1B8BDE8F04707F062BF002ACEDB09
:104F60004A060BD4DA43520508D4490708D501E0B4
:104F70000DE00EE0BDE8F04707F0D6BE4907BED40D
:104F8000D9438905BBD4BDE8F04707F060BE9169FD
:104F900070E7E10606D4D943890503D4BDE8F0479C
:104FA00008F03CBA2826212D27D0292D25D06106CE
:104FB00055D4D943490552D4610752D590F83D10D4
:104FC000438D002B9BD01269436A1A70426A521CAF
:104FD0004262428D521E4285428D002A8FD12A297B
:104FE0008DD101684A6822F480624A6022210163FF
:104FF00080F83D6000F044FC81E7210623D4D943CA
:10500000490520D4610720D590F83D10438D002B31
:10501000F2D0436A1B781361426A521C4262428D8D
:10502000521E4285428D002AE6D12929E4D1016829
:105030004A6822F480624A602121016380F83D6061
:1050400000F01FFC5BE76107D6D4D9438905D3D4B0
:10505000418D0029D0D0416A097811610AE06107C9
:10506000CAD4D9438905C7D4418D0029C4D0116958
:10507000426A1170416A491C4162418D491E418555
:105080003DE70000064910B5884208D101220321FE
:105090000520F6F719F9BDE81040F6F715BE10BD6A
:1050A00078A5002070B5040025D094F83D000025B7
:1050B00020B984F83C50204600F082FB242084F87C
:1050C0003D002068016821F001010160206801684D
:1050D00041F4004101602068016821F40041016051
:1050E00000F0C6FF4D4B6168994201D84C4900E081
:1050F0004C49884201D2012070BD4B492268B0FB67
:10510000F1F1566826F03F060E43566062689A42F7
:1051100006D94FF4967251434FF47A72B1FBF2F113
:105120002268491C166A26F03F0631431162616805
:10513000994210D84900401EB0FBF1F2521CC2F354
:105140000B02042A01D2042022E0B0FBF1F0401C43
:10515000C0F30B001CE0A268F2B301EBC10303EB48
:105160000116431EB3FBF6F35B1C43F480431B059F
:1051700049D092B301EBC10202EB0111401EB0FB1A
:10518000F1F0401CC0F30B0040F4804040F40040BC
:105190002168CA694CF6FF739A431043C861D4E989
:1051A000071001432068026822F0C0021143016029
:1051B000D4E9030101432068826848F2FF339A432F
:1051C00011438160D4E9051001432068C26822F0D0
:1051D000FF021143C16001E00EE016E020680168A3
:1051E00041F0010101602564202084F83D00256321
:1051F00084F83E50002070BD01EB4106431EB3FB16
:10520000F6F35B1CB3E70120C2E701EB4101401E4E
:10521000B0FBF1F0401CC0F30B00B7E7A086010023
:1052200080841E0000093D0040420F007047704717
:10523000704700000A4910B5884210D10949012081
:10524000888509480021C1760177F6F723F80749D8
:10525000BDE81040142201F11400EBF76ABA10BD4A
:1052600078A5002064770420000000203CEB042097
:10527000704700002DE9FF4F83B09A46DDE91187A2
:1052800093460446DDF84090FFF7F6FC054694F897
:105290003D00202870D11923012274492046009531
:1052A00008F095F90028F5D194F83C00012863D066
:1052B000012084F83C0020680168C90703D1016817
:1052C00041F0010101602068016821F40061016082
:1052D000222084F83D00402084F83E000026266409
:1052E000C4F82490A4F82A80608D20856048E0628C
:1052F000CDE9007553465A462046049907F050FF01
:10530000002879D1208DD0B1012821D00228206831
:1053100024D0416980690090208D032866D8012837
:105320002BD0544902283B464FF00002009557D03D
:105330008846204608F04BF900285DD13AE0206805
:10534000416981690091016841F4007101607DE06B
:105350002068016821F480610160F0E7016821F4B0
:10536000806101602068016841F40061016020688B
:1053700041698069009069E075E02A463946204617
:1053800008F0C6F988BB54E02068016841F4007158
:10539000016020680069616A0870606A401C606290
:1053A000218D491E2185618D491E6185216809690C
:1053B000017042E02068016821F48061016020688A
:1053C0000069616A0870606A401C6062208D401E3E
:1053D0002085608D401E60853B4600224146009539
:1053E000204608F0F4F800B9CEE705E02A46394631
:1053F000204608F08DF918B1012007B0BDE8F08F04
:1054000020680069616A0870606A401C6062208DD3
:10541000401E81B22185608D401E608520684269F2
:10542000D243520712D4032903D1016821F48061C9
:10543000016020680069616A0870606A401C6062EF
:10544000208D401E2085608D401E6085208D0028A7
:105450007FF462AF202084F83D0084F83E6084F839
:105460003C600020C9E70220C7E7000002001000EE
:105470000000FFFF040001002DE9FC5F9946924601
:105480008B460446DDF83080FFF7F6FB0025074623
:10549000009594F83D00202828D1664846F2A811CE
:1054A00020260068B0FBF1F000EBC00101EB00101A
:1054B00000900098401E009010D020688069C04382
:1054C0008007F6D594F83C0001280FD0012084F81D
:1054D0003C0020680168C9070BD00EE044F8305F3B
:1054E0006673A573206940F0200020610220BDE8AA
:1054F000FC9F016841F0010101602068016821F40E
:1055000000610160222084F83D00402084F83E00C4
:105510002564C4F824800D986085608D20854648F8
:10552000E062C4F844B0C4F848A0C4F84C902565C3
:10553000208D4FF02308002863D0A06B00B33F49B3
:10554000C163A16B3E48C864A06B0564A06B456451
:10555000A06B8564A06B05652168238D1031626A9C
:10556000A06BFFF7ECF8A0B184F83D6084F83E50E2
:1055700054F8400F40F0100044F80409257049E049
:1055800084F83D6084F83E5054F8400F40F08000AD
:10559000F2E7CDE900874B4652465946204607F0D0
:1055A000FFFD88B1A06BFEF724FFA06BC5632068E8
:1055B000016821F4806101602585658520680168A6
:1055C00021F00101016025E0208D0128206813D021
:1055D000416841F4805141602068416981690091CE
:1055E00084F83C50416841F4807141602068416812
:1055F00041F4006141601BE0016821F480610160B9
:10560000EAE7CDE900874B4652465946204607F067
:10561000C7FD08B101206AE72068416981690091EE
:10562000016841F40071016084F83D6084F83C50E9
:1056300000205CE7C87404200000FFFFA1C9030834
:105640005DC903082DE9FF4F83B09A46DDE9119744
:1056500093460446DDF84080FFF70EFB054694F8BC
:105660003D0020287FD11923012240492046009582
:1056700007F0ADFF002876D194F83C00012872D0E5
:10568000012084F83C0020680168C90703D1016843
:1056900041F0010101602068016821F400610160AE
:1056A000212084F83D00402084F83E000026266436
:1056B000C4F82480A4F82A90608D20852C48E062EC
:1056C000CDE9007553465A462046049907F0E6FD99
:1056D00070B930E02A463946204608F053F858B1F0
:1056E000206C042804D12068016841F40071016035
:1056F000012007B0BDE8F08F606A2168007808617A
:10570000626A521C6262208D401E80B22085618DCB
:10571000491E618521684B69DB435B070BD468B187
:1057200010780861606A401C6062208D401E2085F0
:10573000608D401E6085208D0028CBD12A463946D9
:10574000204607F019FF0028CAD154F83D0B016824
:1057500041F400710160202004F81E09E6776677A5
:105760000020C6E7FFE70220C3E7000002001000A8
:105770000000FFFF70B5044600680E49884218D14A
:105780000D48016821F4001101600C4D8115284677
:10579000FFF7EAF869152846FFF7E6F8A06BFEF771
:1057A0003AFE1F2000F0E5F8BDE87040202000F030
:1057B000E0B870BD00540040403802400004024090
:1057C00070B586B0064614216846EBF795F8274970
:1057D0003068884248D126480025016841F002011E
:1057E00001600068694600F0020005904FF44070C7
:1057F0000090122001900120CDE9020504200490C0
:105800001C48FFF747F91A481030016841F40011AD
:1058100001600068194C00F40010059016482060E3
:105820004FF00070C4E90105C013C4E9035065617D
:10583000A561E561256220466562FEF7F3FE08B1C9
:10584000FEF7EEF8B463012207211F20A66300F0E3
:10585000AFF81F2000F09EF800220721202000F062
:10586000A7F8202000F096F806B070BD0054004064
:1058700030380240000402408860024034AA002010
:105880007047704702488168027811448160704710
:10589000907B0420094810B5016841F40071016053
:1058A000016841F480610160032000F0A1F802204A
:1058B00000F006F800F026F8002010BD003C024081
:1058C00070B50D4D04464FF47A712878B1FBF0F0B5
:1058D0000A490968B1FBF0F001F05BFC48B9102CF3
:1058E00007D200222146501E00F062F800206C60B2
:1058F00070BD012070BD0000907B0420C87404209E
:1059000070470000134808B5016841F48041016008
:10591000006800F4804000900E48001F016841F0CC
:1059200080510160006800F080500090042000F079
:105930005FF800220721501F00F03AF800220721EB
:10594000101F00F035F800220721BDE80840901E26
:1059500000F02EB844380240002809DB00F01F0296
:10596000012191404009800000F1E020C0F8801240
:10597000704700280DDB00F01F0201219140400913
:10598000800000F1E020C0F88011BFF34F8FBFF31B
:105990006F8F7047002809DB00F01F020121914042
:1059A0004009800000F1E020C0F8001170470000BD
:1059B000F0B40E4B1B68C3F30223C3F10704042C9D
:1059C00000D904241D1D072D01D2002300E0DB1E99
:1059D000012606FA04F56D1E0D409D409E40761E80
:1059E000164045EA0601F0BC0AF092BA0CED00E060
:1059F000064A00F0070110684FF6FF03184040EA1E
:105A00000120034908431060704700000CED00E0DE
:105A10000000FA05014901204862704700000E426B
:105A2000014901208862704700000E42034908B511
:105A30000020086202480068009008BD00000E4285
:105A400000700040034908B5012008620248006860
:105A5000009008BD00000E42007000400748026838
:105A600022F004020260012905D0032901D040BFC1
:105A700020BF20BF704730BF7047000010ED00E02E
:105A80000C4A136823F00303034313600A480268B7
:105A900042F004020260012909D0032901D040BF6D
:105AA00020BF20BF016821F004010160704730BFB2
:105AB000F8E700000070004010ED00E02DE9F84F1D
:105AC000044600780025CA4EC00708D03068E16956
:105AD00020F0C06008433060E06900B901252078FB
:105AE000800708D53068216A20F0C0500843306034
:105AF000206A00B9012520886FF0FF01800415D5C8
:105B00003068A26C20F4401010433060A06C18B1D3
:105B1000B0F5001F02D009E0012507E03068626996
:105B200020F4F85001EB022210433060208840043A
:105B300015D53068E26C20F4400010433060E06C12
:105B400018B1B0F5000F02D009E0012507E0306878
:105B5000626920F4F85001EB02210843306020789C
:105B60004FF0000A00075DD5A1484C38016841F0AC
:105B7000805101600068DFF87C8200F08050009066
:105B8000D8F8001041F48071C8F80010FFF774F8DD
:105B9000074604E0FFF770F8C01B022876D8D8F853
:105BA0000000C005F6D5DFF84882A8F11C08D8F837
:105BB000000010F4407022D0A18C01F440718142A9
:105BC0001DD0D8F800108C4A012321F440711360D5
:105BD000C2F800A0C8F80010D8F80000C0070ED026
:105BE000FFF74AF8074641F2883904E0FFF744F826
:105BF000C11B49454AD8D8F800008007F6D5606A2D
:105C00007B49C0F301228439032A40D0086820F47C
:105C1000F8100860D8F80010A28CC2F30B021143F0
:105C2000C8F800102078DFF8D4B1400703D594F805
:105C30005410CBF8E0112078DFF8C481C00607D5F6
:105C4000D8F80010E26A21F440011143C8F80010AE
:105C500020784FF0006980060BD5D8F80010226B31
:105C600021F000611143C8F80010206B484500D1B5
:105C700001252078400607D5D8F80010A26A21F047
:105C800080511143C8F8001065B908E078E00A684F
:105C90005C4B22F4F812184002430A60BAE720680D
:105CA000802874D15046DFF860A1CAF86800FEF77A
:105CB000E3FF4F4D07468C3D04E0FEF7DDFFC01BC0
:105CC00002285DD828680001F7D4216DCBF8D810E0
:105CD00020684E49C20701D0E2697AB1820701D536
:105CE000226A5AB1820602D5226B4A4506D0400686
:105CF0000FD5A06A68B9206B48450AD1D4E90102E2
:105D000040EA8210227B237C120642EA037210438F
:105D100008602068820401D5A26C1AB1400415D530
:105D2000E06C98B90868D4E9012342EA8312C0F311
:105D30000360237C000640EA037002430A60306877
:105D4000A26920F01F00521E104330602078000628
:105D50000AD5D4E9010240EA8210227B237C120694
:105D600042EA0372104308600121CAF86810FEF786
:105D700083FF074608E0FEF77FFFC01B022803D918
:105D80000320BDE8F88F02E028680001F3D52088E1
:105D9000C00505D53068616B20F0004008433060D5
:105DA0002088800505D53068A16B20F400400843A9
:105DB00030602088400505D53068E16B20F0004058
:105DC000084330602088000505D53068216C20F438
:105DD0008040084330602088C00407D5D8F8001000
:105DE000626C21F040411143C8F800100020C8E760
:105DF0008C38024000700040400E4742001047427D
:105E000094380240FFFCFF0F0000474284380240F4
:105E10002DE9F0470D46040065D0DFF81491D9F85C
:105E20000000EFB200F00700A84207D289F8007026
:105E3000D9F8000000F00700A84254D120683D4E78
:105E4000810712D5400703D5306840F4E050306038
:105E50002078000703D5306840F460403060306837
:105E6000A16820F0F000084330602078C0072DD0F2
:105E7000304960680839012812D0022813D003285D
:105E800011D00968890700292DDA316821F0030152
:105E900001433160FEF7F0FE804641F2883A0EE0A1
:105EA00009688903EFE709688901ECE7FEF7E4FE7A
:105EB000A0EB0801514502D90320BDE8F087306806
:105EC000616800F00C00B0EB810FEFD1D9F8001041
:105ED000484601F00701A94207D90770006800F0A1
:105EE0000700A84201D00120E7E72078400705D548
:105EF0003068E16820F4E050084330602078000703
:105F000006D53068216920F4604040EAC100306065
:105F100000F0CEF83168084AC1F30311515CC84063
:105F20000649086006480068FFF7CAFC0020C4E77D
:105F3000003C02400838024064540408C87404203D
:105F4000947B04202DE9F041FEF796FE434C054674
:105F5000206840F00100206004E0FEF78DFE401B49
:105F6000022846D820688007F7D5206840F08000D6
:105F70002060FEF781FE0546384E0020083630606E
:105F800041F2883704E0FEF777FE401BB84230D874
:105F9000306810F00C0FF6D1FEF76EFE0546206853
:105FA00020F45020206004E0FEF766FE401B6428C9
:105FB0001FD820688003F7D4FEF75EFE05462068F0
:105FC00020F08070206004E0FEF756FE401B02289F
:105FD0000FD820688001F7D4FEF74EFE05462068F2
:105FE00020F08060206007E0FEF746FE401B02289C
:105FF00002D90320BDE8F08120680001F4D41749DC
:106000001748091D086015498431086013480C3091
:10601000016821F4F8510160016821F40051016028
:10602000016841F41F010160016841F40011016041
:106030000A487430016821F001010160016841F0F3
:106040008071016008490748086008480068FFF748
:1060500037FC0028CED00120CCE7000000380240F9
:10606000103000240024F400C8740420947B042021
:106070000448054900680968044AC1F38221515C5B
:10608000C8407047C874042008380240745404089B
:106090000448054900680968044AC1F34231515C6B
:1060A000C8407047C874042008380240745404087B
:1060B000154810B5006810F00C01144813D0144BAB
:1060C00004290FD008290ED10F4C241F216801F09C
:1060D0003F022168490207D52068C0F38810A0FB61
:1060E000030106E0184610BD2168C1F38811A1FB29
:1060F00000010023EAF746F92168C1F30141491C78
:106100004900B0FBF1F010BD083802400024F40053
:1061100000366E012DE9F84F040075D02078DFF8C5
:106120004CA3C007AAF1040548D00AF10400016895
:10613000C1F38101012908D00068C0F38100022861
:106140000AD1DAF80000400206D52868800335D568
:1061500060680028E1D031E06068B0F5803F10D081
:10616000B0F5A02F286810D020F48030286028686F
:1061700020F4802028606068A0B1FEF77DFD06460F
:106180000CE0286840F48030F4E740F48020286078
:10619000F7E7FEF771FD801B642871D8286880033B
:1061A000F7D50BE0FEF768FD064604E0FEF764FD58
:1061B000801B6428F1D828688003F7D42078DFF8A2
:1061C000B09280074FF0000B3DD5A848001D016834
:1061D00011F00C0F08D00068C0F3810002280AD12A
:1061E000DAF80000400206D42868800715D5E06878
:1061F000012809D111E0E068B8B10120C9F8000018
:10620000FEF73AFD064605E02BE1FEF735FD801B63
:106210000228C2D828688007F7D52868216920F0AD
:10622000F80040EAC10028600DE0C9F800B0FEF7B0
:1062300023FD064604E0FEF71FFD801B02281FD841
:1062400028688007F7D42078000722D5874F89482F
:106250006169703771B101210160FEF70DFD0646DD
:1062600004E0FEF709FD801B022809D83868800782
:10627000F7D50EE0C0F800B0FEF7FEFC064605E0DC
:1062800082E0FEF7F9FC801B02287DD83868800781
:10629000F7D42078400765D574484FF000083C30AB
:1062A0000068C0000BD471483C30016841F0805157
:1062B000016000684FF0010800F0805000906E4FC0
:1062C0003868C0050FD4386840F480703860FEF735
:1062D000D3FC064604E0FEF7CFFC801B022853D80F
:1062E0003868C005F7D5614FA0686C3701280FD01A
:1062F0000528386810D020F001003860386820F098
:1063000004003860A068B0B1FEF7B6FC06460EE0A7
:10631000386840F00100F4E740F004003860F7E727
:10632000FEF7AAFC811B41F28830814265D83868AB
:106330008007F5D50DE0FEF79FFC064606E0FEF768
:106340009BFC811B41F28830814256D83868800717
:10635000F5D4B8F1000F05D044483C30016821F075
:1063600080510160A069C8B34049091D0968C1F3A3
:106370008101022948D00228584606D0C9F8600099
:10638000FEF77AFC04463BE037E04F46C9F8600070
:10639000FEF772FC064604E0FEF76EFC801B022846
:1063A0002BD828688001F7D4F4E907010843E16895
:1063B000324A490802EB0141A26841EA82110843CE
:1063C000217C40EA0160217D40EA0171CAF8001099
:1063D00001203866FEF750FC044605E043E0FEF776
:1063E0004BFC001B022808D828688001F7D53AE04A
:1063F000FEF742FC001B022802D90320BDE8F88FFB
:1064000028688001F4D42EE00128F7D0DAF80000E3
:10641000E26900F48001914223D1226A00F03F0139
:1064200091421ED147F6C071626A0140B1EB821FF2
:1064300017D1A26A4FF0FF3300F4403103EB520250
:10644000B1EB024F0DD194F82C2000F07061B1EB4C
:10645000026F06D194F8301000F0E040B0EB017FFD
:1064600001D00120CAE70020C8E70000043802403C
:1064700000004742800E4742007000400000FFFFCE
:1064800005484079002806D00448D0F8E01241F0D1
:106490000401C0F8E012704700000020A8F40420B6
:1064A0000068503050F8210070470068503040F8C4
:1064B000212070472DE9F05F0446007F92468B460D
:1064C000012813D04FF0010884F81C800220607767
:1064D0002068CA214162216853204862FEF7CCFB44
:1064E00000260546FF274FF47A790DE00220BDE82B
:1064F000F09FFEF7C1FB401B484505D92068476265
:10650000032060772677F2E72068C0680007F0D4A0
:10651000206881684FF00405C9060BD44AEA0B01D4
:10652000C16220688068800609D4204600F0F0FA35
:1065300028B120684762657726770120D7E7206871
:10654000476284F81D8026770020D0E70648417F07
:10655000022906D0407F012805D141030348FEF7F8
:106560007EBB0121817770470000002000080240B7
:1065700010B5144904464FF400300860216888685B
:10658000C0040BD5C868C00508D5C86800F08000F5
:1065900060F4C070C8602046FFF7D8FF21688868A3
:1065A00080040BD5C868800508D5C86800F0800055
:1065B00060F42070C8602046FFF762FF012060771A
:1065C00010BD0000143C01402DE9F0470446007F57
:1065D000012822D04FF0010884F81C800220607747
:1065E0002268CA2050622268532050622068002628
:1065F000FF27B1F5807F81684FF0030A4FF47A7965
:106600000ED021F4007181602068816821F400516E
:106610008160FEF731FB054624E00220BDE8F087EB
:1066200021F4807181602068816821F4805181604B
:10663000FEF722FB054604E0FEF71EFB401B484523
:1066400009D82068C068C007F6D00FE0FEF714FB39
:10665000401B484506D92068476284F81DA026776C
:106660000320DBE72068C0688007EFD52068476219
:1066700084F81D8026770020D0E7000010B5006860
:106680000B4641680D480140080CD870C1F3042442
:106690005C7001F03F049C70C1F34231197052B933
:1066A00007F072FED870587807F06EFE5870987830
:1066B00007F06AFE9870002010BD00003FFFFF0049
:1066C00010B50B460168896A596001680969C1F310
:1066D0000E019960006801680D480140C1F3054052
:1066E0001870C1F306245C7001F07F049C70890D62
:1066F000D97052B907F048FE1870587807F044FE78
:106700005870987807F040FE9870002010BD000087
:106710007F7F7F0010B5040002D0607F10B106E0DB
:10672000012010BD00202077204600F041F8022013
:1067300060772068C168C943C90632D5CA21416261
:10674000216853204862204607F032FE20BB2068B3
:106750008168164A1140816020688168626811432F
:10676000D4E904231A43114381602168E068086179
:1067700020680169228941EA02410161204607F04F
:106780003AFE48B921680A6C22F480220A64216822
:106790000A6CA3691A430A642268FF21516208B196
:1067A00010BD00200121617710BD0000BFFF8FFFE9
:1067B00010B596B0044658216846EAF79DF812498C
:1067C000206888421AD10820009010480068C0F361
:1067D0000120022814D00E4809906846FFF76EF990
:1067E00008B1FDF71DF90B490120086000220721BF
:1067F0002920FFF7DDF82920FFF7CCF816B010BDEF
:106800004FF40070E8E700000028004070380240B4
:10681000000318003C0E47422DE9F843644E03463E
:106820004FF4FA4730680C46B0FBF7F07911484353
:106830000090187F012877D04FF0010983F81C9051
:106840000220587718680025002A80684FEA4060C7
:106850006CD0002800DBE570A178227894F803C0A2
:1068600041EA02416278E069120242EA8C52114325
:1068700094F8202041EA02610143606962680143A3
:10688000A069D3F800C00243CA20CCF82400D3F892
:1068900000C05320CCF82400606AFF24B0F5807F4C
:1068A00018684FF0030C5CD0D0F8088028F400780A
:1068B000C0F808801868D0F80C8008F0800868F4E8
:1068C0002078C0F80C8030684FF47A76B0FBF7F08F
:1068D000704300901868009E761E009661D0C668CE
:1068E000B607F8D50162186882641868816841F4B7
:1068F000007181601868816841F4005181602D4801
:10690000016841F4003101602A480830016841F40F
:10691000003101601868446283F81D901D770020E3
:10692000BDE8F88300E001E00220F9E7002800DB81
:10693000E570207807F031FD0204607807F02DFD46
:1069400042EA0022A07807F028FD0243E07842EAFC
:10695000805294F8200007F020FD42EA0061E069CF
:106960008AE7866826F4807686601868C66806F02E
:10697000800666F4C076C6601868009E761E009693
:106980000FD0C668F607F8D0C1611868426418686D
:10699000816841F4807181601868816841F4805198
:1069A000ACE7446283F81DC01D770320B8E7000000
:1069B000C8740420003C014070B50446007F0B46BB
:1069C000012819D00126267702206077B2B1987885
:1069D000D97840EA014558781978000240EA4130F8
:1069E00005432168CA204862216853204862204636
:1069F00007F0DEFCD0B122E0022070BD5878C1065D
:106A000003D500F0EF000A305870D87807F0C5FCC5
:106A10000204587807F0C1FC42EA0022987807F097
:106A2000BCFC0243187842EA4035DAE707480540E3
:106A300020684560204607F0DEFC00B966772268D2
:106A4000FF2151620021217770BD00003FFFFF0050
:106A50002DE9F0410446007F0D46012823D04FF078
:106A6000010884F81C800220607720680027806875
:106A70004FEA4060D2B1002800DBEF70A878297897
:106A800040EA01466878E978000240EA815006430E
:106A90002168CA204862216853204862204607F0D6
:106AA00087FCB8B12CE00220BDE8F081002800DBB3
:106AB000EF70287807F071FC0204687807F06DFC2D
:106AC00042EA0022A87807F068FC0243E87842EA2C
:106AD0008056DDE70D480640206806602068816822
:106AE00021F480218160D5E9031001432068826888
:106AF00011438160204607F07EFC08B984F81D80B0
:106B00002268FF2151622777CEE700007F7F7F0058
:106B100070B505460A482968C860FEF7ADF8044616
:106B20004FF47A7606E0FEF7A7F8001BB04201D9D1
:106B3000032070BD2868C0688006F4D5002070BDB1
:106B40005F3F01004FF0E020016941F00201016167
:106B5000704710B5040011D0022084F8510020685D
:106B6000016821F040010160204600F067F8002034
:106B7000606584F8510084F8500010BD012010BDFC
:106B800070B5040009D0606A002540B125616561D7
:106B9000A56294F8510040B10CE0012070BD60681E
:106BA000B0F5827FF4D0E561F2E784F850502046DA
:106BB00000F096F8022084F851002068016821F066
:106BC00040010160A088218900F4827001F4044131
:106BD0000843A18901F400610843217C01F002010E
:106BE0000843217D01F001010843218B01F400716C
:106BF0000843217F01F03801084394F8201001F088
:106C000080010843218D01F4005108432168086088
:106C1000A069042101EA104094F8241001F0100149
:106C20000843216848602068C16921F40061C1619E
:106C30006565012084F85100002070BD70B50446E0
:106C400000682049204B214A884208D1186820F466
:106C500080501860E0211046FDF786FE1AE01A49C0
:106C60001B4E091F1B4DB04206D1086820F480401E
:106C700008604FF444411CE0174EB0420CD1086844
:106C800020F40040086038212846FDF76DFEE06CD6
:106C9000FDF7C1FBA06C10E01049884211D11868C3
:106CA00020F40050186002211046FDF75DFE4FF4FD
:106CB00000512846FDF758FEE06CBDE87040FDF736
:106CC000AABB70BD003001404438024000000240C1
:106CD0000038004000040240003C00400034014005
:106CE0002DE9F04F87B0044614216846E9F704FE09
:106CF000C148DFF80083D4F800C002210322052335
:106D00000615042700254FF4804AC44555D1DFF805
:106D1000E8C20CF1140CDCF8008048F48058CCF880
:106D20000080DCF800C00CF4805CCDF814C0D0F812
:106D300000C04CF0010CC0F800C000680DF104095F
:106D400000F001000590A0200090022090469B4694
:106D500089E821096946A948FDF79CFE4FF04009E2
:106D60000220CDE900900DF1080C01208CE801090A
:106D70006946A248FDF78EFEDFF888B2A049584662
:106D8000CBF80010C0E90356C0E9055A4FF0C061C6
:106D9000CBF81C50C0E901190BF12009B10189E8B9
:106DA0008201C901CBE90B15FDF73CFC08B1FCF7EA
:106DB00037FE5846C4F848B057E0DFF84C82DFF899
:106DC00038E2DFF848B20EF1100E4FF48079C44576
:106DD0004FD1DEF8008048F48048CEF80080DEF81D
:106DE00000C00CF4804CCDF814C0D0F800C04CF0BA
:106DF000020CC0F800C0006801A900F00200059074
:106E00004FF4044000900220904681E821010520C3
:106E1000049069465846FDF73DFE0220CDE900A0EA
:106E20000120CDE902080520049069465846FDF787
:106E300031FEDFF8E08176494046C0E90015C8F828
:106E40000850C8F818A0C914C8F80C50C0E904616B
:106E5000C0E909758901C8F82C50C8E90791C8F83C
:106E60003050BDE0FCF7DCFDBFE0846307B0BDE857
:106E7000F08FDFF8A481C44555D1DEF800C04CF492
:106E8000004CCEF800C0DEF8003003F40043059358
:106E9000036843F002030360006800F002000590FD
:106EA00038208DE823000620CDE9032069465846A6
:106EB000FDF7F0FDDFF86481554940461839C0E917
:106EC0000015C8F80850C0E90356C8F81450C8F8AF
:106ED0001850C8F81C50C0E90857C8F82850C8F81E
:106EE0002C50C8F83050FDF79DFB08B1FCF798FD19
:106EF00047484B4EC4F84C806030C8F83840C6E96B
:106F000000054020C6E9020535617561C6E90659EC
:106F1000356230467562FDF785FB08B1FCF780FDF0
:106F2000A664B463A2E7DFF8FC80C4459ED1DFF815
:106F3000C8C00CF1140CDCF8008048F40058CCF800
:106F40000080DCF800C00CF4005CCDF814C0D0F870
:106F500000C04CF0010CC0F800C0D0F800C00CF02C
:106F6000010CCDF814C0D0F800C04CF0020CC0F8F1
:106F700000C00068009100F002000590CDE9011505
:106F80000320CDE90303884669461C48FDF782FDCE
:106F90004FF40050CDE900080320CDE9025006204F
:106FA000049069465846FDF775FD1549DFF878806D
:106FB00048394046C8F80010C905C0E90115C8F8AD
:106FC00018A00914C8F80C50C0E90461C0E909759B
:106FD0004FF44031C8F82C50C8E90791C8F8305038
:106FE000FDF720FB00287FF43DAF4046C4F84C80FD
:106FF0003BE7000000300140303802400000024012
:107000005864024030FD0420003800400004024073
:107010005860024008750420003C004094AA0020FB
:1070200090FD042000340140687504202DE9F84FDC
:107030001D4617468A460446FDF71EFE064694F88E
:107040005100012826D1BAF1000F77D0002F75D05A
:1070500094F8500001281DD04FF0010984F8509099
:10706000032084F851004FF00008C4F85480C4F89D
:1070700030A0A786E786C4F83880A4F83C80A4F83E
:107080003E80C4F84480C4F84080A068B0F5004F4A
:1070900003D00CE00220BDE8F88F2068016821F0E1
:1070A000400101602068016841F48041016020686E
:1070B0000168490603D4016841F040010160E068BD
:1070C000B0F5006F606803D028B3012F23D03FE0F4
:1070D00008B1012F1BD1206B21680088C86006E031
:1070E00020688168890709D5216B0988C160206BF8
:1070F000801C2063E08E401EE08608E0FDF7BCFDAA
:10710000801BA84202D3681C01D02FE075B3E08E2B
:107110000028E5D11FE0206B21680078087306E0A5
:107120002068816889070AD5216B09780173206B73
:10713000401C2063E08E401EE08609E027E0FDF75A
:107140009BFD801BA84202D3681C01D00EE06DB1EC
:10715000E08E0028E4D132462946204607F0F0FAB6
:1071600008B120206065A06830B109E084F8519032
:1071700084F8508003208EE72068C1688068009002
:1071800084F8519084F85080606D002883D00120ED
:1071900081E710B5401EB0F1807F01D3012010BD02
:1071A0004FF0E02460610F21601708F0B1FE00206D
:1071B000A06107202061002010BD4FF0E020016990
:1071C00021F00201016170477047704710B590F8D7
:1071D0003C20012A22D0012280F83C20CA688C6819
:1071E00022F4407222434C6822F4806222430C68ED
:1071F00022F4006222430C6922F4805222434C693B
:1072000022F400522243C969002322F480420A4337
:1072100001684A6480F83C30002010BD022010BD97
:1072200070B590F83C20012A32D0012580F83C50FE
:10723000022280F83D2002685368946823F07006AB
:107240000B6833435360134B02689A4214D0B2F177
:10725000804F11D0104B9A420ED0104B9A420BD057
:107260000F4B9A4208D00F4B9A4205D00E4B9A42D0
:1072700002D00E4B9A4204D1496824F0800319438E
:10728000916080F83D50002180F83C10084670BDA8
:10729000022070BD000001400004004000080040D2
:1072A000000C004000040140004001400018004074
:1072B00010B50446022084F83D002068016A41F2BE
:1072C0001112114207D1016A9210114203D10168D3
:1072D00021F001010160204600F046F8002084F80A
:1072E000460084F83E0084F83F0084F8400084F8AB
:1072F000410084F8420084F8430084F8440084F894
:10730000450084F83D0084F83C0010BD10B5040031
:1073100003D094F83D0010B107E0012010BD00201B
:1073200084F83C00204600F06FF8022084F83D000D
:10733000211D206808F0C4F9012084F8460084F873
:107340003E0084F83F0084F8400084F8410084F84F
:10735000420084F8430084F8440084F8450084F82F
:107360003D00002010BD000010B504460068204A12
:107370002049904203D1086820F0010021E01D4A15
:10738000121FB0F1804F07D01B4B984213D11068E9
:1073900020F00400106015E0106820F0010010607B
:1073A000206AFDF738F8E06AFDF735F8BDE81040CF
:1073B0001C20FEF7DEBA114B984208D1086820F075
:1073C00002000860206ABDE81040FDF724B80C4BAD
:1073D000984204D1086820F48030086010BD094943
:1073E0008842FBD1106820F48070106010BD00004E
:1073F0000000014044380240000800400004014001
:1074000000400140002000402DE9F84F704F044635
:107410003915DFF8B8C1056800204A008B10042632
:107420004FF400594FF4803A4FF0010B65451CD1E1
:107430003D6845F001053D603D68664F05F001057A
:107440000095654D05F10C082F604FF04067C5E9C8
:1074500001706E6288E80702C5E90AB02863284611
:1074600029E02562AC63BDE8F88FDFF864C1B5F1AF
:10747000804FACF1040C27D0DFF86081454552D134
:10748000DCF8005045F00405CCF80050DCF8005062
:10749000534F05F004050095524D2F604FF0806763
:1074A000C5E9017005F10C076E6287E80702C5E9BE
:1074B0000AB028632846C5E9073AFDF7B3F8002863
:1074C000CFD0FCF7ADFACCE7DCF8005045F0010571
:1074D000CCF80050DCF80050414F05F00105009554
:1074E000414D783F80C54FF0C06780C5402780C5BB
:1074F00007C5390265E806134FF440312962C5E932
:107500000960E86228633848FDF78CF808B1FCF799
:1075100087FA2562E562012202211C20AC63FEF796
:1075200047FA1C204DE0DFF8C480454522D13D6874
:1075300045F002053D603D68264F05F002050095C7
:107540002B4D603F05F10C082F604FF06067C5E9D7
:1075500001706E6288E80702C5E90AB02863C5E9D0
:10756000073A2846FDF75EF808B1FCF759FA25629C
:10757000AC6320E01F4885420ED1386840F480306B
:1075800038603868002200F48030009011461820DE
:10759000FEF70EFA182014E0174885427FF463AF17
:1075A000DCF8000040F48070CCF80000DCF800004B
:1075B00000F480700090002207212D20FEF7F8F9DA
:1075C0002D20BDE8F84FFEF7E5B9000000000140AE
:1075D0004438024088640240F4AA002000080040B9
:1075E000A0600240C8750420F0FD042000040140A2
:1075F00054AB0020004001400020004090F83D10B6
:10760000012901D001207047022180F83D10006857
:107610001149884214D0B0F1804F11D00F498842EF
:107620000ED00F4988420BD00E49884208D00E492F
:10763000884205D00D49884202D00D49884204D1C4
:10764000816801F00701062903D0016841F00101BA
:10765000016000207047000000000140000400406D
:1076600000080040000C00400004014000400140C0
:107670000018004090F83D10012901D0012070470A
:10768000022180F83D100168CA6842F00102CA6018
:1076900000681149884214D0B0F1804F11D00F49D1
:1076A00088420ED00E4988420BD00E49884208D03D
:1076B0000D49884205D00D49884202D00C498842C4
:1076C00004D1816801F00701062903D0016841F067
:1076D00001010160002070470000014000040040EB
:1076E00000080040000C0040000401400040014040
:1076F0000018004001680A6A41F211131A4207D1CA
:107700000A6A9B101A4203D10A6822F001020A6039
:10771000012180F83D10002070470168CA6822F0FE
:107720000102CA6001680A6A41F211131A4207D1C4
:107730000A6A9B101A4203D10A6822F001020A6009
:10774000012180F83D100020704770B5044690F884
:107750003C000025012817D0012684F83C60022057
:1077600084F83D002068826822F0770222F47F428C
:1077700082600868502838D00DDC20284FD005DC06
:1077800090B3102811D14AE0022070BD302846D0B5
:1077900040280AD13BE060282FD070280DD0B0F5EA
:1077A000805F03D0B0F5005F12D0012584F83D6002
:1077B000002084F83C00284670BDCB68D1E9012147
:1077C000206807F0F2FF2068816841F0770109E046
:1077D000CB68D1E90121206807F0E7FF20688168C4
:1077E00041F480418160E1E719E0CA684968206896
:1077F00008F0F6F85021206806E0CA684968206859
:1078000008F0FFF86021206807F0D9FFCEE7CA68CA
:107810004968206808F0E4F840212068F4E722680D
:1078200001461046F0E770472DE9F0410446006834
:10783000C66805694FF00007A90713D5B10711D530
:10784000F91E0161012020772068806980072046A9
:1078500002D0FFF7E8FF04E000F0CFF8204600F088
:107860008FF92777680716D5700714D521686FF050
:1078700004000861022020772068806910F4407FAE
:10788000204602D0FFF7CFFF04E000F0B6F8204614
:1078900000F076F92777280715D5300713D521682A
:1078A0006FF008000861042020772068C069800715
:1078B000204602D0FFF7B7FF04E000F09EF8204614
:1078C00000F05EF92777E80616D5F00614D5216892
:1078D0006FF010000861082020772068C06910F45C
:1078E000407F204602D0FFF79EFF04E000F085F8BD
:1078F000204600F045F92777E80708D0F00706D0C2
:1079000021686FF001000861204600F0E1F92806C7
:1079100008D5300606D521686FF080000861204642
:10792000FFF752FC680608D5700606D521686FF08F
:1079300040000861204600F0F5F9A8060AD5B00617
:1079400008D521686FF0200008612046BDE8F041AD
:10795000FFF73BBCBDE8F08110B586B004461421AA
:107960006846E8F7C9FF2068B0F1804F15D10C4890
:107970000021026842F001020260006800F001008C
:107980000590082000900220CDE901010120CDE9F9
:10799000031069460348FDF77DF806B010BD0000EE
:1079A000303802400000024070B5044690F83C00B8
:1079B000002501280FD0012084F83C006AB1042A78
:1079C0000FD0082A11D00C2A13D00125002084F8EA
:1079D0003C00284670BD022070BD206807F0F8FE0C
:1079E000F4E7206807F024FFF0E7206807F056FF6F
:1079F000ECE7206807F086FFE8E7704710B5040061
:107A000003D094F83D0010B107E0012010BD002024
:107A100084F83C00204600F01EF8022084F83D0067
:107A2000211D206807F04CFE012084F8460084F8F0
:107A30003E0084F83F0084F8400084F8410084F858
:107A4000420084F8430084F8440084F8450084F838
:107A50003D00002010BD704770B5044690F83C0012
:107A600000260D4601280FD0012084F83C006AB1A1
:107A7000042A1DD0082A2FD00C2A3FD0012600202E
:107A800084F83C00304670BD022070BD206807F0CD
:107A90009FFE2068816941F0080181612068816949
:107AA00021F004018161206881692A69114311E094
:107AB000206807F0BDFE2068816941F400618161A2
:107AC0002068816921F480618161206881692A6967
:107AD00041EA02218161D2E7206807F0DFFE2068D9
:107AE000C16941F00801C1612068C16921F0040148
:107AF000C1612068C1692A69114311E0206807F05B
:107B000001FF2068C16941F40061C1612068C16959
:107B100021F48061C1612068C1692A6941EA0221BA
:107B2000C161ACE710B5040003D094F83D0010B17A
:107B300007E0012010BD002084F83C00204600F042
:107B40001EF8022084F83D00211D206807F0B8FDD2
:107B5000012084F8460084F83E0084F83F0084F851
:107B6000400084F8410084F8420084F8430084F81F
:107B7000440084F8450084F83D00002010BD7047A3
:107B80007047000010B5044649B104290AD00829FD
:107B90000BD094F8410001280AD0012010BD94F8C0
:107BA0003E00F8E794F83F00F5E794F84000F2E76C
:107BB0000220B1B3042938D0082939D084F8410013
:107BC0000122206807F0E4FD1B4920681B4A884217
:107BD00001D0904203D1436C43F4004343642068D6
:107BE000884213D0B0F1804F10D0154988420DD093
:107BF000144988420AD01449884207D0904205D0DF
:107C00001249884202D01249884204D1816801F0A9
:107C10000701062903D0016841F00101016000203D
:107C200010BDFFE784F83E00CAE784F83F00C7E7CD
:107C300084F84000C4E70000000001400004014057
:107C40000004004000080040000C004000400140DB
:107C50000018004030B504460D460068002207F0C9
:107C600097FD194941F2111220689310884202D001
:107C70001649884209D1016A114206D1016A1942A6
:107C800003D1416C21F4004141642068016A114232
:107C900006D1016A194203D1016821F00101016096
:107CA00001203DB1042D08D0082D09D084F84100F1
:107CB000002030BD84F83E00FAE784F83F00F7E783
:107CC00084F84000F4E70000000001400004014097
:107CD000704770B5044690F83C00012810D001258B
:107CE00084F83C50022084F83D00204607F032FE24
:107CF000002138B184F83D5084F83C10012070BD5B
:107D0000022070BD2068C26822F04002C260206874
:107D1000C26822F48042C26084F83D5084F83C106E
:107D2000002070BD704710B504460068406994F8A3
:107D30004110C0F3C010212911D180B12068143046
:107D400050E8001F21F0800140E80012002AF5D120
:107D5000A06B08B1FCF704FB204607F0A8FE2068E2
:107D6000406994F84210C0F38010222911D180B1EB
:107D70002068143050E8001F21F0400140E8001254
:107D8000002AF5D1E06B08B1FCF7EAFA204607F0CB
:107D900067FE002010BD10B5040015D0242084F823
:107DA00041002068C16821F40051C160204600F004
:107DB0003FF80020606484F8410084F8420044F8F1
:107DC000300F6060207410BD012010BD70B504003C
:107DD00004D094F84100002510B106E0012070BDE8
:107DE00084F84050204600F085F8242084F84100B3
:107DF0002068C16821F40051C160204607F066FE8A
:107E00002068016921F4904101612068416921F0F5
:107E10002A0141612068C16841F40051C160656474
:107E2000202084F8410084F842006563002070BD82
:107E30002DE9F04704462A4D0068284FDFF8A4904A
:107E40002E1D4FF48058B8420CD1286820F4002031
:107E5000286041464846FCF787FDA06BFCF7DBFA3B
:107E6000342011E02049884210D1306820F0100001
:107E70003060C0211D48FCF777FDE06BFCF7CBFAC2
:107E8000A06BFCF7C8FA2520FDF773FD2068B84207
:107E90000FD1286820F40020286041464846FCF7AE
:107EA00063FDE06BFCF7B7FAA06BFCF7B4FA342083
:107EB0000EE00F4988420FD1306820F0200030607A
:107EC000C9144846FCF750FDA06BFCF7A4FA472004
:107ED000BDE8F047FDF74DBDBDE8F087004C004020
:107EE00040380240000002400010014000040240FF
:107EF000001401402DE9F04F87B004461421684674
:107F0000E8F7FAFC9A4920689A4E00250F154FF0C1
:107F1000120B4FF0010A4FF040084FF00069884201
:107F200039D194481030016841F4002101600068A3
:107F300000F400200590306840F0010030603068A7
:107F4000694600F001000590B014CDE9000B032054
:107F5000CDE902A00B2004908748FCF79BFD8848E0
:107F60008649C0F80880C0E9035745618561C5614D
:107F700005624562C0E90019FCF754FB08B1FBF744
:107F80004FFD7F48A0630122846305213420FDF763
:107F90000FFD342050E07B4988424FD175481430A2
:107FA000016841F010010160006800F010000590C8
:107FB000306840F002003060306801A900F0020033
:107FC0000590C0200090022081E821040720049041
:107FD00069466D48FCF75EFD6D486C490160C0E97B
:107FE0000195C0E9035745618561C5610562456238
:107FF000FCF718FB08B1FBF713FD6548E063634924
:10800000846364487831C0F80880C0E9035745614B
:108010008561C56105624562C0E90019FCF702FB94
:1080200008B1FBF7FDFC5B48A063002284630321D9
:108030002520FDF7BDFC2520FDF7ACFC4C49206850
:10804000884251D14B4800251030016841F400218D
:108050000160006800F400200590306840F00100E5
:1080600030603068694600F0010005904FF48050A0
:10807000CDE9000B0320CDE902A00B2004903E487F
:10808000FCF708FD3D48444E30383060C6E90195A4
:10809000C6E903577561B561F561356230467562B1
:1080A000FCF7C0FA08B1FBF7BBFC354DE663B463DF
:1080B0003248C5F80880C5E900090020C5E9030772
:1080C0006861A861E861286268622846FCF7AAFA3C
:1080D00008B1FBF7A5FCA563012205213420AC63A0
:1080E000FDF766FC34203DE02C4988423CD1214814
:1080F0001430016841F020010160006800F02000A8
:108100000590306840F0010030603068694600F04A
:10811000010005904FF400600090CDE901B5082002
:10812000CDE903501448FCF7B5FC18481C4E6030EC
:108130003060C6E903577561B561F56135624FF08E
:1081400020607562C6E901083046FCF76BFA08B199
:10815000FBF766FCA663002205214720B463FDF708
:1081600027FC4720FDF716FC07B0BDE8F08F0000A4
:10817000004C004030380240000002407060024075
:1081800050FE042000100140000402404064024000
:1081900028760420B4AB0020887604200014014027
:1081A000B0FE04202DE9F043244C402293002060CF
:1081B000224E083E3160351F286840F001002860DB
:1081C000BFF34F8F4FF0FF39286810F0010F19D01F
:1081D0001B4F786840F002007860BFF34F8FDFF8E4
:1081E0005CC0ACF1640CDCF80000326800F0746430
:1081F00028685FEA841800F0010017D48A4211D27F
:10820000C8B90BE000BF521EDED2286820F0010082
:108210002860BFF34F8F4846BDE8F08332B9200194
:1082200009D403E010B100BF5B1EDCD2786820F0F7
:1082300002007860E9E70020EEE700006464024095
:108240000030014070B50C480068C00705D00A48EE
:108250005838006810F040700CD0EFF3108472B6FC
:1082600000F036F8050002D03B2007F037FE04B9D5
:1082700062B6284670BD0000586402402DE9F04106
:10828000114F0424104EDFF844804FF07465083F0E
:108290003560BFF34F8F3B2007F020FEBFF34F8FB9
:1082A000BFF36F8F386810F0746F07D1D8F80002F1
:1082B00010F0006000D00120002803D0641EE7D237
:1082C0004FF0FF30BDE8F0810864024004E000E0B8
:1082D00070B5204800681F4900F074605C3109687F
:1082E0001C4A583212681C4C02F00102E378194D06
:1082F0004FF074660835022B06D110F0407F03D191
:10830000030101D501B932B1E4780023022C0DD06C
:10831000E8B12E601BE01148416821F00201416084
:108320002E60BFF35F8F0120E07070BD10F0407FC2
:1083300004D102B911B9040104D519B100F01AF839
:10834000034604E0400102D54FF0806028601846E3
:1083500070BD000000640240B87404200030014089
:1083600003480021C17081608180817070470000E6
:10837000B87404202DE9F04732480024304A41689F
:10838000254621F0020141602F4E306820F00100A7
:10839000306000E000BF3068C00701D0521EF9D243
:1083A00030682A4FC0074FF000094FF0FF3A04D061
:1083B000504687F80390BDE8F0872348001D006809
:1083C000DFF8848008F1140890B1B98888420FD88A
:1083D000BA686AB1336813F4F04F09D1D8F80030A5
:1083E0005B0705D4BB78022B02D2091A8C1885B220
:1083F00014B1FFF743FF28B1FFF740FF87F8039060
:108400005046D8E7306820F008003060306840F00F
:1084100016003060D8F8001021F08001C8F8001074
:10842000BC60BD80B878401CB8700220F870002293
:1084300029462046FFF7B6FE0028DFD1BBE7000043
:10844000A08601000030014058640240B874042046
:1084500070B5274D0022EA70264942F21070264C72
:1084600000E000BFA3689B0701D4401EF9D26068FA
:1084700020F002006060214B186820F001001860B5
:1084800000E000BF1868C00701D0491EF9D2186883
:108490004FF0FF36C00701D0304670BD206820F095
:1084A00040002060206840F040002060186820F004
:1084B00008001860186840F0160018600F48143063
:1084C000016821F0800101600C48001D0260AA6073
:1084D000AA80AA70FFF7D2FE0028DDD1606820F0E4
:1084E00002006060BFF35F8F0120E870002070BD64
:1084F000B8740420A0860100003001405864024096
:1085000030B528B121B1154AD378012B0BD102E047
:108510004FF0FF3030BD124B1C68E40703D1114C03
:108520006568AD0702D56FF0010030BD90609180A5
:10853000002595700225D570BFF35F8F084A0C3275
:1085400010600748001D0160186840F001001860C5
:10855000606840F002006060002030BDB874042004
:10856000586402400030014010B519A0A4B0D0E911
:108570000010CDE9201018A0194CD0E90010CDE969
:1085800022100020E060694620A80AF02BF818B1FC
:108590004FF0FF3024B010BD9DF80D00800702D4CD
:1085A0006FF00100F6E710A922A80AF01BF810B13D
:1085B0006FF00200EEE79DF8500000F00F00012878
:1085C00002D06FF00300E5E70120E0600020E1E762
:1085D0004600FFFFF10100004680FFFFF1010000AF
:1085E000B87404202DE9F04F8BB08146FCF744FBB2
:1085F00081494FF0000A0446C1F80CA04D464FF4E3
:10860000827BC5E901BAC9F80CA04FF40071C9F822
:1086100010A0C5E905A13821C5E9071AC9F824A0A9
:108620000A20C9E90AA04846FEF7AAFA18B10120B3
:108630000BB0BDE8F08F2868016841F0400101608F
:10864000DFF8B881D8F8180040F00400C8F8180026
:108650006B4B002242F210761868FF25400603D4C7
:10866000186840F040001860304600E000BF99688C
:10867000890701D4401EF9D29868C0070AD0D8688B
:108680008DF820009868C00702D0D8688DF82000C7
:108690009DF820001D73314600E000BF9868C007B8
:1086A00001D1491EF9D29868C00700D0D868521C81
:1086B000102AD1DB53A00025D0E90010CDE900102D
:1086C00041F27077D8F8180040F48020C8F81800FC
:1086D0000A20FCF78DF8684600F0E0FF6D1C0646A6
:1086E000642D04DAFCF7C8FA001BB84202D30AF082
:1086F000BDF89CE7012EE5D144A00025D0E900108B
:10870000CDE902104FF47A760EE0B54204DAFCF7B8
:10871000B3FA001BB84203D30AF0A8F8022087E797
:108720000120FCF765F86D1C02A801F087FA01280A
:10873000EBD138A00025D0E90010CDE904100EE0FF
:10874000B54204DAFCF798FA001BB84203D30AF0EA
:108750008DF803206CE70120FCF74AF86D1C04A893
:1087600000F0C2FC0028EBD12CA00025D0E90010BD
:10877000CDE906100EE0B54204DAFCF77DFA001BE5
:10878000B84203D30AF072F8042051E70120FCF745
:108790002FF86D1C09A906A801F0F8F80028EAD105
:1087A000FCF76AFA001BB84202D2FFF7DDFE18B1EF
:1087B0000AF05CF805203BE74C464FF40071C4E931
:1087C00001BAC9F80CA0C9F810A0C4E905A1C9F8FC
:1087D0001CA0C9F820A0C9F824A00A20C9E90AA051
:1087E0004846FEF7CDF920B92068016841F0400104
:1087F000016000201CE70000B87404200000024063
:1088000000300140400000000095000048000001D9
:10881000AA8700006940000000E500007A0000001F
:10882000000100000EB5002102910CA1B0F5800FEF
:10883000D1E90021CDE9002100D90A488DF80400D2
:10884000010E8DF80110010C8DF80210010A8DF84F
:108850000310684600F048FC02900EBD570000006F
:1088600000010000FFFF3F00FEB5FF248DF800402F
:1088700042F210731D464B4E2DE03168FF2749062A
:1088800003D4316841F040013160194600E000BF77
:10889000B268920701D4491EF9D2B168C9070AD05B
:1088A000F1688DF80410B168C90702D0F1688DF83D
:1088B00004109DF8041037731A4600E000BFB16839
:1088C000C90701D1521EF9D2B168C90701D0F168B8
:1088D000C9B28DF800109DF80010FE2901D06D1E60
:1088E000CBD29DF80010FE2902D06FF00100FEBD32
:1088F00031684FF40077490603D4316841F04001F4
:10890000316000211A4600E000BFB568AD0705D40C
:10891000521EF9D202E0F2688DF80020B268D20748
:10892000F9D134731A4600E000BFB568ED0701D1F4
:10893000521EF9D2B268D20704D0F2684254491CE0
:10894000B942DFDB18A002AF006802903068022550
:10895000400603D4306840F04000306000201946E3
:1089600000E000BFB268920705D4491EF9D202E0C8
:10897000F1688DF80010B168C907F9D13473194650
:1089800000E000BFB268D20701D1491EF9D2B16838
:10899000C90704D0F1683954401CA842DFDB00202D
:1089A000FEBD000000300140FFFF0000F0B587B0C1
:1089B0004924FF228DF80020FE4A936943F4802366
:1089C0009361FD4D2A68520603D42A6842F04002A2
:1089D0002A6042F21076334600E000BFAA68920790
:1089E00001D45B1EF9D2AA68D2070AD0EA688DF8D2
:1089F0001420AA68D20702D0EA688DF814209DF8E6
:108A000014202C73334600E000BFAA68D20701D1BE
:108A10005B1EF9D2AA68D20700D0EA682A6800244F
:108A2000520603D42A6842F040022A60374600E02A
:108A300000BFAA68920701D47F1EF9D2AA68D207A4
:108A40000AD0EA688DF81420AA68D20702D0EA6832
:108A50008DF814209DF814202C73324600E000BFDE
:108A6000AB68DB0701D1521EF9D2AA68D20700D049
:108A7000EA682A68520603D42A6842F040022A6053
:108A8000334600E000BFAA68920701D45B1EF9D20A
:108A9000AA68D2070AD0EA688DF81420AA68D2071B
:108AA00002D0EA688DF814209DF814202C73374604
:108AB00000E000BFAA68D20701D17F1EF9D2AA68E0
:108AC000D20700D0EA682A68520603D42A6842F026
:108AD00040022A60334600E000BFAA68920701D432
:108AE0005B1EF9D2AA68D2070AD0EA688DF8142072
:108AF000AA68D20702D0EA688DF814209DF81420E5
:108B00002C73324600E000BFAB68DB0701D1521E78
:108B1000F9D2AA68D20700D0EA682A68520603D4BC
:108B20002A6842F040022A60334600E000BFAA688B
:108B3000920701D45B1EF9D2AA68D2070AD0EA686C
:108B40008DF81420AA68D20702D0EA688DF81420A4
:108B50009DF814202C73374600E000BFAA68D207A6
:108B600001D17F1EF9D2AA68D20700D0EA682B682B
:108B7000FF225B0603D42B6843F040032B6033468F
:108B800000E000BFAC68A40701D45B1EF9D2AB685B
:108B9000DB070AD0EB688DF81430AB68DB0702D036
:108BA000EB688DF814309DF814302A73324600E0DB
:108BB00000BFAB68DB0701D1521EF9D2AA68D20709
:108BC00000D0EA68374634464FF0000C2DE02A68A2
:108BD000FF26520603D42A6842F040022A603A4631
:108BE00000E000BFAB689B0701D4521EF9D2AA680F
:108BF000D2070AD0EA688DF81420AA68D20702D0FA
:108C0000EA688DF814209DF814202E733A4600E08F
:108C100000BFAB68DB0701D1521EF9D2AA68D207A8
:108C200008D0EA68D2B28DF800209DF80020FF2A13
:108C300002D003E06246F6E7641EC8D29DF8002029
:108C4000FF2A06D09DF8002032B14FF0FF3007B068
:108C5000F0BD6FF00100FAE73C462DE02A68FF26E0
:108C6000520603D42A6842F040022A603A4600E0E5
:108C700000BFAB689B0701D4521EF9D2AA68D20785
:108C80000AD0EA688DF81420AA68D20702D0EA68F0
:108C90008DF814209DF814202E733A4600E000BF92
:108CA000AB68DB0701D1521EF9D2AA68D20710D0F7
:108CB000EA68D2B28DF800209DF80020FE2A01D08B
:108CC000641ECBD29DF80020FE2A04D06FF0020073
:108CD000BDE76246EEE700222B68FF265B0603D461
:108CE0002B6843F040032B603B4600E000BFAC68BC
:108CF000A40701D45B1EF9D2AB68DB070AD0EB688E
:108D00008DF80030AB68DB0702D0EB688DF80030DF
:108D10009DF800302E733C463B4600E000BFAE6835
:108D2000F60701D15B1EF9D2AB68DB0711D0EB6807
:108D3000DBB201AEB354521C102ACDDB00262A68E8
:108D4000FF27520603D42A6842F040022A602346D5
:108D500002E06346EDE700BFAA68920701D45B1EFC
:108D6000F9D2AA68D2070AD0EA688DF80020AA686A
:108D7000D20702D0EA688DF800209DF800202F73FA
:108D8000224600E000BFAB68DB0701D1521EF9D2DA
:108D9000AA68D20700D0EA68761C022ECFDB9DF8C5
:108DA0000B209DF80C30120442EA03229DF80D308E
:108DB0001A4303E00000024000300140920202F535
:108DC0008062C1F81021FFF70DFC00203FE7000092
:108DD000FCB50346FF208DF80000C148826942F4CB
:108DE00080228261BF4C51262068400603D420684F
:108DF00040F04000206042F21072154600E000BFD3
:108E0000A068800701D46D1EF9D2A068C0070AD0FF
:108E1000E0688DF80400A068C00702D0E0688DF813
:108E200004009DF804002673154600E000BFA0680A
:108E3000C00701D16D1EF9D2A068C00700D0E0685C
:108E400020681D0E400603D4206840F040002060DA
:108E5000104600E000BFA668B60701D4401EF9D254
:108E6000A068C0070AD0E0688DF80400A068C007B9
:108E700002D0E0688DF804009DF8040025731046C8
:108E8000154600E000BFA268D20701D16D1EF9D2DD
:108E9000A268D20700D0E2682268C3F307455206F1
:108EA00003D4226842F040022260024600E000BF84
:108EB000A668B60701D4521EF9D2A268D2070AD01A
:108EC000E2688DF80420A268D20702D0E2688DF82B
:108ED00004209DF804202573054600E000BFA26829
:108EE000D20701D16D1EF9D2A268D20700D0E26884
:108EF0002568C3F307226D0603D4256845F04005B5
:108F00002560064600E000BFA568AD0701D4401EFD
:108F1000F9D2A068C0070AD0E0688DF80400A06804
:108F2000C00702D0E0688DF804009DF804002273A9
:108F3000324600E000BFA068C00701D1521EF9D23E
:108F4000A068C00700D0E0682268D8B2520603D4F7
:108F5000226842F040022260354600E000BFA2686D
:108F6000920701D46D1EF9D2A268D2070AD0E26836
:108F70008DF80420A268D20702D0E2688DF80420A0
:108F80009DF804202073304600E000BFA268D2079D
:108F900001D1401EF9D2A068C00700D0E068226865
:108FA0000120520603D4226842F040022260354676
:108FB00000E000BFA268920701D46D1EF9D2A2683A
:108FC000D2070AD0E2688DF80420A268D20702D046
:108FD000E2688DF804209DF8042020733546304661
:108FE00000E000BFA268D20701D1401EF9D2A068FC
:108FF000C00700D0E0682E462DE02068FF2740061D
:1090000003D4206840F0400020602A4600E000BF02
:10901000A068800701D4521EF9D2A068C0070AD008
:10902000E0688DF80400A068C00702D0E0688DF801
:1090300004009DF8040027732B4600E000BFA068E1
:10904000C00701D15B1EF9D2A068C00701D0E0685B
:10905000C0B28DF800009DF80000FF2801D1761EF7
:10906000CBD29DF80000FF2805D09DF8000028B164
:109070004FF0FF30FCBD6FF00100FCBD0846FFF76C
:10908000F3FB8DF800002068FF22400603D420681F
:1090900040F040002060284600E000BFA16889073A
:1090A00001D4401EF9D2A068C0070AD0E0688DF84C
:1090B0000400A068C00702D0E0688DF804009DF8A5
:1090C0000400227300E000BFA068C00701D16D1E3C
:1090D000F9D2A068C00700D0E0689DF80000FCBD90
:1090E0000000024000300140FCB5FEA14FF0FF0C33
:1090F000D1E900358DF800C0FC4900228C6944F4A8
:1091000080248C61FA4CD9B22668760603D426688E
:1091100046F04006266042F210773E4600E000BF6F
:10912000D4F808E05FEA8E7E01D4761EF7D2A668F6
:10913000F6070AD0E6688DF80460A668F60702D044
:10914000E6688DF804609DF804602173394600E0FC
:1091500000BFA668F60701D1491EF9D2A168C90768
:1091600000D0E1682668C3F30721760603D4266899
:1091700046F0400626603E4600E000BFD4F808E016
:109180005FEA8E7E01D4761EF7D2A668F6070AD073
:10919000E6688DF80460A668F60702D0E6688DF8E8
:1091A00004609DF804602173394600E000BFA668A2
:1091B000F60701D1491EF9D2A168C90700D0E168BC
:1091C0002668C3F30741760603D4266846F04006B6
:1091D00026603E4600E000BFD4F808E05FEA8E7EDD
:1091E00001D4761EF7D2A668F6070AD0E6688DF895
:1091F0000460A668F60702D0E6688DF804609DF862
:1092000004602173394600E000BFA668F60701D16B
:10921000491EF9D2A168C90700D0E168190E236878
:109220005B0603D4236843F0400323603B4600E021
:1092300000BFA668B60701D45B1EF9D2A368DB079E
:109240000AD0E3688DF80430A368DB0702D0E36836
:109250008DF804309DF8043021733E4600E000BFD5
:10926000A168C90701D1761EF9D2A168C90700D04B
:10927000E1682168EBB2490603D4216841F040015E
:109280002160394600E000BFA668B60701D4491E38
:10929000F9D2A168C9070AD0E1688DF80410A16865
:1092A000C90702D0E1688DF804109DF804102373FB
:1092B0003B4600E000BFA168C90701D15B1EF9D29F
:1092C000A168C90700D0E1682168C5F307234906F2
:1092D00003D4216841F0400121603E46394600E058
:1092E00000BFA568AD0701D4491EF9D2A168C9071E
:1092F0000AD0E1688DF80410A168C90702D0E168BE
:109300008DF804109DF804102373314600E000BF6F
:10931000A368DB0701D1491EF9D2A1684FF000070D
:10932000C9072FD0E1682DE02168FF25490603D445
:10933000216841F040012160314600E000BFA36890
:109340009B0701D4491EF9D2A168C9070AD0E16878
:109350008DF80410A168C90702D0E1688DF80410E7
:109360009DF804102573314600E000BFA368DB07B9
:1093700001D1491EF9D2A168C90708D0E168C9B274
:109380008DF800109DF80010FF2902D005E0394645
:10939000F6E71146521C1029C6D39DF80010FF298C
:1093A00009D001782268520603D4226842F04002B4
:1093B0002260324603E04FF0FF30FCBD00BFA368DF
:1093C0009B0701D4521EF9D2A268D2070AD0E268E4
:1093D0008DF80420A268D20702D0E2688DF804203C
:1093E0009DF8042021733246314600E000BFA36897
:1093F000DB0701D1491EF9D2A168C90700D0E16895
:1094000043782168490603D4216841F04001216076
:10941000114600E000BFA568AD0701D4491EF9D28E
:10942000A168C9070AD0E1688DF80410A168C907CE
:1094300002D0E1688DF804109DF8041023731646DD
:1094400000E000BFA168C90701D1761EF9D2A1686A
:10945000C90700D0E16883782168490603D42168F0
:1094600041F040012160114600E000BFA568AD0752
:1094700001D4491EF9D2A168C9070AD0E1688DF864
:109480000410A168C90702D0E1688DF804109DF8A6
:1094900004102373114600E000BFA368DB0701D16D
:1094A000491EF9D2A168C90700D0E168C3782168D4
:1094B000490603D4216841F040012160114600E0D3
:1094C00000BFA568AD0701D4491EF9D2A168C9073C
:1094D00014D0E1688DF80410A168C9070CD0E168C8
:1094E00008E00000770000000001000000000240DA
:1094F000003001408DF804109DF8041023731646C7
:1095000000E000BFA168C90701D1761EF9D2A168A9
:10951000C90700D0E16805792168490603D42168AC
:1095200041F0400121601346114600E000BFA268EF
:10953000920701D4491EF9D2A168C9070AD0E1688F
:109540008DF80410A168C90702D0E1688DF80410F5
:109550009DF8041025731A4600E000BFA168C907F2
:1095600001D1521EF9D2A168C90700D0E168417942
:109570002068400603D4206840F0400020601E466A
:10958000184600E000BFA268920701D4401EF9D23D
:10959000A068C0070AD0E0688DF80400A068C00782
:1095A00002D0E0688DF804009DF804002173314674
:1095B00000E000BFA068C00701D1491EF9D2A06831
:1095C000C00700D0E0688DF800C000232DE02068BF
:1095D000FF22400603D4206840F04000206030465F
:1095E00000E000BFA168890701D4401EF9D2A0683D
:1095F000C0070AD0E0688DF80400A068C00702D058
:10960000E0688DF804009DF804002273314600E004
:1096100000BFA068C00701D1491EF9D2A068C007E9
:1096200008D0E068C0B28DF800009DF80000FF2867
:1096300002D005E03846F6E718465B1C1028C6D372
:109640002068FF22400603D4206840F040002060DC
:10965000304600E000BFA168890701D4401EF9D25E
:10966000A068C0070AD0E0688DF80400A068C007B1
:1096700002D0E0688DF804009DF80400227300E039
:1096800000BFA068C00701D1761EF9D2A068C0074C
:1096900000D0E0689DF80000FCBD00007CB5FF2113
:1096A0008DF80010B74900228B6943F480238B6149
:1096B000B54C03782168490603D4216841F0400184
:1096C000216042F21076354600E000BFA1688907AC
:1096D00001D46D1EF9D2A168C9070AD0E1688DF8DE
:1096E0000410A168C90702D0E1688DF804109DF844
:1096F00004102373354600E000BFA168C90701D1FB
:109700006D1EF9D2A168C90700D0E16841782368CD
:109710005B0603D4236843F040032360334600E034
:1097200000BFA568AD0701D45B1EF9D2A368DB07B3
:109730000AD0E3688DF80430A368DB0702D0E36841
:109740008DF804309DF804302173354600E000BFE9
:10975000A168C90701D16D1EF9D2A168C90700D05F
:10976000E168817823685B0603D4236843F04003F3
:109770002360334600E000BFA568AD0701D45B1E3F
:10978000F9D2A368DB070AD0E3688DF80430A36838
:10979000DB0702D0E3688DF804309DF804302173B4
:1097A000314600E000BFA368DB0701D1491EF9D2B2
:1097B000A168C90700D0E168C17823685B0603D4BB
:1097C000236843F040032360354600E000BFA368F0
:1097D0009B0701D46D1EF9D2A368DB070AD0E368AA
:1097E0008DF80430A368DB0702D0E3688DF80430FD
:1097F0009DF804302173334600E000BFA168C9071B
:1098000001D15B1EF9D2A168C90700D0E1680179D6
:1098100023685B0603D4236843F040032360354686
:1098200000E000BFA3689B0701D46D1EF9D2A368B6
:10983000DB070AD0E3688DF80430A368DB0702D0A9
:10984000E3688DF804309DF804302173314600E060
:1098500000BFA368DB0701D1491EF9D2A168C9077F
:1098600000D0E16840792168490603D4216841F0BD
:1098700040012160354600E000BFA168890701D49E
:109880006D1EF9D2A168C9070AD0E1688DF80410ED
:10989000A168C90702D0E1688DF804109DF8041092
:1098A00020733546334600E000BFA068C00701D1F1
:1098B0005B1EF9D2A068C0072FD0E0682DE02068B9
:1098C000FF26400603D4206840F040002060284670
:1098D00000E000BFA168890701D4401EF9D2A0684A
:1098E000C0070AD0E0688DF80400A068C00702D065
:1098F000E0688DF804009DF804002673294600E016
:1099000000BFA068C00701D1491EF9D2A068C007F6
:1099100001D0E068C0B28DF800009DF80000FF287B
:1099200003D11046521C1028C9D32068FF224006DC
:1099300003D4206840F040002060284600E000BFCB
:10994000A168890701D4401EF9D2A068C0070AD0D7
:10995000E0688DF80400A068C00702D0E0688DF8C8
:1099600004009DF80400227300E000BFA068C00757
:1099700001D16D1EF9D2A068C00700D0E0689DF843
:1099800000007CBD0000024000300140FCB5FF2219
:109990008DF80020A74A0024936943F48023936143
:1099A000A54E4FF0060C3268520603D4326842F0DE
:1099B00040023260002242F210773B4600E000BFD6
:1099C000B568AD0705D45B1EF9D202E0F3688DF8E7
:1099D0000430B368DB07F9D1835C33733D4600E0A4
:1099E00000BFB368DB0702D16D1E6B1CF8D1B368F2
:1099F000DB0735D0F3688DF80430521C6245DCDBA0
:109A00002EE03068FF22400603D4306840F040006A
:109A100030603B4600E000BFB068800702D45B1EA8
:109A2000581CF8D1B068C0070AD0F0688DF804005F
:109A3000B068C00702D0F0688DF804009DF80400FB
:109A40003273384600E000BFB268D20701D1401E31
:109A5000F9D2B068C00701D0F068C0B28DF800003C
:109A60009DF80000FF2803D12046641C1028C8D3AD
:109A70009DF80000FF2809D0CA783068400603D45A
:109A8000306840F040003060384603E04FF0FF306F
:109A9000FCBD00BFB3689B0701D4401EF9D2B0687B
:109AA000C0070AD0F0688DF80400B068C00702D083
:109AB000F0688DF804009DF8040032733A46384689
:109AC00000E000BFB368DB0701D1401EF9D2B068E7
:109AD000C00700D0F068887833685B0603D4336829
:109AE00043F040033360174600E000BFB3689B07B4
:109AF00001D47F1EF9D2B368DB070AD0F3688DF872
:109B00000430B368DB0702D0F3688DF804309DF8A9
:109B100004303073104600E000BFB368DB0701D1AA
:109B2000401EF9D2B068C00700D0F06848783368AA
:109B30005B0603D4336843F040033360174600E00C
:109B400000BFB3689B0701D47F1EF9D2B368DB075F
:109B50000AD0F3688DF80430B368DB0702D0F368ED
:109B60008DF804309DF804303073104600E000BFDB
:109B7000B368DB0701D1401EF9D2B068C00700D03E
:109B8000F06808783168490603D4316841F0400133
:109B90003160174600E000BFB168890701D47F1E1D
:109BA000F9D2B168C9070AD0F1688DF80410B1681C
:109BB000C90702D0F1688DF804109DF804103073C5
:109BC000104600E000BFB168C90701D1401EF9D2BC
:109BD000B068C00700D0F0683068FF21400603D4A9
:109BE000306840F040003060104600E000BFB368CD
:109BF0009B0701D4401EF9D2B068C0070AD0F068B4
:109C00008DF80400B068C00702D0F0688DF8040039
:109C10009DF804003173174600E000BFB068C0072C
:109C200001D17F1EF9D2B068C00700D0F0689DF85E
:109C30000000FCBD0000024000300140FEB56AA1FA
:109C400009680291FF218DF80010684900238A6994
:109C500042F480228A61664D06272968490603D4AA
:109C6000296841F040012960002142F21076324615
:109C700000E000BFAC68A40705D4521EF9D202E090
:109C8000EA688DF80420AA68D207F9D1425C2A73E9
:109C90003446324600E000BFD5F808C05FEACC7C0D
:109CA00001D1521EF7D2AA68D20734D0EA688DF8E3
:109CB0000420491CB942DADB2DE02868FF22400667
:109CC00003D4286840F040002860204600E000BF30
:109CD000A968890701D4401EF9D2A868C0070AD034
:109CE000E8688DF80400A868C00702D0E8688DF81D
:109CF00004009DF804002A73214600E000BFA86814
:109D0000C00701D1491EF9D2A868C00701D0E86890
:109D1000C0B28DF800009DF80000FF2803D118465E
:109D20005B1C1028C9D39DF80000FF280BD02868C1
:109D300002AE0423400603D4286840F040002860A7
:109D40000020224603E04FF0FF30FEBD00BFA968AF
:109D5000890705D4521EF9D202E0EA688DF8042082
:109D6000A968C907F9D1315C2973214600E000BF19
:109D7000AA68D20701D1491EF9D2A968C90705D03E
:109D8000E9688DF80410401C9842DADB2868FF224D
:109D9000400603D4286840F040002860204600E0D8
:109DA00000BFA968890701D4401EF9D2A868C0077E
:109DB0000AD0E8688DF80400A868C00702D0E868F7
:109DC0008DF804009DF804002A7300E000BFA86825
:109DD000C00701D1641EF9D2A868C00700D0E868A6
:109DE0009DF80000FEBD0000FFFFFFFF00000240E5
:109DF00000300140FCB5684A002414708DF8004022
:109E00006748664B816941F480218161654DFD2081
:109E10002968490603D4296841F04001296042F2CB
:109E200010773E4600E000BFA968890701D4761E7E
:109E3000F9D2A968C9070AD0E9688DF80410A968A1
:109E4000C90702D0E9688DF804109DF80410287342
:109E5000394600E000BFA868C00701D1491EF9D209
:109E6000A868C00700D0E8682868FF21400603D42E
:109E7000286840F0400028603E46384600E000BFB9
:109E8000AF68BF0701D4401EF9D2A868C0070AD046
:109E9000E8688DF80400A868C00702D0E8688DF86B
:109EA00004009DF804002973304600E000BFA96853
:109EB000C90701D1401EF9D2A868C00700D0E868E0
:109EC00001279DF80000FF2832D05B1E30D354706C
:109ED000304600E000BFA968890701D4401EF9D2CE
:109EE000A868800701D4577020E0FF20287330460F
:109EF00000E000BFA968C90701D1401EF9D2A868D7
:109F0000C00708D0287B8DF8000050780028D8D0F2
:109F10006FF00100FCBDA86801905770400605D5A0
:109F2000287B8DF804009DF80400A8682046EAE725
:109F30009DF80000FF2802D04FF0FF30FCBD2868DC
:109F4000FF21400603D4286840F0400028603046D6
:109F500000E000BFAA68920701D4401EF9D2A868A9
:109F6000C0070AD0E8688DF80000A868C00702D0D2
:109F7000E8688DF800009DF80000297300E000BF3C
:109F8000A868C00701D1761EF9D2A868C00700D022
:109F9000E8680020FCBD0000B8740420803801008F
:109FA00000000240003001407CB5C14900250D7021
:109FB000FF218DF80010BF498A6942F480228A612E
:109FC000BD4C59232168490603D4216841F0400162
:109FD000216042F21076324600E000BFA168890796
:109FE00001D4521EF9D2A168C9070AD0E1688DF8E0
:109FF0000410A168C90702D0E1688DF804109DF82B
:10A0000004102373334600E000BFA168C90701D1E3
:10A010005B1EF9D2A168C90700D0E1682168020E71
:10A02000490603D4216841F040012160314600E037
:10A0300000BFA3689B0701D4491EF9D2A168C907D4
:10A040000AD0E1688DF80410A168C90702D0E16860
:10A050008DF804109DF804102273314600E000BF13
:10A06000A268D20701D1491EF9D2A168C90700D060
:10A07000E1682168C0F30742490603D4216841F032
:10A0800040012160314600E000BFA3689B0701D476
:10A09000491EF9D2A168C9070AD0E1688DF80410F9
:10A0A000A168C90702D0E1688DF804109DF804107A
:10A0B0002273334600E000BFA168C90701D15B1ECF
:10A0C000F9D2A168C90700D0E1682268C0F307216E
:10A0D000520603D4226842F040022260324600E079
:10A0E00000BFA3689B0701D4521EF9D2A268D20711
:10A0F0000AD0E2688DF80420A268D20702D0E26894
:10A100008DF804209DF804202173314600E000BF43
:10A11000A268D20701D1491EF9D2A168C90700D0AF
:10A12000E1682168C0B2490603D4216841F04001CA
:10A130002160334600E000BFA168890701D45B1E9F
:10A14000F9D2A168C9070AD0E1688DF80410A168A6
:10A15000C90702D0E1688DF804109DF8041020733F
:10A16000334600E000BFA068C00701D15B1EF9D2F2
:10A17000A068C00700D0E06821680120490603D428
:10A18000216841F040012160314600E000BFA26833
:10A19000920701D4491EF9D2A168C9070AD0E16823
:10A1A0008DF80410A168C90702D0E1688DF8041089
:10A1B0009DF804102073304600E000BFA168C90775
:10A1C00001D1401EF9D2A068C00700D0E06800208D
:10A1D00035E00146401C80B2052902D96FF001002C
:10A1E0007CBD2168FF23490603D4216841F040016A
:10A1F0002160314600E000BFA268920701D4491EE9
:10A20000F9D2A168C9070AD0E1688DF80410A168E5
:10A21000C90702D0E1688DF804109DF8041023737B
:10A22000324600E000BFA168C90701D1521EF9D231
:10A23000A168C9070DD0E168C9B28DF800109DF87A
:10A240000010FF29C5D09DF8000020B14FF0FF306D
:10A250007CBD2946F1E72068FF22400603D4206830
:10A2600040F040002060304600E000BFA168890750
:10A2700001D4401EF9D2A068C0070AD0E0688DF86A
:10A280000400A068C00702D0E0688DF804009DF8C3
:10A290000400227300E000BFA068C00701D1761E51
:10A2A000F9D2A068C00700D0E0689DF800007CBD2E
:10A2B000B874042000000240003001402DE9F8434A
:10A2C00004F00CFA04F00AFA04F008FA00F01F0097
:10A2D00000272C4A052803D01770781EBDE8F883A4
:10A2E000DFF8A490D9F8048028484FF47A71284CFC
:10A2F000006842F21075B0FBF1FCFA200CFB00FC88
:10A30000012600215770284600E000BFA3689B0784
:10A3100001D4401EF9D2A068800701D456701BE01A
:10A32000FF202073284600E000BFA368DB0701D1AF
:10A33000401EF9D2A068C00703D0207BFF2811D0AF
:10A340000AE0A06800905670400605D5207B8DF885
:10A3500000009DF80000A068507830B117706FF0D1
:10A360000200BBE716700020B8E7491C4029C9D39A
:10A37000D9F80400A0EB08006045C2D317706FF055
:10A380000100ABE7B8740420001000E0C87404209A
:10A39000003001402DE9FC470646FF200C468DF8B1
:10A3A000000008F063FADFF80884D8F8180040F4D9
:10A3B0008020C8F81800FF4F58213868400603D4A1
:10A3C000386840F04000386042F21073184600E0F0
:10A3D00000BFBA68920701D4401EF9D2B868C0071E
:10A3E0000AD0F8688DF80400B868C00702D0F86891
:10A3F0008DF804009DF804003973194600E000BF91
:10A40000B868C00701D1491EF9D2B868C00700D0AA
:10A41000F8683968300E490603D4396841F04001C4
:10A4200039601A4600E000BFB968890701D4521E9E
:10A43000F9D2B968C9070AD0F9688DF80410B9686B
:10A44000C90702D0F9688DF804109DF8041038731C
:10A450001D4600E000BFB868C00701D16D1EF9D2EB
:10A46000B868C00700D0F8683968C6F307404906E5
:10A4700003D4396841F0400139601A4600E000BF5A
:10A48000B968890701D4521EF9D2B968C9070AD040
:10A49000F9688DF80410B968C90702D0F9688DF819
:10A4A00004109DF8041038731A46184600E000BFE7
:10A4B000B968C90701D1401EF9D2B868C00700D0F9
:10A4C000F8683868C6F30721400603D4386840F0BE
:10A4D00040003860104600E000BFBB689B0701D415
:10A4E000401EF9D2B868C0070AD0F8688DF8040099
:10A4F000B868C00702D0F8688DF804009DF8040021
:10A500003973114600E000BFB868C00701D1491E89
:10A51000F9D2B868C00700D0F8683968F0B24906C7
:10A5200003D4396841F040013960154600E000BFAE
:10A53000B968890701D46D1EF9D2B968C9070AD074
:10A54000F9688DF80410B968C90702D0F9688DF868
:10A5500004109DF804103873114600E000BFB8687D
:10A56000C00701D1491EF9D2B868C00700D0F86809
:10A5700038680121400603D4386840F04000386054
:10A58000104600E000BFBB689B0701D4401EF9D213
:10A59000B868C0070AD0F8688DF80400B868C0072A
:10A5A00002D0F8688DF804009DF804003973104655
:10A5B00000E000BFB968C90701D1401EF9D2B868F0
:10A5C000C00700D0F8681546134600262FE038680B
:10A5D0004FF0FF0C400603D4386840F0400038606C
:10A5E000284600E000BFBA68920701D4401EF9D2A5
:10A5F000B868C0070AD0F8688DF80400B868C007CA
:10A6000002D0F8688DF804009DF8040087F80CC0AB
:10A61000284600E000BFB968C90701D1401EF9D241
:10A62000B868C00708D0F868C0B28DF800009DF87F
:10A630000000FF2802D003E03046F6E75B1EC6D2DA
:10A640009DF80000FF2806D09DF800004FF0FF396C
:10A65000002870D105E008F009F96FF00100BDE8AD
:10A66000FC873868FF21400603D4386840F040007A
:10A6700038602A46284600E000BFBB689B0701D42B
:10A68000401EF9D2B868C0070AD0F8688DF80400F7
:10A69000B868C00702D0F8688DF804009DF804007F
:10A6A0003973154600E000BFB868C00701D16D1EC0
:10A6B000F9D2B868C00700D0F868D8F8180040F49C
:10A6C0008020C8F818003968FE20490603D439688C
:10A6D00041F040013960114600E000BFBB689B07B4
:10A6E00001D4491EF9D2B968C9070AD0F9688DF8B2
:10A6F0000410B968C90702D0F9688DF804109DF8F4
:10A70000041038731546104600E000BFB968C90749
:10A7100001D1401EF9D2B868C00700D0F868386887
:10A720004FF4007C400603D4386840F040003860A5
:10A7300000202A4601E0B0E000BFB968890705D4CF
:10A74000521EF9D202E0F9688DF80410B968C90701
:10A75000F9D1215C3973294600E000BFBA68D207FD
:10A7600001D1491EF9D2B968C90705D0F9688DF839
:10A770000410401C6045DCDB3868FF21400603D430
:10A78000386840F040003860284600E000BFBA68F2
:10A79000920701D4401EF9D2B868C00710D0F868FB
:10A7A0008DF80400B868C00708D0F86804E000001D
:10A7B00000000240003001408DF804009DF80400C4
:10A7C00039732946284600E000BFBA68D20701D194
:10A7D000401EF9D2B868C00700D0F8683A68FF2078
:10A7E000520603D43A6842F040023A600D4600E057
:10A7F00000BFBA68920701D46D1EF9D2BA68D207B9
:10A800000AD0FA688DF80420BA68D20702D0FA6834
:10A810008DF804209DF804203873084600E000BF3E
:10A82000BA68D20701D1401EF9D2B868C00700D07B
:10A83000F8683868FF22400603D4386840F04000CA
:10A840003860084600E000BFBB689B0701D4401E8B
:10A85000F9D2B868C0070AD0F8688DF80400B86863
:10A86000C00702D0F8688DF804009DF804003A7320
:10A87000084600E000BFBA68D20701D1401EF9D2F5
:10A88000B868C0070DD0F868C0B28DF800009DF818
:10A89000000000F01F00052805D007F0E7FF48463C
:10A8A000DDE63046F1E78DF80060224A2DE0386899
:10A8B000FF23400603D4386840F0400038600D465E
:10A8C00000E000BFB868800701D46D1EF9D2B868F7
:10A8D000C0070AD0F8688DF80400B868C00702D035
:10A8E000F8688DF804009DF804003B73084600E00A
:10A8F00000BFBB68DB0701D1401EF9D2B868C007B2
:10A9000007D0F868C0B28DF800009DF8000010B1C3
:10A9100003E03046F7E7521EC9D29DF8000018B197
:10A9200007F0A4FF00209AE607F0A0FF6FF00200F6
:10A9300095E60000803801002DE9FC430346F74806
:10A94000002789460770DFF8D8C3DCF80000F54C13
:10A95000C1074FF0FF386FF0010042F2107626D0A9
:10A96000F14A314600E000BFA568AD0701D4491E99
:10A97000F9D2616821F002016160DCF8001021F079
:10A980000101CCF8001000E000BFDCF80010C9079E
:10A9900001D0521EF8D2DCF80010C90773D121682B
:10A9A00021F040012160216841F040012160FF2138
:10A9B0008DF80010DFF874C3DCF8181041F4802122
:10A9C000CCF8181022685821520603D4226842F0AD
:10A9D00040022260324600E000BFA568AD0701D406
:10A9E000521EF9D2A268D2070AD0E2688DF804207C
:10A9F000A268D20702D0E2688DF804209DF80420F6
:10AA00002173314600E000BFA268D20701D1491E80
:10AA1000F9D2A168C90700D0E1682268190E520670
:10AA200003D4226842F040022260324600E000BFB8
:10AA3000A568AD0701D4521EF9D2A268D2070AD088
:10AA4000E2688DF80420A268D20702D0E2688DF88F
:10AA500004209DF804202173314600E000BFA26865
:10AA6000D20701D1491EF9D2A168C90700D0E16817
:10AA70002268C3F30741520603D4226842F0400221
:10AA80002260324601E0DFE000BFA568AD0701D4D7
:10AA9000521EF9D2A268D2070AD0E2688DF80420CB
:10AAA000A268D20702D0E2688DF804209DF8042045
:10AAB0002173314600E000BFA268D20701D1491ED0
:10AAC000F9D2A168C90700D0E1682268C3F3072161
:10AAD000520603D4226842F040022260324600E06F
:10AAE00000BFA568AD0701D4521EF9D2A268D207F3
:10AAF0000AD0E2688DF80420A268D20702D0E2688A
:10AB00008DF804209DF804202173314600E000BF39
:10AB1000A268D20701D1491EF9D2A168C90700D0A5
:10AB2000E1682268D9B2520603D4226842F040029A
:10AB30002260324600E000BFA3689B0701D4521E8A
:10AB4000F9D2A268D2070AD0E2688DF80420A26880
:10AB5000D20702D0E2688DF804209DF8042021730A
:10AB6000314600E000BFA268D20701D1491EF9D2E8
:10AB7000A168C90700D0E16821680122490603D411
:10AB8000216841F040012160314600E000BFA36828
:10AB90009B0701D4491EF9D2A168C9070AD0E16810
:10ABA0008DF80410A168C90702D0E1688DF804107F
:10ABB0009DF804102273314600E000BFA268D2075E
:10ABC00001D1491EF9D2A168C90700D0E16800226D
:10ABD00032E01146521C92B2052935D82168FF2572
:10ABE000490603D4216841F040012160314600E06C
:10ABF00000BFA3689B0701D4491EF9D2A168C90709
:10AC00000AD0E1688DF80410A168C90702D0E16894
:10AC10008DF804109DF804102573314600E000BF44
:10AC2000A368DB0701D1491EF9D2A168C9070DD07D
:10AC3000E168C9B28DF800109DF80010FF29C8D056
:10AC40009DF8000020B14046BDE8FC833946F1E79D
:10AC50002068FF21400603D4206840F040002060B7
:10AC6000304600E000BFA268920701D4401EF9D22E
:10AC7000A068C0070AD0E0688DF80000A068C0078F
:10AC800002D0E0688DF800009DF800002173304686
:10AC900000E000BFA168C90701D1401EF9D2A06839
:10ACA000C00700D0E068DCF8180040F48020CCF841
:10ACB00018002068FE21400603D4206840F04000C0
:10ACC0002060304600E000BFA268920701D4401E19
:10ACD000F9D2A068C0070AD0E0688DF80000A0682B
:10ACE000C00702D0E0688DF800009DF800002173D5
:10ACF00000E000BFA068C00701D1761EF9D2A068AD
:10AD0000C00700D0E0684FF400714846FDF7F8FB3B
:10AD1000002899D06FF0020096E70000B874042074
:10AD20005864024000300140A0860100000002404B
:10AD30002DE9F847DFF85CC182468946DCF800005F
:10AD4000554CC107554D4FF0FF386FF001004FF0E3
:10AD5000000742F2107629D0514A314600E000BF88
:10AD6000AB689B0701D4491EF9D2696821F0020142
:10AD70006960DCF8001021F00101CCF8001000E05F
:10AD800000BFDCF80010C90701D0521EF8D2DCF871
:10AD90000010C90702D02770BDE8F887296821F0A4
:10ADA00040012960296841F0400129603D498A69D4
:10ADB00042F480228A61217849BB00214FF0010CC6
:10ADC0006770324600E000BFAB689B0701D4521E9B
:10ADD000F9D2AA68920702D484F801C00FE0FF22DA
:10ADE0002A73324600E000BFAB68DB0701D1521E78
:10ADF000F9D2AA68D20714D02A7BFF2A07D062783A
:10AE0000002AC8D1032919D0491C0429D8D328689D
:10AE1000FC22400603D4286840F0400028603046F9
:10AE200010E0AA68009284F801C05206E7D52A7B98
:10AE30008DF800209DF80020AA68E0E727704046C2
:10AE4000AAE700BFA968890701D4401EF9D2A86803
:10AE5000C0070AD0E8688DF80000A868C00702D0D3
:10AE6000E8688DF800009DF800002A7300E000BF3C
:10AE7000A868C00701D1761EF9D2A868C00700D023
:10AE8000E86849465046FDF73BFB002884D06FF048
:10AE9000020081E758640240B87404200030014089
:10AEA000A0860100000002402DE9F05F04460BA8D7
:10AEB0000D4690E8400C20680A9F984641689146EC
:10AEC00021F0010141602868416821F001014160E1
:10AED000E06C01F011F8E86C01F00EF8F06A01F096
:10AEE0000BF8204600F0E0FF284600F0DDFFE16CA3
:10AEF0000968C1F80C80E16C08EB5700096808612B
:10AF0000E06C0068016841F480210160E06C006839
:10AF1000016821F400210160E16C206809680C30AF
:10AF20008860E16CB808804609684860206801685C
:10AF300021F0400101602068416841F00101416059
:10AF40002068016841F040010160E06C0068016820
:10AF500041F0010101603F4908680006FCD43E4A07
:10AF6000906940F400209061002000BF401C32280E
:10AF7000FBDB38484FF44E43001D036008680006B1
:10AF8000FCD4002000BF401C3228FBDB906940F05D
:10AF900008009061002000BF401C3228FBDB0868DD
:10AFA0000006FCD4284600F07FFFE96C0968C1F870
:10AFB0000C90E96C09EB570009680861E86C0068BF
:10AFC000016841F480210160E86C0068016821F4A7
:10AFD00000210160E96C286809680C308860E96C20
:10AFE0000968C1F804802868016821F04001016007
:10AFF0002868416841F0010141602868016841F01A
:10B0000040010160E86C0068016841F001010160E5
:10B01000F16A0968C1F80CA0F16A206809680C306F
:10B020008860F16A4FEA5B0009684860F06A00686E
:10B03000016821F0100101603068C16841F40061CD
:10B04000C160F06A0068016841F001010160BDE87B
:10B05000F09F000008380040000002400021CA1C98
:10B06000D206D20C20F81120491C2029F7DB7047AA
:10B070002DE9F04F04462DED0A8BB1B04FF00008DA
:10B0800027ABD0F89C92D0F8A072D0F8B0021C90F8
:10B09000B4F8B4021B900A202A90FF48CDF8008033
:10B0A00004F51E7407C883E80700FBF701F89FED5D
:10B0B000FB0A2B9004ED7C0AA069A4F51E7480079E
:10B0C0007ED400259FEDF69BF3EE04AA9FEDF68B50
:10B0D000F74E9FEDF8AA680008F019F853EC192B09
:10B0E00008F0C2F807F0ECFC00EE900A80EEAA0A25
:10B0F00010EE100A08F00CFC41EC100B06F058F8AA
:10B1000053EC182B51EC100B08F0AEF853EC182B45
:10B1100007F008FD07F0D4FC00EE100A10EE100A4C
:10B12000B04201DD9FEDE40AB5EEC00AF1EE10FA7F
:10B1300001D2B0EE4A0A22A9BCEEC00A10EE100AF3
:10B1400048556D1C142DC6DBB4F886000821182262
:10B150000128207844F6206538D0B5FBF0F0CDE921
:10B1600000024FF0FF3602910496CDE90564DDE957
:10B170001B323946484600F0D5FE3946484601F0B4
:10B1800003F949200090DDE91B210523484601F021
:10B1900079FAD4F8900240F00400C4F890024FF01D
:10B1A000010A1B98CDE91D0A0221CDE91F81CDF8C6
:10B1B00084801DA91C98F9F76DFC0026AEB100E053
:10B1C0008CE2012E13D0022E14D112E04FF0FF3684
:10B1D0000296CDE90364B5FBF0F3CDE90021DDE98A
:10B1E0001B21484600F0C6FFCBE7412002E0492082
:10B1F00000E059200090DDE91B210523484601F0BD
:10B2000041FAAE4B1868191F2C9008680690AB489D
:10B210002C3800680590A94828380068A74D04908C
:10B22000203D28680390002008602B9944F6206296
:10B23000B1FBF2F1491E19602860A04A0121183AB9
:10B240001160111F08609D49083908600546E5E155
:10B25000002007A901EB8002401C8B4682ED00AA6A
:10B260001428F7DB05F03F000090DDE91B210723E0
:10B27000484601F007FA914900201C3908608F48C0
:10B280002C38016841F0010101600022FAE08C498C
:10B2900008680006FCD48B4B986940F40020986144
:10B2A000002000BF401C3228FBDBDFF814E29DF8D1
:10B2B00088000EF1040E40F4064CCEF800C0086879
:10B2C0000006FCD4002000BF401C3228FBDB98693C
:10B2D00040F008009861002000BF401C3228FBDBD2
:10B2E000D9F80000C068ADF800003868C068ADF853
:10B2F000000008680006FCD4986940F400209861BA
:10B30000002000BF401C3228FBDBE806C00C2D905B
:10B31000CEF8000008688A460006FBD4002000BF73
:10B32000401C3228FBDB6748816941F008018161DC
:10B33000002000BF401C3228FBDB63480068C007C8
:10B34000FBD0D9F80000C068ADF800003868C068CC
:10B35000ADF80000002059491C390B68DB07FAD012
:10B3600000230B6053469A4619680906FBD4554BD7
:10B37000996941F400219961002100BF491C3229DB
:10B38000FBDB411C4FF0140C91FBFCF80CFB181C70
:10B3900022A911F80C1041F4064CCEF800C0D44696
:10B3A000DCF800100906FBD4002100BF491C32293B
:10B3B000FBDB996941F008019961002100BF491C3C
:10B3C0003229FBDBD9F80010C968ADF8BC10396828
:10B3D000C968ADF8BC10DCF80010E0460906FAD4E4
:10B3E000996941F400219961002100BF491C32296B
:10B3F000FBDB2D99CEF800104146D1F800C05FEA82
:10B400000C6CFAD4002100BF491C3229FBDB99697E
:10B4100041F008019961002100BF491C3229FBDB82
:10B4200029490B68DB07FCD0D9F80010C968ADF8D2
:10B4300000103968C968ADF8B8101F2D0EDDBDF8D1
:10B4400000104FF6FF7303EA4101ADF800100BEB5B
:10B450008001BDF80030D1ED000A05E00BEB800162
:10B46000BDF8B830D1ED000A1BB200EE103A401C16
:10B470001428B8EEC00A30EE800A81ED000AFFF60B
:10B480006AAF521C2A988242FFF601AF07988046A5
:10B4900008F03EFA1AE000002054040800007A4345
:10B4A00044174154FB2109400000000000006040A7
:10B4B00000007F430000000000007F432C0C004090
:10B4C00008380040000002400834014041EC190BEC
:10B4D000404608F01DFA41EC180B002021E00BEB70
:10B4E000880ADAF8000008F013FA53EC192B07F079
:10B4F000B9FF05D2DAF8000008F00AFA41EC190B9E
:10B50000DAF8000008F004FA53EC182B07F070FE8C
:10B5100005D2DAF8000008F0FBF941EC180B08F14D
:10B5200001002A9980468842D9DB084607F0EFFDE2
:10B530008B4680464BEC1B0B27A800EB860ADAF8FB
:10B54000000008F0E5F941EC1C0B53EC182B51EC12
:10B55000190B08F0EFF853EC1C2B07F09FFB9FED45
:10B56000619B53EC192B07F07FFE9FED60CB53ECF2
:10B570001C2B07F079FE53EC1B2B07F08FFB07F019
:10B580009FFA009001AB02AA142107A804F020FC46
:10B59000DAED000A9DED021A4BEC188B81EE200AC1
:10B5A00010EE100A08F0B4F953EC192B07F05CFE0A
:10B5B00053EC1C2B07F058FE53EC182B07F06EFBD6
:10B5C00007F07EFA00EE100A8DED020A26B1012E78
:10B5D00005D0022E0BD01BE004EB850010E004EB3D
:10B5E0008500444AD0ED440A10EE901A06E004EBC0
:10B5F0008500414AD0ED440A10EE901A914207DAD4
:10B6000080ED440A04EB4501BDF80400A1F81002E6
:10B610003A48016821F0010101606D1C2078A842C0
:10B620003FF716AE35492C982C310860091F069853
:10B630000860324905980860091D049808602F4980
:10B6400003980C310860761C032EFFF6B7AD00217D
:10B6500008460EE004EB8002D4ED220A92ED440A83
:10B66000B4EEE00AF1EE10FA00D2491CC4F88C10D6
:10B67000401C22788242EDDCB4F8860001281CD000
:10B680004FF0FF31CDE904110694A288E18860886B
:10B690008DE80700DDE91B323946484600F042FCE0
:10B6A000D4F8900220F00400C4F89002002000902A
:10B6B00031B0BDEC0A8BBDE8F08F4FF0FF3002AA2D
:10B6C000014682E81300A188E088CDE90001638883
:10B6D000DDE91B21484600F04DFDE1E74FF0FF306A
:10B6E000E5E70000E72AAB23262C8A3EFCA9F1D22D
:10B6F0004D62503F00007A440000C842000C0040F8
:10B7000030B50446414887B0142145696846E5F7DD
:10B71000F3F8002C77D0002D75D02868002872D05F
:10B72000D4F89C0270B1006860B1416821F0030157
:10B730004160D4F89C02C06C00F0DEFBD4F89C029F
:10B7400000F0B2FBD4F8A00270B1006860B14168AB
:10B7500021F003014160D4F8A002C06C00F0CCFBE2
:10B76000D4F8A00200F0A0FBE86A00F0C5FB28684E
:10B77000C16821F40061C1602868016821F00101FD
:10B78000016029680020C86029680861296848624A
:10B790001F490A6842F008020A60096801F00801BE
:10B7A00005911C490860091D0860091D0860091DF4
:10B7B0000860184918310860091D0860091D0860F3
:10B7C000144928310860134A411E2C321160114976
:10B7D000243108600F4A012114321160121F1060D9
:10B7E000B4F8B4220092CDE9011002200390D4F8FD
:10B7F000B002694604F52C74F9F74CF9A1880122CE
:10B800002068F9F734FA07B030BD000058E1042091
:10B8100040380240000C00402DE9F74F04462DED62
:10B820000A8BB0B04FF00009D4E9A776D0F8B00287
:10B830001C90B4F8B4021B90052004F51E74CDF8DA
:10B8400000902A90FAF734FC8046FE4827AB07C8E0
:10B8500083E8070002209FEDFC0A2B9004ED7C0A90
:10B86000A069A4F51E7480077ED400259FEDF79B88
:10B87000F3EE04AA9FEDF78BDFF8E0B39FEDF8AA93
:10B88000680007F044FC53EC192B07F0EDFC07F0BF
:10B8900017F900EE900A80EEAA0A10EE100A08F0DE
:10B8A00037F841EC100B05F083FC53EC182B51ECEE
:10B8B000100B07F0D9FC53EC182B07F033F907F005
:10B8C000FFF800EE100A10EE100A584501DD9FED5A
:10B8D000E50AB5EEC00AF1EE10FA01D2B0EE4A0A5E
:10B8E00022A8BCEEC00A10EE101A41556D1C142D92
:10B8F000C6DBB4F88600082118220128207844F617
:10B90000206539D0B5FBF0F0CDE900024FF0FF3CE7
:10B910000291CDF810C0CDE905C4DDE91B323146F6
:10B92000384600F0FFFA3146384600F02DFD492038
:10B930000090DDE91B210523384600F0A3FED4F872
:10B94000900240F00400C4F890024FF0010A1B98E6
:10B95000CDE91D0A0221CDE91F91CDF884901DA9E2
:10B960001C98F9F797F800E058E22B99A1B101294A
:10B9700014D0022915D113E04FF0FF3CCDF808C0D8
:10B98000CDE903C4B5FBF0F3CDE90021DDE91B21CE
:10B99000384600F0EFFBCAE7412002E0492000E012
:10B9A00059200090DDE91B210523384600F06AFE8E
:10B9B000AD4A1068111F069008680590AA482C38F7
:10B9C00000680490A84828380068A74B0390203BE3
:10B9D0001868029000200860B8FBF5F1491E11605C
:10B9E0001860A14A183AC2F800A0111F08609E49C9
:10B9F000083908600546DFF874B2C9E1002007A9DC
:10BA000001EB8002401C8A4682ED00AA1428F7DB75
:10BA10003B98072300F03F000090DDE91B213846EA
:10BA200000F030FE904900201C3908608E482C3808
:10BA3000016841F0010101600022FEE08C490868C4
:10BA40000006FCD48B4B986940F4002098610020DC
:10BA500000BF401C3228FBDB9DF8880040F4064CF8
:10BA60008348001DC0F800C008680006FCD4002010
:10BA700000BF401C3228FBDB986940F00800986149
:10BA8000002000BF401C3228FBDB3868C068ADF8DE
:10BA900000003068C068ADF8000008680006FCD4FB
:10BAA000986940F400209861002000BF401C3228B3
:10BAB000FBDBDFF8BCC1E806C00C0CF1040C2D90D8
:10BAC000CCF80000086889460006FBD4002000BFBF
:10BAD000401C3228FBDB99699E4641F008019961C0
:10BAE000002000BF401C3228FBDB59468B4608680B
:10BAF000C007FBD03868C068ADF800003068C06887
:10BB0000ADF80000002058491C390B68DB07FAD05B
:10BB100000230B604B4619680906FCD4DEF818C0F8
:10BB20004CF4002CCEF818C0002100BF491C32296B
:10BB3000FBDB411C4FF0140C91FBFCF80CFB181CB8
:10BB400022A9DFF82C8111F80C1008F1040841F447
:10BB5000064CC8F800C019680906FCD4002100BFD3
:10BB6000491C3229FBDBDEF81810F44641F00801CD
:10BB7000CEF81810002100BF491C3229FBDB3968C0
:10BB8000C968ADF8BC103168C968ADF8BC10196857
:10BB90000906FCD46146DCF818C04CF4002CC1F84E
:10BBA00018C0002100BF491C3229FBDB2D99C8F8C1
:10BBB000001019680906FCD4002100BF491C322975
:10BBC000FBDBDEF8183043F00803CEF81830002114
:10BBD00000BF491C3229FBDB59460B68DB07FCD050
:10BBE0003968C968ADF800103168C968ADF8B0109F
:10BBF0001F2D0EDDBDF800104FF6FF7303EA410163
:10BC0000ADF800100AEB8001BDF80030D1ED000A5C
:10BC100005E00AEB8001BDF8B030D1ED000A1BB29F
:10BC200000EE103A401C1428B8EEC00A30EE800A2C
:10BC300081ED000AFFF667AF521C2A988242FFF698
:10BC4000FDAE19E02C54040800007A434417415417
:10BC5000FB210940000000000000604000007F431D
:10BC60000000000000007F432C0C0040083401401D
:10BC700008380040000002400798804607F048FE60
:10BC800041EC190B404607F043FE41EC180B002035
:10BC900021E00AEB8809D9F8000007F039FE53ECDF
:10BCA000192B07F0DFFB05D2D9F8000007F030FEB2
:10BCB00041EC190BD9F8000007F02AFE53EC182BC1
:10BCC00007F096FA05D2D9F8000007F021FE41EC02
:10BCD000180B08F101002A9980468842D9DB0846F2
:10BCE00007F015FA8A4680464AEC1B0B2B9927A8C9
:10BCF00000EB8109D9F8000007F00AFE41EC1C0BAB
:10BD000053EC182B51EC190B07F014FD53EC1C2BC2
:10BD100006F0C4FF9FED43CB53EC1C2B07F0A4FAB5
:10BD20009FED429B53EC192B07F09EFA53EC1B2B13
:10BD300006F0B4FF07F0BEF93C992EAB01AA21F83A
:10BD40001500142107A804F043F8D9ED000A9DED71
:10BD5000011A4AEC188B81EE200A10EE100A07F047
:10BD6000D7FD53EC1C2B07F07FFA53EC192B07F08F
:10BD70007BFA53EC182B06F091FF07F09BF93C99E6
:10BD800021F815002B48016821F0010101606D1CAC
:10BD90002078A8423FF732AE264906982C31086039
:10BDA000091F05980860234904980860091D039835
:10BDB0000860204902980C310860B4F88600012818
:10BDC0001CD04FF0FF31CDE904110694A288E18820
:10BDD00060888DE80700DDE91B323146384600F007
:10BDE000A1F8D4F8900220F00400C4F890020020DA
:10BDF000009030B0BDEC0A8BBDE8FE8F4FF0FF31F4
:10BE0000CDE902110494A188E088CDE9000163889E
:10BE1000DDE91B21384600F0ADF9E2E74FF0FF30D5
:10BE2000E6E70000E72AAB23262C8A3EFCA9F1D2E4
:10BE30004D62503F000C00402DE9F8438046164605
:10BE40000F464FF4AA40ADF80000002231463846B4
:10BE5000F8F70DFF0120F8F7CBFC4FF47A752B466D
:10BE6000022269464046FBF7E1F80020ADF80000E9
:10BE7000012231463846F8F7FAFE00240022314606
:10BE80003846F8F7F4FE2B46022269464046FBF797
:10BE9000CDF8012231463846F8F7E9FE641CE4B2D9
:10BEA000092CEBD3BDE8F88308B5002805D000685D
:10BEB000002802D0C1688068009008BD002806D024
:10BEC0000168002903D000220A61006842627047BD
:10BED00000B585B00820009002200021CDE90101C5
:10BEE00003900120049069460248F8F7D3FD05B09D
:10BEF00000BD000000000240094900280ED0026881
:10BF0000002A0BD0136823F001031360006800E0DF
:10BF100000BF0268D20701D0491EF9D27047000065
:10BF2000A08601002DE9FF4F8DB00027DDE91F84B9
:10BF3000DDE91B96DDF868A00F98C4F8B002A4F8FC
:10BF4000B4320D98C4E9A7010120CDE90807022009
:10BF5000CDE90A070D469B46079307A90F98F8F706
:10BF600099FD0D9801F039FC4FF48060C5E901702E
:10BF70004000C5E90307012068614002C5E90607E2
:10BF80002F620A206F62C5E90A702846FAF7F8FDA9
:10BF900020B92868016841F04001016000252B4666
:10BFA0005A460F990D9800F047FA04EB45010881B5
:10BFB0006D1CEDB2402DF2D3204606F047FD20B1B6
:10BFC0004FF0FF3011B0BDE8F08FB4F8840020705E
:10BFD000A4F802A000EE10AA0025B8EE400A10EE68
:10BFE000100A07F095FC9FED5C1B53EC112B07F03A
:10BFF0003BF99FED5B1B53EC112B06F04FFE06F057
:10C00000E5FF02465849002051F82030934200D203
:10C010000546401C0928F7DBDE208DF80400524855
:10C0200053492430504A10F825008DF805004E4839
:10C03000483010F825008DF8060002208DF8070022
:10C0400040208DF8080049488DF8097010F8260046
:10C050008DF80C004548443010F826008DF80D008E
:10C060004248883010F826008DF80E003F48CC304A
:10C0700010F826008DF80F0011F8290064318DF8B2
:10C080001000643A11F8291012F8290041EA8010D2
:10C090008DF81100A4F80690A680B4F886601E9969
:10C0A0004FEA18600B0A43EA0863DDB20B0CCAB210
:10C0B000090E43EA084341EA0821DBB2C9B2012E66
:10C0C00002D0042E25D110E08DF814308DF8151013
:10C0D0008DF812208DF816708DF818708DF81350A9
:10C0E0008DF817708DF8197013E08DF814308DF8F5
:10C0F00015108DF816804FEA18218DF817104FEAA9
:10C1000018418DF812208DF818108DF813508DF805
:10C1100019001620009001AB5A460F990D9800F0B7
:10C1200099FA00252B465A460F990D9800F084F98C
:10C1300004EB450108816D1CEDB2402DF2D35A4647
:10C140000F990D98FFF778FED4F8900240F00100A7
:10C15000C4F89002002035E70000000000004040D5
:10C160000000000000408F40B453040878510408D8
:10C17000885204082DE9FF4F8DB04FF0000BDDE928
:10C180001D54DDE91A860E98C4F8B002A4F8B42252
:10C190000D98C4F8A0B2C4F89C020121CDE9081B97
:10C1A0000221CDE90A1B99469246079207A90E98EB
:10C1B000F8F770FC0D9801F010FB0027DDE90D0188
:10C1C0003B46524600F038F904EB470108817F1CDA
:10C1D000FFB2402FF2D3204606F038FC20B14FF0DA
:10C1E000FF3011B0BDE8F08FB4F884002070A4F8DF
:10C1F00002909FED5F0A00EE909A0027F8EE600A29
:10C2000020EE800A10EE100A07F082FB9FED591B0A
:10C2100053EC112B06F042FD06F0D8FE02465749BA
:10C22000002051F82030934200D20746401C0928D4
:10C23000F7DBDE208DF804005048524924304F4A85
:10C2400010F827008DF805004C48DC46483010F8FF
:10C2500027008DF8060002208DF8070040208DF899
:10C26000080047488DF809B010F826008DF80C003A
:10C270004348443010F826008DF80D0040488830BF
:10C2800010F826008DF80E003D48CC3010F826003E
:10C290008DF80F0011F8280064318DF81000643A11
:10C2A00011F8281012F8280041EA80108DF81100CA
:10C2B000A4F80680A680B4F886601C98070C020AD1
:10C2C000C3B247EA0547000EF9B242EA056240EA06
:10C2D00005202F0ED2B2C0B2012E02D0042E23D1DF
:10C2E00010E08DF814108DF815008DF812308DF8CF
:10C2F00016C08DF818C08DF813208DF817C08DF872
:10C3000019C011E08DF814108DF815008DF8165035
:10C31000280A8DF81700280C8DF812308DF81800B7
:10C320008DF813208DF8197016200090DDE90D01AD
:10C3300001AB524600F08EF90025DDE90D012B46D8
:10C34000524600F079F804EB450108816D1CEDB20E
:10C35000402DF2D3DDE90D015246FFF76DFDD4F813
:10C36000900240F00100C4F89002002039E700007C
:10C37000000000420000000000408F40B453040859
:10C380007851040888520408F8B50C4605004DD0D1
:10C39000002C4BD02868002848D02068002845D0C1
:10C3A0002846FFF781FD2046FFF77EFD204B214EFA
:10C3B000002118680006FCD4B06940F40020B06188
:10C3C000002000BF401C3228FBDB194A0020121D50
:10C3D000106018680006FCD4002200BF521C322AEC
:10C3E000FBDBB06940F00800B061002200BF521CC6
:10C3F000322AFBDB28688268D207FCD0C068ADF81F
:10C40000000020688268D207FCD0C068ADF8000048
:10C41000BDF80000491CC9B20329CAD32846FFF75A
:10C4200043FD2046BDE8F840FFF73EBDF8BD0000E3
:10C43000083800400000024070B543F0C000364BA1
:10C44000010218680006FCD4344A906940F40020C8
:10C450009061002000BF401C3228FBDB2E4C241DC5
:10C46000216018680006FCD4002000BF401C322860
:10C47000FBDB906940F008009061002000BF401C89
:10C480003228FBDB18680006FCD4906940F40020D9
:10C490009061002000BF401C3228FBDB216018683F
:10C4A0000006FCD4002000BF401C3228FBDB906952
:10C4B00040F008009061002000BF401C3228FBDBE8
:10C4C000174D2868C007FCD0154E361D3068186817
:10C4D0000006FCD4906940F400209061002000BF69
:10C4E000401C3228FBDB216018680006FCD40020C9
:10C4F00000BF401C3228FBDB906940F008009061CF
:10C50000002000BF401C3228FBDB2868C007FCD09D
:10C510003068C0B270BD0000083800400000024022
:10C520000834014070B5154604001AD0CDB120681A
:10C53000B8B12868A8B121B1086810B10846FFF762
:10C54000BDFC2968002048622846FFF7B7FC20465A
:10C55000FFF7B4FC2846FBF78DF828B16FF0010017
:10C5600070BD4FF0FF3070BDFFF7B2FC01220C210F
:10C57000206803F00DF901220021206803F008F97A
:10C580002068416C41F4004141642068816801F0F9
:10C5900007010629016811D041F0010101602168FD
:10C5A0008868096800F007026FF00200062A4FEA67
:10C5B000C17106D00029D6D0002070BD21F0010144
:10C5C000ECE70029F8D070BD70B515460E460400A2
:10C5D00029D0206838B32046FBF79FF8206801680F
:10C5E00021F00101016000220C21206803F0D0F845
:10C5F00000220821206803F0CBF8002211462068B1
:10C6000003F0C6F82068016A41F21112114207D105
:10C61000016A9210114203D1416C21F4004141643E
:10C620002046FFF74BFC3EB1306828B13046FBF79F
:10C6300061F83046FFF742FC002D0AD02868002838
:10C6400007D02846FBF769F82846BDE87040FFF799
:10C6500035BC70BD2DE9F8431D4617468846814616
:10C660000024089E09E0285D009023463A46414692
:10C67000484600F007F8641CE4B2B442F3D300204B
:10C68000BDE8F88370B503F0BF00049940F0800066
:10C69000364B41EA002118680006FCD4344A906900
:10C6A00040F400209061002000BF401C3228FBDBDA
:10C6B0002E4C241D216018680006FCD4002000BF09
:10C6C000401C3228FBDB906940F00800906100209C
:10C6D00000BF401C3228FBDB18680006FCD49069C0
:10C6E00040F400209061002000BF401C3228FBDB9A
:10C6F000216018680006FCD4002000BF401C3228CE
:10C70000FBDB906940F008009061002000BF401CF6
:10C710003228FBDB174D2868C007FCD0154E361DAC
:10C72000306818680006FCD4906940F400209061DD
:10C73000002000BF401C3228FBDB21601868000687
:10C74000FCD4002000BF401C3228FBDB906940F085
:10C7500008009061002000BF401C3228FBDB2868E5
:10C76000C007FCD03068C0B270BD0000083800407F
:10C77000000002400834014070B50446F0F7C8F8E4
:10C780000C4D286840F0004028600520F8F730F88C
:10C79000286840F08040286004F54054B4F8B002A6
:10C7A00040F00800A4F8B002BDE870400520F8F79A
:10C7B0001FB800001808024070B505460A48016815
:10C7C00041F48041016005F54054B4F8B00220F016
:10C7D0000800A4F8B0020520F8F70AF82846BDE8DA
:10C7E0007040EFF7A9BF00001808024030B5074DB0
:10C7F00000228B5C002B08D06B6003681C68E4434C
:10C800002406FBD4521CD2B2F3E730BD0010014025
:10C8100070B500F54054B4F8B00240F40060A4F8DC
:10C82000B002F8F729FA054604E0F8F725FA401BAC
:10C83000C8280CD8D4F88C070028F6D1F8F71CFAD1
:10C84000054612E0F8F718FA401BC8280DD9B4F8CD
:10C85000B00240F02000A4F8B002B4F8B00220F416
:10C860000060A4F8B002012070BDD4F8F00B0028DD
:10C87000E8D0B4F8B00220F44060A4F8B002002080
:10C8800070BD0A20EBF75EF8F5F7E6FD0148F8F712
:10C8900083BA000078A500200148F8F7DABA000052
:10C8A00078A5002038B5806B002290F83D302A49E9
:10C8B0000C6846F2A811B4FBF1F1C1EBC10101EB28
:10C8C0008101009139B1491E00910168096889050B
:10C8D00005D50099F6E7016C41F020010164416B38
:10C8E00001B1CA63816B01B1CA6301680C6824F4A9
:10C8F00080640C604285416B01B10A65816B01B1B6
:10C900000A6501680C6824F001040C6090F83D4051
:10C910002021602C0AD0282434EA03030ED080F8AA
:10C920003D1080F83E20F8F7ADFB38BD80F83D1093
:10C9300080F83E200264F8F7E9F938BD01680B6819
:10C9400043F001030B6001680B6843F480630B60E4
:10C95000026380F83D40E6E7C874042070B5846B3C
:10C9600001460025606B00B1C563A06B00B1C563D3
:10C970000846F7F781FD022811D02068016821F4EC
:10C98000806101606585202084F83D0084F83E5078
:10C99000206C40F0100020642046F8F773FB70BD57
:10C9A0002DE9F041846B94F83D1094F83E50E06A14
:10C9B0002268536823F440735360626B002302B112
:10C9C000D363A26B02B1D363212232EA01074FF095
:10C9D00022060CD036EA010701D1202D07D094F8A9
:10C9E0003E10002921D0618D012920D024E020684B
:10C9F000456825F40065456063852820292902D013
:10CA00002A2907D00CE0226384F83D002046F8F77D
:10CA100038FF05E0266384F83D002046F8F730FF34
:10CA20002068416841F440714160BDE8F0812168AF
:10CA30000A6822F480620A6021684A6822F440721F
:10CA40004A6010F5803F06D0082804D0B0F12A4F84
:10CA500001D0202804D121680A6842F400720A60DB
:10CA600021684A6822F480524A6021684A6822F4A8
:10CA700000624A606385216C19B12046F8F702FB19
:10CA8000D3E7202184F83D1094F83E1084F83E301E
:10CA9000402909D008280CD020280AD01220206371
:10CAA0002046F8F7C4FBC0E723632046F8F7C2FB33
:10CAB000BBE72363F4E700684169C943090601D471
:10CAC00000210161704700002DE9F041044690F813
:10CAD0003D0094F83E10102901D0402906D12228AB
:10CAE00004D121680A6822F400620A60282131EA30
:10CAF00000024FF000054FF0200619D02168496868
:10CB0000090505D4602803D084F83D6084F83E50C0
:10CB1000256320684168090534D5416821F4006126
:10CB20004160676B47B197F83500012806D103E0F3
:10CB3000256384F83D10ECE7A76BF7B136483865FC
:10CB40003846F7F756FC70B3A06BB8420AD120689C
:10CB50004169C943490605D40069616A0870606A81
:10CB6000401C60622068016821F00101016084F8C6
:10CB70003D60396D3846884715E084F83D6084F89B
:10CB80003E500DE094F83D10602910D04169C94332
:10CB9000490605D40069616A0870606A401C6062D9
:10CBA0002046F8F76FFA206CC1071CD115E084F815
:10CBB0003D6025644169C943490605D40069616A3D
:10CBC0000870606A401C60622068016821F0010101
:10CBD00001602046F8F79AF8E5E7810703D441079A
:10CBE00001D4000704D52068416821F4E061416068
:10CBF00094F83D00216C49070BD5282809D1074836
:10CC0000E062256384F83D6084F83E502046F8F7E2
:10CC10000DFBBDE8F0810000A5C803080000FFFF80
:10CC200001684A69D24352050FD46FF480624A61A9
:10CC3000002140F8301F202242738173026942F0C4
:10CC4000040202610173012070470020704710B593
:10CC5000C26A438D0168042B06D0438D032B08D094
:10CC6000438D022B1DD012E04A6822F480624A6094
:10CC70000CE04B6823F480634B60042A06D0022A40
:10CC800004D001680A6822F480620A6001680969B8
:10CC9000426A1170416A491C4162418D491E4185B9
:10CCA00010BD012A34D0102A32D0042A34D0022AEE
:10CCB00032D00B6843F400730B6001680969436A62
:10CCC0001970416A491C4162438D5B1E43850368AC
:10CCD0001B690B70416A491C4162418D491E4185A7
:10CCE00001684B6823F440734B60202180F83D10AD
:10CCF00090F83E300021402B80F83E1010D0082ADA
:10CD000002D0202A00D012210163F8F790FA10BD5A
:10CD10000B6823F48063CFE70B6843F48063CBE7B1
:10CD20000163F8F787FA10BD38B590F83D10222955
:10CD300010D1C36A418D03290DD901680969426A7E
:10CD40001170416A491C4162418D491E4185418DE6
:10CD5000032906D038BDC26A022A02D0012906D0B2
:10CD600029B10068416821F48061416038BD2B49D8
:10CD700046F2A812002409682025B1FBF2F101EB6C
:10CD8000810100910168009A521E009226D00A6823
:10CD90009205F8D40A6822F480620A6001684A6841
:10CDA00022F4E0624A6001680969426A1170416ACE
:10CDB000491C4162418D491E418580F83D5090F8E3
:10CDC0003E1080F83E40402921D0082B23D0202B54
:10CDD00021D012210163F8F72AFA38BD026C42F023
:10CDE000200202644A6822F4E0624A60016809692C
:10CDF000426A1170416A491C4162418D491E418558
:10CE000080F83D5080F83E40F8F73CF938BD0463A7
:10CE1000F8F710FA38BD0463DDE70000C874042099
:10CE200010B5C16A90F83D20212A0BD1428D52B134
:10CE3000416A026809781161416A491C4162418D69
:10CE4000491E418510BD20230022082912D0202927
:10CE500010D011F5803F0DD001684C6824F4E064D7
:10CE60004C601121016380F83E2080F83D30F8F7D6
:10CE7000DFF910BD01684C6824F4E0644C6001687F
:10CE80000C6844F400740C60026380F83D3090F844
:10CE90003E1080F83E204029E9D1F8F7E9F910BDAD
:10CEA00010B590F83D2090F83E30C16A048DB4B1C1
:10CEB000212A03D0402B11D1222A0FD1418DE9B371
:10CEC00090F83E10402940D0416A0268097811610B
:10CED000416A491C4162418D491E418510BD212A8C
:10CEE000E8D120230022082912D0202910D011F5E2
:10CEF000803F0DD001684C6824F4E0644C6011213F
:10CF0000016380F83E2080F83D30F8F791F910BDBC
:10CF100001684C6824F4E0644C6001680C6844F4D7
:10CF200000740C60026380F83D3090F83E1080F889
:10CF30003E204029E9D1F8F79BF910BDFFE70068D2
:10CF4000416821F480614160F7E7BDE8104000F0DE
:10CF5000D2B8000078B590F83E40C26A056B90F8F0
:10CF60003D6000230168222E7AD1066D0EB9402C57
:10CF700076D0046D1CB90469B4F5404F09D0448DD6
:10CF800004B3468D384C012E0ED0458D022D3AD07B
:10CF90005DE04A698A6900920A6842F480720A6018
:10CFA000016D491C016578BDA24213D10A6822F4C3
:10CFB00080620A6001684A68120503D50A6822F493
:10CFC000806216E04A698A6900920A6842F4007237
:10CFD0000A6039E0082A10D0202A0ED0122D0AD07B
:10CFE000042A03D0022A01D0102AE7D10A6842F4A9
:10CFF00080620A6024E0012AE0D00A6822F480629C
:10D000000A600168DEE7042A21D0022A1FD0102A14
:10D010001DD00D6825F480650D6001680D6845F42C
:10D0200000650D6001684D682D0509D5A24212D03A
:10D03000012A10D0082A0ED0102A0CD0202A0AD09B
:10D0400001684A6989690091036578BD08E00D6847
:10D0500045F48065E5E74A6842F480524A60EFE7AC
:10D06000486988690090F0E70000FFFF90F83E10E3
:10D0700040290FD00169B1F5804F18D0016DA1B3DF
:10D08000016D01290FD1416CF12201F4407142EA96
:10D09000D11106E0016D0029416C05D0C9B241F003
:10D0A000010100680161704701F0FE01F9E790F8A5
:10D0B0003D102129416C09D0C9B241F0010102683B
:10D0C0001161416B29B1C96B49B902E001F0FE0160
:10D0D000F5E7816B0029E6D0C96B0029E3D0006831
:10D0E000416841F4006141607047FFE7416CF02204
:10D0F00001F44071CBE710B590F83D10026D4AB1D4
:10D10000026D012A14D0026D022A16D0BDE810402B
:10D11000FFF7D1BCC16C0129816C02D0C1F307219A
:10D1200008E00268C9B21161016D891C016510BD7A
:10D13000816CC9B20268116123E022291CD0428DA2
:10D140000AB1212920D0428D002AF0D12129EED127
:10D1500001684A6822F4E0624A6001680A6842F4A1
:10D1600000720A6000210163202280F83D2080F8CF
:10D170003E10F8F77DF810BD01680A6842F480722D
:10D180000A60016D491CD1E7416A026809781161A2
:10D19000416A491C4162418D491E418510BD000014
:10D1A0002DE9F84F0446006889460B9E01689846B1
:10D1B000174641F4806101602068016841F4807184
:10D1C000016000964FF0011B0022594620460A9B41
:10D1D00000F0FDF94FF4007A40B120680068C00506
:10D1E00001D5C4F840A00320BDE8F88F216809F0FC
:10D1F000FE0008613346284920460A9A00F02BFABF
:10D20000F0BB2068416980690090324620460A9947
:10D2100000F0B8FA40B1206C04283AD120680168C7
:10D2200041F40071016034E0FDB2B8F1010F09D0A2
:10D230002168380A0861324620460A9900F0A2FAAD
:10D240000028E8D120680561324620460A9900F09E
:10D2500099FA0028DFD12068016841F480710160EB
:10D2600000960022594620460A9B00F0B0F900289B
:10D27000B3D1216809F0FF0040F00100086100E02F
:10D2800007E03346044920460A9A00F0E4F90028F2
:10D29000AAD00120A8E70000020001002DE9F84310
:10D2A000044600680D46DDE9089701689846164671
:10D2B00041F4807101604B4600224FF0011120467D
:10D2C000009700F084F948B120680068C00502D5D5
:10D2D0004FF4007020640320BDE8F883216805F056
:10D2E000FE0008613B464A461549204600F0B3F966
:10D2F00088B920684169806900903A4649462046CD
:10D3000000F040FA48B1206C042804D1206801687C
:10D3100041F4007101600120DEE7F5B2B8F1010FC0
:10D3200009D02168300A08613A464946204600F093
:10D3300029FA0028E7D1206805610020CCE7000029
:10D340000200010038B50D4690F83D200021282448
:10D35000944302680B4605D051699169009180F8A9
:10D360003C3038BD546824F480645460EA43540768
:10D3700000D50121120601D5828900E0028B80F8D8
:10D380003C3092B2F7F7CCFC38BD00002DE9F041FB
:10D3900090F83D200446C16A002520261E4F0068F3
:10D3A0006FF48063082901D0202901D1282A04D0F4
:10D3B000212A17D04361BDE8F081E762416821F47A
:10D3C000E0614160206843612068016821F4806168
:10D3D0000160256384F83D6084F83E502046F7F7ED
:10D3E00025FFE8E7E7622121216384F83D6084F8A6
:10D3F0003E50416821F4E06141602068436120684B
:10D40000016821F4806101602046FFF754FB20464B
:10D41000F8F737FACFE700000000FFFFF8B590F803
:10D420003D5004460068416821F4E0614160206895
:10D43000002641690091016841F001010160206806
:10D44000016821F48061016020684168090520D5E8
:10D45000474F222D48D02A2D46D0616B0968496874
:10D460006185618D19B1216C41F00401216441682D
:10D4700021F400614160606BF7F700F8012808D0E3
:10D48000606B0765606BF6F7B4FF10B1606B016D00
:10D490008847608D08B320684169C943490708D4AB
:10D4A0000069616A0870606A401C6062608D401E9D
:10D4B000608520684169C943490608D40069616AEA
:10D4C0000870606A401C6062608D401E6085608DDF
:10D4D00018B1206C40F004002064206C00B320469A
:10D4E000BDE8F840FFF7F0BAA16B096849686185AB
:10D4F000618D19B1216C41F004012164416821F46E
:10D5000000614160A06BF6F7B9FF0128C1D0A06BA4
:10D510000765A06BF6F76DFF0028BAD0A06BB6E7E1
:10D520002A2D06D12663282084F83D002046F8F7EE
:10D53000A7F994F83D10202028290DD0216B22292D
:10D5400001D0222D07D1266384F83D0084F83E6087
:10D550002046F8F795F9F8BD0649E162266384F89C
:10D560003D0084F83E602046F7F760FEF8BD0000FD
:10D57000A5C803080000FFFF70B516460D46044617
:10D580001EE02046FFF74CFB08B1012070BD681C6F
:10D5900016D0F7F771FB801BA84200D885B9206828
:10D5A0004069C04340070BD5002044F8300F2021CC
:10D5B0006173A073216941F0200121612073E4E7C8
:10D5C00020684069C0434007DBD4002070BD2DE9CE
:10D5D000F0471E4690460D460446C1F30747DDF866
:10D5E000209026E0701C24D0F7F746FBA0EB090042
:10D5F000B04200D8EEB92068012F16D0806925EA24
:10D6000000000004000C12D00020404511D1002081
:10D6100044F8300F20216173A073216941F020018B
:10D62000216120730120BDE8F0874069E7E7012010
:10D63000EBE72068012F0AD0806925EA000000048A
:10D64000000C06D000204045CCD00020EBE740691C
:10D65000F3E70120F7E72DE9F047984616460D4617
:10D6600004464FF000094FF0200AC1F3074723E0BA
:10D6700020684069C043400515D42068016841F422
:10D680000071016021686FF480604861C4F83090D7
:10D6900084F83DA084F83E90216C41F0040121649F
:10D6A00084F83C9020E0701C06D0F7F7E5FAA0EB78
:10D6B0000800B04203D816B1012F1ED020E0206828
:10D6C000012F14D0806925EA00000004000C17D057
:10D6D00044F8309F84F80DA084F80E90216941F041
:10D6E0002001216184F80C900120BDE8F087406999
:10D6F00025EA00000004000CEAD12068406901E03E
:10D700002068806925EA00000004000CB0D1ECE735
:10D710002DE9F04116460D46044600274FF020083B
:10D7200029E04069C043C0060DD454F8301B6FF0A7
:10D730001000486144F80D7B04F81D89A777206A22
:10D740002062277714E0F7F797FA801BA84200D8E9
:10D750008DB920684069C04340060CD544F8307F3D
:10D7600084F80D80A773206940F0200020612773A2
:10D770000120BDE8F08120684169C9434906D0D441
:10D780000020F6E770B516460D4604461EE020461A
:10D79000FFF746FA08B1012070BD681C16D0F7F7F4
:10D7A0006BFA801BA84200D885B920684069C04345
:10D7B00000060BD5002044F8300F20216173A073C0
:10D7C000216941F0200121612073E4E7206840696C
:10D7D000C0430006DBD4002070BD10B504464FF4F2
:10D7E0008270606000204FF40061C4E9020189107A
:10D7F0002061C4E90501E06120626062A0620A2044
:10D80000E0622046F9F7BCF908B1012010BD20689C
:10D81000016841F040010160002010BDF0B5354CB9
:10D820008DB0206C10B12046F6F7E8FC0025089575
:10D8300009950A95202168460B95E3F75DF80126C6
:10D8400026612D484FF48037A560C4E9000725768E
:10D8500084F820503007E0624FF01060A062F002C0
:10D86000E661E06084F8305022486661F6F7E4FC37
:10D8700080BB03200895CDE9096008A91D48F6F78B
:10D880000BFC38BB1220009030460226042104967F
:10D89000CDE901011949CDE906158DF815508DF82E
:10D8A0001400694613480395F6F716FB90B9CDE9C5
:10D8B000005669460F48F6F70FFB58B9F8F7E8FB32
:10D8C0000F49884201D8656008E00E49884202D8B5
:10D8D000676003E006E04FF4003060600548F6F74B
:10D8E000ABFC08B1F6F79CF80748F4F73DF80DB02B
:10D8F000F0BD000030A500200020014001000F0015
:10D9000001A24A0403449508A8F404204F4808B52E
:10D910000268002142F400120260026802F4001260
:10D920000092026842F4800202600068484A00F4F3
:10D93000800000904748C0E9002180228260920068
:10D94000C26052000261920042619200C0E9062169
:10D950000422C0E908120322C0E90A210163F6F794
:10D9600061FE08B1F6F75CF8002201210C20F8F7FF
:10D970001FF80C20F8F70EF8002205210D20F8F70B
:10D9800017F80D20F8F706F8002204210E20F8F70A
:10D990000FF80E20F7F7FEFF002205210F20F8F701
:10D9A00007F80F20F7F7F6FF002205211020F7F700
:10D9B000FFFF1020F7F7EEFF002201211120F7F7FB
:10D9C000F7FF1120F7F7E6FF002205212F20F7F7D8
:10D9D000EFFF2F20F7F7DEFF002202213820F7F7B4
:10D9E000E7FF3820F7F7D6FF002201213920F7F7AB
:10D9F000DFFF3920F7F7CEFF012204213A20F7F7A5
:10DA0000D7FF3A20F7F7C6FF012211463B20F7F770
:10DA1000CFFF3B20F7F7BEFF002201214420F7F79C
:10DA2000C7FF4420F7F7B6FF002205214520F7F78E
:10DA3000BFFF4520F7F7AEFF002205214620F7F78C
:10DA4000B7FFBDE808404620F7F7A4BF30380240D2
:10DA500070640240D4A900202DE9F04387B014215E
:10DA60006846E2F749FF3F480024016841F004019D
:10DA70000160016801F004010591016841F0800135
:10DA80000160016801F080010591016841F0010128
:10DA90000160016801F001010591016841F0020196
:10DAA00001600068304E00F002004FF460450590C0
:10DAB000002229463046F7F7DAF8DFF8B090002266
:10DAC00048F204114846F7F7D2F8DFF8A48041F293
:10DAD0000407002239464046F7F7C9F800950125AA
:10DAE000CDE90154694630460394F6F7D3FF04208C
:10DAF000CDE900050326CDE9025669464846F6F70A
:10DB0000C9FF4FF4C260CDE9000669460294484659
:10DB1000F6F7C0FF0220CDE90006694602944046B0
:10DB2000F6F7B8FF0097CDE90154694640460394E3
:10DB3000F6F7B0FF4FF401400090CDE9015469467B
:10DB400048460394F6F7A6FFE80200904FF48810C9
:10DB5000CDE9010469464846F6F79CFF07B0BDE8E9
:10DB6000F08300003038024000080240000002400C
:10DB700000040240124810B5416B40F2E24001B986
:10DB80000146814200D901464FF4AA7041430D4835
:10DB9000814200D901460D480B4AC0E9002100210D
:10DBA00012148160C0E9031241618161C1610162A7
:10DBB000F7F778FA002801D0F5F732FF10BD000022
:10DBC000A8EC0420801A06000054004078A500202C
:10DBD000F0B5554893B00024016841F080510160D0
:10DBE000006800F080501290F7F72CFFF1F7EEF983
:10DBF00070B363204C4E109042F20F70303611908B
:10DC00003068494FC0F30120403F022802D03868F5
:10DC1000800303D411A910A8F1F72CFA14210AA843
:10DC2000E2F76AFE282168460F94E2F765FE306845
:10DC300000253F4E3D49316001041ED510F4407F60
:10DC40001BD000220AA93046F8F73AFD18B114E0BB
:10DC5000F7F7ECFE62E000220FA93548F8F70EFD59
:10DC600058B99DF83D00012806D19DF83E000128D5
:10DC700002D19DF83F0000B1012574601098B0609A
:10DC80001198C6E9030474612948B461F8F742FDAC
:10DC9000F0BB0126DDB98DF828408DF829408DF8BC
:10DCA0002A408DF83C608DF83D608DF83E600D9403
:10DCB0000E948DF83F4000220AA91D48F8F7C8FECF
:10DCC00030BB00220FA91A48F8F776FE00BB38686F
:10DCD000800301D500F02EF88DF800408DF801404A
:10DCE00004944FF480708DF80240019403940990DD
:10DCF0000594069407948DF82060002269460C482C
:10DD0000F8F78AFD20B94FF400700022694600E060
:10DD100004E009900648F8F77FFD08B1F5F780FEAA
:10DD2000F7F784FE13B0F0BD4038024000280040F1
:10DD3000CCA5002070B5AAB0F1F7CEF8002857D1D5
:10DD4000F6F79AFF0646142123A8E2F7D5FD002432
:10DD5000224623A927482894F8F7B2FC002228A9D4
:10DD60002448F8F78BFC342116A8E2F7C5FD0125FD
:10DD700028041C94CDE9165016A8F8F7CBF95821C1
:10DD80006846E2F7B9FD082000901B4809906846F4
:10DD9000F7F794FE194805601648F8F7B9FE1549DB
:10DDA0001748C1E900046320886042F20F70C1E99E
:10DDB00003044C6108468C61F8F7ACFC08B1F5F738
:10DDC0002FFEF6F759FF811B23A8F0F7EBFE002288
:10DDD00023A90848F1F76CFA08B1F5F721FE0022F3
:10DDE00028A90448F8F7E8FD002801D0F5F718FE47
:10DDF0002AB070BDCCA50020000318003C0E47429D
:10DE0000002800402DE9F047ACB06320299040F293
:10DE10003F102A900024142123A8E2F76DFD00256D
:10DE2000342116A82895E2F767FD58216846E2F7E5
:10DE300063FD47480068C0F3012002287DD04548B3
:10DE4000C07D08B9EFF7D4F82AA929A8F1F712F98B
:10DE5000F6F712FF414E8246DFF8FC90002223A91C
:10DE60003046C6F80090F8F72BFC88B9002228A9A4
:10DE70003046F8F703FC58B99DF8A100012806D1F7
:10DE80009DF8A200012802D19DF8A30000B1012451
:10DE900008274FF001081697CDE91B8516A8F8F75B
:10DEA00039F9B801099000976846F7F707FE2C4941
:10DEB000C1F80080C6E900952998B0602A98C6E9A3
:10DEC000030575612548B561F8F724FC08B1F5F73D
:10DED000A7FD6CB1F6F7D0FEA0EB0A0123A8F0F77E
:10DEE00061FE002223A91D48F8F7B2FD98B90CE0A5
:10DEF00006208DF8A0008DF8A1808DF8A2808DF805
:10DF0000A350239526952795EBE7002228A91348CF
:10DF1000F8F752FD08B1F5F783FD002C14D1114834
:10DF2000F3F76CFF1048B0F8981221F0800141F02F
:10DF30004001A0F898120D4800E005E0D0F8E0128A
:10DF400041F00101C0F8E0122CB0BDE8F0870000FC
:10DF5000703802400000002000280040CCA50020BE
:10DF60003C0E4742C8380020F0CE0420A8F404201C
:10DF70000E4810B50C4901604FF4827141600021D8
:10DF80008160C1604FF400720161C0E90512C16196
:10DF90000162416281620A21C162F8F7F1FD002845
:10DFA00001D0F5F73DFD10BD00300140ECA500208B
:10DFB0000F4810B50D4901604FF482714160002196
:10DFC0004FF40062C0E9021292100161C0E905122B
:10DFD000C1610162416281620A21C162F8F7D0FD2C
:10DFE000002801D0F5F71CFD10BD000000380040EE
:10DFF00044A600200E4810B50C4901604FF4827110
:10E00000416000218160C1604FF400720161C0E98C
:10E010000512C1610162416281620A21C162F8F7A1
:10E02000AFFD002801D0F5F7FBFC10BD003C00401F
:10E030009CA600200E4810B50C49016000214FF449
:10E040008062C0E901125200C0E90321012242614D
:10E05000016252024162826181620A21C162F8F763
:10E060008FFD002801D0F5F7DBFC10BD0034014026
:10E07000F4A6002030B595B000240F9410941194AC
:10E08000129413941C2108A81494E2F735FC202163
:10E090006846E2F731FC254D2348C5E900044FF4FA
:10E0A0009670C5E902402C616C612846AC61F9F7B5
:10E0B0002DF980BB4FF480500F900FA92846F9F737
:10E0C00044FB40BB2846F9F799FC20BB2020139065
:10E0D0008020149013A92846F9F7A2F8D8B9322065
:10E0E000CDE908400A940B940C940D94002208A9E1
:10E0F00028460E94F9F758FC68B900944FF4005084
:10E10000CDE904400294019403946946284607949B
:10E11000F9F75CF808B1F5F783FC2868C460286853
:10E12000046115B030BD0000000001404CA7002084
:10E1300010B592B000240C940D940E94142107A8ED
:10E140000F94E2F7D9FB10941C2168461194E2F772
:10E15000D3FB27484FF08041C0E9001440F22B1157
:10E16000C0E9024104618461F9F7D0F8C8BB4FF4FB
:10E1700080500C900CA91E48F9F7E7FA88BB1C48A0
:10E18000F9F7D0FC68BB0420CDE9070407A91848BB
:10E19000F9F79FFD28BB202010908020119010A936
:10E1A0001348F9F73DF8E0B9602000901420019081
:10E1B000022002900022694604940D48F9F74CFCB5
:10E1C00078B91E20CDE90104082269460848F9F70C
:10E1D00043FC30B90C22694605480194F9F73CFC30
:10E1E00008B1F5F71DFC0248F9F7B6FB12B010BDF7
:10E1F00094A7002010B58EB0142107A8E2F77CFB8D
:10E2000000240C941C2168460D94E2F775FB1B4812
:10E210001949C0E900144FF49671C0E90241046144
:10E220008461F9F773F818BB1448F9F7E7FBF8B9FC
:10E230000720CDE9070407A91048F9F74AFDB8B946
:10E240002020CDE90C040CA90C48F8F7E9FF78B9B7
:10E25000602000900120CDE901040394049405940A
:10E260000C22694605480694F9F7F6FB002801D010
:10E27000F5F7D6FB0EB010BD00080040DCA700206B
:10E2800010B588B014216846E2F736FB0024134825
:10E29000059411490694C0E900144FF49671C0E941
:10E2A0000241046144618461F9F730F878B90720CC
:10E2B000CDE9000469460948F9F70BFD38B9059422
:10E2C00005A906480694F8F7ABFF002801D0F5F73A
:10E2D000A7FB08B010BD00000004014024A80020E6
:10E2E00010B586B014216846E2F706FB0D480C49CC
:10E2F0000024C0E90014FF21C0E9024104618461E7
:10E30000F9F704F840B90720CDE90004694605484B
:10E31000F9F7DFFC002801D0F5F782FB06B010BD4D
:10E32000004001406CA800200C4810B50A4901606B
:10E330004FF496414160002181600C22C160C0E928
:10E3400004128161C161F9F741FD08B1F5F768FB7D
:10E350000248EBF791FF10BD0010014044A90020D6
:10E36000704770470B20E9F7EDFAF4F775F80920CC
:10E37000E9F7E8FAF4F770F8704700000148F8F799
:10E38000F7B80000CCA50020010901EB810100F0E5
:10E390000F0000EB4100C0B27047002102E00A38D4
:10E3A000C0B2491C0A28FAD2090740EA1160704736
:10E3B0002DE9F041054600680024C168490617D4DC
:10E3C000C16841F08001C160F6F756FC06464FF483
:10E3D0007A78042706E0F6F74FFC801B404501D908
:10E3E0006F7701242868C068400601D4002CF2D061
:10E3F0002046BDE8F08170B5044600680025C1687C
:10E4000021F08001C16020688068800606D4204623
:10E41000F8F77EFB10B1042060770125284670BD17
:10E4200070B50C460546E8F7BDFD6C632C68E06CE2
:10E430000068016821F001010160A06C00680168BA
:10E4400021F0010101602068016821F040010160B4
:10E450002068416821F0030141602846E8F7A2F9ED
:10E46000E16C37480968C860E16C206809680C30C5
:10E470008860E16C686B09684860E06C006801685E
:10E4800021F4A2610160A16C2D480968801CC8605C
:10E49000A16C206809680C308860A16C686B096801
:10E4A0004860A06C0068016821F4A26101602068E6
:10E4B000016821F0400101602068416841F00101DC
:10E4C0004160E06C0068016841F001010160A06CEE
:10E4D0000068016841F0010101602068416841F075
:10E4E000020141602068016841F040010160A06CB8
:10E4F000006841680029FCD121688868000601D5C0
:10E5000000BFFAE7086820F0400008602068416812
:10E5100021F003014160E06C0068016821F0010115
:10E520000160A06C0068016821F0010101602846CB
:10E53000E8F738F92068016841F04001016070BDDA
:10E540009879042010B50446E8F72CFDA06A4FF630
:10E55000FF71B0FBF1F2B0FBF1F301FB130101B16C
:10E5600001211144B0FBF1F060630020E0622168FA
:10E57000C86C0068026822F001020260886C0068C2
:10E58000026822F0010202600868426822F0030279
:10E590004260CA6CA06B1268D060CA6C606B126873
:10E5A0005060C86C0068026822F484720260C86C13
:10E5B0000068026842F4826202608A6C164812683F
:10E5C000D0608A6C606B12685060886C006802686A
:10E5D00022F4A36202600868426842F001024260CD
:10E5E000C86C0068026842F001020260886C006832
:10E5F000026842F0010202600868426842F00202CA
:10E600004260207940F0040020710868016841F000
:10E610004001016010BD0000947904200168CA6CBB
:10E620001268136823F0010313608A6C1268136880
:10E6300023F0010313600A68536823F00303536057
:10E64000C36A826B1A44CB6C1B68DA60CB6C426B7A
:10E650001B685A60CA6C1268136823F484731360D1
:10E66000CA6C1268136843F4826313608B6C426B4C
:10E670001B685A608A6C1268136823F4A3631360E2
:10E680000A68536843F001035360CA6C1268136848
:10E6900043F0010313608A6C1268136843F00103AE
:10E6A00013600A68536843F002035360027942F032
:10E6B000040202710868016841F04001016070477E
:10E6C0000549096801600449091D0968416002495A
:10E6D0000831096881607047107AFF1F18B5174A22
:10E6E000FF241068400603D4106840F0400010601A
:10E6F00042F21071084600E000BF93689B0701D406
:10E70000401EF9D29068C0070AD0D0688DF800008A
:10E710009068C00702D0D0688DF800009DF8000016
:10E72000147300E000BF9068C00701D1491EF9D200
:10E730009068C00701D0D068C0B218BD0030014059
:10E74000F8B515460E460B460092044601220221FA
:10E7500000F04CF8A0B9134813490068B0FBF1F081
:10E760004FF47A71484300906068B0F5827F0DD114
:10E770003346002280212046009500F037F870B122
:10E78000606D40F0200060650320F8BD009830B156
:10E79000401E009020688068C0430006F6D5002027
:10E7A000F8BD0000C874042000366E0108B5026888
:10E7B00010688368DB439B0714D401730020126840
:10E7C00006E0401C642803DD11736FF0010008BDF2
:10E7D0009368DB43DB07F4D1107B8DF800009DF8D4
:10E7E000000008BD4FF0FF3008BD00002DE9F843E0
:10E7F0001E46914688460446089DF6F73DFA401BA2
:10E80000351AF6F739FA074626480068C0F3CB30C8
:10E8100068430AE0701C09D0F6F72EFAC01BA84224
:10E820000FD275B10098B8B3401E0090206881687F
:10E8300038EA010033D000204845EBD10020BDE884
:10E84000F8832068416821F0E00141606068B0F51C
:10E85000827F0BD1A068B0F5004F02D0B0F5806F79
:10E8600004D12068016821F040010160A06AB0F580
:10E87000005F09D12068016821F40051016020681F
:10E88000016841F400510160012084F8510000202A
:10E8900084F850000320D2E7FFE70025C6E70120F7
:10E8A000CAE70000C874042070470000F8B50500EE
:10E8B0002DD00020287021480068010427D510F4CD
:10E8C000407F24D01D483038016841F080510160FC
:10E8D000006800F080500090F7F7B4F81221184853
:10E8E000F7F7DEFD064613211548F7F7D9FD044674
:10E8F000F7F79CF81348864201D1022C09D0114841
:10E90000401E864203D1012C14D0022C12D00020CC
:10E91000F8BDF7F797F8002212210948F7F7C5FD6F
:10E92000002213210648F7F7C0FDF7F77FF8022011
:10E93000287000E02C700120F8BD00007038024003
:10E94000CCA50020A220E30C194808B5016841F4C9
:10E9500080410160006800F4804000901548016823
:10E9600021F470410160001D016821F00F01016078
:10E970001148016841F4C05101600F480830016836
:10E9800041F4C0510160001D016841F4C0510160B3
:10E9900009494FF4C0501431086000220621282094
:10E9A000F7F706F8BDE808402820F6F7F3BF0000A7
:10E9B0004438024010380140003C0140054810B581
:10E9C000006810B10348F5F719FCBDE81040FEF7E8
:10E9D00025BF000030A50020054810B5006810B123
:10E9E0000348F9F7D8F9BDE81040FFF79DBC0000D7
:10E9F00044A90020FEF78ABF00B585B04FF400603F
:10EA0000009002200021CDE9010103900120049033
:10EA100069460348F6F73EF805B0002000BD000047
:10EA200000000240054810B5006810B10348F6F731
:10EA300078F9BDE81040FFF79DB8000078A50020E8
:10EA40000A4810B5006810B10848F8F782F807487E
:10EA5000B030006818B10548B030F8F77AF8FFF721
:10EA6000A7FABDE81040FFF7E5BA000044A6002071
:10EA7000094810B5B0F89802012804D000F0BAFD9A
:10EA800018B1F4F7CDFFFFF7F5FAFFF751FBBDE83A
:10EA90001040FFF725BC00002836002010B50446C2
:10EAA000F1F7A8FB044901222046A1F8982200F0C2
:10EAB00005F8002010BD0000283600200A4910B5D6
:10EAC000084888639030F9F766F906489030F9F7FE
:10EAD000AFF900F065F8FFF7CDFA00F0C5F80020B7
:10EAE00010BD0000FCA8002058E1042010B5044629
:10EAF000F1F780FB044902222046A1F8982200F099
:10EB000005F8002010BD00002836002000B587B0B1
:10EB100014216846E1F7F0FE1649154888639038DD
:10EB2000F9F739F912489038F9F782F900F038F816
:10EB30001148016841F0010101600068032100F003
:10EB4000010005904FF480500090022001900120B8
:10EB5000CDE90201049069460848F5F79BFF00F0F3
:10EB600049FD002801D04FF0FF3007B000BD000084
:10EB70008CA9002058E104203038024000000240F7
:10EB800010B5F9F7EDFB0548006810B10348F7F739
:10EB9000E0FFBDE81040FFF7EBB90000ECA5002056
:10EBA0002DE9F0410F20F6F7E4FE4520F6F7E1FEEF
:10EBB0003420F6F7DEFE4720F6F7DBFE2448D0F8D7
:10EBC000341229B1D0F8300210B12248EDF76EFEB0
:10EBD0002148224C0025806B0C274FF4E136A042DF
:10EBE00016D1206810B12046F9F7D5F81C482060EE
:10EBF000C4E90165E560C4E90457A5611748E5610A
:10EC0000F6F74CF8D0B94720F6F7C4FE45201BE0D4
:10EC1000124C903C206810B12046F9F7BCF811481E
:10EC20002060C4E90165E560C4E90457C013C4E984
:10EC300006500A489038F6F731F808B1F4F7F0FEBC
:10EC40003420F6F7A7FE0F20BDE8F041F6F7A2BE8C
:10EC5000283600202806002058E104208CA9002036
:10EC600000140140004C004070B586B01421684685
:10EC7000E1F742FE0E480025016841F00101016004
:10EC800000680C4E00F001004FF4006405902A4625
:10EC900021463046F5F7EBFF01200094CDE9010550
:10ECA000694630460395F5F7F5FE06B070BD0000E5
:10ECB0003038024000000240002000F003B801207C
:10ECC000AFF300802DE9F14F4FF0000A86B06148A4
:10ECD000CDF808A0CDF800A001685246D1465746AD
:10ECE00056465446534641F0010101600068DFF882
:10ECF000688100F001000190D8F800100491D8F864
:10ED00000C100391049921F07071C8F80010039958
:10ED100021F0707141F0A071C8F80C10BFF34F8F53
:10ED20004E48DFF83CC1C8210068B0FBFCF54D43FC
:10ED30004FF47A718D4200D20D464A49B0FBF1FE84
:10ED4000BEF1100F01D24FF0100ED8F81000C0F332
:10ED5000003B45480068C00105D544480068C0072D
:10ED600001D0012000E00020019029014FF4006053
:10ED7000814201D2014602E0614500D961463B482B
:10ED8000406805903DE0019840B13848D0F804C093
:10ED90000598ACEB0000A84237D204E02046641C82
:10EDA000B0F5806F31D2DFF8B0C0DCF81000DCF8CD
:10EDB00010C0C0F30030CCF3C02CBCF1000F00D069
:10EDC0007F1C70B3521C58451BD0DDF804C0BCF149
:10EDD000000F15D0DFF894C0DCF804B0DDF800C0F7
:10EDE000BCF1000F06D0DDF80880ABEB0808F04559
:10EDF00000D8761C4FF0010CCDF800C0CDF808B05B
:10EE0000834618465B1C8842BDD313480399C160F2
:10EE100004990160BFF34F8FB9F1100F0BD34AB1C2
:10EE200009E0FFE70AF1010ABCF1000FCBD109F1BB
:10EE30000109C8E75FB1069818B1BAF1100F00D305
:10EE40000AB1042E03D3012007B0BDE8F08F0020E3
:10EE5000FAE700003038024000000240C874042085
:10EE600040420F0090D00300FCED00E0001000E0F5
:10EE700010B5F6F707FDBDE810400420F2F752BACE
:10EE800030B593B034216846E1F736FD14210DA862
:10EE9000E1F732FD1B480024016841F08051016018
:10EEA000006800F0805012901748016821F440413A
:10EEB00041F4804101600068012500F44040129057
:10EEC000032000904FF4803003950190ECF70EF88A
:10EED000049006946846F7F71DF950B90F20CDE964
:10EEE0000E540D90109400210DA81194F6F790FF88
:10EEF00008B1F4F795FDECF735F8EEF779F813B0B3
:10EF000030BD00004038024000700040012100F098
:10EF100001B800002DE9F34F93B00446149808B1EE
:10EF200000F06EF90021012000F0AAF84F484FF0E0
:10EF3000020A4FF0010B01684FF4804756464FF428
:10EF4000805921F4807101604FF44041072C60D258
:10EF5000DFE804F0040A10161B2025004FF0000B18
:10EF60000C2560245E4602E00F25502404E04FF09B
:10EF700000091CE00F2570244FF0040A0126F6E773
:10EF80000F25A0244FF0040A11E00F2560244FF450
:10EF900000470CE00C2564240F46032607E00F46CB
:10EFA0000C2564240168032641F48071016034213A
:10EFB0006846E1F7A1FC14210DA8E1F79DFC2C485F
:10EFC000016841F080510160006800F080501290AB
:10EFD0002848016821F440413943016000684FF03E
:10EFE000010800F4404012904FF48030CDE90080D9
:10EFF00081010F270220BBF1000F10D006AA804626
:10F0000082E823000421CDE90B10CDE9094A6846C6
:10F010000FE00C256024BFE7F4F702FD0DE0CDE919
:10F0200006810C2108916021CDE909100B900C900C
:10F030006846F7F76FF80028EED10020CDE90E8082
:10F04000CDE910900D9731460DA8F6F7E1FE08B115
:10F05000F4F7E6FCFEF76EFEE8F71EFC14980028B5
:10F0600001D000F097F815B0BDE8F08F003C0240E9
:10F070004038024000700040012100F001B800005B
:10F08000F0B5B5B00D46060004D1EFF7EBFF08B1BF
:10F09000EDF7AEFF0DB100F0B3F8342116A8E1F79B
:10F0A0002BFC142130A8E1F727FC37480024016825
:10F0B00041F080510160006800F0805000903348BA
:10F0C000016821F4404141F480410160006801275A
:10F0D00000F440400090022016902D481997806F50
:10F0E0001A901C9416A8F7F715F808B1F4F798FCD5
:10F0F0000F20CDE930044FF48050CDE9324000219B
:10F1000030A83494F6F784FE08B1F4F789FC342172
:10F110006846E1F7F1FB684606970094F6F7FAFFB8
:10F1200008B1F4F77DFC06BBEFF79CFFE8B1FEF7F2
:10F1300069FE342123A8E1F7DFFBCDE9237423A87E
:10F140002897F6F7E7FF08B1F4F76AFC58216846FC
:10F15000E1F7D2FB08200090800109906846F6F79D
:10F16000ADFC48B1F4F75CFC06E0074840380068A5
:10F17000800301D5FEF7DEFDE8F78EFB002D01D000
:10F1800000F008F835B0F0BD403802400070004093
:10F1900000000020164808B5B0F8B002C0061BD524
:10F1A0001448EBF769F8144991F82B0000281DD09A
:10F1B00012480268009242680092C26842F400520B
:10F1C000C260C26842F02002C260002081F82B00B9
:10F1D000BDE80840E4F744B8FFF70CFC0020E7F76F
:10F1E000FFF9BDE808400348EBF746B808BD00004A
:10F1F000F0CE042044A900200000002000100140AF
:10F20000144810B5B0F8B002C0061ED5E4F728F8CF
:10F2100000211148E3F7D8FF104948B1002081F8D8
:10F220002B0001220221BDE810400620ECF74CB86B
:10F230000B48C26822F40052C260BFF34F8FBFF385
:10F240006F8F012081F82B0010BDBDE81040E7F75B
:10F25000B9B90000F0CE0420F09E04200000002088
:10F260000010014070B5194D2868194B194910F06C
:10F270000C0004D0184E042803D0082803D00B60DB
:10F280001BE00E6019E0114A121F1068C0F3805491
:10F29000106800F03F0014B1B6FBF0F001E0B3FBE2
:10F2A000F0F013681268C3F388135843C2F30142A5
:10F2B000521C5200B0FBF2F008602868074AC0F305
:10F2C0000310105C0A68C2400A6070BD0838024032
:10F2D0000024F400C874042000366E01645404084D
:10F2E0000248016841F470010160704788ED00E058
:10F2F0002DE9F05FAD480169C9070DD0016921F022
:10F3000001010161AA480078AA4EDFF8AC8200250D
:10F3100020B1A8F800503580BDE8F09FA84FA74C59
:10F3200097F840014FEA801C6068A1686144A160C1
:10F33000A168814206D3A168A268B1FBF0F101FB8C
:10F340001020A060A16AE06A11EB0C016841A16283
:10F35000E062002004EB8001183151E8002F624484
:10F3600041E80023002BF8D1401C0328F2DB95482C
:10F3700041F66A03954A816D491C81659249488826
:10F38000401C80B24880984203D34D80012082F80F
:10F3900010038F48836B80681C183868F0B3002016
:10F3A000824692F80E0302EB4003B3F80893401C28
:10F3B000C0B2032800D30020934682F80E037E4893
:10F3C0003388A84602881A43028082483580BAF101
:10F3D000000FC38942EA03432360028A438A42EA58
:10F3E000034262607ED07549002604F108078869EF
:10F3F0003546402825D3C868896B0E187649896B35
:10F400000D186E4940234A68C8684030904203D3C3
:10F41000B0FBF2FC0CFB1200C86000E00FE00A6BCE
:10F42000486B403240F100000A634863183151E8EC
:10F43000000FC01A41E80002002AF8D105E00120BF
:10F44000AEE700215D4802F097FD644B00201A5C96
:10F45000FF2A0DD066B15DB102F01F01202A03D250
:10F46000A1F1010101F01F0105D236F9111007E0E9
:10F4700027F8108006E035F811104FEA410109B273
:10F4800027F8101000F101000828E0D3BAF1000FAE
:10F4900003D0A4F81890A4F81A80DBF8F802A0832F
:10F4A000000CE0834A482024416882682032826050
:10F4B00082688A4206D382688368B2FBF1F202FB5B
:10F4C00011318160816AC26A2023CB18454642F11E
:10F4D00000018362C162002100EB8102183252E810
:10F4E000003F00E01BE0234442E80036002EF6D146
:10F4F000491C0329F0DB3A4A2F4811880388194335
:10F50000118005800120F1F70DFFECF7F1FB0028D9
:10F510003FF402AFBDE8F05F0520F1F703BF314DC6
:10F52000314ADFED320A95ED000A10EE103A9342AF
:10F5300001DDB0EE600A10EE103A4FF047469FED45
:10F540002C1AB34201D9B0EE410ABDEEC00A10EE4A
:10F55000103A95ED010A10EE105A1BB2954201DDEA
:10F56000B0EE600A10EE102AB24201D9B0EE410AA4
:10F5700005894689BDEEC00A45EA0645A56086892B
:10F58000058810EE102A46EA0545E5604588808822
:10F5900045EA004525618888461C8E8049EA00407E
:10F5A000606198B240EA0240A06176E70040014005
:10F5B00011000020440000204000002068EB0420DF
:10F5C000A8EC0420B0020020887B0420A8F40420CA
:10F5D00028EC042050EB0420A8EB0420300100208C
:10F5E00042000020A07B042000FEFF4600FEFF46F4
:10F5F000000000C770B58CB014216846E1F77CF9B3
:10F6000000242448059406940794089409940A94C5
:10F61000016841F0010101600068012600F001006D
:10F620000B904FF4805000900220CDE9010603209A
:10F63000CDE9030669461848F5F72CFA184D174826
:10F64000C5E90004C5E902462C616C612846AC613D
:10F65000F7F75CFE661E98B94FF40050CDE905043B
:10F66000079405A928460894F8F76FF840B92020B8
:10F67000099080200A9009A92846F7F7D1FD10B11A
:10F6800030460CB070BD2868C46028680461002052
:10F69000F7E700003038024000000240000001405F
:10F6A0004CA700200148F8F7BFB8000094A700203D
:10F6B00002496FF00100086170470000002000401F
:10F6C000F0B50268274D284E284FDFF8A4C0294B1B
:10F6D0004FF0804EA84209D0704507D0B04205D007
:10F6E000B84203D0604501D0984203D122F07004A3
:10F6F0004A682243A8421BD0704519D0B04217D0A7
:10F70000B84215D0604513D0984211D01A4CA0428F
:10F710000ED01A4CA0420BD0194CA04208D0194C64
:10F72000A04205D0184CA04202D0184CA04203D1F0
:10F7300022F44074CA6822434C6922F080022243BA
:10F740008C68C4620C688462A84201D0984201D1DE
:10F7500009690163016841F004010160012141610F
:10F760000260F0BD000001400004004000080040BD
:10F77000000C0040000401400040014000440140F2
:10F780000048014000180040001C004000200040DC
:10F7900010B501F01F010123046A8B409C430462F1
:10F7A000036A8A401343036210BD10B5846842EABD
:10F7B000032224F47F440A432243826010BD8268FE
:10F7C00022F070020A4342F0070181607047000096
:10F7D000F0B5026A036A23F0010303624368846997
:10F7E000114E24F073050C68104F2C4322F00205D3
:10F7F0008A682A43B04201D0B84205D122F00805F8
:10F80000CA682A4322F00402B04201D0B84205D1AE
:10F810004D6923F440731D438B692B43436084611E
:10F82000496841630262F0BD0000014000040140EC
:10F83000F0B5026A036A23F0100303624368846927
:10F840000D6824F4E64444EA05248D6822F0200281
:10F8500042EA05120F4D104EA84201D0B04206D127
:10F86000CF6822F0800242EA071222F04002A8424A
:10F8700001D0B04207D14D6923F4406343EA8503C8
:10F880008D6943EA8503436084614968816302624C
:10F89000F0BD00000000014000040140F0B5026A24
:10F8A000036A23F4807303624368C46922F400721C
:10F8B00024F073050C68124E2C438D6842EA052231
:10F8C0000E4DA84201D0B04206D1CF6822F40062AA
:10F8D00042EA072222F48062A84201D0B04207D156
:10F8E0004D6923F4405343EA05138D6943EA051338
:10F8F0004360C4614968C1630262F0BD0000014019
:10F900000004014030B5036A026A22F480520262A8
:10F910004268C4690D6824F4E64444EA05248D680D
:10F9200023F4005343EA0533084DA84202D0084DA2
:10F93000A84204D14D6922F4804242EA8512426015
:10F94000C46149680164036230BD000000000140E9
:10F950000004014070B50268002493684D6823F0EC
:10F9600070031D430B6825F007052B4393604A681D
:10F9700012F00F0F31D11211082A2ED2DFE802F057
:10F980002E2E2E2E0B2127040B69D1E902210068AF
:10F99000FFF70BFF22E00A68052A10D00268156AFB
:10F9A000136A23F00103136202689369096923F063
:10F9B000F00343EA01119161006805620EE0012045
:10F9C00070BD0A698968006800F00AF806E00A69F3
:10F9D0008968006800F015F800E00124204670BD39
:10F9E00010B5046A036A23F001030362836923F0FC
:10F9F000F00343EA021324F00A020A43836102621D
:10FA000010BD10B5036A046A24F01004046284690E
:10FA100023F0A00324F4704444EA023243EA0111C3
:10FA20008261016210BD00000A4810B5016821F032
:10FA3000200101600848ECF7B7FAEDF73DF820B176
:10FA40000648E7F73BFDF2F707FDBDE8104002204E
:10FA5000F1F768BC68EB04202806002034525349B3
:10FA600001680C3151E8002F22F4907241E8002324
:10FA7000002BF5D10168143151E8002F22F001026A
:10FA800041E80023002BF5D1016B012909D1016860
:10FA90000C3151E8002F22F0100241E80023002B26
:10FAA000F5D1202180F842100021016370470168E0
:10FAB0000C3151E8002F22F0C00241E80023002B56
:10FAC000F5D1202180F841107047000070B5044640
:10FAD00000680169E26821F4405111430161A168A5
:10FAE0002069E26901436069104301432068C268EC
:10FAF00049F20C639A430A43C26020684169A269D3
:10FB000021F440711143416134492068884208D092
:10FB10003349884205D03349884202D0324988426D
:10FB200002D1F6F7B5FA01E0F6F7A2FAE26900238E
:10FB3000192164253226B2F5004F626828D0A0FB57
:10FB40000101930F9200E0F71DFC0146B0FBF5F0B8
:10FB50006FF01802504301EB800006EB0010B0FB81
:10FB6000F5F000F0F002B1FBF5F002EB0012B1FB92
:10FB7000F5F06FF01803584301EB800006EB00101E
:10FB8000B0FBF5F000F00F0021681044886070BDF4
:10FB9000A0FB010192185B41E0F7F4FB0146B0FBCA
:10FBA000F5F00201B1FBF5F06FF01803584301EBDB
:10FBB000800006EBC000B0FBF5F000F0F80002EBAF
:10FBC0004002B1FBF5F0584301EB800006EBC000AA
:10FBD000B0FBF5F000F00700D6E700000010014090
:10FBE0000014014000180140001C014010B5F6F758
:10FBF000A9FF1B48016821F0200101604FF48041FA
:10FC00001848F5F727F80028174809D0EAF70AFA44
:10FC1000ECF752FF58B11548E7F750FCF2F71CFC1F
:10FC2000EAF772F9BDE810400F48EAF7E5BA104864
:10FC3000D0F83812C9030CD4D0F83012C9680906BC
:10FC40000CD5D0F8340220B1806B10B100680028C8
:10FC500004D1BDE810400448ECF78CBC10BD000096
:10FC600068EB042000080240F09E042042525349F1
:10FC7000F0CE04200D4810B5016821F0200101608C
:10FC80000B48ECF791F9ECF717FF20B10948E7F7BB
:10FC900015FCF2F7E1FB0848016841F02001016022
:10FCA000BDE810400220F1F73DBB000068EB0420E6
:10FCB00028060020365253490C14014041F480714B
:10FCC00041F2210240004900CB0500D5401CC3038E
:10FCD00000D55040CB03F5D580B270470D20E7F733
:10FCE00031FEF2F7B9FB000070B50546E7F76EF993
:10FCF000686AB0F5803F01D34FF6FF7028632C6827
:10FD0000E06C0068016821F001010160A06C0068EE
:10FD1000016821F0010101602068016821F04001C3
:10FD200001602068416821F0030141602846E6F740
:10FD300039FDE16C25480968C860E16C20680968F4
:10FD40000C308860E16C286B09684860E06C0068E2
:10FD5000016821F4A2610160A16CE86B0968C860C8
:10FD6000A16C206809680C308860A16C286B096858
:10FD70004860A06C0068016841F482610160A06C79
:10FD80000068016821F4807101602068016821F039
:10FD9000400101602068416841F001014160E06C70
:10FDA0000068016841F001010160A06C0068016811
:10FDB00041F0010101602068416841F002014160A9
:10FDC0002068016841F04001016070BD9C79042009
:10FDD0002DE9F04105462DED068B94B000201C4620
:10FDE0009FED2F8A9FED2F9B1646F0EE488A1880D4
:10FDF0000746B3EE04AAE846780003F088F953EC0E
:10FE0000192B03F031FA02F05BFE00EE900A80EE4F
:10FE10008A0A10EE100A03F07BFD41EC100B01F092
:10FE2000C7F951EC100B02F04BFE48F827007F1C7D
:10FE3000C446142FE0DB0020B0EE481A1422B0EEC6
:10FE4000418A00210B1893FBF2F702FB17330CEBEE
:10FE5000830393ED000A05EB8103491CD3ED000AEF
:10FE6000142900EE808AEDDBF2EE040A88EE200A07
:10FE7000F4EEC08AF1EE10FA09D24FF4B4714143A6
:10FE800091FBF2F186ED000AF0EE408A2180401CE1
:10FE90001428D4DB14B0BDEC068BBDE8F081000063
:10FEA0000000000044174154FB21094003B40198AD
:10FEB0004100009850EAC12018BF04204A0D18BF25
:10FEC00040F0010040F2FF72B2EB515F08BF40F01A
:10FED0000200012808BF052002B07047002809DB96
:10FEE00000F01F02012191404009800000F1E02054
:10FEF000C0F880127047002809DB00F01F020121C2
:10FF000091404009800000F1E020C0F88012704765
:10FF10000907090E002804DB00F1E02080F8001436
:10FF2000704700F00F0000F1E02080F8141D7047CA
:10FF3000BFF34F8F05480168054A01F4E0611143A2
:10FF40000160BFF34F8F00BFFDE700000CED00E044
:10FF50000400FA05BFF34F8F05480168054A01F414
:10FF6000E06111430160BFF34F8F00BFFDE7000068
:10FF70000CED00E00400FA0570B59B482DED020B76
:10FF80002DED068B079D25F00044A04218DC974814
:10FF9000844202DC0AD1069840B19DED060BBDEC0F
:10FFA000068B02B0BDE8704001F0A6BD002DCCBFAD
:10FFB0009FED8F0B9FED900BBDEC068B02B070BDDB
:10FFC0008F48A04215DD8F48A042D8BF4FF0FF34C4
:10FFD00058DD9DED060B51EC100BFFF767FF042871
:10FFE00008BF01F0BDFD9DED060BBDEC068B02B018
:10FFF00070BD9DED060B51EC100B02F039F8CDE908
:020000040804EE
:10000000060181489FED828BA0423CDD8248A042E0
:100010001FDD00249FED82AB9DED060B53EC1A2BE8
:1000200051EC100B02F07EFD9DED060B41EC190B1F
:1000300053EC1A2B51EC100B03F016F953EC182B60
:1000400003F078FB53EC192B02F028FECDE90601F2
:1000500049E09DED060B012453EC182B51EC100BDD
:1000600002F060FD9DED060B41EC190B53EC182BD3
:1000700051EC100B03F05EFB53EC192B02F00EFE5B
:10008000CDE906012FE06848A0421FDD02249FED64
:10009000689B9DED060B53EC192B51EC100B03F0F4
:1000A000E3F853EC182B02F03DFD9DED060B41ECFF
:1000B000180B53EC192B51EC100B03F03BFB53ECDA
:1000C000182B02F0EBFDCDE906010CE09DED060BCF
:1000D000032453EC102B9FED580B51EC100B02F046
:1000E000DDFDCDE906019DED060B53EC102B51EC27
:1000F000100B03F0B9F841EC180B53EC182B03F07C
:10010000B3F841EC190B4E480621B0EE490AF0EE67
:10011000690A784401F0C4FB53EC182B51EC100B26
:1001200003F0A2F841EC180B4648B0EE490AF0EE95
:10013000690A0521784401F0B3FB53EC192B51EC0B
:10014000100B03F091F841EC100B51EC180B53EC31
:10015000102B002C0EDA02F0E5FC9DED061B53EC93
:10016000112B03F081F89DED061B53EC112B03F0CE
:1001700009FA35E002F0D6FC9DED061B53EC112B7D
:1001800003F072F841EC100B2F48784400EBC400E8
:1001900090ED001B51EC100B53EC112B03F0CAFA3D
:1001A0009DED061B53EC112B03F0C4FA41EC100B30
:1001B0002648784400EBC40090ED001B51EC100B76
:1001C00053EC112B03F0DEF941EC100B002DA2BF14
:1001D000BDEC068B02B070BD51EC100B02F064FC5C
:1001E00041EC100B01E70000000010440000F07F1C
:1001F000182D4454FB21F93F182D4454FB21F9BF1D
:100200000000DC3F0000203E0000F33F0000000043
:10021000000000000000F03F0000E63F000000008A
:1002200000000000000000400080034000000000CB
:10023000000000000000F83F000000000000F0BFD8
:100240005A540000105400009A530000525300000A
:1002500070B56F4E2DED040B2DED048B82B0DDF8E3
:1002600024C0DDE907235C422CF000411C4341EA35
:10027000D474069D22F00040B44205D86C422C4351
:1002800040EAD474B4420BD99DED081B9DED060BDA
:1002900002B0BDEC048B04B0BDE8704001F036BC88
:1002A000ACF14054A4F17F641C430BD0022404EA57
:1002B000AC7444EAD27405439FED578B9FED582BE5
:1002C00007D015E09DED060B51EC100B01F05FFC23
:1002D00042E0002C11BF012C9DED060B02B0BDECDD
:1002E000048B04BF04B070BD022C38D0032C3BD06B
:1002F0000B439FED4D1B9FED4E0B0AD0B14218D121
:10030000B04209D121F0804120F08040099107904E
:100310000FE0002A15DA10E0474B7B44002C08BFA1
:1003200093ED000B0DD0012C10D0022C17D0032C14
:100330001AD0B0421DD1002A03DAB0EE410AF0EE25
:10034000610A02B0BDEC048B04B070BD93ED000BEC
:1003500051EC100B02F0A8FB41EC100BF1E7B0EEF2
:10036000480AF0EE680AECE7B0EE420AF0EE620AE4
:10037000E7E7401A00159FED329B3C28C8BF8DED82
:10038000000B17DCBCF1000FBCBF10F13C0F8DED72
:10039000009B0FDB9DED080B53EC102B9DED060B26
:1003A00051EC100B02F07AFC01F062FE01F0EFFB61
:1003B000CDE90001B4B1012C10D0022C9FED220B2D
:1003C00053EC102B9DED000B51EC100B19D003F0EA
:1003D000B1F953EC182B03F0ADF9BDE7019880F0AB
:1003E000004001909DED000B53EC192B51EC100BCC
:1003F00002F0B0FD04BF0220E0F7ADFA9DED000B66
:100400009FE703F097F953EC182B03F0BBF8A3E731
:100410000000F07F00000000182D4454FB2109402B
:10042000182D4454FB2109C0182D4454FB21F9BF59
:10043000182D4454FB21F93FB25200000000000087
:100440000000000000000000075C143326A6A13C59
:1004500010B52DED020B2DED088B9DED080B51EC29
:10046000100B03F035F841EC180B9DED080B53EC25
:10047000182B51EC100B03F05DF941EC190B0998A6
:100480009FED2D0B10F0004F53EC102B51EC190B7E
:100490009FED25AB9FED26BB0DD002F0A9FE0DD937
:1004A00053EC1B2B51EC190B02F0DCFF1BD213E0B9
:1004B00041EC180B17E002F09BFE06D253EC1A2B0E
:1004C00051EC180B03F036F9F2E753EC1B2B51EC0F
:1004D000190B02F0C7FF06D853EC1A2B51EC180B7E
:1004E00002F020FBE4E79FED160B51EC180B53ECE8
:1004F000102B02F0B7FF08D351EC180B9FED120B35
:1005000053EC102B02F074FE02D20120E0F723FA24
:1005100051EC180BBDEC088B02B0BDE8104002F0A6
:1005200085BD000000000000000000000000F03F5A
:10053000000000000000E03F000000000000E0BFFD
:100540000000C0FFFFFFDF41000000000000E0C12D
:100550002DE9F04D2DED040B2DED0E8B94B0DDE962
:100560002350259CDDF888A025F0004624F00048A3
:10057000BAF1000F14BF0121002101EB4502FC4933
:1005800053184A1093422AD3002814BF0123002392
:1005900003EB44030B44F7498B4220D358EA000194
:1005A0009FEDF5AB76D0DFF8D8B35D4503D1BAF156
:1005B000000F05D188E0BAF1000F08BF002100D07C
:1005C000012101EB450111F5001F08D8002814BFD7
:1005D0000121002101EB440111F5001F0BD99DED14
:1005E000241B9DED220B14B0BDEC0E8B04B0BDE8B6
:1005F000F04D01F08BBA0027002DBCBFE1498845C2
:1006000021DAE1498845A8BF02271CDAC3451ADC74
:10061000DE4901EB2851142908DDC1F1340220FA2A
:1006200002F101FA02F282420DD108E058B9C1F19B
:10063000140228FA02F101FA02F2424503D101F054
:100640000101C1F1020756EA0A0124D1002C22DA85
:10065000002D18BF022F01D0012F0AD00220E0F791
:100660007AF914B0BDEC0E8B04B0BDE8F04D01F08A
:100670002BBA0220E0F76FF901F026FA51EC100BCB
:1006800002F012FA41EC100B14B0BDEC0E8B04B06A
:10069000BDE8F08D18E09FEDBE9B9FEDBF8B00285D
:1006A00071D1B848804522D105F1804010F5801005
:1006B00008BFBAF1000F07D0B3450ADC002CA8BF71
:1006C0009DED240BE0DA0DE0B0EE4A0AF0EE6A0A86
:1006D000DAE7002C06DA9DED240B51EC100B02F04A
:1006E000E3F96FE0AE48784490ED000BCCE7D845D5
:1006F0004DD1002C48DA2EB186423AD1BAF1000F22
:1007000042D126E0BAF1000F13D00220E0F723F91E
:1007100001F016FA8DED020B9DED220B8DED000B15
:1007200010EE900A039961F31E0003909DED020BF9
:10073000AAE78DED029B9DED220B19EE901A10EEAB
:10074000900A8DED000B61F31E0003909DED020BEE
:100750009AE78DED028B9DED220B18EE901A10EEAC
:10076000900A8DED000B61F31E0003909DED020BCE
:100770008AE709DA9DED220B51EC1A0B53EC102B92
:1007800002F08CFA1EE020E09DED220B7CE7864211
:100790001BDAB4F1804F0DD0A4F10050B0F1FF503E
:1007A00013D1002D11DB9DED220B51EC100B02F04B
:1007B000C1F807E09DED220B53EC102B51EC100B10
:1007C00000F0CABC41EC100B5EE79DED220B51EC32
:1007D000100B01F04DFCBAF1000FCDE90A0142D136
:1007E0009FED710B46B3A6F1E040B0F17F600CD0F5
:1007F0005E4538D1002D00DAA7B3022F0CBF0120CF
:100800004FF0FF3002F083FCDCE7002D01DD002C0F
:100810000DDA002D01DD002C1FDB002D16DA002C77
:1008200014DB012F08BF9FED620B3FF42DAFB0EE3C
:10083000490AF0EE690A27E7022F18BF002D0CD0F5
:10084000012F0AD1002DFFF61FAF06E0002DB8BF23
:10085000002C08DA012F3FF417AFB0EE480AF0EE93
:10086000680A11E71BE0012000EBE57050EA070180
:1008700015D0791EB0EE4A8AF0EE6A8A084308BFA6
:100880009FED4D8B4E480025804570DD4D494E480B
:10089000884514DDB0420DDB002C19DB2FE0012070
:1008A000E0F759F814B0BDEC0E8B04B0BDE8F04D84
:1008B00001F036B9B34502DC002C09DC1FE08642AA
:1008C00002DA002C1BDA03E05E452BDD002C16DD7E
:1008D0000220E0F740F801F033F98DED020B53EC04
:1008E000192B51EC180B02F0BFFCCDE90001039964
:1008F000019861F31E0003909DED020BC4E60220F7
:10090000E0F729F801F02CF910EE901A18EE900A91
:100910008DED020B8DED008B61F31E0003909DEDBC
:10092000020BB1E69DED0A0B53EC1A2B51EC100BA8
:1009300002F000FF9FED260BCDE90A0153EC102BCE
:100940009DED0A0B51EC100B02F08EFC9FED221B6B
:1009500053EC112B02F016FE9DED0A1B53EC112BEC
:1009600002F082FC9FED1E1B53EC112B3CE08CE04F
:10097000FFFF1F00FFFF0F00000000000000F03F1E
:100980000000F03F0000F07F0000404301FCFFFF4B
:10099000000000000000F07F0000000000000000E8
:1009A000E64E000000000000000000000000008093
:1009B000000000000000F0FF000000000000F0BF99
:1009C0000000E0410000F043FFFFEF3F00000000A7
:1009D000000000000000D03F555555555555D53FF6
:1009E000000000000000E03F02F0CCFD9DED0A0B8E
:1009F00041EC190B53EC102B51EC100B02F034FCB2
:100A000053EC192B02F030FC9DED0A0B41EC1B0B53
:100A100053EC102B9FEDFE0B51EC100B02F024FC5D
:100A200041EC190B9FEDFC0B51EC1B0B53EC102B05
:100A300002F01AFC41EC1B0B9FEDF90B53EC102B51
:100A40009DED0A0B51EC100B02F00EFC53EC1B2B2E
:100A500002F070FE41EC1B0B51EC190B53EC1B2BFD
:100A600002F060F80490CDE904519DED040B53ECC5
:100A7000192B51EC100B02F05DFE53EC1B2B02F016
:100A800081FD41EC100B00F0A9B90020B6F5801FE4
:100A90000EDA9FEDE50B53EC102B9DED0A0B51EC9C
:100AA000100B02F0E1FBCDE90A016FF034000E46B5
:100AB00000EB2650A0F2FF37C6F31300DC4940F0EC
:100AC0007F6646F040568842D8BF002408DDD949E9
:100AD0008142C8BF012403DC0024A6F580167F1CD8
:100AE000D548784400EBC4080B9698ED000B53EC06
:100AF000102B9DED0A0B51EC100B02F01BFE98ED34
:100B0000000B41EC1B0B53EC102B9DED0A0B51EC31
:100B1000100B02F007F841EC100B51EC1A0B53ECE0
:100B2000102B02F0BBF841EC1C0B51EC1B0B53ECEF
:100B30001C2B02F099FB41EC190BC0488DED0E9B6C
:100B400078440E9590ED000B4FF0005040EA66009F
:100B500000EB84408DED120B00F50020139098ED12
:100B6000000B53EC102B9DED120B51EC100B02F00F
:100B7000E1FD9DED0A1B53EC112B02F003FD41EC4E
:100B8000100B53EC102B9DED0E0B51EC100B02F0E3
:100B90006BFB9DED120B41EC1D0B53EC102B9DEDEF
:100BA0000E0B51EC100B02F05FFB53EC1B2B02F011
:100BB000E9FC53EC1D2B02F0BDFD53EC1C2B02F0A5
:100BC00053FB41EC1C0B53EC192B51EC190B02F0AD
:100BD0004BFB41EC1B0B9A480621B0EE4B0AF0EEA2
:100BE0006B0A784400F05CFEB0EE401AF0EE601A3A
:100BF000B0EE41DAF0EE61DA53EC1B2B51EC1B0B3B
:100C000002F032FB53EC1D2B02F02EFB9DED0E0B80
:100C100041EC1B0B53EC192B51EC100B01F082FF34
:100C200053EC1C2B02F020FB53EC1B2B01F07AFF42
:100C30009DED0E0B41EC1B0B53EC102B51EC100BEC
:100C400002F012FB41EC1D0B53EC1D2B9FED7EEBD4
:100C500051EC1E0B01F066FF53EC1B2B01F062FF01
:100C60001290CDE912519DED120B53EC1E2B51EC5D
:100C7000100B02F05FFD53EC1D2B02F05BFD53ECFB
:100C80001B2B02F07FFC9DED120B41EC1D0B53EC76
:100C9000102B9DED0E0B51EC100B02F0E5FA41EC20
:100CA0001B0B53EC192B51EC1D0B02F0DDFA9DEDE3
:100CB000120B41EC190B53EC102B51EC1C0B02F0F6
:100CC000D3FA53EC192B01F02DFF41EC190B51EC29
:100CD0001B0B53EC192B01F025FF0490CDE90451B7
:100CE0009DED040B53EC1B2B51EC100B02F022FD7D
:100CF00053EC192B02F046FC9DED040B41EC190B53
:100D000053EC102B9FED520B51EC100B02F0ACFA90
:100D100041EC1B0B9FED500B51EC190B53EC102BBE
:100D200002F0A2FA9DED040B41EC190B53EC102BD1
:100D30009FED4B0B51EC100B02F096FA53EC192B74
:100D400001F0F0FE41EC100B4748784400EBC40082
:100D500090ED001B51EC100B53EC112B01F0E2FE57
:100D600041EC190B384602F0D2F9CDE90A0153ECF7
:100D7000192B51EC1B0B01F0D5FE41EC100B3B483D
:100D8000784400EBC40451EC100B94ED001B53ECC1
:100D9000112B01F0C7FE9DED0A1B53EC112B01F046
:100DA000C1FE0490CDE904519DED0A0B53EC102BCC
:100DB0009DED040B51EC100B02F0BCFC94ED001BFC
:100DC00053EC112B02F0B6FC53EC1B2B02F0B2FCDF
:100DD00053EC192B02F0D6FB41EC100B9DED241BBC
:100DE00053EC102B8DED001B00959DED240B51EC69
:100DF000100B02F039FA9DED000B41EC190B53EC8E
:100E0000102B9DED240B51EC100B02F093FC2FE006
:100E1000000000604715F73FFE822B654715F73F3E
:100E200044DF5DF80BAE543E00000000000040437C
:100E30008E9803007AB60B009A4900008C4A000095
:100E4000CA48000000000000000000000000084048
:100E5000000000E009C7EE3FFD033ADC09C7EE3FA2
:100E6000F5015B14E02F3EBE524700000C47000026
:100E70009DED041B53EC112B02F0F6F953EC192BEA
:100E800001F050FE9DED040B41EC190B53EC102BBF
:100E90009DED000B51EC100B02F0E6F9CDE90401D9
:100EA0009DED040B51EC190B53EC102B01F03AFEA5
:100EB000CDE902010C46AA498C422FDB611A084396
:100EC00018D19DED040B53EC102B9DED020B51EC52
:100ED000100B02F02FFC41EC1B0B9FEDA30B51EC10
:100EE000190B53EC102B01F01DFE53EC1B2B02F0E1
:100EF000B9FA2DD20220DFF72EFD00F021FE10EE10
:100F0000901A18EE900A8DED020B8DED008B61F3B7
:100F10001E0003909DED020BFFF7B6BB944A24F030
:100F20000041914214D39349214408437FF4E7AC34
:100F30009DED040B53EC102B9DED020B51EC100BAF
:100F400002F0F8FB53EC192B02F08CFA7FF6D7ACC9
:100F500024F000408849894A002601EB2051824252
:100F60002BDA481C4FF4801121FA00F02044844A07
:100F7000C0F30A517A44A1F2FF3192ED000B814A8D
:100F80008DED0A0BCA4020EA0202C0F3130040F4C0
:100F90008010C1F1140120FA01F60B92002CB8BFA9
:100FA00076429DED0A0B53EC102B9DED040B51EC9A
:100FB000100B02F0BFFBCDE904019DED040B51ECD9
:100FC000190B53EC102B01F0ADFD9FED6F0B0A9048
:100FD000CDE90A5153EC102B9DED0A0B51EC100B8F
:100FE00002F042F941EC1B0B9FED690B53EC102B07
:100FF0009DED0A0B51EC100B02F036F99DED040B40
:1010000041EC1C0B53EC102B9DED0A0B51EC100B1B
:1010100002F090FB53EC192B02F0B4FA9FED5E1B2B
:1010200053EC112B02F020F953EC1C2B01F07AFD4C
:1010300041EC190B51EC1B0B53EC192B01F072FD19
:10104000CDE902019DED020B53EC1B2B51EC100B73
:1010500002F070FB53EC192B02F094FA9DED020B99
:1010600041EC190B53EC102B51EC100B02F0FCF877
:10107000CDE90A014A489DED0A0B0521784400F0AC
:101080000FFC9DED0A1B51EC100B53EC112B02F0E1
:10109000EBF89DED021B53EC112B02F073FACDE936
:1010A00004019DED020B53EC192B51EC100B02F0D7
:1010B000DBF853EC192B01F035FD9FED3B0B41ECB8
:1010C000190B53EC102B9DED040B51EC100B02F09F
:1010D00031FB9DED040B41EC1B0B53EC102B9DEDF4
:1010E000020B51EC100B02F0BFF853EC1B2B01F07C
:1010F000D5FD53EC192B02F01DFB9DED021B53ECAB
:10110000112B02F017FB53EC1A2B02F03BFACDE93E
:10111000020101EB065001150029C8BF039015DC40
:101120009DED020B324651EC100B02F011FDFEF763
:10113000BDFE042808BF00F013FD32469DED020BF2
:1011400051EC100B02F004FDCDE902019DED020B04
:1011500051EC180B53EC102B02F086F8FFF732BB62
:101160000000904000000000FE822B654715973C70
:1011700000CC904000346F3F01FCFFFF0000E03FD7
:1011800058460000FFFF0F0000000000432EE63F1E
:10119000396CA80C615C20BEEF39FAFE422EE63FA6
:1011A000604400000000000000000000000000405B
:1011B00010B52F499FED2C1B2DED020B84B0059827
:1011C00020F000408842DCBF00209DED040B32DDA2
:1011D0002849884209D1049840B94FF00100DFF74F
:1011E000BAFB00F09DFC06B010BD05DB9DED040BC5
:1011F00000F082FC06B010BD68469DED040B00F0C7
:101200007BF810F0030011D0012818D09DED021BCF
:101210009DED000B02281AD000F08AFA51EC100B59
:1012200001F042FC06B041EC100B10BD9DED021B1D
:101230009DED000B012000F0AFFB06B010BD9DED51
:10124000021B9DED000B00F073FA06B010BD0120EB
:1012500000F0A2FB51EC100B01F026FC06B041ECB3
:10126000100B10BD00000000000000000000000096
:10127000FB21E93F0000F07F00B52DED048BB0EEBF
:10128000409AF0EE609A83B051EC190B02F086F9A7
:1012900041EC180B18EE100A18EE901A8DED008B29
:1012A000002818BF0120084320F00040C0F17F60F3
:1012B00000F1E040C00F14D019EE101A19EE900A98
:1012C0008DED009B002918BF0121084320F000404C
:1012D000C0F17F6000F1E040C00F04BF0120DFF7E4
:1012E0003AFBB0EE480A03B0F0EE680ABDEC048B9E
:1012F00000BD0000000000002DE9F14F04462DED77
:10130000020B2DED088B8AB09FEDE70B80ED020BF1
:10131000139EE74826F0004585420ADC9DED120B3E
:10132000002084ED000B0AB0BDEC088B03B0BDE8D3
:10133000F08FE0489FEDE0AB9FEDE1BBA84247DDB9
:10134000E14F9FEDE39B9FEDE48B9DED120B53EC82
:101350001A2B51EC100B002E1CDD02F0EBF941ECC6
:10136000100BBD4208D053EC1B2B51EC100B02F0BC
:10137000E1F9C4E900010BE053EC192B51EC100B1F
:1013800002F0D8F953EC182B02F0D4F9C4E90001AB
:101390000120C8E701F0C6FB41EC100BBD4208D0AC
:1013A00053EC1B2B51EC100B01F0BCFBC4E900010A
:1013B0000BE053EC192B51EC100B01F0B3FB53EC89
:1013C000182B01F0AFFBC4E900014FF0FF30AAE792
:1013D000C348A84279DB9DED120B51EC100B00F0D5
:1013E00047FE41EC180B9FEDC00B53EC102B01F0A6
:1013F0003BFF9FEDBF1B53EC112B01F093FB01F062
:10140000E5FD074601F083FE41EC190B53EC1A2B66
:1014100001F02AFF53EC182B02F0B4F841EC180B42
:1014200053EC1B2B51EC190B01F01EFFDFF8C8A287
:1014300041EC100B4FEA15580125FA4453EC102BE0
:1014400051EC180B02F076F9032DC4E900013DD0F0
:10145000C1F30A5005EB4511A8EB00001139814298
:1014600034DA0AEB051BB0EE48AA9BED000BF0EE58
:1014700068AA53EC102B51EC190B01F0F5FE41EC6E
:101480001B0B51EC1A0B53EC1B2B02F053F941ECE4
:10149000180B51EC1A0B53EC182B02F04BF953ECD0
:1014A0001B2B02F047F99BED020B41EC1A0B53EC9E
:1014B000102B51EC190B01F0D7FE53EC1A2B02F054
:1014C00039F941EC100B6D1CB8E70EE0002EA8BFF7
:1014D0003846BFF628AF94ED000B51EC100B01F02D
:1014E000E3FAC4E9000178421DE7C6F3130040F4B3
:1014F000801EC6F30A50A0F2F530471100F01F0518
:10150000C5F12000DDF848B0089000200690079053
:101510000520EC467949002D07EB0002794408BF0D
:1015200051F8221009D051F8223001EB8201AB4072
:101530004A68089922FA01F11943A1FB0E26A1FB82
:101540000B131A449A4234BF0123002303EB06080D
:101550000CEB8003D3E901A60E448E4234BF012177
:10156000002192448A4411B1924502D903E0924588
:1015700001D2012100E00021C3E901A641444CF859
:101580002010011EA0F10100C4DC029800F10050FF
:10159000850F0298DDE903678000DDF8148001F013
:1015A000B6FD41EC1A0B304601F0C8FD9FED541B0F
:1015B00053EC112B01F058FE41EC1B0B384601F0A7
:1015C000BDFD9FED511B53EC112B01F04DFE41EC85
:1015D000180B404601F0B2FD9FED4D1B53EC112B53
:1015E00001F042FE41EC190B51EC180B53EC192B96
:1015F00001F098FA53EC1B2B01F094FA53EC1A2BE0
:1016000001F090FACDE90801002008909DED080B4B
:1016100053EC1A2B51EC100B02F08CF853EC1B2BF3
:1016200002F088F853EC182B02F084F853EC192BD5
:1016300001F0A8FF9FED381B53EC112B01F014FEB5
:101640009FED370B41EC180B53EC102B9DED080B65
:1016500051EC100B01F008FE53EC182B01F062FA6C
:101660009FED310B41EC180B53EC102B9DED080B4B
:1016700051EC100B01F0F8FD53EC182B01F052FA6D
:1016800041EC100B139810F0004F06D06D4251EC56
:10169000100B01F009FA41EC100B284684ED000B09
:1016A00041E6000000000000000000000000000013
:1016B000FB21E93F7CD9024000004054FB21F93F67
:1016C0003163621A61B4D03DFB21F93F0000000094
:1016D0000000601A61B4D03D7370032E8A19A33BD9
:1016E000FB2139410000000083C8C96D305FE43F31
:1016F000000000000000E03F9A410000E8400000C8
:10170000000000000000103E000000000000103C3F
:10171000000000000000103A182D4454FB21F93D50
:101720003326A611460B113C00000054FB21F93D65
:1017300010B52DED040B2DED088B82B0B0EE419A63
:10174000F0EE619A0B9820F000449FED4BABB4F1A2
:10175000795F11DA9DED0A0B51EC100B01F036FCAC
:10176000002801BFB0EE4A0AF0EE6A0A02B0BDECF2
:10177000088B04BF04B010BD9DED0A0B53EC102B79
:1017800051EC100B01F070FD41EC180B3C480621A8
:10179000B0EE480AF0EE680A784400F081F853ECA5
:1017A000182B51EC100B01F05FFD9DED0A0B41EC85
:1017B0001B0B53EC192B51EC100B01F055FD41ECB8
:1017C000190B53EC1B2B51EC180B01F04DFD53EC96
:1017D000192B01F0AFFF9FED2C0B41EC190B53ECD3
:1017E000102B51EC180B01F03FFD41EC100B284879
:1017F000844210DA53EC192B51EC100B01F09AFFD4
:1018000053EC1A2B01F0BEFE41EC100B02B0BDEC04
:10181000088B04B010BD1F48A042BCBF9FED1E1B2B
:101820008DED001B06DBA4F5001001900020009058
:101830009DED001B51EC100B53EC112B01F07AFFC6
:101840009DED000B41EC180B53EC102B51EC1A0BD7
:1018500001F070FF41EC1A0B53EC192B51EC180BF3
:1018600001F068FF53EC1A2B01F08CFE41EC100BD9
:10187000CCE7000000000000000000000000F03F86
:10188000043E000000000000000000000000E03FF7
:101890003333D33F0000E93F000000000000D23F97
:1018A00070B504462DED028B4D1E00EBC500B0EE69
:1018B000408AF0EE608A90ED000B35F0060017D0FC
:1018C00053EC182B51EC100B01F0CEFC41EC100B3B
:1018D0006D1E04EBC50090ED001B51EC100B53EC9A
:1018E000112B01F01FF941EC100B35F00600E7D188
:1018F000022D36D0042D1CD0062D1CBFBDEC028B52
:1019000070BD53EC182B51EC100B01F0ADFC94EDB5
:101910000A1B53EC112B01F005F953EC182B01F0C5
:10192000A3FC94ED081B53EC112B01F0FBF841ECE8
:10193000100B53EC182B51EC100B01F095FC94EDAF
:10194000061B53EC112B01F0EDF853EC182B01F0B2
:101950008BFC94ED040B53EC102B01F0E3F841ECFD
:10196000100B53EC182B51EC100B01F07DFC94ED97
:10197000021B53EC112B01F0D5F853EC182B01F09E
:1019800073FC94ED001B53EC112B01F0CBF8BDEC74
:10199000028B41EC100B70BD31B504462DED040BEC
:1019A0002DED0A8BB0EE41BAF0EE61BA0B989DEDC9
:1019B0000A0B20F00040B0F1795F0DDA51EC100B0A
:1019C000FEF774FA042808BF00F0CAF89DED0A0B70
:1019D000BDEC0A8B05B030BD53EC102B51EC100B55
:1019E00001F042FC41EC180B9DED0A0B53EC182B57
:1019F00051EC100B01F038FC41EC190B2C48B0EE07
:101A0000480AF0EE680A05217844FFF749FF9FED88
:101A10002ACBB0EE40AAF0EE60AA9CB353EC1C2B8C
:101A200051EC190B01F020FC41EC1C0B53EC1A2B70
:101A300051EC190B01F018FC9FED210B41EC190B37
:101A400053EC102B51EC1B0B01F00EFC53EC192B3B
:101A500001F070FE53EC182B01F006FC53EC1B2B2D
:101A600001F068FE53EC1C2B01F064FE9DED0A1B97
:101A700053EC112B01F086FDBDEC0A8B05B041EC57
:101A8000100B30BDFFE753EC1A2B51EC180B01F093
:101A9000EBFB53EC1C2B01F045F853EC192B01F038
:101AA000E3FB9DED0A1B53EC112B01F03BF8E3E740
:101AB0009C3C000000000000495555555555C5BFD8
:101AC000000000000000E03F9FED070B10B553EC55
:101AD000102B9FED070B51EC100B01F0DFF841ECE0
:101AE000100B10BD0000000000000000000000000E
:101AF000000000000000F03F10B553EC102B51EC3B
:101B0000100B01F00FF841EC100B10BD10B553ECA9
:101B1000112B51EC100B01F005F841EC100B10BD2E
:101B20009FED050B10B553EC102B51EC100B01F091
:101B3000B5F841EC100B10BD0000000000000000E3
:101B40009FED050B10B553EC102B51EC100B01F071
:101B50008BFB41EC100B10BD00000000000000707A
:101B60009FED050B10B553EC102B51EC100B01F051
:101B70007BFB41EC100B10BD0000000000000010CA
:101B800030380A2801D2012070470020704710B574
:101B900041EC100BFEF7F0F951EC100B10BD0029D1
:101BA00005D08A7802814968002900D0084770472B
:101BB00030B40389082B1FD2DFE803F00406090CB8
:101BC0000F1214170D4A12E00C4A38320FE00B4A7C
:101BD00070320CE0094AA83209E0084AE03206E017
:101BE000074A04E0064A383201E0054A703230BC48
:101BF00002EBC101FFF7D3BF30BC7047C8790420A6
:101C0000E07A04203EB5E7F7E9FF0546E7F7DCFF99
:101C1000104C216BD9B1104AE16A01B110210F4B70
:101C20001B791B0700D50021C4F8B4510123CDE96D
:101C300000130292216840228BB281B20848F0F76B
:101C40004BF8DFF7FBFDA8B2606300203EBD002229
:101C5000E2E70000A8EC042000710200603D0020D3
:101C6000A8F404202DE9F0471646984604004FF0EA
:101C7000FF3A26D029BB606818B3EFF3108572B61F
:101C8000A76AE06A236B616BFA1A70EB010216D344
:101C9000B7EB030960EB010CB9EB06027CEB080C17
:101CA0000DD313EB060C41EB0801B7EB0C02676890
:101CB00060EB010091460023BA1A834104D205B9B2
:101CC00062B65046BDE8F087C4F830C06163626810
:101CD00000236046DEF756FBE260C4F8189056EA2F
:101CE000080603D0206840F40070206005B962B691
:101CF0000020E7E730B1EFF3108272B6836AC16A61
:101D00001AB103E000200146704762B618467047DA
:101D1000426081630021016000F00AB94260816382
:101D20000021016000F004B92DE9FF5F82B00023BB
:101D3000DDE910A2129C994698460AB1C2E9003327
:101D400014B10022C4E900224FF0FF32D8B1D1B95A
:101D50004168C1B1BAF1000F02D04368534501D2C6
:101D60004FF0010AEFF31081019172B6876AC66ADB
:101D7000016B436B8B46791A009376EB030106D215
:101D8000019800B962B6104606B0BDE8F09F1A4649
:101D9000B7EB0B0366EB02020CB1C4E900324468F6
:101DA0000021E41A71EB020421D242688846BC1A71
:101DB00066EB08010D46524600232046DEF7E2FAA4
:101DC00052EA030005D0BAEB020168EB03000C19DC
:101DD0004541381B76EB050001D23C463546009A5A
:101DE000B4EB0B0965EB02083B1B66EB0502DDE972
:101DF0000445B9EB040078EB050104D2B4EB09000B
:101E000065EB080101E000200146C41A71EB0204F1
:101E100001D31846114605460C4652460023DEF70C
:101E2000B1FAA81A119A64EB030132B119EB00035D
:101E3000119848EB0102C0E90032019800B962B67E
:101E400059EA080001D001209EE700209CE72DE917
:101E5000FF5F9046039B0E9A13B10024C3E9004430
:101E600012B10023C2E900334FF0FF33D8B1D1B92A
:101E70004168C1B1B8F1000F02D04468444501D2B5
:101E80004FF00108EFF3108B72B6876AC66A016BD8
:101E9000D0F834A08946791A76EB0A0107D2BBF153
:101EA000000F00D162B6184604B0BDE8F09FB7EB52
:101EB000090366EB0A010AB1C2E9003142684FF03A
:101EC000000CD21A7CEB010105D3BBF1000F00D14D
:101ED00062B60020E8E740683C1A66EB0C05404615
:101EE000B8F1010F0FD90246002320462946DEF73C
:101EF00049FA52EA030006D00020B8EB020160EB79
:101F000003000C194541381B76EB050001D23C4615
:101F10003546039830B10398B4EB090265EB0A0526
:101F2000C0E90025BBF1000F00D162B60120BBE77C
:101F300030B500281FD04268002A1CD04268B1FB8F
:101F4000F2F302FB1312EFF3108472B682600025E5
:101F50008262C56202634563294600EB8103DA6051
:101F60009D61491C0329F8DB016821F400710160BF
:101F7000002C00D162B630BD2DE9F0410D460400C1
:101F800018D0032D16D26068002813D0EFF3108606
:101F900072B6A06AE16A0DB92063616362680027C6
:101FA0003B46DEF7EFF904EB8500C2608761002E47
:101FB00000D162B6BDE8F0812DE9F84F050036D0BA
:101FC0002848016841F080710160DFF89C80D8F8F2
:101FD000000040F00100C8F80000D8F80000DFF869
:101FE0008C90C0F300004FF47A7A4FF47A5B58B1CA
:101FF000F2F742FE0746D8F804603C46D9F80010D4
:10200000B1FBFAF0A8B115E0D9F80010B1FBFAF075
:1020100000B958460021C30807E0009300E000BF64
:102020000098421E0092FAD2491CA942F5D3BDE89D
:10203000F88F5846A91C00FB01F90CE0F2F71CFED2
:10204000A04203D00446D8F8046004E0D8F80400A5
:10205000811B4945EBD8F2F70FFEC01BA842EDD318
:10206000E5E70000FCED00E0001000E0C87404208B
:1020700082B0CDE9000121F0004001909DED000B00
:1020800002B051EC100B704700290AD0B0F868215B
:102090008A78A0F868214968002902D0B0F8682140
:1020A0000847704710B504460020B4F86821062A96
:1020B0001FD2DFE802F003050E11191C0F4801E0E2
:1020C0000E48383000EBC1012046BDE81040FFF754
:1020D000DBBF0A48703001E00848A83000EBC101BE
:1020E0002046FFF7D1FF06E00448E030F6E7044859
:1020F000F4E7002801D0B4F8680110BD1878042076
:10210000307904201FB5F649F4480860F4F71AFD49
:1021100062B6F348F430016841F080710160F14823
:1021200000254560016841F001010160BFF34F8F58
:10213000BFF36F8FF3F7AEFBFCF7A2FE40F2011086
:10214000DFF77AFAE948E849E94C0160A0F19C011F
:1021500061644831C4E90F1078306060B030A0602D
:10216000A0F58470206000F5F87060624830A062CD
:10217000903860610C21A1850820E0852086DD482B
:10218000A0614838E061A0F590702062618600F59A
:10219000FC7060634838A0632146D748EFF796FB90
:1021A0004FF48170DFF748FAFBF756FCFBF7AEFB04
:1021B00040F20310DFF740FAD04E35708DF8005032
:1021C0006846FCF773FB012728B19DF80000012841
:1021D00002D0022800D037704FF48270DFF72CFA5B
:1021E000FCF7B2FBC44E012086F8F002A6F81253A9
:1021F0003046FCF753FC08B1F1F712FCFBF7FAFF8D
:10220000FBF796FFFCF76CF8FCF73AF8BC48BD4AC0
:10221000818BC06889B2CDE90201CDE90027B349BD
:10222000D4E909239C39B848DEF7A8FD002001460F
:102230000090B64BB64AB748E5F780FD0023B64A92
:102240000121B448E5F766FDAF4A00232832022198
:10225000B048E5F75FFD0023B04A0321AD48E5F73C
:1022600059FDAFA0D0E90010CDE90010AE480160E3
:10227000BDF8041081809DF806108171EBF7DCFC3D
:10228000EBF7B2FC9A499C48EFF720FBFCF768F8A3
:10229000DFF7DCFE002207212920F3F789FB292044
:1022A000F3F778FBA148016841F400510160DFF8C1
:1022B0008092A04DB246DFF88082FCF745FB9F4834
:1022C000EFF79CFD0120E4F78BF9B5F8980202289E
:1022D00008D1FCF7F4FC28B1DAF8E012504621F0FE
:1022E000040104E0DAF8E012504641F00401C0F8BD
:1022F000E012044614E00120FCF7BEFEFBF78EFA64
:10230000DFF7FAF830B1D4F8E00220F00400C4F8A6
:10231000E00205E0DFF702F9E4F7F4FEEFF704F975
:10232000D4F8E0024007E6D48548016821F4C051A2
:10233000016083494FF4C050143108602820F3F73E
:1023400018FBEFF791FCEFF7E3FAE5F72BF8FBF753
:102350003FFCE8F75BFFFCF703F8DFF777FE41F29D
:102360000200DFF769F9EBF79BFE41F20300DFF7AC
:1023700063F900210820E9F709F90820E8F70CFFC4
:10238000E4F7C0FE0020E4F72BF9D4F8E012A246EF
:1023900041F04001C4F8E01241F20400DFF74CF9CB
:1023A000DFF7BCF8ECF76AF8E9F74EFBEBF754F807
:1023B000EDF77AF8E8F7D0FF4F48EEF7D5FF56482B
:1023C0006038007928B154486038E4F734FEE1F70A
:1023D000AFFAEEF7D9F9ECF727F90028E0D14D4E26
:1023E00096F87D000028DBD196F87C000028D7D134
:1023F000B6F868010428D3D0B6F85E0001280ED0E4
:10240000D8F80000A8B34F4CB9F8B00243F6982BA7
:10241000C0F30016DAF8E002C00750D145E04A48A0
:10242000006838B3B6F8600088B1D6F88010496803
:102430004908D6F8802089B292698A422BD2B5F831
:102440009812022906D0002440B12CB106E04FF4C6
:102450000061EEE70124F7E7F4F7AFFE012108463B
:10246000F3F7FCFAB6F86000A8B1A4B9F4F76AFB78
:1024700011E015E0FFE7D6F8EC008069716E884244
:1024800009D2B6F8600008B1F4F797FE01210846BA
:10249000F3F7E4FAEAE7F2F7EFFBC8F800007FE7AA
:1024A000F2F7EAFBC8F8000075E099F898024006D8
:1024B00005D422480188490703D4C08C08B10127FC
:1024C00000E000272048406B18B90B48EFF71AFAD4
:1024D00018B10020D0B3D6B33DE039E000000208C7
:1024E00008ED00E0001000E000280040CCA500202E
:1024F00058E10420B4A80020A8F404200000002023
:102500008074042000710200F83C0020A8EB042035
:1025100068EB0420B0020020C03D002028EC04201D
:1025200043453634585F0000380100201808024047
:10253000F0CE04202836002088020020C838002071
:10254000003C0140C0270900A8EC042003E001E0A2
:102550000120BFE75C461FB1F2F78EFBC8F8000010
:102560003E4318D1F2F788FBD8F800104646401ACF
:10257000A04210D3B5F89802022806D1FCF79FFBC1
:1025800018B1F2F779FB306005E0DAF8E01241F0BB
:102590000401CAF8E01201210846F3F75FFADAF8FD
:1025A000E00240077FF57BAF6420F2F721F90024B9
:1025B000C8F80040E4F7A6FD0248EFF7EDFACAF8C4
:1025C000E0427AE6A8F404200EB54FF47A738DE861
:1025D0000E0002460123D1210148F2F74BFE0EBD49
:1025E00078A50020F8B50D46044600F03FF99D4956
:1025F000886940F4802088619B4906270868400666
:1026000003D4086840F040000860002242F21076CF
:10261000334600E000BF8868800706D45B1E581C64
:10262000F8D102E0C8688DF800008868C007F9D1C9
:10263000A05C0873304600E000BF8B68DB0701D167
:10264000401EF9D28868C00705D0C8688DF8000020
:10265000521CBA42DCDB324600240868FF234006E5
:1026600003D4086840F040000860304600E000BF36
:102670008F68BF0701D4401EF9D28868C0070AD00E
:10268000C8688DF800008868C00702D0C8688DF857
:1026900000009DF800000B73B44600E000BF88689E
:1026A000C00702D1BCF1010CF8D28868C0070AD07B
:1026B000C868C0B2FF2808D002B148B100F0D6F80F
:1026C0004FF0FF30F8BD2046F4E7521EC5D1F5E7C4
:1026D000334637460A68FF20520603D40A6842F0A0
:1026E00040020A603E4600E000BF8A68920701D4BB
:1026F000761EF9D28A68D2070AD0CA688DF80020FF
:102700008A68D20702D0CA688DF800209DF80020A0
:102710000873384600E000BF8A68D20701D1401E26
:10272000F9D28868C0070BD0C868C0B2FF2809D0AA
:102730000BB1FE2809D000F099F86FF00100F8BD48
:102740002046F3E75B1EC5D1F5E700200A68FF23AA
:10275000520603D40A6842F040020A603E4600E096
:1027600000BF8A68920701D4761EF9D28A68D20720
:102770000AD0CA688DF800208A68D20702D0CA68D9
:102780008DF800209DF800200B733A4600E000BF52
:102790008B68DB0701D1521EF9D28A68D2070FD0AD
:1027A000CA68D2B22A54401C4028CFD30868FF23FD
:1027B000400603D4086840F040000860384602E054
:1027C0002246EFE700BF8A68920701D4401EF9D283
:1027D0008868C0070AD0C8688DF800008868C007FC
:1027E00002D0C8688DF800009DF800000B733846D1
:1027F00000E000BF8A68D20701D1401EF9D2886884
:10280000C00700D0C8680868FF23400603D40868E2
:1028100040F040000860384600E000BF8A68920738
:1028200001D4401EF9D28868C0070AD0C8688DF864
:1028300000008868C00702D0C8688DF800009DF8C5
:1028400000000B7300E000BF8868C00701D17F1E45
:10285000F9D28868C00700D0C86800F007F80020E7
:10286000F8BD0000000002400030014018B51948D2
:10287000816941F004018161174AFF241068400614
:1028800003D4106840F04000106042F21071084616
:1028900000E000BF93689B0701D4401EF9D2906806
:1028A000C0070AD0D0688DF800009068C00702D039
:1028B000D0688DF800009DF80000147300E000BFA0
:1028C0009068C00701D1491EF9D29068C00700D0B6
:1028D000D06818BD000002400030014070B5144EB1
:1028E0001C4606EB4105002A00DB2A81002C0ADB8E
:1028F000082908D206EB8100846229B1E7F764F960
:10290000B4FBF0F0288370BD3589E7F75DF942012B
:1029100005B9402552B1A4FB050100184941002327
:10292000DDF730FD80B23083346070BD0020FAE7FF
:10293000A8EC042000B52DED048B83B041EC190BFD
:1029400000F02CFE41EC180B18EE100A18EE901A4D
:102950008DED008B002818BF0120084320F00040B7
:10296000C0F17F6000F1E040C00F14D019EE101AE2
:1029700019EE900A8DED009B002918BF0121084334
:1029800020F00040C0F17F6000F1E040C00F04BFC4
:102990000120DDF7E0FF51EC180B03B0BDEC048B18
:1029A00000BD70B50D46044600F018F85002E26113
:1029B0001A4600231946DDF7E5FC20840120207427
:1029C000256070BD70B51E46154604463246049B10
:1029D000FFF7E7FF02202074656070BD00210176DB
:1029E000417641617047000070EE600A10B510EE4C
:1029F000900A2DED028B11499FED118B884208DB67
:102A000010EE100A00F084FF53EC182B00F092FE39
:102A10000CE010EE900A0C4988420BD910EE100A17
:102A200000F076FF53EC182B00F07CF800F048F82B
:102A300000EE100ABDEC028B10BD0000DB0F494018
:102A4000112D4454FB211940DB0F49C01CB50BA1CB
:102A5000D1E90021CDE9002100216A4600EB4103C4
:102A6000B3F85830545CA34202D04FF0FF301CBD85
:102A7000491C0529F2DB00201CBD0000494E5441D1
:102A80004E00000013B584B04FF47A74012305A9F9
:102A90008DE81A000246D0210248F2F7D3FD06B0B5
:102AA00010BD000078A5002081F00041704780F043
:102AB0000040704721F00041704720F0004070470F
:102AC00021F0004201F00043A2F16052B2F5801FF4
:102AD00028BFD2F17F6C0BD95FEA001C43EAC20227
:102AE00042EB507018BF704728BF20F001007047BC
:102AF000B2F5801FBCBF184670474FEA410C1CF569
:102B0000001F02D2084600F081BF70B500F056FCED
:102B100000000089FFF7F6BF4FF00040A0F58000ED
:102B20007047000010B591EA030F48BF83F00043DF
:102B300000F10886841A71EB030C05D2121943EBDD
:102B40000C03001B61EB0C014FEA1154A4EB135C66
:102B5000DFF81CE11EEA430F18BF9EEA445F00F055
:102B6000748021EA045123EA0E0343F48013DCF15C
:102B7000200E32D322FA0CFE10EB0E0023FA0CFECC
:102B800041EB0E01CCF1200E03FA0EFE10EB0E000D
:102B9000CCF1200E51F10001B1F5801F32D201EBD2
:102BA000045112FA0EF2BDE8104058BF7047401CA5
:102BB00038BF5FEA420218BF7047002814BF20F0F8
:102BC000010041F100014FEA410313F5001F38BF36
:102BD0007047A1F1C04100F03FBC012A43EB030262
:102BE000ACF1200CDCF11F0E32BF4FF0000E23FAC7
:102BF0000CF310EB030041EB0451B4EB115FD0D0A8
:102C0000A1EB045101F58011490801EB04515FEA81
:102C100030000ED350F1000038BF12FA0EFE08D17A
:102C2000BDE81040C9E7401C38BF5FEA4202CAD184
:102C3000C3E7BDE810404FEA410313F5001F38BF5A
:102C40007047A1F1C04100F007BC9EEA445F08D084
:102C500011EA5E0FBDE8104004BF01F00041002002
:102C60007047BDE8104070B500F0A8FB64FBBE3EA5
:102C70000000E0FF02494FF0000000F037BF00BF46
:102C80000000F87F491058BFC1F140415B1058BFA8
:102C9000C3F140438B42EFF3008070472DE9C04100
:102CA00030B4DFF8A8C23CEA111418BF3CEA131490
:102CB00000F0F0801CEA111481EA030544EAD5749F
:102CC00018BF1CEA131500F0CB80A4EB050404F137
:102CD0007F7404F500344FF0004545EAC12145EA10
:102CE000C32341EA505143EA52534FEAC0204FEA0E
:102CF000C222994208BF904200F0A0804FEA1365BB
:102D00000FF24816765D4FEA134506FB05F7C7F14B
:102D1000807706FB07F74FEAD737A7FB03687642B1
:102D2000A7FB06CEC8F5803838BFA8F1010807FB1D
:102D300008E6A6FB028C4FF0000EE6FB03CED8F1AE
:102D400000086FEA0C0C5CF1000C6FEA0E0E4EF1FD
:102D5000004EA6FB0C584FF00007E6FB0E87A1FBC8
:102D600008C6A0FB07CE16EB0E064FF0000545F196
:102D70000005E1FB076515F1E04E7EBFA4F5803448
:102D80005FEA46066D4116F1800745F100054FEAFE
:102D9000172747EA05674FEA15254FEA0666A6F1A9
:102DA000DE46B6F1805F20D9384605EBC47124F0C9
:102DB000010C01EB0C11BCF1FE6F02D8F0BCBDE8B8
:102DC000008124425CBF01F5801E9EEAC47F02D4CC
:102DD000F0BCBDE80081244200F13980A1F1C0417E
:102DE000F0BCBDE8004100F037BB4FEAD02040EA1C
:102DF00041504FEAD1214FEAD22242EA43524FEAF0
:102E0000D323A7FB028607FB036605FB02661EEAC7
:102E10000E0F58BFA6EB0056B6EB00564FEA520E07
:102E20004EEAC37E18EB0E0E56EB530EBCD518EBD4
:102E300002085E417F1C55F10005B5E74FF480158F
:102E40004FF000074FF000064FF00008ACE701F12B
:102E5000C04101F000414FF00000F0BCBDE800812E
:102E60000CEA131511EA0C1F00D00CE013EA0C1F3A
:102E700000F025804FF0000081EA030101F00041DD
:102E8000F0BCBDE80081F0BCBDE8004181EA03016F
:102E900000F0E2BAF0BCBDE8004170B500F08EFA77
:102EA000097EFC3E00F007B84FF0000081EA030104
:102EB00001F00041704781EA030100F0CDBAF0BC97
:102EC000BDE8004122494FF000007047FFFDFBF9CB
:102ED000F7F5F4F2F0EEEDEBE9E8E6E4E3E1E0DE4D
:102EE000DDDBDAD8D7D5D4D3D1D0CFCDCCCBCAC8BF
:102EF000C7C6C5C4C2C1C0BFBEBDBCBBBAB9B8B7E6
:102F0000B6B5B4B3B2B1B0AFAEADACABAAA9A8A8D8
:102F1000A7A6A5A4A3A3A2A1A09F9F9E9D9C9C9BA6
:102F20009A99999897979695959493939291919051
:102F30008F8F8E8E8D8C8C8B8B8A898988888787E2
:102F40008685858484838382828181800000FF0757
:102F50000000F87F51EA030C17D41CF5801F58BFFE
:102F6000BCF5801F00F10680994218BF704708BF6A
:102F70009042704707D711F5801F58BF13F5801F87
:102F800019D499427047894270471CF5801F08D5B3
:102F9000BCF5801FF7D58B4218BF704708BF82422F
:102FA00070474FF4001C1CEB410F38BF1CEB430F64
:102FB00001D28B42704770B500F000FA92244900AC
:102FC0004FF000514FF08053FFF75CBE4FEA4103D2
:102FD0004FEA5353A3F58063D3F11E03C8BFD3F167
:102FE000210C0CDD4FF0004242EAC12242EA50526D
:102FF00032FA03FC8CEAE17CACEBE1707047102BF9
:10300000C4BF0020704703F5787CBCF1FF3F04D0BB
:103010006FF0004282EA2100704770B500F0CEF9EF
:103020004992248000207047F2E700004FEA4103F4
:103030004FEA5353A3F58063D3F11E03C8BFD3F106
:10304000210C20DD4FF0004242EAC12242EA5052F8
:1030500032FA03FC0DD362FA03F282EA0C021CF18D
:10306000010C0BD64FEA420252EAC02208BF2CF0F4
:10307000010C8CEAE17CACEBE1707047094258BF6F
:10308000ACF1010CF5E7102BC4BF0020704703F52D
:10309000787CBCF1FF3F04D06FF0004282EA21004F
:1030A000704770B500F08AF949922480002070477B
:1030B000F2E700004FEA1153A3F58063D3F11E033A
:1030C000A8BFD3F1200C08DB4FF0004242EAC12236
:1030D00052EA505232FA03F0704709420BD4102BD7
:1030E000C4BF0020704703F5787CBCF1FF3F05D0DA
:1030F0004FF0FF3070474FF00000704770B500F0A0
:103100005DF900BF4992248000207047F0E710F07D
:10311000004248BF4042B0FA80F310FA03F10AD0EF
:10312000C3F11D0303F5806302EB03524FEA4150E4
:1031300002EBD12170474FF000007047B0FA80F3E6
:1031400010FA03F10AD0C3F11D0303F580634FEABF
:1031500003524FEA415002EBD12170474FF000007B
:1031600070470000B1FA81F30B3B20D3994010D196
:10317000B0FA80F310FA03F108BF7047C3F11D03E2
:1031800003F580634FEAD1224FEA415002EB03512D
:103190007047C3F1200C20FA0CFC41EA0C01984066
:1031A000C3F1320303F5806301EB03517047C3F1B0
:1031B000320C0CF5806210B5C3F10004C4F1200E8E
:1031C00001FA0EFC21FA04F100FA0EF3E04040EAA5
:1031D0000C00BDE8104001EB025138BF7047401CA5
:1031E00041F100015B0008BF20F0010070470000C2
:1031F00051EA030C17D41CF5801F58BFBCF5801F83
:1032000000F10680994218BF704708BF904270478E
:1032100007D711F5801F58BF13F5801F19D49942A5
:103220007047894270471CF5801F08D5BCF5801F88
:10323000F7D58B4218BF704708BF824270474FF4E2
:10324000001C1CEB410F38BF1CEB430F01D28B421B
:10325000704770B500F0B2F8922449004FF0005169
:103260004FF08053FFF70EBD70B5DFF848C11CEA80
:10327000111E1EBF1CEA13159EEA0C0F95EA0C0FD7
:1032800000F06F8081EA03044EEAD47EAE4421EA66
:103290004C1123EA4C1341F4801143F48013AEF136
:1032A0007F7EA1FB024CA0FB0365361955EB0C0594
:1032B000A1FB034C4CF10003A0FB021C16EB0C0617
:1032C000654153F10003094218BF46F0010613F4AB
:1032D000007F0BD14FEA03314FEA053041EA155127
:1032E00040EA165034036FF003020AE04FEAC321AC
:1032F0004FEAC52041EA555140EA5650F4026FF0BA
:10330000020202EB2E4201EB025585EACE710AD091
:103310005FEA440C18BF24F0004450F1000041F172
:10332000000120EAD47040F2FE7C624500D270BDFC
:10333000A84214BF4FF080444FF04044002E08BF15
:103340000024BEF1806FA8BFA1F1C041BDE870406C
:1033500080F2828001F1C04101F000414FF0000095
:1033600070470CEA13159EEA0C0F18BF95EA0C0F74
:1033700006D081EA030E4FF000000EF0004170BD50
:1033800000F01CF88900013E00F007B800F009B811
:103390004FEA430C5FEA5C5C08D081EA030100F06D
:1033A0005BB84FEA410C5FEA5C5CF6D102494FF032
:1033B000000070470000FF070000F87F0EF1020ECA
:1033C0002EF0030E5EF8046B364205D4012A43EB5F
:1033D000030515F5001F12D8012841EB010C1CF55F
:1033E000001F0CD80ED14FEAD17C0CEB4C0C0CF129
:1033F000020C15F5001F08BF4CEBD37C04E04FF026
:10340000080C01E04FEAD37C0CEB4C0526FA05F6DC
:1034100006F00706B6F1040C06D20EEB860CBDE8EA
:1034200070404CF0010C6047DFE80CF0090B020221
:103430004FF00041A1F500214FF0000070BD19468A
:103440001046012851EB010418BFD4F5001484BFC5
:10345000002001F0004170BD0808A0F500114FEAFE
:103460003101704753EA010C17D41CF5801F58BF77
:10347000BCF5801F00F106808B4218BF704708BF63
:103480008242704707D713F5801F58BF11F5801F80
:1034900019D48B4270479B4270471CF5801F08D59A
:1034A000BCF5801FF7D5994218BF704708BF9042FE
:1034B00070474FF4001C1CEB430F38BF1CEB410F4F
:1034C00001D2994270470FB40CBC03BCFFF7C1BED8
:1034D0005FEA410C5FEA5C5CACF580635B1C39D44D
:1034E000D3F1340240F34580B2F1200314DA4FF0F7
:1034F000010C0CFA02FCACF10103034020EA0300CA
:10350000B3EB5C0208BF10EA0C0F98BF704710EBDA
:103510000C0041F1000170470AD0C3F1200201FA0A
:1035200002FC01284CF1000021FA03F101FA03F139
:103530004FF0010C0CFA03FCACF1010321EA03018A
:10354000B0F1004F08BF11EA0C0F4FF0000088BF28
:1035500061447047B3F1FF3F28BF50EAC12C01F02E
:1035600000414FF0000084BF41F07C5141F47001F4
:103570007047B3F5806FB8BF704770B5FFF71EFF97
:1035800040DBB6BE10B591EA030F81F000413FF574
:10359000D1AA83F0004300F0D5B800002DE9F04136
:1035A00001F5801CBCF5001FC0F2A9804FEA115C38
:1035B00021EA0C5141F480110CF1FD0C5FEA5C0C26
:1035C0000CF5C07C01D340004941890241EA905189
:1035D00087022EA48E0EA45D0A0C04FB04F602FBE7
:1035E00006F6C6F14046A4FB0662F60D46EA422600
:1035F00006FB06F4A4FB01235242C3F1404338BF4B
:103600005B1EA6FB02420024E6FB0324D20B42EA27
:103610004446A6FB0623A1FB02E2A3FB07E4E3FB6F
:1036200061426442C2F1404E38BFAEF1010EA6FBCA
:1036300004234FF00002E6FB0E32A2FB03463400E7
:10364000E2FB6264A1FB06E6A4FB07E8E4FB616819
:103650007642C8F1405838BFA8F10108A2FB06E441
:10366000A3FB08E5E2FB6854A1FB05E6A7FB04E821
:10367000E1FB648618F1200556F10006A80940EA2E
:103680008660B109A8F11B0808F03F08B8F10A0FDD
:103690001CD901EB0C51BDE8F08100BFFCF5EEE850
:1036A000E2DDD8D3CFCBC7C3C0BDB9B6B4B1AEACE1
:1036B000A9A7A5A3A19F9D9B9A9896959392908F59
:1036C0008D8C8B898887868584838281A0FB0068A6
:1036D00000FB01F208EB4208B8EB872807D5341845
:1036E00058EB0104D5D5401C51F10001D1E7341A43
:1036F00078EB0104CDD4401E71F10001C9E75FEA07
:103700004C0C5FEA9C5C0DD105D301F000414FF0F9
:103710000000BDE8F081BDE8F04170B5FFF74EFE56
:103720006DDBFFBEBDE8F04101494FF0000070477E
:103730000000F87F10B591EA030F48BF83F0004303
:103740003FF5F8A9841A71EB030C07D28CF0004CFA
:10375000121943EB0C03001B61EB0C014FEA1154EF
:10376000A4EB135CDFF8A4E11EEA430F18BF9EEA46
:10377000445F00F0B48021EA045123EA6E03524210
:10378000C3EB6E0338BF5B1EDCF1200E25D322FA9B
:103790000CFE10EB0E0043FA0CFE41EB0E01CCF1D7
:1037A000200E03FA0EFE10EB0E00CCF1200E51F1AC
:1037B000000129D401EB045112FA0EF2BDE81040C9
:1037C00058BF7047401C1CBFB2F1004F7047002823
:1037D0000CBF491C20F00100704712EB020E43EBB6
:1037E000030218BF4FF0010E4EEA4202ACF1200C6A
:1037F000DCF11E0E56D943FA0CFE10EB0E00CCF194
:103800001E0E51F1FF31D5D50EF1010E12FA0EFE4A
:10381000404141EB010101EB445C5FEA5C5C10D983
:1038200001EB045110EBDE7038BFBEF1004FBDE874
:10383000104018BF704700280CBF491C20F0010041
:10384000704734D24FEAD42C24F4006411F50011EF
:103850001BD0B1FA81F20B3AA41AA41ED2F12003B4
:10386000914030FA03F31943904001EBCC7101EB26
:103870000451002CBDE81040A8BF704701F1C041C1
:1038800001F000414FF000007047B0FA80F310FAE9
:1038900003F102D1BDE810407047E41A173C480517
:1038A000C90AE2E701EB0451BDE810407047491036
:1038B0004FEA300001EB0451BDE8104002E04FF048
:1038C000000170474A0008BF0042F8D0B2F5001F5F
:1038D00028BF704701F000414FF0000070479EEA9A
:1038E000445F07D011EA5E0FBDE8104004BF00211D
:1038F00000207047BDE8104070B5FFF75FFD00BFC6
:1039000040DFF63E104683F0004170470000E0FFC4
:1039100043004FEAD30C4FEA3C0C43401FBF400723
:103920000CF1605113F0FE4F70471CF0006F03D193
:103930000CF00041002070470CF0004343EA507047
:1039400040EACC0010B500F00EF800BF0000009275
:103950004FEA0001FFF780BD4FF00041A1F50021C3
:103960004FF0000070470EF1020E2EF0030E5EF8CD
:10397000044B244204D44FEA4102B2F17F4F11D8E4
:103980004FEA4003B3F17F4F0CD80ED14FEAD07C01
:103990000CEB4C0C0CF1020CB2F17F4F08BF4CEB5E
:1039A000D17C04E04FF0080C01E04FEAD17C0CEB35
:1039B0004C0324FA03F404F00704B4F1040C06D217
:1039C0000EEB840CBDE810404CF0010C6047DFE8C2
:1039D0000CF0070802024FF00040A0F5800010BD77
:1039E0000846420018BFD2F1807288BF00F0004044
:1039F00010BDF1EE100A4FF6FF71C0F2C03120EA9F
:103A0000010040F04070E1EE100A7047FF2141EAEA
:103A1000D050C005704700000A154FEAC12343EAA1
:103A200050534FEAC02C18BF43F000431BD4A2F2FE
:103A30004E02D2F57C72C0F22080502AA8BF5022DC
:103A400023FA02F12CFA02F0D2F1200260B484BF12
:103A500003FA02F52843C2F100029CBF23FA02F5E3
:103A6000284360BC704701F1804212F5801F04DAE0
:103A70004FF000004FF00001704770B5FFF79EFC5B
:103A800049922480002001E06FEAE170014670470E
:103A9000C2154FEA002318BF43F000430ED4D2F101
:103AA000BE0215D323FA02F1B2F1200C2EBF23FA85
:103AB0000CF0C2F1200C03FA0CF070474FEA400CF6
:103AC000BCF1FE4F04D24FF000004FF000017047F0
:103AD00010B5FFF748FF00BF922449804FF0000166
:103AE000002070476FEAE070014670470CF00F034A
:103AF000092B08BF082000F059800A2B0BD0082B97
:103B000018BF704708BF1CF0400F0AD04FF00000EC
:103B10004FF0000170471CF0400F18BF4FF00040FD
:103B200070471CF0100F08D000F07F4220F0704367
:103B300042EAD3014FEA4370704700F0604021F041
:103B40007F4242EA000201F07F4040EA7270704713
:103B50004FF0FF0C4CF4E06C1CEA11531CBF9CEAC4
:103B6000030C9445C2BFDA4201EB02517047002BAF
:103B70000DD0BCF1000F0FD001F00041002AA4BF0E
:103B800041F0E04141F07F614FF00000704701F0EB
:103B900000414FF00000704750EA01334FF09B0C9A
:103BA00018BF4CF0806C7FF465A870471CF4801F30
:103BB00011D01CF4E02F03D06FEACC3149007047DC
:103BC0004FF04050EFF3008222F0704242EA0002D0
:103BD00082F3008870474FF000007047010000003A
:103BE00003000000010000000000000000000000D1
:103BF00000000000000000000000000000000000C5
:103C000040530A3C00000000000000000000803F1C
:103C1000000000400000803F0000803F00000000E6
:103C2000000000000000803F0000000000000000D5
:103C30000000803F7AA5DCBFCCEE413F0000803F12
:103C40000000000000000000010000000300000070
:103C50000100000000000000000000000000000063
:103C60000000000000000000000000003064F53C8F
:103C700000000000000000000000803F0000004045
:103C80000000803F0000803F0000000000000000B6
:103C90000000803F00000000000000000000803FA6
:103CA0003A23BABF99F5123F0000803F00000000A0
:103CB00000000000010000000300000001000000FF
:103CC00000000000000000000000000000000000F4
:103CD0000000000000000000C3F2C73D000000002B
:103CE000000000000000803F000000400000803F16
:103CF0000000803F00000000000000000000803F46
:103D000000000000000000000000803FFF5B71BF6A
:103D10003BAAAA3E0000803F000000000000000017
:103D2000010000000300000001000000000000008E
:103D30000000000000000000000000000000000083
:103D400000000000AEF5953E0000000000000000FD
:103D50000000803F000000400000803F0000803FE6
:103D6000000000000000000001000000030000004F
:103D70000100000000000000000000000000000042
:103D80000000000000000000000000000000803F74
:103D900000000000000000000000803F0000004024
:103DA0000000803F0000803F000000000000000095
:103DB0000000803F00000000000000000000803F85
:103DC000000000400000803F0000803F0000000035
:103DD00000000000000000000000000000000000E3
:103DE00000000000000000000000000000000000D3
:103DF00000000000000000000000000000000000C3
:103E000000000000000000000000000000000000B2
:103E100000000000000000000000000000000000A2
:103E20000000000000000000000000000000000092
:103E30000000000000000000000000000000000082
:103E40000000000000000000000000000000000072
:103E50000000000000000000000000000000000062
:103E60000000000000000000000000000000000052
:103E70000000000000000000000000000000000042
:103E80000000000000000000000000000000000032
:103E90000000000000000000000000000000000022
:103EA0000000000000000000000000000000000012
:103EB0000000000000000000000000000000000002
:103EC00000000000000000000000000000000000F2
:103ED00000000000000000000000000000000000E2
:103EE00000000000000000000000000000000000D2
:103EF00000000000000000000000000000000000C2
:103F000000000000000000000000000000000000B1
:103F100000000000000000000000000000000000A1
:103F20000000000000000000000000000000000091
:103F30000000000000000000000000000000000081
:103F40000000000000000000000000000000000071
:103F50000000000000000000000000000000000061
:103F60000000000000000000000000000000000051
:103F70000000000000000000000000000000000041
:103F80000000000000000000000000000000000031
:103F90000000000000000000000000000000000021
:103FA0000000000000000000000000000000000011
:103FB0000000000000000000000000000000000001
:103FC00000000000000000000000000000000000F1
:103FD000000000003C485645523E003C52455345C7
:103FE000543E00003C313E0068EB0420A8EB042066
:103FF000303132333435363738394142434445461F
:104000000030313233343536373839414243444554
:1040100046000000810000000000000000000000D9
:104020000000000068EB0420A8EB042028EC04202A
:10403000203D0020C03D0020AD51000000000000E8
:104040000000000000000000000000000000000070
:104050000000000000000000000000000000000060
:104060000000000000000000000000000000000050
:104070000000000000000000000000000000000040
:104080000000000000000000000000000000000030
:104090000000000000000000000000000000000020
:1040A0000000000000000000000000000000000010
:1040B00000000000000000000000DADAAD5300004C
:1040C00000000000000000000000000000000000F0
:1040D00000000000000000000000000000000000E0
:1040E00000000000000000000000000000000000D0
:1040F00000000000000000000000000000000000C0
:1041000000000000000000000000000000000000AF
:10411000000000000000000000000000000000009F
:10412000000000000000000000000000000000008F
:104130000000000000000000000000000000DADACB
:10414000AD52000000000000000000000000000070
:10415000000000000000000000000000000000005F
:10416000000000000000000000000000000000004F
:10417000000000000000000000000000000000003F
:10418000000000000000000000000000000000002F
:10419000000000000000000000000000000000001F
:1041A000000000000000000000000000000000000F
:1041B00000000000000000000000000000000000FF
:1041C00000000000DADA000000001008FFFF13080A
:1041D0000100000000001408FFFF170802000000A3
:1041E0000102030001000100000102030A0B0C0D93
:1041F000000102030A0B0C0D010203040506070867
:1042000009000000010000000300000001000000A0
:10421000000000000000000000000000000000009E
:1042200000000000000000009613233C0000000086
:10423000000000000000803F00000000000080BF80
:104240000000803F00000000000000000000803FF0
:1042500000000000000000000000803F5D6DFDBF19
:104260002EE77A3F0000803F0000000000000000C1
:104270000100000003000000010000000000000039
:10428000000000000000000000000000000000002E
:10429000000000009613233C000000000000000016
:1042A0000000803F00000000000080BF0000803F51
:1042B00000000000000000000000803F000000003F
:1042C000000000000000803FB459FDBF2EE77A3F98
:1042D0000000803F0000000000000000010000001E
:1042E00003000000010000000000000000000000CA
:1042F00000000000000000000000000000000000BE
:1043000082574B3C00000000000000000000803F8E
:1043100000000000000080BF0000803F000000009F
:10432000000000000000803F0000000000000000CE
:104330000000803F287EFCBF65A5793F0000803FDC
:104340000000000000000000010000000300000069
:10435000010000000000000000000000000000005C
:1043600000000000000000000000000091EE273D6A
:1043700000000000000000000000803F000000007E
:10438000000080BF0000803F00000000000000002F
:104390000000803F00000000000000000000803F9F
:1043A000014DF4BF0C026B3F0000803F0000000095
:1043B00000000000010000000300000001000000F8
:1043C00000000000000000000000000000000000ED
:1043D000000000000000000024B4E53D00000000E3
:1043E000000000000000803F00000000000080BFCF
:1043F0000000803F00000000000000000000803F3F
:1044000000000000000000000000803FF163DCBFFE
:10441000F792463F0000803F0000000000000000CF
:104420000100000003000000010000000000000087
:10443000000000000000000000000000000000007C
:1044400000000000B130443D00000000000000000A
:104450000000803F00000000000080BF0000803F9F
:1044600000000000000000000000803F000000008D
:10447000000000000000803F2B18E5BFA779673FD0
:104480000000803F0000000000000000010000006C
:104490000300000001000000000000000000000018
:1044A000000000000000000000000000000000000C
:1044B00076A7BB3D00000000000000000000803F28
:1044C00000000000000080BF0000803F00000000EE
:1044D000000000000000803F00000000000000001D
:1044E0000000803F14D0CCBFDF15513F0000803F5B
:1044F00000000000000000000100000003000000B8
:1045000001000000000000000000000000000000AA
:10451000000000000000000000000000C764313D02
:1045200000000000000000000000803F00000000CC
:10453000000080BF0000803F00000000000000007D
:104540000000803F00000000000000000000803FED
:1045500036CDF3BF46D3693F0000803F0000000026
:104560000000000001000000030000000100000046
:10457000000000000000000000000000000000003B
:104580000000000000000000137E893E00000000D3
:10459000000000000000803F00000000000080BF1D
:1045A0000000803F00000000000000000000803F8D
:1045B00000000000000000000000803FA67E76BFE3
:1045C0008A02ED3E0000803F000000000000000075
:1045D00001000000030000000100000000000000D6
:1045E00000000000000000000000000000000000CB
:1045F000000000000534513E0000000000000000F3
:104600000000803F00000000000080BF0000803FED
:1046100000000000000000000000803F00000000DB
:10462000000000000000803F3C4E99BFFE65173F30
:104630000000803F000000000000000001000000BA
:104640000300000001000000000000000000000066
:10465000000000000000000000000000000000005A
:104660000000803F00000000000000000000803FCC
:1046700000000000000000000000803F000000007B
:10468000000000000000803F00000000000000006B
:104690000000803F00000000000000000000803F9C
:1046A0000000000000000000010000000300000006
:1046B00001000000000000000000000000000000F9
:1046C0000000000000000000000000009613233CE2
:1046D00000000000000000000000803F0000803F5C
:1046E000000000000000803F00000000000000000B
:1046F0000000803F00000000000000000000803F3C
:104700002EE77ABF000000000000803F000000009C
:104710000000000001000000030000000100000094
:104720000000000000000000000000000000000089
:1047300000000000000000009613233C0000000071
:10474000000000000000803F0000803F00000000EB
:104750000000803F00000000000000000000803FDB
:1047600000000000000000000000803F2EE77ABF3C
:10477000000000000000803F00000000000000007A
:104780000100000003000000010000000000000024
:104790000000000000000000000000000000000019
:1047A000000000005DE2C83C0000000000000000C6
:1047B0000000803F0000803F000000000000803FBC
:1047C00000000000000000000000803F000000002A
:1047D000000000000000803F1D7273BF0000000059
:1047E0000000803F00000000000000000100000009
:1047F00003000000010000000000000000000000B5
:1048000000000000000000000000000000000000A8
:104810008BDF143D00000000000000000000803F1E
:104820000000803F000000000000803F000000000A
:10483000000000000000803F0000000000000000B9
:104840000000803F30646DBF000000000000803F2A
:104850000000000000000000010000000300000054
:104860000100000000000000000000000000000047
:10487000000000000000000000000000E4D78F3DB1
:1048800000000000000000000000803F0000803FAA
:10489000000000000000803F000000000000000059
:1048A0000000803F00000000000000000000803F8A
:1048B000280A5CBF000000000000803F00000000EC
:1048C00000000000010000000300000001000000E3
:1048D00000000000000000000000000000000000D8
:1048E000000000000000000076A7BB3D00000000B3
:1048F000000000000000803F0000803F000000003A
:104900000000803F00000000000000000000803F29
:1049100000000000000000000000803FDF1551BFD4
:10492000000000000000803F0000000000000000C8
:104930000100000003000000010000000000000072
:104940000000000000000000000000000000000067
:104950000000000082574B3C0000000000000000F7
:104960000000803F0000803F000000000000803F0A
:1049700000000000000000000000803F0000000078
:10498000000000000000803F65A579BF0000000026
:104990000000803F00000000000000000100000057
:1049A0000300000001000000000000000000000003
:1049B00000000000000000000000000000000000F7
:1049C0004B1FFA3D00000000000000000000803F87
:1049D0000000803F000000000000803F0000000059
:1049E000000000000000803F000000000000000008
:1049F0000000803FD57841BF000000000000803FEC
:104A000000000000000000000100000003000000A2
:104A10000100000000000000000000000000000095
:104A200000000000000000000000000024B4E53D8C
:104A300000000000000000000000803F0000803FF8
:104A4000000000000000803F0000000000000000A7
:104A50000000803F00000000000000000000803FD8
:104A6000F79246BF000000000000803F00000000F9
:104A70000000000001000000030000000100000031
:104A8000030000000100000003000000010000001E
:104A90000000000000000000000000000000000016
:104AA0000000000000000000000000000000000006
:104AB00000000000000000000000000000000000F6
:104AC00000000000000000008E1E1FBE000000005D
:104AD000000000000000803F23DB81BF00000000D9
:104AE0000000803F00000000000000000000803F48
:104AF000C65016BFF85377400000803F000000000A
:104B0000000000000000803FCA3204C0AEB6E23FA1
:104B10000000803F00000000000000000000803F17
:104B200000000000000000000000803F410E6ABF4E
:104B3000000000000000803F0000000000000000B6
:104B40000000803F2D43BCBF598B273F0000803FB2
:104B500000000000000000000000803FF0BF6DBFBB
:104B60005EF4353F0000803F0000000000000000C0
:104B7000010000000300000001000000030000002D
:104B80000100000003000000010000000000000020
:104B90000000000000000000000000000000000015
:104BA0000000000000000000000000000000000005
:104BB00000000000000000000000000000000000F5
:104BC000000000006A4DF3BD00000000000000007E
:104BD0000000803F2CD482BF000000000000803F16
:104BE00000000000000000000000803FB5E045BD6F
:104BF000DE7172400000803F0000000000000000F5
:104C00000000803F583900C071ACF33F0000803F86
:104C100000000000000000000000803F00000000D5
:104C2000000000000000803FDE9367BF000000002E
:104C30000000803F00000000000000000000803FF6
:104C400036ABAEBFA6D5183F0000803F0000000085
:104C5000000000000000803FF44F38BF09FE273FEE
:104C60000000803F00000000000000000100000084
:104C7000030000000100000003000000010000002C
:104C80000300000001000000000000000000000020
:104C90000000000000000000000000000000000014
:104CA0000000000000000000000000000000000004
:104CB00000000000000000000000000000000000F4
:104CC000E201E5BD00000000000000000000803FA0
:104CD000A30184BF000000000000803F000000002E
:104CE000000000000000803FBB0F283FF2416340FE
:104CF0000000803F00000000000000000000803F36
:104D00006C78F2BF857C04400000803F000000000A
:104D1000000000000000803F0000000000000000D4
:104D20000000803F49D764BF000000000000803FC2
:104D300000000000000000000000803F1FF49CBF46
:104D4000BD3A073F0000803F000000000000000067
:104D50000000803F740CE8BEAA43163F0000803F6D
:104D6000000000000000000001000000030000003F
:104D7000010000000300000001000000000000002E
:104D80000000000000000000000000000000000023
:104D90000000000000000000000000000000000013
:104DA000000000001F1153BE0000000000000000C2
:104DB0000000803FA4DF86BF000000000000803FAD
:104DC00000000000000000000000803F2F8692BE1F
:104DD000418286400000803F00000000000000008B
:104DE0000000803F00000000000000000000803F45
:104DF0006F4758BF000000000000803F0000000027
:104E0000000000000000803F14ED5ABFE76FE23E53
:104E10000000803F000000000000000001000000D2
:104E2000030000000100000000000000000000007E
:104E30000000000000000000000000000000000072
:104E4000B6DB2EBF00000000000000000000803F25
:104E5000C66D9CBF000000000000803F0000000005
:104E6000000000000000803F000000000000000083
:104E70000000803F43E25EBF000000000000803F72
:104E8000000000000000000001000000030000001E
:104E9000010000000300000001000000000000000D
:104EA0000000000000000000000000000000000002
:104EB00000000000000000000000000000000000F2
:104EC00000000000115312BF0000000000000000AD
:104ED0000000803FB81E4D3F000000000000803FF2
:104EE00000000000000000000000803F4BC8EFBF42
:104EF0001591393F0000803F0000000000000000D5
:104F00000000803F00000000000000000000803F23
:104F1000F569953D000000000000803F00000000A2
:104F2000000000000000803FA39292BF0B419E3E14
:104F30000000803F000000000000000001000000B1
:104F4000030000000100000000000000000000005D
:104F50000000000000000000000000000000000051
:104F6000AEBB79BF00000000000000000000803FE1
:104F70003B01F5BF3867343F0000803F0000000070
:104F8000000000000000803F000000000000000062
:104F90000000803FC6166ABF5DDC063E0000803F11
:104FA00000000000000000000100000003000000FD
:104FB00001000000030000000100000000000000EC
:104FC00000000000000000000000000000000000E1
:104FD00000000000000000000000000000000000D1
:104FE00000000000809F51BE000000000000000093
:104FF0000000803FA4DF86BF000000000000803F6B
:1050000000000000000000000000803F2F8692BEDC
:10501000418286400000803F000000000000000048
:105020000000803F00000000000000000000803F02
:105030006F4758BF000000000000803F00000000E4
:10504000000000000000803F14ED5ABFE76FE23E11
:105050000000803F00000000000000000100000090
:10506000030000000100000000000000000000003C
:105070000000000000000000000000000000000030
:10508000CC0B68BF00000000000000000000803F63
:105090003B01F5BF3867343F0000803F000000004F
:1050A000000000000000803F000000000000000041
:1050B0000000803FC6166ABF5DDC063E0000803FF0
:1050C00000000000000000000100000003000000DC
:1050D00001000000000000000000000000000000CF
:1050E00000000000000000000000000030646DBF00
:1050F00000000000000000000000803F3B01F5BF01
:105100003867343F0000803F0000000000000000CE
:105110000000803F00000000000000000000803F11
:10512000C6166ABF5DDC063E0000803F000000003E
:10513000000000006400000096000000C8000000AD
:10514000FA0000002C010000F4010000EE02000053
:10515000E8030000DC050000D0070000C4090000DF
:10516000B80B0000881300004C1D00001027000041
:10517000983A0000204E0000260000002C0000009D
:10518000180000002A000000060000001E000000B9
:10519000290000002E000000010000001B0000009C
:1051A0000D000000030000002100000016000000B8
:1051B000110000000B000000080000001A000000B1
:1051C000110000000D0000000A00000009000000AE
:1051D00005000000030000000200000002000000C3
:1051E00001000000010000000100000000000000BC
:1051F00000000000000000000000000000000000AF
:105200000500000008000000070000000500000085
:10521000020000002B000000240000001E0000001F
:10522000170000002C000000190000000D00000015
:10523000250000001700000010000000080000001A
:10524000040000001F000000150000001000000016
:105250000D0000000B00000006000000040000002C
:105260000300000002000000010000000100000037
:10527000010000000000000000000000000000002D
:1052800000000000000000001000000038000000D6
:105290000100000023000000310000002C0000008D
:1052A00009000000080000002A00000014000000AF
:1052B0002800000012000000050000003E00000071
:1052C00036000000300000002C000000220000002A
:1052D0001C00000019000000150000001200000072
:1052E000110000000F0000000D0000003C00000055
:1052F0003600000028000000110000000900000036
:10530000060000000400000003000000020000008E
:105310000200000001000000010000000100000088
:10532000000000000000000000000000000000007D
:10533000000000000000000000000000000000006D
:10534000000000000000000000000000000000005D
:10535000010000000000000000000000000000004C
:10536000000000000000000000000000000000003D
:10537000000000000000000000000000000000002D
:10538000000000000000000000000000000000001D
:10539000000000000000000000000000000000000D
:1053A00000000000000000000000000000000000FD
:1053B00000000000780000008C000000AF0000003A
:1053C000DC000000180100005E010000B8010000D0
:1053D0000D020000BC0200002000000010000000D0
:1053E00008000000080000000800000004000000A1
:1053F000030000000300000002000000280000007D
:105400002800000028000000200000001A00000012
:10541000120000001000000007000000040000005F
:105420003FE8D02F27918231713523333FE8D02FC9
:1054300027918231713523333FE8D02F2791823174
:105440007135233350000000A0000000F000000080
:1054500050000000F000000090010000000610164F
:105460000006101600000000000000000102030406
:105470000607080900000000010203040000000004
:10548000000000000000F03F000000000000F83FB6
:1054900000000000000000000000004003B8E23FF0
:1054A000000000000000000006D0CF43EBFD4C3EA2
:1054B000033333333333E33FFFAB6FDBB66DDB3F97
:1054C0004D268F515555D53F01411DA96074D13FDF
:1054D00065DBC9934A86CD3FEF4E454A287ECA3FD9
:1054E0003E5555555555C53F93BDBE166CC166BF5B
:1054F0002CDE25AF6A56113FF16BD2C541BDBBBE54
:10550000D0A4BE726937663E4FBB610567ACDD3F14
:10551000182D4454FB21E93F9BF681D20B73EF3FDA
:10552000182D4454FB21F93FE2652F227F2B7A3C52
:10553000075C143326A6813CBDCBF07A8807703C0B
:10554000075C143326A6913CC4EB98999999C9BF7E
:10555000711623FEC671BCBF6D9A74AFF2B0B3BFB3
:105560009AFDDE522DDEADBF2F6C6A2C44B4A2BF73
:105570000D5555555555D53FFF8300922449C23FDF
:105580006E204CC5CD45B73F513DD0A0660DB13F13
:10559000EB0D76244B7BA93F11DA22E33AAD903F25
:1055A0004C5555555555A53F7751C1166CC156BF41
:1055B0009015CB19A001FA3EAD529C804F7E92BE51
:1055C000C4B1B4BD9EEE213ED43888BEE9FAA8BD70
:1055D000000000000000000000004054FB21F93FE3
:1055E0003163621A61B4D03D0000601A61B4D03DED
:1055F0007370032E8A19A33B0000002E8A19A33B67
:10560000C14920259A837B3900000000000000007A
:105610006E83F9A22915444ED15727FCC0DD34F51D
:10562000999562DB4190433CAB6351FE61C5BBDEA3
:105630003A6E24B7E0D24D42EA2E49061C92D109B7
:105640001CEB1DFE3EA729B1F53582E88444BB2E34
:1056500026709CE9417E5FB439D69139F439538381
:105660008B5F849C3B28F9BDFF97F81F0F9805DEE0
:105670008B112FEF1F6D0A5ACF7E366DB709CB27DE
:10568000663F464F2DEA5F9EC7BA27757BF1E5EB73
:10569000F739073DEA92528AB15FFB6B085D8D1FB7
:1056A0004630035600000000A6F810111111813F8A
:1056B000D561C119A0012ABF7DFEB157E31DC73EC8
:1056C000EB9C2B8AE6E55ABE7CD5CF5A3AD9E53D0C
:1056D0005057040800000020B00200003C020208FD
:1056E00088570408A87404202400000098020208C7
:1056F000B057040800780420A00300003C02020810
:1057000088570408B0020020C8B10000B80202089F
:105710008857040880B4002024C00300B80202089F
:10572000AC570408CC7404201C020000B802020824
:10573000AC5704086477042078000000B80202081F
:1057400038590408A07B042054840000B8020208E1
:10575000012772017AFF05013F42102324F4021F42
:105760007D2924C1193032636A3F922990190101C1
:1057700070073243453634585F0972AC01B80213E2
:105780000100000000000000000000000000000018
:105790000000000000000000000000000000000009
:1057A00000000000000000000024F40000000000E1
:1057B000011A120115898A02081301021B1B8608AF
:1057C00072027203720472056A06364A01081938B9
:1057D0001008ED8F02080102011BB97C08130301B8
:1057E0001B0794081304011BE993085A052859382C
:1057F0005A02381A023839081302023808697D0241
:1058000008020302383C02040238140205041B811A
:10581000920859385A03384B0301993C030203702C
:105820005A03385A03385A03385A03385A04C15BAA
:105830000401083B0204381A04471B3B890859E05D
:105840001A0438390859385A05704B0501F95B05B7
:1058500002085A03081970390859705A0538013876
:105860001AD890295A495E011C499869071149873D
:1058700021194059F169C16159985A013114010146
:10588000025F896D02080102105A03085A040813C6
:1058900005011B8D6C2059385A02611A02383908EB
:1058A0001302034F7D6E02080203715A02703C021C
:1058B0000506385A02385A03915B03010819295E1C
:1058C0004D68020803385A03385A03385A03385AC5
:1058D00004C15B0401081302051A55205A04315B08
:1058E00004040859385A04385A05F15B05010819AF
:1058F000381A47E85A05E05A05E05A0538190751A1
:105900001A0602390859F11A06C11A09201A06A7FF
:105910002A050859A85A06315A0638120749504C28
:10592000070107085A02085A03085A040859385A46
:08593000073881293EB2100086
:020000040814DE
:10000000434536345352563404000000800000004B
:1000100056414C44400000009017896A00021408C1
:10002000B00F0200F562B97DF0B300205D05140841
:100030006A63A12C22BA9B4E43B0050455F822EC0A
:10004000F46E4A3858D91F750065066BFA187D5F43
:100050003F00000000000000000000000000000061
:100060000000000000000000000000000000000090
:100070000000000000000000000000004FE0129BA4
:10020000F0B300205D0514081184150815051408C5
:1002100007841508090E14083FC1150800000000E6
:100220000000000000000000000000008995150893
:10023000A9D71408000000008D851508519A1508EB
:10024000770514087705140877051408770514084E
:10025000770514087705140877051408F1D81408F1
:1002600009D9140861D9140879D914087705140834
:1002700079D3140885D3140821D5140825D514087A
:1002800055D5140861D51408610C140877051408B5
:10029000770514087705140877051408B5D91408EC
:1002A000759E150877051408770514087705140856
:1002B00045A215087705140877051408296515085F
:1002C0001D651508770514087705140877051408C7
:1002D000770514088DA71508770514087705140805
:1002E000ADD714089185150877051408770514080B
:1002F0007705140851A2150877051408A9D5140824
:10030000770514087705140877051408770514088D
:10031000C9A515087705140877051408770514088A
:100320003DD6140841D6140889D614088DD6140871
:10033000770514087705140877051408770514085D
:100340007705140877051408770514081D84150827
:10035000C5D61408C9D61408F9D6140815A8150866
:10036000770514087705140877051408770514082D
:10037000770514087705140800000000000000004D
:10038000770514087705140877051408770514080D
:100390007705140877051408000000007705140895
:1003A000770514087705140800000000000000001D
:1003B000770514080000000000000000770514080D
:1003C00077051408770514087705140877051408CD
:1003D000770514087705140800F002F800F08AF891
:1003E00014A696E8000CB244B344DA4501D100F0FB
:1003F00081F8BAE80F000FA696E83000A5EB0405D7
:1004000004EB0607AAEB0704A7F101074FEA15154D
:100410004FEA3414A4F10104AC4201D300F06AF8AD
:1004200013F0010F18BFFB1A43F0010300F001F8AD
:10043000DBE71847440A0200D40A02000A444FF0DE
:10044000000C10F8013B13F0070408BF10F8014B33
:100450001D1108BF10F8015B641E05D010F8016B78
:10046000641E01F8016BF9D113F0080F1EBF10F8DC
:10047000014BAD1C0C1B09D16D1E58BF01F801CBFF
:10048000FAD505E014F8016B01F8016B6D1EF9D582
:100490009142D6D370470000103A24BF78C878C183
:1004A000FAD8520724BF30C830C144BF04680C607A
:1004B000704700007047000000230024002500263C
:1004C000103A28BF78C1FBD8520728BF30C148BFB7
:1004D0000B607047632900F03B83732900F0408371
:1004E000002070471FB51EF0FCFE00F0C6F91FBDCE
:1004F00010B510BD00F07EFB1146FFF7F3FF1DF0B5
:1005000079FC00F09CFB03B4FFF7F2FF03BC00F0A2
:100510009FFB00001EF0040F0CBFEFF30880EFF309
:100520000980714607F0E2BE0B49D1F800C04A6865
:100530005CF8043B1068184442F8040B8C4528BF53
:10054000A1F1DC0C8A4228BFA1F1DC02C1F800C095
:100550004A6020F000407047147404200948804726
:1005600009480047FEE7FEE7FEE7FEE7FEE7FEE795
:10057000FEE7FEE7FEE7FEE704480549034A054BB0
:1005800070470000599E1508D903140870FF042015
:10059000F0B30020F0AB002053EA020C00F06980B9
:1005A0002DE9F04B4FF00006002B1FBFB3FA83F587
:1005B00003FA05F424FA05F65E4012BF1643B2FAB8
:1005C00082F502FA05F4C5F120051EBF22FA05FCEA
:1005D00044EA0C04203556EA044C4FEA144418BF90
:1005E000641C4FF000084FF00009904271EB030CBF
:1005F00039D3002919BFB1FA81F701FA07F6B0FA29
:1006000080F700FA07F6C7F120071EBF20FA07FCA3
:1006100046EA0C062037B6FBF4FCA7EB0507103FB3
:1006200007F01F0BCBF120062CFA06F60CFA0BFB99
:1006300044BFB3460026202FA4BF5E464FF0000BF8
:100640005BEA060C08BF4FF0010B19EB0B0948EBF6
:100650000608ABFB027C06FB02CC0BFB03CCC01BE9
:1006600071EB0C01C1E70B46024641464846BDE826
:10067000F08B13B5084318BF4FF0FF300146AFF3BE
:100680000080BDE81C407047B2F120030AD5C2F1DA
:10069000200301FA02F120FA03F341EA030100FA10
:1006A00002F0704700FA03F14FF0000070470000BD
:1006B0000FB41CB50C0007AA009007D04142A1421C
:1006C00002D32044401E01E04FF0FF30074B7B4433
:1006D00069460190069800F016FA0020002C01D01F
:1006E000009908701CBC5DF814FB00005B0400005E
:1006F00070B50C460546012A05D02878800600D53D
:10070000EA69002302E0012305E05B1C934202D268
:10071000E05C0028F9D1A869E618C01AA861286A27
:10072000184428622846AFF3008004E0D5E901218F
:1007300014F8010B9047B442F8D32846AFF3008079
:1007400070BD2DE9F0474FF0000A89460446C0F815
:1007500020A02046E1688847002876D0252806D0CA
:10076000D4E901219047206A401C2062F1E7E1684A
:10077000204600258847C4F81CA006460027C4F878
:1007800018A02A2E09D030461CF066FD38B304EBC1
:100790008708303EC8F8186019E059F8041B204655
:1007A00004EB87029161E1688847012F064618D162
:1007B000E069002820DA25F020051DE0D8F81800AF
:1007C00000EB800006EB40003038C8F818002046E7
:1007D000E168884706461CF03FFD0028EED1012F56
:1007E0000AD02E2E08D12046E16888477F1C064695
:1007F000022F45F02005C4DBA069002803DA40423F
:1008000045F00105A061E80701D025F01005B6B15B
:10081000A6F14100192802D8203645F400654A4661
:100820003146204625604D46FFF754FE58B1012859
:1008300006D0ED1D25F0070000F1080989E704E066
:1008400005F1040985E730468AE7206ABDE8F087AC
:100850000B4910B5A1F17C020A4CC2E937123721CD
:1008600006E000EB104342F82130074B00FB034049
:100870000B1EA1F10101F4DC10BD0120E8E700002E
:10088000B4730420E119D666CD0D010010B5431CE8
:1008900002E010F8011B71B18107FAD14FF001326B
:1008A00002C88C1A8C4314EAC211F9D0C01A0A0685
:1008B00003D0C01E10BDC01A10BD0A0401D0801E96
:1008C00010BD0902FCD0401E10BD032A40F230804A
:1008D00010F0030C00F0158011F8013BBCF1020F81
:1008E000624498BF11F801CB00F8013B38BF11F802
:1008F000013BA2F1040298BF00F801CB38BF00F819
:10090000013B11F0030300F06780083AC0F0088053
:1009100051F8043B083A51F804CBA0E80810F5E779
:10092000121D5CBF51F8043B40F8043BAFF300805C
:10093000D20724BF11F8013B11F801CB48BF11F8D1
:10094000012B24BF00F8013B00F801CB48BF00F8A1
:10095000012B7047431A28BF9A427FF6B6AF104466
:100960001144032A40F2268010F0030F1EBF11F835
:10097000013D521E00F8013D10F0030F7FF4F6AF69
:1009800011F0030300F00381083AC0F00B8051F826
:10099000043D083A51F804CD40F8043D40F804CD38
:1009A000FFF7F3BF121D5CBF51F8043D40F8043D52
:1009B000AFF30080D20724BF11F8013D11F801CD3B
:1009C00048BF11F8012C24BF00F8013D00F801CD0B
:1009D00048BF00F8012C704710B5203AC0F00B80DA
:1009E000B1E81850A0E81850B1E81850A0E8185025
:1009F000203ABFF4F5AF5FEA027C24BFB1E818509B
:100A0000A0E8185044BF18C918C0BDE810405FEAFC
:100A1000827C24BF51F8043B40F8043B08BF704778
:100A2000D20728BF31F8023B48BF11F8012B28BF7D
:100A300020F8023B48BF00F8012B704702F0FF038B
:100A400043EA032242EA024200F002B84FF00002F9
:100A50000429C0F0128010F0030C00F01B80CCF1D0
:100A6000040CBCF1020F18BF00F8012BA8BF20F83E
:100A7000022BA1EB0C0100F00DB85FEAC17C24BF92
:100A800000F8012B00F8012B48BF00F8012B70473C
:100A90004FF0000200B5134694469646203922BF17
:100AA000A0E80C50A0E80C50B1F12001BFF4F7AF62
:100AB000090728BFA0E80C5048BF0CC05DF804EB44
:100AC000890028BF40F8042B08BF704748BF20F8B2
:100AD000022B11F0804F18BF00F8012B70477047B0
:100AE0007047704710B500F07DF8006810BD10B574
:100AF000044600F077F8046010BD000001694A1C4C
:100B000002610878704700B58FB0CDE9013100214E
:100B1000059105497944CDE9031011466846FFF770
:100B200010FE0FB000BD0000E5FFFFFFD1E900237C
:100B30009A4202D2531C0B601070704710B5436983
:100B400013B1AFF3008001E0FFF7D2FD012010BD2B
:100B5000127800F124010A7000224A700122EDE7A8
:100B600011684FF0FF32E9E7431A28BF9A427FF637
:100B700033AF1044114410F0030F1EBF11F8013DB4
:100B8000521E00F8013D10F0030F7FF4F6AF103A4B
:100B9000C0F00A8010B531E9185020E91850103A19
:100BA000BFF4F9AFBDE81040530724BF31E9081086
:100BB00020E9081044BF51F8043D40F8043D12F00C
:100BC000030F08BF7047D20728BF31F8023D48BF66
:100BD00011F8012C28BF20F8023D48BF00F8012C75
:100BE000704700000048704790AB002000487047F5
:100BF00090AB00207546FFF7F9FFAE460500694649
:100C0000534620F00700854618B020B5FFF7B4FC26
:100C1000BDE820404FF000064FF000074FF00008FD
:100C20004FF0000BAC46ACE8C009ACE8C009ACE83A
:100C3000C009ACE8C00921F007018D46704710B526
:100C40000446AFF300802046BDE81040FFF75BBCD0
:100C500001491820ABBEFEE72600020070470000E5
:100C6000104910B50A68002010600868826822F0F8
:100C7000010282600868C06B46F2207180B2A0FB5E
:100C8000010147F6FF72801841F100014FF6FF7233
:100C90000023FFF781FC0146BDE8104002480AF03E
:100CA00033BE000018A20020D8F20420464910B537
:100CB0004A6822F440324A604A6843681A434A60EC
:100CC00001684A6822F480724A6001684A680369D0
:100CD00042EA03224A6001684A6822F040724A6090
:100CE00001684A6883681A434A6001688A6822F486
:100CF00000628A6001688A68C3681A438A60816AF0
:100D00006FF07062D14201688A6822F070628A6076
:100D100001688A680CD0836A1A438A6001688A680D
:100D200022F040528A6001688A68C36A1A4301E06F
:100D300022F040528A6001688A6822F002028A60CA
:100D400001688A68037E42EA43028A6090F82010B4
:100D5000002901684A680FD042F400624A600168C5
:100D60004A6822F460424A6001684A68174C436A44
:100D700004EB43331A4301E022F400624A60016845
:100D8000CA6A22F47002CA620168CA6A838B104C74
:100D900004EB03531A43CA6201688A6822F40072A2
:100DA0008A6001688A6890F8303042EA43228A609B
:100DB00001688A6822F480628A6001688A684069F2
:100DC00042EA8020886010BD0023014000E0FFFF60
:100DD0000000F0FF18B50023009303098DF80030E0
:100DE00000F00F008DF8010000206C46235C0A2BF8
:100DF00001D2303300E037330B54401C0228F5DBBE
:100E000002201080002018BD0C2003F049FF0AF0DA
:100E100031FE000030B5002832D0016A00292FD001
:100E20001849B1F85E20002A2AD091F87D100029D7
:100E300026D100F12801C06A4A6844088868204425
:100E400088608868904206D388688B68B0FBF2F0AF
:100E500000FB123088608A6AC86A121940F10000EB
:100E60008A62C862002001EB8002183252E8003F1B
:100E7000234442E80035002DF8D1401C0328F2DB62
:100E800030BD0000705804202DE9F04F85B01546A4
:100E90001C460A460646DDE91010DDE90E7337628E
:100EA000C6E90341C6E901250246B37706F12800E9
:100EB0001CF0F4FB694908680A8952085043684AE3
:100EC000904200D210468146086888B187B1B9FBCC
:100ED000F7F107FB119058B96248006A40B1006809
:100EE00030B16148B0F8980201285BD0022859D08F
:100EF00000208046002D7DD0DFF870A128684FEAE1
:100F0000074BE0B3E7B30CF0A7FDB8F1000F06D034
:100F1000574A2968914201D0514500D14846B0FB5B
:100F2000FBF1491C07FB01F2B0FBF2F0491E6960BE
:100F30000021401EC5E902102846296110F03AFB45
:100F40004B492868884201D050452FD1494A9042E8
:100F500012D0B0F1804F0FD0474A90420CD0884257
:100F60000AD04649884207D0504505D044498842B6
:100F700002D04449884219D11421684601E015E0A5
:100F800012E0FFF785FD5FEA080000D0072000901F
:100F9000002001906946284610F0EFFF30B10CF0B8
:100FA0003BFD03E00120A4E70020B06014B32068FB
:100FB00000B3E7B30CF050FDB8F1000F06D02C4A97
:100FC0002168914201D0514500D14846B0FBFBF168
:100FD000491C4F43B0FBF7F0491E0025401E6160DD
:100FE000C4E902502046256110F0E4FA2049206847
:100FF000884200E02EE001D050452BD11D4A90429E
:1010000012D0B0F1804F0FD01B4A90420CD08842D2
:101010000AD01A49884207D0504505D0184988425D
:1010200002D01849884215D11421684600E00FE02B
:10103000FFF72EFD5FEA080000D00720CDE900058C
:101040006946204610F099FF20B10CF0E5FC01E064
:101050000020F06005B00020BDE8F08FD8EA042041
:1010600000E2040088DF0420583100200004014021
:10107000000800400000014000040040000C004057
:10108000004001400018004038B1406828B10168B4
:1010900019B18868C00703D018E04FF0FF307047DF
:1010A000886840F0010088600D480E4A0068B0FB77
:1010B000F2F0102801D2102006E04FF400629042B6
:1010C00002D9104600E000BF401EFCD2086820F0A4
:1010D00004000860886840F4800088600020704741
:1010E000C8740420400D030030B54FF0FF35A0B1A7
:1010F0004168096889B100224CF250340FE08B68D6
:10110000DB070AD01346521CA34208D9086820F016
:10111000080008606FF0010030BD284630BD0B6844
:101120005B07ECD5CA6B82820A6CC2824A6C02836E
:101130008A6C4283086820F00C000860002030BDF3
:1011400000BF704770B50446006A002871D0204681
:10115000FFF7F6FF61684FF4885009684860E0685F
:10116000016801B9A068006A05684348296821F050
:1011700018012960296821F00101296000E000BF01
:101180002968C90701D0401EF9D22868C00702D0DB
:101190006FF0010070BDEFF3108672B63748A8609B
:1011A0002069E860E06A40086860002104F12800D6
:1011B0001CF084FB3248854207D131494FF47460FA
:1011C0002039086039201BF0C6F806B962B6A0685D
:1011D000006878B300214162A0680068026922F0CB
:1011E00001020261E068006840B14162E0680068A5
:1011F000016921F001010161E06800E0A068006878
:10120000C16841F48071C16060680068816840F223
:10121000011211438160286840F019002860A1681C
:10122000184A0868904206D1016A41F4805101626F
:101230000EE01EE016E0144A904210D1016A41F01F
:1012400001010162A0680068416C41F40041416401
:10125000A0680068016841F00101016002E00846F1
:1012600010F020FBE068006818B1016841F001014E
:101270000160002070BD0000400D03004C200140C3
:1012800028640240000800400000014070B50400DE
:101290004FF000051CD06068D0B10068C0B1A068F4
:1012A00000F054F8E06820B1A168884201D000F055
:1012B0004DF8606800688168214A1140816061686A
:1012C000A1B1E06838B102682AB1006A58B902E0F9
:1012D0004FF0FF3070BDA06818B102680AB1006A13
:1012E00008B9886B08B1016800E0002101B3154816
:1012F0000A6822F018020A600A6822F001020A60F5
:1013000000E000BF0A68D20701D0401EF9D2086889
:10131000C00702D06FF001050AE00B48814207D1F7
:1013200009494FF474602039086039201BF013F824
:1013300060680068016821F01E010160284670BDE8
:10134000FEFEBFBF400D03002864024000281CD0F1
:101350000168002919D0CA6822F48072CA60016845
:101360000A6822F001020A60084A0168914203D12A
:101370000A6A22F4805205E0054A914203D10A6AC2
:1013800022F001020A6210F009BB70470008004019
:1013900000000140002903D00844401E491E884334
:1013A00070472DE9FF4F81B01F461546040010D04D
:1013B00000F0CEF904F586710091029800F0E9FA88
:1013C000060009D0204600F087FF304605B0BDE892
:1013D000F08F4FF0FF30F9E7D4F80C01416B006B50
:1013E00000F06FFC00287ED0D4F80C01C16B806B3C
:1013F00000F067FC002876D0D4F80C01416C006C3A
:1014000000F05FFC00286ED0D4F80C0100F0BFF9AA
:10141000002869D0002D67D0874265D305EB070807
:101420000027C4F80471D4F80C112E46B946886D13
:1014300060B34D6D2021FFF7ADFF0746B54253D392
:1014400005EB070AC2454FD8D4F80C11C86DFF2828
:1014500004D98A6DC96983188B4205D9204600F0EA
:101460003BFF6FF00300B1E7D4F8141101EB000B60
:1014700011462846FFF7EAFAD4F80C015946826D66
:101480002846FFF722FAA81B07445546D4F80C015A
:10149000406B90B12021FFF77DFF284440455CD888
:1014A000C4F8D850D4F80C110546871B4A6BC4F811
:1014B000DC20096BC4F8E01005E0C4F8D890C4F84B
:1014C000DC90C4F8E090D4F80C01C06BA8B12021E6
:1014D000FFF760FF284440453FD8C4F8F850D4F8DF
:1014E0000C11CA6B01E03EE037E0C4F8FC20896BC8
:1014F0000546871BC4F8001105E0C4F8F890C4F84D
:10150000FC90C4F80091D4F80C01406C90B12021FB
:10151000FFF740FF284440451FD8C4F8EC50D4F8EA
:101520000C110546871B4A6CC4F8F020096CC4F8FE
:10153000F41005E0C4F8EC90C4F8F090C4F8F4900E
:10154000D4F8D80078B1D4F8EC0060B1D4F80C111C
:10155000A8EB0508CA6A90450BD2204600F0BCFEF5
:101560006FF0040032E7204600F0B6FE6FF007008F
:101570002CE720211046FFF70DFF074404F5947077
:10158000814600F0A1F9482104F5AE70FFF780FA1A
:10159000D4F80C01466916F4706F03D1029900F07B
:1015A00023FA06434FF00110C4E95706C4E959581D
:1015B000D4F8D800C4F86C01D4F8DC00C4F8700189
:1015C000D4F8F800C4F87401D4F8FC00C4F8780129
:1015D000D4F8EC00C4F87C01D4F8F000C4F804712D
:1015E000C4F880014946009800F0B4F9050004D021
:1015F000204600F0ADF82846E8E601206080002093
:10160000E4E60000054800680549884202D0054923
:10161000884201D1012070470020704714770420D0
:10162000494145434B4F4D532DE9F05F414A00245A
:10163000661E1368FFF7E6FF002879D03E48834214
:1016400001D1012700E000274FF0000B9146104622
:10165000C2F820B0C2F818B0C2F81CB05268856851
:10166000DFF8D880022A02D36FF0010051E06FF05A
:10167000040A102D10D807B175B10121104600F0F1
:1016800057FDC0BBD8F8D80040B1D8F8EC1029B14C
:10169000D8F8DC10A94204D250463AE04FF0FF30AF
:1016A00037E0FFF7D3F9D8E93B01FFF7CFF9D8F8D6
:1016B000F80018B1D8F8FC10FFF7C8F957B11D4869
:1016C000D8F8D810243003E010F8012B01F8012BD2
:1016D0006D1EF9D2194800F029FE060000D4002042
:1016E000D8F8F040102C00D9102412492346343188
:1016F000D8F8EC2004E00CE012F8015B01F8015B83
:101700005B1EF9D2042C04D3D8F8EC100968C9F890
:101710001C10C9F80C00C9F81060D8F80801C9F805
:101720001400C9F818400648C9F82000C9F800B0EC
:10173000BDE8F09F14770420494145432838002034
:101740004345414901490860704700001077042073
:1017500010B504000ED06088012806D1D4F80C0121
:1017600018B104F5867000F09AF82046BDE81040E4
:1017700000F0B2BD10BD012805D0022802D0032818
:1017800003D000207047042070470120704770B5D7
:10179000040019D02021606BFFF7FCFD05462021D5
:1017A000E06BFFF7F7FD05442021606CFFF7F2FDC9
:1017B00005442021A06DFFF7EDFD05442021E06ADE
:1017C000FFF7E8FD284470BD002070BD10B500F0A3
:1017D0005FFBE0B90F490868401C13D1087D88B948
:1017E0000024204600F0ACF838B1D0E900100A4BD4
:1017F0000A4A59405040014307D0641C022CF0D3E0
:10180000002020B14FF4803010BD0120F9E7002006
:1018100010BD000028000020474D494132334543A8
:1018200010B500F035FB00280ED0084800F0ABFDE5
:101830000648FFF78DFF06480168491C02D06FF08B
:10184000070101610021017510BD0000283800204A
:101850002800002001F0010252420A4203D0FF2971
:1018600001D9814202D36FF0030070470020704716
:1018700030B5002A0FD0084C11F8013B5840002326
:10188000C50702D084EA500000E040085B1C082B2A
:10189000F6D3521EF0D130BD2083B8ED704718B199
:1018A0008069002802D000474FF0FF3070470128C0
:1018B00005D0022802D0032803D00020704704205E
:1018C000704701207047000010B504000DD034218E
:1018D000FFF7DEF84FF00110206001206060034840
:1018E000A0600348E0600348206110BD75E614085D
:1018F00041E314089D181408002809D0806811B12C
:10190000096901B10846012803D0022804D000204B
:1019100070474FF4807070474FF4006070470000CC
:1019200009B1022802D36FF001007047034A00EBAF
:10193000400002EB8000086000207047C8F91508DD
:1019400008B56946FFF7ECFF08B1002008BD009814
:10195000006808BD10B58EB0040004D020690028CE
:1019600003D021B107E04FF0FF300EB010BD684644
:10197000FFF7AAFF69460868B0F1011F02D1486865
:10198000012802D06FF00700EFE722690846904770
:10199000EBE738B50C00054623D06946FFF7C0FFDA
:1019A00000281DD10021284600F060F9002817D139
:1019B00000980068C4E9000500990A68A2604A68B6
:1019C000E260026A0AB10B681A4422610A68436A3B
:1019D0001A446261806A08B109680844A061002065
:1019E00038BD4FF0FF3038BD38B50A46040004D08A
:1019F00069461046FFF794FF08B1002038BDA08A61
:101A000010F47060FAD121460098FFF775FF38BDD9
:101A100030B450B149B143693BB10A68B2F1011F1A
:101A200006D06FF0070030BC70474FF0FF30FAE788
:101A30008A686FF00404CAB10068CA68C56AAA421D
:101A400014D3426B22B10D6985B14D6995420DD316
:101A5000C26B22B18D694DB1CD69954206D3406C00
:101A600030B10A6A12B14A6A824201D22046DAE7EC
:101A700030BC0846184700002DE9F04FC1B00D46B4
:101A8000040016D040A92846FFF74AFF002812D1CB
:101A90004098724E724BD0E90021891A01F1010879
:101AA000D4E90021724059406FF003090A4371D113
:101AB00004E04FF0FF3041B0BDE8F08FA1686FF057
:101AC0000706012969D1E168B1F1011F65D1A16C57
:101AD000012962D1216911B18068814264D1207DE0
:101AE000C00757D029462046FFF77EFF054621460E
:101AF0004098FFF701FF4FF40067B84201D14FF45F
:101B00006060054250D0681E05424DD14FF4007B05
:101B10004FF4807A5D4504D0B5F5806F01D0BD42A9
:101B20001ED1206BFFF7C3FE98B3616B89B3B1FB85
:101B3000F0F200FB121272BB5D4502D100EB4000D7
:101B400008E0B5F5806F04D0BD4209D100EBC000BC
:101B500000E0C000B1FBF0F200FB1210D8B904E0C5
:101B6000554502D1606E40283DD2E06B0028A06B45
:101B700012D0FFF79CFE60B1E16BB1FBF0F200FB0D
:101B8000121232B9C000B1FBF0F200FB121010B912
:101B900005E002E049E026E008B130468BE74099D5
:101BA000A0690968884202D06FF0010083E7E0690C
:101BB000FF2818D9404516D8A16D0546B1B1294B6B
:101BC000626D1344B3F5703F2FD2E56DFF2D2CD914
:101BD00085422AD253189A4205D8234A934202D802
:101BE0002944814206D96FF0040064E7616DE1B9D0
:101BF000E16DD1B9616AFFF72DFE0028CED1606A90
:101C0000A84212D2216A09B1A9420ED2A06A08B133
:101C1000A8420AD219B1E069FFF71CFE28B9A16AEF
:101C200029B1E069FFF716FE08B1484643E755467B
:101C3000524621466846FEF7CFFE002014902A4601
:101C40006946401EFFF714FE216DC043814202D059
:101C50006FF006002FE700202DE70000474D4941B7
:101C600032334543804BFFDF80740420F8B50D46C6
:101C700006466946FFF754FE002818D10098314601
:101C800004682046FFF7F8FE002810D10098E269AA
:101C900001684FF0FF3001F58071A2F58072FFF707
:101CA000E7FDE16CC043814202D06FF00600F8BD51
:101CB0002DB14FF4807221462846FEF78DFE00209C
:101CC000F8BD00B551B100280AD0FFF754FD30B17E
:101CD000B1FBF0F200FB121008B902E008B10020DD
:101CE00000BD012000BD000010B5040017D0FFF7B3
:101CF0006DFD0246B0F5683F00D900224FF4683010
:101D000000590119064C0748E160C4E901121BF0B3
:101D1000C5FC00206075BDE8104000F0D5B910BDCD
:101D200028000020F0F50420002903D00844401EBC
:101D3000491E8843704700002DE9F04104002DD072
:101D40001948417D51B3D0E901504619A06D6FF09B
:101D5000040750B1616D08442021FFF7E5FF616D74
:101D6000A9421ED3B0421CD805462021606BFFF764
:101D7000DBFF05442021E06BFFF7D6FF054420215F
:101D8000606CFFF7D1FF05442021E06AFFF7CCFF2C
:101D90002844B04205D80020BDE8F0816FF007006C
:101DA000FAE73846F8E700002800002070B504463E
:101DB0002021FEF74BFE2F48304D008820802E4812
:101DC000C1896180018AA180418AE18001892181E4
:101DD000418961818189A1810188E18141882182D4
:101DE00080886082D5F800034FF6FF71A0FB0101E7
:101DF00040F6E4425310C018002641F1000133467A
:101E0000FEF7CAFB1E4AA082E68292ED000A1D4937
:101E100010EE100ADFED1C0A884201DDB0EE600A08
:101E200010EE100A4FF047439FED181A984201D95F
:101E3000B0EE410ABDEEC00A10EE100A208392ED0A
:101E4000010A10EE100A884201DDB0EE600A10EEC1
:101E5000100A984201D9B0EE410ABDEEC00A10EE58
:101E6000100A6083D5F8F802A083D5F8F802000CB8
:101E7000E08370BDE854042080E90420D8F20420F7
:101E8000D079042000FEFF4600FEFF46000000C798
:101E90000448406820B1D0F8C00008B10120704764
:101EA00000207047D8F204200AB1084402E0002064
:101EB0007047801A9042FCD2704712B900207047D8
:101EC000891A9142FCD2884201D3401A7047081AFD
:101ED000101A70472DE9F05F0C465FEA000A93463E
:101EE0004FF0FF3824D01046FFF745FC00B3B4FB99
:101EF000F0F100FB1141D9B9B4FBF0F6D6B372B6DC
:101F00002848836828498F6842684D6862B6806BAC
:101F100070B1886B60B1402A0AD3402D08D32348A2
:101F2000006828B12248D0F80C01446E402C02D33E
:101F30004046BDE8F09F40211846FFF7BEFF8146AE
:101F40002A4640213846FFF7B8FF202C01D2154F12
:101F500000E0154F01D3A4F12004A04600D248466A
:101F60007A684FEA8611A1F14001FFF7A6FF054606
:101F7000002412E013E005EB4801384600F08CF82D
:101F800003B222465946504600F02AF97A684021A9
:101F90002846FFF789FF0546641CB442EBD30020B6
:101FA000C7E7000098E90420D8E90420D8EA042013
:101FB000283800202DE9FF4F89B00024169F09988A
:101FC00099460D46661E60B1B9F1000F09D047B1C0
:101FD0000B98FFF7D0FB20B1B5FBF0F100FB1151DE
:101FE00019B130460DB0BDE8F08FB5FBF0F616B371
:101FF000F019401EB0FBF7FB72B6264988684A68A4
:10200000009262B6896B09B1202A15D26846FFF7A3
:10201000CDFE6D460DE0B4FBF7F007FB1041224604
:1020200019F801000B9935F91030099800F0D8F82B
:10203000641CB442EFD32BE02021FFF73EFF4FEAB0
:102040004B112039009AFFF738FF824600201CE030
:1020500000250EE019F805000AEB40010D4800F0DC
:102060001BF803B222460B99099800F0B9F8641CDA
:102070006D1CBD4201D2B442ECD320215046009ADF
:10208000FFF712FF824608F1010080465845DFD372
:102090000020A7E758EA042010B520B1826B12B1E6
:1020A0004368022B01D2002010BD4368B1FBF3F05E
:1020B00003FB1010411CB1FBF3F403FB1413105C81
:1020C000D15C40EA012010BD70B5174800F05BF903
:1020D0001548FFF73DFB154D6FF007042868401CBD
:1020E000687D07D020B1A86810B1FFF7D1FE28B1F4
:1020F0002C6170BD0028FBD00024F9E70B48183094
:10210000FFF71AFE28B9D5E9023207482968FFF718
:1021100048F928610028ECD1287D0028E9D0BDE8E5
:102120007040014800F028B928380020280000201D
:102130002DE9F0470E46284980468946FFF796FD6F
:10214000254D04004FF0FF37A5F1180502D02F6090
:102150002C612EE0C5F80080FFF79AFE0446687DEA
:1021600010B1A86800B184B11C4800F00CF91B48FC
:10217000FFF7EEFA6FF007002861002E03D0002C65
:1021800001D000212975BDE8F0874846FFF7D4FD4E
:10219000286130B9D5E9023210482968FFF701F902
:1021A000286104000DD04FF4807148462F60FEF77F
:1021B0006FFC0A4800F0E7F80848FFF7C9FA204624
:1021C000E1E7064826B100F0D7F801202875F6E7C8
:1021D00000F0D9F8F3E70000400000202838002084
:1021E000012906D002290DD0032901D1190A8154F1
:1021F000704700EE103A00EB8200B8EEC00A80EDA6
:10220000000A704720F8123070470000F8B5304DD2
:102210004FF0FF346888012832D1D5F80C217AB309
:10222000D5F8D81061B3D5F8DC1049B3D5F8101142
:102230001046D835FFF7D8FB064675E83601FEF79D
:1022400005FC30460826B0F5807F09D0B0F5007F48
:102250000DD0B0F5806F15D0B0F5006F10D118E03B
:10226000D83595E80700D83DFFF734FE06E0032097
:10227000D835009095E80700164B11E0040013D004
:102280002046F8BDD835009695E80700114B10336D
:1022900006E00920D835009095E807000D4B18336B
:1022A000D83DFFF787FEE9E7D5F8F80068B1D5F823
:1022B000FC1051B1FEF7CAFBF8350096054B95E8C6
:1022C00007000833FFF776FEF8BD0020F8BD0000D8
:1022D00028380020E0F9150810B504461C2100F547
:1022E0008670FEF7D5FB342104F59470FEF7D0FB21
:1022F000482104F5AE70FEF7CBFB00219CB104F140
:102300009802C4F8D82003204023C4E93730C4E938
:102310003D01C4F8FC104C32C4F800110823C4F885
:102320000411C4E93B23618010BD000070B50400B6
:1023300002D02078800702D44FF0FF3070BD0D4EE0
:1023400075686088012807D016F05CF87068401B3B
:10235000C4F80801206D70BD04F5AE7104F58670F7
:10236000FFF756FB7168491BC4F808110028F2DB1F
:10237000206570BD001000E0002803D0018841F006
:10238000020101807047002803D0018821F002017A
:10239000018070477FB5284C00206076A076E076FB
:1023A00020772087254E306808B1002000E001200A
:1023B0004FF48071CDE90210214B4A00CDE9002392
:1023C000204A2149214806F085F90125F8B100216C
:1023D000052006F09FF84021184808F099FE0122D8
:1023E0001146052006F04EF8306B10B31849194815
:1023F000828BC06892B2CDE90202CDE90015164881
:102400001649D0E909231648FEF73EFD7FBD01219C
:10241000052006F07FF8052005F0FEFF06F046FBDC
:1024200014221049094806F0A3FA0028DCD065768A
:10243000DAE70021DBE70000A8540420D8EA0420F2
:10244000000402401CA7002060A20020D039002018
:10245000007102008054042088DF042018A20020AC
:10246000B8F904206CE9042070B5164D287818B12D
:102470001548B0F8980208B1002070BDA87918B9C5
:1024800017F00AFA0028F8D017F009FA0028F4D05B
:1024900000242C70AC710D48022180F8F012A0F8D5
:1024A000124317F013F908B10BF0B6FA08F0D6FF93
:1024B000074808A10A6882638988818780F83E40BE
:1024C000012070BDA854042058310020D8F2042007
:1024D000A855042043453634535F000070B5144CB2
:1024E0002078002803D0FFF7BFFF08B1002070BD9F
:1024F00010480025B0F89802012817D00E48012195
:1025000080F8F012A0F8125317F0B8F808B10BF0E9
:1025100083FA08F0A3FF094809A10A688263898841
:10252000818780F83E502570012070BD2570DDE761
:10253000A854042058310020D8F20420A8550420C3
:1025400043453634585F00002DE9F047334F6FF0B4
:10255000020907F54055D5F8340230B1816B21B13D
:10256000096811B10020BDE8F087EFF3108672B65C
:1025700018B1806B08B10068C0BB29490868C00762
:1025800009D1D5F83002C268120604D4D5F8382231
:1025900012F4A03F02D04FF0FF303BE0C26822F0BF
:1025A0008002C2601F48426922F0800242611E4CD4
:1025B0004FF000604FF00008C4E900104020010116
:1025C000A060C4E90381C4F81480C4F81880C4F87A
:1025D0001C80C4F820802046C4F824800BF00EFE36
:1025E00028B16FF00100C4F8008013E00FE00F483D
:1025F0008463A06346200CF0A5FE384607F087F9F7
:10260000D5F8340228B1806B18B1006808B10020F9
:1026100000E04846002EA6D162B6A4E7209D042023
:10262000B86402400010014040FB04202CA60020AA
:102630002DE9F0418046454886B00025016841F00B
:1026400002010160016801F002010591016841F099
:10265000040101600068142100F004000590684640
:10266000FEF716FA4FF4804401260094CDE9016587
:10267000374F6946384603950BF00AFF6000CDE9F5
:1026800000060320CDE90250694638460BF000FFF2
:102690000122214638460BF0E8FF2E48006808B9B1
:1026A00016F096FF2C4CD4F8B40218B94FF49640AB
:1026B000C4F8B40284F8B9522649284806F0F9FA59
:1026C000274804F03EFD274804F03BFD2548322210
:1026D00025497A38FEF7F9F8B8F1000F07D06420E1
:1026E0000BF02EFE1D4804F0C9FFE0B121E01848B0
:1026F0001830016841F480410160B4F8B00220F064
:102700000800A4F8B00204F52C7400F05DF92088EC
:1027100020F08000208054F87C0C09F0F1FC208827
:1027200040F00200208010482C38016841F002017E
:1027300001600E48C16841F02001C160C16821F408
:102740000051C16006B0BDE8F081000030380240A1
:10275000000802402CA6002020CD0420209D04204B
:10276000B8D4042054D00420E055042000100140C7
:102770002DE9F04116460F465FEA00084FF00004CD
:1027800001D007B12EBB4FF0FF30BDE8F081351B03
:10279000142D00D9142539192A46404601F0F4F8C1
:1027A00010B16FF00100F0E7404606F0A5FE401CB6
:1027B00006D0404606F0C0FF28B16FF00300E4E702
:1027C0006FF00200E1E72C44B44202D232200BF059
:1027D000B7FDB442DBD30020D7E72DE9FF4F85B02A
:1027E00000240599601E149F129E9946934603F19A
:1027F000040A00294AD0BBF1000F02D1B9F1000F41
:1028000044D147B11399002940D04E453ED8A9EB99
:102810000601B9423AD3E846544536D2AAEB04053C
:10282000142D00D9142500201DE0211810D00129F5
:1028300010D009F10202914225D2891E77B1B1422E
:102840000CD3F2198A4209D98A1B13998A5C07E0D2
:10285000AD2205E0069908F8001003E01BF80120FE
:1028600008F80020401CA842DFD32A466946059894
:10287000FFF77EFF002809D12C445445CCD23220EA
:102880000BF05EFDC8E7DA22EAE7002009B0BDE8F8
:10289000F08F000030B51648144C85B0C17B89B16B
:1028A000144DA8680390298A31B103AA284602F082
:1028B000B1FF08B1A8680390E968039A914205D96D
:1028C000881A04E00121017405B030BD0020042203
:1028D000049004A94FF488708DE80700D301064ADC
:1028E00090212046FFF779FFEEE70000209D0420AD
:1028F000A854042070580420D8EA04200848D0F8CE
:102900005C0100B90748D0F81011074AB1FBF2F298
:102910000649A1F89E220089A1F8A2027047000092
:1029200070580420D8EA042080841E0020CD0420A2
:1029300070B50E4605000DD005F54054D4F83402AC
:1029400040B1006830B1284606F0F6FE28B16FF0BD
:10295000010070BD4FF0FF3070BD05F58055D5F812
:102960000C0920B9D4F838021649084202D06FF099
:10297000020070BDD4F8340258B1806B48B10068D1
:1029800038B1416811B90068C00702D06FF0030088
:1029900070BD0BF06FFE054608E00BF06BFE401BB0
:1029A000142802D36FF0040070BD00BFD4F83402C5
:1029B000006800684006F0D516B130460BF0C0FC48
:1029C000002070BD204001000248016841F0004134
:1029D000016070471808024010B5FFF7F5FF0BF0D3
:1029E00049FE02493230086410BD00002855042019
:1029F00010B5044600F016F8002C12D0002810D0B4
:102A0000017B890702D5416901B12181017B490719
:102A100001D581696160017B090702D5C069C4F8ED
:102A2000A40010BD10B50748074C084BD0E90021A1
:102A3000624059400A4302D18168012900D0002038
:102A400010BD000000C000084746434432334543F0
:102A500002460121162000F015B80246012102208D
:102A600000F010B802460321122000F00BB8024615
:102A70000421112000F006B802460221102000F0C7
:102A800001B800002DE9FC4103248DF80040B0247A
:102A90008DF8014032248DF80240CE248DF80400D8
:102AA000FF238DF8051000258DF803408DF80620D2
:102AB0006F4607267C5D634000245FEA036C02D505
:102AC00086EA430300E05B00641CDBB2082CF4D30D
:102AD0006D1C072DEED340EA012040EA024040EA97
:102AE00003640D48016841F080510160006800F006
:102AF000805000900DF010FA084A102108480DF09F
:102B000079FE2246112106480DF074FE0DF0F8F909
:102B10000020BDE8FC8100004038024003B032CE06
:102B2000B4A200200A49486E8A6F00EB400080087A
:102B3000824204D3886F4A6ED243904206D30889FA
:102B4000012803D1012102481AF0B4BB70470000EC
:102B5000483A00207FB506460D46082005F05CFC8B
:102B600000F048F8134C20200821CDE90041CDE9C0
:102B700002402B4632461049104801F01FFA78B146
:102B80000021082005F0C6FC01221146082005F0AE
:102B900079FC0A4801F07CF94FF0FF3004B070BDB9
:102BA0000121082005F0B6FC082005F035FC0020C6
:102BB000F4E700000004024084A30020483A00200B
:102BC000094810B5C06A4FF0FF3440B10748816929
:102BD0008068FFF7BFFF002800D0204610BD0448E2
:102BE00001F056F9F9E70000D8EA042080540420E7
:102BF000483A002015F00EBA10B51AF085FB08F01F
:102C00006FFF002010BD10B504462DED028B403043
:102C100091ED000A0AF089FAB0EE408A84ED008A4C
:102C200004F562700AF081FAA06A012820D0F0EE63
:102C3000408A41F23871B0EE680A60180AF075FAFD
:102C400084ED010A84ED048AC4ED058A002104F5AF
:102C5000D4500AF029FB41F6A820005DC0070AD035
:102C6000BDEC028B2046BDE81040002100F0F0BD15
:102C7000F0EEC08ADDE7BDEC028B10BD704770B589
:102C800004462DED028B0D4691ED000A40300AF00E
:102C90004CFA606A012847D0B0EE408A41F2F03128
:102CA000B0EE480A60180AF040FA84ED000A95ED8B
:102CB000010A04F562700AF038FAA06A012836D0D9
:102CC000F0EE408A41F23871B0EE680A60180AF0FE
:102CD0002CFA84ED010A84ED048AC4ED058A94ED92
:102CE000000A002104F5D4500AF0DEFA41F6BC20B7
:102CF00094ED010A012120440AF0D6FA04F580552A
:102D000095F8A80AC00703D00021204600F0A0FDD6
:102D100095F8E40AC0070DD0BDEC028B2046BDE853
:102D20007040012100F094BDB0EEC08AB6E7F0EE2D
:102D3000C08AC7E7BDEC028B70BD00002DE9F047EB
:102D400004462DED0C8B0D46403091ED000A0AF043
:102D5000ECF941F2F031F0EE408A60180AF0E5F942
:102D6000B0EE40AA95ED010A04F562700AF0DDF9B3
:102D700041F23871B0EE408A60180AF0D6F9B0EE30
:102D800040CA2AEE0A0A08EEA80A10EE100A1CF041
:102D900037FA41EC100B19F003FE51EC100B1BF04D
:102DA000ADFB2CEE0C0A206008EE080A10EE100AAB
:102DB0001CF026FA41EC100B19F0F2FD51EC100B4F
:102DC0001BF09CFB6060C4ED048A84ED058A94EDE1
:102DD000000A002104F5D4500AF066FA41F6BC223C
:102DE00094ED010A0121A0180AF05EFA04F580575B
:102DF000002597F8A80AC00700D0012518EE900A10
:102E00001CF0FEF941EC190B1AEE100A1CF0F8F94F
:102E100041EC100BB0EE491AF0EE691A19F05CFCA7
:102E200051EC100B1BF06AFB09EE100AE06A594ED8
:102E30004FF0010890ED5D0AD0ED618AB4EEC09AC2
:102E4000F1EE10FA02DA0025C6F808809FED52ABC9
:102E50009FED53BBF4EEC08AF1EE10FA21D218EECA
:102E6000900A1CF0CDF953EC1A2B1BF079FB1BF0E8
:102E700045FB08EE900AB06840001BF01AFE53ECC8
:102E80001B2B1BF0C3FE41EC1D0B19EE100A1CF0AE
:102E9000B7F953EC1D2B1BF063FB1BF02FFB09EE66
:102EA000100A4FF00009B4EEE89AF1EE10FA03DBD5
:102EB000002000F0DDFC06E02DB10021204600F0EE
:102EC000C7FCC6F8089097F8E40A0025C00700D0B0
:102ED000012518EE100A1CF093F941EC180B1CEEBA
:102EE000100A1CF08DF941EC100BB0EE481AF0EE10
:102EF000681A19F0F1FB51EC100B1BF0FFFA08EE09
:102F0000900AE06A90ED5D0A90ED618AF4EEC08A65
:102F1000F1EE10FA02DA0025C6F80C80B4EEC08A91
:102F2000F1EE10FA21D218EE100A1CF069F953ECF8
:102F30001A2B1BF015FB1BF0E1FA08EE100AF068E3
:102F400040001BF0B6FD53EC1B2B1BF05FFE41EC69
:102F5000190B18EE900A1CF053F953EC192B1BF0C7
:102F6000FFFA1BF0CBFA08EE900AF4EEC88AF1EEF5
:102F700010FA06DB012000F07BFCBDEC0C8BBDE8F9
:102F8000F087002DF9D00121204600F061FCC6F841
:102F90000C90F2E7A8740420112D4454FB21194031
:102FA000112D4454FB21094070B504462DED028BD0
:102FB0000D4691ED000A40300AF0B7F8606A01282A
:102FC00043D0B0EE408A41F2F031B0EE480A6018CA
:102FD0000AF0ABF884ED000A95ED010A04F5627081
:102FE0000AF0A3F8A06A012832D0F0EE408A41F23C
:102FF0003871B0EE680A60180AF097F884ED010A9B
:1030000084ED048AC4ED058A94ED000A002104F5DC
:10301000D4500AF049F941F6BC2094ED010A01218F
:1030200020440AF041F904F5805090F8A81AC90725
:1030300011D090F8E40AC0070DD0BDEC028B2046F9
:10304000BDE87040002100F003BCB0EEC08ABAE7D2
:10305000F0EEC08ACBE7BDEC028B70BD2DE9F05FCE
:1030600004462DED028B00F58059C162002004F565
:103070000056C9F8F82A9FED398A92468846A6F884
:103080002C030546834604EB4507F88B20F40060CB
:10309000F883A08B052809D90AEB4520D0F88410C5
:1030A0000A2903D250F8841F18310160284600F025
:1030B000DDFB2946204600F0CDF92946204600F0E8
:1030C00053F804EB8501012007F580574862A7F803
:1030D00018BFA7F81CBFB6F82411C01EA8400140B5
:1030E000A6F82411B6F828110140A6F828110020EE
:1030F00004EB052101EB800202F50052401C82ED39
:103100004B8A4028F6DB6D1C022DBCDBE06A90F890
:1031100040016083D8F87021D8F86C11204600F087
:1031200015FAC4F82C80D8F8A400A083A4F822B023
:10313000AD2189F8201FAE2189F8211FDA2086F8F9
:10314000220186F823010648E06306480068BDECCA
:10315000028BBDE8F05FFDF77BBB000000000000C4
:1031600079381408282800402DE9F8430646C06A3B
:103170000F4600B1406B40F2E24100B9084680B210
:10318000B0FBF1F1C7EB0710C0EBC00006EBC005C8
:1031900005F5DA6005F5566404294AD004DC0129F6
:1031A00072D002292FD15AE0082915D010292AD12E
:1031B000DFF80081032308F14802A2F12401CDF8D1
:1031C00000800AF001F808F1480220460323A2F12A
:1031D0002401CDF8008014E0DFF8D880032308F143
:1031E0006C0808F14802A2F12401CDF8008009F032
:1031F000EBFF08F1480220460323A2F12401CDF899
:10320000008009F0E1FF41F6F820805900EB4722E9
:1032100041F2F030291805F1400006F09DFBC7EBA4
:10322000071006EB8000BDE8F84300F5D4500AF023
:1032300003B8DFF88080032308F1D80808F14802BA
:10324000A2F12401CDF8008009F0BEFF08F1480288
:1032500020460323A2F12401CDF80080D1E7DFF856
:1032600058800323A8F1FC0202F59071CDF800808C
:1032700009F0AAFFA8F1FC022046032302F5907191
:10328000CDF80080BDE7FFE7DFF82C80032308F1CD
:10329000480808F14802A2F12401CDF8008009F0A5
:1032A00093FF08F1480220460323A2F12401CDF840
:1032B0000080A6E7DCF3150820F515082DE9FC478A
:1032C00089460446002500F5805604EB8508D6F8AB
:1032D000F80AD8F8303000EB452001AA4946984753
:1032E000C5EB0510C0EBC00004EBC00000F5DA60D0
:1032F00007469DED010A09F018FF88ED020AD6F88D
:10330000F80A6A4600EB4520494608F015FF3846A2
:103310009DED000A09F009FF6D1C8DED000A022DDC
:10332000D3DB208B618B884225D10020208304F5DC
:10333000005104EB0022B1F82C339DED000A02EBA2
:10334000830202F50052401C82ED4B0A0228F0DB9A
:1033500091F82C03401C00F03F00A1F82C0304F16D
:103360000801A26B0D4620469047E26B2946204695
:103370009047BDE8FC87401C2083FAE710B500F5B4
:10338000D8510446D1E90223521E43F1FF33C1E96B
:103390000223D14371EA030107D100F007F8204668
:1033A000BDE81040002100F053BA10BD2DE9F041F6
:1033B0002DED028BC16A01B1496B09B940F2E241BE
:1033C0008DB200F5D854FDF7AFF800EE100ADFED2E
:1033D000180AD4E90060B8EEC00A801B60EE200A2B
:1033E00000EE100AB8EE400A20EE800A10EE100A35
:1033F0001BF0C6FF361841F1000728461BF070FB92
:103400009FED0C1B53EC112B1BF05EF941EC180BDC
:10341000304639461BF078FB53EC182B1BF0F6FBBB
:103420001BF072FFC4E90201BDEC028BBDE8F08124
:10343000000000300000000000002440044A32F880
:10344000441F21F4805141F40051118007F074BEF3
:10345000A85404202DE9F041C66A86B00D46044602
:103460000EB1706B00E0002008B940F2E24087B274
:1034700041F6F820B4F81A80005900EB452104EB1E
:103480008500303008F084FE06EB850005F0FF0C67
:10349000D0F8E830D0F8D82050F8A81F0DF1040E6D
:1034A0008EE80E100169009190ED160A016C016B17
:1034B00001680069D6F8FC30D6F8F820C5EB051095
:1034C00004EB8000394600F5D45009F0BBFE2946D4
:1034D0002046FFF749FEE06AD0F8A400002180B240
:1034E000A083A4F81A802183082809D2DFE800F01D
:1034F00004060F11131517190B4800E00B48A063C1
:103500000B48006806B0BDE8F041FDF7A1B90948D5
:10351000F5E70948F3E70948F1E70948EFE7094803
:10352000EDE70948EBE700007D2C14085B35140833
:10353000282800407F2C1408072C1408A92F1408F1
:103540007D331408BD3514083D2D140800F5805353
:1035500003F5306306C3FFF729BF10B504462DED10
:10356000028B403091ED000A09F0DFFD606A01280E
:103570001ED0B0EE408A41F2F031B0EE480A601839
:1035800009F0D3FD84ED000A84ED048A002104F5DE
:10359000D45009F089FE41F6A820005DC0070AD08A
:1035A000BDEC028B2046BDE81040002100F050B970
:1035B000B0EEC08ADFE7BDEC028B10BD70B50446EB
:1035C0002DED068B403091ED000A09F0AEFD41F281
:1035D000F030B0EE408A204409F0A7FDF0EE408ABA
:1035E00028EEA80A08EE080A10EE100A1BF008FEE2
:1035F00041EC100B19F0D4F951EC100B1AF07EFFCE
:10360000206084ED048A18EE100A1BF0F9FD41ECED
:10361000190B18EE900A1BF0F3FD41EC100BB0EE05
:10362000491AF0EE691A19F057F851EC100B1AF01C
:1036300065FF0AEE100A18EE100A1BF0E1FD41ECDE
:10364000190B18EE900A1BF0DBFD41EC100BB0EEED
:10365000491AF0EE691A19F03FF89FED311B51EC51
:10366000100B53EC112B1BF02FF89FED2F8B53EC0D
:10367000182B1BF0CBFA53EC182B1AF071FF1AF031
:103680003DFF6060606194ED000A002104F5D450B4
:1036900009F00AFE41F6A8200025005DC00700D011
:1036A0000125E06AD0ED5D8A90ED618AB4EEE88A8A
:1036B000F1EE10FA0DD218EE100A1BF0A1FD9FEDED
:1036C0001C1B53EC112B1AF04BFF1AF017FF08EEDE
:1036D000100A194E35B1B4EEE8AAF1EE10FA01DB8A
:1036E00086ED01AAD6ED010AB0EE4A0A1AF09AFE5A
:1036F000B4EEC80A86ED010AF1EE10FA05DB0020EF
:1037000000F0B6F8BDEC068B70BD002DFAD0BDEC14
:10371000068B20460021BDE8704000F099B80000FB
:10372000112D4454FB21094000000000004CCD4005
:10373000112D4454FB211940A874042010B5838B2B
:1037400000F5D45141F6BC244FF400622044082B0C
:1037500006D2DFE803F005040606060404068A62C2
:1037600010BD8A62826210BD044931F8440F20F412
:10377000005040F48050088070470000A854042096
:1037800070B52E4D0400B5F8400002D0012C07D1D1
:1037900002E040F0010001E040F00400A5F8400024
:1037A0002748D0F8A000012842D10AF063FF254B3A
:1037B000002153F82420861A71EB01060E4606D22A
:1037C000821A66EB0101521E41F1000102E0821AE9
:1037D00066EB010143F824000A2300209A1A88416D
:1037E00026D21948418801290ED1007880070BD5CF
:1037F000FEF70CFD18B91448FEF798FD20B135F816
:10380000400F40F4006012E0B5F8400020F4006082
:10381000A5F840000120A040C1B20C4807F0C2FE4C
:103820003CB1012C04D135F8400F40F0080028804D
:1038300070BD35F8400F40F00200F8E7A8540420AE
:10384000D8EA0420D0550420283800205801002050
:1038500010B500F500500122B0F826318A4013431C
:10386000A0F826310846FFF78BFF10BD00BF704758
:1038700000BF704700BF704700BF704770B500F5CC
:103880008053D3F80C499CB3D3F8085900EB850654
:1038900006F58056D6F84C4800EB450000F5805000
:1038A000B0F8345811B1D6F804680E6002B1146053
:1038B000D3F80819491C0C29D3F8081901D2491C5E
:1038C00000E00B39C3F80819D3F80C19491EC3F8E6
:1038D0000C19B3F87C182144A3F87C18B3F87C18B1
:1038E0002944A3F87C180021A0F83418084670BDBC
:1038F000FFE74FF0FF30FAE730B500F58053D3F81B
:103900000C29A2B393F8FC280024C2B9D3F80829E3
:1039100000EB820202F58052D2F80428C3F8F028A6
:10392000D3F8082900EB820202F58052D2F84C2825
:10393000C3F8F828C3F8F448012283F8FC28D3F828
:10394000F428D3F8F0581544521CC3F8F4282A7808
:103950000A70D3F8F418D3F8F828914205D383F805
:10396000FC4800221146FFF789FF002030BDFFE729
:103970004FF0FF30FAE700F580500021C0F8F4184E
:1039800080F8FC1808467047F8B514460D46064600
:103990006A46214600F06CF810B14FF0FF30F8BDD8
:1039A000224629460098FCF790FF304600F001F8C7
:1039B000F8BDF0B500F5805191F8EC284FF0FF36D6
:1039C000BAB1D1F80C290C2A13D2D1F80049D1F898
:1039D000E05800EB440303F580532A1A921EB3F813
:1039E000343892B2B1F87C78D1F8E8C89C44674585
:1039F00001D23046F0BD00EB840000F58050C0F8E5
:103A00000458D1F8E848C0F84C48B1F87C08D1F81F
:103A1000E8482344C01AA1F87C08D1F8E80810440B
:103A2000B0F5C05FD1F8E80801D3A2F5C052104448
:103A3000C1F80409D1F80009401C0C28D1F800098C
:103A400001D2401C00E00B38C1F80009D1F80C0984
:103A5000401CC1F80C09D1F81009401CC1F810092C
:103A6000002081F8EC08C1F8E808C1F8E408F0BDCE
:103A70002DE9F04100F580549046D4F8042986B031
:103A800093B2C3F5C05295B20022561EB1F5C05F85
:103A900073DCD4F80C790C2F6FD2A94201DB2A46D3
:103AA0000023B4F87C588F18BD4266DB03449B1C8E
:103AB000C4F8E038C4F8E8180026C4F8E468012126
:103AC00084F8EC18D4F8001900EB410101F580519D
:103AD000A1F83428D4F80019294F00EBC10532466B
:103AE0006946384605F5C4550CF044FF324605A931
:103AF00038460CF01DFF9DF801009DF80210C0EB48
:103B0000001001EB800028601E4B029810B9186964
:103B1000C0F30E000199814200D90146029A401A71
:103B200012B91969C1F30E0242F20F71904200D925
:103B300010460AB1914203D1884214D9084612E0D6
:103B4000521C0346710842F210774FEA3200E3FB41
:103B500007014FF00003FCF71FFD7B1E00221B1A1C
:103B60008A4100D2781E6860D4F8E0180020C8F8B6
:103B7000001006B0BDE8F081FFE73046F9E700002D
:103B8000B4A200200028004000F58050D0F8E428BE
:103B9000D0F8E8389A420AD2D0F8E428D0F8E038D1
:103BA0001344521CC0F8E428197000207047D0F864
:103BB000E418491CC0F8E4184FF0FF307047A0F239
:103BC0001C7000F500500021017241600160016B22
:103BD000491C01630020704700F58050D0F8E818B8
:103BE000D0F8E408081A704710B500F58053D3F8F0
:103BF0000C499CB1D3F8084900EB840404F58054C7
:103C0000D4F804480C60D3F8081900EB810000F5E3
:103C10008050D0F84C081060002010BD4FF0FF30ED
:103C200010BD00F58050D0F80C09704710B504465F
:103C300041F61811FCF72CFF04F580544FF4C051E5
:103C4000A4F87C18002010BD10B504480EF0F7F958
:103C5000BDE81040024807F066BB00002CA600201B
:103C60005801002010B5044615F0B2FC2046FEF7BE
:103C7000DFFCFEF7A9FEFEF767FC094805F047FEEA
:103C800024B1BDE81040064803F0CABB0548C1682E
:103C900041F40051C160BDE81040014805F02CBC62
:103CA000209D04200010014003480078122802D112
:103CB000024808F04FBF704740010020A0FB0420DD
:103CC00000BF70472DE9F04F514986B003AE1CC9C3
:103CD0008DE81C000EC986E80E00DFF830C1002513
:103CE0002C464FF0FF3ED8B3066ACEB30023EA4617
:103CF0000DF10C094FF00C0B5AF82320002102EBB8
:103D00008207C7EBC2120BEB820859F8212042440C
:103D1000571C674508D2B25CF75D02F07F0247EAA4
:103D2000022205EB5215641C491C0329EDD35B1CD0
:103D3000032BE1D3A4B1B5FBF4F1A1F50073DA17BD
:103D4000A0F8481003EB127290F84A30314D03EBA3
:103D50002214036DEA698B4207D2521CEA6117E014
:103D6000FFE7704606B0BDE8F08F2A4B466D9B69B1
:103D70008E4201D95B1C0AE0002A01DC002200E02F
:103D8000521EEA61002B01DC002300E05B1EAB61E8
:103D90000022FF2C03DDFF2180F84A1006E0002CF2
:103DA00002DA80F84A2001E080F84A40E9692029D7
:103DB00006DD90F84B1001B1491E80F84B10EA6106
:103DC000A969202907DD90F84B10032900D0491C70
:103DD00080F84B10AA6190F84D2090F84A30920775
:103DE000120E42EA032290F84B30017E03F00303E7
:103DF00042EA031290F84C3001F0030103F0030390
:103E000042EA83020A4302830020ABE70C67020008
:103E1000440C16081456042070B501682023CA6C9F
:103E2000916D92F85C2003FA02F28A60026808241D
:103E3000D26C92F85C2004FA02F28A6002681025C3
:103E4000D26C92F85C2005FA02F28A6002680126C0
:103E5000D26C92F85C2006FA02F28A6001688A6CE1
:103E6000916D92F85C2093408B600268926C92F89E
:103E70005C2094408C600268926C92F85C209540C3
:103E80008D600068806C90F85C0086408E6070BD2C
:103E900010B50021017101810221C18000F002F8FA
:103EA000002010BD10B504480CF0ADFF03480168B8
:103EB00041F48021016010BD84A300201804024059
:103EC0002DE9F04705460AF0D5FB696C401A1949FF
:103ED0004862284600F0A0FB284600F080FAA88B34
:103EE000022101EB00144FF4F67044434FF0FF3908
:103EF0004FF480384FF6FF7614E02879B8B1E8889F
:103F0000052814D0444501D3304600E0204687B24E
:103F10003946284614F08EFB287940B1E8880528F8
:103F200005D0E41B002CE8D10020BDE8F08748460E
:103F3000FBE70000145604202DE9F04186B004464A
:103F40000E46808A009001A9012000274FF0030847
:103F500081E881016946E0680AF09AFAA18A0022A4
:103F6000E0680AF082FB01200AF0EAF9002514E07B
:103F7000A18A0122E0680AF078FB002000BF401C03
:103F80000528FBDBA18A0022E0680AF06EFB002016
:103F900000BF401C0528FBDB6D1CB542E8D3A08A9E
:103FA000009001A9022081E8810106200490694661
:103FB000E0680AF06DFA06B0BDE8F0812DE9FC5F1B
:103FC000344D0446DDF830B0DDF838A06868984616
:103FD00017468946401C68600026AE60042045F8FC
:103FE0002060401C0C28FAD3012000F073F82671E1
:103FF0002681C4F80CB0C4F800900D98A082C4F8D3
:1040000010A00F98E08200F04DF820680068016869
:1040100041F0400101600520A0832762E662861F0F
:104020001FB11D494046884504D2AE60E02000F033
:1040300051F80AE00246394604F1600019F02EFBFF
:10404000204600F0DBF838B1A860207940F0080085
:1040500020713046BDE8FC9F207940F001002071BE
:104060000EA0D0E90010CDE90010206A0160BDF873
:10407000041081800220E0800021204619F01AF906
:104080000121204619F016F9062000F023F800203F
:10409000E0E7000010750420007102004345333250
:1040A00043000000094810B5016841F004010160B7
:1040B00032200AF045F90648006810B104480CF0B7
:1040C000A2FEBDE8104013F0A5BF00001804024096
:1040D00084A3002010B5034C20600AF0CBFAE06006
:1040E00010BD0000107504202DE9FC470446D0F8EF
:1040F00020800020009001900520A08340F6DF2062
:10410000208342F66400608301212046FFF714FFFC
:10411000208B902141EAD0318DF80010C0098DF834
:104120000100207E922140008DF80200608B4FF448
:104130007A7741EAD0308DF80300608B3B46C009A6
:104140008DF80400A07E032240008DF8050069462A
:10415000204600F08DFA3B46032220460DF1030174
:1041600000F086FA01200AF0EBF80A212046FFF75A
:10417000E3FE0C212046FFF7DFFE0320FFF7AAFF36
:104180004FF4F67632465521204600F0DBF94FF029
:10419000FF3508B1E2200AE00420FFF79BFF4FF44F
:1041A00076725521204600F0CDF928B1E320FFF7C3
:1041B00091FF2846BDE8FC872046FFF781FEB14607
:1041C000DFF830A000254FF4A07653464A4641461A
:1041D000204600F055F86D1CB542F6DB3B460C223C
:1041E0000549204600F04CF80520FFF773FF00203A
:1041F000E0E70000A08601004075042010B50446E9
:104200000220FFF767FF204600F081F828B1E12087
:10421000FFF760FF4FF0FF3010BD2046FFF764FF4F
:1042200010B16FF0010010BD002084F84A00012099
:1042300084F84B00022084F84C0084F84D004FF4C1
:10424000B370606540F29920206598202083207F1C
:104250004FF4097100F00F0041EAC020608320682C
:10426000C26C016812680C3191600168C06C0C313D
:1042700000688160002010BD00207047002070475A
:1042800070B515460C46064600F0C6F9304600F0FB
:10429000A6F806E00021304615F0F8F804F8010B06
:1042A0006D1E002DF6D170BD70B515460E46044644
:1042B00000F0B2F9204600F092F8A6632046A5620D
:1042C000BDE8704014F048BA10B504460AF0D2F9BF
:1042D000616C401A08498862204600F09DF920462A
:1042E00000F07DF8054A42F210732046216AFFF77C
:1042F000DBFF002010BD0000145604200C670200F4
:1043000010B500F0B9F8FFF7CFFC002010BDF0B5F4
:1043100087B00446C08A029002200025CDE903053B
:10432000032005900620069002A920690AF0B0F843
:10433000009505200195A08340F6DF20208342F6FA
:104340006600608301212046FFF7F6FD208B902157
:1043500041EAD0318DF80010C0098DF80100207EAF
:10436000922140008DF80200608B6F4641EAD03008
:104370008DF80300608B4FF47A76C0098DF8040045
:10438000A07E40008DF8050001212046FFF7D4FDF6
:10439000334603226946204600F06AF93346032279
:1043A000F91C204600F064F96D1CFF2DECDD0120A6
:1043B00009F0C6FF07B00020F0BD10B5816A59B9F9
:1043C000016809684968C90703D0FFF725FD002087
:1043D00010BD032118F06EFF4FF0FF3010BD08B57F
:1043E0000068002102689160006802E0017B8DF89E
:1043F00000108168C943C907F8D008BD7CB50446E0
:104400000AF038F905460AF03BF94FF47A7110FBCF
:1044100001F0616C6564691AB0FBF1F0A0650020E1
:1044200000900190608B902120F002006083208B2F
:1044300041EAD0318DF80010C0098DF80100207ECE
:10444000922140008DF80200608B41EAD0308DF857
:104450000300608BC0098DF80400A07E40008DF839
:104460000500FFF72DFC4FF47A73062269462046BB
:1044700000F0FEF800207CBD10B50279046822F03F
:1044800004020271226842F21071536823F00303A0
:104490005360E26C1268136823F001031360A26C8E
:1044A0001268136823F0010313600268126800E0C9
:1044B00000BF93689B0701D4491EF9D221680A689E
:1044C00022F040020A60E16C09680A6822F48472F2
:1044D0000A60A16C09680A6822F48C720A60FFF70E
:1044E0009BFC2068016841F04001016010BD0000A4
:1044F0002DE9F04180460AF0BDF8D8F84410104C80
:10450000401A6062404600F087F84046FFF767FFB8
:10451000E4684FF48036751E04F570740AE0B44206
:1045200001D3284600E0204687B23946404614F0C1
:1045300081F8E41B002CF2D10020BDE8F0810000DE
:10454000145604202DE9F74F009800F065F8009804
:10455000FFF745FF002402982746A0F1010A2546EF
:10456000A14626464CF2503BA04639E00021009877
:1045700014F08CFF002801DA08F10108C1B225B15E
:10458000A9420DD0002500240BE0552905D0AA2909
:1045900001D08946F7E7AA2500E05525012400E06F
:1045A000641CBC4200D927463146761C594517D9B0
:1045B0001649029A0A614E618F61C86100980068CD
:1045C0000068806808621248006848621048001D50
:1045D00000688862C1F82C804FF0FF30BDE8FE8F84
:1045E0005445C3D30B48AA23FF224169002009EA9E
:1045F00002049C4205D05B085208401C491C082854
:10460000F5DD0098FFF798FC0020E7E7107504201F
:10461000100402401456042000B5017985B08A07C1
:104620000CD521F002010171C18A00910021019194
:10463000022102910069694609F02AFF05B000BD18
:1046400000B5017985B08A0710D441F002010171EB
:10465000C18A00910221019100210291032103915D
:10466000062104910069694609F012FF05B000BDFA
:104670002DE9F04115460C4607460668FFF7E0FFB6
:104680003846FFF7ACFE05E02178384614F0FEFE10
:10469000641C6D1E002DF7D130688168C9438907FD
:1046A00001D500BFF9E7BDE8F08110B5B0F90610FB
:1046B000022902D00222C28089B218F0FBFD00203C
:1046C00010BD4FF0FF3278B30021435CFF2B02D0C6
:1046D000435C402B31D2491C8029F6DBD0F8801096
:1046E00002292AD8D0F88C10F1B1D0F88C10B1F58D
:1046F000007F22D8D0F884100A291ED2D0F8881062
:104700000A291AD2D0F8801021B1012904D0022937
:1047100013D10AE0007803E00178FF290DD040783A
:10472000FF280AD00020704707E00178FF2904D055
:104730004178FF2901D08078F2E71046F3E7B0F81E
:104740000402084201D0002070474FF0FF3070474C
:1047500070B586B002F084FB6C4CE07938B106F09D
:104760009FFE20B102220421032003F08BFE06F0FD
:1047700025FE00256576A5766548664C8585206A08
:104780000CF0EAFE60690CF0E7FEE0690CF0E4FE74
:10479000A0690CF0E1FE606A0CF0DEFEA06A0CF08D
:1047A000DBFE206A0CF034FF60690CF031FFE06939
:1047B0000CF02EFFA0690CF02BFF606A0CF028FFB4
:1047C000A06A0CF025FF54480AF064F901210802A0
:1047D000524B4200CDE90201CDE90023504A4E4937
:1047E0004B4803F077FF10B9494804F093F94A4861
:1047F00009F08FFF48480AF0B5FC4A48FFF748FB2C
:1048000049480CF000FB48480CF072FB47480CF09C
:10481000FAFA46480CF06CFB45480CF0F4FA4448B0
:104820000CF066FB434C00220821204609F01DFFD6
:1048300041480CF0E8FA40480CF05AFB01220421F0
:10484000204609F012FF14216846FCF721F90820E0
:104850000326CDE9000669460295204609F018FEB8
:1048600014216846FCF714F90420CDE900066946D6
:104870000295204609F00CFE30480DF0E0FB2F4871
:104880000DF02AFC2E480DF0DAFB2D480DF024FC2B
:104890002C4809F09FFA2B4809F0E4FA14216846E5
:1048A000FCF7F6F8F002CDE90006694602952046CD
:1048B00009F0EEFD2448B0F89802012804D12348FD
:1048C000806A08B114F0C0FFA06940F40040A06104
:1048D000A06940F08070A06110481830016841F074
:1048E00080510160016841F480210160184801682D
:1048F00021F0010101601748A0F8685116480168CD
:1049000041F00051016006B070BD0000A8540420C1
:10491000D039002088DF042060A20020000402407B
:104920001CA70020483A00202CA3002084A30020CC
:10493000DCA3002000000240D4A20020E4A5002057
:1049400074A6002018A2002058310020D8EA0420C4
:10495000B4550420705804201808024010B586B0E1
:1049600002F07EFA14216846FCF792F804200090C9
:104970000120019002900320104C039069462046CC
:1049800009F086FDA06940F00400A06114F012FE59
:1049900014F044FE14F0E4FE14F04EFE06F01CFE8B
:1049A000A06940F48070A061642009F0C9FC04484B
:1049B000016841F48051016006B010BD0000024062
:1049C000180402402DE9F04F3B48A1B0808B00282D
:1049D00062D03A48816E00295ED101218166DFF8FC
:1049E000E0B0DBF820000BF5A07A84099AF84001CA
:1049F00068B19AF84001042800D20420DFF8C09082
:104A0000E84609F10809844241D904463FE0012003
:104A1000F1E7DBF814505F46DBF82000402838D37C
:104A2000274B40265A6858694030904203D3B0FB68
:104A3000F2FC0CFB1200586109F1180151E8000F5B
:104A4000801B41E80002002AF8D1B86B46191C48C7
:104A50004030806B0544DAF8000000B30020414686
:104A600036F8102021F81020401C2028F8DB002008
:104A7000414635F8102001EB40035200401CA3F8DA
:104A800040202028F5DB69460B48FEF717FC641E22
:104A9000BFD20A480021816621B0BDE8F08F00270F
:104AA000384600F0B3F836F8101028F817107F1CBD
:104AB000202FF5DBDBE70000D07904202855042007
:104AC00098E9042008490A6842F080520A6009689F
:104AD00006490A6842F480720A600968044908605D
:104AE000BFF34F8F70470000403802400070004015
:104AF000842800402DE9FF4102F0ACF9334CC4F8A2
:104B0000B401206881B204F5006007F057FB05F09E
:104B10002FFA20B14FF0FF3004B0BDE8F0812C4EE9
:104B2000B06B58B106F14007B86B38B17068B0F59A
:104B3000007F03D378687168884202D06FF001006B
:104B4000EAE72448054610F0DDFB2348716840225F
:104B50004069CDE90252CDE90010BB6B1F492048E6
:104B6000B26B10F0F5FA256800201A4ACDE9000072
:104B7000983A014654689C2600EBC00206EB82027C
:104B8000DDE90037A258D31841EB0702CDE9003226
:104B9000401C0428F0DB1046124A991A70F10000FC
:104BA00001D2012100E0002144F62060854200D3BB
:104BB00000210D4801F07EF80C4A04490C48FEF72C
:104BC0004DFA0B48FEF7BAFD0020A5E7D8EA04200D
:104BD00098E9042070F3042088DF0420DCA300207F
:104BE0002CA30020C0C62D0070580420D8EE04204D
:104BF000D07904200448016841F4C0610160BFF32A
:104C00004F8FBFF36F8F7047003C0240014600F0AA
:104C10001F00202902D2401E00F01F007047000034
:104C20002DE9F05F1B480026374600894FF0040944
:104C30005FEA000802D0B8F1400F01D94FF04008F8
:104C4000FF2208211448FBF7F9FE00251348002431
:104C500000EB452ADFF840B012E005FB09401AF8E6
:104C6000042008280BD2FF2A09D0424507D20BF8AE
:104C7000002001200021FBF707FD06430F43641CC1
:104C80004C45EAD36D1C022DE0D330463946BDE8D1
:104C9000F09F0000D8EA0420D8550420D8EE042064
:104CA0000F490A6842F080520A6009680D490A6893
:104CB00042F480720A600A4A3032126812040DD53A
:104CC0000968C9050AD5084940F480700860BFF337
:104CD0004F8F091F05480860BFF34F8F70470000D2
:104CE00040380240007000408C28004017FA32CE55
:104CF00041F6FF7108446FF30C00704770B50D4624
:104D0000040021D04FF40071FBF7C2FEFF22802186
:104D10002046FBF793FE2570681C4028284600D2E9
:104D2000401C6070A81C402800D2AD1CA570FF205C
:104D300004F8030F0020C4F87D00C4F88100C4F813
:104D400085000120C4F8890070BD2DE9F04F89B0BD
:104D50001646129C98468A465FEA00097DD0BAF151
:104D6000000FFBD0002CF9D0B9F86C00002874D1EA
:104D700040212046FBF78CFEB9F96C0000EBC00126
:104D800009EB810191F890508031002DE6D0042D7F
:104D900063D80F7EAF4260D20A685245E7D156EA27
:104DA0000800DBD0F005E2D104E051F82020002A11
:104DB000D4D0401C8542F8D8760A46EAC8564FF04F
:104DC000000A4FF0FF314FEA58282A46534608465A
:104DD000FBF7E2FB801B71EB08017ED3A5FB06030A
:104DE0000AFB063305FB0833CDE90403C01B73EB54
:104DF0000A0332D3DDE90420D21B60EB0A00C4E9C8
:104E000000204FF0010A4FF0000C0AEBCA01CDE977
:104E100006CC09EB8106AAF1010704EB8705D6F859
:104E20009400E862D6F89C00E3468036A0B3328C4A
:104E3000B2F1000830D0E3464FF0FF315B46084640
:104E4000FBF7AAFBDDE90423801A9941C5D3DDE90C
:104E5000043C4046A0FB031800E087E00BFB038303
:104E600000FB0C30D6F814C06FEA0B026FEA0C039B
:104E70005B1A824131D31CEB01014BEB0002C1F301
:104E80000800E8624FEA512C0120E1194CEAC25CAB
:104E90004FEA522B81F8380009EB87000022006F9F
:104EA00010EB0C004BF10001D0F1FF3388468A4132
:104EB00013D32862D4E900219646D2430091C94316
:104EC000B2EB0C0271EB0B0107D300991EEB0C0245
:104ED00041EB0B01C4E9002100E096E0E11991F8F3
:104EE000381011B950EA080104D0317C012943D1AE
:104EF0003168D9B350EA08015ED04FEA482343EA4B
:104F0000D05342024FF0000C06A94FF400708DE818
:104F10000310934698466146306818F0CBFB002892
:104F20002ADBDDE90602C10526D104EBC701C1E990
:104F30000202DDE90610B1EB0B0270EB080201D3AF
:104F4000002006E0BBEB010168EB0002480A40EAE2
:104F5000C2502862DDE90601BBEB000378EB0102D9
:104F600005D2B0EB0B0061EB080102E004E0002089
:104F700001468846C10503D0022009B0BDE8F08F84
:104F8000D4E90036410A41EAC851B346DF434FEA4B
:104F90005822F6437F1A964137D359184BEB020635
:104FA000C4E90016E96A0023461A78EB030201D32C
:104FB000EB6201E0081AE8620AF1010ABAF1030F94
:104FC0007FF721AFD9F80C00B0F5004F1DD9D4E917
:104FD00000120023D1F1FF34934116D30024D9F8F5
:104FE0001C50661ED5EB060564EB04036D1A934155
:104FF0000BD3D9F84C30A0F50040834205D2C01A3B
:1050000064EB0404401A944101D20120B5E700206A
:10501000B3E7000010B50446807CF0B11348006887
:10502000C00720D10DF062FA002803DD204601F010
:1050300042FC18E003DA204601F047FC13E00B487D
:10504000001D006878B9B4F86800C0F30E00411C78
:105050000A28F0D8A4F8681005E094F87C0010B98C
:105060000220A4F86801002010BD0000586402402E
:1050700070B51C461546062902D94FF0FF3070BDA9
:1050800001EBC10100EB810000232246294680305C
:1050900019F0A5F9002070BD38B51C46049B1546D3
:1050A000062902D94FF0FF3038BD01EBC1010022C3
:1050B00000EB8100009222462946803019F0A0F9C9
:1050C000002038BD2DE9FF47044650F8807FD0F816
:1050D0006C90A07C00287DD1B4F86800000403D552
:1050E000032004B0BDE8F0870020CDE90200B869D4
:1050F00079687C4D00264FF001084FF4007A884211
:1051000024D902AB524600213846009618F065FBC0
:1051100000281ADD02AA3946204600F07FFA01284D
:1051200001D008BB02E084F8408024E0D4E90E10EE
:10513000DDE9022389185841C4E90E1084F8408043
:105140002961686185F8008000E00DDB206F18B9E7
:10515000606F08B9A06FB0B101273946204600F052
:10516000E2FC012807D058B184F84080002000F00C
:1051700059F90220B5E7072000F054F90120B0E703
:105180007F1C032FE9DDDFF8608198F80000D8B3B9
:10519000B4F84C00C00405D00020A8B3A4B3A07C90
:1051A00090BB01E00120F8E794F87D0060BB94F823
:1051B0007C0048BB0022D44602EBC20104EB810113
:1051C000D1F89C00803198B10F7C8FB1042F21D889
:1051D000486900E070E060451CD2002006E051F80C
:1051E00020308BB19B69634514D8401C8742F6D8A8
:1051F000521C062AE0D30121204601F0B5FC20B163
:10520000022000F00FF96BE004E088F80060E0692C
:10521000606265E0E07C98B3B4F96C0000EBC0001C
:1052200004EB8000D0F880008069B0F5806F28D250
:105230000020524600EBC00304EB8301D1F8941028
:1052400091421ED2401C0628F4DBB4F8600098B3EB
:1052500000221146104600EBC00704EB8703D3F889
:105260009C309A187141401C0628F4DBD4F85C018C
:10527000036844F62067BB420AD2C06A40B902E024
:105280001BE0EE601FE01948101A71F1000001D315
:10529000142700E0002709F0EDF90FB1E96809B91A
:1052A000E8601FB1E968401AB84219D3E07C10B138
:1052B0000EF0F4FEE674EE6012E0EE60D9F818002D
:1052C000616E884203D3204601F0D4FB08E001213F
:1052D00004F5B870FFF733FA10B9204600F03DFD31
:1052E0000020FEE600780420D254042080841E00B2
:1052F0002DE9F05F04004FF000054FF0FF3A61D058
:10530000B4F96C0006285DDAB4F96C0000EBC0005B
:1053100004EB800090F890108030002976D0076868
:10532000002F73D0DFF8E880A94604264FF4007BF5
:1053300064E0A07C90B3D8F80000C00712D10DF053
:10534000D5F8002803DD204601F0B5FA56E002DB6F
:105350003048006830B1B4F8680040F40040A4F868
:1053600068002DE02C4805F10105854246D92B49FE
:1053700042F210702A4B00E000BF9A68920701D4F5
:10538000401EF9D2586820F002005860D8F800207A
:10539000404622F00102C8F8002001E013E000BFFF
:1053A0000268D20701D0491EF9D20068C007D2D1E5
:1053B000186820F040001860186840F0400018603D
:1053C00084F8129022E0A06968B1656BA4F8686166
:1053D000204601F080F9606BA84217D1B4F868004C
:1053E000000413D409E0A4F86861204601F042FBF0
:1053F00060B9A07C08B9A06940B10025B8695845DA
:1054000097D2A4F868610020BDE8F09F5046FBE702
:10541000586402405C64024080841E00A086010043
:10542000003001402DE9F041DFF890810125082886
:105430000ED008F58076624C7168491C7160A90233
:1054400008285CD2DFE800F00D2F735B425B672613
:1054500003210122084603F015F888F82850BDE81A
:10546000F08194F87D0020B9B4F85E0008B105F031
:10547000F1F82021534805F04BFE022206210420BA
:1054800003F000F850A1554804F008F8534804F020
:1054900033F834E04B4805F03BFE0122072103209E
:1054A00002F0F0FF02E0474805F032FE4CA14B4805
:1054B00003F0F4FF494804F01FF894F87D00F0B9B8
:1054C000B4F85E00D8B105F0C5F818E047480168A7
:1054D00021F0010101604FF480713A4805F018FE97
:1054E00002220121032002F0CDFF41A13B4803F03D
:1054F000D5FF3A4804F000F8384804F01DF9706808
:105500000528ACDDB0680028A9D13B4942F21070F3
:105510003A4AB56018E04FF400612A4805F0F8FDFA
:1055200002220421032002F0ADFF35A1ABE74FF4C6
:105530000071244805F0ECFD03210222084602F028
:10554000A1FF32A19FE700BF93689B0701D4401ED3
:10555000F9D2506820F0020050602F48036823F011
:105560000103036000E000BF0368DB0701D0491EB0
:10557000F9D200684FF00007C00705D084F840500A
:1055800094F87D0098B10FE0106820F040001060A2
:10559000106840F040001060A774E07C10B10EF07D
:1055A0007DFDE77488F828507760B76057E7B4F856
:1055B0005E000028F8D005F04DF8F5E7A854042067
:1055C00070580420D8EA04204550485953204255C9
:1055D00046464552204F565200000000209D0420B0
:1055E000436172642046756C6C000000B455042061
:1055F0004E6F204361726400A086010000300140BC
:10560000534420466F726D61740000004361726400
:10561000204572726F720000586402402DE9F04F0D
:10562000B5B004464FF00000CDE932000F465FEA06
:105630000209104603D000220260C9F80420CCB150
:10564000C7B1E07C002618B10EF028FD90B9E674D1
:10565000EFF3108572B6B34632AB4FF400720021FF
:105660003846009618F0B9F8002807DC05B962B68C
:10567000002800D0022035B0BDE8F08F0DF1880879
:10568000CDF80080DDE9322339462046FFF75DFB87
:1056900018B1002DEFD162B6EDE70297386B0DF12E
:1056A000080A796BCDE90401F8680690B86907909B
:1056B0003868012632460890511E08EBC10102EB02
:1056C000C20004EB8000D1E90231D0F880000B4326
:1056D0001ED0002153460AE003EB411CDCF800C059
:1056E000844503D1002DC5D162B6C3E7491CB14240
:1056F000F2D303EB46110860036BD0F834C0C1E964
:10570000023CC3680B6183694B610068761C886149
:10571000521C032AD0DDDDE932230021384617F080
:1057200075FF90B9012707EBC70004EB8001781ED5
:1057300008EBC0008031D0E9022352EA030007D011
:105740000868002117F062FF10B1002253465EE0A6
:105750007F1C032FE7DD01204746DC4600EBC0013C
:1057600004EB8102411E07EB810304EB81081E6AF2
:10577000C8F87060DB6A3944C2F8943091F8381088
:10578000803219B182F818C082F819C0401C032871
:10579000E4DDB4F96C0000EBC00004EB800080F89D
:1057A00098C0B4F96C0000EBC00004EB800080F8F6
:1057B00099C0E06C22990844E064E169229A11449E
:1057C000E16160614FF0FF30A4F86A00C4F818C0CE
:1057D000A4F85CC00220A4F86801B9F1000004D06C
:1057E000DDE932120160C9F8042005B962B6002073
:1057F00041E703EB4210D0E9027401680F634C6388
:105800000469CC6044698C6180690860521CB242B2
:10581000EFD367E710B5038A8B420ED33F23491EAF
:1058200091FBF3F403FB1411D0F86001042303EBA4
:10583000810140581060002010BD4FF0FF3010BDB6
:105840002DE9FC470446DDE90A89B0F85E001D46F3
:1058500016460F4618B14FF0FF30BDE8FC872046D2
:1058600000F088F8C4F864811120C4F86C7160609D
:105870004FF40050A060E060C4E957650025E56280
:10588000E56125626563C4E90E5584F84050A5655D
:10589000A574A56184F87C50204601F026F82046C6
:1058A00000F07BF800F044F80EB1706B00E00020CF
:1058B00008B940F2E240A4F848000220A4F86A01C6
:1058C000C4F87053A4F87453B4F86010204600F084
:1058D000F1F90020CDE9000000EBC00104EB8101EB
:1058E000DDE90032D1F89C10CB1845EB0201CDE97F
:1058F0000031401C0428EFDB19461020A0FB016793
:10590000002202FB0171019B00FB0310810241EAAE
:105910009650401C4FEA4030A062B9F1000F04D00D
:105920000520A4F85C00A4F86851002095E7000069
:1059300010B50C48FDF75CF80A483821A0F848116A
:10594000094991F89B12A0F84A1100F5987107488F
:10595000C26E4A63B0F870000887FFF7CBF80449BD
:10596000086610BDD8EA042020CD0420A0CF042072
:10597000A8540420704710B5044600F033FA38B13B
:105980000020A4F868010220A4F86A01C01E10BD1E
:105990002046BDE8104000F091BC2DE9F0470446D8
:1059A00000F0A8F905F0AEFD4FF4007950B91120D0
:1059B000D4F85C110DF060FB20B14946D4F85C01CD
:1059C00005F0A6FBD4F85C0101F0DEF9D4F85C1117
:1059D0003820A1F848011220D4F864110DF04CFBD6
:1059E0004FF4803A48B10021D4F86401FFF786F9FA
:1059F0005146D4F85C0105F08BFB0021D4F864011A
:105A000001F06DF9D4F86411132001F500710DF067
:105A100033FB58B1D4F86401202100F50070FFF782
:105A20006DF95146D4F85C0105F072FBD4F86401BD
:105A3000202100F5007001F052F9D4E90287002519
:105A40002E46258205F18000D4F860110DF014FB7C
:105A500048B14946D4F85C0105F05AFB4946D4F8F0
:105A60006001FBF715F8D4F8600100683F2809D9F8
:105A70005146D4F85C0105F04BFB4946D4F860016F
:105A8000FBF706F8D4F86001218A026811442182EC
:105A9000016871B101680422491E02EB810250F8CD
:105AA00002804FF4807202EB81014158012621F0FF
:105AB000004701683F2904D080216165016889B1F0
:105AC00017E0681CB0F5786F0AD35146D4F85C0132
:105AD00005F01EFB4946D4F86001FAF7D9FF08E04B
:105AE0006D1CAFE72EB1C0F8FC80D4F86001C0F89F
:105AF000F871D4F85C11D4F86C010DF0ABF8D4F85F
:105B00005C01D0F8101131B1D0F81011D0F81001AB
:105B1000A0F50040E06000F0BCF8204600F0E5FE93
:105B20000020BDE8F0872DE9F04F87B0040050D089
:105B300001294EDB03294CDC01EBC10004EB8000A2
:105B400000F18008491E04EB81000390006F0028DB
:105B500040D098F8100001283BD1D8F80000C0B31D
:105B6000EFF3108572B603984FF400760021006FB2
:105B70000096C30D420204A8CDE901019246994660
:105B8000D8F8000017F096FD002803DBDDE90401DA
:105B9000C20502D0EDB962B61BE0BAEB000379EBA7
:105BA000010204D2B0EB0A0061EB090101E0002020
:105BB0000146460A834646EAC1564F0A009156EA14
:105BC00007000DD0E07C58B105B962B60EF066FA58
:105BD00018B1022007B0BDE8F08F0020E074BFE7E5
:105BE00056EA07001DD0E068B0F5004F15D9E3690B
:105BF0004FF0FF3C0022D3EB0C0362EB02019B1B36
:105C0000B9410AD3E16CA0F50040814205D2401AA7
:105C100062EB0202801BBA4103D205B962B60120D1
:105C2000D8E7DDE904230021D8F8000017F0EEFCE6
:105C30000028AFD1DDE90410B1EB0A0270EB0902D4
:105C400001D3002006E0BAEB010169EB0002480A2B
:105C500040EAC2500399086756EA070015D0E06C85
:105C60003044E064E1693144E1616061D8F81400D6
:105C7000009A0021BBEB00038A4101D2A0EB0B018B
:105C80000120C8F8141084F8400005B962B600205D
:105C9000A0E717F039BB10B5B0F85E2000210AB1BB
:105CA000A0F85E1081610521A0F85C1000F0C8FB2F
:105CB000002010BD10B5044689B10120A4F8600091
:105CC000D4F8EC00406818F00BFF9FED081B53EC74
:105CD000112B18F09BFF18F0BFFE606610BD00206E
:105CE000A4F860004FF48060F7E700009A99999952
:105CF0009999E93F10B5074CD4F8DC02000708D5A4
:105D0000054800F07DF8D4F8DC0220F00800C4F863
:105D1000DC0210BDD8F2042070580420FCF73ABB16
:105D200070B5040016D0E07C002510B10EF0B6F975
:105D3000E574A574A561606B401C6063A4F85C50B9
:105D400094F87C0038B9B4F86801042803D0022024
:105D5000A4F8680170BD0420FAE710B50446C07CC1
:105D600018B10EF09BF90020E07404F5B871D4F876
:105D700070030DF081F90220A4F87403002010BD17
:105D8000154810B5B0F898021449022802D001282D
:105D90000DD107E0C87950B1487B40B1087A03289B
:105DA00005D301E0887B10B105F04AFA40B9FCF751
:105DB00023FF10B904F0C0FB10B14FF0FF3010BD4D
:105DC0000748C06A18B1BDE81040FCF7F9BEFCF7FF
:105DD000F7FE002010BD000058310020A854042018
:105DE000D8EA042010B50446FFF7CAFF002805D002
:105DF0000021A4F868110221A4F86A1110BD000066
:105E00002DE9F0410646002405F07CFB671E68B9C9
:105E100000251120D6F85C110EF010FC30B1022DD7
:105E200000D13C466D1CEDB2032DF2D300251220AB
:105E3000D6F864110EF002FC30B1022D00D13C46C0
:105E40006D1CEDB2032DF2D30025D6F8641113209A
:105E500001F500710EF0F2FB30B1022D00D13C468D
:105E60006D1CEDB2032DF0D30025074920200EF064
:105E7000E5FB30B1022D00D13C466D1CEDB2032D87
:105E8000F3D32046BDE8F081F83300202DE9F04F30
:105E9000FA4887B0016841F00051016000242146B2
:105EA000F74804F0E1FCDFF8DC834FF0010988F8E3
:105EB0001190F54F07F1140007C810F0D1F9F3481D
:105EC000FBF7E4F904F0ECFAF14D0026B5F898027E
:105ED00002282CD198F8230048B305A9684604F09D
:105EE000A3FF694605A804F0BFFE82468B4607F172
:105EF000540108F1880004F0B7FE98F80820042A3D
:105F00000ED198F820205AB14FF4FA631AEB03032C
:105F10004BF10002181A8A4102D213F0BDFC30B1D5
:105F200088F8116004F0EEF907B0BDE8F08FD948A9
:105F3000806AE0B3B5F89802012801D002284DD15B
:105F4000386AA0B3006890B3416801F0700A07F0A6
:105F500083FDD14A0023FAF71FFB1A4309D0386AA0
:105F60000124006807F078FD01464EF2010004F0BC
:105F70007BFC386A0068016821F001010160386A21
:105F80000068416821F070014160396A0968C1F810
:105F90001490386A00680661B5F89802012826D086
:105FA000386A00684662386A0068416800E015E0B7
:105FB00021F0700141EA0A014160386A05F082FD72
:105FC000B5F89802012809D0386A0BF06BFC28B1AB
:105FD000012400214EF20D0004F046FC98F8200048
:105FE000C34630B3B5F89802012817D021E0788E67
:105FF00050B104280CD00828386A00680CD0006C16
:10600000396A09684862CEE7386A0068406BF7E78A
:10601000386A0068806BF3E7C06BF1E704F0D2F9EF
:1060200038B1012408F026FB01464EF2020004F0CC
:106030001BFC786948B1006838B1016CC26B9142B1
:1060400003D2C16BC26A914204D3012400214EF2F3
:10605000030033E0816801F00701062930D1DFF841
:106060003CA2DAF8001079B307F0F6FC8046DAF8C3
:10607000000000680221C0F3C20001FA00FA0AF031
:10608000A1F9B0FBFAF22AB34FEA0810801846EBE8
:106090001871401E41F1FF310023FAF77DFA79694A
:1060A0000968CA6B801C1044CA6A904208D3C86B46
:1060B0000124C96A60F31F414EF2060004F0D4FBCC
:1060C00004F0EEF95CB19CE0FFE7012400214EF200
:1060D0000400F3E7012400214EF20500EEE7704AC8
:1060E000BA467869A2F6D817402379680DF10408FA
:1060F000009188E80D00A2F698106A49836B674802
:10610000BA6B0FF025F86848D0E90110CDE900100E
:10611000EFF3108872B6002700215DF8270017F012
:10612000CDFB7F1C022FF7D3B8F1000F00D162B670
:1061300054BBDAE90612D046DAF8140010F03EF843
:10614000010002D04EF207001CE0524F386B38B10C
:106150004E48FAF7F7FF18B100214EF2080011E09F
:10616000386B90B14948806878B1006868B181683F
:10617000C943490709D1016CC26A914205D9C16A74
:106180004EF2090004F070FB3BE09BF8200060B188
:10619000B5F89802012808D104F084FB28B108F072
:1061A00069FA01464EF20A00ECE73046B2465E4616
:1061B0008BF81100B86A48B3D8F82000474628B3D6
:1061C000006818B3B5F8980201281FD134489838F0
:1061D00013F00EFA18B100214EF20B00D2E7386A24
:1061E00005F070FC798E386A0BF020FE28B101248E
:1061F00000214EF20C0004F037FB386A05F062FC17
:1062000024B107B0BDE8F04F04F07CB896F8200048
:10621000A8B9264900220C4625480AF0ABFB2349C1
:106220000022143122480AF083FB224800F518614D
:10623000896AC161142221462030FAF7CDFBB5F8F6
:106240009802022804D1307A042801D10520307246
:10625000134C983CC4F8F4A20A491748803104F55D
:106260003874C1F848A086F81290FDF767FA04F078
:1062700009F9206840F01000206055E61808024037
:1062800052415453A854042088DF0420B8F9042054
:1062900058310020D8EA0420008813002CA30020E5
:1062A00070F30420DCA30020E4F715089CF504201B
:1062B000B4A2002008EC0420D07904202DE9F05F7E
:1062C0000446B0F85E00012844D004F0B9FF01256F
:1062D0004FF00209E8B30020C4E90E00034684F839
:1062E0004000024602EBC20004EB8000803018F050
:1062F00093F8521C062AF5DB0020984604EB800236
:10630000401CC2F870800328F8DBFFF707FD208AE5
:106310004FF03F0B401E90FBFBF3594690FBF1FA08
:10632000D4F860610BFB130704D2A068E064E06856
:1063300020650CE006EB87004168E164D0F80001BD
:1063400020F0004020650846FEF7D2FCE0643FB133
:1063500014E003E04FF0FF30BDE8F09F042058E068
:10636000C6F80080E06C7060206DC6F80001616DB9
:1063700001EB0A00314600F051FDE0BBC4F8588043
:10638000208A5946401C80B22082401E90FBF1F2C8
:1063900090FBFBF30BFB1300411C474631603E288A
:1063A00006D1606D521C1044234900F037FD10BB2C
:1063B000D4F85C0100F5A871081F04F0A3F878B9BF
:1063C000D4F85C1100221D4801F5A8710AF0D2FA38
:1063D000D4F85C110022194801F5A6710AF0A8FA58
:1063E000D4F85C11E06C00F019FD20B9E06CD4F831
:1063F0006411401C00E00BE000F010FD40B9E06CBF
:10640000D4F86411801C01F5007100F007FD38B16B
:106410000220FFF707F8A4F86851A4F86A9199E7F9
:1064200054F84C0F00F50050206065822782FFF77A
:106430002DFD002090E70000D4F51508B4A200203F
:106440002DE9F041354D364C286A38B1016829B143
:10645000B4F89812012916D00BF0A0FA05F1140037
:1064600007C80FF0FDFE2F48FAF710FF2E4E002749
:1064700086F8227086F82370B7742CA12E4803F09A
:106480000DF848B112E00BF089FA698E286A0BF01A
:1064900035FD13F0D9F9E1E7274803F02DF8401C4A
:1064A00004D019212448FCF743FA20B1012202212B
:1064B000062001F0E7FFF07938B104F0F1FF20B1D8
:1064C0004FF400711D4804F023FEFEF741F9B4F8C3
:1064D0009802022802D0012809D01CE01848A863BD
:1064E00004F0B6FEB4F89802012802D013E0154873
:1064F000A8631548006870B1816B61B1D4F83402AB
:10650000884202D0114802F0D4FB0C48C4F89C0227
:106510000E4804F01BFF7774BDE8F08188DF04208B
:1065200058310020B8F90420A85404205265632093
:1065300053746F7000000000209D0420D8EA0420EE
:1065400074A60020E4A50020D8F204205801002001
:106550002DE9F05F0446012084F87C000027DFF875
:1065600048A13D46B846DFF844B1AAF104093E46C9
:106570004FE0D9F80000C00713D10BF0B7FF002897
:1065800003DD204600F097F943E002DBDAF8000073
:1065900038B1B4F8680040F40040A4F86800A6746C
:1065A00035E007F101075F4533D9414942F21070E8
:1065B000404A00E000BF93689B0701D4401EF9D217
:1065C000506820F002005060D9F80030484623F0AF
:1065D0000103C9F8003000E000BF0368DB0701D009
:1065E000491EF9D20068C00702D04FF0010807E049
:1065F000106820F040001060106840F0400010600B
:10660000A674B4F8680040F40040A4F868000125BE
:1066100002E0A07C0028ACD1B4F86800000403D5E7
:106620000125E674A6610EE06DB9A06930B120467F
:10663000676B00F050F8606BB84203D12046FEF75C
:1066400057FE00B10125E07C38B1B8F1000F09D048
:106650006FF0010000B10125E674B046A661002686
:10666000374609E00DF01AFDF4E70021204600F05E
:106670007BFA18B1761CF6B21DB110E0012775B98E
:1066800001E0032EF1D357B12046FFF7B9FB84F8A0
:106690007C800320A4F86A010020BDE8F09F02205E
:1066A000FEF7C0FEF3E700005C64024080841E0039
:1066B000A08601000030014010B500218174816185
:1066C000C174426B521C4263A0F85C100820FEF7B4
:1066D000A9FE002010BD2DE9F0418569044605B9E9
:1066E00001250026A674E168E06C884205D30520E8
:1066F000A4F85C000720FEF795FE0DF033FF00289C
:10670000E07C09D010B10DF0C9FCE6742046FFF71B
:1067100007FB0020BDE8F081012802D16069284410
:106720006061B4F96A00401C5DD0B4F86A000428C6
:10673000B4F96A0000EBC00004EB800032D090F89E
:1067400090208030012A4FD0017E521E91427CD190
:10675000067602684FF400775368D16801F500713E
:10676000994203D3B1FBF3FC0CFB1311D160136B03
:10677000516B4FF4007C13EB0C0341F100011363E8
:106780005163183252E8001FC91B42E80013002B66
:10679000F8D1B4F96A10B4F96C2091426BD1B4F914
:1067A0006C1064E0D0F880106A024B68C86810442E
:1067B000984203D3B0FBF3F707FB1300C8600B6BE1
:1067C000486B9B1870410B634863183151E8000F08
:1067D000801A41E80003002BF8D1206A2844206287
:1067E000206D2844206553E001686A024F68CB6839
:1067F0001344BB4203D3B3FBF7FC0CFB1733CB6052
:106800000F6B4B6BBF1873410F634B63183151E82B
:10681000003F9B1A41E80037002FF8D1B4F96A1005
:10682000B4F96C20914211D1B4F96C0009E000EB8D
:10683000C00104EB810151F8942F8B8903FB0522E1
:106840000A60401C0628F2DB1CE019E041696A423C
:1068500001EB422112E001EBC10204EB820290F84D
:1068600010C052F8943F978907FB0C331360491C02
:106870000629F0DB06E04169A1F50071416101E004
:10688000491C0176E0692844E061E06C2844E0643A
:10689000A661A4F85C60B4F8680104283FF439AF3D
:1068A000A07C00287FF435AF0220A4F868012046C0
:1068B000FEF708FC2DE70021817490F87C10002978
:1068C00002D10321A0F86A117047B0F8681041F4B2
:1068D0000041A0F868100021817490F87C10002914
:1068E00002D10421A0F86A1170472DE9F041002778
:1068F00005463C46B84604EBC40005EB8006D6F8D6
:106900009C0070B117B90746A5F86C40D6F89C00FA
:106910003A46C10D40020023F9F73EFEA6F8A0005A
:1069200001E0A6F8A080D5F85C1104F2D5100C5453
:10693000D5F85C2104F5F57196F8A0005054641C5C
:10694000062CD8DBD5F85C11062081F8D401D5F8E7
:106950005C11022081F8B801BDE8F0812DE9F04119
:106960000446C07C17460E46002510B10DF096FB7C
:10697000E57466610120A061A074394630460DF0CF
:106980005DFEA574A56118B14FF0FF30BDE8F08140
:106990000320A4F86A010020F8E72DE9FF5F0F4605
:1069A0000446C3B11D46012D00D901250026A4F8D7
:1069B0006860E07C4FF003094FF0FF3B4FF00108A7
:1069C0005BB14FF4800A08B36069B8421ED1E06C35
:1069D000C10417D032E00125E5E710B10DF05EFBF0
:1069E000E6746761C4F8188084F81280A4F868918E
:1069F000384602990EF0F4F800281AD0C01C34D0A2
:106A0000A66115E0616C401A504517D3E07C10B1C7
:106A10000DF044FBE674B4F8600018B950460CF071
:106A200055F820B9384667640DF012FC20B1A67401
:106A3000584604B0BDE8F09F84F813806761A561F3
:106A400084F81280B4F86801022801D1A4F8689192
:106A50004FF6FF7000EA452102980EF0BDFAC11C06
:106A600003D00028E5D0A661E1E72046FFF72DFF1F
:106A70000020DEE72DE9F041044600F1800100220C
:106A8000B0F96C00012600EBC00001EB800075023C
:106A9000037C012B0BD9037E4BB101688969A942A4
:106AA00046D3B4F86C10A4F86A10024628E000201F
:106AB0000023471E022F04D804EB8003DB6E03B1D2
:106AC000012300EBC00701EB87077F69AF4200D3CA
:106AD0005BB3401C0628EBDB96B1B4F96C0000EB0D
:106AE000C00051F820008069A84221D3B4F86C009E
:106AF000A4F86A00B4F96A0000EBC00001EB800260
:106B0000E068E16CA0F50040814227D2107E137C42
:106B100052F82000012B0ED9B4F96A30B4F96C5048
:106B2000AB4208D11268D26806E0A4F86A00E3E735
:106B30000320BDE8F081C2680123A4F85C30806BBB
:106B400002442046FFF729FF0028F2D02046FFF735
:106B5000E7F80220FEF766FC0220EAE70720FEF7CE
:106B600061FC0120E5E700002DE9F05F4FF0030A2A
:106B70008B460446A0F85CA0C76939484668DFF830
:106B8000E490D9F80410D9F80800A7EB0108351AE9
:106B90001BD013F023F900EE108ADFED330A3348DF
:106BA000B8EE400A60EE200A00EE105AB8EE401A25
:106BB00090ED000AF8EE401A81EE210A80EE801A6C
:106BC0009FED2B0A21EE000A01E09FED2A0A84EDD9
:106BD0000C0AC9E90176E07C18B10DF05FFA0020DB
:106BE000E074208A3F21401E90FBF1F290FBF1F50A
:106BF00001FB1208E66CD4F860713046FEF778F8B5
:106C000094F87C1001B1E06407EB88004660216DC8
:106C100021F0004294F8401009B14FF000410A43BE
:106C2000C0F800214FF0FF36A4F86A60A4F85CA019
:106C3000606DD4F8602100EB0501BBF1000F4FF04F
:106C40000003204602D0FFF7A8FE01E0FFF786FE12
:106C5000401C02D00020BDE8F09F3046FBE700005A
:106C6000001000E00078042000000044C8740420F4
:106C7000000080350000000070B5044690F87D00EB
:106C80000225F0B1B4F8680104281AD0002084F875
:106C90007D00A4F86A510521204617F075F8EFF33E
:106CA0000580D0B9B4F86801042816D194F87C00A6
:106CB00098B9B4F86A0103280FD1A4F86A510321E6
:106CC00008E0B4F96A01022803D0A4F86A5181B23D
:106CD00000E00221204617F057F8002070BD70B583
:106CE0000D4604004FD0E0780123FF21002230B987
:106CF0000420265C1EB9401C8028FAD3E1700020D5
:106D0000265CFF2E03D0265C402E00D32154401C6D
:106D10008028F5D3D4F88000022801D9C4F8802057
:106D2000D4F884000A2801D3C4F88420D4F8880059
:106D30000A2801D3C4F88820D4F88C0020B1D4F8F4
:106D40008C00B0F5007F01D9C4F88C30D4F88000F5
:106D5000401CC2B2002009E0215CFF2905D129189E
:106D6000C9B2402900D329462154401C9042F3D394
:106D70002046FDF7A6FC002805D029462046BDE8A0
:106D80007040FDF7BBBF70BD10B5002842D003684E
:106D900044F620620021934200D90160836A934245
:106DA00001D903688362C36A102B00D9C162036BE7
:106DB000194CA34200D90163436B934202D940F2BC
:106DC000E2424263826A002A026801D012B103E003
:106DD000826201E0826A0260D0F8A420042A01D90C
:106DE000C0F8A410D0F8A020012A01D9C0F8A01042
:106DF000D0F81821120607D5D0F8181101F07F013C
:106E0000102907D3802103E0D0F81821402A01D3AC
:106E1000C0F8181110BD00000071020070B50D46D9
:106E200006460024294630460DF008FC002805D00F
:106E3000641CE4B2032CF5D34FF0FF3070BD0000AA
:106E40000348406B002801D140F2E2407047000047
:106E5000D8EA04200148406B70470000D8EA0420BB
:106E600010B54FF0E0200169C90701D0406910B9A1
:106E7000022008F01DFABDE8104009F0BDBF70B552
:106E8000D0F8583473B3D0F8543400EB8305D5F8F8
:106E9000104400EB4303B3F80C6411B1D5F804546B
:106EA0000D6002B11460D0F85414491C0229D0F8C6
:106EB000541401D2491C00E0491EC0F85414D0F803
:106EC0005814491EC0F85814B0F818142144A0F8FA
:106ED0001814B0F818143144A0F818140020A3F8BE
:106EE0000C0470BDFFE74FF0FF30FAE77CB50446B5
:106EF000D0F858040E46A0B394F84804002578B999
:106F00006A4601A9204600F006F90198C4F83C043D
:106F10000098C4F84404C4F84054012084F848049C
:106F2000D4F84004D4F8441488421BD2D4F8400466
:106F3000D4F83C140144401CC4F840040878307074
:106F4000D4F84004D4F84414884208D384F8485450
:106F5000C4F84054002211462046FFF790FF00205D
:106F60007CBDFFE74FF0FF30FAE710B50446002282
:106F700011462046FFF783FF0028F8D0002010BDFF
:106F8000F8B514460D4606466A46214600F068F8F4
:106F900010B14FF0FF30F8BD224629460098F9F7AE
:106FA00094FC304600F001F8F8BDF0B590F83814C4
:106FB0004FF0FF35B1B1D0F85814022912D2D0F8F1
:106FC0004C24D0F82C4400EB4203211A891EB3F85C
:106FD0000C3489B2B0F81864D0F834741F44BFB2CE
:106FE000BE4201D22846F0BD00EB8202C2F8044442
:106FF000D0F83444C2F81044B0F81824D0F834441F
:107000002344D21AA0F81824D0F834240A44B2F544
:10701000806FD0F8342401D3A1F580611144C0F809
:107020005014D0F84C14491C0229D0F84C1401D249
:10703000491C00E0491EC0F84C14D0F85814491CF3
:10704000C0F85814D0F85C14491CC0F85C14002136
:1070500080F83814C0F83414C0F830140846F0BD75
:10706000F0B5D0F850349CB2C4F580639DB20023D3
:107070005E1EB1F5806F25DCD0F85874022F21D246
:107080008FB2AF4201D32B460024B0F81854CF186A
:10709000BFB2BD4216D30444A41CC0F82C44C0F8AF
:1070A00034140021C0F83014012180F83814D0F8CD
:1070B0004C1400EB4101A1F80C34D0F82C04106002
:1070C0000020F0BD3046F0BDD0F83024D0F8343484
:1070D0009A420AD2D0F83024D0F82C341344521CEF
:1070E000C0F83024197000207047D0F83014491CC3
:1070F000C0F830144FF0FF307047002180F838148A
:10710000C0F83414C0F83014D0F86014491CC0F82A
:10711000601400207047D0F858347BB1D0F8543454
:1071200000EB8303D3F804340B60D0F8541400EB65
:107130008100D0F810041060002070474FF0FF303D
:10714000704710B5044640F26441F9F7A1FC4FF4D2
:107150008061A4F81814002010BD00002DE9F84348
:1071600043F2987100F540544518D4F830024FF0BE
:10717000FF36C168890679D50068800676D507F0A4
:1071800079FA8046D4F83002016821F020010160CC
:10719000D4F830024068C7B2D4F83802DFF8D4908F
:1071A000800554D5D9F81810A8EB0100B0F5FA7F86
:1071B00008D92846FFF7A1FFD4F8380220F400715F
:1071C000C4F8381295F8380428B96A464FF40071AB
:1071D0002846FFF745FFD5F83404D5F83014884227
:1071E0000BD52846FFF789FFD4F8380220F4007049
:1071F000C4F838026FF0010636E03E2F06D039465B
:107200002846FFF761FF401C17D02DE0D5F8300469
:10721000C5F834042846FFF7C8FE2846FFF76DFF7F
:10722000D4F8380220F40071C4F83812B4F8B0026F
:1072300040F48060A4F8B00215E02846FFF75DFF37
:10724000D4F8380220F40070C4F838020CE03C2F67
:107250000AD1D4F8380240F40070C4F8380207F0BC
:1072600009FAC9F818000026C9F818803046BDE8A8
:10727000F88300000000002038B505464FF0FF30CD
:1072800005F540540090D4F83012C868800615D532
:107290000868800612D5086820F020000860D4F83D
:1072A00030024068C4B207F0E5F901460448C16005
:1072B000012101702146284601F0DEFD009838BD0D
:1072C000000000202DE9FE4F064641F6181006EB9F
:1072D000000A43F24820DFF844814FF0000B06F526
:1072E000405406EB000961E0002507F0C3F90146B0
:1072F000D8E90820891A77EB0000CDE9001006D5FF
:1073000008460199401E41F10001CDE90001DDE987
:10731000001241F288330020591A904100DA012509
:1073200041F6EC0010F80A0048B99DF8080001F099
:1073300017FC011E04DD6A465046FCF799FB4DB16F
:107340005046FCF73CFCD4F8380220F40070C4F836
:10735000380227E09DF808105046FCF715FC401C49
:1073600024D19DF808003E2809D05046FCF727FCA0
:10737000D4F8380220F40070C4F8380216E0304621
:1073800001F0E8FCD4F8380220F40070C4F83802A8
:10739000B4F8B00240F01000A4F8B002304600F09B
:1073A000C3F803E09DF808003C282AD0D9F818104B
:1073B000484679B34168C368826BD25C8DF8082077
:1073C000C268521CC260C2688A4202D3C268511AA3
:1073D000C160016B0122436B491C5F4643F100030E
:1073E0000163436309F1180050E8001F891A40E85F
:1073F0000013002BF8D143F2382080598005D1D5F5
:1074000072E707F037F9C8E90807D4F8380240F402
:107410000070B1E7FFE70020BDE8FE8F000000200C
:1074200008490A6842F480420A600A6842F0004251
:107430000A600549CA6842F40052CA6080224A6064
:1074400002F05AB8180802400010014018B504466E
:1074500043F23431621804F540544FF0FF30D4F851
:107460003012CB681B0613D50B681B0610D5D2F85B
:107470005804002814DD69461046FFF737FD002840
:10748000D4F8300205D0C16821F08001C16000202D
:1074900018BD01680906FCD59DF800104160F6E7AB
:1074A000C86820F08000C860F1E700F54050D0F8CF
:1074B0003002C16842F288021143C160704702F095
:1074C0001BB810B502F004F9002010BD70B504001F
:1074D00020D01149206888421CD1104E3069002804
:1074E00018D00F496060C1F8B40200F08BFD0500B0
:1074F00002D108F077FF0546316900F031FDA0F1B7
:1075000010014FF6EF72914204D821688860054956
:1075100008618D6170BD0000001001400000002076
:1075200020CD0420009D0420022004F0BBB8000000
:107530002DE9F04105460026FFF7C3FF80BB05F5A6
:107540004054D4F83002C1680906FCD428460EF035
:107550005FFFD4F8380220F40070C4F8380212A794
:107560003846F9F793F9024643F234303946284455
:10757000FFF706FD2846FFF798FF28460EF094FF18
:10758000002243F2987011462844FFF778FC284601
:107590000EF05EFFB4F8B00220F40040A4F8B00290
:1075A0003046BDE8F08100003C444953424F4E4410
:1075B0003E00000070B592B0044634216846F9F7E9
:1075C00067FA14210DA8F9F763FAACB31E490868ED
:1075D00000F00C00042820D0082820D000202060D3
:1075E000086800F0F0006060086800F4E050A060F7
:1075F000086800F46040E06014480068002500F06E
:10760000070020612575012630040695CDE900604C
:10761000684608F029FF78B903E00120DFE702207F
:10762000DDE70F20CDE90E650D90109500210DA826
:10763000119508F027FE10B1012012B070BD12F0B4
:10764000CDFB26750020F8E708380240003C0240D8
:10765000A0F13001092901D808467047A0F1410185
:10766000052901D837387047A0F16101052901D8F3
:10767000573870474FF0FF3070470000F8B50646A6
:1076800006F540540020A4F8B002B4F8B00220F08F
:107690008000A4F8B002D4F8340204F031FD1C4B91
:1076A0004FF400754FF47A773A46A3F57A71304675
:1076B000009500F027F9D8B1154B3A46A3F57A7139
:1076C0003046009500F01EF990B1D4F8340204F071
:1076D000F9FC0F4B3A46A3F57A713046009500F05D
:1076E00011F928B1D4F8340204F00AFD0120F8BDE4
:1076F000D4F8340204F004FD3046FFF719FFB4F863
:10770000B00240F00200A4F8B0020020F8BD000072
:1077100088DD04202DE9F0410446C06B00254FF4BC
:1077200080668560E06BC560E06B0661E06B45617B
:10773000E06B8561E06BC561E06B0562E06B06F0B4
:107740005DFD6F1EA0B9E06B8463A16B4020886073
:10775000A06BC560A06B0661A06B4561A06B8561E5
:10776000A06BC561A06B0562A06B06F047FD10B170
:107770003846BDE8F081A06B0022032184632520F8
:1077800007F00CFE252007F0FBFD2068C16841F4DE
:107790000051C1602068C16841F02001C1602068CB
:1077A000C16821F08001C16094F8420020F02200FD
:1077B00084F842000020DCE72DE9FF4790460F46A1
:1077C00006004FF000044FF0FF3A4DD0B8F1000F23
:1077D0004AD0E7B33146002009E00A5C203A5F2A2C
:1077E00004D3062F08D0072F09D002E0401CB8426E
:1077F000F3D30025E9461CE04046316802E056F824
:10780000011F40460160B188818037E0705DFFF75D
:107810001FFF00280CDB102C06D30F2209F10101F9
:107820006846F9F797F80F24715D09F80410641C95
:107830006D1CBD42EAD30C2C16D309EB0405474658
:107840000C3D11D01FB1002415F8140000E00BE02E
:10785000FFF7FEFE064605EB44004078FFF7F8FE12
:10786000002E01DB002803DA504604B0BDE8F087A3
:1078700040EA06103855641C062CE5D30020F4E7D6
:107880002DE9F0479846914604000D464FF0FF362B
:107890002DD065B30846F8F7F9FF022827D32978D9
:1078A0003C2924D1284410F8010C3E281FD104F5AE
:1078B0004050D0F8381221F40071C0F8381243F269
:1078C000987020440746FFF750FB2846F8F7DEFF84
:1078D000024643F2343029462044FFF751FB30B9C9
:1078E0002046FFF7E2FD20460EF0DEFD10B13046E7
:1078F000BDE8F087424649463846BDE8F047FFF705
:10790000BEBA00002DE9F04300F540560446D6F813
:1079100034021F469DB0836B249D1B685B680093F7
:10792000C06B0068436804F5705015F0BDFED6F8D2
:107930003402816B096849680091C06B0068436834
:107940002A46394604F5715015F0AEFE20460EF079
:107950005FFDD6F83402FFF7DDFE204600F038F96F
:1079600043F234302044072283498046FFF708FB66
:107970002046FFF79AFD4FF4FA7006F0E1FC00276D
:107980001A971B9701976B4601AA7CA12046009786
:10799000FFF776FF04F54A5528B9DDE900101AAA69
:1079A000FFF70AFFE8B3EF66A5F870700020211812
:1079B00004EB400201F5405102F5405291F8EC32DF
:1079C00082F8FE3291F8EC12401C82F8FF12062871
:1079D000EDDB16971797189700250DF158091997A1
:1079E000601900F5405009EB450190F8EC021CAA23
:1079F000F9F7F0F96D1C062DF2DB142111A8F9F747
:107A000047F8009701AB6A465EA120460197FFF751
:107A100037FF70B120460EF01BFD01201DB0BDE800
:107A2000F083FFE71A98E866BDF86C00A5F87000CF
:107A3000BCE7009961B1019A042A09D9101F1228E4
:107A400001D9122200E0121F11A8091DF8F73DFF0D
:107A50000125002711A8F8F719FF82B2002011AB09
:107A60000DE0111A194411F8011C3039092905D803
:107A700001FB0571CFB205EB85014D00401C904222
:107A8000EFDB86F89B72342104A8F9F701F843F282
:107A9000BA21214431233E22CDE90031CDE90292C1
:107AA0003C233AA2322104A8F8F702FE04A8F8F712
:107AB000EDFE024604A94046FFF762FA2046FFF7B2
:107AC000F4FC20460EF0F0FC43F2987000222044B3
:107AD00011460546FFF7D3F90A2006F031FC1422BF
:107AE0002EA16846F8F778FF6846F8F7CFFE024601
:107AF00069464046FFF744FA2046FFF7D6FC204689
:107B00000EF0D2FC002211462846FFF7B8F928A74C
:107B10003846F8F7BBFE024639464046FFF730FAD2
:107B20002046FFF7C2FC20460EF0BEFC00221146A4
:107B30002846FFF7A4F921A73846F8F7A7FE024622
:107B400039464046FFF71CFA2046FFF7AEFC2046B8
:107B50000EF0AAFC002211462846FFF790F91B48B8
:107B6000016841F480410160B6F8B00220F00800DD
:107B7000A6F8B002002051E7DBF715083C4D414361
:107B80003E0000003C485645523E000025634E41F1
:107B90004D45252E2A732573256300003C4641433D
:107BA000436F6D706163742045706879733E0000A7
:107BB0003C444953424F4E443E0000003C41445631
:107BC0004741503530303E000000000018080240A8
:107BD0002DE9F04F9FB000240646A14610941821CD
:107BE00068461194F8F754FF142106A8F8F750FFDF
:107BF000D348417841B1006918B100201FB0BDE8F9
:107C0000F08F4FF0FF30F9E7CD48CE4F4FF001082D
:107C100080F80180C7F800804EB106F54055D5F8D0
:107C2000340220B1DFF820A30168514501D0E120E2
:107C300014E0D5F8380220F40070C5F8380243F299
:107C400098703044FFF791F943F234303044FFF735
:107C50008CF96846FFF7AEFC10B1E4203860D0E73D
:107C600008F0C0FB4FF4964100F07AF9A0F1100142
:107C70004FF6EF7B594509D8D5F834224FF4964199
:107C80005160B24AC2F8B412CAF80800DAF80C100F
:107C90001D91DAF80C1021F02001CAF80C10AC4844
:107CA00000681C90AA48001D00681B90A848083076
:107CB00000681A90A6480C3000681990A44820303B
:107CC00000681890A34800681790A248001D00683B
:107CD0001690A0480830006815909E480C30006847
:107CE00014909C48183000680F909A482030006823
:107CF0000E909848283000680D9096482C30006807
:107D00000C909448243000680B9093484E460168CC
:107D100041F002010160006800F002001E908E48F0
:107D2000103000688C4940F0040010310860086889
:107D300006A900F004001E90802006900220CDE9E4
:107D4000070609900A90824806F0A2FB8148066067
:107D5000001D0660001D0660001D06607D48203085
:107D600006607C498015183108607A482830066022
:107D700078494FF6FF702C31086076482430066051
:107D8000744810300660011DC1F800807149B020B0
:107D9000203108606F490120086008F013FB6E492C
:107DA0002839096811F4E05F00D0400080466B4933
:107DB000D5F834020EF066FB06F05CFC06462FE0B8
:107DC000644A1032106840072AD56248383000688B
:107DD00012A921F814004FF6FB301060641C022C2D
:107DE0001ED35FEA080220D0BDF84A00BDF8481053
:107DF000401A0604360C18D0032370084946E8FBE5
:107E0000030132460023F8F7C7FBF861A0F58C4167
:107E1000503940F6C412914207D8CDE9106004E011
:107E200006F028FC801BFA28CAD34E46DFF82491BE
:107E300009F12009C9F80060464806601E2006F0D6
:107E40007FFA44491698091D0860091D15980860B5
:107E5000091D149808603F490F98183108600E9862
:107E6000C9F800003B490D9828310860091D0C989D
:107E7000086009F104010B9808603648103006606C
:107E800034491798086032491C980860091D1B98EE
:107E90000860091D1A980860091D199808602C4986
:107EA000189820310860DAF8000056460B90DAF88E
:107EB00004000B901D98CAF80C0014210BA8F8F7C9
:107EC000E7FD9DF8140078B10F200B9000980C90FE
:107ED00001980D9002980E9003980F900BA80499AA
:107EE00008F0D0F911F07AFFC7F804801098B86054
:107EF0007C61B8B11198F860A0F58C41503940F61A
:107F0000C512914210D3E320386008F06BFA4FF4A9
:107F1000964100F025F8A0F1100159453FF69FAEBB
:107F2000B0606EE6E220EFE705490861C5F8B402EB
:107F3000D5F83402FFF7CAFA46F20D0038605CE665
:107F400000000020009D04200010014020CD0420EE
:107F5000000402400008004030380240D4F7150801
:107F600010B549B14A081018002464410A4600239C
:107F70002146F8F711FB10BD002010BD884201D347
:107F8000401A7047081A704710B500F00FF80549FD
:107F9000886705490A6822F0F80242EAC0000860D2
:107FA00010BD0000A8540420003802401F2800D94A
:107FB0001F207047124A10B500201060111D086084
:107FC000091D08600B1D18600D4B183318601B1D30
:107FD00018601B1D18600A4B28331860084C431E9C
:107FE0002C342360064B24331860054B1033186083
:107FF000034C01231434236015230B60106010BD63
:10800000000C004010B5114CA07D20B11048016853
:1080100011F00C0F01D0002010BD01680123C1F345
:108020000310C1F34231082801D2012202E0C01F2F
:1080300003FA00F2042901D2012301E0C91E8B409A
:10804000E06F5A43B0FBF2F010BD0000A8540420CA
:10805000083802400148806F70470000A85404208F
:108060002DE9F84F4FF0000591460F0082462E464D
:1080700000D1012700244FF4006BA04617E05046C2
:10808000FFF782FF40465946CDF8008000BF401CF4
:1080900000908842FAD347F230525100484601F02E
:1080A00015FE411C0FD02D1846EB0806641CBC427F
:1080B000E5D37808401948EB06013A460023F8F763
:1080C0006BFABDE8F88F4FF0FF30FAE72DE9F04F7B
:1080D0009BB058216846F8F7DBFC744E4FF0FF3533
:1080E0004FF0000AB06FFFF761FF814606F180078D
:1080F0004AF6C8704C463861C7F81490C7F8189013
:10810000FD61F06F386201207862694E0020A6F1AF
:108110008002AB4642F8205046F82050401C1F28F1
:10812000F7D9644801684FF00210884301D002205B
:1081300019E060489430006800F0404019905D48B4
:108140004030016801F008011891006800F40070E7
:1081500017904FF48050009080041190684607F00B
:10816000E7FE30B1032078625048806F1BB0BDE855
:10817000F08F50484030016841F40071016001689F
:1081800001F400711691016841F008010160006876
:1081900000F008001690484800681690FFF70AFFA4
:1081A0004248042180304162002704213846169A53
:1081B000FFF756FF0646401C2AD04AF6C8713046E3
:1081C000FFF7DCFE80463A48803840F8276038499F
:1081D00041F82780A8450BD313D149463846FFF70D
:1081E000CDFE064649462046FFF7C8FE864208D225
:1081F0002E483C46803045464FF0010A8761C0F862
:108200001C807F1C1F2FD0D9BAF1000F08D008E0C6
:108210002748803840F82760254941F827B0F0E723
:108220004C462046FFF7B0FEBAF1000F15D02048AB
:10823000803850F82410491C0FD050F82420002317
:108240001E48A72102F06AFF1D491E4A01449142BF
:1082500003D81649C867012088751448C16F80305B
:1082600001628461C5610521416213490020103912
:1082700008601149169808600E4894300168199AF0
:1082800021F0404111430160189828B90948403055
:10829000016821F008010160179828B905484030AD
:1082A000016821F40071016020465FE7A8540420B2
:1082B00070E004200038024020240040002058A331
:1082C00000E548FF00127A0010B5064C064A00216E
:1082D0002368034201D0012010BD491C9142F7D30D
:1082E000002010BD0024004020A107003E4A16686F
:1082F000531741F6180206EA020701F010021D4664
:108300003A43DFF8E8C02C4652EA80724FF0005939
:1083100010D148450ED360450CD8C269D20109D4AA
:1083200000F14802624505D8D2F81C805FEAC818FF
:1083300000D5104600F00302174309D1484507D382
:10834000604505D8C269D70102D5D0E90554134666
:10835000274A176847F0805717601268254A176840
:1083600047F4807717601768214F30373F683F0424
:1083700038D51268D20535D5204F1F4A3A603A1DCC
:108380001160111D0860081D0460001D0560001DBE
:108390000360001D06601448001D006817491C3169
:1083A0000860114808300068091D08600E48143044
:1083B0000068091D08600C4810300068091D08603D
:1083C00009480C3000680D49303108600B494FF402
:1083D00085703C310860BFF34F8F091F0848086063
:1083E000BFF34F8F03F046FB28ED00E0E0FF0420D1
:1083F000403802400070004001FC32CE502800405E
:1084000017FA32CE0348016811B9C06A002800D0BB
:1084100001207047D8EA042010B500F091F8EFF37E
:10842000108272B609490B794C792343034208D074
:108430000B7983430B714B7983434B71C879401C93
:10844000C871002A00D162B610BD0000D0DF042040
:1084500010B506F00FF9094988600948018F4129D4
:1084600002D2018F491C0187008F402804D1BDE84A
:1084700010400520FFF7D0BF10BD0000D0DF042062
:10848000A85404202DE9F04115460E46044600F09C
:1084900057F8EFF31087002372B6052C02D11B4A60
:1084A000002111871A49B1F800C046EA0422944518
:1084B00001D00A800123C0B1022D0CD30A790242F7
:1084C00001D1012200E0002213430A7902430A711C
:1084D0004A79824308E04A79024201D1012200E050
:1084E000002213434A7902434A7153B14888A0F5E8
:1084F0007F42FF3A02D04888401C4880C879401C1F
:10850000C871002F00D162B6BDE8F081A8540420E4
:10851000D0DF042010B50C4600F012F8EFF3108203
:1085200000280AD072B605498B790CB1034300E0EC
:1085300083438B71002A00D162B610BDD0DF0420C6
:10854000401E072803D801218140C8B2704700208F
:10855000704770B50D0006464FF000044FF0B601AD
:1085600000D1641E7E2015F0ABFF0F2015F0EAF954
:108570001CB92946304600F01DF8204670BD10B5E4
:108580000A2015F0DFF911217E2015F099FF322025
:1085900015F0D8F915217E2015F092FF642015F012
:1085A000D1F919217E2015F08BFF0A2015F0CAF9A8
:1085B000002010BD0222CA750920487515230B75CD
:1085C00000238B75CA7348731020087303208873C7
:1085D0004868886048698861C868086118467047BB
:1085E00010B586B0044618216846F8F751FA1722EC
:1085F0006946042015F014FDBDF80000BDF8021016
:1086000000B200EE100ABDF8042009B2F8EEC00A6C
:108610009FED2F0A12B260EE800AC4ED120A00EE3E
:10862000901AF8EEE00A60EE800AC4ED130A00EE3C
:10863000902AF8EEE00A20EE800A84ED140ABDF8D4
:10864000080094ED0F0A01B200EE901ABDF80A007E
:10865000BDF80C20F8EEE00A00B212B260EE200A7B
:10866000C4ED1A0A00EE900AF8EEE00A60EE200A65
:10867000C4ED1B0A00EE902AF8EEE00A20EE200A74
:1086800084ED1C0ABDF80E0094ED0E0A00B200EE57
:10869000900ABDF81010BDF81220F8EEE00A09B2F9
:1086A00012B2002060EE200AC4ED160A00EE901A05
:1086B000F8EEE00A60EE200AC4ED170A00EE902AF8
:1086C000F8EEE00A20EE200A84ED180A06B010BD8C
:1086D0009A99993E2DE9FF410DF12808044698E842
:1086E000E10084F82A7004F11408656288E80E003D
:1086F000208400272685B620A7858DF80C003D46EE
:108700004FF064080126204600F076F900F060F989
:1087100003A98DE8420101237E22D021606906F081
:1087200089FC60B1681C042803D3012004B0BDE8B3
:10873000F0810A2015F006F96D1C042DE3D32763A0
:108740009FED160A682084ED0E0A9FED150A84ED50
:108750000F0A84F8400094F82A0038B10128204616
:1087600011D000F02CF9A7850020DFE72046FFF7A5
:1087700006FF204600F016F8204600F053F8204689
:1087800000F0B4F804E000F08DF8204600F00AF89C
:108790002046FFF725FFA685E6E70000B3CC1C3A8C
:1087A000F8C1F93B10B5044690F82A0058B1882169
:1087B00041F02001402015F083FE0221204600F008
:1087C00005F8002010BD0921F2E7000010B59FED6B
:1087D000110A29B1012907D002290FD0032913D08A
:1087E00080ED0E0A032104E09FED0B0A052180EDC8
:1087F0000E0A412015F064FE002010BD9FED070A0F
:10880000082180ED0E0AF4E79FED050A0C2180EDAA
:108810000E0AEEE7E5FF1F3AE5FF9F3A1000203B06
:10882000FAFF9F3B10B504462921422015F048FE6F
:108830000021204600F002F8002010BD10B59FED89
:10884000140A052920D2DFE801F019130D1F0300D7
:108850009FED100A042180ED0F0A432015F030FE31
:10886000002010BD9FED0C0A022180ED0F0AF4E7F5
:108870009FED0A0A012180ED0F0AEEE79FED080A3D
:10888000002180ED0F0AE8E780ED0F0A0321E4E7FD
:10889000F8C1F93BF8C1793B8DC1793C8DC1F93CF8
:1088A0008DC1793D10B5044600F059F8642015F0EB
:1088B00049F8204600F01AF8642015F043F8122118
:1088C0007E2015F0FDFD642015F03CF817217E2078
:1088D00015F0F6FD642015F035F81B217E2015F00B
:1088E000EFFD642015F02EF8002010BD10B580219A
:1088F0004C2015F0E5FD322015F024F801214F2021
:1089000015F0DEFD4B214E2015F0DAFD04214F203D
:1089100015F0D6FD51214E2015F0D2FD0E214F202D
:1089200015F0CEFD52214E2015F0CAFD02214F2038
:1089300015F0C6FD4C214E2015F0C2FD42214D2000
:1089400015F0BEFD0821442015F0BAFD03214C208E
:1089500015F0B6FD322014F0F5FF002010BD10B563
:10896000416CFFF7F6FD40B2002800D0012010BD99
:108970007CB504000AD049B1606938B1A3692BB154
:10898000856B9D4202D1A38D012B02D04FF0FF30A9
:108990007CBD94F82A306BB106220E31CDE900126D
:1089A00001231222D02106F05FFA0028F0D1022123
:1089B000A1857CBDCDE9001201230422F2E710B5A8
:1089C000FFF7CDFF642014F0BDFF002010BD0000B4
:1089D00010B5074805F09DFE0648016841F40011F6
:1089E0000160016821F40011016010F017FE10BD54
:1089F00060A200202038024010B50446018D86B0E8
:108A0000406A012205F031FE14216846F8F740F86B
:108A1000208D218C084300900120019002900220BB
:108A200003906946606A05F033FD218C0022E069FD
:108A300005F01BFE218D0022606A05F016FE012064
:108A400005F07EFC218D0122606A05F00EFE0120FA
:108A500005F076FC218D0022606A05F006FE0120FB
:108A600005F06EFC218D0122606A05F0FEFD0120FB
:108A700005F066FC218C0122E06905F0F6FD01207D
:108A800005F05EFC002001906946606A05F000FD7B
:108A900006B010BD034900208885034948760120AF
:108AA00088767047D0390020A85404200248016815
:108AB00041F0200101607047003C01401248406BCA
:108AC00008B940F2E240114991F82A1049B1012950
:108AD00009D000210E4A002339B1814207D3138007
:108AE0000DE0C821F6E76421F4E7138009E013885C
:108AF000194489B21180814203D3081A10800120E1
:108B00007047002070470000D8EA0420D0390020C8
:108B10006A79042010B504460020A0852046FFF79E
:108B20004EFF606905F00EFE2046BDE81040FFF7DD
:108B300063BF10B5044641F61810211801F58051A5
:108B4000D1F8E408C1F8E808204600F003F904F57C
:108B50004054D4F8380220F40070C4F8380210BD34
:108B60000146002089293ED058DC33297DD02CDCF9
:108B7000152915D015DC112971D00BDC40F201222A
:108B800001296ED002296CD003296AD0102900D1A6
:108B90003D20704712296ED0132937D01429F8D1FF
:108BA00071E0232908D009DC18297DD020295AD06A
:108BB000212958D02229ECD11D20704730296DD0B1
:108BC00031296BD03229F8D16AE060295DD012DCFE
:108BD000412963D008DC342949D0352949D03729C7
:108BE0004AD04029E9D159E042294ED043294CD0FE
:108BF0005129E2D152E0832947D008DC61294FD0C6
:108C000080294BD081294BD08229D6D14AE08429B2
:108C100048D0852929D08629CFD132E08A39332915
:108C2000CBD2DFE801F02E1A2C2E32413B3B3B32F7
:108C30003D323032323B1A321A3B324132321A1A4A
:108C40001A1A1A1A1A1A1A3232343B1A1A1A1A1A19
:108C50003638413B3D3F41434100AEE705E014E07B
:108C6000FFE71046704715207047212070472220EB
:108C700070470A20704717E040F20A20FAE71120F7
:108C8000F8E71920F6E70620F4E70220F2E789204A
:108C9000F0E78420EEE740F20D20EBE70120E9E762
:108CA0000320E7E70420E5E70520E3E740F207209B
:108CB000E0E770B5040028D0002926D00868002815
:108CC00023D0EFF3108572B604F54050C0F834128B
:108CD0000968C0F830120021C0F8381280F89012EC
:108CE00041F618102044FAF7A1FF2046FAF79EFF3C
:108CF00041F61A10211843F248204FF4C052204484
:108D000014F0CCFC002D00D162B670BDB0B13E298C
:108D100014D100F5805090F8EC1879B1D0F8E01833
:108D200061B1D0F8E8281D2A08D1D0F8E408192844
:108D300004D10878222803D0232801D000207047CE
:108D4000012070470249884201D1F9F745BE7047BA
:108D5000209D042041F618110844FAF72ABE41F676
:108D600018121044FAF710BF2DE9F84341F6181114
:108D700000F5405480464618D4F830024FF0FF35D5
:108D8000C16889066CD50168890669D501680091BA
:108D90004068C7B23946404600F0AFF810B13549D7
:108DA00001200870D4F83802800557D541F6EC0050
:108DB000805DA0B93846FFF7D3FE00280CDD3846A9
:108DC000FFF7CEFE01466A463046FAF751FE30B153
:108DD0003046FAF7F4FE26E03046FAF7F0FE304669
:108DE000FAF7FAFE002814DD39463046FFF78EFF09
:108DF00018B14046FFF79DFE09E039464046FFF7AF
:108E0000AEFF401C2CD13046FAF7D9FE1BE00025FE
:108E100026E03E2F0ED03046FAF7D1FED4F88C0271
:108E2000401CC4F88C02D4F8380220F40070C4F856
:108E3000380215E04046FFF78DFF48B1D4F88C02A8
:108E4000401CC4F88C02D4F8380220F400700EE004
:108E5000D4F88802401CC4F88802F4E73C2F02D002
:108E60002846BDE8F883D4F8380240F40070C4F80E
:108E70003802CCE76879042070B50D46040034D080
:108E8000FFF760FF2946204600F037F810B1184977
:108E90000120087043F24820221850689368916BB3
:108EA000CD549168491C91609168814202D39168C8
:108EB000081A9060906A0125D16A401C41F10001B6
:108EC0009062D162002102EB8103183353E8000F56
:108ED000284443E80006002EF8D1491C0329F2DBA0
:108EE000204600F007F8002070BD4FF0FF3070BD45
:108EF00068790420082002F0D5BB10B5002818D0EE
:108F000043F290221044027801243AB10023012A4E
:108F100007D0022A0ED0032A09D110E03C2913D031
:108F200006E0AB2901D1022107E03C290CD00370F7
:108F3000002010BDBA29F8D103210170F8E73E29BD
:108F4000F3D10370012010BD0470F1E72DE9F04169
:108F500007001DD007F54054D4F83002C0B1EFF33C
:108F6000108672B6D4F83412E9B18D6BDDB1296880
:108F7000C9B1416921F0800141612868016821F08F
:108F800010010160286800F08FF848B126B104E0B4
:108F90004FF0FF30BDE8F08162B66FF00100F9E7F5
:108FA000284600F015F8D4F83002C16821F080019D
:108FB000C160D4F8380205490840C4F83802384680
:108FC000FAF734FE06B962B60020E3E7DDBFFEFF24
:108FD00010B5002823D00168002920D0816D002918
:108FE0001DD090F85C303D229A408A6000680C49A0
:108FF000884201D10F200CE00A49884201D1452066
:1090000007E008491831884201D1462001E04FF0BD
:10901000FF30002801DB06F095F9BFF34F8F10BD3C
:1090200070600240A06402402DE9FC4106004FF050
:10903000FF3736D006F54054D4F83802400430D516
:10904000D4F8380280062CD4D4F8340258B1856B99
:109050004DB1286838B1416819BB00F025F800BB54
:109060002846FFF7B5FFD4F8380220F48040C4F852
:10907000380201AA69463046FAF700FC002830465B
:1090800002D000F001FC0CE000F036FA48B1D4F850
:109090003802C00302D4304600F0F6FB0020BDE8E1
:1090A000FC813846FBE7000009494FF0FF3330B13F
:1090B000026822F00102026004E0491E01D2184653
:1090C000704700BF0268D207F7D100207047000048
:1090D000A08601002DE9F0410D465FEA00084FF03F
:1090E000FF3659D008F54054D4F83002002853D048
:1090F000F5B32868E0B3EFF3108772B6D4F83822DE
:1091000044F22001914345D10168C90742D140682A
:1091100078BB404600F0B0F858B3404600F0DDF8A8
:1091200038B3D4F83002C16821F08001C1602868EA
:10913000FFF7BAFFE8B92868016821F01001016063
:10914000D4F83002416921F080014161284604F5DC
:109150000C74FFF73DFF4046FAF70DFCA06820F4C1
:109160008040A060A0680E490843A060404601E02E
:1091700012E00FE000F0B8F92068C16842F20C027A
:109180001143C1602068C16841F08001C160BFF334
:109190004F8F002607B962B63046BDE8F081000067
:1091A000220001002DE9F04105004FF0FF3638D0D4
:1091B00005F54051D1F8340260B3846B54B3206894
:1091C00040B3A26D32B3106894F85C304FF0200CBD
:1091D0000CFA03FC0D279F404FF03D0E0EFA03FEE4
:1091E00000EA0E039360384215D0D1F8380240F0FF
:1091F0002000C1F838022068FFF756FF2046FFF72D
:10920000E7FE2068406828B921462846FFF762FF3C
:10921000002807D005E010EA0C0F02D02068406853
:1092200010B13046BDE8F0812846BDE8F041FFF7B7
:10923000FBBE10B54FF0FF31D8B1EFF3108472B61A
:1092400000F54052D2F838325B0410D5D2F83832EB
:109250009B060CD4D2F8341231B1896B21B1096864
:1092600011B1FFF79FFF01E0FFF7DEFE014604B9F1
:1092700062B6084610BD00000349884201D10120B2
:109280007047002070470000209D0420FAF734BB8F
:10929000F8B515460E4607004FF0FF3407D036B13B
:1092A000002D04DD6A462946FAF7E2FB08B12046A4
:1092B000F8BD2A4631460098F7F707FB3846FAF71B
:1092C00078FB0028384602D0FAF779FCEFE700F087
:1092D00002F80020F8BD00F00FB91CB50021009184
:1092E000019118B301AA6946FAF77EFCF0B900981B
:1092F000E0B1019904290BD30278AD2A08D14218B4
:1093000012F8023CDA2B03D112F8012CDA2A0FD022
:1093100005290BD101785A2908D141785A2905D15C
:10932000C178A52902D10079A52801D000201CBD53
:1093300001201CBDF8B506004FF0FF3029D006F51E
:109340004054D4F83012002923D0EFF3108572B6C0
:10935000CA6812061AD50968090617D53046FAF701
:1093600060FC002816DD69463046FFF78FFF88B99C
:10937000D4F8300201680906FCD59DF80010416060
:109380003046FAF74EFC002804DD0020002D00D105
:1093900062B6F8BDD4F83002C16821F08001C16026
:1093A000D4F83802C003F0D4D4F8380220F0020018
:1093B000C4F83802E9E700002DE9F04106004FF05B
:1093C000FF3566D006F54054D4F83002002860D04E
:1093D000EFF3108772B6D4F83802C00301D4002529
:1093E00043E03046FAF71DFC6FF0010800281CDD51
:1093F000D4F83002416921F080014161D4F838028B
:1094000040F00200C4F83802D4F83002C16842F2D9
:109410000C021143C160D4F83002C16841F08001F0
:10942000C1603046FFF786FF0FE006F5805696F8DC
:10943000FC08D0B9D4F83002C16821F08001C160C5
:10944000D4F830020168490601D445460DE041696F
:1094500021F080014161D4F8340280B1866B76B18D
:10946000306860B1FFF720FE08B18FB111E03068BD
:10947000016821F0100101603046FFF7A9FDD4F822
:10948000380205490840C4F83802BFF34F8FA6E7F9
:1094900062B62846BDE8F081DDBFFEFF30B589B079
:1094A0000C46054624216846F7F7F2FAAD208DF800
:1094B000000085208DF801002046F7F7E7F9202805
:1094C00000DD2020024621460DF10200F7F7FDF9EC
:1094D000DA208DF822008DF82300242269462846E0
:1094E000FFF7D6FE09B030BD0249884201D1F9F735
:1094F00073BA7047209D04202DE9FC4106004FF00F
:10950000FF385CD006F54054D4F83002002856D01D
:10951000D4F838126FF00107C90315D5416921F05D
:1095200080014161D4F8380240F00200C4F83802EA
:109530003046FAF776FB002866DDD4F83002C168C1
:1095400041F08001C1605FE0D4F8380240044BD4A0
:109550003046FAF766FB002831DD01AA694630463D
:10956000FAF742FB3046FFF7BFFFD4F8340238B3B6
:10957000876B2FB33D681DB3D4F83002416921F0E9
:10958000800141612846FFF78FFD00286CD13846E5
:10959000FFF71EFD0098E86001986860286840F0B9
:1095A00010002860D4F8380240F48040C4F8380233
:1095B00048E0D4F8380240F02000C4F8380253E004
:1095C000D4F8380240F00200C4F83802D4F830026F
:1095D000C16842F20C021143C160D4F83002C16884
:1095E00041F08001C1603DE0D4F8340260B1806B8D
:1095F00050B1056845B1686818B12868C00706D041
:1096000002E03046FFF715FE3846BDE8FC81002039
:10961000009001906F6801AA69463046FAF7E4FAB3
:1096200010BB019887421FD8D4F83402806BFFF733
:10963000CFFC01980099C01B0844E860286840F0FE
:1096400010002860D4F8380220F02000C4F8380256
:10965000304600F03DF92868C007AAD0D4F8380297
:109660008006A6D40020D0E74046CEE710B500F52E
:109670004051D1F8342213685C69240604D40AE00E
:10968000936B1B685B681BB1D1F838325B04F7D46D
:1096900000F0FAF81AE05B691B0605D4B0B13AB1E4
:1096A000926B2AB112681AB1BDE8104000F010B8F0
:1096B000D1F8300250B1C26822F08002C260D1F805
:1096C000380244F202029043C1F83802002010BD73
:1096D00070B502002CD002F5405444F20205D4F8D3
:1096E0003402B8B1816BA9B1096899B103685B69AB
:1096F0001B0602D409E0486818B1D4F838024004C7
:10970000F9D4104600F0C0F810E008F060FCD4F87E
:10971000300202E0D4F8300250B1C16821F080017B
:10972000C160D4F83802A843C4F83802002070BDE4
:109730004FF0FF3070BD00002DE9F05F00F540559F
:109740008246D5F834020068C16842F208008843B6
:1097500003D04FF0FF30BDE8F09F04F08BFF0746C9
:109760005FEA0A0673D0D5F8340200286FD0806B08
:1097700000286CD00068002869D04FF6FF790024DB
:109780000AF5805B1AE0D5F83402806BD0F80080CF
:109790005046FFF7B1FED5F83802C00318D5504641
:1097A000FFF70AFE0024401C01D1C01ED3E704F0DD
:1097B00061FFC01BB0F5FA6F43D800BFDBF80C099E
:1097C0000028E0D1D5F83802C003DCD40020C2E77D
:1097D000D5F83802800705D5D5F83402006840690D
:1097E000000602D4504600F03DF8D5F83802400497
:1097F0001AD5D8F804000604D8F80000360CC0F3D7
:10980000000802D15046FFF714FDB8F1000F01D057
:109810004E4501D1641C00E000241148B146844249
:10982000C5D9504600F01EF80024C0E75046FFF7A7
:1098300063FE5046FFF77EFD04F01CFFC01BA042F4
:1098400003D96FF0010086E701E000BF03E04FF4A9
:10985000FA640AF58056D6F80C090028E6D17AE7B2
:10986000400D030010B5044600F051F82046BDE855
:109870001040FFF741BE00000249087800220A703C
:10988000704700006879042000F54052D2F8381281
:1098900044F202039943C2F83812002817D0D2F8D4
:1098A0003402002813D0806B002810D001680029F2
:1098B0000DD0D2F830020A6822F010020A600A685D
:1098C00022F001020A60416921F080014161704784
:1098D00000F54051D1F8382242F00202C1F8382296
:1098E000002813D0D1F8340200280FD0806B002854
:1098F0000CD00068002809D0D1F83012026842F07C
:1099000001020260486940F0800048617047002809
:1099100021D000F54050D0F8341200291BD0896BBB
:10992000002918D00A68002A15D0D0F83002C16882
:10993000890402D501680906FCD5011D9160C16842
:1099400021F40051C160416941F080014161C16869
:1099500041F40051C16070472DE9F74FD2F88450AF
:1099600081B0CE4ACE4902F16C0602F1D80702F569
:10997000A27902F5D87C02F5227302F5587A02F535
:10998000077B02F5737E02F22C74222D12D2DFE8DF
:1099900005F0112132425365748698A9B1C01111A6
:1099A00011111111111111111111CFE0F8F6F5F487
:1099B000F3F2F1F00092B94A03234832A2F12401F4
:1099C00003F002FCB748032300F1480200F1240130
:1099D00000905EE1B14A0323B432A2F12401009663
:1099E00003F0F2FBAF486C30032300F1480200F1B2
:1099F000240100904DE1AC4A0323A2F12401009719
:109A000003F0E2FBA748D830032300F1480200F13D
:109A1000240100903DE1A44A03236C32A2F1240109
:109A2000CDF8009003F0D0FBA048032300F14802DA
:109A300000F1240100902CE19B4A0323D832A2F1CB
:109A40002401CDF800C003F0BFFB98486C3003231D
:109A500000F1480200F1240100901AE1944A0093B9
:109A60000323A2F1240103F0AFFB9248032300F18A
:109A7000480200F1240100900BE18A4A0323903A46
:109A8000A2F12401CDF800A003F09EFB8948D83054
:109A9000032300F1480200F124010090F9E0844A18
:109AA00003236C3AA2F12401CDF800B003F08CFB43
:109AB00080486C38032300F1480200F12401009033
:109AC000E7E0784A0323243AA2F12401CDF800E02C
:109AD00003F07AFB7848032300F1480200F12401E7
:109AE0000090D6E072490323243101F1480200912D
:109AF00024311AE00B882BB10A1D009201F5827205
:109B0000443112E06C4A0323903AA2F124010094FC
:109B1000BFE0B1F8C431002BF4D0614901F5E47223
:109B2000009201F5327201F5027103F04DFBE9E795
:109B300000925A4A03234832A2F1240103F044FB65
:109B40005D486C30072300F1A80200F15401009039
:109B50009FE0554A03236C3AA2F12401009603F0DA
:109B600033FB5648072300F1A80200F1540100908E
:109B70008FE07DE06AE057E045E035E022E010E06C
:109B8000FFE7494A0323A2F12401009703F01CFBDD
:109B90004A48FC30072300F1A80200F1540100906C
:109BA00077E0414A03236C32A2F12401CDF8009002
:109BB00003F00AFB4248052300F1780200F13C0162
:109BC000009066E0384A0323D832A2F12401CDF890
:109BD00000C003F0F9FA3A48B430032300F1480218
:109BE00000F12401009054E0314A00930323A2F1D4
:109BF000240103F0E9FA3348032300F1480200F19D
:109C00002401009045E0274A0323903AA2F1240161
:109C1000CDF800A003F0D8FA2B48032300F1480246
:109C200000F12401009034E0214A03236C3AA2F1B0
:109C30002401CDF800B003F0C7FA2248B438052358
:109C400000F1780200F13C01009022E0154A032364
:109C5000243AA2F12401CDF800E003F0B5FA1A4845
:109C60006C30032300F1480200F12401009010E061
:109C70000F490323243101F148020091243103F0FC
:109C8000A3FA10486C30052300F1780200F13C0182
:109C90000090029803F098FABDE8FF8F04FA1508C7
:109CA00030F604203CFE150824FB150880FF15083B
:109CB000D4FC1508C400160808021608700316081C
:109CC000680516083C0716085C0816082DE9F843D5
:109CD00014464FF0FF3841B13CB18C4205D24FF4ED
:109CE0008032914201D2944202D34046BDE8F883CB
:109CF0002C4A136843F400731360136823F4007351
:109D00001360294A40F008001060274E0025103EDD
:109D10003560301F0560001F0560234F7F201C3F0A
:109D2000386001203060009500BF0098401C009012
:109D30008028F9D31C48083801601020FEF7C4FAC7
:109D400040B31020386018480C3804600820FEF733
:109D5000BBFAF8B10B203860144C206820F00100E9
:109D60002060124F24373D60104810300560206895
:109D700040F001002060306840F0020030600220B6
:109D8000FEF7A2FA40B13868216821F00101216094
:109D90003560ABE73560A8E7206820F0010020605F
:109DA000F8E700002038024020240040000C00406A
:109DB0002DE9F04FABB0342116A8F6F769FE582113
:109DC0006846F6F765FE674C0120E0630025A56252
:109DD000801EE062206820636348006880070AD420
:109DE000082016900120CDE91B0516A806F03CFBC3
:109DF00008B102209AE006F0E5FA5B496C3909687F
:109E000011F4E05F00D040008046A246A0625FEA05
:109E100008001BD0544820300068534C00F04040EC
:109E2000343C2990206800F008002890206800F455
:109E300000702790A0140090C0041190684606F0AE
:109E400077F828B10421CAF83C1076E00321FAE73C
:109E50004548AB463438016841F40071016001683F
:109E600001F400712391016841F00801016000686C
:109E700000F0080023903D48D0F80090FEF79AF8D3
:109E80004FF4006024904010042700252E462C46F5
:109E90002390DDE923214846FFF718FF411C23D01A
:109EA0002D1846EB0B06641CBC42F2D3780840190F
:109EB0004BEB06013A460023F6F76EFB024654468A
:109EC000CAF82C2029491039C1F800B02749C1F837
:109ED0000090254820300168299B21F0404119431A
:109EE0000160289818B108E04FF0FF32E7E71E48FC
:109EF0003438016821F008010160279828B91A4810
:109F00003438016821F400710160501C13D04FEA0D
:109F100098514FEA8820002301F000F9A0F59C41F8
:109F2000203947F2315291420AD30620E06320687B
:109F30002BB0BDE8F08F0520E063DAF80000F7E70A
:109F4000084A0121803A2060D17526AA25A900F08F
:109F5000A9FF20682063259961632699A1630721E1
:109F6000E163E5E7285504207438024020240040CE
:109F70007FB52B480068F6F76BFC2A4A002069463B
:109F800000EBC00302EB8303D3F89C3041F8203090
:109F9000401C0428F4DB244800F0C2F800283DD11E
:109FA000224C6069850AAD024FF48050854200D290
:109FB00005466E0832461E48616813F06FFB606804
:109FC000324600EB55011A48403013F067FB194840
:109FD000A269A16813F062FB1748E269E16813F017
:109FE0005DFB206A420A5202202A00D20246104833
:109FF0002169C03013F052FB10494FF4006201F6A2
:10A00000BC0013F04BFB0A4910223C3901F59E704D
:10A0100013F044FB0448F7F767FE002004B070BD5E
:10A02000282800407058042080B400208054042068
:10A0300098E90420A83A0020E0F904205CE104201B
:10A0400010B5002819D0EFF3108472B68168426809
:10A05000A2B1914203D3B1FBF2F302FB131111F051
:10A060007F0305D0C3F180031944914200D3891ABC
:10A0700013F024FC002C00D162B610BD0021F7E7DC
:10A0800070B586B014216846F6F702FD0E4800252B
:10A09000016841F00101016000680C4E00F0010010
:10A0A0004FF4807405902A462146304604F0DDFACC
:10A0B00001200094CDE9010569463046039504F07E
:10A0C000E7F906B070BD00003038024000000240E1
:10A0D00070B586B014216846F6F7DAFC0E48002504
:10A0E000016841F00201016000680C4E00F00200BE
:10A0F0004FF4805405902A462146304604F0B5FAC4
:10A1000001200094CDE9010569463046039504F02D
:10A11000BFF906B070BD00003038024000040240B4
:10A120002DE9F04F4FF4006689B089460446770068
:10A130004FF4007BF7F74AFBB0F5683F04D36FF0AC
:10A14000020009B0BDE8F08F04F56835C0F568304D
:10A1500028600020024604EB800101F56831401CB4
:10A160004A604A610428F6DBD9F8040000B10120F6
:10A1700008B1614B00E0002300200DF1100C17E046
:10A18000B0B1012816D031464CF82010401C0428EC
:10A19000F6DB002108464B1E5CF8206066B11F31DB
:10A1A00021F01F0131442E68B14205D91846C8E795
:10A1B0000497EBE71946E7E7401C0428ECDB286826
:10A1C0009246401A00260092019202923146039272
:10A1D00001E0012905D059F8212012B19A4200D29C
:10A1E0001346491C0429F4DB591CEE4614D0002107
:10A1F000A3F10108774601E001290AD059F821208E
:10A200003AB14244B2FBF3F202B9012247F82120ED
:10A210001644491C0429EFDB00231A4604A951F80F
:10A2200022C0BCF1000F5BD01F3323F01F03614637
:10A23000012A35D059F8227097B38EB35EF8227098
:10A240005FEA07082CD008FB00F7B7FBF6F727F00A
:10A250001F076744002A07D05946A1F1010127EAE8
:10A26000010104D1254F03E04FF48061F5E7244F4D
:10A2700001D16FF30907B94200D939460AB96FF322
:10A280000901594500D259468C4502D2A1EB0C0771
:10A2900000E00027874200D90746C01BA6EB08064E
:10A2A0002F6803EB010CBC4506D99F4201D9F91A6E
:10A2B00000E0002121F01F0191B104EB820704EBC3
:10A2C000030C07F568370B44C7F804C07961521CCA
:10A2D000042AA3DB286898420BD26FF0010030E714
:10A2E00004EB820101F56831C1F804A0C1F814A0A3
:10A2F000EDE7002025E7000000710200FCFF0300ED
:10A30000FEFF010070B5224C606940B1E26932B1D4
:10A31000016821B1116811B1A1690BF0A1FF1D48BD
:10A32000F6F7B4FF1C48007928B11B48F9F7E8FF9D
:10A330001948F9F7ADFD206A38B1016829B1618E7D
:10A3400007F0DCFD206A07F029FB1448B0F89802FA
:10A35000012801D10FF078FA4FF48071104806F00F
:10A360008DFA104D00246C7700F08CF8AC7401214C
:10A370000D4800F0CDFE0DA11048FFF78FF80F48F3
:10A38000FFF7BAF80E49012081F87D0070BD00008A
:10A3900088DF0420B8F90420483A00205831002012
:10A3A000B4A20020A8540420D8EA042053594E43F4
:10A3B0002054494D2045525200000000209D0420A9
:10A3C0007058042070B590B028216846F6F760FBFD
:10A3D000294D95F82000002819D00FA90AA800F0EF
:10A3E00023FD0AA90FA800F03FFC04460E462349AE
:10A3F00005F1880000F038FC4FF4FA62A21846F12B
:10A4000000030024101A8B41AC7702D3A01E10B0B9
:10A4100070BDEC774FF480763146194806F02EFA7D
:10A4200008B16C7725E01548002201788DF80010FE
:10A4300041788DF8011081788DF802104068019004
:10A440008DF8034003944FF070600494CDE905400B
:10A45000094807948830694680788DF820000848BC
:10A46000099606F033FB0028DBD102206877012033
:10A47000E8770020CBE70000A8540420DCDF0420AC
:10A48000B4A200200548002180F820108177C17710
:10A49000427F022A00D1417770470000A85404206F
:10A4A000F0B585B0142214496846F6F795FA72B6ED
:10A4B0000024124E4FF400776D4655F82400816851
:10A4C000B04209D14268BA4206D301F2FF116FF3DC
:10A4D0000801914200D3891A13F0F0F9641C052C8D
:10A4E000EBD30749002081F80E03A1F50C60FFF7BC
:10A4F000A7FD62B605B0F0BD24F8150858EA04209F
:10A50000D8F204200A4A10B592F820200B4662B116
:10A5100058B153B1064A803291680160142205494E
:10A520001846F6F759FA012010BD002010BD0000B2
:10A53000A8540420DCDF04207CB5294C0025E573F9
:10A5400042F201002566F7F7FDF8FAF707FAFEF781
:10A55000ADFA244890F8F002234981F8B301642051
:10A5600003F0EEFEFFF704FD30B1022207210120C7
:10A57000FDF788FF681E7CBD42F20200F7F7E2F8A3
:10A58000F7F752F842F20300F7F7DCF800F0F4FDB9
:10A5900000F056FE98B142F20400F7F7D3F81348E2
:10A5A000CDE90005A0F500730F4A11491148FBF7EA
:10A5B00047F9216E084305D06FF002007CBD6FF0B3
:10A5C00001007CBD0120E073207C10B12574F8F7F8
:10A5D00061F942F20500F7F7B5F800207CBD0000F4
:10A5E000A8540420D8F20420D8EA0420D8EE04208D
:10A5F000D4A200207058042070B5144C4FF0010113
:10A6000084F82D10EFF3058060B11148B0F86A218D
:10A61000012A19D090F87D20002A15D1B0F86801E0
:10A62000042811D094F82C0000280DD184F82C10A7
:10A63000002584F82D500648FCF71EFB94F82D00E9
:10A640000028F6D184F82C5070BD0000A8540420D6
:10A65000705804202DE9F05F754E4FF00107EFF3BD
:10A66000058040B1F77473480179002901D00521B4
:10A67000C180BDE8F09F4FF0000B86F813B06E4C20
:10A68000DFF8B8A16E4DB4F8980201280DD1B5F8E5
:10A690005E1051B9717A99B9317A062910D0317AA0
:10A6A00007290DD0317A08290AD0DAF82810DFF806
:10A6B0009481002974D001281CD002281AD06FE0A0
:10A6C0006148FEF743FC0446FFF7DCFE00F076FE2F
:10A6D0000CB13773B772DAF81C1121F00301CAF814
:10A6E0001C115AA15C48FEF7D9FEBDE8F05F5A483C
:10A6F000FEF702BFD8F82000B8B30268AAB307F08B
:10A700004DF9B4F89802012807D1B8F83210D8F8FA
:10A71000200007F0F3FB0FF097F8DFF84091D8F82E
:10A720001400C0B10168B1B1886800F007000628C4
:10A7300011D1484600E000BF0A68D20701D0401E90
:10A74000F9D20868C00706D085F8407002220521BA
:10A750000420FDF797FED8F81C00414628B1006898
:10A7600018B14846BFF34F8F05E019E0BFF34F8F94
:10A77000BFF36F8F00BFCA6912681269D20701D098
:10A78000401EF3D2BFF34F8FC86900680069C0074D
:10A7900006D085F84070022205210420FDF772FEE4
:10A7A000777485F87D702348007928B12148F9F73E
:10A7B000A7FD2048F9F76CFBB4F8980201280AD1EC
:10A7C00096F8210038B9032225491F4800F0AAFE57
:10A7D00008B986F82170B5F8680101281DD0B5F8D0
:10A7E0006801D0B1D8F81400414648B1CA693AB1FD
:10A7F00003682BB113681BB1D8F818100BF030FDAB
:10A800001848F6F743FD40B101210C4800F080FCE8
:10A81000012205211046FDF735FE85F87D7086F88A
:10A8200012B0DAF81C1121F00301CAF81C1120E75C
:10A83000A8540420483A002058310020D8EA0420C7
:10A840007058042088DF04205801002052656320DE
:10A8500053746F7000000000209D0420400D030021
:10A86000E4F71508B8F9042010B50B4A0B4C9042D8
:10A8700007D12268B2F5504F03D32268B2F5534F87
:10A8800008D32060616003F0F5FEA0600448B0F8D2
:10A890009802E06010BD000052415453007704203C
:10A8A000583100202DE9F047244F86B097F820005A
:10A8B00000282CD0224907F1880000F0D5F9044681
:10A8C0000D4603F0D7FE06464FF000084FF4807A9D
:10A8D0004FF4FA5921E005A9684600F0A5FA694647
:10A8E00005A800F0C1F9001BA94119D203F0C2FE6E
:10A8F000801B48450ED9F87F18B15146114805F024
:10A90000BDFF87F81F8087F81D804FF0FF3006B02D
:10A91000BDE8F087012003F013FDB87F0028DAD0EE
:10A92000F87F18B15146074805F0A8FF87F81F8047
:10A9300087F81D8087F81E800020E8E7A8540420CF
:10A94000DCDF0420B4A200202DE9F74F4C4F9146E4
:10A950000C46386A4FF0FF3A30B12CB1A02C03D826
:10A96000601D85B2A52D02D95046BDE8FE8F104668
:10A9700000F0AAF80646611E09FB01F000EB800218
:10A98000C2EBC0100E2202EB800001FB06083D491D
:10A99000884502D2786E884205D23B48C0F82080B4
:10A9A000796E4162E0E74946204600F091F883461F
:10A9B000BA463846396A344F3960D0F89810796011
:10A9C00032498A68BA608969F960416E39610179F2
:10A9D00079610189B961DAF82C00F861C7F8208043
:10A9E000C7F824B0BE622A48D0F80C09F86229489A
:10A9F000D0F83802386303F03DFE786300222FE080
:10AA000009FB02F101EB8103C3EBC11302FB05F06B
:10AA10000BEB83010AEB00034FF0AD0C83F8A0C0F1
:10AA2000DDF800C083F8A1C000EB050C83F8A2207C
:10AA3000D444DA238CF89E308CF89F3000230C31FC
:10AA40000BE0DAF8207000EB030803FB067708EB55
:10AA50000A0CCF5D8CF8A3705B1CA342F1D3521C8F
:10AA6000A242CDD30C48002141808480C58000994A
:10AA7000017280F8099004210170002075E7000040
:10AA8000483A00200071020010E1042080540420A4
:10AA900020AD042020CD042008A20020094A92F80D
:10AAA000C00702280DD192F8C80700B9AC20B2F84F
:10AAB000C41701B9A02192F8C92702B90222FFF7F1
:10AAC00043BF7047489A002000EB400040087047A1
:10AAD0002DE9FE4F054600200090019004460290AB
:10AAE0008B460846FFF7F0FF07462048006A5FEAFA
:10AAF00000094FF0000037D0EA4620E00BFB00F1E0
:10AB000001EB8102C2EBC1110C2202EB810C00218E
:10AB100000220CEB01060CE002FB076319F803307E
:10AB20001B0605D55AF8218008F101084AF8218052
:10AB30000832AA42F0D3491C0329E9D30830A842BD
:10AB4000DCD30B4B0021524652F8210043F8210080
:10AB500052F82450A84200D9CCB2491C0329F3D39F
:10AB6000044880F86A402046BDE8FE8F483A00203D
:10AB700050E10420A85504202DE9F0418846040046
:10AB80005DD0A5682F49281E02D10A69C2F30E05BF
:10AB900002D10869C0F30E006168814200D9014604
:10ABA000401A4FF47A77A0FB07016E1C324600234F
:10ABB000F5F7F2FCB84200D3781E2178224A40F221
:10ABC00053735143627812FB03F201EB4212A178F6
:10ABD00001EB4103C3EBC11102EBC10108441B4966
:10ABE0004044B0FBF1F201FB120017491822B0FB00
:10ABF000F1F1B1FBF2F302FB131121704EF660216B
:10AC0000B0FBF1F23C21B2FBF1F301FB13226270C5
:10AC10003A46B0FBF2F3B3FBF1F701FB1731A17039
:10AC2000B0FBF2F102FB1100A0FB06010023F5F7D7
:10AC3000B3FCA84200D92846281AC4E90105BDE89A
:10AC4000F08100000028004080EE3600005C260500
:10AC500004480068C0F30120032801D00020704799
:10AC6000012070477038024030B5C378427884784C
:10AC700003F5FA63022A01D8012000E00020181A27
:10AC80004FF4C87302D490FBF3F303E0A0F28F15E6
:10AC900095FBF3F36FF018055D4300EB0510022AF6
:10ACA00001D9D21E00E0093202EB021202EBC2020D
:10ACB0000525921CB2FBF5F222446424B0FBF4F5A6
:10ACC00040F26D14444304EB9000401B521E1044AC
:10ACD000174A03FB0200174A831809B1886818B99C
:10ACE00015480069C0F30E004A68824201D900226B
:10ACF00000E0821A4FF47A746243401CB2FBF0F217
:10AD000008780E4C40F2537560434C7814FB05F400
:10AD100000EB4414887800EB4001C1EBC01004EB59
:10AD2000C0001044064A0021C3FB020130BD0000F0
:10AD3000B13A02009405F5FF0028004080EE36008D
:10AD4000005C260570B5204DA4B02868204A1F4934
:10AD500010F4407F4FF00104116017D1342116A880
:10AD6000F5F796FE58216846F5F792FE0826002072
:10AD70001696CDE91B4016A805F076FBE0B96002F7
:10AD800009900096684605F0D3F8A8B92868C0F382
:10AD90000120022813D10C490E48091D0A6842F00F
:10ADA00001020A6000E000BF0A68920701D4401E59
:10ADB000F9D20868800702D4002024B070BD06488C
:10ADC00004600120F9E700007038024000280040CC
:10ADD000B4A20020400D03003C0E474210B5FDF721
:10ADE00011FB08B1002010BD012010BD7CB50C4640
:10ADF000050016D0002C14D00A480A4EC07D8036BB
:10AE000008B1306801E04FF4FA4001AA694600F049
:10AE100049F80098286001982060009870630198B4
:10AE2000B0637CBDA854042030B58DB00C4605003D
:10AE300034D0002C32D0002207A9194805F09AFD21
:10AE400000226946164805F073FD002201A9144846
:10AE500005F090FD002206A9114805F069FD9DF856
:10AE60001E209DF806309A42E5D19DF802009DF81B
:10AE70001A108842DFD19DF801009DF81910884210
:10AE8000D9D19DF803009DF81B108842D3D114221C
:10AE900001A92846F5F7A0FD069820600DB030BD49
:10AEA000B4A200202DE9F74F5FEA010B82464FF074
:10AEB00063064FF4A0794FF0FF372FD00298002897
:10AEC0002CD0BAF1000F01D14FF4FA4A7F24621C52
:10AED000002390465046194600F020F905001FD087
:10AEE000B5F5004F12D808FB05F05146FDF746F8BE
:10AEF000B84208D301D1B44205D8B84206D1B44211
:10AF000004D14D4502D907462646A946641EDED522
:10AF1000CBF800600299A9F101000860BDE8FE8F3E
:10AF20000125E0E72DE9F05F0446007F0F46012888
:10AF300028D04FF0010B84F81CB002206077206805
:10AF4000002680684FEA4060FAB1002800DBFE70FE
:10AF5000B878397840EA01457878F978000240EA13
:10AF6000014005432168CA20486221685320486295
:10AF700020460DF027FB4FF0FF084FF0040A002891
:10AF80006AD116E00220BDE8F09F002800DBFE70C9
:10AF900038780DF00CFB050478780DF008FB45EAD5
:10AFA0000025B8780DF003FB0543F87845EA004525
:10AFB000D8E73148054020680560304A0FB1B968CC
:10AFC00011B91069C0F30E0120684FF00005B0F10F
:10AFD000000902D00069C0F30E050FB1B86810B9BE
:10AFE0001069C0F30E000FB17A6800E000228242BF
:10AFF00000D90246831A0846834200D90B4608B19D
:10B00000854204D12846AB4211D818460FE06F1C88
:10B01000421C71084FEA3200E3FB07014FF00003C6
:10B02000F5F7BAFA2A1A76EB010100D22846291A56
:10B03000C9F828102068816821F480218160206887
:10B04000C16821F08001C1602068806880060BD44F
:10B05000204605F0B7FE38B12168C1F8248084F895
:10B060001DA0267701208EE72168C1F8248084F88E
:10B070001DB02677002086E77F7F7F0000280040F4
:10B0800000B58BB0002206A91F4805F073FC002212
:10B0900069461D4805F04CFC002201A91A4805F03C
:10B0A00069FC00226946184805F042FC9DF81A0028
:10B0B0009DF806108842E5D1039818B91348006935
:10B0C000C0F30E000299814200D90146411A4FF4A3
:10B0D0007A725143401CB1FBF0F19DF804004FF42B
:10B0E000616210FB02F29DF80500C0EB001002EB5C
:10B0F00080009DF806200BB0104400EB4002C2EB2C
:10B10000C01001EBC00000BDB4A200200028004028
:10B11000D0F844210A43C0F84421704770B552EA80
:10B12000030407D05C084FEA320528186141F5F79F
:10B1300033FA70BD002070BD00B591B0AD228DF81E
:10B14000002010228DF8012001463C220DF1020062
:10B15000F5F7BBFBDA208DF83E008DF83F0040226A
:10B1600069460448FEF794F80248FEF7C5F911B0A5
:10B1700000BD0000209D042010B52C4C206820F05C
:10B18000010020600EF0ECFA022003F0D9F8284804
:10B1900007F07CFB78B100210320FDF7BBF9022208
:10B1A00001210320FDF76EF9BDE810404FF48071D6
:10B1B0002048FFF7ADBF2068012140F0010020606A
:10B1C0000320FDF7A7F90320FDF726F942F21070DE
:10B1D000194900E000BF8A68920701D4401EF9D2E5
:10B1E0001548164A0C301060086820F040000860CE
:10B1F000486840F002004860086840F0400008607D
:10B2000007F07AFA70B12068002120F00100206078
:10B210000320FDF77FF902220321BDE81040084614
:10B22000FDF730B9BDE81040F7F768BBB45504200E
:10B23000D4A20020D8EA042000300140606402401B
:10B240000248007800F0010070470000B455042067
:10B2500010B586B014216846F5F71AFC2548B0F8F9
:10B260009802012843D02448016841F0010101609F
:10B2700000684FF4C05400F0010005904FF44410F2
:10B28000CDE900400120029069461C4803F000F916
:10B2900019481430016841F480410160006800F4ED
:10B2A000804005901648016821F470410160001D3E
:10B2B000016821F00F0101601248016841F4C0519A
:10B2C000016010480830016841F4C0510160001D60
:10B2D000016841F4C05101600A4814300460002242
:10B2E0000621282004F05AF8282004F049F806B076
:10B2F00010BD0000583100203038024000000240EC
:10B3000010380140003C014010B540B100F54050FC
:10B31000B0F89802012802D100F0FAF808B1002034
:10B3200010BD012010BD10B500280ED000F5405111
:10B330000C46D1F83412002907D0FEF7A5FAD4F84C
:10B340003402BDE8104006F07ABE10BD38B50400E6
:10B3500033D000F067F804F54055D5F834020028E2
:10B360002BD00168C5F830120068002825D00029CC
:10B3700023D02046FEF7CBFAD5F8301259B1086831
:10B38000009048688DF800009DF80000C86842F2FF
:10B3900020021043C8602046FFF7B6FF00280CD0FB
:10B3A00041F60C100059002807D0204600F03EF866
:10B3B0002046BDE83840FEF79FB838BD054800215B
:10B3C0000172C1644173817341728172C17281657E
:10B3D000C1657047A854042000281BD000F54050D8
:10B3E000D0F83402002815D00168002912D00A488C
:10B3F00000E000BF0A68520601D4401EF9D2074A95
:10B4000007489142416802D141F4006101E041F4F2
:10B410008051416070470000400D0300001401405E
:10B420000000024010B50EF0ABF910BD094960B143
:10B4300000F54050D0F8340238B10068064A904216
:10B4400003D1486820F4006002E0486820F480508E
:10B450004860704700000240001401400C4810B5DD
:10B460000068002813D0816B002910D0094CD4F853
:10B470003402884203D0A4F54050FDF71AFC064878
:10B48000C4F89C02BDE810400448FFF75FBF10BD40
:10B49000D8F2042058310020D8EA042058010020B6
:10B4A00010B5144CE079002812D01348B0F85E10A3
:10B4B00079B990F87C0060B9E07B50B1FFF7C0FE2D
:10B4C00038B10E49112007F0D7FD28B16FF0010007
:10B4D00010BD4FF0FF3010BD094890F8F01207483A
:10B4E00080F8B3113821A0F8481100206073E07192
:10B4F00010BD0000A854042070580420D8EA04208D
:10B50000D8F204200148C07970470000A8540420F4
:10B510000348817A11B9007B002800D001207047D0
:10B52000A85404202DE9F04116460F460446FFF7C3
:10B53000EBFE4FF0FF35F0B1EFB1E6B104F540514D
:10B54000D1F83402B8B10068A8B1D1F8300290B196
:10B550002046FFF76BFF324639462046FDF798FE3E
:10B5600060B12046FEF77EF9324639462046FDF7A7
:10B570008FFE90B902E02846BDE8F0812046FDF735
:10B58000BBFF401C07D12046FEF76CF92046FDF7B3
:10B59000B3FF401C01D00020EEE72046FFF71CFF60
:10B5A000E9E7000038B504460AA0006800908DF86D
:10B5B00002102046FFF7A8FE00280AD02046FFF719
:10B5C00035FF042269462046FDF762FE2046FDF75E
:10B5D00093FF38BD3C83003E10B5314C206840F0ED
:10B5E0000200206001220621072003F0D7FE072079
:10B5F00003F0C6FE206840F004002060012207210D
:10B60000082003F0CBFE082003F0BAFE206840F0CB
:10B610000800206001220521092003F0BFFE092057
:10B6200003F0AEFE206840F01000206001220721E8
:10B630000A2003F0B3FE0A2003F0A2FE206840F0C7
:10B640002000206000220721172003F0A7FE17200A
:10B6500003F096FE206840F0800020600122072160
:10B66000172003F09BFE172003F08AFE206840F4A9
:10B670008070206001220621172003F08FFE172022
:10B6800003F07EFE206840F4007020600022072155
:10B69000172003F083FEBDE81040172003F070BEB2
:10B6A000003C0140044A1368012181408B43136030
:10B6B0001068084310607047103C014070B569B1D4
:10B6C0004FF6FF724C080025E0FB02450A46204673
:10B6D00000232946F4F760FF80B270BD002070BDE2
:10B6E0000022C0F8DC22022380F8EC32C0F8E82205
:10B6F000C0F80023A0F80423A0F80623A0F808232C
:10B70000A0F80A23A0F80C2380F80E2380F80F235A
:10B7100080F81023016070472DE9F04788B0054696
:10B7200020216846F5F7B4F900277E1E002D6AD067
:10B7300095F80F430021524B032C01D3002405E060
:10B74000022C21D0012C27D0022C27D012204FF41C
:10B7500080070090012201920492022C22D0042042
:10B760000290084689464749CDE906108DF8150034
:10B770008DF81420039098466946586802F098F9AD
:10B78000DFF804A1F0BB0FE0186A38B185F80F1399
:10B79000002008B0BDE8F0870091DBE73B4800904F
:10B7A0004711D7E70720DBE7DAF8041321F440015B
:10B7B0003943CAF804135FB1354836490068B0FB15
:10B7C000F1F0102802D2102000E000BF401EFCD291
:10B7D0002B48F5F759FCA8B92948F5F785FC88B935
:10B7E0002748F5F751FC68B92548F5F77DFC48B9BD
:10B7F000B8F814004FF6FF7244B102EA4000012C81
:10B800001FD001E02EE038E0022C1FD046F220715C
:10B81000A0FB010147F6FF73C01841F100010023AE
:10B82000F4F7BAFEA0F5FA6141F29512914219D2ED
:10B83000C5F8000340F6E441FFF740FFA5F8080310
:10B8400008E0A5F80403A5F80A0303E0A5F8060339
:10B85000A5F80C03641C0026E4B2032C00D30024DA
:10B8600085F80F43DAF8041321F44001CAF80413F1
:10B870001EB1022C01D185F80F93304689E70000F4
:10B88000B8F9042001000F00002001401200001050
:10B89000C8740420A08601001CB512A000680190A5
:10B8A000EFF31080002815D1EFF3058090B905F073
:10B8B000A3FA042201A90C4800F01AF80B486421ED
:10B8C0000068B0FBF1F0009001E000BF0846411EA7
:10B8D0000091FAD272B6BFF34F8FBFF36F8F10F0A3
:10B8E00057FD0000ADABDADAD8F20420C8740420AA
:10B8F00010B50446D0F8C002F8F746F8D4F8C002F4
:10B90000BDE81040FDF7F8BDC0F800137047000017
:10B910002DE9F0478CB0064614A8984690E8081226
:10B9200000251C220F4628461F245721414306EBC1
:10B93000C101C1F8A022C1F89C42097A401C0D4403
:10B940000128F2DB7068D0F85C41022084F8B8016D
:10B95000C4F82880E362C4F830C0676308FB05F0D0
:10B960004000C117CDE90A01314800224343D817EE
:10B97000CDE9063009FB0CF04000CDE90202780168
:10B98000C117CDE90001104604EB40010A810A838A
:10B99000401C0828F8DB67632581DDE90A01DDE941
:10B9A0000023F4F7F9FD208371680A984FF0010A2B
:10B9B000C1F89C00A4F80AA0DDE90601DDE9002336
:10B9C000F4F7EAFD608371680698C1F8C000A4F836
:10B9D0000C90DDE90201DDE90023F4F7DDFDA08331
:10B9E00071680298C1F8E4001020E081A4F81EA05C
:10B9F00071680098C1F8080140F2E2404146804574
:10BA000000D30846B0FBF7F184F8401140F27121F1
:10BA1000B0FBF1F184F84111B0FBF7F0E91705EB49
:10BA2000117109114843A4F842010CB0BDE8F08738
:10BA3000007102009FED0E0A002200EB8201521CF1
:10BA400081ED070A81ED080A81ED050A81ED030AFF
:10BA500081ED040A81ED060A012AEEDB80ED010A80
:10BA600080ED020A00218184C18401850180704734
:10BA70000000000072B6104845F2555101600321E4
:10BA800041604FF47A7181604AF6AA2101604CF658
:10BA9000CC410160BFF34F8FBFF36F8FBFF34F8F68
:10BAA00006480168064A01F4E06111430160BFF3F2
:10BAB0004F8F00BFFDE70000003000400CED00E0BC
:10BAC0000400FA05002807D0044A0168914203D116
:10BAD0000022CA6000680261704700000000014057
:10BAE0002DE9F04FFE489DB0D0F8E002DFF8F49366
:10BAF000C0F340001490B9F89802012811D0022830
:10BB00000FD0002102280ED000201590F648F74CE7
:10BB1000006A68B1006858B1A06A48B1149820B1B1
:10BB200006E00121EEE70120EFE709B1012500E081
:10BB30000025FBF785F917900DF096FD206886B279
:10BB400040F2E240864200D20646B4F808A04FF028
:10BB5000000B4FEA5A0716977743B846EDB3206BB0
:10BB600018B1E348874200D20746159808B1E1486A
:10BB700000E0E14847B1B0FBF7F464B1B0FBF7F186
:10BB800007FB110038B901E00024F6E7B7FBF8F134
:10BB900008FB117008B101F03FFFD348016A096842
:10BBA0004A684B6802F0700223F070034B60016A30
:10BBB000641E4C61016A09680C63036A1B68C3F860
:10BBC00024B0046A012324686361036A1B68C3F814
:10BBD00010B0006A0068416800E003E021F07001E5
:10BBE000114341604FF0000BCDF838B0CDF83CB0B8
:10BBF000CDF840B01C216846CDF844B0F4F748FFBA
:10BC0000142107A8F4F744FFB7484469C4E901BB0D
:10BC1000206801F021FFCDE90C011699002306FBF5
:10BC200001F0CDE91A0B1890DDE90C016268521C95
:10BC3000F4F7B2FC002316901946189AF4F7ACFCFE
:10BC4000401EE060EDB3A848006A006801F004FF00
:10BC5000A949B0FBF1FBA449096A4A691599521C2C
:10BC600002FB0BF209B1022100E001214A43169BBD
:10BC7000B7FBF8F1A3FB0223A2FB017803FB0181D0
:10BC80004FF0000C02FB0C11024663463846F4F7F5
:10BC900083FC07468846BBF1000F04D00846F91E16
:10BCA00070F1000001D201F0B7FE0920A7FB00C32C
:10BCB00008FB0030002207FB02010A220023604635
:10BCC00000E00AE0F4F768FC0746C01E71F10000CE
:10BCD00001D201F0A1FE7F1EE7604FF0800800272F
:10BCE000C4F818802046276105F064FC08B101F013
:10BCF00093FE202012908020139012A9204605F078
:10BD0000E3FB08B101F088FE4FF480500E900EA9BD
:10BD1000204605F06EFE08B101F07EFE204606F0DA
:10BD200055F808B101F078FE70200090E06800221C
:10BD3000401E01900220029069460497204605F0BB
:10BD4000DFFF08B101F068FEDDE90C02AE21A0FBC7
:10BD500001C802FB0181002300FB0311DFF89CB145
:10BD600060465A46F4F718FC401C019008226946C8
:10BD7000204605F0C5FF08B101F04EFE602000909E
:10BD8000DDE90C029A21A0FB01C802FB018100231E
:10BD900000FB03115A466046F4F7FEFB401CCDE958
:10BDA00001070C226946204605F0AAFF08B101F000
:10BDB00033FE204605F024FFDFF84481DFF844B16C
:10BDC000149800B935BB2068404513D0B0F1804FBE
:10BDD00010D058450ED04C4988420BD04B49884270
:10BDE00008D04B49884205D04A49884202D04A4986
:10BDF00088420ED1079707A92046089706F0BDF89C
:10BE000008B101F009FE45B32068016841F008015E
:10BE100027E015B32068404513D0B0F1804F10D013
:10BE200058450ED0384988420BD03849884208D04E
:10BE30003749884205D03749884202D0364988427E
:10BE4000E2D10620CDE9070707A9204606F095F8BC
:10BE50000028D9D001F0E0FDD6E72068016821F084
:10BE6000080101601798B6FBF0F101FB0AF14808E0
:10BE700000D101201C4C401EE269D060E06905F051
:10BE800099FB08B101F0C8FD3DB3D4F81CA0DAF865
:10BE90000000404513D0B0F1804F10D058450ED06F
:10BEA000194988420BD01949884208D0184988425C
:10BEB00005D01849884202D0174988420DD1142173
:10BEC0006846F4F7E5FD0720CDE9000769465046CE
:10BED00006F053F808B101F09FFDA246A4691DE0E9
:10BEE000D8F204205831002088DF0420D8EA04204A
:10BEF00000E2040000C409000088130000CA9A3B55
:10BF0000000001400004004000080040000C004018
:10BF1000000401400040014000180040ECB32068DC
:10BF2000D8B3BDB1404513D0B0F1804F10D05845C3
:10BF30000ED05B4988420BD05A49884208D05A49F2
:10BF4000884205D0594A904202D0594A904201D1C4
:10BF5000012100E000215FEA01086CD0B9F89802E5
:10BF6000022869D05348CDE900076760A760DDE982
:10BF7000000132460023F4F70FFB401EC4E903071B
:10BF80002046A76105F016FB08B101F045FDB8F1A8
:10BF9000000F0FD01421684600E00BE0F4F778FDA5
:10BFA0000720CDE900076946204605F0E6FF08B105
:10BFB00001F032FDF5B3B9F8980201286DD1079769
:10BFC0001C2168460897F4F763FDDAF820405546CF
:10BFD000206801F041FDCDE90A016760A760DDE955
:10BFE0000A01344A0023F4F7D7FA401EC4E90307D4
:10BFF000A7612068416821F070014160204605F08A
:10C00000D9FA08B101F008FD20200790802008909F
:10C0100007A9204605F058FA08B101F0FDFC2648B2
:10C020000DF0E6FA60200090E0684008CDE90107D5
:10C030006A8E02E018E029E02DE06946204605F00E
:10C040005FFE08B101F0E8FC204605F0D9FD20466E
:10C05000FFF738FD698E286A05F050FF286A05F061
:10C060009DFC2046FFF72EFDB9F89802012814D157
:10C070001248B0F85E1000290FD190F87C0000281B
:10C080000BD11DB0BDE8F04F0DF0DEBB01F0E4FCBC
:10C09000CDE9000169E70A4865E71DB0BDE8F08F0A
:10C0A00000080040000C0040000401400040014036
:10C0B0000018004000881300D8F2042070580420B3
:10C0C00000C4090010B504460C4820604FF49640A7
:10C0D000606000204FF48061A060C4E903010C217E
:10C0E000C4E90510E061204605F0C4FF08B101F085
:10C0F00093FC2046BDE81040FBF7E8B90010014072
:10C1000010B504460B4820604FF496406060002054
:10C11000A0600C21E060C4E90401A061E061204658
:10C1200005F0A8FF08B101F077FC2046BDE81040FB
:10C13000FBF7CCB900100140007831F9100000EE97
:10C14000100AB8EEC00A82ED000A70470378407802
:10C1500031F9133031F91000181A00EE100AB8EE58
:10C16000C00A82ED000A704710B5437804788078E1
:10C1700031F9133031F9144031F91000C3EB4403A5
:10C18000181A00EE100AB8EEC00A82ED000A10BDBF
:10C19000D1F88010064A19B1012903D0022903D031
:10C1A00002607047034900E00349016070470000E6
:10C1B00039C114084DC1140869C11408F0B540F222
:10C1C000E24687B00746B14201D2304600E0084659
:10C1D000002544F62062904201D310250AE042086F
:10C1E0001748102450F82430934201D8254601E026
:10C1F000641EF7D5B14200D30E4612487860002085
:10C20000CDE9000010480068B0B14FF0FF300146A2
:10C21000CDE9000108370697DDE90001CDE9040109
:10C2200000200096CDE901050823084A084909487D
:10C2300009F0C4FC07B0F0BDF8F7F2FCE8E7000035
:10C240003409160870580420D8EA0420000002407F
:10C25000DCA300202CA3002070B514460D4600F08E
:10C2600013F81DB114B110F5005F01D3032070BDA8
:10C2700000F5005028604FF400702080002070BD51
:10C28000002070470020704710B500F0B9FB00286F
:10C2900006D004480078C00702D00348D0F8100147
:10C2A00010BD0000B4550420D8EA04202DE9F05F49
:10C2B0001F4690468946FFF7E7FF054610F5005FE9
:10C2C00034D205F50050B9F1000F2FD077B3804577
:10C2D0002CD2A0EB0800B84228D30024DFF850B0DD
:10C2E0001FE008EB040609EB44208246AE4210D260
:10C2F00000F086FBD0B19BF80000142803D10D4854
:10C300000069012812D15146304606F0B5FE68B9E1
:10C3100005E00246711B074800F0DCFC30B1641CEC
:10C32000A4B2BC42DDD30020BDE8F09F0320FBE7B0
:10C3300040010020A0FB04200020704710B50C46EF
:10C34000012A0CD100F06CFB48B9FFF79DFF10F5F6
:10C35000005F04D28130844201D1012010BD002051
:10C3600010BD00002DE9F0411E4617468846FFF734
:10C370008BFF054610F5005F1DD205F50050B8F1A2
:10C38000000F18D0BEB1874215D2C01BB04212D3E5
:10C3900000240BE0381908EB4422A8420BD3411BC0
:10C3A000064800F0F3FC30B1641CA4B2B442F1D3EF
:10C3B0000020BDE8F0810320FBE70000A0FB042083
:10C3C00003480078102801D00020704701207047F2
:10C3D000400100202DE9F041154DEC69154800267B
:10C3E000066086621021C162066340F2E241416349
:10C3F000F6F702FC771EA0B9F8F77CFB0E4B0F4A4C
:10C400000F49284600F096FB0E49284600F04CFBE9
:10C4100001202862EC61102C00D9EE61F6F7D0FB08
:10C4200010B13846BDE8F081022028610020F9E70C
:10C43000A0FB0420D8EA042058EA0420D8E904200C
:10C4400098E90420A83A002010B500F02DF8124B0E
:10C45000124A1349134800F06DFB12484021016253
:10C4600041F28831C1610E498A6B6AB10B4A936B04
:10C4700053B1094B9B6B3BB14B68B3F5804F03D372
:10C48000526849688A4202D04FF0FF3010BD022145
:10C490000161002010BD000058EA0420D8E9042002
:10C4A00098E90420A0FB0420054841F2883101608E
:10C4B00081620021C162016340F2E2414163704741
:10C4C000D8EA04202DE9FC47DFF8C890D9F800002D
:10C4D000314C0025C1B2C0F30722C0F307434FEA35
:10C4E00010682570A9F1040630682C4FB84238D185
:10C4F0007E2936D103278DF80070B0278DF80170A2
:10C5000032278DF802708DF80410CE278DF80520A3
:10C51000FF208DF806308DF803700023EA464FF0B7
:10C52000070C1AF8031048400021070602D58CEAD0
:10C53000400000E04000491CC0B20829F5D35B1C54
:10C54000072BEED340450CD1102A09D0112A07D071
:10C55000122A05D0132A03D0142A01D0152A00D19B
:10C5600022700F48016841F080510160006800F0BE
:10C570008050009003F0D0FC3560C9F80050BFF344
:10C580004F8F03F0BDFC2078002800D00120BDE8CB
:10C59000FC870000942800404001002003B032CE08
:10C5A000403802402DE9F04FC1B0E14800F0B3FD42
:10C5B000DF4C676A0425DF4E4FF0FF314FF0090A68
:10C5C000012813D0022831D0032876D0042875D052
:10C5D000082874D0D849884272D00A2871D0062819
:10C5E00070D009286FD007286ED058E100F04EFABD
:10C5F00038B1206A402804D1E069A0F59851883903
:10C6000003D03078122803D00CE0FFF71DFF07E0BD
:10C61000206A012806D1E069102803D8FFF7DAFE66
:10C62000002802D0C4F818A02561EEE000F02EFA30
:10C63000DFF8088310B3EFF3108772B60021C0480B
:10C6400011F03CF90021BF4811F038F90021BE4833
:10C6500011F034F987F31088B948BC49D8F8142090
:10C660004368402703970093CDE90121B549826BC8
:10C67000B8488B6BB64908F06BFD09E0307812289A
:10C6800006D10021B44811F019F901F0F3FF7060F0
:10C69000A74800F0F3FC206903280DD100F0F6F95B
:10C6A00098B1D8E90612D8F8140009F087FD0028DF
:10C6B00002D0C4F818A02561D0E00CE034E046E0D8
:10C6C000E5E0A4E0A9E0B5E0C2E03078122801D1AD
:10C6D00000F0BEF9C2E02069032805D100F0D6F9C8
:10C6E00010B100F0CDF91BE02069032818D1307893
:10C6F000122815D198486038006870B1016861B19E
:10C70000C16C51B1096841B1806C30B1006820B191
:10C7100091486038F7F7F4FD02E0C4F818A02561ED
:10C72000834800F0EDFC99E000F0B0F910B100F0A2
:10C73000A7F906E03078122803D187486038F7F768
:10C74000A7FB7B4800F0C6F90120206186E08946FE
:10C7500000F09CF980B3206901284DD1DFF8ECB1DD
:10C76000ABF1980B9BF80800402845D1FFF76CFE11
:10C7700010BB0BF10800804609F01EF94FF4FA7067
:10C7800001F0DEFD404608F0C7FD5FEA000933D145
:10C79000DFF8C881024601A9F6EE000A0DF1840E09
:10C7A0000BEB800393ED460AB5EEC00AF1EE10FAEA
:10C7B00003D821F810200FE01EE010EE103A434598
:10C7C00002DB4FF6FF7305E030EE200ABCEEC00A34
:10C7D00010EE103A21F810300BEB4003B3F818C2FA
:10C7E0002EF810C0401C4028DAD30097DBF89430B4
:10C7F00072464F4800F01CFC00F042F90120206115
:10C80000B9F1000F01D0C4F818A0A76247E0606A30
:10C81000A062192001F094FD85E0606AC7B2606AE9
:10C82000A062192001F08CFD3846F6F716F970B3B6
:10C830000A200BE0606AC7B2606AA062192001F0AA
:10C840007FFD3846F6F704F908B30C20A06125E017
:10C85000206AC7B23078132803D0A561606AA0624D
:10C860001DE0606AA062322001F06AFD102F04D042
:10C87000112F07D0122F0BD00FE0606AC0B2F6F76D
:10C88000FBF809E0606AC0B2F6F7F1F804E043E0B3
:10C89000606AC0B2F6F7E6F8F0B3A56125613078BA
:10C8A000132804D101F0E6FEB168401A3BD5307878
:10C8B000142817D12A4890F89C02032802D07078D7
:10C8C00018B10FE0012070700CE001F0D3FEF168A8
:10C8D000401A07D4606AC0B2F6F7BAF8E0B10A208D
:10C8E000A0612561307812281FD1206903281CD14E
:10C8F00019486038F7F7D9FE01F0BCFE04460C4831
:10C9000000F0E0F8002810D11348603800890128B1
:10C910000BD17068201A00E005E006D441B0BDE8F4
:10C92000F04F00F095B80FF057FD41B0BDE8F08F23
:10C93000A0FB0420400100205000008088DF04207C
:10C9400098E90420D8E9042058EA042070F3042070
:10C95000DCA300202CA30020A83A002000FF7F4782
:10C960009CA8002070B5204B204A2149214800F0A6
:10C97000E1F821491F4800F097F8204C22781D4823
:10C980000121102A14D02278132A13D026780022ED
:10C99000402541F28833142E14D02678152E07D066
:10C9A0002678112E18D02378122B18D0881E70BD2F
:10C9B000016116E0016101F05DFE4EF66021084460
:10C9C000A0600EE0C36105620161627001F052FE79
:10C9D00000F5FA60E06004E0C361056201E0C26155
:10C9E0000162002070BD000058EA0420D8E904204C
:10C9F00098E90420A0FB0420A83A00204001002070
:10CA000006480178102907D00178142904D000784D
:10CA1000132801D0002070470120704740010020FA
:10CA20000020704710B5FFF73FFDF6F7E5F84FF02F
:10CA3000FF3458B9FDF780FD40B9FFF735FDF6F733
:10CA4000DBF818B9F8F756F8002800D0204610BDDA
:10CA500010B501F00FFE0446F6F764F80648C16908
:10CA600031B1102900D910214FF47A70B0FBF1F1E7
:10CA700008190249486010BDA0FB042040010020B5
:10CA8000014807C809F0ECBB9CDF04200548017889
:10CA9000112904D00078142801D00020704701200B
:10CAA0007047000040010020002808D0EFF31082FA
:10CAB00072B6C1600249C0F8A01082F310887047B6
:10CAC0000071020020B1D0F89C0008B1012070472D
:10CAD0000020704770B504002BD0EFF3108572B6BC
:10CAE000A26DE06D616B002651187041A165E06593
:10CAF000A26FE06F216C51187041A167E067616B14
:10CB0000204611F09BFA216C204611F0BBFAD4F8B4
:10CB10009C0040B154F8B80F6168401C01C441F159
:10CB2000000144F8BC1966632664C4F89C6085F370
:10CB3000108870BD2DE9F0410D461F46164604468B
:10CB40004FF4E871F3F7A4FF84E8E00001202061CE
:10CB5000BDE8F08170B500283CD00169032939D1C6
:10CB6000C268002A36D0916B002933D0EFF31084CD
:10CB700072B65168184B0425994203D2082181618D
:10CB8000056125E0D0F89C606EB150F8B81F42688E
:10CB9000491C42F1000201604260092140F8A01CDA
:10CBA00040F8A85C14E0B3FBF1F501FB1535926881
:10CBB0000A44521BB2FBF1F501FB152140F8981F06
:10CBC000436001694269491C42F10002016142610E
:10CBD00084F3108870BD0000007102002DE9F04759
:10CBE000040037D02069032834D1002932D08806C8
:10CBF00030D18E09EFF3108772B6A56B042D04D2E5
:10CC00000820A0610420206122E0606B4FF0000941
:10CC10003044A84214D9401B216B8046024620466E
:10CC200010F02CFB20634146204611F007FAA26D5C
:10CC3000E16D12EB080041EB0901A065E1652846B2
:10CC40006063A26CE06C921940EB0900A264E0649E
:10CC500087F31088BDE8F0872DE9F047040037D04E
:10CC60002069032834D1002932D0C80630D14E09BA
:10CC7000EFF3108772B6656C102D04D20820A06106
:10CC80000420206122E0206C4FF000093044A842CB
:10CC900014D9401BE16B80460246204610F0E3FAAF
:10CCA000E0634146204611F0EDF9A26FE16F12EB0F
:10CCB000080041EB0901A067E16728462064A26EE5
:10CCC000E06E921940EB0900A266E06687F31088D7
:10CCD000BDE8F08770B548B142B1A1F58053B3F516
:10CCE000805F05D2114610F03FFB4BE0002070BD85
:10CCF000EFF3108472B691B14FF40076012912D08F
:10CD000080291BD082291DD083291FD0A1F5006363
:10CD1000B3F5006F1ED2114610F00CFC30E0104647
:10CD200010F026FF2CE0154631461046F3F78EFE34
:10CD30000E2215492846F3F7C8FD21E0114610F0F0
:10CD40006BFF1DE0104610F065FE19E0114610F073
:10CD5000CDFE15E0A1F50073B3F5C06F03D2114607
:10CD600010F091FB0CE0302906D0402904D0502966
:10CD700002D084F31088B9E731461046F3F766FE17
:10CD800084F31088012070BD7C0C16082DE9F05F3B
:10CD90001546040002D00DB1812902D00020BDE863
:10CDA000F09FEFF3108B72B6104611F01DF89F49FB
:10CDB000884201D0012012E02879012801D0022008
:10CDC0000DE005F5FE7011F00FF806464FF4FE7AFF
:10CDD0005146284610F002FC864202D00320A06192
:10CDE00020E16E79EF7905F1080010F0FDFF814632
:10CDF00005F10C0010F0F8FF014660624FF00008EA
:10CE0000C4F81880012E16D0022E2AD0032E27D067
:10CE1000042EFCD0052E33D00522062E53D04FF021
:10CE2000040C072E77D0082E72D00C23092E70D058
:10CE30000A2E6FD0ABE0402F02D0012F0CD105E0BD
:10CE4000A9F598524846883A06D107E0B9F10000A2
:10CE500004D0B9F1100F01D9062056E02762E06135
:10CE6000DCE02069022801D007204EE0606B28B981
:10CE7000206C18B9D4F89C0000286ED00B2044E038
:10CE8000002044F8480F6060A060E06020616061AD
:10CE9000A061E06120626062A062E06202462263FB
:10CEA0006063A063E06320666066A066E06620675A
:10CEB000606720646064C4F84880C4F84C8044F81B
:10CEC000201C483CABE0A87947EA0907384301D069
:10CED000012300E000231020574608E015F800C0A9
:10CEE000BCF1000F00D00123401CB84202D2002B3D
:10CEF000F4D091E04BBB2069012805D1606B18B9D3
:10CF0000206C08B9606940B30A20A06187E002E0A4
:10CF100024E042E067E0A87950EA090005D1102F2B
:10CF200005D0112F03D0122F01D0012300E00023E0
:10CF3000102008E015F80080B8F1000F00D00123A0
:10CF4000401C504502D2002BF4D065E083BB206921
:10CF500001281CD16069D0B927625FE0A87947EA4F
:10CF60000907384301D0012300E00023102005E029
:10CF70002F5C07B10123401C504502D2002BF7D093
:10CF80004AE0ABB92069012801D1606910B1C4F849
:10CF900018C044E0C4F8C08040E0A87947EA090717
:10CFA000384301D0012700E000271020D44609E0D3
:10CFB00032E015F80080B8F1000F00D00127401CC6
:10CFC000604527D2002FF4D026E02069012808D13F
:10CFD000606B30B9206C20B9D4F89C0008B9606946
:10CFE000E0B1A3611BE0A87947EA0907384301D003
:10CFF000012700E000271020D44608E015F8008043
:10D00000B8F1000F00D00127401C604502D2002F6C
:10D01000F4D001E0002FD8D0A26100E06661A069E1
:10D0200000B1A1628BF310880120B8E64336345179
:10D03000F0B50028059F1FD000291DD0002A1BD065
:10D04000EFF3108672B60024C0F8C04000EB440530
:10D0500031F814C0A5F8CCC032F814C0A5F84CC102
:10D06000641C402CF2D3C0F8C830C0F8C470012151
:10D07000C0F8C01086F31088F0BD0000EFF31083F5
:10D0800072B60169022933D1016A012907D1C16849
:10D0900029B18A6B1AB14968184A91420ED2016AC5
:10D0A000402925D1016819B342680AB38268FAB1F0
:10D0B000496840291CD35168202919D3016A4029A5
:10D0C0000BD101688A6802634968890981638168B4
:10D0D0008A68C2634968490941640021C0F89C100C
:10D0E000C0F89810C16A491CC1620321016101E0C6
:10D0F0000721816183F310887047000000710200EE
:10D10000EFF3108172B60269032A01D10222026193
:10D1100081F310887047EFF3108172B642690023E3
:10D12000436181F3108810467047F0B5002246E055
:10D1300002EB420100EB810400EB8205D4ED600AB2
:10D14000D0F84063D5F80013B0EE402A20EE800AF4
:10D150008E46012356F8227015E004EB830C04EB95
:10D160008106DCED600A96ED001AD6ED301A491EF4
:10D1700060EE810A9CED901A41EE610A30EE800A61
:10D1800000D539445B1C9F42E7DC0EF1010EC5F867
:10D1900000E3D0F8401351F82210714501DD7146CB
:10D1A00002E00021C5F8001304EB8101521C81ED5F
:10D1B000002AD5F8001304EB810181ED300AD0F884
:10D1C00044139142B4DCF0BD2DE9F04F99469346EB
:10D1D0008A460023DDF824E025E003EB430200212A
:10D1E0009FED140A0F4600EB83060BEB82050AEB5A
:10D1F000820400EB820C0CEB810205EB810882EDCE
:10D20000000A82ED300AC6F80073D8ED000A04EB7C
:10D210008108C2ED900AD8ED000A491CC2ED600AEF
:10D220000329E8DB5B1C4B45D7DBC0E9D0E9BDE84F
:10D23000F08F000000000000002141634FF4006106
:10D2400081627047F0B50DF1140EDDE908549EE8D7
:10D25000C0104A43426201FB03F2026201FB06F383
:10D260004FF47A72B3FBF2F3C36001FB07F3B3FB35
:10D27000F2F3036101FB0CF36943B3FBF2F6B1FB7C
:10D28000F2F1C0E90161B3FBF2F101600021C1627A
:10D2900080ED060A9FED030A416380ED050A846371
:10D2A0008162F0BD0000000010B50446806A0105EF
:10D2B00056D5010454D4810446D4C10427D5636AE9
:10D2C000626B9A423CDB216A0B4493420CDD00EE18
:10D2D000901AF8EEE00A80EE201A94ED070A31EE7B
:10D2E000000A84ED070A2BE094ED070AD4ED060A44
:10D2F00020F4805040F4005020EE200A84ED050A0E
:10D30000A0620020E0622046F6F798F818E0626A12
:10D31000616B91420CDB20F480409FED160A40F4D3
:10D32000805084ED070AA0622046F6F71DFA07E058
:10D33000410405D440F48040A0622046F6F79AFAF2
:10D34000606B401C60630BE0D4ED050AC10709D097
:10D35000F4EEC00AF1EE10FA02DD20F00100A06246
:10D36000A06A10BDF4EEC00AF1EE10FAF8D240F057
:10D370000100F4E700000000014800F06FBE00006B
:10D38000DCA700202DE9F0416249012251F8580F35
:10D390000B7902FA03F383600C79042303FA04F493
:10D3A00084600D79082404FA05F585600E7920253E
:10D3B00005FA06F686600979102606FA01F1816001
:10D3C000554951F8580F0F79BA4082600A79934055
:10D3D00083600A79944084600A7995408560097970
:10D3E0008E4086604D4C616BA06A2368401AA06233
:10D3F000E06A0E460844E062616E04F16000A26ECD
:10D400003244A266A26E8A4206D38268B2FBF1F56C
:10D41000826805FB11228260856A0746C16AAD19E0
:10D4200041F100018562C162002107EB81021832DF
:10D4300052E8005F354442E8005CBCF1000FF7D1D0
:10D44000491C0329F1DBA16A21B12046BDE8F04166
:10D450000BF0EEB9217921F00401217121680968EE
:10D4600000E000BF8A689207FBD519680A6822F0BD
:10D4700040020A6019684A6822F003024A60D96CC7
:10D4800009680A6822F001020A60996C09680A6852
:10D4900022F001020A6019680A6842F040020A603C
:10D4A000E16A40F6F41501F6F411E1624168826820
:10D4B00002F6F412826082688A4206D38268836828
:10D4C000B2FBF1F202FB11318160816AC26A40F65F
:10D4D000F413CB1842F100018362C162002100EB1A
:10D4E0008102183252E8003F2B4442E80036002EF9
:10D4F000F8D1491C0329F2DB2046F6F7E3FBFDF7E0
:10D50000CDFAF6F7D1FB2046BDE8F04103210FF03C
:10D51000D1BE00007CA7002080FA0420483A0020F9
:10D5200070470000094810B5016800290CD0806DD3
:10D53000002809D00648FBF735FE002804D1BDE8D5
:10D5400010400348FDF748BF10BD00000C5D0420EB
:10D5500058010020014800F081BD00001CA70020F8
:10D5600070B50F4EB46D256896F85C101020884099
:10D57000284205D0A1680143A1600A48F3F74AFC9C
:10D5800096F85C1020208840284207D0A16801430B
:10D59000A160BDE870400348F3F73CBC70BD0000DB
:10D5A000E0FA0420B8F904202249012251F8580F6A
:10D5B0000B799A4082600B7904229A4082600B7941
:10D5C00008229A4082600B7920229A4082600A7970
:10D5D0001021914081601848036B426A0168D21A99
:10D5E0004262C26B1A44C263826A1AB10EF0ACBDC9
:10D5F00000BF00E0086882689207F9D508680268F1
:10D6000022F0400202600868426822F00302426091
:10D61000C86C0068026822F001020260886C006831
:10D62000026822F0010202600868016841F04001CE
:10D630000160704780FA0420483A002070470000DB
:10D6400070B50F4DAC6D266895F85C1010208840C1
:10D65000304205D0A1680143A1600A48F3F7DAFB24
:10D6600095F85C1020208840304207D0A168014323
:10D67000A160BDE870400348F3F7CCBB70BD00006B
:10D68000AC750420B8F904207047000010B504F010
:10D6900073FF0B49002806DD887C00280FD0084660
:10D6A000F9F709F906E00ADA887C002807D004486F
:10D6B000F9F70BF9BDE810400320FDF7F3BF10BDEB
:10D6C0007058042070470000094810B5016800290F
:10D6D0000CD0806D002809D00648FBF763FD0028B8
:10D6E00004D1BDE810400348FDF776BE10BD000030
:10D6F0000C760420580100200148FBF753BD0000C0
:10D70000209D042001681823CAB2103AB2FBF3F23C
:10D71000054B6FF30901032A9B5CC36500D9091D02
:10D7200081650846704700005C0C160810B501467C
:10D7300000208B698A6A4FF0C07453B1B3F5005F63
:10D7400015D072B1012A0CD0022A0AD0032A09D1BD
:10D7500004E01AB1012A06D0022A03D1C96AC9011C
:10D7600000D5012010BDC96AA142FAD010BD002A1F
:10D77000F7D0012AF2D0022AF3D0032AF3D010BD49
:10D7800030B50468256825F4802525600468636049
:10D790008368402B036803D099600068C26030BD85
:10D7A0009A600068C16030BD704700002DE9F05FED
:10D7B00047480168DFF81C81474E49044FF00007D5
:10D7C0000FD5434914390A6822F480420A604FF4A5
:10D7D00080410160D8F8E02222F00402C8F8E0227B
:10D7E0007771824600683D4D00054FF0010953D521
:10D7F000FDF746FC4FF4006B0446CAF800B0B5F8DC
:10D80000980230B95946364800F022FF08B986F828
:10D8100006905946324800F01BFF324A324938B16F
:10D8200096F83600C0B3106884421AD3201A1BE061
:10D83000146086F83690727948466AB3B5F8982233
:10D84000022A29D1B1F85E2032BB91F87C1019BBB5
:10D85000B070D8F8E01221F00401C8F8E012777136
:10D860001AE0224B181A20440F2812D3D8F8E032BD
:10D8700023F00403C8F8E0327771B5F89802022863
:10D8800007D1B1F85E0020B991F87C0008B986F89C
:10D890000290176086F83670DAF800105046C90416
:10D8A00014D54FF480510160B5F8980200280DD1CD
:10D8B0000B4800F0CDFE002808D186F80690D8F875
:10D8C000E01221F00401C8F8E0127771BDE8F09F82
:10D8D000143C0140D8F20420A85404205831002000
:10D8E00000000240A855042070580420005C260562
:10D8F00004480168890703D502210160F7F762B87F
:10D9000070470000143C0140104810B501684907F9
:10D910001AD50421016000F0ADFE0D49C1F8E40202
:10D920000C4CB4F8B002C00605D5F4F7D7FD10B121
:10D93000094901204870B4F8B002000404D4BDE8DD
:10D9400010400648F9F7BBBD10BD0000143C014073
:10D95000D8F2042020CD0420A8540420209D0420C7
:10D9600004480168090703D508210160FCF744BE9B
:10D9700070470000143C01400B480168C90611D5EE
:10D9800010210160094A41F28831D06F90FBF1F318
:10D9900001FB1301401CD067002903D10449012079
:10D9A00081F8100370470000143C01402855042002
:10D9B000D8F2042070B5144C2068144D800603D5AD
:10D9C0002020206001206876206800060CD5802089
:10D9D000206000F051FD0E48D0F8E01221F0040163
:10D9E000C0F8E012002068712068C00505D54FF42A
:10D9F000807020600748F9F765FC2068800502D533
:10DA00004FF40070206070BD143C0140A854042005
:10DA1000D8F20420209D04200B48026842F0805276
:10DA2000026000680948026842F48072026000687F
:10DA3000084A07481060074808380160BFF34F8F55
:10DA400072B6FDF729FFFCE7403802400070004045
:10DA5000215252458428004010B50F490F4C88428E
:10DA60000BD00F49884208D00E49884205D00E4994
:10DA7000884202D00D49884205D102F0B3FC2168EA
:10DA800001F4604104E002F09DFC216801F4E051E2
:10DA900001B14000002110BD0000014008380240E3
:10DAA00000040140004001400044014000480140A2
:10DAB00070B590F83C206A4C012A19D0012280F8F8
:10DAC0003C200A6807250368092A13D9DE680A3A48
:10DAD00002EB42029540AE43DE600A788B680A3A58
:10DAE00002EB420293400268D5682B43D36010E0FA
:10DAF000022070BD1E6902EB42029540AE431E61DA
:10DB00000A788B6802EB42029340026815692B4346
:10DB100013610268936B23F4401393630268936B61
:10DB20000D8A504E06EB05552B4393630A790B7C07
:10DB3000D21AD21C02EB82021F2393400268956B1B
:10DB40009D4395630A790B7CD21A0B88D21C02EB99
:10DB500082029BB293400268956B2B4393638A6960
:10DB6000A2420268936823F470239360026893686A
:10DB70000CD08C69234393600268936823F44013AC
:10DB8000936002689368CC69234301E023F4401357
:10DB900093604A7D002A0268536802D043F4806390
:10DBA00001E023F4806353600A7D002A0268536811
:10DBB00002D043F4805301E023F4805353604A6859
:10DBC000012A16D0022A1FD0032A026827D0136A1E
:10DBD0006FF30B0313620268136ACC68234313626A
:10DBE000224B0468204A9C4227D10C68122C20D07A
:10DBF00023E0026853696FF30B03536102685369B2
:10DC0000CC6823435361EBE7026893696FF30B031E
:10DC1000936102689369CC6823439361E0E7D36919
:10DC20006FF30B03D3610268D369CC682343D361DC
:10DC3000D6E7546844F48004546004689C420AD1D6
:10DC40000968A1F18053123B01D0112903D1516819
:10DC500041F400015160002180F83C10084670BD7D
:10DC600001000F000000F0FF0023014000200140F0
:10DC700078B50024009490F83C20012A19D00122A4
:10DC800080F83C200A6807250368092A13D9DE6852
:10DC90000A3A02EB42029540AE43DE600A788B6896
:10DCA0000A3A02EB420293400268D5682B43D360E4
:10DCB00010E0022078BD1E6902EB42029540AE439F
:10DCC0001E610A788B6802EB420293400268156974
:10DCD0002B4313614A681F25072A13D203685E6B22
:10DCE000521E02EB82029540AE435E630A8893B2F5
:10DCF0000A79521E02EB820293400268556B2B4355
:10DD0000536327E003680D2A12D21E6BD21F02EB69
:10DD100082029540AE431E630A8893B20A79D21FED
:10DD200002EB820293400268156B2B43136311E0F0
:10DD3000DE6A0D3A02EB82029540AE43DE620A884B
:10DD400093B20A790D3A02EB820293400268D56AD7
:10DD50002B43D3621B4B0568194A9D420AD10D68BB
:10DD6000122D07D1556825F400055560556845F416
:10DD70008005556005689D421DD1134D0B68AB426F
:10DD800001D0112B17D1536823F4800353605368DB
:10DD900043F4000353600968A9420CD10B490C4AB3
:10DDA0000968B1FBF2F101EB8101490000E0491E75
:10DDB00000910029FBD180F83C40002078BD000094
:10DDC000002301400020014012000010C87404200C
:10DDD00040420F0070B504000FD0206C40F00200EC
:10DDE00020642068816821F00101816020688068DA
:10DDF0004FF00005C00702D006E0012070BD2046AC
:10DE000000F030F86564256484F83C50284670BD05
:10DE100070B504004FF0000603D0206C002510B14F
:10DE200007E0012070BD204600F03CF8656484F8EE
:10DE30003C50206CC00610D4206C20F4885040F078
:10DE4000020020642046F2F731FF6564206C20F068
:10DE5000020040F00100206400E0012684F83C50FC
:10DE6000304670BD10B500680A49884211D10A4891
:10DE7000016821F4807101600121084800F072FA04
:10DE80000121074800F06EFABDE81040122001F0B1
:10DE900066BA10BD00200140443802400000024034
:10DEA0000004024070B586B0044614216846F2F7BB
:10DEB000EFFD1D492068884233D11C4800250168C8
:10DEC00041F480710160006800F48070059017488B
:10DED0001438016841F001010160016801F001019D
:10DEE0000591016841F0020101600068012600F01F
:10DEF000020000960590032469460D48CDE90145CE
:10DF000000F0C6FA009669460A48CDE9014500F0DE
:10DF1000BFFA00220721122001F040FA122001F07E
:10DF20002FFA06B070BD00000020014044380240C6
:10DF300000000240000402402DE9F0410446876DD4
:10DF400000F098FB054694F835000026022806D01C
:10DF50008020606584F834600120BDE8F08120688D
:10DF6000016821F0160101602068416921F08001FB
:10DF70004161206C08B9A06C20B12068016821F0D3
:10DF8000080101602068016821F0010101600CE0D6
:10DF900000F070FB401B052807D920206065032096
:10DFA00084F8350084F83460D7E720680068C0073B
:10DFB000EED194F85C103F208840B860012084F8CE
:10DFC000350084F834600020C7E790F83510022946
:10DFD00003D08021416501207047052180F835106C
:10DFE0000068016821F0010101600020704770B5F0
:10DFF00004002BD094F83500022826D02068016850
:10E0000021F001010160206800250560206845605D
:10E01000206885602068C56020680561216821202E
:10E0200048612046FFF76EFBE56325646564A564DF
:10E03000E564256594F85C203F2191408160656529
:10E0400084F8355084F83450002070BD012070BD34
:10E05000406D704790F83500704700002DE9F84397
:10E0600004464FF00009CDF8009063484FF4165174
:10E07000A56D0068B0FBF1F72E6894F85C200821CC
:10E0800001FA02F030420FD02068026852070BD527
:10E09000026822F00402026094F85C008140A960EA
:10E0A000606D40F00100606594F85C104FF001086D
:10E0B00008FA01F0304208D021684969090604D500
:10E0C000A860606D40F00200606594F85C10042068
:10E0D0008840304208D021680968890704D5A860C3
:10E0E000606D40F00400606594F85C10102088407A
:10E0F000304218D021680968090714D5A860206843
:10E100000168490304D50068000308D5A16C07E045
:10E110000168C90503D4016821F008010160216C80
:10E1200009B12046884794F85C102020884030428E
:10E1300031D021680968C9062DD5A86094F835004A
:10E1400005282068016806D0490347D50068000308
:10E150001DD4616C1CE021F016010160206841694A
:10E1600021F080014161206C08B9A06C20B12068C9
:10E17000016821F00801016094F85C103F2088409C
:10E18000A86084F8358084F83490216D1FE0E16B3D
:10E1900009B120468847606D00282BD0606DC0070C
:10E1A00014D0052084F835002068016821F00101B1
:10E1B00001600098401C0090B84203D820680068B5
:10E1C000C007F6D184F8358084F83490E16C0029DA
:10E1D00010D001B02046BDE8F04308470168C905EA
:10E1E000D5D4016821F01001016084F8358084F8ED
:10E1F0003490CCE7BDE8F883C87404202DE9F041E1
:10E20000044600F037FA05465CB1022084F8350078
:10E21000002684F834602068016821F00101016063
:10E220000DE00120BDE8F08100F024FA401B052834
:10E2300005D920206065032084F83500F2E72068C6
:10E240000068C007F0D121680A6820480240D4E97C
:10E2500001031843D4E903352B431843636918437A
:10E26000A3691843E3691843236A18431043626A99
:10E27000042A03D1D4E90B231A4310430860206811
:10E280004069656A20F0070128460D4301270428EC
:10E290000CD1A06A0543E06A40B12046FFF746FA78
:10E2A00020B14020606584F83570BAE72068456188
:10E2B0002046FFF727FA94F85C203F2191408160C7
:10E2C000666584F835700020ACE700003F8010E000
:10E2D0002DE9F0410446866D90F8340000250128B0
:10E2E0000DD0012084F8340094F835700020012FFF
:10E2F00007D084F8340002252846BDE8F0810220CA
:10E30000FBE7022784F8357060652046FFF738FA8E
:10E3100094F85C103F208840B0602068016841F0AC
:10E3200016010160206C20B12068016841F00801ED
:10E3300001602068016841F001010160DCE7000034
:10E3400070B5044600F096F90546601C02D00448FA
:10E350000078044400F08EF9401BA042FAD370BD4F
:10E36000085804202DE9F04F8946DFF8E4A0002189
:10E370004FF0010B4FF00F0C0BFA01F609EA060300
:10E38000B34260D121F003045444D4F808288D0727
:10E390002F0F0CFA07F505EA02082E4A904201D128
:10E3A00000221EE02C4A904201D1012219E02B4AA2
:10E3B000904201D1022214E0294A904201D1032265
:10E3C0000FE0284A904201D104220AE0264A9042F6
:10E3D00001D1052205E0254A904201D1062200E044
:10E3E0000722BA40424515D1214F3A689A433A6014
:10E3F0003F1D3A689A433A601D4F0C373A689A437A
:10E400003A603F1F3A689A433A60D4F80828AA4312
:10E41000C4F8082803684C000322A2409343036019
:10E42000CB0800EB83031D6A4C07E70E0CFA07F4D8
:10E43000A5431D62C3689343C3604368B34343600D
:10E44000836893438360491C102995D3BDE8F08FFE
:10E450000030014000000240000402400008024079
:10E46000000C02400010024000140240001802405C
:10E47000003C014070470000044910B50A680242A0
:10E4800002D00860FFF7F6FF10BD0000143C014009
:10E490002DE9F84FDFF890910022A9F1040B032732
:10E4A0004FF00F0C09F1040AABF1040E01250B68C3
:10E4B00095402B40AB426ED10C7904F00304012C43
:10E4C00001D0022C15D18668540007FA04F826EA18
:10E4D0000806D1F80C8008FA04F848EA0608C0F8E3
:10E4E00008804468AC430D79C5F300159540254379
:10E4F00045600C79E443A40708D0C568540007FAC6
:10E5000004F6B5438E68A6402E43C6600C7904F02D
:10E510000304022C11D1D40800EB8406356A540799
:10E52000E40E0CFA04F825EA0805D1F8108008FA80
:10E5300004F848EA0508C6F820800568540007FA80
:10E5400004F6B5430E7906F00306A6402E43066096
:10E550004C6814F4403F61D0344C256845F4804544
:10E560002560246822F0030504F480440094304CB4
:10E5700005EB0408D8F808589407260F0CFA06F49F
:10E58000A5432C4CA04201D100241FE02A4CA042FC
:10E5900002D101241AE041E0284CA04201D102241A
:10E5A00014E0274CA04201D103240FE0254CA042E7
:10E5B00001D104240AE0244CA04201D1052405E045
:10E5C000224CA04201D1062400E00724B4402C4391
:10E5D000C8F80848D9F800404D464E689C43F602FA
:10E5E00000D51C432C60DAF8004055464E689C4329
:10E5F000B60200D51C432C60DBF800405D464E6837
:10E600009C43B60300D51C432C60DEF800407546E1
:10E610004E689C43F60300D51C432C60521C102A04
:10E62000FFF444AFBDE8F88F083C01404438024095
:10E630000030014000000240000402400008024097
:10E64000000C02400010024000140240001802407A
:10E650000069084000D001207047426921EA0203A6
:10E660000A4043EA0241816170470AB18161704703
:10E670000904FBE70148806870470000085804203F
:10E6800001480078704700000858042070B5040065
:10E6900004D094F84100002510B106E0012070BDBF
:10E6A00084F84050204603F079FD242084F841008E
:10E6B0002068C16821F40051C16020460BF0D6FFEC
:10E6C0002068016921F4904101612068416921F0CD
:10E6D000220141612068416941F0080141612068DF
:10E6E000C16841F40051C1606564202084F8410094
:10E6F00084F842006563002070BD00000349884231
:10E7000001D1FAF7C7B9F3F745BE000060A20020B7
:10E71000704710B5040013D0242084F83D00206811
:10E72000016821F001010160204600F01BFD00207E
:10E73000206484F83D0044F8300FA073207310BDAE
:10E74000012010BD90F83D10282901D0022070470B
:10E7500090F83D1090F83E2001F003010A43026357
:10E76000202180F83D10002180F83E1050F8201B39
:10E770000A6822F480620A6050F8200C416821F493
:10E7800040714160002070472DE9F0410168044666
:10E790004A694E6890F83E000025D743FA0506D432
:10E7A000F243D20503D46FF4807201254A61B905A2
:10E7B00008D4F143C90505D422686FF4007145F00F
:10E7C00002055161790525D4F143C90522D4638D31
:10E7D00094F83D10226B202808D13BB9212910D094
:10E7E00029290ED0282901D1212A0AD022686FF4C4
:10E7F0008061516145F00405102806D0402804D0FE
:10E8000008E0204608F00AFC04E02068016841F4B2
:10E8100000710160380508D4F043C00505D42168B3
:10E820006FF4006045F008054861002D07D0206CAA
:10E83000284320642046BDE8F04107F08DBFBDE8C5
:10E84000F0812DE9F047026800215368C66A90F80C
:10E850003E4090F83D50102C12D0402C10D0046C4B
:10E86000002C7DD05469E443A6077AD4DE43B60574
:10E8700077D4036C03B19169BDE8F04708F0AABBF7
:10E88000976951694FF42A0CC9435FEAC1784FF088
:10E890002A4904D066452AD04E4528D010E0DE43F0
:10E8A000B6050DD4C16A614501D1012103E0C16AF9
:10E8B000494501D10821C162BDE8F04708F01EBA00
:10E8C0000E0716D4DE43B60513D4416CC9B21161EC
:10E8D000416B09B1C96B29B9816B002907D0C96B9C
:10E8E000002904D00068416841F400614160BDE83E
:10E8F000F0878E0706D4DE43B60503D4BDE8F047A3
:10E9000008F070B9FE43526876074FEA02521DD4F0
:10E91000002AECDB0A0608D4DA43520505D449077D
:10E9200005D5BDE8F04708F003B94907DFD4D9435E
:10E930008905DCD4212D05D0402CD8D1BDE8F04785
:10E9400008F021BABDE8F04708F0B2B8002ACEDBE3
:10E950004A060BD4DA43520508D4490708D501E02A
:10E960000DE00EE0BDE8F04708F026B84907BED438
:10E97000D9438905BBD4BDE8F04707F0B0BF916922
:10E9800070E7E10606D4D943890503D4BDE8F04712
:10E9900008F08CBB2826212D27D0292D25D06106F3
:10E9A00055D4D943490552D4610752D590F83D104A
:10E9B000438D002B9BD01269436A1A70426A521C25
:10E9C0004262428D521E4285428D002A8FD12A29F1
:10E9D0008DD101684A6822F480624A602221016375
:10E9E00080F83D6000F044FC81E7210623D4D94340
:10E9F000490520D4610720D590F83D10438D002BA8
:10EA0000F2D0436A1B781361426A521C4262428D03
:10EA1000521E4285428D002AE6D12929E4D101689F
:10EA20004A6822F480624A602121016380F83D60D7
:10EA300000F01FFC5BE76107D6D4D9438905D3D426
:10EA4000418D0029D0D0416A097811610AE061073F
:10EA5000CAD4D9438905C7D4418D0029C4D01169CE
:10EA6000426A1170416A491C4162418D491E4185CB
:10EA70003DE70000064910B5884208D10122032174
:10EA80000520F9F7FFFCBDE81040FAF703B810BD08
:10EA900060A2002070B5040025D094F83D00002548
:10EAA00020B984F83C50204600F082FB242084F8F2
:10EAB0003D002068016821F00101016020680168C3
:10EAC00041F4004101602068016821F400410160C7
:10EAD00001F078FC4D4B6168994201D84C4900E047
:10EAE0004C49884201D2012070BD4B492268B0FBDD
:10EAF000F1F1566826F03F060E43566062689A426E
:10EB000006D94FF4967251434FF47A72B1FBF2F189
:10EB10002268491C166A26F03F063143116261687B
:10EB2000994210D84900401EB0FBF1F2521CC2F3CA
:10EB30000B02042A01D2042022E0B0FBF1F0401CB9
:10EB4000C0F30B001CE0A268F2B301EBC10303EBBE
:10EB50000116431EB3FBF6F35B1C43F480431B0515
:10EB600049D092B301EBC10202EB0111401EB0FB90
:10EB7000F1F0401CC0F30B0040F4804040F4004032
:10EB80002168CA694CF6FF739A431043C861D4E9FF
:10EB9000071001432068026822F0C002114301609F
:10EBA000D4E9030101432068826848F2FF339A43A5
:10EBB00011438160D4E9051001432068C26822F046
:10EBC000FF021143C16001E00EE016E02068016819
:10EBD00041F0010101602564202084F83D00256397
:10EBE00084F83E50002070BD01EB4106431EB3FB8C
:10EBF000F6F35B1CB3E70120C2E701EB4101401EC5
:10EC0000B0FBF1F0401CC0F30B00B7E7A086010099
:10EC100080841E0000093D0040420F00704770478D
:10EC2000704700000A4910B5884210D109490120F7
:10EC3000888509480021C1760177F9F709FC074961
:10EC4000BDE81040142201F11400F1F73EBE10BDE2
:10EC500060A20020D0390020A85404206CE90420D0
:10EC6000704700002DE9FF4F83B09A46DDE9118718
:10EC700093460446DDF84090FFF7FCFC054694F807
:10EC80003D00202870D119230122744920460095A7
:10EC900008F0E5FA0028F5D194F83C00012863D08B
:10ECA000012084F83C0020680168C90703D101688D
:10ECB00041F0010101602068016821F400610160F8
:10ECC000222084F83D00402084F83E00002626647F
:10ECD000C4F82490A4F82A80608D20856048E06202
:10ECE000CDE9007553465A462046049908F0A0F82D
:10ECF000002879D1208DD0B1012821D002282068A8
:10ED000024D0416980690090208D032866D80128AD
:10ED10002BD0544902283B464FF00002009557D0B3
:10ED20008846204608F09BFA00285DD13AE020682A
:10ED3000416981690091016841F4007101607DE0E1
:10ED40002068016821F480610160F0E7016821F426
:10ED5000806101602068016841F400610160206801
:10ED600041698069009069E075E02A46394620468D
:10ED700008F016FB88BB54E02068016841F400717C
:10ED8000016020680069616A0870606A401C606206
:10ED9000218D491E2185618D491E61852168096982
:10EDA000017042E02068016821F480610160206800
:10EDB0000069616A0870606A401C6062208D401EB4
:10EDC0002085608D401E60853B46002241460095AF
:10EDD000204608F044FA00B9CEE705E02A46394655
:10EDE000204608F0DDFA18B1012007B0BDE8F08F29
:10EDF00020680069616A0870606A401C6062208D4A
:10EE0000401E81B22185608D401E60852068426968
:10EE1000D243520712D4032903D1016821F480613F
:10EE2000016020680069616A0870606A401C606265
:10EE3000208D401E2085608D401E6085208D00281D
:10EE40007FF462AF202084F83D0084F83E6084F8AF
:10EE50003C600020C9E70220C7E700000200100064
:10EE60000000FFFF040001002DE9FC5F9946924677
:10EE70008B460446DDF83080FFF7FCFB0025074693
:10EE8000009594F83D00202828D1664846F2A81144
:10EE900020260068B0FBF1F000EBC00101EB001090
:10EEA00000900098401E009010D020688069C043F8
:10EEB0008007F6D594F83C0001280FD0012084F893
:10EEC0003C0020680168C9070BD00EE044F8305FB1
:10EED0006673A573206940F0200020610220BDE820
:10EEE000FC9F016841F0010101602068016821F484
:10EEF00000610160222084F83D00402084F83E003B
:10EF00002564C4F824800D986085608D208546486E
:10EF1000E062C4F844B0C4F848A0C4F84C90256539
:10EF2000208D4FF02308002863D0A06B00B33F4929
:10EF3000C163A16B3E48C864A06B0564A06B4564C7
:10EF4000A06B8564A06B05652168238D1031626A12
:10EF5000A06BFFF7BDF9A0B184F83D6084F83E5086
:10EF600054F8400F40F0100044F80409257049E0BF
:10EF700084F83D6084F83E5054F8400F40F0800023
:10EF8000F2E7CDE900874B4652465946204607F046
:10EF90004FFF88B1A06BFFF718F8A06BC56320681E
:10EFA000016821F48061016025856585206801681C
:10EFB00021F00101016025E0208D0128206813D097
:10EFC000416841F480514160206841698169009144
:10EFD00084F83C50416841F4807141602068416888
:10EFE00041F4006141601BE0016821F4806101602F
:10EFF000EAE7CDE900874B4652465946204607F0DE
:10F0000017FF08B101206AE7206841698169009112
:10F01000016841F40071016084F83D6084F83C505F
:10F0200000205CE7C87404200000FFFF316615086B
:10F03000ED6515082DE9FF4F83B09A46DDE911977C
:10F0400093460446DDF84080FFF714FB054694F82C
:10F050003D0020287FD119230122404920460095F8
:10F0600008F0FDF8002876D194F83C00012872D011
:10F07000012084F83C0020680168C90703D10168B9
:10F0800041F0010101602068016821F40061016024
:10F09000212084F83D00402084F83E0000262664AC
:10F0A000C4F82480A4F82A90608D20852C48E06262
:10F0B000CDE9007553465A462046049907F036FFBD
:10F0C00070B930E02A463946204608F0A3F958B115
:10F0D000206C042804D12068016841F400710160AB
:10F0E000012007B0BDE8F08F606A216800780861F0
:10F0F000626A521C6262208D401E80B22085618D42
:10F10000491E618521684B69DB435B070BD468B1FD
:10F1100010780861606A401C6062208D401E208566
:10F12000608D401E6085208D0028CBD12A4639464F
:10F13000204608F069F80028CAD154F83D0B016850
:10F1400041F400710160202004F81E09E67766771B
:10F150000020C6E7FFE70220C3E70000020010001E
:10F160000000FFFF70B5044600680E49884218D1C0
:10F170000D48016821F4001101600C4D81152846ED
:10F18000FFF7F0F869152846FFF7ECF8A06BFEF7DB
:10F190002EFF1F2000F0E3F8BDE87040202000F0B3
:10F1A000DEB870BD00540040403802400004024008
:10F1B00070B586B0064614216846F1F769FC274908
:10F1C0003068884248D126480025016841F0020194
:10F1D00001600068694600F0020005904FF440703D
:10F1E0000090122001900120CDE902050420049036
:10F1F0001C48FFF74DF91A481030016841F400111E
:10F2000001600068194C00F4001005901648206059
:10F210004FF00070C4E90105C013C4E903506561F3
:10F22000A561E561256220466562FEF7E7FF08B14A
:10F23000FEF7F2FBB463012207211F20A66300F052
:10F24000ADF81F2000F09CF800220721202000F0DC
:10F25000A5F8202000F094F806B070BD00540040DE
:10F260003038024000040240886002401CA70020A1
:10F270007047704702488168027811448160704786
:10F2800008580420094810B5016841F40071016074
:10F29000016841F480610160032000F09FF80220C2
:10F2A00000F006F800F024F8002010BD003C0240F9
:10F2B00070B50D4D04464FF47A712878B1FBF0F02B
:10F2C0000A490968B1FBF0F002F0BDF848B9102C0A
:10F2D00007D200222146501E00F060F800206C602A
:10F2E00070BD012070BD000008580420C8740420BF
:10F2F000134808B5016841F480410160006800F4DA
:10F30000804000900E48001F016841F0805101606C
:10F31000006800F080500090042000F05FF80022A8
:10F320000721501F00F03AF800220721101F00F0BB
:10F3300035F800220721BDE80840901E00F02EB8E5
:10F3400044380240002809DB00F01F0201219140EF
:10F350004009800000F1E020C0F8801270470028CA
:10F360000DDB00F01F02012191404009800000F1F7
:10F37000E020C0F88011BFF34F8FBFF36F8F70474D
:10F38000002809DB00F01F020121914040098000A4
:10F3900000F1E020C0F8001170470000F0B40E4BFF
:10F3A0001B68C3F30223C3F10704042C00D904240F
:10F3B0001D1D072D01D2002300E0DB1E012606FAE9
:10F3C00004F56D1E0D409D409E40761E164045EA98
:10F3D0000601F0BC0CF0CCBF0CED00E0064A00F0DA
:10F3E000070110684FF6FF03184040EA0120034967
:10F3F00008431060704700000CED00E00000FA05C3
:10F4000001220168C0F8D824002280F8CC24886941
:10F4100040F000608861486D024A10434865002052
:10F420007047000003000010704700684162002030
:10F430007047F0B50368586A39B19C6A4FF4827519
:10F4400000EB144400204E1E0AE040EA024098629D
:10F450000FE005EB8007DF59401C04EB1744C0B2F6
:10F46000B042F6D344EA02404FF4807202EB8101CD
:10F4700058500020F0BDD0F8E0040BF04EBC01EB7A
:10F48000C10200EB8202D0F8E004126A0BF09FBBCD
:10F4900001EBC10200EB8202D0F8E004D2F8602256
:10F4A0000BF0F1BBD0F8E0040BF039BC0A0601F018
:10F4B0000F0101EBC10100EB810101D5143101E025
:10F4C00001F5157100680CF089BC70B504460B0697
:10F4D00001F00F0000EBC00104EB81014FF00102CD
:10F4E0004FF0000502D54A75143103E081F85552FA
:10F4F00001F51571087094F89404012808D084F877
:10F50000942420680CF08AF984F89454002070BD8B
:10F51000022070BD70B5044601F00F0022799042C0
:10F5200001D9012070BD0B0601F00F0101EBC101F3
:10F5300004EB81014FF001024FF0000502D54A753E
:10F54000143103E081F8555201F515718D70087082
:10F5500094F89404012808D084F8942420680CF0CE
:10F56000C9FA84F89454002070BD022070BD10B513
:10F57000044690F8940401280AD0012084F89404E9
:10F58000080607D501F00F0120680CF097FC04E095
:10F59000022010BD20680CF075FC002084F8940453
:10F5A00010BD01F00F0101EBC10100EB8100D0F8AB
:10F5B000680270472DE9F04104460F0601F00F0084
:10F5C00000EBC00104EB81014FF001064FF0000594
:10F5D00002D54E75143103E081F8555201F51571CD
:10F5E000C2F30A0208708A600B714A7802B148833C
:10F5F000022B00D14D7194F89404012809D084F8AD
:10F60000946420680CF058F8284684F89454BDE8B7
:10F61000F0810220FBE710B501F00F0404EBC401F8
:10F6200000EB8101C1E998230023C1F8683281F819
:10F63000553281F85442837901F51571012B00D1BF
:10F64000CA61827900680CF0ADFA002010BD70B577
:10F6500004460D4601F00F002179884201D90120AE
:10F6600070BD29064FF000064FF0010206D500EBF1
:10F67000C00104EB81014A75143107E005EBC501B7
:10F6800004EB810181F8556201F515718A700870EB
:10F6900094F89404012807D084F8942420680CF08E
:10F6A00055FA280702D007E0022070BDA17904F2C4
:10F6B0009C4220680CF0F2F984F89464002070BD3C
:10F6C00010B501F00F0404EBC40100EB8101C1E9A6
:10F6D000082300238B6201234B7501F8144F8379B3
:10F6E000012B00D1CA61827900680CF05BFA00201E
:10F6F00010BD00002DE9F84F0568044628460CF0BF
:10F7000008FC00287DD120680CF02FFC002878D060
:10F71000D5F80808C0F30D20C4F8D40420680CF014
:10F7200024FC800704D52068416901F00201416191
:10F7300020680CF01AFCC10604F29C40009034D5FD
:10F740002068816921F0100181612F6A07F00F00A4
:10F7500000EBC00004EB8006C7F3434006F51576C6
:10F76000022802D0062811D01AE047F6F0700742AE
:10F7700016D0C7F30A1217462846F1680CF0F9FBB9
:10F78000F0683844F0607069384408E00822284680
:10F7900000990CF0EEFB7069C7F30A110844706120
:10F7A0002068816941F01001816120680CF0DDFB67
:10F7B00000034FF0010A7AD5002620680CF0B4FB54
:10F7C0008046DFF8B0B46FE05FEAC87069D0F1B28C
:10F7D00020680CF0C2FB0746C00707D005EB4611B6
:10F7E000C1F808AB3146204608F01EFE380722D586
:10F7F00005EB46110820C1F8080B2068D0F84090AE
:10F8000000E035E200EB4610D0F8082BD94505D9C9
:10F81000110403D54FF40041C0F8081B204600F046
:10F820002FFBD94507D9A079012804D120680121EF
:10F83000009A0CF033F9F80604D505EB46111020B8
:10F84000C1F8080BB8071DD56869000605D5D5F8BD
:10F85000040840F48061C5F8041806EBC60004EB08
:10F86000800090F8571200F51570012905D100218C
:10F87000C170F1B2204600F003FA05EB46110220F8
:10F88000C1F8080BB80604D505EB46102021C0F8D6
:10F89000081BB80405D505EB46104FF40051C0F81D
:10F8A000081B4FEA5808761CB8F1000F8CD120686D
:10F8B0000CF05BFB40036DD520680CF02EFB8046FE
:10F8C000002664E05FEAC8705ED0F1B220680CF0F8
:10F8D00032FB0746C00723D006F00F010AFA01F0F9
:10F8E000D5F834188143C5F8341805EB4610C0F834
:10F8F00008A9A07901280FD106EBC60004EB80000F
:10F90000D0E907211144016236B9606A20B9206844
:10F910000121009A0CF0C2F8F1B22046FFF7AFFDCA
:10F92000380704D505EB46110820C1F80809F80688
:10F9300004D505EB46111020C1F80809780604D556
:10F9400005EB46104021C0F80819B80716D5314616
:10F9500028460CF0B3FA06EBC60004EB8000C17D2C
:10F960001430012905D10021C170F1B2204600F008
:10F9700083F905EB46110220C1F80809380603D5C2
:10F980003146204608F0B6FD4FEA5808761CB8F11B
:10F99000000F97D120680CF0E8FA002811DAD5F8AA
:10F9A000040820F00101C5F8041894F8CC040128DB
:10F9B0003BD0204600F049FA2068416901F000413F
:10F9C000416120680CF0D1FA00050BD5D5F8080884
:10F9D000C00702D0204600F07BFA2068416901F49C
:10F9E0000061416120680CF0C0FA00010AD520686E
:10F9F000416901F00061416194F8CC04E8B120460E
:10FA000000F066FA20680CF0B0FAC00474D5D5F89E
:10FA1000040820F00101C5F80418102120680CF03A
:10FA20004DFA00214FF67F322DE0002084F8CC04FF
:10FA300001462046FFF7F8FCBEE784F8CCA4206816
:10FA4000406D0121C0F38300C4F8D0042046FFF7C5
:10FA5000EBFCD7E705EB4110C0F80829D0F80039D6
:10FA600023F40013C0F80039C0F8082BD0F8003B8D
:10FA700023F40013C0F8003BD0F8003B43F00063D0
:10FA8000C0F8003B491C20798842E3D8D5F81C080F
:10FA900040F00111C5F81C18E07B002828460DD065
:10FAA000D0F8840840F00B01C5F88418D5F8440854
:10FAB00040F00B012846C5F844180DE0D0F81408B2
:10FAC00042F22B010843C5F81408D5F8100840F09D
:10FAD0000B012846C5F81018D0F8000820F4FE6184
:10FAE000C5F80018A1792068009A0BF0D7FF2068AC
:10FAF000416901F48051416120680CF036FA8004BC
:10FB000015D520680BF018FE20680CF0F5F9E071AF
:10FB100000F052FC0146E27920680CF089FA204698
:10FB200000F080F92068416901F4005141612068CA
:10FB30000CF01BFA000707D5204600F08AF9206870
:10FB4000416901F00801416120680CF00EFA0006DD
:10FB500015D5A86920F08001A96101260CE006EB0B
:10FB6000C60004EB800090F85702012803D1F1B2DF
:10FB70002046FFF79BFC761C2079B042EFD8206826
:10FB80000CF0F3F9C0021FD50126574614E005EB2F
:10FB90004610D0F8001906EBC60004EB8000027E88
:10FBA000012A08D1002906DAC775F0B240F08001B9
:10FBB0002046FFF77BFC761C2079B042E7D820680E
:10FBC000416901F48011416120680CF0CEF9800296
:10FBD00031D50120534626E005EB4011D1F8001B3A
:10FBE00000EBC00204EB820292F85862012E19D198
:10FBF000002917DA94F8D464C1F3004106F0010635
:10FC00008E420FD182F85732A96941F08002AA6171
:10FC10006969090606D4D5F8040840F40070C5F8EF
:10FC2000040803E0401C21798142D5D8206841694D
:10FC300001F40011416120680CF097F9400007D5EC
:10FC40002046FFF718FC2068416901F080414161BE
:10FC500020680CF08AF940070AD5206845686807D3
:10FC600002D52046FFF71EFC206841682943416009
:10FC7000BDE8F88F0A30544FD0F8E0040BF0ABB871
:10FC8000D0F8E0040BF0BBB8F8B5040005D094F848
:10FC900095042668002510B106E00120F8BD84F81F
:10FCA0009454204600F05CF8032084F89504B6F1E3
:10FCB000A04F00D1A57120680BF0EAFE207C8DF8E2
:10FCC000000094E80F000BF045FD0226B0BB0021B8
:10FCD00020680CF06DF988BB002101270CE001EBD6
:10FCE000C10004EB800047750175C1850576C561CB
:10FCF0000562491CC9B2456220798842EFD80021CB
:10FD000011E001EBC10004EB800080F8555280F84F
:10FD1000541280F85852C0F85C52C0F86052491C26
:10FD2000C9B2C0F8645220798842EAD8207C8DF8A4
:10FD3000000094E80F000BF0F5FD10B184F8956415
:10FD4000ABE7657484F89574207B012802D12046C6
:10FD5000FFF756FB20680BF0D7FD0020F8BD000030
:10FD6000F0B59DB00446142116A8F0F791FE582175
:10FD70006846F0F78DFE2068B0F1A04F4CD1A0206E
:10FD80000090C02002901020019002250620CDE9AD
:10FD90000305A80600240C901494684600F0C8F8E7
:10FDA00008B1FDF739FE1D48016841F0010101600D
:10FDB00000680A2600F001001B904FF400601690C6
:10FDC000CDE91754164FCDE9194616A93846FEF766
:10FDD0005FFBB814CDE916050320CDE9184016A93C
:10FDE0001A963846FEF754FB0C48001D016841F096
:10FDF0008001016009481430016841F480410160CC
:10FE00000068002200F480401B9006214320FFF789
:10FE1000C5FA4320FFF7B4FA1DB0F0BD30380240F8
:10FE20000000024070B50446C0790125022801D0C7
:10FE3000FDF7F2FD2946D4F8E0040BF04FF8D4F8B2
:10FE4000E004BDE870400BF003B8D0F8E0040BF01C
:10FE50002EB8D0F8E0040BF034B810B5044690F892
:10FE6000940401280AD0012084F894046174206865
:10FE70000CF0CCF8002084F8940410BD022010BDD2
:10FE8000D0F8E02400F29C4110460BF033B810B5D6
:10FE90000446006894F89414012909D0012184F8DB
:10FEA0009414C168490609D5617B012902D005E097
:10FEB000022010BD816B41F48031816320680BF01A
:10FEC000DBFF20680BF012FD002084F8940410BDC5
:10FED00010B50446D0F8E0040BF04EF82068D0F8D6
:10FEE000001E41F00101C0F8001EE07A002804D095
:10FEF0000248016841F00601016010BD10ED00E00C
:10FF0000034908B50020086202480068009008BD57
:10FF100000000E4200700040034908B5012008624D
:10FF200002480068009008BD00000E4200700040CA
:10FF30002DE9F84F044600780025CA4EC00708D0C6
:10FF40003068E16920F0C06008433060E06900B9C2
:10FF500001252078800708D53068216A20F0C0503C
:10FF600008433060206A00B9012520886FF0FF0146
:10FF7000800415D53068A26C20F440101043306026
:10FF8000A06C18B1B0F5001F02D009E0012507E010
:10FF90003068626920F4F85001EB022210433060AF
:10FFA0002088400415D53068E26C20F440001043EE
:10FFB0003060E06C18B1B0F5000F02D009E0012507
:10FFC00007E03068626920F4F85001EB0221084331
:10FFD000306020784FF0000A00075DD5A1484C380A
:10FFE000016841F0805101600068DFF87C8200F018
:10FFF00080500090D8F8001041F48071C8F80010CB
:020000040815DD
:10000000FEF738FB074604E0FEF734FBC01B02286E
:1000100076D8D8F80000C005F6D5DFF84882A8F1F8
:100020001C08D8F8000010F4407022D0A18C01F414
:10003000407181421DD0D8F800108C4A012321F470
:1000400040711360C2F800A0C8F80010D8F8000092
:10005000C0070ED0FEF70EFB074641F2883904E0D8
:10006000FEF708FBC11B49454AD8D8F800008007B5
:10007000F6D5606A7B49C0F301228439032A40D057
:10008000086820F4F8100860D8F80010A28CC2F3B9
:100090000B021143C8F800102078DFF8D4B14007F4
:1000A00003D594F85410CBF8E0112078DFF8C48120
:1000B000C00607D5D8F80010E26A21F440011143C8
:1000C000C8F8001020784FF0006980060BD5D8F8EA
:1000D0000010226B21F000611143C8F80010206B62
:1000E000484500D101252078400607D5D8F80010F2
:1000F000A26A21F080511143C8F8001065B908E0E8
:1001000078E00A685C4B22F4F812184002430A6057
:10011000BAE72068802874D15046DFF860A1CAF899
:100120006800FEF7A7FA4F4D07468C3D04E0FEF746
:10013000A1FAC01B02285DD828680001F7D4216D00
:10014000CBF8D81020684E49C20701D0E2697AB1D5
:10015000820701D5226A5AB1820602D5226B4A452E
:1001600006D040060FD5A06A68B9206B48450AD171
:10017000D4E9010240EA8210227B237C120642EA83
:100180000372104308602068820401D5A26C1AB182
:10019000400415D5E06C98B90868D4E9012342EA17
:1001A0008312C0F30360237C000640EA037002431D
:1001B0000A603068A26920F01F00521E10433060B0
:1001C000207800060AD5D4E9010240EA8210227B99
:1001D000237C120642EA0372104308600121CAF828
:1001E0006810FEF747FA074608E0FEF743FAC01B1F
:1001F000022803D90320BDE8F88F02E02868000137
:10020000F3D52088C00505D53068616B20F000402B
:10021000084330602088800505D53068A16B20F444
:100220000040084330602088400505D53068E16B08
:1002300020F00040084330602088000505D5306874
:10024000216C20F48040084330602088C00407D52A
:10025000D8F80010626C21F040411143C8F800103A
:100260000020C8E78C38024000700040400E474232
:100270000010474294380240FFFCFF0F0000474245
:10028000843802402DE9F0470D46040065D0DFF8C0
:100290001491D9F80000EFB200F00700A84207D28D
:1002A00089F80070D9F8000000F00700A84254D186
:1002B00020683D4E810712D5400703D5306840F4D1
:1002C000E05030602078000703D5306840F460408B
:1002D00030603068A16820F0F0000843306020787A
:1002E000C0072DD0304960680839012812D0022893
:1002F00013D0032811D00968890700292DDA316845
:1003000021F0030101433160FEF7B4F9804641F268
:10031000883A0EE009688903EFE709688901ECE78C
:10032000FEF7A8F9A0EB0801514502D90320BDE86A
:10033000F0873068616800F00C00B0EB810FEFD1FE
:10034000D9F80010484601F00701A94207D9077003
:10035000006800F00700A84201D00120E7E72078FC
:10036000400705D53068E16820F4E050084330606C
:100370002078000706D53068216920F4604040EA03
:10038000C100306000F03EF83168084AC1F3031143
:10039000515CC8400649086006480068FEF788FFBF
:1003A0000020C4E7003C024008380240640C1608F4
:1003B000C87404200C5804200148006870470000ED
:1003C000C87404200448054900680968044AC1F358
:1003D0008221515CC8407047C8740420083802402C
:1003E000740C16080448054900680968044AC1F3FA
:1003F0004231515CC8407047C8740420083802403C
:10040000740C1608154810B5006810F00C0114485B
:1004100013D0144B04290FD008290ED10F4C241FE0
:10042000216801F03F022168490207D52068C0F326
:100430008810A0FB030106E0184610BD2168C1F337
:100440008811A1FB00010023F0F7A6F82168C1F391
:100450000141491C4900B0FBF1F010BD08380240D1
:100460000024F40000366E012DE9F84F040075D029
:100470002078DFF84CA3C007AAF1040548D00AF1A0
:1004800004000168C1F38101012908D00068C0F3AC
:10049000810002280AD1DAF80000400206D5286857
:1004A000800335D560680028E1D031E06068B0F5A0
:1004B000803F10D0B0F5A02F286810D020F48030F5
:1004C0002860286820F4802028606068A0B1FEF7CA
:1004D000D1F806460CE0286840F48030F4E740F498
:1004E00080202860F7E7FEF7C5F8801B642871D8E4
:1004F00028688003F7D50BE0FEF7BCF8064604E059
:10050000FEF7B8F8801B6428F1D828688003F7D478
:100510002078DFF8B09280074FF0000B3DD5A84857
:10052000001D016811F00C0F08D00068C0F38100B5
:1005300002280AD1DAF80000400206D428688007B1
:1005400015D5E068012809D111E0E068B8B10120B3
:10055000C9F80000FEF78EF8064605E02BE1FEF72D
:1005600089F8801B0228C2D828688007F7D5286838
:10057000216920F0F80040EAC10028600DE0C9F8C8
:1005800000B0FEF777F8064604E0FEF773F8801B2C
:1005900002281FD828688007F7D42078000722D5C2
:1005A000874F89486169703771B101210160FEF799
:1005B00061F8064604E0FEF75DF8801B022809D8C2
:1005C00038688007F7D50EE0C0F800B0FEF752F8A3
:1005D000064605E082E0FEF74DF8801B02287DD834
:1005E00038688007F7D42078400765D574484FF005
:1005F00000083C300068C0000BD471483C300168F2
:1006000041F08051016000684FF0010800F0805017
:1006100000906E4F3868C0050FD4386840F4807081
:100620003860FEF727F8064604E0FEF723F8801B43
:10063000022853D83868C005F7D5614FA0686C37D9
:1006400001280FD00528386810D020F0010038604C
:10065000386820F004003860A068B0B1FEF70AF8EE
:1006600006460EE0386840F00100F4E740F0040070
:100670003860F7E7FDF7FEFF811B41F288308142C9
:1006800065D838688007F5D50DE0FDF7F3FF06461D
:1006900006E0FDF7EFFF811B41F28830814256D81A
:1006A00038688007F5D4B8F1000F05D044483C30D5
:1006B000016821F080510160A069C8B34049091D5B
:1006C0000968C1F38101022948D00228584606D0A2
:1006D000C9F86000FDF7CEFF04463BE037E04F4627
:1006E000C9F86000FDF7C6FF064604E0FDF7C2FF4B
:1006F000801B02282BD828688001F7D4F4E9070171
:100700000843E168324A490802EB0141A26841EA24
:1007100082110843217C40EA0160217D40EA017199
:10072000CAF8001001203866FDF7A4FF044605E072
:1007300043E0FDF79FFF001B022808D828688001CE
:10074000F7D53AE0FDF796FF001B022802D90320F7
:10075000BDE8F88F28688001F4D42EE00128F7D096
:10076000DAF80000E26900F48001914223D1226AA4
:1007700000F03F0191421ED147F6C071626A01400C
:10078000B1EB821F17D1A26A4FF0FF3300F4403162
:1007900003EB5202B1EB024F0DD194F82C2000F084
:1007A0007061B1EB026F06D194F8301000F0E040B8
:1007B000B0EB017F01D00120CAE70020C8E70000AC
:1007C0000438024000004742800E4742007000405B
:1007D0000000FFFF05484079002806D00448D0F803
:1007E000E01241F00401C0F8E0127047A854042060
:1007F000D8F204200068503040F8212070470000F3
:100800000648417F022906D0407F012805D14103D7
:100810000348FDF722BF012181777047A8540420C7
:100820000008024010B5144904464FF40030086037
:1008300021688868C0040BD5C868C00508D5C86899
:1008400000F0800060F4C070C8602046FFF7D8FF59
:100850002168886880040BD5C868800508D5C868F9
:1008600000F0800060F42070C8602046FFF7B2FFFF
:100870000120607710BD0000143C01402DE9F047D5
:100880000446007F012822D04FF0010884F81C8024
:10089000022060772268CA2050622268532050628A
:1008A00020680026FF27B1F5807F81684FF0030A9A
:1008B0004FF47A790ED021F400718160206881684C
:1008C00021F400518160FDF7D5FE054624E00220A9
:1008D000BDE8F08721F4807181602068816821F48F
:1008E00080518160FDF7C6FE054604E0FDF7C2FEBB
:1008F000401B484509D82068C068C007F6D00FE003
:10090000FDF7B8FE401B484506D92068476284F8C9
:100910001DA026770320DBE72068C0688007EFD59D
:100920002068476284F81D8026770020D0E7000009
:1009300010B500680B4641680D480140080CD8709E
:10094000C1F304245C7001F03F049C70C1F3423198
:10095000197052B907F022FED870587807F01EFEC1
:100960005870987807F01AFE9870002010BD0000AB
:100970003FFFFF0010B50B460168896A59600168A6
:100980000969C1F30E019960006801680D480140D2
:10099000C1F305401870C1F306245C7001F07F04B8
:1009A0009C70890DD97052B907F0F8FD187058780D
:1009B00007F0F4FD5870987807F0F0FD987000206B
:1009C00010BD00007F7F7F0010B5040002D0607F63
:1009D00010B106E0012010BD00202077204600F075
:1009E00041F8022060772068C168C943C90632D542
:1009F000CA214162216853204862204607F0E2FD87
:100A000020BB20688168164A114081602068816897
:100A100062681143D4E904231A43114381602168B9
:100A2000E068086120680169228941EA02410161A8
:100A3000204607F0EAFD48B921680A6C22F48022BA
:100A40000A6421680A6CA3691A430A642268FF21B8
:100A5000516208B110BD00200121617710BD000076
:100A6000BFFF8FFF10B596B0044658216846F0F7D7
:100A70000FF81249206888421AD1082000901048C7
:100A80000068C0F30120022814D00E48099068467F
:100A9000FFF74EFA08B1FCF7BFFF0B4901200860D1
:100AA000002207212920FEF779FC2920FEF768FCA7
:100AB00016B010BD4FF40070E8E7000000280040B9
:100AC00070380240000318003C0E47422DE9F843FD
:100AD000644E03464FF4FA4730680C46B0FBF7F01B
:100AE000791148430090187F012877D04FF0010911
:100AF00083F81C900220587718680025002A806827
:100B00004FEA40606CD0002800DBE570A1782278C5
:100B100094F803C041EA02416278E069120242EAB5
:100B20008C52114394F8202041EA0261014360692C
:100B300062680143A069D3F800C00243CA20CCF820
:100B40002400D3F800C05320CCF82400606AFF24AE
:100B5000B0F5807F18684FF0030C5CD0D0F80880A7
:100B600028F40078C0F808801868D0F80C8008F0E5
:100B7000800868F42078C0F80C8030684FF47A76EA
:100B8000B0FBF7F0704300901868009E761E009648
:100B900061D0C668B607F8D5016218688264186823
:100BA000816841F4007181601868816841F40051E6
:100BB00081602D48016841F4003101602A48083005
:100BC000016841F4003101601868446283F81D90A7
:100BD0001D770020BDE8F88300E001E00220F9E77E
:100BE000002800DBE570207807F0E1FC0204607863
:100BF00007F0DDFC42EA0022A07807F0D8FC0243AF
:100C0000E07842EA805294F8200007F0D0FC42EAF3
:100C10000061E0698AE7866826F480768660186855
:100C2000C66806F0800666F4C076C6601868009E46
:100C3000761E00960FD0C668F607F8D0C161186816
:100C400042641868816841F4807181601868816825
:100C500041F48051ACE7446283F81DC01D77032046
:100C6000B8E70000C8740420003C014070B5044699
:100C7000007F0B46012819D00126267702206077D5
:100C8000B2B19878D97840EA0145587819780002CD
:100C900040EA413005432168CA2048622168532058
:100CA0004862204607F08EFCD0B122E0022070BDE1
:100CB0005878C10603D500F0EF000A305870D87894
:100CC00007F075FC0204587807F071FC42EA002234
:100CD000987807F06CFC0243187842EA4035DAE76E
:100CE0000748054020684560204607F08EFC00B9A3
:100CF00066772268FF2151620021217770BD0000D4
:100D00003FFFFF002DE9F0410446007F0D4601281A
:100D100023D04FF0010884F81C80022060772068FF
:100D2000002780684FEA4060D2B1002800DBEF70F6
:100D3000A878297840EA01466878E978000240EA14
:100D4000815006432168CA204862216853204862C6
:100D5000204607F037FCB8B12CE00220BDE8F08156
:100D6000002800DBEF70287807F021FC0204687887
:100D700007F01DFC42EA0022A87807F018FC0243A5
:100D8000E87842EA8056DDE70D48064020680660B4
:100D90002068816821F480218160D5E90310014336
:100DA0002068826811438160204607F02EFC08B954
:100DB00084F81D802268FF2151622777CEE700006A
:100DC0007F7F7F0070B505460A482968C860FDF737
:100DD00051FC04464FF47A7606E0FDF74BFC001B0D
:100DE000B04201D9032070BD2868C0688006F4D5E0
:100DF000002070BD5F3F01004FF0E020016941F02D
:100E000002010161704710B5040011D0022084F87E
:100E100051002068016821F040010160204600F087
:100E200067F80020606584F8510084F8500010BD18
:100E3000012010BD70B5040009D0606A002540B1E2
:100E400025616561A56294F8510040B10CE0012074
:100E500070BD6068B0F5827FF4D0E561F2E784F898
:100E60005050204600F096F8022084F85100206887
:100E7000016821F040010160A088218900F482709E
:100E800001F404410843A18901F400610843217C75
:100E900001F002010843217D01F001010843218B8B
:100EA00001F400710843217F01F03801084394F8F0
:100EB000201001F080010843218D01F40051084306
:100EC00021680860A069042101EA104094F8241008
:100ED00001F010010843216848602068C16921F4CD
:100EE0000061C1616565012084F85100002070BD7A
:100EF00070B5044600682049204B214A884208D139
:100F0000186820F480501860E0211046FDF72AFA96
:100F10001AE01A491B4E091F1B4DB04206D1086842
:100F200020F4804008604FF444411CE0174EB0426A
:100F30000CD1086820F40040086038212846FDF7ED
:100F400011FAE06CFDF753F8A06C10E010498842EC
:100F500011D1186820F40050186002211046FDF7E6
:100F600001FA4FF400512846FDF7FCF9E06CBDE8AA
:100F70007040FDF73CB870BD00300140443802407D
:100F8000000002400038004000040240003C0040E5
:100F9000003401402DE9F04F87B004461421684623
:100FA000EFF776FDC148DFF80083D4F800C00221D6
:100FB000032205230615042700254FF4804AC44563
:100FC00055D1DFF8E8C20CF1140CDCF8008048F4CD
:100FD0008058CCF80080DCF800C00CF4805CCDF8C0
:100FE00014C0D0F800C04CF0010CC0F800C000687C
:100FF0000DF1040900F001000590A02000900220EE
:1010000090469B4689E821096946A948FDF740FAC0
:101010004FF040090220CDE900900DF1080C0120AD
:101020008CE801096946A248FDF732FADFF888B278
:10103000A0495846CBF80010C0E90356C0E9055A4C
:101040004FF0C061CBF81C50C0E901190BF1200929
:10105000B10189E88201C901CBE90B15FDF7CEF892
:1010600008B1FCF7D9FC5846C4F848B057E0DFF89F
:101070004C82DFF838E2DFF848B20EF1100E4FF480
:101080008079C4454FD1DEF8008048F48048CEF81E
:101090000080DEF800C00CF4804CCDF814C0D0F80D
:1010A00000C04CF0020CC0F800C0006801A900F0BC
:1010B000020005904FF4044000900220904681E821
:1010C00021010520049069465846FDF7E1F9022008
:1010D000CDE900A00120CDE9020805200490694671
:1010E0005846FDF7D5F9DFF8E08176494046C0E97A
:1010F0000015C8F80850C8F818A0C914C8F80C5052
:10110000C0E90461C0E909758901C8F82C50C8E933
:101110000791C8F83050BDE0FCF77EFCBFE0846367
:1011200007B0BDE8F08FDFF8A481C44555D1DEF8E3
:1011300000C04CF4004CCEF800C0DEF8003003F4E0
:1011400000430593036843F002030360006800F066
:101150000200059038208DE823000620CDE9032009
:1011600069465846FDF794F9DFF8648155494046D1
:101170001839C0E90015C8F80850C0E90356C8F886
:101180001450C8F81850C8F81C50C0E90857C8F8DF
:101190002850C8F82C50C8F83050FDF72FF808B187
:1011A000FCF73AFC47484B4EC4F84C806030C8F816
:1011B0003840C6E900054020C6E902053561756181
:1011C000C6E90659356230467562FDF717F808B171
:1011D000FCF722FCA664B463A2E7DFF8FC80C445F8
:1011E0009ED1DFF8C8C00CF1140CDCF8008048F484
:1011F0000058CCF80080DCF800C00CF4005CCDF89E
:1012000014C0D0F800C04CF0010CC0F800C0D0F8F9
:1012100000C00CF0010CCDF814C0D0F800C04CF0A8
:10122000020CC0F800C00068009100F002000590B8
:10123000CDE901150320CDE90303884669461C4822
:10124000FDF726F94FF40050CDE900080320CDE961
:1012500002500620049069465846FDF719F91549D1
:10126000DFF8788048394046C8F80010C905C0E961
:101270000115C8F818A00914C8F80C50C0E9046199
:10128000C0E909754FF44031C8F82C50C8E90791FE
:10129000C8F83050FCF7B2FF00287FF43DAF40465D
:1012A000C4F84C803BE70000003001403038024079
:1012B000000002405864024020FA04200038004038
:1012C00000040240586002404C5C0420003C004096
:1012D0007CA7002080FA0420003401404C750420D3
:1012E0002DE9F84F1D4617468A460446FDF7C2F918
:1012F000064694F85100012826D1BAF1000F77D0A4
:10130000002F75D094F8500001281DD04FF001092E
:1013100084F85090032084F851004FF00008C4F87E
:101320005480C4F830A0A786E786C4F83880A4F8B3
:101330003C80A4F83E80C4F84480C4F84080A06893
:10134000B0F5004F03D00CE00220BDE8F88F206814
:10135000016821F0400101602068016841F480418A
:10136000016020680168490603D4016841F040012A
:101370000160E068B0F5006F606803D028B3012F0A
:1013800023D03FE008B1012F1BD1206B21680088DA
:10139000C86006E020688168890709D5216B098843
:1013A000C160206B801C2063E08E401EE08608E058
:1013B000FDF760F9801BA84202D3681C01D02FE022
:1013C00075B3E08E0028E5D11FE0206B216800781E
:1013D000087306E02068816889070AD5216B0978BF
:1013E0000173206B401C2063E08E401EE08609E004
:1013F00027E0FDF73FF9801BA84202D3681C01D00B
:101400000EE06DB1E08E0028E4D132462946204638
:1014100008F006F808B120206065A06830B109E046
:1014200084F8519084F8508003208EE72068C168CA
:101430008068009084F8519084F85080606D002896
:1014400083D0012081E710B5401EB0F1807F01D329
:10145000012010BD4FF0E02460610F2160170AF0F9
:1014600087FF0020A06107202061002010BD704789
:10147000704710B590F83C20012A22D0012280F854
:101480003C20CA688C6822F4407222434C6822F4E3
:10149000806222430C6822F4006222430C6922F429
:1014A000805222434C6922F400522243C96900232E
:1014B00022F480420A4301684A6480F83C300020EC
:1014C00010BD022010BD000070B590F83C20012A2C
:1014D00032D0012580F83C50022280F83D2002687D
:1014E0005368946823F070060B6833435360134BC2
:1014F00002689A4214D0B2F1804F11D0104B9A4238
:101500000ED0104B9A420BD00F4B9A4208D00F4B83
:101510009A4205D00E4B9A4202D00E4B9A4204D109
:10152000496824F080031943916080F83D50002100
:1015300080F83C10084670BD022070BD00000140DC
:101540000004004000080040000C0040000401407E
:10155000004001400018004010B50446022084F805
:101560003D002068016A41F21112114207D1016A5F
:101570009210114203D1016821F00101016020465F
:1015800000F046F8002084F8460084F83E0084F815
:101590003F0084F8400084F8410084F8420084F859
:1015A000430084F8440084F8450084F83D0084F842
:1015B0003C0010BD10B5040003D094F83D0010B1FC
:1015C00007E0012010BD002084F83C00204600F018
:1015D0006FF8022084F83D00211D206808F040FECD
:1015E000012084F8460084F83E0084F83F0084F827
:1015F000400084F8410084F8420084F8430084F8F5
:10160000440084F8450084F83D00002010BD00002F
:1016100010B504460068204A2049904203D108686A
:1016200020F0010021E01D4A121FB0F1804F07D0C9
:101630001B4B984213D1106820F00400106015E095
:10164000106820F001001060206AFCF7D0FCE06A0E
:10165000FCF7CDFCBDE810401C20FDF780BE114B0F
:10166000984208D1086820F002000860206ABDE8AE
:101670001040FCF7BCBC0C4B984204D1086820F425
:101680008030086010BD09498842FBD1106820F401
:101690008070106010BD000000000140443802401E
:1016A00000080040000401400040014000200040CC
:1016B0002DE9F84F704F04463915DFF8B8C10568B9
:1016C00000204A008B1004264FF400594FF4803A52
:1016D0004FF0010B65451CD13D6845F001053D60AB
:1016E0003D68664F05F001050095654D05F10C0854
:1016F0002F604FF04067C5E901706E6288E807020D
:10170000C5E90AB02863284629E02562AC63BDE834
:10171000F88FDFF864C1B5F1804FACF1040C27D02D
:10172000DFF86081454552D1DCF8005045F00405F2
:10173000CCF80050DCF80050534F05F0040500953C
:10174000524D2F604FF08067C5E9017005F10C071D
:101750006E6287E80702C5E90AB028632846C5E932
:10176000073AFCF74BFD0028CFD0FCF755F9CCE742
:10177000DCF8005045F00105CCF80050DCF80050D2
:10178000414F05F001050095414D783F80C54FF070
:10179000C06780C5402780C507C5390265E80613C4
:1017A0004FF440312962C5E90960E862286338488E
:1017B000FCF724FD08B1FCF72FF92562E562012250
:1017C00002211C20AC63FDF7E9FD1C204DE0DFF891
:1017D000C480454522D13D6845F002053D603D6825
:1017E000264F05F0020500952B4D603F05F10C08D2
:1017F0002F604FF06067C5E901706E6288E80702EC
:10180000C5E90AB02863C5E9073A2846FCF7F6FCA3
:1018100008B1FCF701F92562AC6320E01F4885425E
:101820000ED1386840F4803038603868002200F407
:101830008030009011461820FDF7B0FD182014E00C
:10184000174885427FF463AFDCF8000040F48070F5
:10185000CCF80000DCF8000000F48070009000225A
:1018600007212D20FDF79AFD2D20BDE8F84FFDF74B
:1018700087BD0000000001404438024088640240F7
:10188000AC5C042000080040A0600240E0FA0420A4
:10189000DCA7002000040140AC750420004001409A
:1018A0000020004090F83D10012901D00120704730
:1018B000022180F83D1000681149884214D0B0F12F
:1018C000804F11D00F4988420ED00F4988420BD06B
:1018D0000E49884208D00E49884205D00D498842F9
:1018E00002D00D49884204D1816801F00701062920
:1018F00003D0016841F00101016000207047000041
:10190000000001400004004000080040000C0040BE
:1019100000040140004001400018004090F83D10D4
:10192000012901D001207047022180F83D10016893
:10193000CA6842F00102CA6000681149884214D0A6
:10194000B0F1804F11D00F4988420ED00E49884225
:101950000BD00E49884208D00D49884205D00D4968
:10196000884202D00C49884204D1816801F0070105
:10197000062903D0016841F0010101600020704791
:10198000000001400004004000080040000C00403E
:1019900000040140004001400018004001680A6A4C
:1019A00041F211131A4207D10A6A9B101A4203D15D
:1019B0000A6822F001020A60012180F83D1000202F
:1019C00070470168CA6822F00102CA6001680A6AA9
:1019D00041F211131A4207D10A6A9B101A4203D12D
:1019E0000A6822F001020A60012180F83D100020FF
:1019F000704770B5044690F83C000025012817D0C8
:101A0000012684F83C60022084F83D00206882684A
:101A100022F0770222F47F4282600868502838D092
:101A20000DDC20284FD005DC90B3102811D14AE0FE
:101A3000022070BD302846D040280AD13BE0602803
:101A40002FD070280DD0B0F5805F03D0B0F5005FC7
:101A500012D0012584F83D60002084F83C0028461F
:101A600070BDCB68D1E90121206808F06EFC2068C8
:101A7000816841F0770109E0CB68D1E90121206854
:101A800008F063FC2068816841F480418160E1E7EF
:101A900019E0CA684968206808F072FD5021206882
:101AA00006E0CA684968206808F07BFD602120686C
:101AB00008F055FCCEE7CA684968206808F060FD68
:101AC00040212068F4E7226801461046F0E770479D
:101AD0002DE9F04104460068C66805694FF000072B
:101AE000A90713D5B10711D5F91E0161012020778F
:101AF000206880698007204602D0FFF7E8FF04E0F5
:101B000000F0CFF8204600F08FF92777680716D548
:101B1000700714D521686FF0040008610220207757
:101B20002068806910F4407F204602D0FFF7CFFF85
:101B300004E000F0B6F8204600F076F92777280791
:101B400015D5300713D521686FF00800086104200F
:101B500020772068C0698007204602D0FFF7B7FFD2
:101B600004E000F09EF8204600F05EF92777E806D2
:101B700016D5F00614D521686FF010000861082012
:101B800020772068C06910F4407F204602D0FFF71C
:101B90009EFF04E000F085F8204600F045F9277725
:101BA000E80708D0F00706D021686FF0010008614F
:101BB000204600F0E1F9280608D5300606D5216850
:101BC0006FF0800008612046FFF751FC680608D5D9
:101BD000700606D521686FF040000861204600F0CD
:101BE000F5F9A8060AD5B00608D521686FF02000DF
:101BF00008612046BDE8F041FFF73ABCBDE8F0813E
:101C000010B586B0044614216846EEF741FF2068FF
:101C1000B0F1804F15D10C480021026842F001025A
:101C20000260006800F0010005900820009002208A
:101C3000CDE901010120CDE9031069460348FCF715
:101C400027FC06B010BD0000303802400000024002
:101C500070B5044690F83C00002501280FD0012003
:101C600084F83C006AB1042A0FD0082A11D00C2A4B
:101C700013D00125002084F83C00284670BD0220C6
:101C800070BD206808F074FBF4E7206808F0A0FB42
:101C9000F0E7206808F0D2FBECE7206808F002FCCF
:101CA000E8E7704710B5040003D094F83D0010B188
:101CB00007E0012010BD002084F83C00204600F021
:101CC0001EF8022084F83D00211D206808F0C8FAA3
:101CD000012084F8460084F83E0084F83F0084F830
:101CE000400084F8410084F8420084F8430084F8FE
:101CF000440084F8450084F83D00002010BD704782
:101D000070B5044690F83C0000260D4601280FD01F
:101D1000012084F83C006AB1042A1DD0082A2FD083
:101D20000C2A3FD00126002084F83C00304670BDCC
:101D3000022070BD206808F01BFB2068816941F01B
:101D4000080181612068816921F0040181612068B6
:101D500081692A69114311E0206808F039FB206885
:101D6000816941F4006181612068816921F48061A9
:101D70008161206881692A6941EA02218161D2E793
:101D8000206808F05BFB2068C16941F00801C1616F
:101D90002068C16921F00401C1612068C1692A6914
:101DA000114311E0206808F07DFB2068C16941F40F
:101DB0000061C1612068C16921F48061C16120684E
:101DC000C1692A6941EA0221C161ACE710B504008A
:101DD00003D094F83D0010B107E0012010BD0020B1
:101DE00084F83C00204600F01EF8022084F83D00F4
:101DF000211D206808F034FA012084F8460084F898
:101E00003E0084F83F0084F8400084F8410084F8E4
:101E1000420084F8430084F8440084F8450084F8C4
:101E20003D00002010BD70477047000010B504460B
:101E300049B104290AD008290BD094F8410001289F
:101E40000AD0012010BD94F83E00F8E794F83F0056
:101E5000F5E794F84000F2E70220B1B3042938D046
:101E6000082939D084F841000122206808F060FA7E
:101E70001B4920681B4A884201D0904203D1436C21
:101E800043F4004343642068884213D0B0F1804F8C
:101E900010D0154988420DD0144988420AD01449FF
:101EA000884207D0904205D01249884202D0124998
:101EB000884204D1816801F00701062903D0016836
:101EC00041F001010160002010BDFFE784F83E00F1
:101ED000CAE784F83F00C7E784F84000C4E7000081
:101EE00000000140000401400004004000080040E0
:101EF000000C0040004001400018004030B504468E
:101F00000D460068002208F013FA194941F2111237
:101F100020689310884202D01649884209D1016A8C
:101F2000114206D1016A194203D1416C21F40041EA
:101F300041642068016A114206D1016A194203D145
:101F4000016821F00101016001203DB1042D08D09C
:101F5000082D09D084F84100002030BD84F83E00EF
:101F6000FAE784F83F00F7E784F84000F4E7000060
:101F70000000014000040140704770B5044690F82D
:101F80003C00012810D0012584F83C50022084F840
:101F90003D00204608F0AEFA002138B184F83D50EB
:101FA00084F83C10012070BD022070BD2068C2681A
:101FB00022F04002C2602068C26822F48042C260FF
:101FC00084F83D5084F83C10002070BD704710B577
:101FD00004460068406994F84110C0F3C0102129FC
:101FE00011D180B12068143050E8001F21F0800129
:101FF00040E80012002AF5D1A06B08B1FBF79CFF66
:10200000204608F024FB2068406994F84210C0F391
:102010008010222911D180B12068143050E8001FAF
:1020200021F0400140E80012002AF5D1E06B08B130
:10203000FBF782FF204608F0E3FA002010BD10B540
:10204000040015D0242084F841002068C16821F4E0
:102050000051C160204600F03FF80020606484F821
:10206000410084F8420044F8300F6060207410BDD5
:10207000012010BD70B5040004D094F84100002583
:1020800010B106E0012070BD84F84050204600F0F9
:1020900085F8242084F841002068C16821F40051AB
:1020A000C160204608F0E2FA2068016921F49041FD
:1020B00001612068416921F02A0141612068C168FD
:1020C00041F40051C1606564202084F8410084F827
:1020D00042006563002070BD2DE9F04704462A4D9B
:1020E0000068284FDFF8A4902E1D4FF48058B842A6
:1020F0000CD1286820F40020286041464846FCF7AF
:1021000031F9A06BFBF773FF342011E020498842BE
:1021100010D1306820F010003060C0211D48FCF75D
:1021200021F9E06BFBF763FFA06BFBF760FF252055
:10213000FDF715F92068B8420FD1286820F4002077
:10214000286041464846FCF70DF9E06BFBF74FFF6E
:10215000A06BFBF74CFF34200EE00F4988420FD1F3
:10216000306820F020003060C9144846FCF7FAF8C7
:10217000A06BFBF73CFF4720BDE8F047FDF7EFB849
:10218000BDE8F087004C00404038024000000240AB
:102190000010014000040240001401402DE9F04FFE
:1021A00087B0044614216846EEF772FC9A4920680D
:1021B0009A4E00250F154FF0120B4FF0010A4FF009
:1021C00040084FF00069884239D1944810300168C6
:1021D00041F400210160006800F40020059030689F
:1021E00040F0010030603068694600F00100059061
:1021F000B014CDE9000B0320CDE902A00B20049020
:102200008748FCF745F988488649C0F80880C0E946
:10221000035745618561C56105624562C0E90019E2
:10222000FBF7ECFF08B1FBF7F7FB7F48A063012247
:10223000846305213420FDF7B1F8342050E07B4958
:1022400088424FD175481430016841F01001016097
:10225000006800F010000590306840F00200306027
:10226000306801A900F002000590C0200090022013
:1022700081E821040720049069466D48FCF708F9BD
:102280006D486C490160C0E90195C0E9035745619B
:102290008561C56105624562FBF7B0FF08B1FBF7D8
:1022A000BBFB6548E0636349846364487831C0F8E8
:1022B0000880C0E9035745618561C56105624562D3
:1022C000C0E90019FBF79AFF08B1FBF7A5FB5B48D3
:1022D000A0630022846303212520FDF75FF82520F9
:1022E000FDF74EF84C492068884251D14B480025F3
:1022F0001030016841F400210160006800F4002002
:102300000590306840F0010030603068694600F0A8
:10231000010005904FF48050CDE9000B0320CDE97A
:1023200002A00B2004903E48FCF7B2F83D48444E12
:1023300030383060C6E90195C6E903577561B5616B
:10234000F561356230467562FBF758FF08B1FBF75F
:1023500063FB354DE663B4633248C5F80880C5E9D0
:1023600000090020C5E903076861A861E8612862E7
:1023700068622846FBF742FF08B1FBF74DFBA563F7
:10238000012205213420AC63FDF708F834203DE03C
:102390002C4988423CD121481430016841F0200189
:1023A0000160006800F020000590306840F00100F6
:1023B00030603068694600F0010005904FF400601D
:1023C0000090CDE901B50820CDE903501448FCF791
:1023D0005FF818481C4E60303060C6E903577561DD
:1023E000B561F56135624FF020607562C6E901089C
:1023F0003046FBF703FF08B1FBF70EFBA663002294
:1024000005214720B463FCF7C9FF4720FCF7B8FF5C
:1024100007B0BDE8F08F0000004C004030380240AB
:1024200000000240706002400C5D0420001001407A
:1024300000040240406402403CA8002040FB04200D
:102440006C5D0420001401400C7604202DE9F0435B
:10245000244C402293002060224E083E3160351FFC
:10246000286840F001002860BFF34F8F4FF0FF391C
:10247000286810F0010F19D01B4F786840F0020057
:102480007860BFF34F8FDFF85CC0ACF1640CDCF810
:102490000000326800F0746428685FEA841800F075
:1024A000010017D48A4211D2C8B90BE000BF521EF6
:1024B000DED2286820F001002860BFF34F8F484625
:1024C000BDE8F08332B9200109D403E010B100BFA8
:1024D0005B1EDCD2786820F002007860E9E700201B
:1024E000EEE70000646402400030014070B50C4823
:1024F0000068C00705D00A485838006810F04070DE
:102500000CD0EFF3108472B600F036F8050002D05C
:102510003B2009F013FF04B962B6284670BD0000E5
:10252000586402402DE9F041114F0424104EDFF8A9
:1025300044804FF07465083F3560BFF34F8F3B20F8
:1025400009F0FCFEBFF34F8FBFF36F8F386810F0B8
:10255000746F07D1D8F8000210F0006000D001209D
:10256000002803D0641EE7D24FF0FF30BDE8F081B1
:102570000864024004E000E070B5204800681F498C
:1025800000F074605C3109681C4A583212681C4CB7
:1025900002F00102E378194D4FF074660835022B02
:1025A00006D110F0407F03D1030101D501B932B14A
:1025B000E4780023022C0DD0E8B12E601BE0114816
:1025C000416821F0020141602E60BFF35F8F01205E
:1025D000E07070BD10F0407F04D102B911B9040160
:1025E00004D519B100F01AF8034604E0400102D501
:1025F0004FF080602860184670BD00000064024003
:10260000B87404200030014003480021C17081608B
:102610008180817070470000B87404202DE9F04774
:1026200032480024304A4168254621F002014160C9
:102630002F4E306820F00100306000E000BF3068AD
:10264000C00701D0521EF9D230682A4FC0074FF0A0
:1026500000094FF0FF3A04D0504687F80390BDE8D8
:10266000F0872348001D0068DFF8848008F1140813
:1026700090B1B98888420FD8BA686AB1336813F448
:10268000F04F09D1D8F800305B0705D4BB78022B96
:1026900002D2091A8C1885B214B1FFF743FF28B192
:1026A000FFF740FF87F803905046D8E7306820F0E6
:1026B00008003060306840F016003060D8F8001034
:1026C00021F08001C8F80010BC60BD80B878401CC3
:1026D000B8700220F870002229462046FFF7B6FEA7
:1026E0000028DFD1BBE70000A086010000300140D8
:1026F00058640240B874042070B5274D0022EA7077
:10270000264942F21070264C00E000BFA3689B07E8
:1027100001D4401EF9D2606820F002006060214BB5
:10272000186820F00100186000E000BF1868C007BA
:1027300001D0491EF9D218684FF0FF36C00701D00A
:10274000304670BD206820F040002060206840F0D6
:1027500040002060186820F008001860186840F0F9
:10276000160018600F481430016821F080010160E4
:102770000C48001D0260AA60AA80AA70FFF7D2FE72
:102780000028DDD1606820F002006060BFF35F8F39
:102790000120E870002070BDB8740420A0860100FC
:1027A000003001405864024030B528B121B1154ACB
:1027B000D378012B0BD102E04FF0FF3030BD124B2C
:1027C0001C68E40703D1114C6568AD0702D56FF0B2
:1027D000010030BD90609180002595700225D57074
:1027E000BFF35F8F084A0C3210600748001D01607C
:1027F000186840F001001860606840F002006060F6
:10280000002030BDB87404205864024000300140FC
:1028100010B519A0A4B0D0E90010CDE9201018A07F
:10282000194CD0E90010CDE922100020E060694683
:1028300020A80BF04BFC18B14FF0FF3024B010BDB6
:102840009DF80D00800702D46FF00100F6E710A993
:1028500022A80BF03BFC10B16FF00200EEE79DF8F0
:10286000500000F00F00012802D06FF00300E5E7F0
:102870000120E0600020E1E74600FFFFF1010000D9
:102880004680FFFFF1010000B87404202DE9F04FED
:102890008BB08146FBF7EEFE81494FF0000A0446FB
:1028A000C1F80CA04D464FF4827BC5E901BAC9F8C6
:1028B0000CA04FF40071C9F810A0C5E905A138219A
:1028C000C5E9071AC9F824A00A20C9E90AA04846A0
:1028D000FEF7B0FA18B101200BB0BDE8F08F286800
:1028E000016841F040010160DFF8B881D8F81800B4
:1028F00040F00400C8F818006B4B002242F210763A
:102900001868FF25400603D4186840F0400018609E
:10291000304600E000BF9968890701D4401EF9D213
:102920009868C0070AD0D8688DF820009868C0075A
:1029300002D0D8688DF820009DF820001D73314624
:1029400000E000BF9868C00701D1491EF9D298681D
:10295000C00700D0D868521C102AD1DB53A0002534
:10296000D0E90010CDE9001041F27077D8F81800D6
:1029700040F48020C8F818000A20FBF7E1FC684604
:1029800000F0E0FF6D1C0646642D04DAFBF772FED2
:10299000001BB84202D30BF0DDFC9CE7012EE5D111
:1029A00044A00025D0E90010CDE902104FF47A765A
:1029B0000EE0B54204DAFBF75DFE001BB84203D31C
:1029C0000BF0C8FC022087E70120FBF7B9FC6D1C67
:1029D00002A801F087FA0128EBD138A00025D0E940
:1029E0000010CDE904100EE0B54204DAFBF742FE18
:1029F000001BB84203D30BF0ADFC03206CE70120B1
:102A0000FBF79EFC6D1C04A800F0C2FC0028EBD173
:102A10002CA00025D0E90010CDE906100EE0B5424B
:102A200004DAFBF727FE001BB84203D30BF092FC3D
:102A3000042051E70120FBF783FC6D1C09A906A8BF
:102A400001F0F8F80028EAD1FBF714FE001BB842A9
:102A500002D2FFF7DDFE18B10BF07CFC05203BE74E
:102A60004C464FF40071C4E901BAC9F80CA0C9F88A
:102A700010A0C4E905A1C9F81CA0C9F820A0C9F894
:102A800024A00A20C9E90AA04846FEF7D3F920B9D4
:102A90002068016841F04001016000201CE700004F
:102AA000B8740420000002400030014040000000E3
:102AB0000095000048000001AA870000694000005E
:102AC00000E500007A000000000100000EB50021C2
:102AD00002910CA1B0F5800FD1E90021CDE90021D0
:102AE00000D90A488DF80400010E8DF80110010C80
:102AF0008DF80210010A8DF80310684600F048FCBA
:102B000002900EBD5700000000010000FFFF3F00D3
:102B1000FEB5FF248DF8004042F210731D464B4E67
:102B20002DE03168FF27490603D4316841F04001A8
:102B30003160194600E000BFB268920701D4491E17
:102B4000F9D2B168C9070AD0F1688DF80410B168EC
:102B5000C90702D0F1688DF804109DF8041037738E
:102B60001A4600E000BFB168C90701D1521EF9D270
:102B7000B168C90701D0F168C9B28DF800109DF89D
:102B80000010FE2901D06D1ECBD29DF80010FE2949
:102B900002D06FF00100FEBD31684FF400774906A6
:102BA00003D4316841F04001316000211A4600E051
:102BB00000BFB568AD0705D4521EF9D202E0F26835
:102BC0008DF80020B268D207F9D134731A4600E0BC
:102BD00000BFB568ED0701D1521EF9D2B268D20725
:102BE00004D0F2684254491CB942DFDB18A002AF9E
:102BF0000068029030680225400603D4306840F037
:102C0000400030600020194600E000BFB268920723
:102C100005D4491EF9D202E0F1688DF80010B168C0
:102C2000C907F9D13473194600E000BFB268D20772
:102C300001D1491EF9D2B168C90704D0F1683954ED
:102C4000401CA842DFDB0020FEBD00000030014038
:102C5000FFFF0000F0B587B04924FF228DF8002067
:102C6000FE4A936943F480239361FD4D2A6852061E
:102C700003D42A6842F040022A6042F210763346BA
:102C800000E000BFAA68920701D45B1EF9D2AA68CF
:102C9000D2070AD0EA688DF81420AA68D20702D0B9
:102CA000EA688DF814209DF814202C73334600E058
:102CB00000BFAA68D20701D15B1EF9D2AA68D20769
:102CC00000D0EA682A680024520603D42A6842F039
:102CD00040022A60374600E000BFAA68920701D48C
:102CE0007F1EF9D2AA68D2070AD0EA688DF81420AC
:102CF000AA68D20702D0EA688DF814209DF8142043
:102D00002C73324600E000BFAB68DB0701D1521ED6
:102D1000F9D2AA68D20700D0EA682A68520603D41A
:102D20002A6842F040022A60334600E000BFAA68E9
:102D3000920701D45B1EF9D2AA68D2070AD0EA68CA
:102D40008DF81420AA68D20702D0EA688DF8142002
:102D50009DF814202C73374600E000BFAA68D20704
:102D600001D17F1EF9D2AA68D20700D0EA682A688A
:102D7000520603D42A6842F040022A60334600E03B
:102D800000BFAA68920701D45B1EF9D2AA68D207D5
:102D90000AD0EA688DF81420AA68D20702D0EA683F
:102DA0008DF814209DF814202C73324600E000BFEB
:102DB000AB68DB0701D1521EF9D2AA68D20700D056
:102DC000EA682A68520603D42A6842F040022A6060
:102DD000334600E000BFAA68920701D45B1EF9D217
:102DE000AA68D2070AD0EA688DF81420AA68D20728
:102DF00002D0EA688DF814209DF814202C73374611
:102E000000E000BFAA68D20701D17F1EF9D2AA68EC
:102E1000D20700D0EA682B68FF225B0603D42B6838
:102E200043F040032B60334600E000BFAC68A407CA
:102E300001D45B1EF9D2AB68DB070AD0EB688DF8D2
:102E40001430AB68DB0702D0EB688DF814309DF8C6
:102E500014302A73324600E000BFAB68DB0701D1B3
:102E6000521EF9D2AA68D20700D0EA683746344623
:102E70004FF0000C2DE02A68FF26520603D42A6882
:102E800042F040022A603A4600E000BFAB689B0770
:102E900001D4521EF9D2AA68D2070AD0EA688DF886
:102EA0001420AA68D20702D0EA688DF814209DF891
:102EB00014202E733A4600E000BFAB68DB0701D157
:102EC000521EF9D2AA68D20708D0EA68D2B28DF8A9
:102ED00000209DF80020FF2A02D003E06246F6E7BA
:102EE000641EC8D29DF80020FF2A06D09DF800205D
:102EF00032B14FF0FF3007B0F0BD6FF00100FAE7DC
:102F00003C462DE02A68FF26520603D42A6842F088
:102F100040022A603A4600E000BFAB689B0701D43C
:102F2000521EF9D2AA68D2070AD0EA688DF8142096
:102F3000AA68D20702D0EA688DF814209DF8142000
:102F40002E733A4600E000BFAB68DB0701D1521E8A
:102F5000F9D2AA68D20710D0EA68D2B28DF8002060
:102F60009DF80020FE2A01D0641ECBD29DF80020DF
:102F7000FE2A04D06FF00200BDE76246EEE70022B1
:102F80002B68FF265B0603D42B6843F040032B60BD
:102F90003B4600E000BFAC68A40701D45B1EF9D239
:102FA000AB68DB070AD0EB688DF80030AB68DB0755
:102FB00002D0EB688DF800309DF800302E733C464F
:102FC0003B4600E000BFAE68F60701D15B1EF9D2B8
:102FD000AB68DB0711D0EB68DBB201AEB354521C17
:102FE000102ACDDB00262A68FF27520603D42A6860
:102FF00042F040022A60234602E06346EDE700BF4C
:10300000AA68920701D45B1EF9D2AA68D2070AD037
:10301000EA688DF80020AA68D20702D0EA688DF825
:1030200000209DF800202F73224600E000BFAB680F
:10303000DB0701D1521EF9D2AA68D20700D0EA6894
:10304000761C022ECFDB9DF80B209DF80C3012046D
:1030500042EA03229DF80D301A4303E000000240CB
:1030600000300140920202F58062C1F81021FFF7A2
:103070000DFC00203FE70000FCB50346FF208DF863
:103080000000C148826942F480228261BF4C51260F
:103090002068400603D4206840F04000206042F2DF
:1030A0001072154600E000BFA068800701D46D1EB5
:1030B000F9D2A068C0070AD0E0688DF80400A068C3
:1030C000C00702D0E0688DF804009DF80400267364
:1030D000154600E000BFA068C00701D16D1EF9D2FF
:1030E000A068C00700D0E06820681D0E400603D429
:1030F000206840F040002060104600E000BFA66855
:10310000B60701D4401EF9D2A068C0070AD0E06813
:103110008DF80400A068C00702D0E0688DF80400B4
:103120009DF8040025731046154600E000BFA26814
:10313000D20701D16D1EF9D2A268D20700D0E26891
:103140002268C3F30745520603D4226842F04002C6
:103150002260024600E000BFA668B60701D4521EF6
:10316000F9D2A268D2070AD0E2688DF80420A268DA
:10317000D20702D0E2688DF804209DF80420257360
:10318000054600E000BFA268D20701D16D1EF9D24A
:10319000A268D20700D0E2682568C3F307226D0653
:1031A00003D4256845F040052560064600E000BFD1
:1031B000A568AD0701D4401EF9D2A068C0070AD0A7
:1031C000E0688DF80400A068C00702D0E0688DF8C0
:1031D00004009DF804002273324600E000BFA0689E
:1031E000C00701D1521EF9D2A068C00700D0E06824
:1031F0002268D8B2520603D4226842F0400222600C
:10320000354600E000BFA268920701D46D1EF9D2D6
:10321000A268D2070AD0E2688DF80420A268D2071B
:1032200002D0E2688DF804209DF804202073304617
:1032300000E000BFA268D20701D1401EF9D2A06809
:10324000C00700D0E06822680120520603D422683B
:1032500042F040022260354600E000BFA2689207BB
:1032600001D46D1EF9D2A268D2070AD0E2688DF8A7
:103270000420A268D20702D0E2688DF804209DF8ED
:10328000042020733546304600E000BFA268D20714
:1032900001D1401EF9D2A068C00700D0E0682E46D8
:1032A0002DE02068FF27400603D4206840F040004E
:1032B00020602A4600E000BFA068800701D4521EAB
:1032C000F9D2A068C0070AD0E0688DF80400A068B1
:1032D000C00702D0E0688DF804009DF80400277351
:1032E0002B4600E000BFA068C00701D15B1EF9D2E9
:1032F000A068C00701D0E068C0B28DF800009DF85A
:103300000000FF2801D1761ECBD29DF80000FF28D7
:1033100005D09DF8000028B14FF0FF30FCBD6FF0E4
:103320000100FCBD0846FFF7F3FB8DF800002068A4
:10333000FF22400603D4206840F040002060284669
:1033400000E000BFA168890701D4401EF9D2A0683F
:10335000C0070AD0E0688DF80400A068C00702D05A
:10336000E0688DF804009DF80400227300E000BFBF
:10337000A068C00701D16D1EF9D2A068C00700D0B7
:10338000E0689DF80000FCBD0000024000300140F4
:10339000FCB5FEA14FF0FF0CD1E900358DF800C05F
:1033A000FC4900228C6944F480248C61FA4CD9B227
:1033B0002668760603D4266846F04006266042F268
:1033C00010773E4600E000BFD4F808E05FEA8E7E4A
:1033D00001D4761EF7D2A668F6070AD0E6688DF803
:1033E0000460A668F60702D0E6688DF804609DF8D0
:1033F00004602173394600E000BFA668F60701D1DA
:10340000491EF9D2A168C90700D0E1682668C3F354
:103410000721760603D4266846F0400626603E461D
:1034200000E000BFD4F808E05FEA8E7E01D4761E8B
:10343000F7D2A668F6070AD0E6688DF80460A66899
:10344000F60702D0E6688DF804609DF804602173E9
:10345000394600E000BFA668F60701D1491EF9D23F
:10346000A168C90700D0E1682668C3F30741760662
:1034700003D4266846F0400626603E4600E000BFC2
:10348000D4F808E05FEA8E7E01D4761EF7D2A668F3
:10349000F6070AD0E6688DF80460A668F60702D041
:1034A000E6688DF804609DF804602173394600E0F9
:1034B00000BFA668F60701D1491EF9D2A168C90765
:1034C00000D0E168190E23685B0603D4236843F03B
:1034D000400323603B4600E000BFA668B60701D466
:1034E0005B1EF9D2A368DB070AD0E3688DF80430CD
:1034F000A368DB0702D0E3688DF804309DF8043040
:1035000021733E4600E000BFA168C90701D1761EC5
:10351000F9D2A168C90700D0E1682168EBB2490679
:1035200003D4216841F040012160394600E000BF2A
:10353000A668B60701D4491EF9D2A168C9070AD006
:10354000E1688DF80410A168C90702D0E1688DF820
:1035500004109DF8041023733B4600E000BFA168EF
:10356000C90701D15B1EF9D2A168C90700D0E16883
:103570002168C5F30723490603D4216841F04001BF
:1035800021603E46394600E000BFA568AD0701D482
:10359000491EF9D2A168C9070AD0E1688DF8041064
:1035A000A168C90702D0E1688DF804109DF80410E5
:1035B0002373314600E000BFA368DB0701D1491E39
:1035C000F9D2A1684FF00007C9072FD0E1682DE0BC
:1035D0002168FF25490603D4216841F0400121609C
:1035E000314600E000BFA3689B0701D4491EF9D211
:1035F000A168C9070AD0E1688DF80410A168C9075D
:1036000002D0E1688DF804109DF80410257331464E
:1036100000E000BFA368DB0701D1491EF9D2A16811
:10362000C90708D0E168C9B28DF800109DF80010F4
:10363000FF2902D005E03946F6E71146521C102951
:10364000C6D39DF80010FF2909D0017822685206E0
:1036500003D4226842F040022260324603E04FF079
:10366000FF30FCBD00BFA3689B0701D4521EF9D2F6
:10367000A268D2070AD0E2688DF80420A268D207B7
:1036800002D0E2688DF804209DF8042021733246B0
:10369000314600E000BFA368DB0701D1491EF9D223
:1036A000A168C90700D0E16843782168490603D4BE
:1036B000216841F040012160114600E000BFA5688B
:1036C000AD0701D4491EF9D2A168C9070AD0E16843
:1036D0008DF80410A168C90702D0E1688DF80410C4
:1036E0009DF804102373164600E000BFA168C907C7
:1036F00001D1761EF9D2A168C90700D0E1688378AC
:103700002168490603D4216841F040012160114637
:1037100000E000BFA568AD0701D4491EF9D2A16839
:10372000C9070AD0E1688DF80410A168C90702D062
:10373000E1688DF804109DF804102373114600E031
:1037400000BFA368DB0701D1491EF9D2A168C907F0
:1037500000D0E168C3782168490603D4216841F0AC
:1037600040012160114600E000BFA568AD0701D40B
:10377000491EF9D2A168C90714D0E1688DF8041078
:10378000A168C9070CD0E16808E0000077000000DC
:103790000001000000000240003001408DF80410DC
:1037A0009DF804102373164600E000BFA168C90706
:1037B00001D1761EF9D2A168C90700D0E168057968
:1037C0002168490603D4216841F040012160134675
:1037D000114600E000BFA268920701D4491EF9D249
:1037E000A168C9070AD0E1688DF80410A168C9076B
:1037F00002D0E1688DF804109DF8041025731A4674
:1038000000E000BFA168C90701D1521EF9D2A1682A
:10381000C90700D0E16841792068400603D42068D8
:1038200040F0400020601E46184600E000BFA2683D
:10383000920701D4401EF9D2A068C0070AD0E06800
:103840008DF80400A068C00702D0E0688DF804007D
:103850009DF804002173314600E000BFA068C00756
:1038600001D1491EF9D2A068C00700D0E0688DF8E8
:1038700000C000232DE02068FF22400603D420680A
:1038800040F040002060304600E000BFA16889079A
:1038900001D4401EF9D2A068C0070AD0E0688DF8B4
:1038A0000400A068C00702D0E0688DF804009DF80D
:1038B00004002273314600E000BFA068C00701D1B8
:1038C000491EF9D2A068C00708D0E068C0B28DF8E0
:1038D00000009DF80000FF2802D005E03846F6E71A
:1038E00018465B1C1028C6D32068FF22400603D46C
:1038F000206840F040002060304600E000BFA16832
:10390000890701D4401EF9D2A068C0070AD0E06838
:103910008DF80400A068C00702D0E0688DF80400AC
:103920009DF80400227300E000BFA068C00701D129
:10393000761EF9D2A068C00700D0E0689DF80000AC
:10394000FCBD00007CB5FF218DF80010B7490022B6
:103950008B6943F480238B61B54C03782168490659
:1039600003D4216841F04001216042F210763546CF
:1039700000E000BFA168890701D46D1EF9D2A168DB
:10398000C9070AD0E1688DF80410A168C90702D000
:10399000E1688DF804109DF804102373354600E0AB
:1039A00000BFA168C90701D16D1EF9D2A168C9077E
:1039B00000D0E168417823685B0603D4236843F0B4
:1039C00040032360334600E000BFA568AD0701D483
:1039D0005B1EF9D2A368DB070AD0E3688DF80430D8
:1039E000A368DB0702D0E3688DF804309DF804304B
:1039F0002173354600E000BFA168C90701D16D1EE3
:103A0000F9D2A168C90700D0E168817823685B0614
:103A100003D4236843F040032360334600E000BF33
:103A2000A568AD0701D45B1EF9D2A368DB070AD0F5
:103A3000E3688DF80430A368DB0702D0E3688DF8F3
:103A400004309DF804302173314600E000BFA368C4
:103A5000DB0701D1491EF9D2A168C90700D0E1688E
:103A6000C17823685B0603D4236843F040032360D6
:103A7000354600E000BFA3689B0701D46D1EF9D254
:103A8000A368DB070AD0E3688DF80430A368DB077E
:103A900002D0E3688DF804309DF80430217333467A
:103AA00000E000BFA168C90701D15B1EF9D2A1687F
:103AB000C90700D0E168017923685B0603D4236855
:103AC00043F040032360354600E000BFA3689B0736
:103AD00001D46D1EF9D2A368DB070AD0E3688DF824
:103AE0000430A368DB0702D0E3688DF804309DF84A
:103AF00004302173314600E000BFA368DB0701D129
:103B0000491EF9D2A168C90700D0E168407921684F
:103B1000490603D4216841F040012160354600E0A8
:103B200000BFA168890701D46D1EF9D2A168C90739
:103B30000AD0E1688DF80410A168C90702D0E168D5
:103B40008DF804109DF8041020733546334600E0CC
:103B500000BFA068C00701D15B1EF9D2A068C007F2
:103B60002FD0E0682DE02068FF26400603D42068AF
:103B700040F040002060284600E000BFA1688907AF
:103B800001D4401EF9D2A068C0070AD0E0688DF8C1
:103B90000400A068C00702D0E0688DF804009DF81A
:103BA00004002673294600E000BFA068C00701D1C9
:103BB000491EF9D2A068C00701D0E068C0B28DF8F4
:103BC00000009DF80000FF2803D11046521C102869
:103BD000C9D32068FF22400603D4206840F040008B
:103BE0002060284600E000BFA168890701D4401E7C
:103BF000F9D2A068C0070AD0E0688DF80400A06878
:103C0000C00702D0E0688DF804009DF8040022731C
:103C100000E000BFA068C00701D16D1EF9D2A06806
:103C2000C00700D0E0689DF800007CBD00000240A5
:103C300000300140FCB5FF228DF80020A74A002487
:103C4000936943F480239361A54E4FF0060C3268CC
:103C5000520603D4326842F040023260002242F23F
:103C600010773B4600E000BFB568AD0705D45B1E8A
:103C7000F9D202E0F3688DF80430B368DB07F9D1BC
:103C8000835C33733D4600E000BFB368DB0702D1BD
:103C90006D1E6B1CF8D1B368DB0735D0F3688DF867
:103CA0000430521C6245DCDB2EE03068FF22400607
:103CB00003D4306840F0400030603B4600E000BF75
:103CC000B068800702D45B1E581CF8D1B068C007EA
:103CD0000AD0F0688DF80400B068C00702D0F06820
:103CE0008DF804009DF804003273384600E000BFF0
:103CF000B268D20701D1401EF9D2B068C00701D026
:103D0000F068C0B28DF800009DF80000FF2803D1D4
:103D10002046641C1028C8D39DF80000FF2809D055
:103D2000CA783068400603D4306840F04000306004
:103D3000384603E04FF0FF30FCBD00BFB3689B077F
:103D400001D4401EF9D2B068C0070AD0F0688DF8DF
:103D50000400B068C00702D0F0688DF804009DF838
:103D6000040032733A46384600E000BFB368DB0710
:103D700001D1401EF9D2B068C00700D0F068887841
:103D800033685B0603D4336843F04003336017465F
:103D900000E000BFB3689B0701D47F1EF9D2B3686F
:103DA000DB070AD0F3688DF80430B368DB0702D074
:103DB000F3688DF804309DF804303073104600E04D
:103DC00000BFB368DB0701D1401EF9D2B068C0075D
:103DD00000D0F068487833685B0603D4336843F05A
:103DE00040033360174600E000BFB3689B0701D46F
:103DF0007F1EF9D2B368DB070AD0F3688DF8043070
:103E0000B368DB0702D0F3688DF804309DF8043006
:103E10003073104600E000BFB368DB0701D1401EDD
:103E2000F9D2B068C00700D0F06808783168490658
:103E300003D4316841F040013160174600E000BF13
:103E4000B168890701D47F1EF9D2B168C9070AD0C9
:103E5000F1688DF80410B168C90702D0F1688DF8D7
:103E600004109DF804103073104600E000BFB168E4
:103E7000C90701D1401EF9D2B068C00700D0F06870
:103E80003068FF21400603D4306840F040003060C5
:103E9000104600E000BFB3689B0701D4401EF9D272
:103EA000B068C0070AD0F0688DF80400B068C00799
:103EB00002D0F0688DF804009DF8040031731746B5
:103EC00000E000BFB068C00701D17F1EF9D2B06822
:103ED000C00700D0F0689DF80000FCBD0000024063
:103EE00000300140FEB56AA109680291FF218DF8FA
:103EF0000010684900238A6942F480228A61664D75
:103F000006272968490603D4296841F04001296041
:103F1000002142F21076324600E000BFAC68A407F0
:103F200005D4521EF9D202E0EA688DF80420AA688E
:103F3000D207F9D1425C2A733446324600E000BF12
:103F4000D5F808C05FEACC7C01D1521EF7D2AA682E
:103F5000D20734D0EA688DF80420491CB942DADB74
:103F60002DE02868FF22400603D4286840F0400076
:103F70002860204600E000BFA968890701D4401EE0
:103F8000F9D2A868C0070AD0E8688DF80400A868CC
:103F9000C00702D0E8688DF804009DF804002A7379
:103FA000214600E000BFA868C00701D1491EF9D230
:103FB000A868C00701D0E868C0B28DF800009DF87D
:103FC0000000FF2803D118465B1C1028C9D39DF8B8
:103FD0000000FF280BD0286802AE0423400603D45B
:103FE000286840F0400028600020224603E04FF09F
:103FF000FF30FEBD00BFA968890705D4521EF9D263
:1040000002E0EA688DF80420A968C907F9D1315C9B
:104010002973214600E000BFAA68D20701D1491EDA
:10402000F9D2A968C90705D0E9688DF80410401CC9
:104030009842DADB2868FF22400603D4286840F063
:1040400040002860204600E000BFA968890701D42D
:10405000401EF9D2A868C0070AD0E8688DF80400AD
:10406000A868C00702D0E8688DF804009DF8040035
:104070002A7300E000BFA868C00701D1641EF9D20E
:10408000A868C00700D0E8689DF80000FEBD0000E9
:10409000FFFFFFFF0000024000300140FCB5684A0E
:1040A000002414708DF800406748664B816941F424
:1040B00080218161654DFD202968490603D4296866
:1040C00041F04001296042F210773E4600E000BF17
:1040D000A968890701D4761EF9D2A968C9070AD050
:1040E000E9688DF80410A968C90702D0E9688DF85D
:1040F00004109DF804102873394600E000BFA8683A
:10410000C00701D1491EF9D2A868C00700D0E868ED
:104110002868FF21400603D4286840F0400028604A
:104120003E46384600E000BFAF68BF0701D4401EDE
:10413000F9D2A868C0070AD0E8688DF80400A8681A
:10414000C00702D0E8688DF804009DF804002973C8
:10415000304600E000BFA968C90701D1401EF9D26E
:10416000A868C00700D0E86801279DF80000FF2874
:1041700032D05B1E30D35470304600E000BFA968D7
:10418000890701D4401EF9D2A868800701D457706E
:1041900020E0FF202873304600E000BFA968C9076F
:1041A00001D1401EF9D2A868C00708D0287B8DF83D
:1041B000000050780028D8D06FF00100FCBDA8683E
:1041C00001905770400605D5287B8DF804009DF8B6
:1041D0000400A8682046EAE79DF80000FF2802D006
:1041E0004FF0FF30FCBD2868FF21400603D428684B
:1041F00040F040002860304600E000BFAA68920707
:1042000001D4401EF9D2A868C0070AD0E8688DF82A
:104210000000A868C00702D0E8688DF800009DF88B
:104220000000297300E000BFA868C00701D1761E16
:10423000F9D2A868C00700D0E8680020FCBD0000E3
:10424000B8740420803801000000024000300140B2
:104250007CB5C14900250D70FF218DF80010BF49C4
:104260008A6942F480228A61BD4C5923216849063B
:1042700003D4216841F04001216042F210763246B9
:1042800000E000BFA168890701D4521EF9D2A168DD
:10429000C9070AD0E1688DF80410A168C90702D0E7
:1042A000E1688DF804109DF804102373334600E094
:1042B00000BFA168C90701D15B1EF9D2A168C90777
:1042C00000D0E1682168020E490603D4216841F05C
:1042D00040012160314600E000BFA3689B0701D484
:1042E000491EF9D2A168C9070AD0E1688DF8041007
:1042F000A168C90702D0E1688DF804109DF8041088
:104300002273314600E000BFA268D20701D1491EE6
:10431000F9D2A168C90700D0E1682168C0F307425B
:10432000490603D4216841F040012160314600E094
:1043300000BFA3689B0701D4491EF9D2A168C90731
:104340000AD0E1688DF80410A168C90702D0E168BD
:104350008DF804109DF804102273334600E000BF6E
:10436000A168C90701D15B1EF9D2A168C90700D0B5
:10437000E1682268C0F30721520603D4226842F0A4
:1043800040022260324600E000BFA3689B0701D4D0
:10439000521EF9D2A268D2070AD0E2688DF8042032
:1043A000A268D20702D0E2688DF804209DF80420AC
:1043B0002173314600E000BFA268D20701D1491E37
:1043C000F9D2A168C90700D0E1682168C0B24906E6
:1043D00003D4216841F040012160334600E000BF72
:1043E000A168890701D45B1EF9D2A168C9070AD068
:1043F000E1688DF80410A168C90702D0E1688DF862
:1044000004109DF804102073334600E000BFA0683C
:10441000C00701D15B1EF9D2A068C00700D0E068D8
:1044200021680120490603D4216841F04001216040
:10443000314600E000BFA268920701D4491EF9D2BC
:10444000A168C9070AD0E1688DF80410A168C907FE
:1044500002D0E1688DF804109DF8041020733046F6
:1044600000E000BFA168C90701D1401EF9D2A068D1
:10447000C00700D0E068002035E00146401C80B253
:10448000052902D96FF001007CBD2168FF23490690
:1044900003D4216841F040012160314600E000BFB3
:1044A000A268920701D4491EF9D2A168C9070AD0AF
:1044B000E1688DF80410A168C90702D0E1688DF8A1
:1044C00004109DF804102373324600E000BFA16879
:1044D000C90701D1521EF9D2A168C9070DD0E16800
:1044E000C9B28DF800109DF80010FF29C5D09DF8C5
:1044F000000020B14FF0FF307CBD2946F1E7206875
:10450000FF22400603D4206840F04000206030467F
:1045100000E000BFA168890701D4401EF9D2A0685D
:10452000C0070AD0E0688DF80400A068C00702D078
:10453000E0688DF804009DF80400227300E000BFDD
:10454000A068C00701D1761EF9D2A068C00700D0CC
:10455000E0689DF800007CBDB874042000000240B3
:10456000003001402DE9F84304F028FF04F026FF55
:1045700004F024FF00F01F0000272C4A052803D078
:104580001770781EBDE8F883DFF8A490D9F804808E
:1045900028484FF47A71284C006842F21075B0FB3D
:1045A000F1FCFA200CFB00FC012600215770284684
:1045B00000E000BFA3689B0701D4401EF9D2A068A9
:1045C000800701D456701BE0FF202073284600E0CE
:1045D00000BFA368DB0701D1401EF9D2A068C00765
:1045E00003D0207BFF2811D00AE0A068009056700D
:1045F000400605D5207B8DF800009DF80000A068DE
:10460000507830B117706FF00200BBE716700020D1
:10461000B8E7491C4029C9D3D9F80400A0EB080029
:104620006045C2D317706FF00100ABE7B874042087
:10463000001000E0C8740420003001402DE9FC4760
:104640000646FF200C468DF8000009F083FEDFF8D7
:104650000884D8F8180040F48020C8F81800FF4FEC
:1046600058213868400603D4386840F0400038606C
:1046700042F21073184600E000BFBA68920701D4F6
:10468000401EF9D2B868C0070AD0F8688DF8040057
:10469000B868C00702D0F8688DF804009DF80400DF
:1046A0003973194600E000BFB868C00701D1491E40
:1046B000F9D2B868C00700D0F8683968300E4906EA
:1046C00003D4396841F0400139601A4600E000BF68
:1046D000B968890701D4521EF9D2B968C9070AD04E
:1046E000F9688DF80410B968C90702D0F9688DF827
:1046F00004109DF8041038731D4600E000BFB86830
:10470000C00701D16D1EF9D2B868C00700D0F868A3
:104710003968C6F30740490603D4396841F04001BF
:1047200039601A4600E000BFB968890701D4521EFB
:10473000F9D2B968C9070AD0F9688DF80410B968C8
:10474000C90702D0F9688DF804109DF80410387379
:104750001A46184600E000BFB968C90701D1401EDB
:10476000F9D2B868C00700D0F8683868C6F30721E6
:10477000400603D4386840F040003860104600E03E
:1047800000BFBB689B0701D4401EF9D2B868C007C0
:104790000AD0F8688DF80400B868C00702D0F8683D
:1047A0008DF804009DF804003973114600E000BF45
:1047B000B868C00701D1491EF9D2B868C00700D057
:1047C000F8683968F0B2490603D4396841F040010D
:1047D0003960154600E000BFB968890701D46D1E35
:1047E000F9D2B968C9070AD0F9688DF80410B96818
:1047F000C90702D0F9688DF804109DF804103873C9
:10480000114600E000BFB868C00701D1491EF9D2C7
:10481000B868C00700D0F86838680121400603D4A2
:10482000386840F040003860104600E000BFBB68C8
:104830009B0701D4401EF9D2B868C0070AD0F868B7
:104840008DF80400B868C00702D0F8688DF804003D
:104850009DF804003973104600E000BFB968C9072D
:1048600001D1401EF9D2B868C00700D0F8681546DB
:10487000134600262FE038684FF0FF0C400603D4A3
:10488000386840F040003860284600E000BFBA6851
:10489000920701D4401EF9D2B868C0070AD0F86860
:1048A0008DF80400B868C00702D0F8688DF80400DD
:1048B0009DF8040087F80CC0284600E000BFB968E6
:1048C000C90701D1401EF9D2B868C00708D0F868FE
:1048D000C0B28DF800009DF80000FF2802D003E070
:1048E0003046F6E75B1EC6D29DF80000FF2806D0D2
:1048F0009DF800004FF0FF39002870D105E009F065
:1049000029FD6FF00100BDE8FC873868FF214006F3
:1049100003D4386840F0400038602A46284600E05A
:1049200000BFBB689B0701D4401EF9D2B868C0071E
:104930000AD0F8688DF80400B868C00702D0F8689B
:104940008DF804009DF804003973154600E000BF9F
:10495000B868C00701D16D1EF9D2B868C00700D091
:10496000F868D8F8180040F48020C8F818003968B2
:10497000FE20490603D4396841F0400139601146F0
:1049800000E000BFBB689B0701D4491EF9D2B9689B
:10499000C9070AD0F9688DF80410B968C90702D0B0
:1049A000F9688DF804109DF8041038731546104608
:1049B00000E000BFB968C90701D1401EF9D2B8684C
:1049C000C00700D0F86838684FF4007C400603D474
:1049D000386840F04000386000202A4601E0B0E02E
:1049E00000BFB968890705D4521EF9D202E0F96800
:1049F0008DF80410B968C907F9D1215C39732946CB
:104A000000E000BFBA68D20701D1491EF9D2B968E7
:104A1000C90705D0F9688DF80410401C6045DCDB3F
:104A20003868FF21400603D4386840F04000386001
:104A3000284600E000BFBA68920701D4401EF9D2B0
:104A4000B868C00710D0F8688DF80400B868C007CF
:104A500008D0F86804E00000000002400030014087
:104A60008DF804009DF8040039732946284600E0BB
:104A700000BFBA68D20701D1401EF9D2B868C0079A
:104A800000D0F8683A68FF20520603D43A6842F032
:104A900040023A600D4600E000BFBA68920701D4B8
:104AA0006D1EF9D2BA68D2070AD0FA688DF80420D0
:104AB000BA68D20702D0FA688DF804209DF8042065
:104AC0003873084600E000BFBA68D20701D1401E23
:104AD000F9D2B868C00700D0F8683868FF224006ED
:104AE00003D4386840F040003860084600E000BF5A
:104AF000BB689B0701D4401EF9D2B868C0070AD032
:104B0000F8688DF80400B868C00702D0F8688DF81E
:104B100004009DF804003A73084600E000BFBA683C
:104B2000D20701D1401EF9D2B868C0070DD0F8688D
:104B3000C0B28DF800009DF8000000F01F000528AD
:104B400005D009F007FC4846DDE63046F1E78DF870
:104B50000060224A2DE03868FF23400603D43868FD
:104B600040F0400038600D4600E000BFB8688007A4
:104B700001D46D1EF9D2B868C0070AD0F8688DF864
:104B80000400B868C00702D0F8688DF804009DF8EA
:104B900004003B73084600E000BFBB68DB0701D19F
:104BA000401EF9D2B868C00707D0F868C0B28DF8C7
:104BB00000009DF8000010B103E03046F7E7521EF8
:104BC000C9D29DF8000018B109F0C4FB00209AE694
:104BD00009F0C0FB6FF0020095E60000803801008C
:104BE0002DE9FC430346F748002789460770DFF8A4
:104BF000D8C3DCF80000F54CC1074FF0FF386FF068
:104C0000010042F2107626D0F14A314600E000BFA2
:104C1000A568AD0701D4491EF9D2616821F00201EF
:104C20006160DCF8001021F00101CCF8001000E018
:104C300000BFDCF80010C90701D0521EF8D2DCF822
:104C40000010C90773D1216821F04001216021685B
:104C500041F040012160FF218DF80010DFF874C39E
:104C6000DCF8181041F48021CCF818102268582183
:104C7000520603D4226842F040022260324600E02D
:104C800000BFA568AD0701D4521EF9D2A268D207B1
:104C90000AD0E2688DF80420A268D20702D0E26848
:104CA0008DF804209DF804202173314600E000BFF8
:104CB000A268D20701D1491EF9D2A168C90700D064
:104CC000E1682268190E520603D4226842F04002BD
:104CD0002260324600E000BFA568AD0701D4521E35
:104CE000F9D2A268D2070AD0E2688DF80420A2683F
:104CF000D20702D0E2688DF804209DF804202173C9
:104D0000314600E000BFA268D20701D1491EF9D2A6
:104D1000A168C90700D0E1682268C3F307415206C1
:104D200003D4226842F040022260324601E0DFE014
:104D300000BFA568AD0701D4521EF9D2A268D20700
:104D40000AD0E2688DF80420A268D20702D0E26897
:104D50008DF804209DF804202173314600E000BF47
:104D6000A268D20701D1491EF9D2A168C90700D0B3
:104D7000E1682268C3F30721520603D4226842F097
:104D800040022260324600E000BFA568AD0701D4B2
:104D9000521EF9D2A268D2070AD0E2688DF8042028
:104DA000A268D20702D0E2688DF804209DF80420A2
:104DB0002173314600E000BFA268D20701D1491E2D
:104DC000F9D2A168C90700D0E1682268D9B25206B9
:104DD00003D4226842F040022260324600E000BF65
:104DE000A3689B0701D4521EF9D2A268D2070AD049
:104DF000E2688DF80420A268D20702D0E2688DF83C
:104E000004209DF804202173314600E000BFA26811
:104E1000D20701D1491EF9D2A168C90700D0E168C3
:104E200021680122490603D4216841F04001216034
:104E3000314600E000BFA3689B0701D4491EF9D2A8
:104E4000A168C9070AD0E1688DF80410A168C907F4
:104E500002D0E1688DF804109DF8041022733146E9
:104E600000E000BFA268D20701D1491EF9D2A168B3
:104E7000C90700D0E168002232E01146521C92B20C
:104E8000052935D82168FF25490603D4216841F05A
:104E900040012160314600E000BFA3689B0701D4B8
:104EA000491EF9D2A168C9070AD0E1688DF804103B
:104EB000A168C90702D0E1688DF804109DF80410BC
:104EC0002573314600E000BFA368DB0701D1491E0E
:104ED000F9D2A168C9070DD0E168C9B28DF80010F8
:104EE0009DF80010FF29C8D09DF8000020B1404671
:104EF000BDE8FC833946F1E72068FF21400603D472
:104F0000206840F040002060304600E000BFA2680A
:104F1000920701D4401EF9D2A068C0070AD0E06809
:104F20008DF80000A068C00702D0E0688DF800008E
:104F30009DF800002173304600E000BFA168C9075A
:104F400001D1401EF9D2A068C00700D0E068DCF8AB
:104F5000180040F48020CCF818002068FE2140069C
:104F600003D4206840F040002060304600E000BFDD
:104F7000A268920701D4401EF9D2A068C0070AD0E7
:104F8000E0688DF80000A068C00702D0E0688DF8E6
:104F900000009DF80000217300E000BFA068C0077A
:104FA00001D1761EF9D2A068C00700D0E0684FF4A6
:104FB00000714846FDF7F8FB002899D06FF0020019
:104FC00096E70000B87404205864024000300140A5
:104FD000A0860100000002402DE9F847DFF85CC11F
:104FE00082468946DCF80000554CC107554D4FF00C
:104FF000FF386FF001004FF0000742F2107629D021
:10500000514A314600E000BFAB689B0701D4491EFE
:10501000F9D2696821F002016960DCF8001021F022
:105020000101CCF8001000E000BFDCF80010C90757
:1050300001D0521EF8D2DCF80010C90702D0277048
:10504000BDE8F887296821F040012960296841F00E
:10505000400129603D498A6942F480228A612178B1
:1050600049BB00214FF0010C6770324600E000BFE1
:10507000AB689B0701D4521EF9D2AA68920702D4EA
:1050800084F801C00FE0FF222A73324600E000BF1F
:10509000AB68DB0701D1521EF9D2AA68D20714D03F
:1050A0002A7BFF2A07D06278002AC8D1032919D0A9
:1050B000491C0429D8D32868FC22400603D4286858
:1050C00040F040002860304610E0AA68009284F862
:1050D00001C05206E7D52A7B8DF800209DF80020FC
:1050E000AA68E0E727704046AAE700BFA9688907D9
:1050F00001D4401EF9D2A868C0070AD0E8688DF82C
:105100000000A868C00702D0E8688DF800009DF88C
:1051100000002A7300E000BFA868C00701D1761E16
:10512000F9D2A868C00700D0E86849465046FDF7A4
:105130003BFB002884D06FF0020081E758640240F6
:10514000B874042000300140A08601000000024035
:105150002DE9F05F04460BA80D4690E8400C20684E
:105160000A9F98464168914621F0010141602868F4
:10517000416821F001014160E06C00F009FDE86C3C
:1051800000F006FDF06A00F003FD204600F0D8FCB8
:10519000284600F0D5FCE16C0968C1F80C80E16C90
:1051A00008EB570009680861E06C0068016841F489
:1051B00080210160E06C0068016821F40021016039
:1051C000E16C206809680C308860E16CB8088046A2
:1051D000096848602068016821F04001016020688A
:1051E000416841F0010141602068016841F04001DF
:1051F0000160E06C0068016841F0010101603F4915
:1052000008680006FCD43E4A906940F40020906192
:10521000002000BF401C3228FBDB38484FF44E43CF
:10522000001D036008680006FCD4002000BF401C7D
:105230003228FBDB906940F008009061002000BF3D
:10524000401C3228FBDB08680006FCD4284600F02E
:1052500077FCE96C0968C1F80C90E96C09EB570020
:1052600009680861E86C0068016841F48021016008
:10527000E86C0068016821F400210160E96C28688D
:1052800009680C308860E96C0968C1F804802868F6
:10529000016821F0400101602868416841F0010186
:1052A00041602868016841F040010160E86C0068D5
:1052B000016841F001010160F16A0968C1F80CA0C0
:1052C000F16A206809680C308860F16A4FEA5B0077
:1052D00009684860F06A0068016821F01001016007
:1052E0003068C16841F40061C160F06A006801681B
:1052F00041F001010160BDE8F09F00000838004066
:10530000000002400021CA1CD206D20C20F8112055
:10531000491C2029F7DB70472DE9F04F04462DED9D
:105320000A8B95B04FF00008D0F89C92D0F8A0728C
:10533000D0F8B0020890B4F8B40207900A2004F53F
:105340001E74CDF800800E90FBF75CF89FEDFE0A0E
:105350000F9004ED7C0AA069A4F51E7480077DD42B
:1053600000259FEDFA9BF3EE04AA9FEDFA8BFB4E0E
:105370009FEDFBAA680009F09CFB53EC192B09F088
:1053800045FC09F0BBF800EE900A80EEAA0A10EE88
:10539000100A09F035FF41EC100B07F09DFA53ECB1
:1053A000182B51EC100B09F031FC53EC182B09F0C1
:1053B000D7F809F0A3F800EE100A10EE100AB04278
:1053C00001DD9FEDE80AB5EEC00AF1EE10FA01D258
:1053D000B0EE4A0AE449BCEEC00A10EE100A485585
:1053E0006D1C142DC6DBB4F8860008211822012894
:1053F000207844F6206538D0B5FBF0F0CDE9000206
:105400004FF0FF3602910496CDE90564DDE90732DD
:105410003946484600F0D2FB3946484600F000FEC7
:1054200049200090DDE907210523484600F076FF7A
:10543000D4F8900240F00400C4F890024FF0010A42
:105440000798CDE9090A0221CDE90B81CDF8348016
:1054500009A90898F9F71CF8002600E097E29EB128
:10546000012E13D0022E14D112E04FF0FF36029617
:10547000CDE90364B5FBF0F3CDE90021DDE90721B7
:10548000484600F0C3FCCBE7412002E0492000E0A1
:1054900059200090DDE907210523484600F03EFF32
:1054A000B24B1868191F109008680690AF482C3846
:1054B00000680590AD4828380068AC4D0490203D48
:1054C00028680390002008600F9944F62062B1FB21
:1054D000F2F1491E19602860A44A0121183A1160AE
:1054E000111F0860A149083908600546F0E1DFF89E
:1054F00078A20020AAF1500A0AEB8001401C81ED3D
:1055000000AA1428F8DB05F03F000090DDE9072130
:105510000723484600F002FF944900201C39086028
:1055200092482C38016841F001010160002201E13C
:105530008F4908680006FCD48E4B986940F400201F
:105540009861002000BF401C3228FBDB86480078B1
:1055500040F4064C8648001DC0F800C008680006EC
:10556000FCD4002000BF401C3228FBDB986940F0CF
:1055700008009861002000BF401C3228FBDBD9F8EE
:105580000000C068ADF800003868C068ADF80000E1
:1055900008680006FCD4986940F400209861002057
:1055A00000BF401C3228FBDBDFF8C4C1E806C00C9A
:1055B0000CF1040C1190CCF8000008688B46000632
:1055C000FBD4002000BF401C3228FBDB99699E46BB
:1055D00041F008019961002000BF401C3228FBDB2C
:1055E00065480068C007FBD0D9F80000C068ADF876
:1055F00000003868C068ADF8000000205B491C3925
:105600000B68DB07FAD000230B605B4619680906BC
:10561000FCD4DEF818C04CF4002CCEF818C00021E1
:1056200000BF491C3229FBDB411C4FF0140C91FBDD
:10563000FCF80CFB181C4C49DFF8348111F80C10F5
:1056400008F1040841F4064CC8F800C019680906BE
:10565000FCD4002100BF491C3229FBDBDEF8181006
:10566000F44641F00801CEF81810002100BF491C93
:105670003229FBDBD9F80010C968ADF84C10396845
:10568000C968ADF84C1019680906FCD46146DCF80D
:1056900018C04CF4002CC1F818C0002100BF491CF0
:1056A0003229FBDB1199C8F8001019680906FCD4EF
:1056B000002100BF491C3229FBDBDEF8183043F023
:1056C0000803CEF81830002100BF491C3229FBDB4B
:1056D00029490B68DB07FCD0D9F80010C968ADF880
:1056E00000103968C968ADF848101F2D0EDDBDF8EF
:1056F00000104FF6FF7303EA4101ADF800100AEB0A
:105700008001BDF80030D1ED000A05E00AEB800110
:10571000BDF84830D1ED000A1BB200EE103A401C33
:105720001428B8EEC00A30EE800A81ED000AFFF6B8
:1057300065AF521C0E988242FFF6FAAEDAF800000E
:10574000D34680461AE0000000007A4344174154D3
:10575000FB210940000000000000604000007F4382
:105760000000000000007F43385C04202C0C004047
:1057700008380040000002400834014009F040FDB4
:1057800041EC190B404609F03BFD41EC180B0020A1
:1057900021E00BEB880ADAF8000009F031FD53EC48
:1057A000192B09F031FB05D2DAF8000009F028FDC9
:1057B00041EC190BDAF8000009F022FD53EC182B2C
:1057C00009F0E8F905D2DAF8000009F019FD41EC1A
:1057D000180B08F101000E9980468842D9DB084673
:1057E00009F067F98B4680464BEC1B0B694800EBD0
:1057F000860ADAF8000009F003FD41EC1C0B53ECBB
:10580000182B51EC190B09F00DFC53EC1C2B08F074
:105810005BFF9FED619B53EC192B09F0F7F99FEDAE
:1058200060CB53EC1C2B09F0F1F953EC1B2B08F067
:105830004BFF08F063FE009001AB02AA14215A4806
:1058400006F0F6FCDAED000A9DED021A4BEC188B1F
:1058500081EE200A10EE100A09F0D2FC53EC192B4D
:1058600009F0D4F953EC1C2B09F0D0F953EC182BA8
:1058700008F02AFF08F042FE00EE100A8DED020A41
:1058800026B1012E05D0022E0BD01BE004EB8500C3
:1058900010E004EB8500454AD0ED440A10EE901A62
:1058A00006E004EB8500424AD0ED440A10EE901A5F
:1058B000914207DA80ED440A04EB4501BDF804008B
:1058C000A1F810023B48016821F0010101606D1C44
:1058D0002078A8423FF70BAE364910982C3108606B
:1058E000091F06980860334905980860091D049847
:1058F0000860304903980C310860761C032EFFF6CF
:10590000ACAD002108460EE004EB8002D4ED220A83
:1059100092ED440AB4EEE00AF1EE10FA00D2491C0E
:10592000C4F88C10401C22788242EDDCB4F886006A
:1059300001281CD04FF0FF31CDE904110694A28854
:10594000E18860888DE80700DDE90732394648467E
:1059500000F034F9D4F8900220F00400C4F890026A
:105960000020009015B0BDEC0A8BBDE8F08F4FF021
:10597000FF31CDE902110494A188E088CDE900014E
:105980006388DDE90721484600F040FAE2E74FF07E
:10599000FF30E6E7200C1608E72AAB23262C8A3EC8
:1059A000FCA9F1D24D62503FE85B042000007A442C
:1059B0000000C842000C004030B50446414887B0A2
:1059C000142145696846EBF763F8002C77D0002D69
:1059D00075D02868002872D0D4F89C0270B1006895
:1059E00060B1416821F003014160D4F89C02C06CB1
:1059F00000F0CEF8D4F89C0200F0A2F8D4F8A0028F
:105A000070B1006860B1416821F003014160D4F8D1
:105A1000A002C06C00F0BCF8D4F8A00200F090F82E
:105A2000E86A00F0B5F82868C16821F40061C16037
:105A30002868016821F00101016029680020C86020
:105A400029680861296848621F490A6842F008020B
:105A50000A60096801F0080105911C490860091DE8
:105A60000860091D0860091D0860184918310860A0
:105A7000091D0860091D0860144928310860134A8F
:105A8000411E2C3211601149243108600F4A012156
:105A900014321160121F1060B4F8B4220092CDE9E4
:105AA000011002200390D4F8B002694604F52C746A
:105AB000F8F7EEFCA18801222068F8F7D6FD07B0C0
:105AC00030BD000088DF042040380240000C004058
:105AD0002DE9F843804616460F464FF4AA40ADF82C
:105AE0000000002231463846F8F7BFFD0120F8F7E4
:105AF00027FC4FF47A752B46022269464046FBF795
:105B0000EFFB0020ADF80000012231463846F8F7DF
:105B1000ACFD0024002231463846F8F7A6FD2B469E
:105B2000022269464046FBF7DBFB0122314638463C
:105B3000F8F79BFD641CE4B2092CEBD3BDE8F883B5
:105B400008B5002805D00068002802D0C168806828
:105B5000009008BD002806D00168002903D000226B
:105B60000A6100684262704700B585B00820009065
:105B700002200021CDE90101039001200490694633
:105B80000248F8F785FC05B000BD000000000240A7
:105B9000094900280ED00268002A0BD0136823F0B0
:105BA00001031360006800E000BF0268D20701D063
:105BB000491EF9D270470000A08601002DE9FF4F71
:105BC0008DB00027DDE91F84DDE91B96DDF868A0B4
:105BD0000F98C4F8B002A4F8B4320D98C4E9A70134
:105BE0000120CDE908070220CDE90A070D469B46B2
:105BF000079307A90F98F8F74BFC0D9801F035FCB7
:105C00004FF48060C5E901704000C5E90307012039
:105C100068614002C5E906072F620A206F62C5E984
:105C20000A702846FBF706F920B92868016841F098
:105C30004001016000252B465A460F990D9800F04F
:105C400047FA04EB450108816D1CEDB2402DF2D3FB
:105C5000204608F019FC20B14FF0FF3011B0BDE82C
:105C6000F08FB4F884002070A4F802A000EE10AA0F
:105C70000025B8EE400A10EE100A09F0C1FA9FEDB7
:105C80005C1B53EC112B08F0C1FF9FED5B1B53EC29
:105C9000112B08F019FD08F0AFFE0246584900200C
:105CA00051F82030934200D20546401C0928F7DB0A
:105CB000DE208DF80400524853492430504A10F831
:105CC00025008DF805004E48483010F825008DF865
:105CD000060002208DF8070040208DF80800494892
:105CE0008DF8097010F826008DF80C0045484430F6
:105CF00010F826008DF80D004248883010F8260074
:105D00008DF80E003F48CC3010F826008DF80F00BB
:105D100011F8290064318DF81000643A11F8291047
:105D200012F8290041EA80108DF81100A4F80690BD
:105D3000A680B4F886601E994FEA18600B0A43EA01
:105D40000863DDB20B0CCAB2090E43EA084341EA0C
:105D50000821DBB2C9B2012E02D0042E25D110E0F9
:105D60008DF814308DF815108DF812208DF81670FE
:105D70008DF818708DF813508DF817708DF8197014
:105D800013E08DF814308DF815108DF816804FEA59
:105D900018218DF817104FEA18418DF812208DF850
:105DA00018108DF813508DF819001620009001ABD3
:105DB0005A460F990D9800F099FA00252B465A463D
:105DC0000F990D9800F084F904EB450108816D1CD2
:105DD000EDB2402DF2D35A460F990D98FFF778FE99
:105DE000D4F8900240F00100C4F89002002035E79A
:105DF00000000000000040400000000000408F4014
:105E0000B40B160878091608880A16082DE9FF4F02
:105E10008DB04FF0000BDDE91D54DDE91A860E98B8
:105E2000C4F8B002A4F8B4220D98C4F8A0B2C4F823
:105E30009C020121CDE9081B0221CDE90A1B9946EC
:105E40009246079207A90E98F8F722FB0D9801F0E9
:105E50000CFB0027DDE90D013B46524600F038F906
:105E600004EB470108817F1CFFB2402FF2D320468C
:105E700008F00AFB20B14FF0FF3011B0BDE8F08F01
:105E8000B4F884002070A4F802909FED5F0A00EE41
:105E9000909A0027F8EE600A20EE800A10EE100AB1
:105EA00009F0AEF99FED591B53EC112B08F00CFCD7
:105EB00008F0A2FD02465749002051F820309342D5
:105EC00000D20746401C0928F7DBDE208DF80400CD
:105ED0005048524924304F4A10F827008DF80500E9
:105EE0004C48DC46483010F827008DF806000220A8
:105EF0008DF8070040208DF8080047488DF809B05C
:105F000010F826008DF80C004348443010F82600A5
:105F10008DF80D004048883010F826008DF80E00EE
:105F20003D48CC3010F826008DF80F0011F82800FD
:105F300064318DF81000643A11F8281012F8280026
:105F400041EA80108DF81100A4F80680A680B4F80C
:105F500086601C98070C020AC3B247EA0547000E88
:105F6000F9B242EA056240EA05202F0ED2B2C0B271
:105F7000012E02D0042E23D110E08DF814108DF8DC
:105F800015008DF812308DF816C08DF818C08DF8F8
:105F900013208DF817C08DF819C011E08DF814107A
:105FA0008DF815008DF81650280A8DF81700280C6A
:105FB0008DF812308DF818008DF813208DF81970B7
:105FC00016200090DDE90D0101AB524600F08EF97C
:105FD0000025DDE90D012B46524600F079F804EB6F
:105FE000450108816D1CEDB2402DF2D3DDE90D01B4
:105FF0005246FFF76DFDD4F8900240F00100C4F85E
:106000009002002039E7000000000042000000007C
:1060100000408F40B40B160878091608880A160845
:10602000F8B50C4605004DD0002C4BD02868002850
:1060300048D02068002845D02846FFF781FD20463B
:10604000FFF77EFD204B214E002118680006FCD48E
:10605000B06940F40020B061002000BF401C32282D
:10606000FBDB194A0020121D106018680006FCD4E2
:10607000002200BF521C322AFBDBB06940F008004E
:10608000B061002200BF521C322AFBDB2868826804
:10609000D207FCD0C068ADF8000020688268D20743
:1060A000FCD0C068ADF80000BDF80000491CC9B2C2
:1060B0000329CAD32846FFF743FD2046BDE8F84030
:1060C000FFF73EBDF8BD0000083800400000024068
:1060D00070B543F0C000364B010218680006FCD4CE
:1060E000344A906940F400209061002000BF401CB9
:1060F0003228FBDB2E4C241D216018680006FCD4DE
:10610000002000BF401C3228FBDB906940F00800F3
:106110009061002000BF401C3228FBDB186800069D
:10612000FCD4906940F400209061002000BF401C26
:106130003228FBDB216018680006FCD4002000BF79
:10614000401C3228FBDB906940F008009061002081
:1061500000BF401C3228FBDB174D2868C007FCD06D
:10616000154E361D306818680006FCD4906940F45E
:1061700000209061002000BF401C3228FBDB216022
:1061800018680006FCD4002000BF401C3228FBDB4E
:10619000906940F008009061002000BF401C322848
:1061A000FBDB2868C007FCD03068C0B270BD0000BF
:1061B00008380040000002400834014070B5154620
:1061C00004001AD0CDB12068B8B12868A8B121B1B7
:1061D000086810B10846FFF7BDFC29680020486236
:1061E0002846FFF7B7FC2046FFF7B4FC2846FBF72C
:1061F00095FB28B16FF0010070BD4FF0FF3070BD0E
:10620000FFF7B2FC01220C21206804F091F8012272
:106210000021206804F08CF82068416C41F40041B2
:1062200041642068816801F007010629016811D0E6
:1062300041F00101016021688868096800F00702E7
:106240006FF00200062A4FEAC17106D00029D6D0AD
:10625000002070BD21F00101ECE70029F8D070BDED
:1062600070B515460E46040029D0206838B3204684
:10627000FBF7A7FB2068016821F001010160002203
:106280000C21206804F054F800220821206804F052
:106290004FF800221146206804F04AF82068016A8D
:1062A00041F21112114207D1016A9210114203D139
:1062B000416C21F4004141642046FFF74BFC3EB1A4
:1062C000306828B13046FBF769FB3046FFF742FCE7
:1062D000002D0AD02868002807D02846FBF771FB5C
:1062E0002846BDE87040FFF735BC70BD2DE9F84386
:1062F0001D461746884681460024089E09E0285D11
:10630000009023463A464146484600F007F8641C90
:10631000E4B2B442F3D30020BDE8F88370B503F0D3
:10632000BF00049940F08000364B41EA0021186814
:106330000006FCD4344A906940F4002090610020AB
:1063400000BF401C3228FBDB2E4C241D2160186846
:106350000006FCD4002000BF401C3228FBDB906903
:1063600040F008009061002000BF401C3228FBDB99
:1063700018680006FCD4906940F400209061002069
:1063800000BF401C3228FBDB216018680006FCD4EB
:10639000002000BF401C3228FBDB906940F0080061
:1063A0009061002000BF401C3228FBDB174D28689D
:1063B000C007FCD0154E361D306818680006FCD4A6
:1063C000906940F400209061002000BF401C3228FA
:1063D000FBDB216018680006FCD4002000BF401CD5
:1063E0003228FBDB906940F008009061002000BF7C
:1063F000401C3228FBDB2868C007FCD03068C0B2E4
:1064000070BD000008380040000002400834014020
:1064100070B50446F3F75CF90C4D286840F0004075
:1064200028600520F7F78CFF286840F0804028603E
:1064300004F54054B4F8B00240F00800A4F8B002EB
:10644000BDE870400520F7F77BBF00001808024048
:1064500070B505460A48016841F48041016005F5C0
:106460004054B4F8B00220F00800A4F8B0020520AF
:10647000F7F766FF2846BDE87040F3F73DB8000027
:106480001808024030B5074D00228B5C002B08D065
:106490006B6003681C68E4432406FBD4521CD2B230
:1064A000F3E730BD0010014070B500F54054B4F87A
:1064B000B00240F40060A4F8B002F8F7DBF805463B
:1064C00004E0F8F7D7F8401BC8280CD8D4F88C079C
:1064D0000028F6D1F8F7CEF8054612E0F8F7CAF82A
:1064E000401BC8280DD9B4F8B00240F02000A4F831
:1064F000B002B4F8B00220F40060A4F8B0020120A9
:1065000070BDD4F8F00B0028E8D0B4F8B00220F445
:106510004060A4F8B002002070BD00000148F8F708
:1065200033B9000060A200200148F8F78AB90000E2
:1065300060A2002038B5806B002290F83D302A49D7
:106540000C6846F2A811B4FBF1F1C1EBC10101EBFB
:106550008101009139B1491E0091016809688905DE
:1065600005D50099F6E7016C41F020010164416B0B
:1065700001B1CA63816B01B1CA6301680C6824F47C
:1065800080640C604285416B01B10A65816B01B189
:106590000A6501680C6824F001040C6090F83D4025
:1065A0002021602C0AD0282434EA03030ED080F87E
:1065B0003D1080F83E20F8F75DFA38BD80F83D10B8
:1065C00080F83E200264F8F799F838BD01680B683E
:1065D00043F001030B6001680B6843F480630B60B8
:1065E000026380F83D40E6E7C874042070B5846B10
:1065F00001460025606B00B1C563A06B00B1C563A7
:106600000846F7F725FD022811D02068016821F41B
:10661000806101606585202084F83D0084F83E504B
:10662000206C40F0100020642046F8F723FA70BD7B
:106630002DE9F041846B94F83D1094F83E50E06AE7
:106640002268536823F440735360626B002302B1E5
:10665000D363A26B02B1D363212232EA01074FF068
:1066600022060CD036EA010701D1202D07D094F87C
:106670003E10002921D0618D012920D024E020681E
:10668000456825F40065456063852820292902D0E6
:106690002A2907D00CE0226384F83D002046F8F751
:1066A000E8FD05E0266384F83D002046F8F7E0FDAC
:1066B0002068416841F440714160BDE8F081216883
:1066C0000A6822F480620A6021684A6822F44072F3
:1066D0004A6010F5803F06D0082804D0B0F12A4F58
:1066E00001D0202804D121680A6842F400720A60AF
:1066F00021684A6822F480524A6021684A6822F47C
:1067000000624A606385216C19B12046F8F7B2F93E
:10671000D3E7202184F83D1094F83E1084F83E30F1
:10672000402909D008280CD020280AD01220206344
:106730002046F8F774FAC0E723632046F8F772FAA8
:10674000BBE72363F4E700684169C943090601D444
:1067500000210161704700002DE9F041044690F8E6
:106760003D0094F83E10102901D0402906D122287E
:1067700004D121680A6822F400620A60282131EA03
:1067800000024FF000054FF0200619D0216849683B
:10679000090505D4602803D084F83D6084F83E5094
:1067A000256320684168090534D5416821F40061FA
:1067B0004160676B47B197F83500012806D103E0C7
:1067C000256384F83D10ECE7A76BF7B136483865D0
:1067D0003846F7F7FAFB70B3A06BB8420AD12068CD
:1067E0004169C943490605D40069616A0870606A55
:1067F000401C60622068016821F00101016084F89A
:106800003D60396D3846884715E084F83D6084F86E
:106810003E500DE094F83D10602910D04169C94305
:10682000490605D40069616A0870606A401C6062AC
:106830002046F8F71FF9206CC1071CD115E084F839
:106840003D6025644169C943490605D40069616A10
:106850000870606A401C60622068016821F00101D4
:1068600001602046F7F74AFFE5E7810703D44107B7
:1068700001D4000704D52068416821F4E06141603B
:1068800094F83D00216C49070BD5282809D1074809
:10689000E062256384F83D6084F83E502046F8F7B6
:1068A000BDF9BDE8F0810000356515080000FFFF67
:1068B00001684A69D24352050FD46FF480624A617D
:1068C000002140F8301F202242738173026942F098
:1068D000040202610173012070470020704710B567
:1068E000C26A438D0168042B06D0438D032B08D068
:1068F000438D022B1DD012E04A6822F480624A6068
:106900000CE04B6823F480634B60042A06D0022A13
:1069100004D001680A6822F480620A60016809698B
:10692000426A1170416A491C4162418D491E41858C
:1069300010BD012A34D0102A32D0042A34D0022AC1
:1069400032D00B6843F400730B6001680969436A35
:106950001970416A491C4162438D5B1E438503687F
:106960001B690B70416A491C4162418D491E41857A
:1069700001684B6823F440734B60202180F83D1080
:1069800090F83E300021402B80F83E1010D0082AAD
:1069900002D0202A00D012210163F8F740F910BD7F
:1069A0000B6823F48063CFE70B6843F48063CBE785
:1069B0000163F8F737F910BD38B590F83D1022297A
:1069C00010D1C36A418D03290DD901680969426A52
:1069D0001170416A491C4162418D491E4185418DBA
:1069E000032906D038BDC26A022A02D0012906D086
:1069F00029B10068416821F48061416038BD2B49AC
:106A000046F2A812002409682025B1FBF2F101EB3F
:106A1000810100910168009A521E009226D00A68F6
:106A20009205F8D40A6822F480620A6001684A6814
:106A300022F4E0624A6001680969426A1170416AA1
:106A4000491C4162418D491E418580F83D5090F8B6
:106A50003E1080F83E40402921D0082B23D0202B27
:106A600021D012210163F8F7DAF838BD026C42F048
:106A7000200202644A6822F4E0624A6001680969FF
:106A8000426A1170416A491C4162418D491E41852B
:106A900080F83D5080F83E40F7F7ECFF38BD0463C6
:106AA000F8F7C0F838BD0463DDE70000C8740420BF
:106AB00010B5C16A90F83D20212A0BD1428D52B108
:106AC000416A026809781161416A491C4162418D3D
:106AD000491E418510BD20230022082912D02029FB
:106AE00010D011F5803F0DD001684C6824F4E064AB
:106AF0004C601121016380F83E2080F83D30F8F7AA
:106B00008FF810BD01684C6824F4E0644C600168A3
:106B10000C6844F400740C60026380F83D3090F817
:106B20003E1080F83E204029E9D1F8F799F810BDD1
:106B300010B590F83D2090F83E30C16A048DB4B194
:106B4000212A03D0402B11D1222A0FD1418DE9B344
:106B500090F83E10402940D0416A026809781161DE
:106B6000416A491C4162418D491E418510BD212A5F
:106B7000E8D120230022082912D0202910D011F5B5
:106B8000803F0DD001684C6824F4E0644C60112112
:106B9000016380F83E2080F83D30F8F741F810BDE1
:106BA00001684C6824F4E0644C6001680C6844F4AB
:106BB00000740C60026380F83D3090F83E1080F85D
:106BC0003E204029E9D1F8F74BF810BDFFE70068F7
:106BD000416821F480614160F7E7BDE8104000F0B2
:106BE000D2B8000078B590F83E40C26A056B90F8C4
:106BF0003D6000230168222E7AD1066D0EB9402C2B
:106C000076D0046D1CB90469B4F5404F09D0448DA9
:106C100004B3468D384C012E0ED0458D022D3AD04E
:106C20005DE04A698A6900920A6842F480720A60EB
:106C3000016D491C016578BDA24213D10A6822F496
:106C400080620A6001684A68120503D50A6822F466
:106C5000806216E04A698A6900920A6842F400720A
:106C60000A6039E0082A10D0202A0ED0122D0AD04E
:106C7000042A03D0022A01D0102AE7D10A6842F47C
:106C800080620A6024E0012AE0D00A6822F480626F
:106C90000A600168DEE7042A21D0022A1FD0102AE8
:106CA0001DD00D6825F480650D6001680D6845F400
:106CB00000650D6001684D682D0509D5A24212D00E
:106CC000012A10D0082A0ED0102A0CD0202A0AD06F
:106CD00001684A6989690091036578BD08E00D681B
:106CE00045F48065E5E74A6842F480524A60EFE780
:106CF000486988690090F0E70000FFFF90F83E10B7
:106D000040290FD00169B1F5804F18D0016DA1B3B2
:106D1000016D01290FD1416CF12201F4407142EA69
:106D2000D11106E0016D0029416C05D0C9B241F0D6
:106D3000010100680161704701F0FE01F9E790F878
:106D40003D102129416C09D0C9B241F0010102680E
:106D50001161416B29B1C96B49B902E001F0FE0133
:106D6000F5E7816B0029E6D0C96B0029E3D0006804
:106D7000416841F4006141607047FFE7416CF022D7
:106D800001F44071CBE710B590F83D10026D4AB1A7
:106D9000026D012A14D0026D022A16D0BDE81040FF
:106DA000FFF7D1BCC16C0129816C02D0C1F307216E
:106DB00008E00268C9B21161016D891C016510BD4E
:106DC000816CC9B20268116123E022291CD0428D76
:106DD0000AB1212920D0428D002AF0D12129EED1FB
:106DE00001684A6822F4E0624A6001680A6842F475
:106DF00000720A6000210163202280F83D2080F8A3
:106E00003E10F7F72DFF10BD01680A6842F480724A
:106E10000A60016D491CD1E7416A02680978116175
:106E2000416A491C4162418D491E418510BD0000E7
:106E30002DE9F84F0446006889460B9E0168984684
:106E4000174641F4806101602068016841F4807157
:106E5000016000964FF0011B0022594620460A9B14
:106E600000F0FDF94FF4007A40B120680068C005D9
:106E700001D5C4F840A00320BDE8F88F216809F0CF
:106E8000FE0008613346284920460A9A00F02BFA92
:106E9000F0BB2068416980690090324620460A991B
:106EA00000F0B8FA40B1206C04283AD1206801689B
:106EB00041F40071016034E0FDB2B8F1010F09D076
:106EC0002168380A0861324620460A9900F0A2FA81
:106ED0000028E8D120680561324620460A9900F072
:106EE00099FA0028DFD12068016841F480710160BF
:106EF00000960022594620460A9B00F0B0F900286F
:106F0000B3D1216809F0FF0040F00100086100E002
:106F100007E03346044920460A9A00F0E4F90028C5
:106F2000AAD00120A8E70000020001002DE9F843E3
:106F3000044600680D46DDE9089701689846164644
:106F400041F4807101604B4600224FF00111204650
:106F5000009700F084F948B120680068C00502D5A8
:106F60004FF4007020640320BDE8F883216805F029
:106F7000FE0008613B464A461549204600F0B3F939
:106F800088B920684169806900903A4649462046A0
:106F900000F040FA48B1206C042804D12068016850
:106FA00041F4007101600120DEE7F5B2B8F1010F94
:106FB00009D02168300A08613A464946204600F067
:106FC00029FA0028E7D1206805610020CCE70000FD
:106FD0000200010038B50D4690F83D20002128241C
:106FE000944302680B4605D051699169009180F87D
:106FF0003C3038BD546824F480645460EA4354073C
:1070000000D50121120601D5828900E0028B80F8AB
:107010003C3092B2F7F77CFB38BD00002DE9F0411F
:1070200090F83D200446C16A002520261E4F0068C6
:107030006FF48063082901D0202901D1282A04D0C7
:10704000212A17D04361BDE8F081E762416821F44D
:10705000E0614160206843612068016821F480613B
:107060000160256384F83D6084F83E502046F7F7C0
:10707000D5FDE8E7E7622121216384F83D6084F8CB
:107080003E50416821F4E06141602068436120681E
:10709000016821F4806101602046FFF754FB20461F
:1070A000F8F7E7F8CFE700000000FFFFF8B590F829
:1070B0003D5004460068416821F4E0614160206869
:1070C000002641690091016841F0010101602068DA
:1070D000016821F48061016020684168090520D5BC
:1070E000474F222D48D02A2D46D0616B0968496848
:1070F0006185618D19B1216C41F004012164416801
:1071000021F400614160606BF6F7A4FF012808D00C
:10711000606B0765606BF6F758FF10B1606B016D2F
:107120008847608D08B320684169C943490708D47E
:107130000069616A0870606A401C6062608D401E70
:10714000608520684169C943490608D40069616ABD
:107150000870606A401C6062608D401E6085608DB2
:1071600018B1206C40F004002064206C00B320466D
:10717000BDE8F840FFF7F0BAA16B0968496861857E
:10718000618D19B1216C41F004012164416821F441
:1071900000614160A06BF6F75DFF0128C1D0A06BD4
:1071A0000765A06BF6F711FF0028BAD0A06BB6E711
:1071B0002A2D06D12663282084F83D002046F8F7C2
:1071C00057F894F83D10202028290DD0216B222952
:1071D00001D0222D07D1266384F83D0084F83E605B
:1071E0002046F8F745F8F8BD0649E162266384F8C1
:1071F0003D0084F83E602046F7F710FDF8BD000022
:10720000356515080000FFFF70B516460D460446AB
:107210001EE02046FFF74CFB08B1012070BD681C42
:1072200016D0F7F727FA801BA84200D885B9206846
:107230004069C04340070BD5002044F8300F20219F
:107240006173A073216941F0200121612073E4E79B
:1072500020684069C0434007DBD4002070BD2DE9A1
:10726000F0471E4690460D460446C1F30747DDF839
:10727000209026E0701C24D0F7F7FCF9A0EB090061
:10728000B04200D8EEB92068012F16D0806925EAF7
:1072900000000004000C12D00020404511D1002055
:1072A00044F8300F20216173A073216941F020015F
:1072B000216120730120BDE8F0874069E7E70120E4
:1072C000EBE72068012F0AD0806925EA000000045E
:1072D000000C06D000204045CCD00020EBE74069F0
:1072E000F3E70120F7E72DE9F047984616460D46EB
:1072F00004464FF000094FF0200AC1F3074723E08E
:1073000020684069C043400515D42068016841F4F5
:107310000071016021686FF480604861C4F83090AA
:1073200084F83DA084F83E90216C41F00401216472
:1073300084F83C9020E0701C06D0F7F79BF9A0EB96
:107340000800B04203D816B1012F1ED020E02068FB
:10735000012F14D0806925EA00000004000C17D02A
:1073600044F8309F84F80DA084F80E90216941F014
:107370002001216184F80C900120BDE8F08740696C
:1073800025EA00000004000CEAD12068406901E011
:107390002068806925EA00000004000CB0D1ECE709
:1073A0002DE9F04116460D46044600274FF020080F
:1073B00029E04069C043C0060DD454F8301B6FF07B
:1073C0001000486144F80D7B04F81D89A777206AF6
:1073D0002062277714E0F7F74DF9801BA84200D808
:1073E0008DB920684069C04340060CD544F8307F11
:1073F00084F80D80A773206940F020002061277376
:107400000120BDE8F08120684169C9434906D0D414
:107410000020F6E770B516460D4604461EE02046ED
:10742000FFF746FA08B1012070BD681C16D0F7F7C7
:1074300021F9801BA84200D885B920684069C04363
:1074400000060BD5002044F8300F20216173A07393
:10745000216941F0200121612073E4E7206840693F
:10746000C0430006DBD4002070BD10B504464FF4C5
:107470008270606000204FF40061C4E9020189104D
:107480002061C4E90501E06120626062A0620A2017
:10749000E0622046F9F7CEFC08B1012010BD20685B
:1074A000016841F040010160002010BDF0B50023EB
:1074B0000A24302537261F4610E0B4EB107F02D98E
:1074C00005EB107C01E006EB107C01F813C001EB2A
:1074D000430C00015B1C8CF80170DBB29342ECD3CF
:1074E000F0BD00002DE9F0410546D0F8D40205EBCF
:1074F0008000D0F8C042002C1ED004F580510F4E01
:10750000087F38B9886928B1607A18B93178284677
:1075100003F020FD0A4F2846397803F01BFD607AFE
:10752000022809D13978284603F014FD317828461D
:10753000BDE8F04103F00EBDBDE8F08135580420F0
:10754000345804202DE9F0410746D0F8D40207EB67
:107550008000D0F8C042002C60D004F580556869E6
:107560006863A869A8632E480178384603F0EFFBEA
:107570001F280BD12B492869884207D1697F2068D1
:10758000814203D8A87F08B1102808D9697F202339
:107590000522384601F0B7FD022060720AE041F290
:1075A0001F002218384601F0F1F90028207A08DA85
:1075B000052804D03846BDE8F041FFF793BF01210C
:1075C00027E002282AD0012828D0032826D0E66800
:1075D000F6B1D7F8D412384607EB810104F1100256
:1075E000D1F8C052002D19D005F580518B69B342F6
:1075F00000D333468C6BA41B8C63002481F83C4081
:107600000421297208490978BDE8F04103F0C1BCA2
:1076100000213846BDE8F04100F0E2B8BDE8F08155
:1076200035580420555342433458042010B50446BD
:10763000D0F8D40204EB8000D0F8C002002818D0A3
:10764000407A022809D0090613D5012811D0204616
:10765000BDE81040012100F0C3B80648017820467B
:1076600003F078FC044801782046BDE8104003F0A0
:1076700071BC10BD345804203558042010B50446A0
:10768000D0F8D40204EB8000D0F8C022002A18D031
:10769000117A022905D0032901D0042911D1002132
:1076A0000AE041F21D00815C801C0244204601F08A
:1076B0006DF9002805DA01212046BDE8104000F0F0
:1076C0008FB810BD10B50446D0F8D40204EB80008A
:1076D000D0F8C022002A18D0107A88B1012814D11D
:1076E00041F21D00815C801C0244204601F04EF9ED
:1076F00000280ADA2046BDE81040012100F070B8E9
:107700002046BDE81040FFF71DBF10BDD0F8D412D1
:1077100000EB8100D0F8C002002801D000210172E6
:107720007047000070B50546D0F8D40205EB800024
:10773000D0F8C042002C26D00020207204F58051E1
:10774000607281F8610001F8600F8870D5F8D4028A
:1077500005EB8000D0F8C4020168002088470A4E7B
:107760002846317803F0EAFA08480178284603F001
:10777000E5FA1F2341F21000221831782846BDE8AF
:10778000704003F05CBB70BD3558042034580420B1
:1077900070B50546D0F8D40205EB8000D0F8C042A1
:1077A000002C17D000202072012060720A48017856
:1077B000284603F0FAF9094E2846317803F0F5F926
:1077C0001F2341F21000221831782846BDE870408E
:1077D00003F035BB70BD0000345804203558042038
:1077E00070B50546D0F8D40205EB8000D0F8C04251
:1077F000002C1BD004F580500D4A026380F83C1029
:107800000020207241F2300022180A480D2301782E
:10781000284603F0BEFB1F2341F210002218064841
:1078200001782846BDE8704003F009BB70BD000038
:10783000555342533458042035580420F0B5354C84
:107840008DB0206C10B12046F6F7C4FA00250895DB
:1078500009950A95202168460B95E9F719F9012643
:1078600026612D484FF48037A560C4E900072576CE
:1078700084F820503007E0624FF01060A062F00200
:10788000E661E06084F8305022486661F6F7C0FA9D
:1078900080BB03200895CDE9096008A91D48F6F7CB
:1078A000E7F938BB122000903046022604210496E6
:1078B000CDE901011949CDE906158DF815508DF86E
:1078C0001400694613480395F6F7F2F890B9CDE92C
:1078D000005669460F48F6F7EBF858B9F8F782FDFD
:1078E0000F49884201D8656008E00E49884202D8F5
:1078F000676003E006E04FF4003060600548F6F78B
:1079000087FA08B1F6F788F80748F3F705FF0DB0D6
:10791000F0BD000018A200200020014001000F006F
:1079200001A24A0403449508D8F204204F4808B540
:107930000268002142F400120260026802F40012A0
:107940000092026842F4800202600068484A00F433
:10795000800000904748C0E90021802282609200A8
:10796000C26052000261920042619200C0E90621A9
:107970000422C0E908120322C0E90A210163F6F7D4
:107980003DFC08B1F6F748F8002201210C20F7F77A
:1079900005FD0C20F7F7F4FC002205210D20F7F778
:1079A000FDFC0D20F7F7ECFC002204210E20F7F778
:1079B000F5FC0E20F7F7E4FC002205210F20F7F775
:1079C000EDFC0F20F7F7DCFC002205211020F7F773
:1079D000E5FC1020F7F7D4FC002201211120F7F775
:1079E000DDFC1120F7F7CCFC002205212F20F7F752
:1079F000D5FC2F20F7F7C4FC002202213820F7F72E
:107A0000CDFC3820F7F7BCFC002201213920F7F724
:107A1000C5FC3920F7F7B4FC012204213A20F7F71E
:107A2000BDFC3A20F7F7ACFC012211463B20F7F7EA
:107A3000B5FC3B20F7F7A4FC002201214420F7F716
:107A4000ADFC4420F7F79CFC002205214520F7F708
:107A5000A5FC4520F7F794FC002205214620F7F706
:107A60009DFCBDE808404620F7F78ABC303802404C
:107A700070640240BCA600202DE9F04387B01421B9
:107A80006846E9F705F83F480024016841F0040121
:107A90000160016801F004010591016841F0800175
:107AA0000160016801F080010591016841F0010168
:107AB0000160016801F001010591016841F00201D6
:107AC00001600068304E00F002004FF46045059000
:107AD000002229463046F6F7C8FDDFF8B0900022B4
:107AE00048F204114846F6F7C0FDDFF8A48041F2E1
:107AF0000407002239464046F6F7B7FD00950125F8
:107B0000CDE90154694630460394F6F7C1FC0420E0
:107B1000CDE900050326CDE9025669464846F6F749
:107B2000B7FC4FF4C260CDE90006694602944846AE
:107B3000F6F7AEFC0220CDE9000669460294404605
:107B4000F6F7A6FC0097CDE9015469464046039438
:107B5000F6F79EFC4FF401400090CDE901546946D0
:107B600048460394F6F794FCE80200904FF488101E
:107B7000CDE9010469464846F6F78AFC07B0BDE83E
:107B8000F08300003038024000080240000002404C
:107B900000040240124810B5416B40F2E24001B9C6
:107BA0000146814200D901464FF4AA7041430D4875
:107BB000814200D901460D480B4AC0E9002100214D
:107BC00012148160C0E9031241618161C1610162E7
:107BD000F6F760FF002801D0F5F71EFF10BD00008A
:107BE000D8EA0420801A06000054004060A2002059
:107BF000F0B5554893B00024016841F08051016010
:107C0000006800F080501290F8F786F9F3F79AF8C0
:107C100070B363204C4E109042F20F7030361190CA
:107C20003068494FC0F30120403F022802D0386835
:107C3000800303D411A910A8F3F7D8F814210AA8D7
:107C4000E8F726FF282168460F94E8F721FF3068FF
:107C500000253F4E3D49316001041ED510F4407FA0
:107C60001BD000220AA93046F8F784FE18B114E0B0
:107C7000F8F746F962E000220FA93548F8F758FEF8
:107C800058B99DF83D00012806D19DF83E00012815
:107C900002D19DF83F0000B1012574601098B060DA
:107CA0001198C6E9030474612948B461F8F78CFEA1
:107CB000F0BB0126DDB98DF828408DF829408DF8FC
:107CC0002A408DF83C608DF83D608DF83E600D9443
:107CD0000E948DF83F4000220AA91D48F9F712F8CA
:107CE00030BB00220FA91A48F8F7C0FF00BB386864
:107CF000800301D500F02EF88DF800408DF801408A
:107D000004944FF480708DF802400194039409901C
:107D10000594069407948DF82060002269460C486B
:107D2000F8F7D4FE20B94FF400700022694600E055
:107D300004E009900648F8F7C9FE08B1F5F76CFEB3
:107D4000F8F7DEF813B0F0BD4038024000280040DC
:107D5000B4A2002070B5AAB0F2F77AFF002857D17C
:107D6000F6F788FC0646142123A8E8F791FE0024C4
:107D7000224623A927482894F8F7FCFD002228A9C9
:107D80002448F8F7D5FD342116A8E8F781FE01252F
:107D900028041C94CDE9165016A8F8F765FB582165
:107DA0006846E8F775FE082000901B480990684671
:107DB000F8F7BEF8194805601648F9F703F81549B1
:107DC0001748C1E900046320886042F20F70C1E9DE
:107DD00003044C6108468C61F8F7F6FD08B1F5F72D
:107DE0001BFEF6F747FC811B23A8F2F7C5FE002215
:107DF00023A90848F3F796F808B1F5F70DFE00221D
:107E000028A90448F8F732FF002801D0F5F704FE4E
:107E10002AB070BDB4A20020000318003C0E4742F7
:107E2000002800402DE9F047ACB06320299040F2D3
:107E30003F102A900024142123A8E8F729FE0025EA
:107E4000342116A82895E8F723FE58216846E8F75C
:107E50001FFE47480068C0F3012002287DD0454836
:107E6000C07D08B9F1F7A4FF2AA929A8F2F7BEFF3F
:107E7000F6F700FC414E8246DFF8FC90002223A971
:107E80003046C6F80090F8F775FD88B9002228A999
:107E90003046F8F74DFD58B99DF8A100012806D1EC
:107EA0009DF8A200012802D19DF8A30000B1012491
:107EB00008274FF001081697CDE91B8516A8F8F79B
:107EC000D3FAB801099000976846F8F731F82C49C1
:107ED000C1F80080C6E900952998B0602A98C6E9E3
:107EE000030575612548B561F8F76EFD08B1F5F732
:107EF00093FD6CB1F6F7BEFBA0EB0A0123A8F2F7E5
:107F00003BFE002223A91D48F8F7FCFE98B90CE0BF
:107F100006208DF8A0008DF8A1808DF8A2808DF844
:107F2000A350239526952795EBE7002228A913480F
:107F3000F8F79CFE08B1F5F76FFD002C14D111483D
:107F4000F3F778FD1048B0F8981221F0800141F065
:107F50004001A0F898120D4800E005E0D0F8E012CA
:107F600041F00101C0F8E0122CB0BDE8F08700003C
:107F700070380240A854042000280040B4A2002019
:107F80003C0E4742F833002020CD0420D8F20420D4
:107F90000E4810B50C4901604FF482714160002118
:107FA0008160C1604FF400720161C0E90512C161D6
:107FB0000162416281620A21C162F8F73BFF002839
:107FC00001D0F5F729FD10BD00300140D4A20020FA
:107FD0000F4810B50D4901604FF4827141600021D6
:107FE0004FF40062C0E9021292100161C0E905126B
:107FF000C1610162416281620A21C162F8F71AFF20
:10800000002801D0F5F708FD10BD00000038004041
:108010002CA300200E4810B50C4901604FF482716A
:10802000416000218160C1604FF400720161C0E9CC
:108030000512C1610162416281620A21C162F8F7E1
:10804000F9FE002801D0F5F7E7FC10BD003C004028
:1080500084A300200E4810B50C49016000214FF4A4
:108060008062C0E901125200C0E90321012242618D
:10807000016252024162826181620A21C162F8F7A3
:10808000D9FE002801D0F5F7C7FC10BD003401402F
:10809000DCA300200A4810B508490160002141F224
:1080A000BF224160C0E9021201618161F9F782FAE1
:1080B000002801D0F5F7B0FC10BD00000020004002
:1080C0009CA5002030B595B000240F941094119415
:1080D000129413941C2108A81494E8F7D9FC2021C9
:1080E0006846E8F7D5FC254D2348C5E900044FF460
:1080F0009670C5E902402C616C612846AC61F9F7C5
:1081000059FA80BB4FF480500F900FA92846F9F719
:1081100070FC40BB2846F9F7C5FD20BB202013901A
:108120008020149013A92846F9F7CEF9D8B9322047
:10813000CDE908400A940B940C940D94002208A9F0
:1081400028460E94F9F784FD68B900944FF4005066
:10815000CDE90440029401940394694628460794AB
:10816000F9F787F908B1F5F757FC2868C460286863
:10817000046115B030BD00000000014034A40020AF
:1081800010B592B000240C940D940E94142107A8FD
:108190000F94E8F77DFC10941C2168461194E8F7D1
:1081A00077FC27484FF08041C0E9001440F22B11C2
:1081B000C0E9024104618461F9F7FCF9C8BB4FF4DE
:1081C00080500C900CA91E48F9F713FC88BB1C4882
:1081D000F9F7FCFD68BB0420CDE9070407A918489E
:1081E000F9F7CBFE28BB202010908020119010A919
:1081F0001348F9F769F9E0B9602000901420019064
:10820000022002900022694604940D48F9F778FD97
:1082100078B91E20CDE90104082269460848F9F71B
:108220006FFD30B90C22694605480194F9F768FDE5
:1082300008B1F5F7F1FB0248F9F7E2FC12B010BD06
:108240007CA4002010B58EB0142107A8E8F720FC0C
:1082500000240C941C2168460D94E8F719FC1B4877
:108260001949C0E900144FF49671C0E90241046154
:108270008461F9F79FF918BB1448F9F713FDF8B9B1
:108280000720CDE9070407A91048F9F776FEB8B929
:108290002020CDE90C040CA90C48F9F715F978B9A0
:1082A000602000900120CDE901040394049405941A
:1082B0000C22694605480694F9F722FD002801D0F2
:1082C000F5F7AAFB0EB010BD00080040C4A40020C2
:1082D00010B588B014216846E8F7DAFB002413488B
:1082E000059411490694C0E900144FF49671C0E951
:1082F0000241046144618461F9F75CF978B90720AF
:10830000CDE9000469460948F9F737FE38B9059404
:1083100005A906480694F9F7D7F8002801D0F5F723
:108320007BFB08B010BD0000000401400CA500203C
:1083300010B586B014216846E8F7AAFB0D480C4931
:108340000024C0E90014FF21C0E9024104618461F6
:10835000F9F730F940B90720CDE90004694605482E
:10836000F9F70BFE002801D0F5F756FB06B010BD5B
:108370000040014054A500200C4810B50A49016096
:108380004FF496414160002181600C22C160C0E938
:1083900004128161C161F9F76DFE08B1F5F73CFB8C
:1083A0000248EFF793F810BD001001402CA6002002
:1083B00010B500220F49104802F0E4FB08B1F5F7B0
:1083C0002BFB0E490C4802F069FF08B1F5F724FBBE
:1083D0000B49094802F0CEFE08B1F5F71DFB06482F
:1083E00002F0E0FF002803D0BDE81040F5F714BB11
:1083F00010BD0000145804209CA80020CC74042058
:108400007079042070470B20ECF74AFCF3F732FB3D
:108410000920ECF745FCF3F72DFB00000148F7F7C6
:1084200069B90000546E04202DE9F0410668054644
:108430000C46306C06EB4411D1F8083B95F806C0A9
:108440004FF400474FF0200E05F29C42BCF1010FA3
:1084500008D0DFF898C0604538D1180431D5C1F88C
:10846000087B3FE0224E5FEA037C04D5B04239D955
:108470001804F4D436E05FEA836C02D5C1F808EB47
:1084800030E013F0280F2DD1B04201D91804E6D402
:1084900004EBC40005EB8000D1F8101BD0F8743257
:1084A000C1F31201591AC0F8681200F51570ACB981
:1084B00003691BB1C2681144C1600FE00121286843
:1084C0000AE098060AD5C1F808EB07E034B9D5F8F8
:1084D000640218B90021304603F0E0FAE1B2284600
:1084E000F6F7D6FF0020BDE8F08100000A31544FB6
:1084F0000A30544F2DE9F84F0E4601EBC60100EB50
:1085000081048146D0F80080D4E9091014348842EF
:1085100002D90120BDE8F88F081AA168814200D273
:108520000846C01C870808EB461A15E0451AA068E3
:10853000A84200D20546E81C870899F8060000907A
:10854000ABB2F2B24046E16803F0E6FDE0682844D1
:10855000E060606928446061DAF8180980B2B842C6
:1085600005D3D4E90401814201D20028DED1D4E947
:108570000401884208D806F00F0101208840D8F88D
:1085800034188143C8F834180020C3E7704700004E
:108590000148F8F747B90000B4A20020010901EB37
:1085A000810100F00F0000EB4100C0B270470021D4
:1085B00002E00A38C0B2491C0A28FAD2090740EA88
:1085C000116070472DE9F041054600680024C1683C
:1085D000490617D4C16841F08001C160F6F74AF836
:1085E00006464FF47A78042706E0F6F743F8801B36
:1085F000404501D96F7701242868C068400601D43E
:10860000002CF2D02046BDE8F08170B50446006829
:108610000025C16821F08001C16020688068800663
:1086200006D42046F8F7CEFB10B104206077012570
:10863000284670BD70B50C460546EBF7EDFF6C6340
:108640002C68E06C0068016821F001010160A06CF9
:108650000068016821F0010101602068016821F0D3
:10866000400101602068416821F003014160284613
:10867000EBF7D2FBE16C37480968C860E16C206811
:1086800009680C308860E16C686B09684860E06CD0
:108690000068016821F4A2610160A16C2D4809689D
:1086A000801CC860A16C206809680C308860A16CCF
:1086B000686B09684860A06C0068016821F4A261D9
:1086C00001602068016821F0400101602068416874
:1086D00041F001014160E06C0068016841F0010176
:1086E0000160A06C0068016841F001010160206830
:1086F000416841F0020141602068016841F0400199
:108700000160A06C006841680029FCD1216888687C
:10871000000601D500BFFAE7086820F040000860B5
:108720002068416821F003014160E06C0068016845
:1087300021F001010160A06C0068016821F00101D5
:1087400001602846EBF768FB2068016841F04001B2
:10875000016070BD1856042010B50446EBF75CFFAD
:10876000A06A4FF6FF71B0FBF1F2B0FBF1F301FB31
:10877000130101B101211144B0FBF1F0606300204D
:10878000E0622168C86C0068026822F001020260A1
:10879000886C0068026822F0010202600868426882
:1087A00022F003024260CA6CA06B1268D060CA6CEF
:1087B000606B12685060C86C0068026822F48472B2
:1087C0000260C86C0068026842F4826202608A6CCF
:1087D00016481268D0608A6C606B12685060886CB2
:1087E0000068026822F4A36202600868426842F0EE
:1087F00001024260C86C0068026842F00102026037
:10880000886C0068026842F00102026008684268F1
:1088100042F002024260207940F0040020710868B2
:10882000016841F04001016010BD000014560420B1
:108830000168CA6C1268136823F0010313608A6C24
:108840001268136823F0010313600A68536823F069
:1088500003035360C36A826B1A44CB6C1B68DA60F3
:10886000CB6C426B1B685A60CA6C1268136823F4A5
:1088700084731360CA6C1268136843F482631360D4
:108880008B6C426B1B685A608A6C1268136823F405
:10889000A36313600A68536843F001035360CA6C12
:1088A0001268136843F0010313608A6C126813683E
:1088B00043F0010313600A68536843F002035360F6
:1088C000027942F0040202710868016841F0400137
:1088D0000160704770B5D0F8D44241F2640600EBF5
:1088E0008404D4F8C04204EB01152E444FF0FF3548
:1088F0003CB11A4473689A4205D92123052200F03D
:1089000002FC284670BD002070BD00002DE9F0413A
:108910000446D0F8D402134604EB80064FF0FF352E
:10892000D6F8C00280B100F5805297697FB15F78B8
:10893000FF0715D0997869B180290ED0517F242383
:108940000522204600F0DFFB2846BDE8F081517F7C
:108950002023F5E706220B490FE008220A490CE024
:10896000D6F8C42201EBC1011B79126A02EB810126
:108970000A79521D934200D81A4600F023FC0020C9
:10898000E3E7000050010020C67904202DE9F04102
:108990001446D0F8D4224FF0FF3600EB8202D2F812
:1089A000C072002F55D02378DFF8E4810025252BF5
:1089B00074D011DC1B2B32D007DC0BB3032B24D07B
:1089C000122B27D01A2B19D15BE01C2B67D01E2B42
:1089D0004AD0232B12D192E09E2B6ED008DC282B9C
:1089E0006CD02A2B6BD02F2B6AD05A2B06D168E083
:1089F000A02B73D0A82B72D0AA2B71D0202325E0F6
:108A00002246BDE8F04100F0ADBB2246BDE8F04192
:108A100000F036BB2246BDE8F041FFF777BF3A468B
:108A200007F5805797F86230012B04D1237903F0C2
:108A30000303022B7ED0207900F0030101290DD021
:108A4000022907D0C043800708D009E0052200F0C2
:108A50005AFB89E0022087F8620001E087F8625043
:108A60002846D560BDE8F081207930B141F262003E
:108A70000121C1552846FD60F4E741F26200C55569
:108A8000F8E70846D2F8C4120426C968884738B106
:108A90004048817841F08001817007E034E06AE06D
:108AA00098F8020020F0800088F80200207904285D
:108AB00000D80646324637491DE02AE02EE037E06E
:108AC00042E00846D2F8C4120826C9688847002840
:108AD00098F8030005D040F0800004E046E022E072
:108AE0002DE020F0800088F80300207A082800D8C4
:108AF000064627493246384600F064FB45E02246E8
:108B0000BDE8F04100F049BA2246BDE8F04100F06E
:108B1000A3B92246BDE8F04100F0E3B92246BDE822
:108B2000F04100F0E7B82246BDE8F04100F03AB964
:108B3000224600E010E0BDE8F04100F053BB2246C1
:108B4000BDE8F04100F0BEBB07EB011241F2640347
:108B50001A4463789B0701D5242377E7D36892688A
:108B6000FFF7B8FE002885DA30467BE72246BDE8ED
:108B7000F04100F057BAB4F8031038464ABA22B1AF
:108B8000082A00D908220449B6E728466AE7000007
:108B90000875042004750420625804202DE9F0476C
:108BA0000746D0F8D402894607EB800041F2640200
:108BB000D0F8C0524FF0FF3805EB09118C18E5B121
:108BC0002188E6684FF480524E43964200D3164601
:108BD000B6FBF1F1D0F8C4028BB205F11001D0F868
:108BE00010C0A2688A464846E047002808DA1123E8
:108BF00004224946384600F086FA4046BDE8F08730
:108C00000E48334652460178384602F0C2F92088B1
:108C1000A168B6FBF0F00844A0602088E168B6FBCC
:108C2000F0F0081AE06005F58050816B891B8163C4
:108C3000E06808B9032028720020DFE734580420D8
:108C40002DE9F05F8A46D0F8D412804600EB81000F
:108C500041F26402D0F8C0524FF0FF3905EB0A111F
:108C60008C18E5B12188E6684FF480574E43BE4228
:108C700000D33E46B6FBF1F1D0F8C4028BB205F149
:108C80001001D0F814C0A2688B465046E047002877
:108C900008DA032304225146404600F034FA4846DD
:108CA000BDE8F09F2088A168B6FBF0F00844A06002
:108CB0002088E168B6FBF0F0081A05F58055E06001
:108CC000A86B801BA863E36863B120884343BB4261
:108CD00000D33B4606485A460178404602F0AFF8BA
:108CE0000020DDE700214046FEF77AFDF8E70000AE
:108CF000355804202DE9F0470746D0F8D4029046B5
:108D000007EB80008946D0F8C04241F2640204EBD0
:108D100009118D184FF0FF3A5CB3217AB1BB04F50D
:108D20008056317F09062DD596F86210022905D0AC
:108D3000D0F8C40281684846884730B13A230222FD
:108D40004946384600F0DFF913E0D8F8020098F8F9
:108D5000051000BA20F0FF000843A860B8F807002B
:108D6000494643BAEB603846AA68FFF7B3FD0028CE
:108D700002DA5046BDE8F0872988E8684843B169BF
:108D8000884204D02023717F0522DAE701E0022027
:108D900020724FF48050E06049463846BDE8F04705
:108DA000FFF7FCBE2DE9F0478946D0F8D412804683
:108DB00000EB81001746D0F8C04241F2640204EB98
:108DC00009118D184FF0FF3A6CB3217AC1BB04F53D
:108DD0008056317F09062FD596F86210022905D0FA
:108DE000D0F8C40281684846884730B13A2302224D
:108DF0004946404600F087F915E057F8020F00BADF
:108E0000F97820F0FF000843A8607868494600BA66
:108E100020F0FF03F8790343EB604046AA68FFF7B0
:108E200059FD002802DA5046BDE8F0872988E86835
:108E30004843B169884204D02023717F0522D8E7D6
:108E400001E0022020724FF48050E0604946404625
:108E5000BDE8F047FFF7A2BE2DE9F0410646D0F885
:108E6000D402884606EB800041F26402D0F8C0428A
:108E70004FF0FF3704EB08118D1844B1D0F8C4024D
:108E80002A46291D43684046984718BB02E03846E9
:108E9000BDE8F08141F26200005D02281AD06868E6
:108EA000401E000E20746868401E000C6074A88884
:108EB000401E000AA0742879401EE074002020752E
:108EC00060752888000AA0752878E0750820E060A1
:108ED0000020DDE73A2302224146304600F013F934
:108EE000D5E72DE9F0470746D0F8D402164607EB40
:108EF00080008946D0F8C04241F2640204EB0911B7
:108F00008D184FF0FF3844B1D0F8C4022A46291D0D
:108F100043684846984798B902E04046BDE8F08764
:108F200041F26200005D02280AD0D6F80A00717B87
:108F300000BA20F0FF000843E0600020014609E08D
:108F40003A2302224946384600F0DDF8E5E72218C8
:108F5000401C1174E2688242F9D86868401E000E15
:108F600020756868401E000C6075A888401E000AC5
:108F7000A0752879401EE075217661762888000A60
:108F8000A0762878E076D6F80A00717B00BA20F047
:108F9000FF000843E0600020C0E72DE9FC410546E2
:108FA000D0F8D4020F4605EB80004FF0FF36D0F822
:108FB000C04244B1D0F8C4026A4601A943683846A9
:108FC000984738BB02E03046BDE8FC8141F26200C0
:108FD000005D02281ED0002001462218401C80B2ED
:108FE00011740C28F9D30820E0740198401E020E79
:108FF0002275020C6275020AA275E07502202076C5
:109000006176BDF80000010AA176E0760C20E060F0
:109010000020D9E73A2302223946284600F073F8A7
:10902000D1E7000010B5D0F8D41200EB8100D0F8E1
:10903000C04284B118211148E7F708FD2068C2003A
:109040000E480832110E0170110C4170110A817026
:10905000C270002107E04FF0FF3010BD00EBC103EC
:109060005972491CC9B223688B42F7D2083292B2B6
:109070000249204600F0A6F8002010BD78AB002081
:1090800070B5D0F8D4124FF0FF3400EB8101D1F865
:10909000C01231B301F580539D6925B30020044609
:1090A0000D18401CC0B22C741228F9D3702008741B
:1090B0000C20C87593F8600093F86150A8421AD04C
:1090C00001EBC00505F58255401C2E788E742E7973
:1090D0000E776D79C0B24D7783F86000042808D010
:1090E00009E0204670BD597F2023052200F00BF8CF
:1090F000F7E783F860401220C8601079122800D882
:10910000C860002070BD10B5D0F8D41200EB81000B
:10911000D0F8C002002824D000F5805191F86140B9
:1091200000EBC40404F5805484F8402091F86120D9
:1091300000EBC20202F5805282F8443091F86130AF
:10914000002200EBC30000F5805080F8452091F824
:109150006100401CC0B281F86100042801D181F88F
:10916000612010BD2DE9F0410546D0F8D4028846B3
:1091700005EB80014FF0FF36D1F8C042E4B104F5B1
:109180008050826932B1417F202305222846FFF7B3
:10919000BAFF11E090F862000527022805D0D1F847
:1091A000C40281684046884748B13A2302224146BA
:1091B0002846FFF7A8FF27723046BDE8F08100205F
:1091C000E060FAE710B508B1C26007E04FF0FF3089
:1091D00010BD521E92B284188B5C2374002AF8D101
:1091E000002010BD2DE9F05F8B46D0F8D4128046E8
:1091F00000EB81009146D0F8C05241F2640205EBC9
:109200000B11D0F8C4728C184FF0FF3A65B3287A6E
:1092100028B159464046BDE8F05FFFF711BD05F59E
:109220008056B069A0B3307F000631D4B968584683
:10923000884728B13A2330E04046FFF764FF13E047
:10924000D9F8020099F8051000BA20F0FF00084391
:10925000A060B9F80700594643BAE3604046A268E7
:10926000FFF738FB002802DA5046BDE8F09FF968A6
:109270005846884730B1BB6973B1D4E902125846E9
:10928000984748B12088E3684343B069984207D0C3
:109290002023717F0522CFE7272302225946CBE7FF
:1092A0004FF48050834200D30346012028720448C3
:1092B00005F110020178404601F0C1FD0020D4E71D
:1092C000355804202DE9F74FD0F8D412814600EB31
:1092D00081000199D0F8C042174604EB011141F218
:1092E00064028D18D0F8C4824FF0FF3B002C61D08F
:1092F000207A30B1019903B04846BDE8F04FFFF73E
:109300009FBC04F58056B06910B1307F000606D5C9
:10931000717F202305224846FFF7F5FE4AE0D8F882
:109320000810019888474FF0050A08B13A233AE03F
:1093300057F8020F00BAF97820F0FF000843A86040
:10934000786800BA20F0FF03F8790343EB60AA685D
:1093500048460199FFF7BEFA00282BDBD8F80C101D
:109360000198884738B1D8F81830DBB1D5E9021236
:1093700001989847B0B12888EB684343B069984298
:10938000C6D14FF48050834200D30346012020729F
:10939000094804F110020178484601F050FD002010
:1093A000BDE8FE8F2723022248460199FFF7ABFE56
:1093B00084F808A05846F3E73558042018B5174A32
:1093C000FF241068400603D4106840F0400010608D
:1093D00042F21071084600E000BF93689B0701D479
:1093E000401EF9D29068C0070AD0D0688DF80000FE
:1093F0009068C00702D0D0688DF800009DF800008A
:10940000147300E000BF9068C00701D1491EF9D273
:109410009068C00701D0D068C0B218BD00300140CC
:10942000F8B515460E460B4600920446012202216D
:1094300000F04CF8A0B9134813490068B0FBF1F0F4
:109440004FF47A71484300906068B0F5827F0DD187
:109450003346002280212046009500F037F870B195
:10946000606D40F0200060650320F8BD009830B1C9
:10947000401E009020688068C0430006F6D500209A
:10948000F8BD0000C874042000366E0108B50268FB
:1094900010688368DB439B0714D4017300201268B3
:1094A00006E0401C642803DD11736FF0010008BD65
:1094B0009368DB43DB07F4D1107B8DF800009DF847
:1094C000000008BD4FF0FF3008BD00002DE9F84353
:1094D0001E46914688460446089DF5F7CBF8401B8A
:1094E000351AF5F7C7F8074626480068C0F3CB30B1
:1094F00068430AE0701C09D0F5F7BCF8C01BA8420D
:109500000FD275B10098B8B3401E009020688168F2
:1095100038EA010033D000204845EBD10020BDE8F7
:10952000F8832068416821F0E00141606068B0F58F
:10953000827F0BD1A068B0F5004F02D0B0F5806FEC
:1095400004D12068016821F040010160A06AB0F5F3
:10955000005F09D12068016821F400510160206892
:10956000016841F400510160012084F8510000209D
:1095700084F850000320D2E7FFE70025C6E701206A
:10958000CAE70000C874042070470178407841EAB7
:10959000002070470648016821F4C0510160044969
:1095A0004FF4C050143108602820F5F7D8BE0000F1
:1095B000003C0140054810B5006810B10348F4F7BD
:1095C00009FCBDE81040FEF739B9000018A20020E0
:1095D000054810B5006810B10348F8F730FDBDE844
:1095E0001040FEF7C9BE00002CA60020FEF79EB971
:1095F00000B585B04FF40060009002200021CDE955
:10960000010103900120049069460348F4F740FFEC
:1096100005B0002000BD000000000240054810B564
:10962000006810B10348F5F774F8BDE81040FEF784
:10963000B1BA000060A200200A4810B5006810B15D
:109640000848F7F7E0FB0748B030006818B1054854
:10965000B030F7F7D8FBFEF7BBFCBDE81040FEF7D3
:10966000F9BC00002CA3002010B5FEF789FDFEF721
:1096700011FDBDE81040FEF75BBE000010B50446CA
:10968000F1F79CFE044901222046A1F8982200F03F
:1096900005F8002010BD0000583100200A4910B51F
:1096A000084888639030F8F7CAFC06489030F8F70D
:1096B00013FD00F065F8FEF705FD00F0C5F8002089
:1096C00010BD0000E4A5002088DF042010B504468A
:1096D000F1F774FE044902222046A1F8982200F016
:1096E00005F8002010BD00005831002000B587B0FB
:1096F00014216846E7F7CCF9164915488863903875
:10970000F8F79DFC12489038F8F7E6FC00F038F8BE
:109710001148016841F0010101600068032100F077
:10972000010005904FF4805000900220019001202C
:10973000CDE90201049069460848F4F7A9FE00F05B
:1097400029FD002801D04FF0FF3007B000BD000018
:1097500074A6002088DF0420303802400000024058
:1097600010B5F8F751FF0548006810B10348F7F746
:109770004AFBBDE81040FEF70BBC0000D4A200205D
:109780002DE9F0410F20F5F7EAFD4520F5F7E7FD5B
:109790003420F5F7E4FD4720F5F7E1FD2448D0F843
:1097A000341229B1D0F8300210B12248EFF75EFF31
:1097B0002148224C0025806B0C274FF4E136A04253
:1097C00016D1206810B12046F8F739FC1C482060FB
:1097D000C4E90165E560C4E90457A5611748E5617E
:1097E000F4F754FFD0B94720F5F7CAFD45201BE038
:1097F000124C903C206810B12046F8F720FC11482C
:109800002060C4E90165E560C4E90457C013C4E9F8
:1098100006500A489038F4F739FF08B1F4F7FCF81D
:109820003420F5F7ADFD0F20BDE8F041F5F7A8BDF8
:10983000583100205801002088DF042074A6002041
:1098400000140140004C004070B586B014216846F9
:10985000E7F71EF90E480025016841F0010101609B
:1098600000680C4E00F001004FF4006405902A4699
:1098700021463046F4F7F9FE01200094CDE90105B8
:10988000694630460395F4F703FE06B070BD00004C
:109890003038024000000240002000F003B80120F0
:1098A000AFF300802DE9F14F4FF0000A86B0614818
:1098B000CDF808A0CDF800A001685246D146574621
:1098C00056465446534641F0010101600068DFF8F6
:1098D000688100F001000190D8F800100491D8F8D8
:1098E0000C100391049921F07071C8F800100399CD
:1098F00021F0707141F0A071C8F80C10BFF34F8FC8
:109900004E48DFF83CC1C8210068B0FBFCF54D4370
:109910004FF47A718D4200D20D464A49B0FBF1FEF8
:10992000BEF1100F01D24FF0100ED8F81000C0F3A6
:10993000003B45480068C00105D544480068C007A1
:1099400001D0012000E00020019029014FF40060C7
:10995000814201D2014602E0614500D961463B489F
:10996000406805903DE0019840B13848D0F804C007
:109970000598ACEB0000A84237D204E02046641CF6
:10998000B0F5806F31D2DFF8B0C0DCF81000DCF841
:1099900010C0C0F30030CCF3C02CBCF1000F00D0DD
:1099A0007F1C70B3521C58451BD0DDF804C0BCF1BD
:1099B000000F15D0DFF894C0DCF804B0DDF800C06B
:1099C000BCF1000F06D0DDF80880ABEB0808F045CD
:1099D00000D8761C4FF0010CCDF800C0CDF808B0CF
:1099E000834618465B1C8842BDD313480399C16067
:1099F00004990160BFF34F8FB9F1100F0BD34AB137
:109A000009E0FFE70AF1010ABCF1000FCBD109F12F
:109A10000109C8E75FB1069818B1BAF1100F00D379
:109A20000AB1042E03D3012007B0BDE8F08F002057
:109A3000FAE700003038024000000240C8740420F9
:109A400040420F0090D00300FCED00E0001000E069
:109A500010B5F5F70FFCBDE810400420F1F722BE69
:109A600030B593B034216846E7F712F814210DA8F9
:109A7000E7F70EF81B480024016841F080510160AF
:109A8000006800F0805012901748016821F44041AE
:109A900041F4804101600068012500F440401290CB
:109AA000032000904FF4803003950190EEF7D2FA36
:109AB000049006946846F6F7D7FC50B90F20CDE91C
:109AC0000E540D90109400210DA81194F6F7DAFBB6
:109AD00008B1F3F7A1FFEEF7F9FAF0F769F913B05F
:109AE00030BD00004038024000700040012100F00D
:109AF00001B800002DE9F04F95B00D0001D000F045
:109B00003BF90021012000F077F8384801273C0399
:109B1000016821F480710160032012904FF00C0A5B
:109B2000602634216846E6F7B3FF14210DA8E6F756
:109B3000AFFF2F48016841F080510160006800F0DC
:109B4000805013902B48016841F440410160006847
:109B50004FF0010800F4404013902001CDE900804F
:109B60004FF00F0B80014FF00209AFB1CDE9069025
:109B70000420CDE90A90CDE908A66846CDF83090DA
:109B8000F6F772FC08B1F3F747FF0020CDE90F04A8
:109B90001190CDE90DB916E0CDE906800C200890B2
:109BA0006020CDE90909CDF82C906846CDF83090B9
:109BB000F6F75AFC08B1F3F72FFF0020CDE90F04A8
:109BC0001190CDE90DB80DA81299F6F75BFB08B11D
:109BD000F3F722FFFEF7BEF8EBF70CF8002D01D0EB
:109BE00000F094F815B0BDE8F08F0000003C024092
:109BF0004038024000700040F0B5B5B00D46060098
:109C000004D1F1F7EBF808B1F0F7D2F80DB100F09C
:109C1000B3F8342116A8E6F73BFF142130A8E6F785
:109C200037FF37480024016841F080510160006827
:109C300000F0805000903348016821F4404141F425
:109C4000804101600068012700F44040009002203C
:109C500016902D481997806F1A901C9416A8F6F745
:109C600003FC08B1F3F7D8FE0F20CDE930044FF420
:109C70008050CDE93240002130A83494F6F702FB41
:109C800008B1F3F7C9FE34216846E6F701FF6846DC
:109C900006970094F6F7E8FB08B1F3F7BDFE06BBA4
:109CA000F1F79CF8E8B1FEF7BDF8342123A8E6F7F8
:109CB000EFFECDE9237423A82897F6F7D5FB08B16A
:109CC000F3F7AAFE58216846E6F7E2FE0820009066
:109CD000800109906846F6F72BF948B1F3F79CFE2E
:109CE00006E0074840380068800301D5FEF732F8E7
:109CF000EAF780FF002D01D000F008F835B0F0BD84
:109D00004038024000700040A8540420164808B5AE
:109D1000B0F8B002C0061BD51448EDF7D7FB1449C4
:109D200091F82B0000281DD012480268009242686A
:109D30000092C26842F40052C260C26842F020023F
:109D4000C260002081F82B00BDE80840E8F73CBE67
:109D5000FFF74CFC0020E9F785FFBDE80840034809
:109D6000EDF7B4BB08BD000020CD04202CA60020D8
:109D7000A854042000100140144810B5B0F8B002F7
:109D8000C0061ED5E8F720FE00211148E8F7D0FDF7
:109D9000104948B1002081F82B0001220221BDE8C2
:109DA00010400620EEF76EBB0B48C26822F400524A
:109DB000C260BFF34F8FBFF36F8F012081F82B007C
:109DC00010BDBDE81040E9F73FBF000020CD0420E2
:109DD000209D0420A85404200010014070B5194DA6
:109DE0002868194B194910F00C0004D0184E0428AB
:109DF00003D0082803D00B601BE00E6019E0114A65
:109E0000121F1068C0F38054106800F03F0014B1B6
:109E1000B6FBF0F001E0B3FBF0F013681268C3F397
:109E200088135843C2F30142521C5200B0FBF2F0B7
:109E300008602868074AC0F30310105C0A68C24033
:109E40000A6070BD083802400024F400C874042081
:109E500000366E01640C16080448016841F4700174
:109E600001600249024880390860704788ED00E0CF
:109E7000000214082DE9F05FB3480169C9070DD04D
:109E8000016921F001010161B0480078DFF8C0826A
:109E9000B04F002520B13D80A8F80050BDE8F09FEC
:109EA000AE4EAD4896F840114268890183680B4474
:109EB00083608368934206D383688468B3FBF2F3BC
:109EC00003FB12428260836AC26A5B186A41836242
:109ED000C262002200EB8203183353E8004F0C44A7
:109EE00043E8004CBCF1000FF7D1521C032AF1DB10
:109EF00096F8400181019A48F2F770FE994841F6C0
:109F00006A039A4A816D491C816597494888401CBB
:109F100080B24880984203D34D80012082F810031C
:109F20009348836B80681C183068E8B30020824631
:109F300092F80E0302EB4003B3F80893401CC0B242
:109F4000032800D30020934682F80E038148B8F816
:109F5000006043460288A8463243028085481D803F
:109F6000BAF1000FC38942EA03422260028A438A9F
:109F700042EA034262607DD07749002604F1080777
:109F800088693546402827D3C868896B0E187A49F6
:109F9000896B0D18704940234A68C8684030904268
:109FA00005D3B0FBF2FC00E014E00CFB1200C8602B
:109FB000086BD1F834C0402282184CF100000A63CB
:109FC0004863183151E8000FC01A41E80002002A26
:109FD000F8D105E00120AAE700215F4803F092FCD8
:109FE000664B00201A5CFF2A0DD066B15DB102F00D
:109FF0001F01202A03D2A1F1010101F01F0105D2A6
:10A0000036F9111007E027F8108006E035F8111036
:10A010004FEA410109B227F8101000F101000828A9
:10A02000E0D3BAF1000F03D0A4F81890A4F81A8076
:10A03000DBF8F802A083000CE0834D48202541683E
:10A0400082682032826082688A4206D3826883688E
:10A05000B2FBF1F202FB11318160816AC26A2031E8
:10A06000444642F100028162C262002100EB81029B
:10A07000183200E021E052E8003F2B4442E800366D
:10A08000002EF6D1491C0329F0DB20213448F2F7D9
:10A09000E3FD3B4A2F4910880B88184310800C8041
:10A0A0000120F1F7FFFAEEF709FD00283FF4F6AEC4
:10A0B000BDE8F05F0520F1F7F5BA324F324DDFED24
:10A0C000330A97ED000A10EE102AAA4201DDB0EE25
:10A0D000600A10EE102A4FF047469FED2D1AB2424B
:10A0E00001D9B0EE410ABDEEC00A10EE102A97ED7C
:10A0F000010A13B210EE102AAA4201DDB0EE600A86
:10A1000010EE102AB24201D9B0EE410A0589468903
:10A11000BDEEC00A45EA0646A6608589068810EEAF
:10A12000102A45EA0645E5604588808845EA0040F2
:10A1300020618888461C8E8049EA0040606198B2A0
:10A1400040EA0240A06173E700400140B954042096
:10A15000EC540420E854042098E90420D8EA0420B0
:10A16000A0FB0420705804206A790420D8F204204F
:10A1700058EA042080E90420D8E90420D8550420B6
:10A18000EA540420D079042000FEFF4600FEFF467A
:10A19000000000C770B58CB014216846E6F778FC63
:10A1A00000242448059406940794089409940A947A
:10A1B000016841F0010101600068012600F0010022
:10A1C0000B904FF4805000900220CDE9010603204F
:10A1D000CDE9030669461848F4F75AF9184D1748AF
:10A1E000C5E90004C5E902462C616C612846AC61F2
:10A1F000F7F7E0F9661E98B94FF40050CDE9050471
:10A20000079405A928460894F7F7F3FB40B92020E6
:10A21000099080200A9009A92846F7F755F910B14E
:10A2200030460CB070BD2868C46028680461002006
:10A23000F7E7000030380240000002400000014013
:10A2400034A400200148F7F743BC00007CA40020A0
:10A2500002496FF0010008617047000000200040D3
:10A26000F0B50268274D284E284FDFF8A4C0294BCF
:10A270004FF0804EA84209D0704507D0B04205D0BB
:10A28000B84203D0604501D0984203D122F0700457
:10A290004A682243A8421BD0704519D0B04217D05B
:10A2A000B84215D0604513D0984211D01A4CA04244
:10A2B0000ED01A4CA0420BD0194CA04208D0194C19
:10A2C000A04205D0184CA04202D0184CA04203D1A5
:10A2D00022F44074CA6822434C6922F0800222436F
:10A2E0008C68C4620C688462A84201D0984201D193
:10A2F00009690163016841F00401016001214161C4
:10A300000260F0BD00000140000400400008004071
:10A31000000C0040000401400040014000440140A6
:10A320000048014000180040001C00400020004090
:10A3300010B501F01F010123046A8B409C430462A5
:10A34000036A8A401343036210BD10B5846842EA71
:10A35000032224F47F440A432243826010BD8268B2
:10A3600022F070020A4342F007018160704700004A
:10A37000F0B5026A036A23F001030362436884694B
:10A38000114E24F073050C68104F2C4322F0020587
:10A390008A682A43B04201D0B84205D122F00805AC
:10A3A000CA682A4322F00402B04201D0B84205D163
:10A3B0004D6923F440731D438B692B4343608461D3
:10A3C000496841630262F0BD0000014000040140A1
:10A3D000F0B5026A036A23F01003036243688469DC
:10A3E0000D6824F4E64444EA05248D6822F0200236
:10A3F00042EA05120F4D104EA84201D0B04206D1DC
:10A40000CF6822F0800242EA071222F04002A842FE
:10A4100001D0B04207D14D6923F4406343EA85037C
:10A420008D6943EA85034360846149688163026200
:10A43000F0BD00000000014000040140F0B5026AD8
:10A44000036A23F4807303624368C46922F40072D0
:10A4500024F073050C68124E2C438D6842EA0522E5
:10A460000E4DA84201D0B04206D1CF6822F400625E
:10A4700042EA072222F48062A84201D0B04207D10A
:10A480004D6923F4405343EA05138D6943EA0513EC
:10A490004360C4614968C1630262F0BD00000140CD
:10A4A0000004014030B5036A026A22F4805202625D
:10A4B0004268C4690D6824F4E64444EA05248D68C2
:10A4C00023F4005343EA0533084DA84202D0084D57
:10A4D000A84204D14D6922F4804242EA85124260CA
:10A4E000C46149680164036230BD0000000001409E
:10A4F0000004014070B50268002493684D6823F0A1
:10A5000070031D430B6825F007052B4393604A68D1
:10A5100012F00F0F31D11211082A2ED2DFE802F00B
:10A520002E2E2E2E0B2127040B69D1E90221006863
:10A53000FFF70BFF22E00A68052A10D00268156AAF
:10A54000136A23F00103136202689369096923F017
:10A55000F00343EA01119161006805620EE00120F9
:10A5600070BD0A698968006800F00AF806E00A69A7
:10A570008968006800F015F800E00124204670BDED
:10A5800010B5046A036A23F001030362836923F0B0
:10A59000F00343EA021324F00A020A4383610262D1
:10A5A00010BD10B5036A046A24F0100404628469C3
:10A5B00023F0A00324F4704444EA023243EA011178
:10A5C0008261016210BD00000A4810B5016821F0E7
:10A5D000200101600848EEF7C7FBEFF74DF920B105
:10A5E0000648EAF76FFAF1F745FABDE81040022095
:10A5F000F1F758B898E90420580100203452534923
:10A6000001680C3151E8002F22F4907241E80023D8
:10A61000002BF5D10168143151E8002F22F001021E
:10A6200041E80023002BF5D1016B012909D1016814
:10A630000C3151E8002F22F0100241E80023002BDA
:10A64000F5D1202180F84210002101637047016894
:10A650000C3151E8002F22F0C00241E80023002B0A
:10A66000F5D1202180F841107047000070B50446F4
:10A6700000680169E26821F4405111430161A16859
:10A680002069E26901436069104301432068C268A0
:10A6900049F20C639A430A43C26020684169A26987
:10A6A00021F440711143416134492068884208D047
:10A6B0003349884205D03349884202D03249884222
:10A6C00002D1F5F78FFE01E0F5F77CFEE269002389
:10A6D000192164253226B2F5004F626828D0A0FB0C
:10A6E0000101930F9200E5F757FF0146B0FBF5F02B
:10A6F0006FF01802504301EB800006EB0010B0FB36
:10A70000F5F000F0F002B1FBF5F002EB0012B1FB46
:10A71000F5F06FF01803584301EB800006EB0010D2
:10A72000B0FBF5F000F00F0021681044886070BDA8
:10A73000A0FB010192185B41E5F72EFF0146B0FB3B
:10A74000F5F00201B1FBF5F06FF01803584301EB8F
:10A75000800006EBC000B0FBF5F000F0F80002EB63
:10A760004002B1FBF5F0584301EB800006EBC0005E
:10A77000B0FBF5F000F00700D6E700000010014044
:10A780000014014000180140001C014010B5F6F70C
:10A7900033FB1B48016821F0200101604FF4804128
:10A7A0001848F3F755FF0028174809D0ECF764FD67
:10A7B000EFF762F858B11548EAF784F9F1F75AF95A
:10A7C000ECF7CCFCBDE810400F48ECF73FBE10485A
:10A7D000D0F83812C9030CD4D0F83012C968090671
:10A7E0000CD5D0F8340220B1806B10B1006800287D
:10A7F00004D1BDE810400448EEF79CBD10BD000038
:10A8000098E9042000080240209D04204252534948
:10A8100020CD04200D4810B5016821F02001016011
:10A820000B48EEF7A1FAEFF727F820B10948EAF74D
:10A8300049F9F1F71FF90848016841F0200101606A
:10A84000BDE810400220F0F72DBF000098E9042079
:10A8500058010020365253490C14014010B5D0F86D
:10A86000B82200245268904700B10324204610BD4E
:10A870000020704700207047134610B50A4600219B
:10A8800000F0DDFA002010BD134610B50A46002185
:10A8900000F07FFB002010BD10B50446802100F0C1
:10A8A00059FB2046BDE81040002100F053BB10B515
:10A8B0000521C0F8941200231A46194600F0BFFA89
:10A8C000002010BD10B50223C0F8943242618261AD
:10A8D000134641620A46002100F05BFB002010BDD8
:10A8E00010B50421C0F8941200231A46194600F04E
:10A8F00050FB002010BD000010B50A46024903A01D
:10A9000000F00DF9004810BD70FD04204D534320A8
:10A91000436F6E6669670000122008800048704728
:10A920009879042010B50A46024903A000F0F7F810
:10A93000004810BD70FD04204D534320496E7465DE
:10A94000726661636500000004200880004870475B
:10A950009479042010B50A46024903A000F0DFF8FC
:10A96000004810BD70FD042053544D6963726F653B
:10A970006C656374726F6E696373000010B50A468C
:10A98000024903A000F0CBF8004810BD70FD042080
:10A9900053544D3332204D6173732053746F726181
:10A9A0006765000010B51A2008800A480168001D7C
:10A9B0000468001D0068081809D008220649FCF741
:10A9C00075FD0549042210312046FCF76FFD024851
:10A9D000801E10BD107AFF1FAE790420F8B5044622
:10A9E0000020ADF8000048880D46010A08295FD212
:10A9F000DFE801F05E0409175E5E3D45D4F8B4124D
:10AA0000207C0A6819E0207C02260028D4F8B802CD
:10AA100005D0C16A684688470146467039E0816AB8
:10AA2000F8E7C0B2062843D2DFE800F0030B1115A7
:10AA3000191DD4F8B402426806E069469047014601
:10AA400027E0D4F8B40282688AB3207CF5E7D4F812
:10AA5000B402C268F8E7D4F8B4020269F4E7D4F8A3
:10AA6000B4024269F0E7D4F8B4028269ECE7207CD2
:10AA7000E8B9D4F8B802416B68468847DFE7207C24
:10AA8000A8B9D4F8B802016B684688470146072088
:10AA90004870EA888AB1BDF8000040B1824200D90E
:10AAA0000246ADF800202046FFF70CFFF8BDFFE797
:10AAB00029462046FFF7F0FEF8E72046FFF710FF93
:10AAC000F4E778B50E4642880178002405468A42AC
:10AAD00012D9ADF800100AE0694600F019F8417883
:10AAE000052904D181780446B14205D00024698843
:10AAF000BDF800209142EFD8204678BD002102E049
:10AB0000491CC9B2401C0278002AF9D10846704796
:10AB10000A8803781A440A8001780844704770B59F
:10AB200016460D46002820D00446FFF7E7FF022115
:10AB300001EB40014FF40070814204D82046FFF73A
:10AB4000DDFF4000801C3080307828700320687062
:10AB50000220002206E02954401CC0B22A54401CA6
:10AB6000C0B2641C21780029F5D170BD01004FF0FE
:10AB7000000004D0012901D0022901D00320704730
:10AB80000120704778B10023C0F8B832C0F8C43251
:10AB9000C0F8D03209B1C0F8B412012180F89C127B
:10ABA000027000F0D9B80320704710B5D0F8C80281
:10ABB000F4F7B0FCBDE81040FFF7D8BF10B5D0F8EF
:10ABC000C802F4F782FCBDE81040FFF7CFBF70B5B4
:10ABD0000446002521B194F89C02032846D050E099
:10ABE000D4F8941204F11400022939D18189426801
:10ABF0008A420AD9511A416082890169114401616E
:10AC000042682046FFF740FE0FE0914214D10068F1
:10AC1000884211D3D4F8981288420DD200221146EE
:10AC20002046FFF731FEC4F8985200231A46194611
:10AC3000204600F004F913E094F89C02032808D1A0
:10AC4000D4F8B802C16821B1C4F8D452C168204612
:10AC500088478021204600F07DF92046FFF727FE37
:10AC600094F8A00268B184F8A0520AE0D4F8B802BF
:10AC7000426932B1C4F8D452426920469047002854
:10AC800000D1002070BD10B50446002221B194F817
:10AC90009C02032834D03EE0D4F8941204F5AA7044
:10ACA000032938D18389416899420ED9C91A416074
:10ACB00001699AB211440161426898B2824200D897
:10ACC00002462046FFF7D8FD25E094F8AA0210F0CE
:10ACD0001F0003D0012802D0022800D0002294F8DF
:10ACE0009C02032808D1D4F8B802016921B1C4F844
:10ACF000D4220169204688472046FFF7F1FD0AE08B
:10AD0000D4F8B802836933B1C4F8D42282692046EA
:10AD10009047002800D1002010BD0020704710B5DA
:10AD20000024012180F89C12D0F8B82222B1526888
:10AD30000179904700B10324204610BD10B5D0F82A
:10AD4000C802F4F714FCBDE81040FFF70FBFD0F8BD
:10AD5000C802F4F726BC000010B5017841BB1549C4
:10AD60000222C1F8E004C0F8C8124FF0A040086009
:10AD700006200871CA71002088714A728872C872F0
:10AD8000087348738873C8730846F4F77DFF08B1E9
:10AD9000F2F742FE80210748F4F747FB40220021EA
:10ADA0000448F4F746FB802201210248F4F741FBF6
:10ADB000002010BD546E04200A0601F07F01D0F877
:10ADC000C80201EBC10100EB810001D5807D704715
:10ADD00090F85602704710B5D0F8D42200EB8202EA
:10ADE000D2F8B82222B190F89C32032B02D004E0B2
:10ADF000032010BD126A02B19047002010BD10B5AB
:10AE0000D0F8D42200EB8202D2F8B82222B190F816
:10AE10009C32032B02D004E0032010BD526A02B121
:10AE20009047002010BD10B51C461346D0F8C8024C
:10AE30002246F4F7BFFBBDE81040FFF797BE10B500
:10AE4000D0F8C802F4F7E7FBBDE81040FFF78EBE6C
:10AE50002DE9F04100250126044680F89C62C4F8E3
:10AE600094526560C4F8A45280F8A052D0F8B80299
:10AE700030B1426822B100212046904700B103253D
:10AE80000022402311462046FFF7CDFF402784F8DB
:10AE90006361A4F860713B46002280212046FFF7E1
:10AEA000C2FF84F8236027842846BDE8F08190F82B
:10AEB0009C12042903D190F89D1280F89C12002066
:10AEC000704710B590F89C12032905D1D0F8B8123C
:10AED00011B1C96901B18847002010BD017400207B
:10AEE000704710B5D0F8C802F4F7B7FFBDE81040BE
:10AEF000FFF73CBE70B5044600F2AA20054600F0FC
:10AF0000B5F90120C4F89402B4F8B002C4F898026C
:10AF100094F8AA2212F01F000AD001280ED00228AD
:10AF200012D02046BDE8704002F0800100F012B857
:10AF300029462046BDE8704000F036BA2946204632
:10AF4000BDE8704000F079BB29462046BDE870405E
:10AF500000F0C0BA10B5D0F8C802F4F778FBBDE82D
:10AF60001040FFF703BE10B5D0F8C802F4F78FFF0A
:10AF7000BDE81040FFF7FABD90F89C12042903D0F9
:10AF800090F89C1280F89D12042180F89C120020F9
:10AF9000704710B5D0F8C802F4F792FBBDE8104036
:10AFA000FFF7E4BD10B5FCF769FB002010BD10B53C
:10AFB000FCF788FB002010BD70B51C4D0446697875
:10AFC000FFF7FCFD6878002600F00F0000EB800022
:10AFD00004EB800080F8636129782046FFF7EEFDDE
:10AFE000287800F00F0000EB800004EB800080F870
:10AFF0002360D4F8D40204EB8000D0F8C00290B1F2
:10B000002046FCF783FBD4F8D40204EB8000D0F890
:10B01000C00200F04BFBD4F8D40204EB8000C0F86F
:10B02000C062C4F8BC62002070BD00003458042027
:10B030000A210180004870475858042070B5054621
:10B0400081210848FFF73DFD044601210548FFF72F
:10B0500038FD402104B1A18000B1818020202880EA
:10B06000004870BD3858042070B505468121094854
:10B07000FFF727FD044601210648FFF722FD4FF4A4
:10B08000007104B1A18000B1818020202880014896
:10B0900070BD00003858042070B50546812108486D
:10B0A000FFF70FFD044601210548FFF70AFD402187
:10B0B00004B1A18000B1818020202880004870BDAB
:10B0C000385804202DE9F041044641F2840000F094
:10B0D000EFFA78B3D4F8D412254D04EB81010126A0
:10B0E000C1F8C002C4F8BC02207C68B3402302222D
:10B0F00069782046FFF797FE6878402300F00F003C
:10B1000000EB800004EB800080F863610222297864
:10B110002046FFF788FE287800F00F0000EB800043
:10B1200004EB800080F823602046FCF7FBFA002047
:10B13000BDE8F081FFE7D4F8D412002004EB8101D0
:10B14000C1F8C0020220F3E74FF400773B46022229
:10B1500069782046FFF767FE68783B4600F00F00ED
:10B1600000EB800004EB800080F86361CEE7000014
:10B170003458042039B1D0F8D42200EB8200C0F852
:10B18000C4120020704703207047F8B50646D0F877
:10B19000D4020C4606EB80010025D1F8C072ADF850
:10B1A000005037B1207810F0600226D0202A43D119
:10B1B00001E00320F8BD6278FE2A02D0FF2A3BD1CD
:10B1C00011E062889ABBE288012A35D1000633D5A6
:10B1D000D1F8C402C0698047022800D902200122A8
:10B1E000394638601FE0618809BBE188F9B900067B
:10B1F00022D43046FCF7CCFA23E0607830B1012845
:10B2000024D00A2809D00B2816D111E096F89C0208
:10B21000032811D10222694605E096F89C02032812
:10B220000AD10122391D3046FFF74CFB09E003E04B
:10B2300096F89C02032806D021463046FFF72CFBE7
:10B2400003252846F8BDA0787860FAE796F89C02B6
:10B250000328F6D160880028F3D121793046FFF722
:10B260006DFD21793046FCF7E1F9EAE770B5044657
:10B2700011F8010B207011F8010B60700D460846A3
:10B28000FEF783F9A91C60800D460846FEF77DF99C
:10B29000A080A81CFEF779F9E08070BD38B504469F
:10B2A0000020ADF80000A1B1C4F8B812D4F8D4025F
:10B2B00004EB8000D0F8B802C16A19B1684688472B
:10B2C000C4F8D002D4F8D802401CC4F8D802002038
:10B2D00038BD032038BD03460020D3F8B822002A29
:10B2E00002D0126818461047704700002DE9F0415F
:10B2F00088462B4E8978002504463170012906D9ED
:10B3000041462046FFF7C8FA0320BDE8F08194F8D3
:10B310009C02022702280CD003281DD0414620465B
:10B32000FFF7BAFA31782046FFF798FA0325284646
:10B33000EBE789B320466160FFF7CDFF050004D03D
:10B3400041462046FFF7A8FA1DE02046FFF7C8FA5D
:10B35000032084F89C02EAE7C1B1606888421BD0F0
:10B36000C1B22046FFF77AFA317820466160FFF7D4
:10B37000B2FF050010D041462046FFF78DFA217933
:10B380002046FFF76BFA84F89C72D0E784F89C7231
:10B3900020466160FFF762FA2046FFF7A1FAC6E790
:10B3A00030580420FFF7DFBD2DE9F0410A78002670
:10B3B00012F060020CD0202A01D0402A7DD1D0F8B2
:10B3C000D42200EB8202D2F8B8229268904731E092
:10B3D0004A78002301250A2A6FD2DFE802F041668D
:10B3E0006E586E08056E2D29FFF7F8FA67E00446DF
:10B3F0008888D8B9C888C8B94888802816D200F08B
:10B400007F0794F89C02032810D084F89E72394676
:10B410002046FFF766FD2046FFF762FA1FB10220C3
:10B4200084F89C024BE084F89C5248E0204644E0BB
:10B43000FFF75CFF064642E0CA88012A3DD190F83A
:10B440009C22012A04D0022A02D0032A35D104E02A
:10B45000012200F10801836016E00122011D13E0C2
:10B4600090F89C22012A03D0022A01D0032A24D179
:10B47000CA88022A21D1C560D0F8A41209B10321DB
:10B48000C160022200F10C01FFF71CFA17E04A88A4
:10B49000012A02D0022A03D00FE0C0F8A45216E01D
:10B4A0008988090A80F8A01211E090F89C22012AEC
:10B4B00008D0022A06D0032A04D0FFF7EDF930465F
:10B4C000BDE8F08149880129F9D1C0F8A432FFF71D
:10B4D00007FAF4E72DE9F041054608780C790E46A5
:10B4E0004FF0000810F060000BD0202801D0402859
:10B4F0006BD121462846FFF7BBF9FF2800D0D8B30F
:10B5000098E07078C8B3012824D003285DD195F85D
:10B510009C02022802D0032857D10CE0002C54D002
:10B52000802C52D021462846FFF714FD8021284662
:10B53000FFF710FD7EE0708840B93CB1802C05D04B
:10B54000C88818B921462846FFF704FD2846FFF7AA
:10B55000C7F96FE095F89C020228DFD0032866D176
:10B56000708888BB600603D021462846FFF71DFB84
:10B570002846FFF7B5F9BCE700E00AE0C5F8D402B9
:10B58000D5F8B8028268FAB131462846904780461D
:10B5900050E095F89C020027022802D0032846D1EB
:10B5A00014E00CB1802C42D1200604F07F0000EBA7
:10B5B000800005EB800101D5143101E001F5AA718D
:10B5C000022201F80E7F2EE034E030E0200604F085
:10B5D0000F0000EB800005EB80000AD590F82300F7
:10B5E00028B304F07F0000EB800005EB80061436E2
:10B5F0000AE090F86301D0B104F07F0000EB800016
:10B6000005EB800606F5AA764CB1802C07D02146C2
:10B610002846FFF7D1FB10B10120B07300E0B773EB
:10B62000022206F10E012846FFF74CF902E02846F7
:10B63000FFF732F94046BDE8F08170B5054608785D
:10B6400000240E4610F0600003D0202801D04028CE
:10B6500027D195F89C02012803D0022801D00328A5
:10B660001FD1B088C1B201291AD8C1B22846FFF74C
:10B6700001F9FF280CD058B9D5F8B8128A683AB148
:10B68000C5F8D4028A68314628469047044600E04F
:10B690000324F088204307D12846FFF721F903E06F
:10B6A00031462846FFF7F8F8204670BD7047000085
:10B6B00000487047CC5D042070B50A78012302F081
:10B6C0000F054E78AB401B4CD0F81C58012E17D0FC
:10B6D00045EA0343C0F81C3800EB4210D0F8002BB9
:10B6E00012040BD4D0F8002B0B890979C3F30A0399
:10B6F0001A4344EA81410A43C0F8002B002070BD80
:10B700009BB21D43C0F81C5800EB4210D0F8003922
:10B710001B04F3D4D0F800390D890979C5F30A0563
:10B7200089042B4341EA82510B432343C0F800397B
:10B73000E4E7000000800010D0F800196FF30A0160
:10B74000C0F80019D0F8041841F48071C0F804184A
:10B750000020704770B50D460446C2F307200499D7
:10B760001E4601281BD0E06840F04000E060204603
:10B7700000F032F8C6F307210029A16B26D021F48E
:10B780008031A163C5F30741012907D1A16841F0C8
:10B790000601A160A16841F02001A16070BDA06B0D
:10B7A00020F48030A063E0680A4A1040E060E0685E
:10B7B00020F44010E060C8B2012803D1E06840F4F2
:10B7C0008010E060204600F007F8DBE741F48031AC
:10B7D000D7E70000BFFFBDFF08B500214FF0706242
:10B7E00000910099491C0091914210D801690029EB
:10B7F000F7DA0A210091491E0091FCD1016941F05C
:10B80000010101610099491C0091914201D9032075
:10B8100008BD0169C907F5D1002008BD70B54C7895
:10B820000A78012300EB4212012C2DD0D2F8004BF4
:10B83000002C0BDAD2F8004B44F00064C2F8004B45
:10B84000D2F8004B44F08044C2F8004BD0F83C489A
:10B850000D781E4605F00F05AB4024EA0343C0F8FF
:10B860003C38D0F81C48097801F00F0106FA01F3C2
:10B8700024EA0341C0F81C18D2F8000B194908400B
:10B88000C2F8000B002070BDD2F80049002C0BDA82
:10B89000D2F8004944F00064C2F80049D2F80049E7
:10B8A00044F08044C2F80049D0F83C480D7805F0D7
:10B8B0000F061D46B3409BB29C43C0F83C48D0F8ED
:10B8C0001C48097801F00F0105FA01F399B28C4385
:10B8D000C0F81C48D2F8000903490840C2F8000922
:10B8E000D0E700000078F3EF007833ECD0F8001ECA
:10B8F00021F00301C0F8001ED0F8041821F0020165
:10B90000C0F8041800207047D0F8001E21F0030191
:10B91000C0F8001ED0F8041841F00201C0F8041865
:10B92000002070472DE9F04F002604460F4692464E
:10B930003046354604EB8001C1F80451401C0F2805
:10B94000F8D3C3F307405FEA000B204610D0806BAA
:10B9500040F400112046A163C0F8005ECAF307203E
:10B96000012819D0D4F80018204641F003011AE04C
:10B97000D0F8040840F00201C4F80418A06B20F4C9
:10B980000011A163206840F040012160206840F070
:10B99000800120462160DFE7380ED4F800182046E9
:10B9A00001D041F00101C0F80018102100F086FA22
:10B9B00000B10126204600F065FA00B10126C4F866
:10B9C0001058C4F81458C4F81C5800204FF0006CEC
:10B9D0004FF090434FF67F39FAB214E004EB401178
:10B9E000D1F80089B8F1000F06DA10B1C1F80039BA
:10B9F00004E0C4F800C901E0C1F80059C1F81059C9
:10BA0000C1F80899401C8242E8D8002014E004EBF9
:10BA10004011D1F8008BB8F1000F06DA10B1C1F86F
:10BA2000003B04E0C4F800CB01E0C1F8005BC1F8C2
:10BA3000105BC1F8089B401C8242E8D8D4F810087B
:10BA400020F48071C4F81018A5616FF08040606127
:10BA5000C7F3074018B9A06940F01000A061A069C1
:10BA600009490843A061CAF3074018B1A06940F032
:10BA70000800A061BBF1010F03D1A069034908438D
:10BA8000A0613046BDE8F08F00383C8004000040E3
:10BA9000816821F0010181600020704710B5036CBE
:10BAA000134CA34203D9D0F8003B002B1EDB00232C
:10BAB000C0F8103BD0F8103B43F40023C0F8103B13
:10BAC000D0F8103B43F01803C0F8103BD0F8103BFF
:10BAD00043F0C043C0F8103B012907D1C0F8142B34
:10BAE000D0F8001B41F08021C0F8001B002010BDE1
:10BAF0000A30544F4A780B78012A00EB43100BD0E0
:10BB0000D0F8002B22F40012C0F8002B0979032989
:10BB100014D0022912D017E0D0F8002922F4001224
:10BB2000C0F800290979032901D002290CD1D0F8E5
:10BB3000001941F08051C0F8001905E0D0F8001B51
:10BB400041F08051C0F8001B002070470A784B7804
:10BB5000D1B200EB4110012B12D0D0F8001B00290C
:10BB600006DB2AB1D0F8001B21F08041C0F8001B91
:10BB7000D0F8001B41F40011C0F8001B00207047F2
:10BB8000D0F80019002906DB2AB1D0F8001921F0FD
:10BB90008041C0F80019D0F8001941F40011C0F834
:10BBA0000019EBE7F8B50C784F788B4DE3B26FF0E6
:10BBB000604600EB4313012F29D0D3F8107B6FF3BD
:10BBC0001207C3F8107BD3F8107B2F40C3F8107B0B
:10BBD000002C7DD00D69002D7BD08C6825446D1E16
:10BBE000B5FBF4F5ADB26C430C62D3F8104B06EA2A
:10BBF000C5452C43C3F8104BD3F8104B0D6AC5F361
:10BC000012052C43C3F8104B012A70D0CBE00F690A
:10BC1000EFB1D3F810796FF31207C3F81079D3F8A6
:10BC200010792F40C3F810790CB30F698D682F4439
:10BC30007F1EB7FBF5F5D3F81079ADB206EAC5461D
:10BC40003743C3F810790E79012E1CD02AE0D3F8BF
:10BC500010692E40C3F81069D3F8105945F4002537
:10BC6000C3F81059D3F810596FF3120520E00E698C
:10BC70008D68AE4200D90D61D0F8105945F4002608
:10BC8000C0F810690EE0D3F8106926F0C046C3F87A
:10BC90001069D3F810694FF0C04707EA45752E4385
:10BCA000C3F81069D3F810590E69C6F3120635436C
:10BCB000C3F81059012A1BD000EB4413D3F80049F4
:10BCC00044F00444C3F800490C79012C31D001E060
:10BCD00044E057E00A695AB3D0F83428097801F0F3
:10BCE0000F03012199400A43C0F8342871E056E05F
:10BCF000CA691AB100EB4413C3F814290979012960
:10BD00000ED1D0F80818C90500EB4411D1F800296C
:10BD100002D442F0005201E042F08052C1F8002902
:10BD200000EB4410D0F8001941F00441C0F80019AC
:10BD30004FE0D0F80848E405D3F8004902D444F0B5
:10BD4000005401E044F08054C3F8004900920A8A8C
:10BD500093B20A78C96800F0DFF93AE00C690CB1D7
:10BD60008C680C618C680C62D0F8105BC4F3120410
:10BD70002543C0F8105BD0F8104B44F40024C0F801
:10BD8000104B41E7D3F8104B8D68C5F312052C43D7
:10BD9000C3F8104BD3F8104B44F4002432E7CA68C0
:10BDA0000AB1C3F8142B097901290CD1D0F808087D
:10BDB000C005D3F8000B02D440F0005001E040F081
:10BDC0008050C3F8000BD3F8000B40F00440C3F8D8
:10BDD000000B0020F8BD0000FFFF07E038B500228F
:10BDE00000920B784D7800EB431442F21073012D52
:10BDF00019D0D4F8005B002D3CDAD4F8005B45F094
:10BE00000065C4F8005B0C7800EB4414D4F8005BC8
:10BE100045F08045C4F8005B009C641C00949C4283
:10BE200021D9012226E0D4F80059002D22DAD4F8D5
:10BE3000005945F00065C4F800590C7800EB441433
:10BE4000D4F8005945F08045C4F80059009C641CA2
:10BE500000949C42E5D80C7800EB4414D4F80049D7
:10BE6000002CF3DB06E00C7800EB4414D4F8004B14
:10BE7000002CD1DB104638BD816841F001018160A2
:10BE80000020704708B500234FF0706200930099BE
:10BE9000491C009191420AD801690029F7DA102162
:10BEA000009301610099491C0091914201D903203E
:10BEB00008BD0169C906F5D4002008BD18B50024E5
:10BEC0004FF070630094009A521C00929A420CD872
:10BED0000269002AF7DA202242EA81110094016106
:10BEE0000099491C0091994201D9032018BD0169AC
:10BEF0008906F5D4002018BDD0F8080810F0060017
:10BF000004D0022803D0062801D00F207047022059
:10BF10007047406900F001007047D0F81818D0F859
:10BF20001C08084080B27047D0F81818D0F81C08D8
:10BF30000840000C704710B5D0F81038D0F83428FD
:10BF400001F00F0400EB4110E24002F00102D0F8D2
:10BF5000080943EAC212104010BD00EB4111D1F8AC
:10BF6000081BD0F8140808407047416980690840F0
:10BF7000704730B503460846940802F003010022DA
:10BF800003F5805303E01D6840F8045B521CA24295
:10BF9000F9D300290BD01C680022D50024FA05F340
:10BFA000491E521C090400F8013B090CF5D130BDB3
:10BFB00070B50546C068002420F0C040E860012943
:10BFC00001D079B120E0E86840F00050E8600A2034
:10BFD000F2F7B6F968690A3410F0010F10D1C82CD5
:10BFE000F5D30DE0E86840F08040E8600A20F2F701
:10BFF000A7F968690A3410F0010F01D0C82CF5D3F5
:10C00000C82C01D0002070BD012070BDD0F80028E0
:10C0100022F4FE62C0F80028D0F800284FF4FE6336
:10C0200003EA01110A43C0F800280020704700000D
:10C03000022A3ED1264A274B0A449A4201D20F21B6
:10C0400038E0254A254B0A449A4201D20E2131E0BC
:10C05000234A244B0A449A4201D20D212AE0224A63
:10C06000224B0A449A4201D20C2123E0204A214B60
:10C070000A449A4201D20B211CE01F4A1F4B0A447A
:10C080009A4201D20A2115E01D4A1E4B0A449A42E7
:10C090000FD31D4A1D4B0A449A4201D2082109E0E0
:10C0A0001B4A11441B4A914201D2072102E006219A
:10C0B00000E00921C26822F47052C260C2684FF4E5
:10C0C000705303EA81210A43C260002070470000D8
:10C0D000405327FF00350C00401E1BFF40420F005D
:10C0E00000DC0BFF804F1200808CF9FE20D613007D
:10C0F00060B6E5FE60E3160000D3CEFE40771B007D
:10C10000C05BB3FEC091210000CA91FE20753800CB
:10C11000E05459FEE09C410010B5029C6CB9DB1C58
:10C120009C0800EB0230002300F5805003E051F83A
:10C13000042B02605B1CA342F9D3002010BD0D202C
:10C14000E8F7AEFDEFF796FC70B50546E8F778FA2C
:10C15000686AB0F5803F01D34FF6FF7028632C6802
:10C16000E06C0068016821F001010160A06C0068CA
:10C17000016821F0010101602068016821F040019F
:10C1800001602068416821F0030141602846E7F71B
:10C1900043FEE16C25480968C860E16C20680968C5
:10C1A0000C308860E16C286B09684860E06C0068BE
:10C1B000016821F4A2610160A16CE86B0968C860A4
:10C1C000A16C206809680C308860A16C286B096834
:10C1D0004860A06C0068016841F482610160A06C55
:10C1E0000068016821F4807101602068016821F015
:10C1F000400101602068416841F001014160E06C4C
:10C200000068016841F001010160A06C00680168EC
:10C2100041F0010101602068416841F00201416084
:10C220002068016841F04001016070BD1C56042087
:10C230002DE9F04105462DED068B94B000201C46FB
:10C240009FED2F8A9FED2F9B1646F0EE488A1880AF
:10C250000746B3EE04AAE846780002F02AFC53EC45
:10C26000192B02F0D3FC02F049F900EE900A80EE9F
:10C270008A0A10EE100A02F0C3FF41EC100B00F026
:10C280002BFB51EC100B02F039F948F827007F1C0A
:10C29000C446142FE0DB0020B0EE481A1422B0EEA2
:10C2A000418A00210B1893FBF2F702FB17330CEBCA
:10C2B000830393ED000A05EB8103491CD3ED000ACB
:10C2C000142900EE808AEDDBF2EE040A88EE200AE3
:10C2D000F4EEC08AF1EE10FA09D24FF4B471414382
:10C2E00091FBF2F186ED000AF0EE408A2180401CBD
:10C2F0001428D4DB14B0BDEC068BBDE8F08100003F
:10C300000000000044174154FB21094003B4019888
:10C310004100009850EAC12018BF04204A0D18BF00
:10C3200040F0010040F2FF72B2EB515F08BF40F0F5
:10C330000200012808BF052002B07047002809DB71
:10C3400000F01F02012191404009800000F1E0202F
:10C35000C0F880127047002809DB00F01F0201219D
:10C3600091404009800000F1E020C0F88012704741
:10C370000907090E002804DB00F1E02080F8001412
:10C38000704700F00F0000F1E02080F8141D7047A6
:10C39000BFF34F8F05480168054A01F4E06111437E
:10C3A0000160BFF34F8F00BFFDE700000CED00E020
:10C3B0000400FA05BFF34F8F05480168054A01F4F0
:10C3C000E06111430160BFF34F8F00BFFDE7000044
:10C3D0000CED00E00400FA05BFF34F8F054801683B
:10C3E000054A01F4E06111430160BFF34F8F00BFC4
:10C3F000FDE700000CED00E00400FA05000000007D
:10C4000070B59B482DED020B2DED068B079D25F099
:10C410000044A04218DC9748844202DC0AD1069806
:10C4200040B19DED060BBDEC068B02B0BDE870403F
:10C4300000F0DEBE002DCCBF9FED8F0B9FED900B6B
:10C44000BDEC068B02B070BD8F48A04215DD8F4851
:10C45000A042D8BF4FF0FF3458DD9DED060B51ECE4
:10C46000100BFFF753FF042808BF00F0E5FE9DED19
:10C47000060BBDEC068B02B070BD9DED060B51ECBA
:10C48000100B01F0BBFACDE9060181489FED828BCC
:10C49000A0423CDD8248A0421FDD00249FED82AB1C
:10C4A0009DED060B53EC1A2B51EC100B02F058F8D3
:10C4B0009DED060B41EC190B53EC1A2B51EC100BB4
:10C4C00002F0A4FB53EC182B02F0ACFD53EC192B3B
:10C4D00002F0FAF8CDE9060149E09DED060B0124D2
:10C4E00053EC182B51EC100B02F03AF89DED060BB3
:10C4F00041EC190B53EC182B51EC100B02F092FD90
:10C5000053EC192B02F0E0F8CDE906012FE0684862
:10C51000A0421FDD02249FED689B9DED060B53ECAE
:10C52000192B51EC100B02F071FB53EC182B02F09D
:10C5300017F89DED060B41EC180B53EC192B51EC41
:10C54000100B02F06FFD53EC182B02F0BDF8CDE993
:10C5500006010CE09DED060B032453EC102B9FED20
:10C56000580B51EC100B02F0AFF8CDE906019DED30
:10C57000060B53EC102B51EC100B02F047FB41EC77
:10C58000180B53EC182B02F041FB41EC190B4E48F1
:10C590000621B0EE490AF0EE690A784400F014FD75
:10C5A00053EC182B51EC100B02F030FB41EC180B44
:10C5B0004648B0EE490AF0EE690A0521784400F0D9
:10C5C00003FD53EC192B51EC100B02F01FFB41EC57
:10C5D000100B51EC180B53EC102B002C0EDA01F061
:10C5E000BFFF9DED061B53EC112B02F00FFB9DEDE1
:10C5F000061B53EC112B02F03DFC35E001F0B0FFBF
:10C600009DED061B53EC112B02F000FB41EC100BCF
:10C610002F48784400EBC40090ED001B51EC100B48
:10C6200053EC112B02F0FEFC9DED061B53EC112B7D
:10C6300002F0F8FC41EC100B2648784400EBC400F3
:10C6400090ED001B51EC100B53EC112B02F012FC7F
:10C6500041EC100B002DA2BFBDEC068B02B070BDEB
:10C6600051EC100B01F03EFF41EC100B01E7000014
:10C67000000010440000F07F182D4454FB21F93FC6
:10C68000182D4454FB21F9BF0000DC3F0000203E80
:10C690000000F33F00000000000000000000F03F39
:10C6A0000000E63F00000000000000000000004025
:10C6B0000080034000000000000000000000F83F80
:10C6C000000000000000F0BF7A4700003047000083
:10C6D000BA4600007246000070B56F4E2DED040B97
:10C6E0002DED048B82B0DDF824C0DDE907235C4228
:10C6F0002CF000411C4341EAD474069D22F0004016
:10C70000B44205D86C422C4340EAD474B4420BD9ED
:10C710009DED081B9DED060B02B0BDEC048B04B033
:10C72000BDE8704000F06EBDACF14054A4F17F64F0
:10C730001C430BD0022404EAAC7444EAD2740543CF
:10C740009FED578B9FED582B07D015E09DED060B05
:10C7500051EC100B00F09DFD42E0002C11BF012CAC
:10C760009DED060B02B0BDEC048B04BF04B070BDA0
:10C77000022C38D0032C3BD00B439FED4D1B9FED7B
:10C780004E0B0AD0B14218D1B04209D121F08041FC
:10C7900020F08040099107900FE0002A15DA10E0A0
:10C7A000474B7B44002C08BF93ED000B0DD0012CB0
:10C7B00010D0022C17D0032C1AD0B0421DD1002A61
:10C7C00003DAB0EE410AF0EE610A02B0BDEC048B70
:10C7D00004B070BD93ED000B51EC100B01F082FE24
:10C7E00041EC100BF1E7B0EE480AF0EE680AECE716
:10C7F000B0EE420AF0EE620AE7E7401A00159FED3C
:10C80000329B3C28C8BF8DED000B17DCBCF1000F3C
:10C81000BCBF10F13C0F8DED009B0FDB9DED080BB5
:10C8200053EC102B9DED060B51EC100B01F04CFF5F
:10C8300001F0E4F800F02DFDCDE90001B4B1012CC8
:10C8400010D0022C9FED220B53EC102B9DED000B12
:10C8500051EC100B19D002F0E5FB53EC182B02F051
:10C86000E1FBBDE7019880F0004001909DED000BD9
:10C8700053EC192B51EC100B02F082F804BF02208C
:10C88000E4F735F99DED000B9FE702F0CBFB53EC8D
:10C89000182B02F0EFFAA3E70000F07F0000000081
:10C8A000182D4454FB210940182D4454FB2109C084
:10C8B000182D4454FB21F9BF182D4454FB21F93F96
:10C8C000D245000000000000000000000000000051
:10C8D000075C143326A6A13C10B52F499FED2C1BF5
:10C8E0002DED020B84B0059820F000408842DCBF9B
:10C8F00000209DED040B32DD2849884209D10498BF
:10C9000040B94FF00100E4F7F2F800F085FC06B002
:10C9100010BD05DB9DED040B00F06AFC06B010BDF8
:10C9200068469DED040B00F07BF810F0030011D079
:10C93000012818D09DED021B9DED000B02281AD096
:10C9400000F08AFA51EC100B01F0CCFD06B041EC7E
:10C95000100B10BD9DED021B9DED000B012000F0A2
:10C96000AFFB06B010BD9DED021B9DED000B00F06E
:10C9700073FA06B010BD012000F0A2FB51EC100BC1
:10C9800001F0B0FD06B041EC100B10BD000000003E
:10C990000000000000000000FB21E93F0000F07FE4
:10C9A00000B52DED048BB0EE409AF0EE609A83B0A6
:10C9B00051EC190B02F06AFA41EC180B18EE100A50
:10C9C00018EE901A8DED008B002818BF0120084347
:10C9D00020F00040C0F17F6000F1E040C00F14D0B3
:10C9E00019EE101A19EE900A8DED009B002918BF60
:10C9F0000121084320F00040C0F17F6000F1E040D9
:10CA0000C00F04BF0120E4F772F8B0EE480A03B08B
:10CA1000F0EE680ABDEC048B00BD000000000000D1
:10CA20002DE9F14F04462DED020B2DED088B8AB058
:10CA30009FEDE70B80ED020B139EE74826F00045C3
:10CA400085420ADC9DED120B002084ED000B0AB03C
:10CA5000BDEC088B03B0BDE8F08FE0489FEDE0AB84
:10CA60009FEDE1BBA84247DDE14F9FEDE39B9FEDCA
:10CA7000E48B9DED120B53EC1A2B51EC100B002E96
:10CA80001CDD02F0CFFA41EC100BBD4208D053EC94
:10CA90001B2B51EC100B02F0C5FAC4E900010BE0AE
:10CAA00053EC192B51EC100B02F0BCFA53EC182B81
:10CAB00002F0B8FAC4E900010120C8E701F050FD16
:10CAC00041EC100BBD4208D053EC1B2B51EC100B6A
:10CAD00001F046FDC4E900010BE053EC192B51ECC9
:10CAE000100B01F03DFD53EC182B01F039FDC4E9AA
:10CAF00000014FF0FF30AAE7C348A84279DB9DED63
:10CB0000120B51EC100B00F079FF41EC180B9FED6C
:10CB1000C00B53EC102B02F079F89FEDBF1B53ECC8
:10CB2000112B01F01DFD01F067FF074601F0C1FF69
:10CB300041EC190B53EC1A2B02F068F853EC182B4C
:10CB400002F098F941EC180B53EC1B2B51EC190B2C
:10CB500002F05CF8DFF8C8A241EC100B4FEA155860
:10CB60000125FA4453EC102B51EC180B02F05AFA41
:10CB7000032DC4E900013DD0C1F30A5005EB451176
:10CB8000A8EB00001139814234DA0AEB051BB0EE44
:10CB900048AA9BED000BF0EE68AA53EC102B51EC69
:10CBA000190B02F033F841EC1B0B51EC1A0B53EC50
:10CBB0001B2B02F037FA41EC180B51EC1A0B53EC1B
:10CBC000182B02F02FFA53EC1B2B02F02BFA9BEDE3
:10CBD000020B41EC1A0B53EC102B51EC190B02F029
:10CBE00015F853EC1A2B02F01DFA41EC100B6D1CDA
:10CBF000B8E70EE0002EA8BF3846BFF628AF94ED88
:10CC0000000B51EC100B01F06DFCC4E900017842FF
:10CC10001DE7C6F3130040F4801EC6F30A50A0F2CD
:10CC2000F530471100F01F05C5F12000DDF848B0D0
:10CC300008900020069007900520EC467949002DC9
:10CC400007EB0002794408BF51F8221009D051F8CF
:10CC5000223001EB8201AB404A68089922FA01F1C7
:10CC60001943A1FB0E26A1FB0B131A449A4234BFB1
:10CC70000123002303EB06080CEB8003D3E901A694
:10CC80000E448E4234BF0121002192448A4411B1E6
:10CC9000924502D903E0924501D2012100E0002132
:10CCA000C3E901A641444CF82010011EA0F1010087
:10CCB000C4DC029800F10050850F0298DDE903679B
:10CCC0008000DDF8148001F0F4FE41EC1A0B3046D0
:10CCD00001F006FF9FED541B53EC112B01F096FF62
:10CCE00041EC1B0B384601F0FBFE9FED511B53EC52
:10CCF000112B01F08BFF41EC180B404601F0F0FEC8
:10CD00009FED4D1B53EC112B01F080FF41EC190BF3
:10CD100051EC180B53EC192B01F022FC53EC1B2B9C
:10CD200001F01EFC53EC1A2B01F01AFCCDE90801AE
:10CD3000002008909DED080B53EC1A2B51EC100BC2
:10CD400002F070F953EC1B2B02F06CF953EC182B2A
:10CD500002F068F953EC192B02F08CF89FED381BA8
:10CD600053EC112B01F052FF9FED370B41EC180BE8
:10CD700053EC102B9DED080B51EC100B01F046FF0E
:10CD800053EC182B01F0ECFB9FED310B41EC180B31
:10CD900053EC102B9DED080B51EC100B01F036FFFE
:10CDA00053EC182B01F0DCFB41EC100B139810F046
:10CDB000004F06D06D4251EC100B01F093FB41EC9B
:10CDC000100B284684ED000B41E600000000000037
:10CDD0000000000000000000FB21E93F7CD9024078
:10CDE00000004054FB21F93F3163621A61B4D03D29
:10CDF000FB21F93F000000000000601A61B4D03D43
:10CE00007370032E8A19A33BFB21394100000000F7
:10CE100083C8C96D305FE43F000000000000E03FC0
:10CE20001A42000068410000000000000000103EAF
:10CE3000000000000000103C000000000000103A5C
:10CE4000182D4454FB21F93D3326A611460B113C05
:10CE500000000054FB21F93D10B52DED040B2DED24
:10CE6000088B82B0B0EE419AF0EE619A0B9820F0F8
:10CE700000449FED4BABB4F1795F11DA9DED0A0BE5
:10CE800051EC100B01F0B8FD002801BFB0EE4A0ACA
:10CE9000F0EE6A0A02B0BDEC088B04BF04B010BD0E
:10CEA0009DED0A0B53EC102B51EC100B01F0AEFE74
:10CEB00041EC180B3C480621B0EE480AF0EE680A37
:10CEC000784400F081F853EC182B51EC100B01F072
:10CED0009DFE9DED0A0B41EC1B0B53EC192B51EC05
:10CEE000100B01F093FE41EC190B53EC1B2B51EC92
:10CEF000180B01F08BFE53EC192B02F093F89FED09
:10CF00002C0B41EC190B53EC102B51EC180B01F0CE
:10CF10007DFE41EC100B2848844210DA53EC192BAB
:10CF200051EC100B02F07EF853EC1A2B01F0A2FF2B
:10CF300041EC100B02B0BDEC088B04B010BD1F48D3
:10CF4000A042BCBF9FED1E1B8DED001B06DBA4F5B0
:10CF500000100190002000909DED001B51EC100B83
:10CF600053EC112B02F05EF89DED000B41EC180B19
:10CF700053EC102B51EC1A0B02F054F841EC1A0B45
:10CF800053EC192B51EC180B02F04CF853EC1A2B04
:10CF900001F070FF41EC100BCCE700000000000036
:10CFA000000000000000F03F843E00000000000090
:10CFB000000000000000E03F3333D33F0000E93FB2
:10CFC000000000000000D23F70B504462DED028B3A
:10CFD0004D1E00EBC500B0EE408AF0EE608A90ED89
:10CFE000000B35F0060017D053EC182B51EC100B4A
:10CFF00001F00CFE41EC100B6D1E04EBC50090ED32
:10D00000001B51EC100B53EC112B01F0A9FA41EC71
:10D01000100B35F00600E7D1022D36D0042D1CD0C0
:10D02000062D1CBFBDEC028B70BD53EC182B51ECD0
:10D03000100B01F0EBFD94ED0A1B53EC112B01F0EA
:10D040008FFA53EC182B01F0E1FD94ED081B53EC23
:10D05000112B01F085FA41EC100B53EC182B51EC1D
:10D06000100B01F0D3FD94ED061B53EC112B01F0D6
:10D0700077FA53EC182B01F0C9FD94ED040B53EC37
:10D08000102B01F06DFA41EC100B53EC182B51EC06
:10D09000100B01F0BBFD94ED021B53EC112B01F0C2
:10D0A0005FFA53EC182B01F0B1FD94ED001B53EC2B
:10D0B000112B01F055FABDEC028B41EC100B70BD49
:10D0C00031B504462DED040B2DED0A8BB0EE41BABF
:10D0D000F0EE61BA0B989DED0A0B20F00040B0F124
:10D0E000795F0DDA51EC100BFFF710F9042808BF37
:10D0F00000F0A2F89DED0A0BBDEC0A8B05B030BD27
:10D1000053EC102B51EC100B01F080FD41EC180B8F
:10D110009DED0A0B53EC182B51EC100B01F076FD32
:10D1200041EC190B2C48B0EE480AF0EE680A0521D4
:10D130007844FFF749FF9FED2ACBB0EE40AAF0EE0E
:10D1400060AA9CB353EC1C2B51EC190B01F05EFD53
:10D1500041EC1C0B53EC1A2B51EC190B01F056FD52
:10D160009FED210B41EC190B53EC102B51EC1B0BD9
:10D1700001F04CFD53EC192B01F054FF53EC182B2C
:10D1800001F044FD53EC1B2B01F04CFF53EC1C2B26
:10D1900001F048FF9DED0A1B53EC112B01F06AFED4
:10D1A000BDEC0A8B05B041EC100B30BDFFE753EC32
:10D1B0001A2B51EC180B01F029FD53EC1C2B01F03C
:10D1C000CFF953EC192B01F021FD9DED0A1B53EC17
:10D1D000112B01F0C5F9E3E71C3D00000000000041
:10D1E000495555555555C5BF000000000000E03FAA
:10D1F00010B553EC102B51EC100B01F0B1F941ECD0
:10D20000100B10BD10B553EC112B51EC100B01F0AD
:10D21000A7F941EC100B10BD9FED050B10B553ECB9
:10D22000102B51EC100B01F04FFA41EC100B10BD1C
:10D2300000000000000000009FED050B10B553EC4E
:10D24000102B51EC100B01F0E1FC41EC100B10BD68
:10D25000000000000000001030380A2801D2012030
:10D260007047002070478068436801EB4210984285
:10D2700003D3B0FBF3F103FB110070470068930187
:10D280004268C818904203D3B0FBF2F102FB1100D0
:10D29000704710B541EC100BFFF7B2F851EC100BD2
:10D2A00010BD002905D08A7802814968002900D084
:10D2B0000847704730B40389082B1FD2DFE803F01A
:10D2C0000406090C0F1214170D4A12E00C4A3832EA
:10D2D0000FE00B4A70320CE0094AA83209E0084A14
:10D2E000E03206E0074A04E0064A383201E0054A27
:10D2F000703230BC02EBC101FFF7D3BF30BC7047C6
:10D3000048560420605704203EB5E9F7A3FD0546C2
:10D31000E9F796FD104C216BD9B1104AE16A01B1D1
:10D3200010210F4B1B791B0700D50021C4F8B45105
:10D330000123CDE900130292216840228BB281B211
:10D340000848EEF7E5FAE4F76BFAA8B2606300204C
:10D350003EBD0022E2E70000D8EA0420007102008E
:10D36000483A0020D8F204202DE9F047044600682E
:10D370008A4647684FF400715046E3F767FBEFF3C6
:10D38000108872B62069032803D02069022804D0CF
:10D3900022E0606B04281FD302E0666B042E00D9E4
:10D3A0000426256B324629462046FFF767FF206397
:10D3B000606B801B60633146204600F03FFE216DAC
:10D3C000606D891940F100002165606588F310885F
:10D3D00000234FF6FF7953E0206E616E401C41F14F
:10D3E00000012066616688F31088BDE8F087206838
:10D3F0000AEBC31101F14002806B4FF0400C28444E
:10D4000003E010F8018B01F8018BBCF1010CF8D29C
:10D41000A7F1820085426068816B05F1020001443A
:10D420004FF000000FD811F810C001EB400898F839
:10D4300001804CEA082C09EA4C0C22F810C0401C70
:10D440002028F0D317E011F810C001EB400898F83D
:10D4500001804CEA082C09EA4C0C22F810C0401C50
:10D460001F28F0D36068806B0178407841EA002182
:10D4700009EA4100D0874035BD4200D100255B1C40
:10D48000B342B4D3B1E72DE9F0410E4604464FF460
:10D49000007739463046E3F7D9FA2069032802D0ED
:10D4A000206902280ED1E06860B1816B51B1D4F8D7
:10D4B0009C1039B14168D4F89C50BD4200D93D461A
:10D4C000002014E0206E616E401C41F100012066D6
:10D4D0006166BDE8F081D4F898200244B2FBF1F314
:10D4E00001FB1322E3689B6B9A5C3254401CA842F8
:10D4F000F1D3D4F898002844B0FBF1F201FB1200FC
:10D50000C4F89800D4F89C00401BC4F89C00D4F8E0
:10D510009C000028DDD154F8B00F6168401C41F137
:10D5200000012060616054F8A40CBDE8F0410021C6
:10D5300000F0C4B92DE9F047044680688946476881
:10D540004FF400714846E3F781FA2069032803D0BD
:10D550002069022804D00AE0206C102807D302E0DA
:10D56000266C102E00D91026E16B002523E054F81C
:10D57000800F6168401C41F1000120606160BDE8DE
:10D58000F0876B0100200A18B2FBF7FC07FB1C2296
:10D59000D4F808C0DCF838C01CF802C003EB00085F
:10D5A000401C09F808C02028EDD301222046FFF7CF
:10D5B0005AFE01466D1CB542E3D3E163206C801B2B
:10D5C00020643146204600F05DFD216F606F8919AF
:10D5D00040F1000021676067D1E7000030B54FF0EF
:10D5E000FF32094C0CE010F8013B5A400023D507EC
:10D5F00002D084EA520200E052085B1C082BF6D3EA
:10D60000491EF0D2D04330BD2083B8ED2DE9F0475C
:10D610001646984604004FF0FF3A26D029BB6068B2
:10D6200018B3EFF3108572B6A76AE06A236B616BDB
:10D63000FA1A70EB010216D3B7EB030960EB010C89
:10D64000B9EB06027CEB080C0DD313EB060C41EB97
:10D650000801B7EB0C02676860EB010091460023FC
:10D66000BA1A834104D205B962B65046BDE8F087C4
:10D67000C4F830C06163626800236046E2F78CFF43
:10D68000E260C4F8189056EA080603D0206840F417
:10D690000070206005B962B60020E7E74260816350
:10D6A0000021016000F00AB942608163002101603D
:10D6B00000F004B92DE9FF5F82B00023DDE910A27C
:10D6C000129C994698460AB1C2E9003314B100226F
:10D6D000C4E900224FF0FF32D8B1D1B94168C1B1DD
:10D6E000BAF1000F02D04368534501D24FF0010A4E
:10D6F000EFF31081019172B6876AC66A016B436BC2
:10D700008B46791A009376EB030106D2019800B993
:10D7100062B6104606B0BDE8F09F1A46B7EB0B03A1
:10D7200066EB02020CB1C4E9003244680021E41A3D
:10D7300071EB020421D242688846BC1A66EB0801EC
:10D740000D46524600232046E2F726FF52EA030028
:10D7500005D0BAEB020168EB03000C194541381BF8
:10D7600076EB050001D23C463546009AB4EB0B0936
:10D7700065EB02083B1B66EB0502DDE90445B9EBEE
:10D78000040078EB050104D2B4EB090065EB080155
:10D7900001E000200146C41A71EB020401D31846CF
:10D7A000114605460C4652460023E2F7F5FEA81A3C
:10D7B000119A64EB030132B119EB0003119848EBA5
:10D7C0000102C0E90032019800B962B659EA0800C6
:10D7D00001D001209EE700209CE72DE9FF5F9046E5
:10D7E000039B0E9A13B10024C3E9004412B1002335
:10D7F000C2E900334FF0FF33D8B1D1B94168C1B1AC
:10D80000B8F1000F02D04468444501D24FF001083E
:10D81000EFF3108B72B6876AC66A016BD0F834A03A
:10D820008946791A76EB0A0107D2BBF1000F00D1C5
:10D8300062B6184604B0BDE8F09FB7EB090366EB8B
:10D840000A010AB1C2E9003142684FF0000CD21A55
:10D850007CEB010105D3BBF1000F00D162B60020C3
:10D86000E8E740683C1A66EB0C054046B8F1010F4A
:10D870000FD90246002320462946E2F78DFE52EAE0
:10D88000030006D00020B8EB020160EB03000C1986
:10D890004541381B76EB050001D23C4635460398DE
:10D8A00030B10398B4EB090265EB0A05C0E9002525
:10D8B000BBF1000F00D162B60120BBE730B50028F4
:10D8C0001FD04268002A1CD04268B1FBF2F302FB71
:10D8D0001312EFF3108472B6826000258262C56273
:10D8E00002634563294600EB8103DA609D61491CB0
:10D8F0000329F8DB016821F400710160002C00D1DC
:10D9000062B630BD2DE9F0410D46040018D0032D5C
:10D9100016D26068002813D0EFF3108672B6A06AA2
:10D92000E16A0DB920636163626800273B46E2F754
:10D9300033FE04EB8500C2608761002E00D162B621
:10D94000BDE8F0812DE9F84F050036D02848016880
:10D9500041F080710160DFF89C80D8F8000040F051
:10D960000100C8F80000D8F80000DFF88C90C0F380
:10D9700000004FF47A7A4FF47A5B58B1F0F77AFEF0
:10D980000746D8F804603C46D9F80010B1FBFAF01D
:10D99000A8B115E0D9F80010B1FBFAF000B958466B
:10D9A0000021C30807E0009300E000BF0098421E7A
:10D9B0000092FAD2491CA942F5D3BDE8F88F584627
:10D9C000A91C00FB01F90CE0F0F754FEA04203D0C3
:10D9D0000446D8F8046004E0D8F80400811B4945E7
:10D9E000EBD8F0F747FEC01BA842EDD3E5E70000F7
:10D9F000FCED00E0001000E0C874042082B0CDE926
:10DA0000000121F0004001909DED000B02B051ECAF
:10DA1000100B704770B504462F4D4FF40071E3F7BB
:10DA200015F82E49204600F0E7FA012020718021E8
:10DA300004F1080000F0E0FA042104F10C0000F009
:10DA4000DBFA274904F1100000F0D6FA402104F176
:10DA5000140000F0D1FA41F2883104F1180000F00E
:10DA6000CBFA202104F11C0000F0C6FA102104F1C9
:10DA7000200000F0C1FA40F2E24104F1240000F07D
:10DA8000BBFA184904F1280000F0B6FA102104F19D
:10DA90002C0000F0B1FA40F2391104F1300000F02E
:10DAA000ABFA832104F1340000F0A6FA0E480178A5
:10DAB00004F1380000F0A0FA4FF4806104F13C005A
:10DAC00000F09AFA04F14000A96900F095FA2046A6
:10DAD000BDE8704000F076BC0000140843363443C3
:10DAE00000350C0000710200400100202DE9F047D4
:10DAF0000D460646EFF3108972B64FF400712846C2
:10DB0000E2F7A4FF1949284600F076FA01202871AF
:10DB100040216971D6F8C01001B1A871D6F8C410BF
:10DB200005F1080000F068FAD6F8C81005F10C00FD
:10DB300000F062FA002406EB44008046B0F8CC10F6
:10DB400005EB440707F1100000F052FAB8F84C1149
:10DB500007F1900000F04CFA641C402CEBD389F3E1
:10DB600010882846BDE8F04700F02CBC4336345AF4
:10DB700070B54FF4007504462946E2F767FF254962
:10DB8000204600F039FA0120207160710020A07158
:10DB90000220E071010304F1080000F02DFA802159
:10DBA00004F10C0000F028FA812104F1100000F0CB
:10DBB00023FA822104F1140000F01EFAE90004F1B6
:10DBC000180000F019FA41F6FF7104F11C0000F092
:10DBD00013FA012104F1200000F00EFAA90004F16B
:10DBE000240000F009FA40F6FF7104F1280000F06B
:10DBF00003FA294604F12C0000F0FEF940F2FF710F
:10DC000004F1300000F0F8F92046BDE8704000F063
:10DC1000D9BB00004336344D70B50C4605464FF471
:10DC200000712046E2F712FF4E49204600F0E4F969
:10DC30000120207128696071A96904F1080000F0D1
:10DC4000DBF9A96A04F10C0000F0D6F9E96A04F1E5
:10DC5000100000F0D1F9E96904F1140000F0CCF9EA
:10DC6000296A04F1180000F0C7F9286AE969012857
:10DC700075D0A0FB0110491840410022D1F1FF33BB
:10DC8000824101D24FF0FF3104F11C0000F0B4F9E1
:10DC9000696B04F12000403500F0AEF9AA68EB682A
:10DCA00004F1280000F0B0F92A696B6904F1300032
:10DCB00000F0AAF9AA69EB6904F1380000F0A4F9B0
:10DCC0002A6A6B6A04F1400000F09EF9296804F1A9
:10DCD000480000F091F9AA6AEB6A04F1500000F0E4
:10DCE00093F92A6B6B6B04F1580000F08DF9AA6B65
:10DCF000EB6B04F1600000F087F92A6C6B6C04F1A7
:10DD0000680000F081F9AA6CEB6C04F1700000F07F
:10DD10007BF9296D04F1780000F06EF9696D04F16A
:10DD20007C0000F069F9E96D04F1800000F064F90D
:10DD3000AA6EEB6E04F1880000F066F92A6F6B6F33
:10DD400004F1900000F060F9AA6FEB6F04F1980005
:10DD500000F05AF92046BDE8704000F033BB02489D
:10DD6000414391E7433634530071020000290AD041
:10DD7000B0F868218A78A0F868214968002902D0A3
:10DD8000B0F868210847704710B504460020B4F881
:10DD90006821062A1FD2DFE802F003050E11191CC4
:10DDA0000F4801E00E48383000EBC1012046BDE8C5
:10DDB0001040FFF7DBBF0A48703001E00848A83088
:10DDC00000EBC1012046FFF7D1FF06E00448E03038
:10DDD000F6E70448F4E7002801D0B4F8680110BD64
:10DDE0001878042030790420C178006861F31F603E
:10DDF000704700001FB5F2F7FFFF62B66A4801687E
:10DE000041F080710160694800254560016841F07A
:10DE100001010160BFF34F8FBFF36F8FF1F732FA4B
:10DE2000FBF71EFE40F20110E3F78CFC61486049ED
:10DE3000614C0160A0F19C0161644831C4E90F109C
:10DE400078306060B030A060A0F58470206000F58C
:10DE5000F87060624830A062903860610C20A08544
:10DE60000821E18521865549A1614839E161A1F583
:10DE700090712162608601F5FC7060634838A06390
:10DE800021464F48EDF72CFC4FF48170E3F75AFC24
:10DE9000F9F7F2FDF9F74AFD40F20310E3F752FCFF
:10DEA0004748012680F8F06246480570FAF7CAF93B
:10DEB000FAF766F9FAF7EEF8FAF73AFAFAF708FA23
:10DEC0004148424A818BC06889B2CDE90201CDE95F
:10DED00000263849D4E909239C393D48E2F7D4FFAC
:10DEE0003C4B3D4A00213D480095E7F7D5F800231B
:10DEF0003B4A01213948E7F7BBF8354A002328326D
:10DF000002213648E7F7B4F80023364A03213348A4
:10DF1000E7F7AEF8ECF7DCF8ECF7B2F82146284862
:10DF2000EDF7DEFB002207212920F1F737FA29203F
:10DF3000F1F726FA2C48016841F400510160EEF730
:10DF4000C1FAF8B1FBF726FB0520FBF7CFFDF9F787
:10DF50004FFE264C2078112809D02078142806D0AE
:10DF60002078102807D02078132804D007E0EEF797
:10DF700059FD38B903E0E6F7F1FCEDF7FDF8EEF7EF
:10DF8000F1FC08B1FEF716FAFAF712FA2078152814
:10DF900006D1ECF7D1FAE6F7DBFB0120E5F762FEEC
:10DFA000EEF700FB30BFFBE7FCED00E0001000E007
:10DFB00000280040B4A2002088DF04209CA5002097
:10DFC000D8F20420A85404208054042000710200D8
:10DFD000B8F90420D8E9042098E9042070580420F6
:10DFE000A83A002058EA0420180802404001002006
:10DFF0000170090A4170704701700A0A42700A0CE8
:10E000008270090EC170704770B511461D460446F6
:10E01000FFF7F2FF2946201DBDE87040FFF7ECBF77
:10E020000EB54FF47A738DE80E0002460123D1211C
:10E030000148F0F717FE0EBD60A2002010B50029C0
:10E040001FD00268002A1CD05068002819D08B010C
:10E050005168D0681844884203D3B0FBF1F404FB44
:10E060001100D060146B506BE41840F10000146391
:10E070005063183252E8000FC01A42E8000100292C
:10E08000F8D110BD10B500291FD08268002A1CD01D
:10E090005068002819D04B015168D0681844884254
:10E0A00003D3B0FBF1F404FB1100D060146B506B90
:10E0B000E41840F1000014635063183252E8000F76
:10E0C000C01A42E800010029F8D110BDF8B50D468C
:10E0D000044600F03FF99D49886940F4802088613A
:10E0E0009B4906270868400603D4086840F04000B2
:10E0F0000860002242F21076334600E000BF8868D4
:10E10000800706D45B1E581CF8D102E0C8688DF861
:10E1100000008868C007F9D1A05C0873304600E0B1
:10E1200000BF8B68DB0701D1401EF9D28868C007A9
:10E1300005D0C8688DF80000521CBA42DCDB3246BC
:10E1400000240868FF23400603D4086840F040001C
:10E150000860304600E000BF8F68BF0701D4401E52
:10E16000F9D28868C0070AD0C8688DF800008868AE
:10E17000C00702D0C8688DF800009DF800000B733E
:10E18000B44600E000BF8868C00702D1BCF1010CB2
:10E19000F8D28868C0070AD0C868C0B2FF2808D083
:10E1A00002B148B100F0D6F84FF0FF30F8BD20467C
:10E1B000F4E7521EC5D1F5E7334637460A68FF201B
:10E1C000520603D40A6842F040020A603E4600E06C
:10E1D00000BF8A68920701D4761EF9D28A68D207F6
:10E1E0000AD0CA688DF800208A68D20702D0CA68AF
:10E1F0008DF800209DF800200873384600E000BF2D
:10E200008A68D20701D1401EF9D28868C0070BD0B6
:10E21000C868C0B2FF2809D00BB1FE2809D000F0B1
:10E2200099F86FF00100F8BD2046F3E75B1EC5D1F9
:10E23000F5E700200A68FF23520603D40A6842F07B
:10E2400040020A603E4600E000BF8A68920701D49F
:10E25000761EF9D28A68D2070AD0CA688DF80020E3
:10E260008A68D20702D0CA688DF800209DF8002085
:10E270000B733A4600E000BF8B68DB0701D1521EEA
:10E28000F9D28A68D2070FD0CA68D2B22A54401C89
:10E290004028CFD30868FF23400603D4086840F025
:10E2A00040000860384602E02246EFE700BF8A6877
:10E2B000920701D4401EF9D28868C0070AD0C86806
:10E2C0008DF800008868C00702D0C8688DF800008B
:10E2D0009DF800000B73384600E000BF8A68D20743
:10E2E00001D1401EF9D28868C00700D0C86808680C
:10E2F000FF23400603D4086840F040000860384619
:10E3000000E000BF8A68920701D4401EF9D28868F5
:10E31000C0070AD0C8688DF800008868C00702D01E
:10E32000C8688DF800009DF800000B7300E000BF86
:10E330008868C00701D17F1EF9D28868C00700D065
:10E34000C86800F007F80020F8BD00000000024097
:10E350000030014018B51948816941F0040181611C
:10E36000174AFF241068400603D4106840F04000AC
:10E37000106042F21071084600E000BF93689B07EE
:10E3800001D4401EF9D29068C0070AD0D0688DF839
:10E3900000009068C00702D0D0688DF800009DF89A
:10E3A0000000147300E000BF9068C00701D1491E4F
:10E3B000F9D29068C00700D0D06818BD00000240B4
:10E3C0000030014010B504464FF4FE71FFF706F926
:10E3D000014604F5FE70BDE81040FFF70DBE70B5B4
:10E3E0000D46044600F018F85002E2611A46002378
:10E3F0001946E2F7D1F8208401202074256070BD11
:10E4000070B51E46154604463246049BFFF7E7FFEB
:10E4100002202074656070BD002101764176416163
:10E420007047000070EE600A10B510EE900A2DEDF6
:10E43000028B11499FED118B884208DB10EE100A08
:10E4400000F0DEFE53EC182B00F0ECFD0CE010EEBB
:10E45000900A0C4988420BD910EE100A00F0D0FE49
:10E4600053EC182B00F07CF800F048F800EE100A8E
:10E47000BDEC028B10BD0000DB0F4940112D445450
:10E48000FB211940DB0F49C01CB50BA1D1E90021CC
:10E49000CDE9002100216A4600EB4103B3F8583072
:10E4A000545CA34202D04FF0FF301CBD491C05292B
:10E4B000F2DB00201CBD0000494E54414E0000001C
:10E4C00013B584B04FF47A74012305A98DE81A00BE
:10E4D0000246D0210248F0F7ADFD06B010BD0000A5
:10E4E00060A2002081F00041704780F0004070473A
:10E4F00021F00041704720F00040704721F00042B9
:10E5000001F00043A2F16052B2F5801F28BFD2F1A2
:10E510007F6C0BD95FEA001C43EAC20242EB5070E9
:10E5200018BF704728BF20F001007047B2F5801F68
:10E53000BCBF184670474FEA410C1CF5001F02D2C1
:10E54000084600F0DBBE70B500F00AFC0000008950
:10E55000FFF7F6BF4FF00040A0F5800070470000C5
:10E5600010B591EA030F48BF83F0004300F16285C4
:10E57000841A71EB030C05D2121943EB0C03001B38
:10E5800061EB0C014FEA1154A4EB135CDFF81CE1C2
:10E590001EEA430F18BF9EEA445F00F0748021EA30
:10E5A000045123EA0E0343F48013DCF1200E32D32E
:10E5B00022FA0CFE10EB0E0023FA0CFE41EB0E01CA
:10E5C000CCF1200E03FA0EFE10EB0E00CCF1200E63
:10E5D00051F10001B1F5801F32D201EB045112FA62
:10E5E0000EF2BDE8104058BF7047401C38BF5FEACC
:10E5F000420218BF7047002814BF20F0010041F10B
:10E6000000014FEA410313F5001F38BF7047A1F125
:10E61000C04100F0F3BB012A43EB0302ACF1200C34
:10E62000DCF11F0E32BF4FF0000E23FA0CF310EB9B
:10E63000030041EB0451B4EB115FD0D0A1EB0451C6
:10E6400001F58011490801EB04515FEA30000ED357
:10E6500050F1000038BF12FA0EFE08D1BDE810409C
:10E66000C9E7401C38BF5FEA4202CAD1C3E7BDE830
:10E6700010404FEA410313F5001F38BF7047A1F166
:10E68000C04100F0BBBB9EEA445F08D011EA5E0FB8
:10E69000BDE8104004BF01F0004100207047BDE814
:10E6A000104070B500F05CFB64FBBE3E0000E0FF74
:10E6B000491058BFC1F140415B1058BFC3F14043FE
:10E6C0008B42EFF3008070472DE9C04130B4DFF892
:10E6D000A8C23CEA111418BF3CEA131400F0F08001
:10E6E0001CEA111481EA030544EAD57418BF1CEA38
:10E6F000131500F0CB80A4EB050404F17F7404F53E
:10E7000000344FF0004545EAC12145EAC32341EA00
:10E71000505143EA52534FEAC0204FEAC222994275
:10E7200008BF904200F0A0804FEA13650FF2481630
:10E73000765D4FEA134506FB05F7C7F1807706FBC8
:10E7400007F74FEAD737A7FB03687642A7FB06CE49
:10E75000C8F5803838BFA8F1010807FB08E6A6FB1A
:10E76000028C4FF0000EE6FB03CED8F100086FEAF2
:10E770000C0C5CF1000C6FEA0E0E4EF1004EA6FB85
:10E780000C584FF00007E6FB0E87A1FB08C6A0FB64
:10E7900007CE16EB0E064FF0000545F10005E1FB34
:10E7A000076515F1E04E7EBFA4F580345FEA4606AA
:10E7B0006D4116F1800745F100054FEA172747EA3A
:10E7C00005674FEA15254FEA0666A6F1DE46B6F163
:10E7D000805F20D9384605EBC47124F0010C01EBB1
:10E7E0000C11BCF1FE6F02D8F0BCBDE800812442E0
:10E7F0005CBF01F5801E9EEAC47F02D4F0BCBDE878
:10E800000081244200F13980A1F1C041F0BCBDE893
:10E81000004100F0F3BA4FEAD02040EA41504FEAFD
:10E82000D1214FEAD22242EA43524FEAD323A7FB37
:10E83000028607FB036605FB02661EEA0E0F58BF41
:10E84000A6EB0056B6EB00564FEA520E4EEAC37ED8
:10E8500018EB0E0E56EB530EBCD518EB02085E41BA
:10E860007F1C55F10005B5E74FF480154FF0000708
:10E870004FF000064FF00008ACE701F1C04101F095
:10E8800000414FF00000F0BCBDE800810CEA131518
:10E8900011EA0C1F00D00CE013EA0C1F00F02580D9
:10E8A0004FF0000081EA030101F00041F0BCBDE837
:10E8B0000081F0BCBDE8004181EA030100F09EBA8E
:10E8C000F0BCBDE8004170B500F04AFA097EFC3E9C
:10E8D00000F007B84FF0000081EA030101F00041A9
:10E8E000704781EA030100F089BAF0BCBDE800413D
:10E8F00022494FF000007047FFFDFBF9F7F5F4F2F5
:10E90000F0EEEDEBE9E8E6E4E3E1E0DEDDDBDAD8CA
:10E91000D7D5D4D3D1D0CFCDCCCBCAC8C7C6C5C428
:10E92000C2C1C0BFBEBDBCBBBAB9B8B7B6B5B4B33F
:10E93000B2B1B0AFAEADACABAAA9A8A8A7A6A5A42A
:10E94000A3A3A2A1A09F9F9E9D9C9C9B9A999998EE
:10E950009797969595949393929191908F8F8E8E91
:10E960008D8C8C8B8B8A898988888787868585841E
:10E9700084838382828181800000FF070000F87F0A
:10E9800051EA030C17D41CF5801F58BFBCF5801F3B
:10E9900000F10680994218BF704708BF9042704747
:10E9A00007D711F5801F58BF13F5801F19D499425E
:10E9B0007047894270471CF5801F08D5BCF5801F41
:10E9C000F7D58B4218BF704708BF824270474FF49B
:10E9D000001C1CEB410F38BF1CEB430F01D28B42D4
:10E9E000704770B500F0BCF9922449004FF0005117
:10E9F0004FF08053FFF75CBE4FEA41034FEA535399
:10EA0000A3F58063D3F11E03C8BFD3F1210C0CDD45
:10EA10004FF0004242EAC12242EA505232FA03FC6D
:10EA20008CEAE17CACEBE1707047102BC4BF002096
:10EA3000704703F5787CBCF1FF3F04D06FF00042D3
:10EA400082EA2100704770B500F08AF9499224806B
:10EA500000207047F2E700004FEA1153A3F58063EE
:10EA6000D3F11E03A8BFD3F1200C08DB4FF0004206
:10EA700042EAC12252EA505232FA03F07047094288
:10EA80000BD4102BC4BF0020704703F5787CBCF179
:10EA9000FF3F05D04FF0FF3070474FF00000704748
:10EAA00070B500F05DF900BF4992248000207047E6
:10EAB000F0E710F0004248BF4042B0FA80F310FA8D
:10EAC00003F10AD0C3F11D0303F5806302EB035287
:10EAD0004FEA415002EBD12170474FF000007047E0
:10EAE000B0FA80F310FA03F10AD0C3F11D0303F565
:10EAF00080634FEA03524FEA415002EBD121704745
:10EB00004FF0000070470000B1FA81F30B3B20D3B7
:10EB1000994010D1B0FA80F310FA03F108BF7047A2
:10EB2000C3F11D0303F580634FEAD1224FEA415040
:10EB300002EB03517047C3F1200C20FA0CFC41EAB0
:10EB40000C019840C3F1320303F5806301EB0351DC
:10EB50007047C3F1320C0CF5806210B5C3F10004AC
:10EB6000C4F1200E01FA0EFC21FA04F100FA0EF3B2
:10EB7000E04040EA0C00BDE8104001EB025138BF14
:10EB80007047401C41F100015B0008BF20F001000C
:10EB90007047000051EA030C17D41CF5801F58BFC2
:10EBA000BCF5801F00F10680994218BF704708BF6E
:10EBB0009042704707D711F5801F58BF13F5801F8B
:10EBC00019D499427047894270471CF5801F08D5B7
:10EBD000BCF5801FF7D58B4218BF704708BF824233
:10EBE00070474FF4001C1CEB410F38BF1CEB430F68
:10EBF00001D28B42704770B500F0B2F89224490000
:10EC00004FF000514FF08053FFF752BD70B5DFF861
:10EC100048C11CEA111E1EBF1CEA13159EEA0C0F08
:10EC200095EA0C0F00F06F8081EA03044EEAD47E6F
:10EC3000AE4421EA4C1123EA4C1341F4801143F411
:10EC40008013AEF17F7EA1FB024CA0FB0365361959
:10EC500055EB0C05A1FB034C4CF10003A0FB021C7F
:10EC600016EB0C06654153F10003094218BF46F04C
:10EC7000010613F4007F0BD14FEA03314FEA053050
:10EC800041EA155140EA165034036FF003020AE0DE
:10EC90004FEAC3214FEAC52041EA555140EA565098
:10ECA000F4026FF0020202EB2E4201EB025585EAFC
:10ECB000CE710AD05FEA440C18BF24F0004450F132
:10ECC000000041F1000120EAD47040F2FE7C624570
:10ECD00000D270BDA84214BF4FF080444FF04044B2
:10ECE000002E08BF0024BEF1806FA8BFA1F1C04173
:10ECF000BDE8704080F2828001F1C04101F0004126
:10ED00004FF0000070470CEA13159EEA0C0F18BF75
:10ED100095EA0C0F06D081EA030E4FF000000EF0CA
:10ED2000004170BD00F01CF88900013E00F007B8FA
:10ED300000F009B84FEA430C5FEA5C5C08D081EA56
:10ED4000030100F05BB84FEA410C5FEA5C5CF6D16E
:10ED500002494FF0000070470000FF070000F87FF5
:10ED60000EF1020E2EF0030E5EF8046B364205D44F
:10ED7000012A43EB030515F5001F12D8012841EBCA
:10ED8000010C1CF5001F0CD80ED14FEAD17C0CEB06
:10ED90004C0C0CF1020C15F5001F08BF4CEBD37C9A
:10EDA00004E04FF0080C01E04FEAD37C0CEB4C057B
:10EDB00026FA05F606F00706B6F1040C06D20EEBAD
:10EDC000860CBDE870404CF0010C6047DFE80CF0A9
:10EDD000090B02024FF00041A1F500214FF00000A5
:10EDE00070BD19461046012851EB010418BFD4F537
:10EDF000001484BF002001F0004170BD0808A0F598
:10EE000000114FEA3101704753EA010C17D41CF589
:10EE1000801F58BFBCF5801F00F106808B4218BFD1
:10EE2000704708BF8242704707D713F5801F58BF4D
:10EE300011F5801F19D48B4270479B4270471CF517
:10EE4000801F08D5BCF5801FF7D5994218BF7047C1
:10EE500008BF904270474FF4001C1CEB430F38BFB3
:10EE60001CEB410F01D2994270470FB40CBC03BC9C
:10EE7000FFF7C1BE10B591EA030F81F000413FF5E5
:10EE800077AB83F0004300F0D5B800002DE9F041E6
:10EE900001F5801CBCF5001FC0F2A9804FEA115C8F
:10EEA00021EA0C5141F480110CF1FD0C5FEA5C0C7D
:10EEB0000CF5C07C01D340004941890241EA9051E0
:10EEC00087022EA48E0EA45D0A0C04FB04F602FB3E
:10EED00006F6C6F14046A4FB0662F60D46EA422657
:10EEE00006FB06F4A4FB01235242C3F1404338BFA2
:10EEF0005B1EA6FB02420024E6FB0324D20B42EA7F
:10EF00004446A6FB0623A1FB02E2A3FB07E4E3FBC6
:10EF100061426442C2F1404E38BFAEF1010EA6FB21
:10EF200004234FF00002E6FB0E32A2FB034634003E
:10EF3000E2FB6264A1FB06E6A4FB07E8E4FB616870
:10EF40007642C8F1405838BFA8F10108A2FB06E498
:10EF5000A3FB08E5E2FB6854A1FB05E6A7FB04E878
:10EF6000E1FB648618F1200556F10006A80940EA85
:10EF70008660B109A8F11B0808F03F08B8F10A0F34
:10EF80001CD901EB0C51BDE8F08100BFFCF5EEE8A7
:10EF9000E2DDD8D3CFCBC7C3C0BDB9B6B4B1AEAC38
:10EFA000A9A7A5A3A19F9D9B9A9896959392908FB0
:10EFB0008D8C8B898887868584838281A0FB0068FD
:10EFC00000FB01F208EB4208B8EB872807D534189C
:10EFD00058EB0104D5D5401C51F10001D1E7341A9A
:10EFE00078EB0104CDD4401E71F10001C9E75FEA5E
:10EFF0004C0C5FEA9C5C0DD105D301F000414FF051
:10F000000000BDE8F081BDE8F04170B5FFF7A8FE53
:10F010006DDBFFBEBDE8F04101494FF000007047D5
:10F020000000F87F10B591EA030F48BF83F000435A
:10F030003FF59EAA841A71EB030C07D28CF0004CAA
:10F04000121943EB0C03001B61EB0C014FEA115446
:10F05000A4EB135CDFF8A4E11EEA430F18BF9EEA9D
:10F06000445F00F0B48021EA045123EA6E03524267
:10F07000C3EB6E0338BF5B1EDCF1200E25D322FAF2
:10F080000CFE10EB0E0043FA0CFE41EB0E01CCF12E
:10F09000200E03FA0EFE10EB0E00CCF1200E51F103
:10F0A000000129D401EB045112FA0EF2BDE8104020
:10F0B00058BF7047401C1CBFB2F1004F704700287A
:10F0C0000CBF491C20F00100704712EB020E43EB0D
:10F0D000030218BF4FF0010E4EEA4202ACF1200CC1
:10F0E000DCF11E0E56D943FA0CFE10EB0E00CCF1EB
:10F0F0001E0E51F1FF31D5D50EF1010E12FA0EFEA2
:10F10000404141EB010101EB445C5FEA5C5C10D9DA
:10F1100001EB045110EBDE7038BFBEF1004FBDE8CB
:10F12000104018BF704700280CBF491C20F0010098
:10F13000704734D24FEAD42C24F4006411F5001146
:10F140001BD0B1FA81F20B3AA41AA41ED2F120030B
:10F15000914030FA03F31943904001EBCC7101EB7D
:10F160000451002CBDE81040A8BF704701F1C04118
:10F1700001F000414FF000007047B0FA80F310FA40
:10F1800003F102D1BDE810407047E41A173C48056E
:10F19000C90AE2E701EB0451BDE81040704749108D
:10F1A0004FEA300001EB0451BDE8104002E04FF09F
:10F1B000000170474A0008BF0042F8D0B2F5001FB6
:10F1C00028BF704701F000414FF0000070479EEAF1
:10F1D000445F07D011EA5E0FBDE8104004BF002174
:10F1E00000207047BDE8104070B5FFF7B9FD00BFC3
:10F1F00040DFF63E104683F0004170470000E0FF1C
:10F2000043004FEAD30C4FEA3C0C43401FBF40077A
:10F210000CF1605113F0FE4F70471CF0006F03D1EA
:10F220000CF00041002070470CF0004343EA50709E
:10F2300040EACC0010B500F00EF800BF00000092CC
:10F240004FEA0001FFF7DABD4FF00041A1F50021C0
:10F250004FF0000070470EF1020E2EF0030E5EF824
:10F26000044B244204D44FEA4102B2F17F4F11D83B
:10F270004FEA4003B3F17F4F0CD80ED14FEAD07C58
:10F280000CEB4C0C0CF1020CB2F17F4F08BF4CEBB5
:10F29000D17C04E04FF0080C01E04FEAD17C0CEB8C
:10F2A0004C0324FA03F404F00704B4F1040C06D26E
:10F2B0000EEB840CBDE810404CF0010C6047DFE819
:10F2C0000CF0070802024FF00040A0F5800010BDCE
:10F2D0000846420018BFD2F1807288BF00F000409B
:10F2E00010BDF1EE100A4FF6FF71C0F2C03120EAF6
:10F2F000010040F04070E1EE100A7047FF2141EA42
:10F30000D050C005704700000A154FEAC12343EAF8
:10F3100050534FEAC02C18BF43F000431BD4A2F255
:10F320004E02D2F57C72C0F22080502AA8BF502233
:10F3300023FA02F12CFA02F0D2F1200260B484BF69
:10F3400003FA02F52843C2F100029CBF23FA02F53A
:10F35000284360BC704701F1804212F5801F04DA37
:10F360004FF000004FF00001704770B5FFF7F8FC58
:10F3700049922480002001E06FEAE1700146704765
:10F38000C2154FEA002318BF43F000430ED4D2F158
:10F39000BE0215D323FA02F1B2F1200C2EBF23FADC
:10F3A0000CF0C2F1200C03FA0CF070474FEA400C4D
:10F3B000BCF1FE4F04D24FF000004FF00001704747
:10F3C00010B5FFF748FF00BF922449804FF00001BD
:10F3D000002070476FEAE0700146704701000000AE
:10F3E0000300000001000000000000000000000019
:10F3F000000000000000000000000000000000000D
:10F4000040530A3C00000000000000000000803F64
:10F41000000000400000803F0000803F000000002E
:10F42000000000000000803F00000000000000001D
:10F430000000803F7AA5DCBFCCEE413F0000803F5A
:10F4400000000000000000000100000003000000B8
:10F4500001000000000000000000000000000000AB
:10F460000000000000000000000000003064F53CD7
:10F4700000000000000000000000803F000000408D
:10F480000000803F0000803F0000000000000000FE
:10F490000000803F00000000000000000000803FEE
:10F4A0003A23BABF99F5123F0000803F00000000E8
:10F4B0000000000001000000030000000100000047
:10F4C000000000000000000000000000000000003C
:10F4D0000000000000000000C3F2C73D0000000073
:10F4E000000000000000803F000000400000803F5E
:10F4F0000000803F00000000000000000000803F8E
:10F5000000000000000000000000803FFF5B71BFB2
:10F510003BAAAA3E0000803F00000000000000005F
:10F5200001000000030000000100000000000000D6
:10F5300000000000000000000000000000000000CB
:10F5400000000000AEF5953E000000000000000045
:10F550000000803F000000400000803F0000803F2E
:10F560000000000000000000010000000300000097
:10F57000010000000000000000000000000000008A
:10F580000000000000000000000000000000803FBC
:10F5900000000000000000000000803F000000406C
:10F5A0000000803F0000803F0000000000000000DD
:10F5B0000000803F00000000000000000000803FCD
:10F5C000000000400000803F0000803F000000007D
:10F5D000000000000000000000000000000000002B
:10F5E000000000000000000000000000000000001B
:10F5F000000000000000000000000000000000000B
:10F6000000000000000000000000000000000000FA
:10F6100000000000000000000000000000000000EA
:10F6200000000000000000000000000000000000DA
:10F6300000000000000000000000000000000000CA
:10F6400000000000000000000000000000000000BA
:10F6500000000000000000000000000000000000AA
:10F66000000000000000000000000000000000009A
:10F67000000000000000000000000000000000008A
:10F68000000000000000000000000000000000007A
:10F69000000000000000000000000000000000006A
:10F6A000000000000000000000000000000000005A
:10F6B000000000000000000000000000000000004A
:10F6C000000000000000000000000000000000003A
:10F6D000000000000000000000000000000000002A
:10F6E000000000000000000000000000000000001A
:10F6F000000000000000000000000000000000000A
:10F7000000000000000000000000000000000000F9
:10F7100000000000000000000000000000000000E9
:10F7200000000000000000000000000000000000D9
:10F7300000000000000000000000000000000000C9
:10F7400000000000000000000000000000000000B9
:10F7500000000000000000000000000000000000A9
:10F760000000000000000000000000000000000099
:10F770000000000000000000000000000000000089
:10F780000000000000000000000000000000000079
:10F790000000000000000000000000000000000069
:10F7A0000000000000000000000000000000000059
:10F7B0000000000000000000000000000000000049
:10F7C0000000000000000000000000000000000039
:10F7D000000000003C485645523E003C524553450F
:10F7E000543E00003C313E0098E90420D8E9042052
:10F7F0003031323334353637383941424344454667
:10F80000003031323334353637383941424344459C
:10F810004600000081000000000000000000000021
:10F820000000000098E90420D8E9042058EA0420E8
:10F83000E0F90420A83A0020AD51000000000000CB
:10F8400000000000000000000000000000000000B8
:10F8500000000000000000000000000000000000A8
:10F860000000000000000000000000000000000098
:10F870000000000000000000000000000000000088
:10F880000000000000000000000000000000000078
:10F890000000000000000000000000000000000068
:10F8A0000000000000000000000000000000000058
:10F8B00000000000000000000000DADAAD53000094
:10F8C0000000000000000000000000000000000038
:10F8D0000000000000000000000000000000000028
:10F8E0000000000000000000000000000000000018
:10F8F0000000000000000000000000000000000008
:10F9000000000000000000000000000000000000F7
:10F9100000000000000000000000000000000000E7
:10F9200000000000000000000000000000000000D7
:10F930000000000000000000000000000000DADA13
:10F94000AD520000000000000000000000000000B8
:10F9500000000000000000000000000000000000A7
:10F960000000000000000000000000000000000097
:10F970000000000000000000000000000000000087
:10F980000000000000000000000000000000000077
:10F990000000000000000000000000000000000067
:10F9A0000000000000000000000000000000000057
:10F9B0000000000000000000000000000000000047
:10F9C00000000000DADA000000001008FFFF130852
:10F9D0000100000000001408FFFF170802000000EB
:10F9E0000102030001000100000102030A0B0C0DDB
:10F9F000000102030A0B0C0D0102030405060708AF
:10FA000009000000010000000300000001000000E8
:10FA100000000000000000000000000000000000E6
:10FA200000000000000000009613233C00000000CE
:10FA3000000000000000803F00000000000080BFC8
:10FA40000000803F00000000000000000000803F38
:10FA500000000000000000000000803F5D6DFDBF61
:10FA60002EE77A3F0000803F000000000000000009
:10FA70000100000003000000010000000000000081
:10FA80000000000000000000000000000000000076
:10FA9000000000009613233C00000000000000005E
:10FAA0000000803F00000000000080BF0000803F99
:10FAB00000000000000000000000803F0000000087
:10FAC000000000000000803FB459FDBF2EE77A3FE0
:10FAD0000000803F00000000000000000100000066
:10FAE0000300000001000000000000000000000012
:10FAF0000000000000000000000000000000000006
:10FB000082574B3C00000000000000000000803FD6
:10FB100000000000000080BF0000803F00000000E7
:10FB2000000000000000803F000000000000000016
:10FB30000000803F287EFCBF65A5793F0000803F24
:10FB400000000000000000000100000003000000B1
:10FB500001000000000000000000000000000000A4
:10FB600000000000000000000000000091EE273DB2
:10FB700000000000000000000000803F00000000C6
:10FB8000000080BF0000803F000000000000000077
:10FB90000000803F00000000000000000000803FE7
:10FBA000014DF4BF0C026B3F0000803F00000000DD
:10FBB0000000000001000000030000000100000040
:10FBC0000000000000000000000000000000000035
:10FBD000000000000000000024B4E53D000000002B
:10FBE000000000000000803F00000000000080BF17
:10FBF0000000803F00000000000000000000803F87
:10FC000000000000000000000000803FF163DCBF46
:10FC1000F792463F0000803F000000000000000017
:10FC200001000000030000000100000000000000CF
:10FC300000000000000000000000000000000000C4
:10FC400000000000B130443D000000000000000052
:10FC50000000803F00000000000080BF0000803FE7
:10FC600000000000000000000000803F00000000D5
:10FC7000000000000000803F2B18E5BFA779673F18
:10FC80000000803F000000000000000001000000B4
:10FC90000300000001000000000000000000000060
:10FCA0000000000000000000000000000000000054
:10FCB00076A7BB3D00000000000000000000803F70
:10FCC00000000000000080BF0000803F0000000036
:10FCD000000000000000803F000000000000000065
:10FCE0000000803F14D0CCBFDF15513F0000803FA3
:10FCF0000000000000000000010000000300000000
:10FD000001000000000000000000000000000000F2
:10FD1000000000000000000000000000C764313D4A
:10FD200000000000000000000000803F0000000014
:10FD3000000080BF0000803F0000000000000000C5
:10FD40000000803F00000000000000000000803F35
:10FD500036CDF3BF46D3693F0000803F000000006E
:10FD6000000000000100000003000000010000008E
:10FD70000000000000000000000000000000000083
:10FD80000000000000000000137E893E000000001B
:10FD9000000000000000803F00000000000080BF65
:10FDA0000000803F00000000000000000000803FD5
:10FDB00000000000000000000000803FA67E76BF2B
:10FDC0008A02ED3E0000803F0000000000000000BD
:10FDD000010000000300000001000000000000001E
:10FDE0000000000000000000000000000000000013
:10FDF000000000000534513E00000000000000003B
:10FE00000000803F00000000000080BF0000803F35
:10FE100000000000000000000000803F0000000023
:10FE2000000000000000803F3C4E99BFFE65173F78
:10FE30000000803F00000000000000000100000002
:10FE400003000000010000000000000000000000AE
:10FE500000000000000000000000000000000000A2
:10FE60000000803F00000000000000000000803F14
:10FE700000000000000000000000803F00000000C3
:10FE8000000000000000803F0000000000000000B3
:10FE90000000803F00000000000000000000803FE4
:10FEA000000000000000000001000000030000004E
:10FEB0000100000000000000000000000000000041
:10FEC0000000000000000000000000009613233C2A
:10FED00000000000000000000000803F0000803FA4
:10FEE000000000000000803F000000000000000053
:10FEF0000000803F00000000000000000000803F84
:10FF00002EE77ABF000000000000803F00000000E4
:10FF100000000000010000000300000001000000DC
:10FF200000000000000000000000000000000000D1
:10FF300000000000000000009613233C00000000B9
:10FF4000000000000000803F0000803F0000000033
:10FF50000000803F00000000000000000000803F23
:10FF600000000000000000000000803F2EE77ABF84
:10FF7000000000000000803F0000000000000000C2
:10FF8000010000000300000001000000000000006C
:10FF90000000000000000000000000000000000061
:10FFA000000000005DE2C83C00000000000000000E
:10FFB0000000803F0000803F000000000000803F04
:10FFC00000000000000000000000803F0000000072
:10FFD000000000000000803F1D7273BF00000000A1
:10FFE0000000803F00000000000000000100000051
:10FFF00003000000010000000000000000000000FD
:020000040816DC
:1000000000000000000000000000000000000000F0
:100010008BDF143D00000000000000000000803F66
:100020000000803F000000000000803F0000000052
:10003000000000000000803F000000000000000001
:100040000000803F30646DBF000000000000803F72
:10005000000000000000000001000000030000009C
:10006000010000000000000000000000000000008F
:10007000000000000000000000000000E4D78F3DF9
:1000800000000000000000000000803F0000803FF2
:10009000000000000000803F0000000000000000A1
:1000A0000000803F00000000000000000000803FD2
:1000B000280A5CBF000000000000803F0000000034
:1000C000000000000100000003000000010000002B
:1000D0000000000000000000000000000000000020
:1000E000000000000000000076A7BB3D00000000FB
:1000F000000000000000803F0000803F0000000082
:100100000000803F00000000000000000000803F71
:1001100000000000000000000000803FDF1551BF1C
:10012000000000000000803F000000000000000010
:1001300001000000030000000100000000000000BA
:1001400000000000000000000000000000000000AF
:100150000000000082574B3C00000000000000003F
:100160000000803F0000803F000000000000803F52
:1001700000000000000000000000803F00000000C0
:10018000000000000000803F65A579BF000000006E
:100190000000803F0000000000000000010000009F
:1001A000030000000100000000000000000000004B
:1001B000000000000000000000000000000000003F
:1001C0004B1FFA3D00000000000000000000803FCF
:1001D0000000803F000000000000803F00000000A1
:1001E000000000000000803F000000000000000050
:1001F0000000803FD57841BF000000000000803F34
:1002000000000000000000000100000003000000EA
:1002100001000000000000000000000000000000DD
:1002200000000000000000000000000024B4E53DD4
:1002300000000000000000000000803F0000803F40
:10024000000000000000803F0000000000000000EF
:100250000000803F00000000000000000000803F20
:10026000F79246BF000000000000803F0000000041
:100270000000000001000000030000000100000079
:100280000300000001000000030000000100000066
:10029000000000000000000000000000000000005E
:1002A000000000000000000000000000000000004E
:1002B000000000000000000000000000000000003E
:1002C00000000000000000008E1E1FBE00000000A5
:1002D000000000000000803F23DB81BF0000000021
:1002E0000000803F00000000000000000000803F90
:1002F000C65016BFF85377400000803F0000000052
:10030000000000000000803FCA3204C0AEB6E23FE9
:100310000000803F00000000000000000000803F5F
:1003200000000000000000000000803F410E6ABF96
:10033000000000000000803F0000000000000000FE
:100340000000803F2D43BCBF598B273F0000803FFA
:1003500000000000000000000000803FF0BF6DBF03
:100360005EF4353F0000803F000000000000000008
:100370000100000003000000010000000300000075
:100380000100000003000000010000000000000068
:10039000000000000000000000000000000000005D
:1003A000000000000000000000000000000000004D
:1003B000000000000000000000000000000000003D
:1003C000000000006A4DF3BD0000000000000000C6
:1003D0000000803F2CD482BF000000000000803F5E
:1003E00000000000000000000000803FB5E045BDB7
:1003F000DE7172400000803F00000000000000003D
:100400000000803F583900C071ACF33F0000803FCE
:1004100000000000000000000000803F000000001D
:10042000000000000000803FDE9367BF0000000076
:100430000000803F00000000000000000000803F3E
:1004400036ABAEBFA6D5183F0000803F00000000CD
:10045000000000000000803FF44F38BF09FE273F36
:100460000000803F000000000000000001000000CC
:100470000300000001000000030000000100000074
:100480000300000001000000000000000000000068
:10049000000000000000000000000000000000005C
:1004A000000000000000000000000000000000004C
:1004B000000000000000000000000000000000003C
:1004C000E201E5BD00000000000000000000803FE8
:1004D000A30184BF000000000000803F0000000076
:1004E000000000000000803FBB0F283FF241634046
:1004F0000000803F00000000000000000000803F7E
:100500006C78F2BF857C04400000803F0000000052
:10051000000000000000803F00000000000000001C
:100520000000803F49D764BF000000000000803F0A
:1005300000000000000000000000803F1FF49CBF8E
:10054000BD3A073F0000803F0000000000000000AF
:100550000000803F740CE8BEAA43163F0000803FB5
:100560000000000000000000010000000300000087
:100570000100000003000000010000000000000076
:10058000000000000000000000000000000000006B
:10059000000000000000000000000000000000005B
:1005A000000000001F1153BE00000000000000000A
:1005B0000000803FA4DF86BF000000000000803FF5
:1005C00000000000000000000000803F2F8692BE67
:1005D000418286400000803F0000000000000000D3
:1005E0000000803F00000000000000000000803F8D
:1005F0006F4758BF000000000000803F000000006F
:10060000000000000000803F14ED5ABFE76FE23E9B
:100610000000803F0000000000000000010000001A
:1006200003000000010000000000000000000000C6
:1006300000000000000000000000000000000000BA
:10064000B6DB2EBF00000000000000000000803F6D
:10065000C66D9CBF000000000000803F000000004D
:10066000000000000000803F0000000000000000CB
:100670000000803F43E25EBF000000000000803FBA
:100680000000000000000000010000000300000066
:100690000100000003000000010000000000000055
:1006A000000000000000000000000000000000004A
:1006B000000000000000000000000000000000003A
:1006C00000000000115312BF0000000000000000F5
:1006D0000000803FB81E4D3F000000000000803F3A
:1006E00000000000000000000000803F4BC8EFBF8A
:1006F0001591393F0000803F00000000000000001D
:100700000000803F00000000000000000000803F6B
:10071000F569953D000000000000803F00000000EA
:10072000000000000000803FA39292BF0B419E3E5C
:100730000000803F000000000000000001000000F9
:1007400003000000010000000000000000000000A5
:100750000000000000000000000000000000000099
:10076000AEBB79BF00000000000000000000803F29
:100770003B01F5BF3867343F0000803F00000000B8
:10078000000000000000803F0000000000000000AA
:100790000000803FC6166ABF5DDC063E0000803F59
:1007A0000000000000000000010000000300000045
:1007B0000100000003000000010000000000000034
:1007C0000000000000000000000000000000000029
:1007D0000000000000000000000000000000000019
:1007E00000000000809F51BE0000000000000000DB
:1007F0000000803FA4DF86BF000000000000803FB3
:1008000000000000000000000000803F2F8692BE24
:10081000418286400000803F000000000000000090
:100820000000803F00000000000000000000803F4A
:100830006F4758BF000000000000803F000000002C
:10084000000000000000803F14ED5ABFE76FE23E59
:100850000000803F000000000000000001000000D8
:100860000300000001000000000000000000000084
:100870000000000000000000000000000000000078
:10088000CC0B68BF00000000000000000000803FAB
:100890003B01F5BF3867343F0000803F0000000097
:1008A000000000000000803F000000000000000089
:1008B0000000803FC6166ABF5DDC063E0000803F38
:1008C0000000000000000000010000000300000024
:1008D0000100000000000000000000000000000017
:1008E00000000000000000000000000030646DBF48
:1008F00000000000000000000000803F3B01F5BF49
:100900003867343F0000803F000000000000000016
:100910000000803F00000000000000000000803F59
:10092000C6166ABF5DDC063E0000803F0000000086
:10093000000000006400000096000000C8000000F5
:10094000FA0000002C010000F4010000EE0200009B
:10095000E8030000DC050000D0070000C409000027
:10096000B80B0000881300004C1D00001027000089
:10097000983A0000204E0000260000002C000000E5
:10098000180000002A000000060000001E00000001
:10099000290000002E000000010000001B000000E4
:1009A0000D00000003000000210000001600000000
:1009B000110000000B000000080000001A000000F9
:1009C000110000000D0000000A00000009000000F6
:1009D000050000000300000002000000020000000B
:1009E0000100000001000000010000000000000004
:1009F00000000000000000000000000000000000F7
:100A000005000000080000000700000005000000CD
:100A1000020000002B000000240000001E00000067
:100A2000170000002C000000190000000D0000005D
:100A30002500000017000000100000000800000062
:100A4000040000001F00000015000000100000005E
:100A50000D0000000B000000060000000400000074
:100A6000030000000200000001000000010000007F
:100A70000100000000000000000000000000000075
:100A8000000000000000000010000000380000001E
:100A90000100000023000000310000002C000000D5
:100AA00009000000080000002A00000014000000F7
:100AB0002800000012000000050000003E000000B9
:100AC00036000000300000002C0000002200000072
:100AD0001C000000190000001500000012000000BA
:100AE000110000000F0000000D0000003C0000009D
:100AF000360000002800000011000000090000007E
:100B000006000000040000000300000002000000D6
:100B100002000000010000000100000001000000D0
:100B200000000000000000000000000000000000C5
:100B300000000000000000000000000000000000B5
:100B400000000000000000000000000000000000A5
:100B50000100000000000000000000000000000094
:100B60000000000000000000000000000000000085
:100B70000000000000000000000000000000000075
:100B80000000000000000000000000000000000065
:100B90000000000000000000000000000000000055
:100BA0000000000000000000000000000000000045
:100BB00000000000780000008C000000AF00000082
:100BC000DC000000180100005E010000B801000018
:100BD0000D020000BC020000200000001000000018
:100BE00008000000080000000800000004000000E9
:100BF00003000000030000000200000028000000C5
:100C00002800000028000000200000001A0000005A
:100C100012000000100000000700000004000000A7
:100C20003FE8D02F27918231713523333FE8D02F11
:100C300027918231713523333FE8D02F27918231BC
:100C40007135233350000000A0000000F0000000C8
:100C500050000000F0000000900100000006101697
:100C6000000610160000000000000000010203044E
:100C7000060708090000000001020304434536345A
:100C80002053747265616D2B534400008002021F73
:100C900000000057494C44363420202020202020DA
:100CA0002020202020202020202020303030310023
:100CB0004FBB610567ACDD3F182D4454FB21E93F74
:100CC0009BF681D20B73EF3F182D4454FB21F93F63
:100CD000E2652F227F2B7A3C075C143326A6813CE9
:100CE000BDCBF07A8807703C075C143326A6913C94
:100CF000C4EB98999999C9BF711623FEC671BCBF00
:100D00006D9A74AFF2B0B3BF9AFDDE522DDEADBF67
:100D10002F6C6A2C44B4A2BF0D5555555555D53F7F
:100D2000FF8300922449C23F6E204CC5CD45B73F9A
:100D3000513DD0A0660DB13FEB0D76244B7BA93F12
:100D400011DA22E33AAD903F4C5555555555A53F24
:100D50007751C1166CC156BF9015CB19A001FA3E50
:100D6000AD529C804F7E92BEC4B1B4BD9EEE213E7A
:100D7000D43888BEE9FAA8BD0000000000000000D9
:100D800000004054FB21F93F3163621A61B4D03D49
:100D90000000601A61B4D03D7370032E8A19A33B22
:100DA0000000002E8A19A33BC14920259A837B3974
:100DB00000000000000000006E83F9A22915444ED7
:100DC000D15727FCC0DD34F5999562DB4190433C57
:100DD000AB6351FE61C5BBDE3A6E24B7E0D24D4233
:100DE000EA2E49061C92D1091CEB1DFE3EA729B133
:100DF000F53582E88444BB2E26709CE9417E5FB4C1
:100E000039D69139F43953838B5F849C3B28F9BDE3
:100E1000FF97F81F0F9805DE8B112FEF1F6D0A5AF1
:100E2000CF7E366DB709CB27663F464F2DEA5F9ED2
:100E3000C7BA27757BF1E5EBF739073DEA92528A8D
:100E4000B15FFB6B085D8D1F46300356000000004C
:100E5000A6F810111111813FD561C119A0012ABF57
:100E60007DFEB157E31DC73EEB9C2B8AE6E55ABEDB
:100E70007CD5CF5A3AD9E53D080F1608000000206E
:100E8000580100003C041408180F1608A854042048
:100E9000C80300003C04140858101608A874042065
:100EA0006800000098041408C01016080078042098
:100EB000D00100003C041408180F16085801002047
:100EC00098B20000B8041408180F160880B4002067
:100ED00024A00300B8041408581016087058042001
:100EE000AC1B0000B8041408C010160810750420CC
:100EF0005C010000B8041408B0111608D079042071
:100F0000A0850000B804140801281AFF0101FF01A0
:100F10002812022280000000012772017AFF0501D9
:100F20003F42102324F4021F7D2924C1193032636B
:100F30006A3F92299019010170073A4345363458A7
:100F40005F23D80332052904011E59E969F07202B2
:100F5000194051720469496A062F4931140101028E
:100F60005FFD4314080102105A03085A04081A05C9
:100F70002A292059385A02611A0238390813020303
:100F80004FF14414080203715A02703C02050638FE
:100F90005A02385A03915B03010819295EC13E14B5
:100FA0000803385A03385A03385A03385A04C15BC5
:100FB0000401081302055EC942140804315B0404ED
:100FC0000859385A04385A05F15B05010819381ACE
:100FD000BB205A05E05A05E05A05381907511A0690
:100FE00002390859F11A06C11A7D701A06A72A7922
:100FF0000859A85A06315A0638120749504C0701B9
:1010000007085A02085A03085A040859385A073878
:10101000293672101E19A9150849041A55041A7D9B
:10102000041AA5041EF9A815082508411A812D14D3
:101030000902201F010104C0320989280B02080699
:1010400050050705810240592A0107130A0632029A
:101050004A408EA1000000000000000000000000D7
:101060000000000000000000000000000000000080
:1010700000000000000000000024F400C5B01508C6
:10108000B9AF15088BB11508000000000000000082
:10109000A5AF1508AFAF1508000000000000000064
:1010A0000000000069B015083DB0150899B015089A
:1010B00031B0150803000000000600000000000029
:1010C000011A120115E55D14081301021B77590876
:1010D00072027203720472056A06364A01081938F0
:1010E0001008BD6214080102011B1550081303010A
:1010F0001BD766081304012AB9085A052859385A1B
:1011000002381A023839081302021AC5383C0203A1
:1011100002383C02040238140205041B51650859C8
:10112000385A03384B0301993C030203705A0338C1
:101130005A03385A03385A03385A04C15B04010869
:101140003B0204381A04471B975C0859E01A04381C
:10115000390859385A05704B0501F95B0502085AE0
:1011600003081970390859705A0538811E81C21454
:101170000859041E39C31408C1041AAD0C1A6508B5
:101180001A3D041A850C1C8B0C16841509041201D7
:101190002949164083042A571D02010203774A1A7F
:1011A000E3011412801B0820012100000000000050
:04000005080002B538
:00000001FF
