:020000040800F2
:10000000E80A0020B5020008BD020008BF0200088F
:10001000C1020008C3020008C50200080000000079
:10002000000000000000000000000000C7020008FF
:10003000C902000800000000CB020008CD02000841
:10004000CF020008CF020008CF020008CF0200084C
:10005000CF020008CF020008CF020008CF0200083C
:10006000CF020008CF020008CF020008CF0200082C
:10007000CF020008CF020008CF020008CF0200081C
:10008000CF020008CF020008CF020008CF0200080C
:10009000CF020008CF020008CF020008CF020008FC
:1000A000CF020008CF020008CF020008CF020008EC
:1000B000CF020008CF020008CF020008CF020008DC
:1000C000CF020008CF020008CF020008CF020008CC
:1000D000CF020008CF020008CF020008CF020008BC
:1000E000CF020008CF020008CF020008CF020008AC
:1000F000CF020008CF020008CF020008CF0200089C
:10010000CF020008CF020008CF020008CF0200088B
:10011000CF020008CF020008CF020008CF0200087B
:10012000CF020008CF020008CF020008CF0200086B
:10013000CF020008CF020008CF020008CF0200085B
:10014000CF020008CF020008CF020008CF0200084B
:10015000CF020008CF020008CF020008CF0200083B
:10016000CF020008CF020008CF020008CF0200082B
:10017000CF020008CF0200080000000000000000CD
:10018000CF020008CF020008CF020008CF0200080B
:10019000CF020008CF02000800000000CF020008D4
:1001A000CF020008CF02000800000000000000009D
:1001B000CF0200080000000000000000CF0200088D
:1001C000CF020008CF020008CF020008CF020008CB
:1001D000CF020008CF02000800F002F800F052F849
:1001E00014A696E8000CB244B344DA4501D100F0FD
:1001F00049F8BAE80F000FA696E83000A5EB040511
:1002000004EB0607AAEB0704A7F101074FEA15154F
:100210004FEA3414A4F10104AC4201D300F032F8E7
:1002200013F0010F18BFFB1A43F0010300F001F8AF
:10023000DBE718472C1800004C180000103A24BFC8
:1002400078C878C1FAD8520724BF30C830C144BF3B
:1002500004680C6070470000704700000023002411
:1002600000250026103A28BF78C1FBD8520728BFC6
:1002700030C148BF0B6070471FB501F0E3FB1FBDE5
:1002800010B510BD00F060F81146FFF7F5FF01F062
:1002900065FB00F07EF803B4FFF7F2FF03BC00F04B
:1002A00085F8000080F3088862B6084780F3088864
:1002B00062B608470948804709480047FEE7FEE75D
:1002C000FEE7FEE7FEE7FEE7FEE7FEE7FEE7FEE706
:1002D00004480549054A064B704700004D190008BF
:1002E000D9010008E8020020E80A0020E806002002
:1002F000E80600204FF0000200B5134694469646EB
:10030000203922BFA0E80C50A0E80C50B1F1200128
:10031000BFF4F7AF090728BFA0E80C5048BF0CC0D6
:100320005DF804EB890028BF40F8042B08BF704734
:1003300048BF20F8022B11F0804F18BF00F8012BA6
:100340007047704770477047754600F02BF8AE460F
:1003500005006946534620F00700854618B020B5D1
:10036000FFF7B6FFBDE820404FF000064FF0000752
:100370004FF000084FF0000BAC46ACE8C009ACE809
:10038000C009ACE8C009ACE8C00921F007018D46FE
:10039000704710B50446AFF300802046BDE810401A
:1003A000FFF779BF004870478802002001491820F4
:1003B000ABBEFEE7260002007047000030B5A1B0DA
:1003C00004461E4D80216846FFF794FF94B3E07801
:1003D00080B31C491A48CDE9000103200290802017
:1003E00003901948049060780590012006902846F3
:1003F00000F00AFA20B1A869411C01D0401C069007
:1004000012480790082008902079A17840EA01203E
:1004100014907C21684601F0B5F81F9000F0BCF8FC
:1004200040B1684600F0CAFA20B1284600F0ECF965
:1004300021B030BDFFE70020FAE70000000001080E
:10044000434536344D4E4633494E5354000002085E
:100450000C48016841F080510160BFF34F8F0A489A
:10046000016841F480710160BFF34F8F074A00219A
:100470001160121D1160BFF34F8F016821F480716C
:1004800001607047403802400070004090280040F2
:1004900010B5040013D00B49206988420FD12046C3
:1004A00000F0B2F958B100F077F840B1204600F002
:1004B00085FA20B1BDE81040034800F0A5B900203E
:1004C00010BD000056414C4400000108134C00F0E0
:1004D000CBF900F037FB00F0FBFA1148016841F45A
:1004E00080410160BFF34F8F0E48016821F0030186
:1004F0000160016841F0010101600B4804600020C7
:1005000080F31488BFF36F8FBFF34F8FBFF36F8FEC
:10051000D4E90001FFF7C6FE30BFFDE70000FF1F72
:10052000443802400038014008ED00E02DE9F04772
:1005300000F07AF840B300F063F828B3154F0524B3
:1005400040F2F31640F27F3840F202293D1D3E6032
:10055000286820EA080040EAC40040EA0900286050
:10056000286840F48030286000F05EF80028286891
:1005700020F00200286009D0641C0D2CE7D900F09F
:1005800037F80120BDE8F0870020FBE700F030F8E5
:10059000FAE700000C3C024010B500F045F8F8B155
:1005A00000F02EF8E0B1114940F2F31008600C1D84
:1005B000206840F27F31884340F2222108432060C6
:1005C000206840F48030206000F02EF80028206879
:1005D00020F00200206005D000F00AF8012010BDD4
:1005E000002010BD00F004F8FAE700000C3C0240C7
:1005F0000248016841F0004101607047103C024030
:1006000006480168002905DA0449054A0C390A60E0
:10061000044A0A600068C017401C7047103C024042
:1006200023016745AB89EFCD09480A4900E0401E28
:100630000A68D20302D50028F9D104E018B108688D
:1006400010F4F97F01D000207047012070470000AE
:100650000024F4000C3C024030B50446154D00F077
:10066000D3F820B314492069884220D1A16A2868B0
:1006700081421CD1E36A6A68934218D1A0F100510B
:10068000B1F5A02F13D8400711D1216A22F0010043
:100690004B19D2070BD0A84209D3984207D228465B
:1006A00000F070FF616A884201D1012030BD002056
:1006B00030BD00000000020856414C442DE9F05FB7
:1006C00004464FF0000800F0CFFC00280CD000F0EA
:1006D00095FBA8B3204600F07FFD88B300F046FCF0
:1006E00020B100F077FC0120BDE8F09F2046FFF725
:1006F00065FE28B3FFF71AFF10B3DFF874904FF4CC
:10070000007A41F2010BD9F8205005F2FF10470A98
:10071000002411E0174904EB0B0000F091FE78B1C2
:100720005646B54200D82E4660023246114900F0C6
:10073000E1F828B1AD1B641CBC42EBD32DB113E032
:10074000FFE700F047FC0020CEE74C460A48D9F806
:10075000201000F017FF616A884205D10448FFF7B6
:1007600097FE08B14FF0010800F034FC4046BBE7AB
:10077000080200200800002000000208044600F0E3
:10078000E1F900F0A5F90A4908480860002080F363
:100790001488BFF36F8FBFF34F8FBFF36F8FD4E910
:1007A0000A01FFF77FFD30BFFDE7000000000208EF
:1007B00008ED00E03CB503248DF80040B02403466A
:1007C0008DF8014032248DF802408DF80430CE249B
:1007D0008DF805108DF80620FF208DF803400022CB
:1007E0006C460723A15C48400021050602D583EA38
:1007F000400000E04000491CC0B20829F5D3521C5B
:10080000072AEFD33CBD000010B5040024D0D4E982
:100810000010124B124A5940504001431CD1A068AD
:10082000032819D1E068802816D16069A0B1A069B9
:1008300090B10C49E06988420ED1206A08280BD398
:10084000B0F5901F08D87C21204600F09BFEE16F98
:10085000814201D1012010BD002010BD4345363436
:100860004D4E463300000208194808B5016841F0B2
:1008700007010160BFF34F8F174816498161174A7E
:100880004FEAB1111160164A4FF4404111600168FE
:10089000144A1140144A114301601049183908687C
:1008A000124A10400B4A0C32104308600C491839A8
:1008B000086820F0704040F0A040086000200090E0
:1008C0000B4800BF0099491C00918142F9D308BD33
:1008D00030380240040000010000024018040240C9
:1008E00018080240CFFFFCFF10000100CFFFFFFC03
:1008F000007102002DE9F04716465FEA010824D096
:100900001EB3B0F5901F20D8C0F59011B1421CD392
:10091000284900EB0109800717D1FFF785FEA0B138
:10092000FFF76EFE88B1244940F2F310086001F130
:10093000040ADAF8000040F27F32904340F20122CC
:100940001043CAF80000002528E00020BDE8F08729
:1009500000204FF0FF34FF230AE0C10003FA01F743
:1009600018F80220BC438A401443401C042802D2D9
:100970002A18B242F1D309EB05073C60FFF754FE99
:1009800010B13868A04208D0DAF8001021F0010157
:10099000CAF80010FFF72CFED7E72D1DB542D7D3BC
:1009A000DAF8001021F00101CAF80010FFF720FE6C
:1009B0000120CBE7000002080C3C02402DE9F04189
:1009C00005461F4E2027FFF72FFE40B3FFF718FE06
:1009D00028B31C4940F2F310086001F10408D8F86C
:1009E000000040F27F32904340F201221043C8F8E9
:1009F0000000002455F8240046F82400FFF714FEF8
:100A000028B156F8240055F8241088420AD0D8F8A6
:100A1000001021F00101C8F80010FFF7E9FD0020E7
:100A2000BDE8F081641CBC42E4D3D8F8001021F08A
:100A30000101C8F80010FFF7DBFD0120F0E700001E
:100A4000000001080C3C0240F0B5040013D0002661
:100A5000267001256570A6701B48E6702671016836
:100A6000001D0068194A914201D1012805D0174A9A
:100A7000121F914206D00020F0BD03202070E570C7
:100A800025711EE0C3B2C0F307212370C0F30742F3
:100A90006170070EA2701846FFF78CFEB8420DD1A8
:100AA0002078012803D002280AD0032806D16078D4
:100AB000012805D0022803D0032801D02670DAE7E8
:100AC000E5700120F0BD00009028004007B032CE54
:100AD000194A10B517491368084643F0010313601B
:100AE00000E0401E13689B0701D40028F9D112488A
:100AF000083003684FF6F344A343036000E0491E47
:100B0000036813F00C0F01D00029F8D110680B49CD
:100B10000840106008490A48091D0860064900207D
:100B20000C31086004483030016821F480510160C4
:100B300010BD0000006A180000380240FFFFF6FEFA
:100B40001030002472B600204FF0E02108614861A7
:100B500088610A494FF0206008600020421E810031
:100B600001F1E021C1F88021C1F88022401C082851
:100B7000F5D3BFF34F8FBFF36F8F704704ED00E0E5
:100B80007FB582B0802300910B9D254A0021084645
:100B90005054491C9942FBD3214C23492148C4E9B4
:100BA00000010320A0608020E06020480126C4E905
:100BB00004060498A0611E48E061029820620A9829
:100BC0006062284600F0A4FCA062281D00F0A0FC92
:100BD0002665E062042204A904F1300000F090F8D8
:100BE000042205A904F1340000F08AF8042202A9C5
:100BF00004F1380000F084F80422694604F13C0056
:100C000000F07EF804220AA904F1400000F078F810
:100C10007C21204600F0B6FCE06706B070BD000005
:100C200008020020434536344D4E463356414C446D
:100C3000000002082DE9F84F1D46DDE90A690C9F06
:100C400092460C468046D7B306B1C5B300F0A2F871
:100C5000A8B32A494FF48020886148F040006946D3
:100C600000F0A4F850B3200E694600F09FF828B3B6
:100C70006946C4F3074000F099F8F8B16946C4F337
:100C8000072000F093F8C8B1E0B2694600F08EF892
:100C9000A0B16946504600F089F878B1FF208DF880
:100CA000000000246946FF2000F080F830B19DF874
:100CB0000000000607D5641C202CF3D314E0FFE7E6
:100CC0000020BDE8F88F9DF800003870002405E092
:100CD0002919FF2000F06AF830B1641CB442F7D340
:100CE000B9F1000F03D006E000F054F8E8E700F097
:100CF00051F80028E5D00120E3E7000000000240A1
:100D000010B5002302E0CC5CC4545B1C9342FAD3C0
:100D100010BD00000548016841F480510160BFF337
:100D20004F8F03490120886070470000303802402F
:100D3000003002400348006803490A6822F48052E8
:100D40000A60704700300240303802402DE9F0431D
:100D500000244FF0FF384FF0FF0CDFF8349012E022
:100D60004346002209E0D6000CFA06F7455DBB4376
:100D7000B5402B43521C042A02D2A5188D42F2D34F
:100D8000C9F80030241D8C42EAD3BDE8F08300008E
:100D900000300240044908B5042088616946FF20FC
:100DA00000F004F808BD00000000024038B5114B07
:100DB000114C1A4600E0521EA568AD0702D4002A65
:100DC000F9D113E092B1207300E05B1EA068C00768
:100DD0000AD05BB1207B01B10870A068400607D53E
:100DE000E068A068009001E0002BEED1002038BD43
:100DF000012038BD40420F00003001402DE9F04392
:100E000087B0FF208DF80C004D480427876100242F
:100E100006A9FF20FFF7CAFF00287CD0641C142C11
:100E2000F6D30024254603A80095CDE90150002300
:100E3000952219461846FFF7FDFE18B19DF80C00E3
:100E4000012806D0641C102CEDD39DF80C0001285D
:100E500065D103AE0097CDE9015604AB87224FF46C
:100E6000D5710820FFF7E6FE90B39DF80C0001282D
:100E700055D19DF81200012851D19DF81300AA28E0
:100E80004DD100244FF0804944F620680095CDE90B
:100E900001560023012219463720FFF7CBFEB8B1D7
:100EA0009DF80C0008B1012839D10095CDE9015613
:100EB0000023012249462920FFF7BCFE00282FD03D
:100EC0009DF80C0028B1012829D1641C4445DDD3CC
:100ED00025E00097CDE9015605AB012200213A201B
:100EE000FFF7A8FED8B19DF80C00C0B905989DF891
:100EF000171000BA08431349C0F38070087090B906
:100F00000095CDE901560122002351021020FFF780
:100F100091FE20B100E003E09DF80C0018B1002024
:100F200007B0BDE8F0830849086820F07800086041
:100F300020F0380040F0400008600120F0E7000099
:100F400000000240000000200030014041F48071A8
:100F500041F2210240004900CB0500D5401CC303EB
:100F600000D55040CB03F5D580B2704710B5174C73
:100F70002046FFF771FB30B3154861694269914221
:100F800021D1A169826991421DD1216A026A9142EF
:100F900019D1616A426A914215D1A16A826A91426D
:100FA00011D1E16AC06A81420DD1084A0849303244
:100FB00030310020135C0C5CA34204D1401C20287B
:100FC000F8D3012010BD002010BD00000000010872
:100FD0000802002070B5204D1E490420A8611F4A58
:100FE00000E0491E9068000601D50029F9D110687B
:100FF00020F0400010601A48016841F480510160FF
:10100000BFF34F8F016821F48051016014482030F4
:10101000016821F4805101601249800608600524AE
:1010200003222146284600F078FA0022214628466D
:1010300000F07DFA641C072CF2D903220221284615
:1010400000F06BFA2846BDE870400022022100F053
:101050006EBA000040420F00000002400030014024
:1010600024380240180402402DE9F0475349524FFA
:1010700008683C4640F0010008604FF0000900E0BD
:10108000641E0868800702D4002CF9D18FE0002C80
:101090000FD04A48083002684FF6F3439A43026083
:1010A0003E4600E0761E026812F00C0F02D0002EC1
:1010B000F8D17CE0002E7AD00868414A10400860E0
:1010C0003E483030016841F003010160BFF34F8FAB
:1010D0003D4D3C48A8613D4A4FF4822111600122F8
:1010E0000221284600F019FA01220821284600F0C2
:1010F00014FA364C0122183C0221204600F00DFA69
:1011000001220C21204600F008FA01220221284683
:1011100000F00DFA002000BF401CB842FBD30524AC
:101120004FF00F080326E20805EB82030520610754
:101130001A6AC90E08FA01F7BA43884010431862C8
:1011400002222146284600F0E8F9A968620006FA62
:1011500002F081430843A860062C2AD000222146D1
:10116000284600F0E4F9641C072CDCD9134844300D
:10117000016841F48051016010482430016841F455
:1011800080510160BFF34F8F016821F480510160ED
:101190000F49C1F81C90C1F804904FF45F720A60C7
:1011A0000C49012081F80090BDE8F087FFE700209E
:1011B000FAE70122D3E70000006A18000038024075
:1011C000FFFFF6FE04000001000002401804024088
:1011D000003001400000002010B5040022D0E0786B
:1011E00000B3207803281DD112494FF4805000F03D
:1011F00027F9B8B10F49802201F50070FFF780FD93
:101200000D48FFF701FB78B10B480C4A0169914288
:101210000AD140696178884206D12046BDE8104075
:1012200000F0A2B8002010BD2046BDE8104000F03C
:1012300007B80000080000200802002056414C4476
:101240002DE9F047002488B0002873D040780128A9
:1012500070D1404D284600F05BF93F49884269D182
:10126000281D00F055F93D49884263D105F1100071
:1012700000F04EF906463A49083888425AD205F13C
:10128000080000F045F90121039000B9039105F130
:101290000C0000F03DF904960290A88AADF81C00FD
:1012A00006F2FF104FEA5029FFF734FD00254FF4F6
:1012B000007A2DE041F201002649284400F0C0F8F0
:1012C00028B15746BE4200D837461DB10DE0FFF7A2
:1012D00031FD2FE01F49049800F034F90028F6D0C2
:1012E00008221C4905A8FFF70BFD2046DFF86480A3
:1012F000002404E018F80410FFF728FE641C3946A7
:10130000BC42F7D304461348FFF720FDF61B6D1CC3
:101310004D45CFD3FFF70EFD054620460021FFF7D0
:1013200015FE0021FFF712FE01461EB9BDF81C0094
:10133000814203D0002008B0BDE8F08705A8CDE9C0
:101340000050DDE90320029BFFF71AFC0548FFF778
:101350005BFAF0E70800002044414F4C544F4F42E5
:10136000F9FF1100080200202DE9F05F04005FD0B2
:10137000E07800285CD02078032859D12D498022BC
:1013800001F50070FFF7BCFC2B48FFF73DFA18B3DE
:1013900029482A4A016991424AD1627841699142B9
:1013A00046D1056A824605F2FF104FEA5029FFF741
:1013B000B1FC00244FF4007B2EE041F201001D49F6
:1013C000204400F03DF828B15F46BD4200D82F46CA
:1013D0001CB11BE0FFF7AEFC2AE01648164E804613
:1013E00000F096F8B16A88420DD108F1040000F0CF
:1013F0008FF8F16A884206D14146306A00F0A2F8BF
:1014000008B1012000E000200028E3D03946094857
:10141000FFF79CFCED1B641C4C45CED3FFF78AFC08
:1014200035B9DAF82410814202D10120BDE8F09FDD
:101430000020FBE7080000200802002056414C4431
:1014400070B50D46064600242946304600F00AF8DD
:1014500008B1012070BDFFF79DFC641C032CF3D381
:10146000002070BD70B586B00D00274C4FF0FF0214
:1014700001468DF80C2045D0244A12781AB9B0F5EF
:10148000000F3FD2490204AB012200208DE80D007D
:1014900003461120FFF7CEFB10B19DF8100048B1B4
:1014A000FFF778FC2EE003A9FF20FFF77FFC002860
:1014B000F6D0641E9DF80C00FF2820D0002CEFD041
:1014C000C0B2FE28ECD100244FF400762919FF2089
:1014D000FFF76CFC0028E3D0641CB442F6D303A9E8
:1014E000FF20FFF763FC68B103A9FF20FFF75EFC54
:1014F00040B1FFF74FFC28B1012006B070BD002CB1
:10150000D1D1CDE70020F8E700127A0000000020DA
:10151000C178006861F31F60704710B50368490027
:1015200003248C40A3438A401A43026010BD10B5C7
:10153000C368490003248C40A3438A401A43C26015
:1015400010BD000030B5C9B1082817D3B0F5901F01
:1015500014D80B4D4B684419086823F00102A0F120
:101560000051B1F5A02F09D8400707D1D80705D001
:10157000AA4203D3A24201D2012030BD002030BDD7
:1015800000000208F0B5194D00222B6843F4805387
:101590002B60BFF34F8F164E0123B36006E0831814
:1015A000DC781B6864F31F633360121D8B1A042BF5
:1015B000F5D28A4213D000234FF0FF34FF270BE00F
:1015C00007FA03FC24EA0C0410F802C00CFA03FC2E
:1015D000521C4CEA040408338A42F1D33460306868
:1015E000296821F480512960F0BD000030380240A4
:1015F0000030024010280CD011280DD012280ED037
:1016000013280FD014280DD015280BD016280CD075
:101610000DE002290DD00AE004290AD007E00329D1
:1016200007D004E0402904D001E0012901D00020C6
:1016300070470120704718B1016AB1F5901F01D9B8
:1016400000207047FFF708B8044672B600204FF03C
:10165000E02108614861886114494FF0206008600A
:101660000021481E8A0002F1E022C2F88001C2F87F
:101670008002491C0829F5D3BFF34F8FBFF36F8F4A
:1016800000F04EF809490A48091D0860002080F35F
:101690001488BFF36F8FBFF34F8FBFF36F8FD4E901
:1016A0000A01FEF703FE30BFFDE7000004ED00E095
:1016B000000214082DE9F041040011D0FFF7C4F92D
:1016C00010B10120BDE8F08100252570012666706B
:1016D000A5701148E570257100681049884201D055
:1016E0000020EFE70C48001D0068C3B2C0F30721DB
:1016F0002370C0F307426170070EA2701846FFF70F
:1017000059F8B84206D161782078FFF773FF08B125
:10171000E670D6E72570E3E79028004003B032CEAC
:10172000194A10B517491368084643F001031360BE
:1017300000E0401E13689B0701D40028F9D112482D
:10174000083003684FF6F344A343036000E0491EEA
:10175000036813F00C0F01D00029F8D110680B4971
:101760000840106008490A48091D08600649002021
:101770000C31086004483030016821F48051016068
:1017800010BD0000006A180000380240FFFFF6FE9E
:10179000103000242DE9F041374E0446354610291B
:1017A00015D0112915D0122915D0132915D01429B7
:1017B00015D0152915D00020F4B3E8B3D4E90021E1
:1017C0002E4F2F4B7A4059400A4352D10BE0012053
:1017D000F2E70220F0E70420EEE70820ECE7102013
:1017E000EAE72020E8E7A168042942D1E1688029DE
:1017F0003FD1244A216991423BD16169402938D1C6
:10180000A169C9B1E169B14233D1216A082930D354
:101810001D4A91422DD8216D01422AD07C212046BB
:10182000FFF7B0FEE16F814223D1A16A28688142AF
:101830001FD1E16A6A6800E01BE0914219D1A0F172
:101840000051B1F5A02F14D8400712D1216A22F01F
:1018500001008B19D2070CD0B0420AD3984208D2AB
:101860003046FFF78FFE616A884202D10120BDE851
:10187000F0810020FBE700000002140843453634E5
:101880005352563456414C4400FE03001CB50446E6
:101890008DF8001040208DF8010000228DF8022004
:1018A00001208DF803008DF804202046FFF772FF19
:1018B00030B1684600F006F810B12046FFF7C4FECC
:1018C00000201CBD70B5040036D0E07898B3617874
:1018D0002078FFF78FFE70B3A27821787E20FEF784
:1018E00069FF2178A278090241EA024141EA0060D9
:1018F000124940F07E000A6842F080520A60BFF34D
:101900004F8F0F490A6842F480720A60BFF34F8F0D
:101910000D4B0C4A1A601C1D2060BFF34F8F0D68E1
:1019200025F480750D601968914205D121688142C6
:1019300002D1012070BDFFE70020FBE740380240E4
:101940000070004003B032CE902800400248016889
:1019500041F470010160704788ED00E01CB5374C20
:10196000374D6846FFF7A6FE002851D09DF80000CD
:1019700016280FD1FEF76CFD2046FFF75CFE10B174
:101980002046FEF7FBFE15212846FFF77FFF08B92A
:10199000FEF79CFD9DF80010102909D0112907D0F1
:1019A000122905D0132903D0142901D015290ED1ED
:1019B0002846FFF7EFFE30B16846FFF783FF10B10E
:1019C0002846FFF741FEFEF743FDFEF77FFD9DF839
:1019D0000000012802D16846FEF7F0FCFEF738FD52
:1019E0009DF80000032811D16846FEF767FE30B16C
:1019F0002046FFF720FE10B12046FEF7BFFE20462E
:101A0000FFF719FE10B12046FEF7B8FEFEF75EFDA7
:101A10002046FFF710FE40B114212846FFF736FF9D
:101A200050B92046FEF7AAFE06E015212846FFF72A
:101A30002DFF08B9FEF74AFD30BFFDE700000108A1
:101A400000001408F1EE100A4FF6FF71C0F2C03129
:101A500020EA010040F04070E1EE100A70470000FB
:101A6000801A000800000020080000003C02000866
:101A7000881A000808000020E00A00005C02000844
:081A800000000000000000005E
:020000040801F1
:10000000434536344D4E4633030000008000000067
:1000100056414C4401000000C1A4876A0000020858
:100020000059020047B3FFE978B4002051030208E9
:100030007BA8E690A9E244221AFC3AE5D797D34C74
:10004000E16556AC3F728A7ECA9348D028915EE142
:1000500000000000000000000000000000000000A0
:100060000000000000000000000000000000000090
:10007000000000000000000000000000756087D74D
:020000040802F0
:1000000078B40020510302083FE303085FC80308E7
:1000100035E30308310F020899FC030800000000D3
:1000200000000000000000000000000079E8030864
:100030008D3703080000000049E3030841EE030880
:100040006B0302086B0302086B0302086B030208D0
:100050006B0302086B0302086B030208893803086C
:10006000A1380308FD380308153903086B0302089B
:100070005D330308693303080535030809350308B0
:100080003935030845350308FD0C02086B030208E7
:100090006B0302086B0302086B0302085139030863
:1000A000ADF203086B0302086B0302086B0302083E
:1000B00061F603086B0302086B03020875C80308A6
:1000C00069C803086B0302086B0302086B0302088C
:1000D0006B030208A9FB03086B0302086B03020809
:1000E000913703084DE303086B0302086B03020812
:1000F0006B0302086DF603086B0302088D350308D5
:100100006B0302086B0302086B0302086B0302080F
:10011000E5F903086B0302086B0302086B0302088E
:1001200021360308253603086D36030871360308A7
:100130006B0302086B0302086B0302086B030208DF
:100140006B0302086B0302086B0302086B030208CF
:10015000A9360308AD360308DD36030831FC030871
:100160006B0302086B0302086B0302086B030208AF
:100170006B0302086B03020800000000000000008F
:100180006B0302086B0302086B0302086B0302088F
:100190006B0302086B030208000000006B030208F7
:1001A0006B0302086B03020800000000000000005F
:1001B0006B03020800000000000000006B0302084F
:1001C0006B0302086B0302086B0302086B0302084F
:1001D0006B0302086B03020800F002F800F08EF8CF
:1001E00014A696E8000CB244B344DA4501D100F0FD
:1001F00085F8BAE80F000FA696E83000A5EB0405D5
:1002000004EB0607AAEB0704A7F101074FEA15154F
:100210004FEA3414A4F10104AC4201D300F06EF8AB
:1002200013F0010F18BFFB1A43F0010300F001F8AF
:10023000DBE7184764540200E45402000A444FF01C
:10024000000C10F8013B13F0070408BF10F8014B35
:100250001D1108BF10F8015B641E05D010F8016B7A
:10026000641E01F8016BF9D113F0080F1EBF10F8DE
:10027000014BAD1C0C1B09D16D1E58BF01F801CB01
:10028000FAD505E014F8016B01F8016B6D1EF9D584
:100290009142D6D370470000103A24BF78C878C185
:1002A000FAD8520724BF30C830C144BF04680C607C
:1002B000704700007047000000230024002500263E
:1002C000103A28BF78C1FBD8520728BF30C148BFB9
:1002D0000B607047632900F01B84732900F02084B1
:1002E000002070471FB523F064FB9DE8030000F079
:1002F000A5FB00F026FA1FBD10B510BD00F07CFC78
:100300001146FFF7EFFF21F0DDFE00F09AFC03B489
:10031000FFF7F2FF03BC00F0CBFC00000B49D1F863
:1003200000C04A685CF8043B1068184442F8040BAB
:100330008C4528BFA1F1DC0C8A4228BFA1F1DC0268
:10034000C1F800C04A6020F000407047ECFF042074
:100350000948804709480047FEE7FEE7FEE7FEE759
:10036000FEE7FEE7FEE7FEE7FEE7FEE70448054995
:10037000054A064B704700009DF20308D9010208A8
:1003800078AC002078B4002078B0002078B000204D
:1003900070B5064600F036FB056806F10B0020F04C
:1003A0000704B4429CBF002070BD2B466A68BAB1F6
:1003B0001068A04210D304F1080188423CBF506885
:1003C000586007D35168101941601168091B01601A
:1003D00058601460101D70BD13465268002AE7D1A2
:1003E0002146284600F016FB0028DED170BD70B50E
:1003F0000446051F00F006FB0068002C14BF44688B
:1004000070BD002C18BFAC423CBF20466468F8D3D6
:1004100001680A18AA4218BF456003D12A68054638
:100420001144016028684119A1421CBF6C6070BD75
:100430006168696021680844286070BD53EA020C55
:1004400000F069802DE9F04B4FF00006002B1FBF34
:10045000B3FA83F503FA05F424FA05F65E4012BFF9
:100460001643B2FA82F502FA05F4C5F120051EBF63
:1004700022FA05FC44EA0C04203556EA044C4FEA03
:10048000144418BF641C4FF000084FF0000990425C
:1004900071EB030C39D3002919BFB1FA81F701FAC6
:1004A00007F6B0FA80F700FA07F6C7F120071EBF7B
:1004B00020FA07FC46EA0C062037B6FBF4FCA7EB53
:1004C0000507103F07F01F0BCBF120062CFA06F6AC
:1004D0000CFA0BFB44BFB3460026202FA4BF5E4698
:1004E0004FF0000B5BEA060C08BF4FF0010B19EB55
:1004F0000B0948EB0608ABFB027C06FB02CC0BFBAE
:1005000003CCC01B71EB0C01C1E70B460246414610
:100510004846BDE8F08B13B5084318BF4FF0FF30D5
:100520000146AFF30080BDE81C407047B2F12003E4
:100530000AD5C2F1200301FA02F120FA03F341EADD
:10054000030100FA02F0704700FA03F14FF00000D7
:100550007047B2F120030AD5C2F1200320FA02F05D
:1005600001FA03F340EA030021FA02F1704721FA8D
:1005700003F04FF0000170470FB41CB50C0007AA40
:10058000009007D04142A14202D32044401E01E026
:100590004FF0FF30074B7B4469460190069800F00E
:1005A00092FA0020002C01D0009908701CBC5DF864
:1005B00014FB00005305000070B50C460546012AE7
:1005C00005D02878800600D5EA69002302E00123DF
:1005D00005E05B1C934202D2E05C0028F9D1A869D7
:1005E000E618C01AA861286A184428622846AFF3A2
:1005F000008004E0D5E9012114F8010B9047B442D2
:10060000F8D32846AFF3008070BD2DE9F0474FF0D6
:10061000000A89460446C0F820A02046E1688847C1
:10062000002876D0252806D0D4E901219047206AF9
:10063000401C2062F1E7E168204600258847C4F8A5
:100640001CA006460027C4F818A02A2E09D0304660
:1006500021F076FA38B304EB8708303EC8F818600A
:1006600019E059F8041B204604EB87029161E16808
:100670008847012F064618D1E069002820DA25F0C6
:1006800020051DE0D8F8180000EB800006EB4000C4
:100690003038C8F818002046E1688847064621F03F
:1006A0004FFA0028EED1012F0AD02E2E08D1204675
:1006B000E16888477F1C0646022F45F02005C4DB11
:1006C000A069002803DA404245F00105A061E8076F
:1006D00001D025F01005B6B1A6F14100192802D8C5
:1006E000203645F400654A463146204625604D4691
:1006F000FFF7F0FD58B1012806D0ED1D25F00700E9
:1007000000F1080989E704E005F1040985E73046AE
:100710008AE7206ABDE8F0870B4910B5A1F17C0299
:100720000A4CC2E93712372106E000EB104342F8C9
:100730002130074B00FB03400B1EA1F10101F4DC4B
:1007400010BD0120E8E700008CFF0420E119D66607
:10075000CD0D010040EA010310B59B070FD1042A1B
:100760000DD310C808C9121F9C42F8D020BA19BA7C
:10077000884201D9012010BD4FF0FF3010BD1AB1E1
:10078000D30703D0521C07E0002010BD10F8013B36
:1007900011F8014B1B1B07D110F8013B11F8014B5D
:1007A0001B1B01D1921EF1D1184610BD10B5431C80
:1007B00002E010F8011B71B18107FAD14FF001324C
:1007C00002C88C1A8C4314EAC211F9D0C01A0A0666
:1007D00003D0C01E10BDC01A10BD0A0401D0801E77
:1007E00010BD0902FCD0401E10BD032A40F230802B
:1007F00010F0030C00F0158011F8013BBCF1020F62
:10080000624498BF11F801CB00F8013B38BF11F8E2
:10081000013BA2F1040298BF00F801CB38BF00F8F9
:10082000013B11F0030300F06780083AC0F0088034
:1008300051F8043B083A51F804CBA0E80810F5E75A
:10084000121D5CBF51F8043B40F8043BAFF300803D
:10085000D20724BF11F8013B11F801CB48BF11F8B2
:10086000012B24BF00F8013B00F801CB48BF00F882
:10087000012B7047431A28BF9A427FF6B6AF104447
:100880001144032A40F2268010F0030F1EBF11F816
:10089000013D521E00F8013D10F0030F7FF4F6AF4A
:1008A00011F0030300F05381083AC0F00B8051F8B7
:1008B000043D083A51F804CD40F8043D40F804CD19
:1008C000FFF7F3BF121D5CBF51F8043D40F8043D33
:1008D000AFF30080D20724BF11F8013D11F801CD1C
:1008E00048BF11F8012C24BF00F8013D00F801CDEC
:1008F00048BF00F8012C704710B5203AC0F00B80BB
:10090000B1E81850A0E81850B1E81850A0E8185005
:10091000203ABFF4F5AF5FEA027C24BFB1E818507B
:10092000A0E8185044BF18C918C0BDE810405FEADD
:10093000827C24BF51F8043B40F8043B08BF704759
:10094000D20728BF31F8023B48BF11F8012B28BF5E
:1009500020F8023B48BF00F8012B704702F0FF036C
:1009600043EA032242EA024200F002B84FF00002DA
:100970000429C0F0128010F0030C00F01B80CCF1B1
:10098000040CBCF1020F18BF00F8012BA8BF20F81F
:10099000022BA1EB0C0100F00DB85FEAC17C24BF73
:1009A00000F8012B00F8012B48BF00F8012B70471D
:1009B0004FF0000200B5134694469646203922BFF8
:1009C000A0E80C50A0E80C50B1F12001BFF4F7AF43
:1009D000090728BFA0E80C5048BF0CC05DF804EB25
:1009E000890028BF40F8042B08BF704748BF20F893
:1009F000022B11F0804F18BF00F8012B7047704791
:100A000070477047004870471CAC00207047704723
:100A10007047704738B504460A4600206946AFF370
:100A20000080002808BF38BD02460099204600F02B
:100A3000C1F8012038BD012000F0D6B8F8B5AFF3F9
:100A40000080054600200C460C2000BF0646A81971
:100A5000A0420DD9324669460020AFF3008007005E
:100A600008BF00F0C1F80098A04218BF0546C4199D
:100A7000FFF7C8FF05600746F01D20F00700461984
:100A8000284600F00AF8B44208BFF8BDA21B314660
:100A90003868BDE8F84000F08DB800210160416081
:100AA00070470C20704710B500F080F8006810BD4A
:100AB00010B5044600F07AF8046010BD01694A1CC4
:100AC00002610878704700B58FB0CDE9013100218F
:100AD000059105497944CDE9031011466846FFF7B1
:100AE00094FD0FB000BD0000E5FFFFFFD1E900233A
:100AF0009A4202D2531C0B601070704710B54369C4
:100B000013B1AFF3008001E0FFF756FD012010BDE7
:100B1000127800F124010A7000224A700122EDE7E8
:100B200011684FF0FF32E9E7431A28BF9A427FF677
:100B3000E3AE1044114410F0030F1EBF11F8013D45
:100B4000521E00F8013D10F0030F7FF4F6AF103A8B
:100B5000C0F00A8010B531E9185020E91850103A59
:100B6000BFF4F9AFBDE81040530724BF31E90810C6
:100B700020E9081044BF51F8043D40F8043D12F04C
:100B8000030F08BF7047D20728BF31F8023D48BFA6
:100B900011F8012C28BF20F8023D48BF00F8012CB5
:100BA000704700000048704714AC002000487047B0
:100BB00014AC0020034640688C46002818BF8842C9
:100BC0003CBF03464068F8D318681844884207D0F1
:100BD0000CF1030020F00700001D411A521A0146D3
:100BE000081D0A60FFF703BC10B500F039F8BDE836
:100BF000104000F02FB870477546FFF7D3FFAE46A0
:100C000005006946534620F00700854618B020B518
:100C1000FFF7ACFBBDE820404FF000064FF00007A7
:100C20004FF000084FF0000BAC46ACE8C009ACE850
:100C3000C009ACE8C009ACE8C00921F007018D4645
:100C4000704710B50446AFF300802046BDE8104061
:100C5000FFF75DBB002801D000F02AB87047000004
:100C600010B5012805D0002103A000F027F80120CD
:100C700010BD09A1F8E7000053494752544D454DB6
:100C80003A204F7574206F662068656170206D652D
:100C90006D6F7279000000003A2048656170206D28
:100CA000656D6F727920636F727275707465640020
:100CB00001491820ABBEFEE72600020070B50546CC
:100CC0000C460A2000E06D1C00F011F835B12878C0
:100CD0000028F8D102E0641C00F009F814B1207873
:100CE0000028F8D1BDE870400A20AFF3008008B5B5
:100CF00069468DF800000320ABBE08BD104910B551
:100D00000A68002010600868826822F00102826090
:100D10000868C06B46F2207180B2A0FB010147F663
:100D2000FF72801841F100014FF6FF720023FFF7B8
:100D300085FB0146BDE81040024810F0C5BF000029
:100D400030A50020A8F40420464910B54A6822F4D2
:100D500040324A604A6843681A434A6001684A68F8
:100D600022F480724A6001684A68036942EA0322F9
:100D70004A6001684A6822F040724A6001684A6825
:100D800083681A434A6001688A6822F400628A60B4
:100D900001688A68C3681A438A60816A6FF070626A
:100DA000D14201688A6822F070628A6001688A68AC
:100DB0000CD0836A1A438A6001688A6822F0405224
:100DC0008A6001688A68C36A1A4301E022F04052CF
:100DD0008A6001688A6822F002028A6001688A6873
:100DE000037E42EA43028A6090F8201000290168DD
:100DF0004A680FD042F400624A6001684A6822F4EF
:100E000060424A6001684A68174C436A04EB433306
:100E10001A4301E022F400624A600168CA6A22F4BF
:100E20007002CA620168CA6A838B104C04EB0353D8
:100E30001A43CA6201688A6822F400728A600168F3
:100E40008A6890F8303042EA43228A6001688A68F2
:100E500022F480628A6001688A68406942EA8020E0
:100E6000886010BD0023014000E0FFFF0000F0FF9C
:100E700018B50023009303098DF8003000F00F002F
:100E80008DF8010000206C46235C0A2B01D2303320
:100E900000E037330B54401C0228F5DB02201080A1
:100EA000002018BD1E4C08B5656815F015F813F044
:100EB00047FC4FF0E0210020086148618861194833
:100EC000016841F02061016072B60020421E81007D
:100ED00001F1E021C1F88021C1F88022401C0828DE
:100EE000F5D31148016841F480410160006800F4C5
:100EF000804000900D48016821F003010160016805
:100F000041F0010101600748001D0460BFF34F8FED
:100F1000BFF36F8F206880F3088862B6A847FEE7AA
:100F20000000FF1F04ED00E044380240003801409B
:100F30000C2006F073FD11F09DFA000030B500287A
:100F400032D0016A00292FD01849B1F85E20002A5A
:100F50002AD091F87D10002926D100F12801C06A1D
:100F60004A6844088868204488608868904206D3AC
:100F700088688B68B0FBF2F000FB123088608A6AE8
:100F8000C86A121940F100008A62C862002001EBB1
:100F90008002183252E8003F234442E80035002D19
:100FA000F8D1401C0328F2DB30BD0000B002002065
:100FB0002DE9F04F85B015461C460A460646DDE988
:100FC0001010DDE90E733762C6E90341C6E9012559
:100FD0000246B37706F1280020F07AFE69490868D6
:100FE0000A8952085043684A904200D2104681460E
:100FF000086888B187B1B9FBF7F107FB119058B9C0
:101000006248006A40B1006830B16148B0F89802A7
:1010100001285BD0022859D000208046002D7DD0C9
:10102000DFF870A128684FEA074BE0B3E7B312F08E
:10103000F1FEB8F1000F06D0574A2968914201D05D
:10104000514500D14846B0FBFBF1491C07FB01F2BA
:10105000B0FBF2F0491E69600021401EC5E9021094
:101060002846296116F01CF94B492868884201D0AE
:1010700050452FD1494A904212D0B0F1804F0FD045
:10108000474A90420CD088420AD04649884207D04D
:10109000504505D04449884202D04449884219D17C
:1010A0001421684601E015E012E0FFF781FC5FEAD9
:1010B000080000D0072000900020019069462846D3
:1010C00016F0D1FD30B112F075FC03E00120A4E769
:1010D0000020B06014B3206800B3E7B312F09AFEAA
:1010E000B8F1000F06D02C4A2168914201D0514539
:1010F00000D14846B0FBFBF1491C4F43B0FBF7F071
:10110000491E0025401E6160C4E902502046256149
:1011100016F0C6F820492068884200E02EE001D091
:1011200050452BD11D4A904212D0B0F1804F0FD0C4
:101130001B4A90420CD088420AD01A49884207D0F4
:10114000504505D01849884202D01849884215D127
:101150001421684600E00FE0FFF72AFC5FEA080070
:1011600000D00720CDE900056946204616F07BFD3A
:1011700020B112F01FFC01E00020F06005B000205B
:10118000BDE8F08FA8EC042000E2040058E1042040
:101190002836002000040140000800400000014003
:1011A00000040040000C00400040014000180040D6
:1011B00038B1406828B1016819B18868C00703D008
:1011C00018E04FF0FF307047886840F001008860F9
:1011D0000D480E4A0068B0FBF2F0102801D2102032
:1011E00006E04FF40062904202D9104600E000BFD2
:1011F000401EFCD2086820F004000860886840F4B3
:101200008000886000207047C8740420400D0300EF
:1012100030B54FF0FF35A0B14168096889B10022AF
:101220004CF250340FE08B68DB070AD01346521C97
:10123000A34208D9086820F0080008606FF0010098
:1012400030BD284630BD0B685B07ECD5CA6B828287
:101250000A6CC2824A6C02838A6C4283086820F05E
:101260000C000860002030BD00BF704770B5044618
:10127000006A002871D02046FFF7F6FF61684FF43E
:10128000885009684860E068016801B9A068006A90
:1012900005684348296821F018012960296821F070
:1012A0000101296000E000BF2968C90701D0401E84
:1012B000F9D22868C00702D06FF0010070BDEFF3CB
:1012C000108672B63748A8602069E860E06A400876
:1012D0006860002104F1280020F00AFE32488542AF
:1012E00007D131494FF474602039086039201EF06D
:1012F000E0FD06B962B6A068006878B300214162DB
:10130000A0680068026922F001020261E0680068DA
:1013100040B14162E0680068016921F001010161AA
:10132000E06800E0A0680068C16841F48071C160B5
:1013300060680068816840F201121143816028688A
:1013400040F019002860A168184A0868904206D148
:10135000016A41F4805101620EE01EE016E0144A79
:10136000904210D1016A41F001010162A068006859
:10137000416C41F400414164A0680068016841F09B
:101380000101016002E0084616F002F9E068006819
:1013900018B1016841F001010160002070BD00003A
:1013A000400D03004C20014028640240000800402A
:1013B0000000014070B504004FF000051CD06068CB
:1013C000D0B10068C0B1A06800F054F8E06820B166
:1013D000A168884201D000F04DF86068006881681B
:1013E000214A114081606168A1B1E06838B10268AA
:1013F0002AB1006A58B902E04FF0FF3070BDA06812
:1014000018B102680AB1006A08B9886B08B10168AE
:1014100000E0002101B315480A6822F018020A60B2
:101420000A6822F001020A6000E000BF0A68D207E1
:1014300001D0401EF9D20868C00702D06FF0010544
:101440000AE00B48814207D109494FF47460203902
:10145000086039201EF02DFD60680068016821F0E9
:101460001E010160284670BDFEFEBFBF400D030097
:101470002864024000281CD00168002919D0CA68DD
:1014800022F48072CA6001680A6822F001020A60D0
:10149000084A0168914203D10A6A22F4805205E0A9
:1014A000054A914203D10A6A22F001020A6216F04B
:1014B000EBB870470008004000000140002903D04D
:1014C0000844401E491E884370472DE9FF4F81B0F4
:1014D0001F461546040010D000F0CEF904F58871BF
:1014E0000091029800F03EFC060009D0204601F071
:1014F0001BF9304605B0BDE8F08F4FF0FF30F9E73B
:10150000D4F81001416B006B00F0C3FD00287ED0C1
:10151000D4F81001C16B806B00F0BBFD002876D0C1
:10152000D4F81001416C006C00F0B3FD00286ED0BF
:10153000D4F8100100F0BFF9002869D0002D67D061
:10154000874265D305EB07080027C4F80871D4F873
:1015500010112E46B946886D60B34D6D2021FFF7FE
:10156000ADFF0746B54253D305EB070AC2454FD836
:10157000D4F81011C86DFF2804D98A6DC969831881
:101580008B4205D9204601F0CFF86FF00300B1E798
:10159000D4F8181101EB000B11462846FFF7E6F9C5
:1015A000D4F810015946826D2846FFF71EF9A81B92
:1015B00007445546D4F81001406B90B12021FFF745
:1015C0007DFF284440455CD8C4F8D850D4F81011A9
:1015D0000546871B4A6BC4F8DC20096BC4F8E01091
:1015E00005E0C4F8D890C4F8DC90C4F8E090D4F8D2
:1015F0001001C06BA8B12021FFF760FF28444045CF
:101600003FD8C4F8FC50D4F81011CA6B01E03EE09A
:1016100037E0C4F80021896B0546871BC4F8041124
:1016200005E0C4F8FC90C4F80091C4F80491D4F823
:101630001001406C90B12021FFF740FF2844404545
:101640001FD8C4F8F050D4F810110546871B4A6C17
:10165000C4F8F420096CC4F8F81005E0C4F8F09060
:10166000C4F8F490C4F8F890D4F8D80078B1D4F85D
:10167000F00060B1D4F81011A8EB0508CA6A9045D3
:101680000BD2204601F050F86FF0040032E72046FC
:1016900001F04AF86FF007002CE720211046FFF711
:1016A0000DFF074404F59670814600F045FA482185
:1016B00004F5B070FFF77CF9D4F81001466916F410
:1016C000706F03D1029900F078FB06434FF00110D0
:1016D000C4E95806C4E95A58D4F8D800C4F87001CF
:1016E000D4F8DC00C4F87401D4F8FC00C4F8780124
:1016F000D4F80001C4F87C01D4F8F000C4F88001EB
:10170000D4F8F400C4F80871C4F88401494600987C
:1017100000F06EFA050004D0204600F0ADF828462F
:10172000E8E6012060800020E4E60000054800684B
:101730000549884202D00549884201D101207047FD
:101740000020704714770420494145434B4F4D53C7
:101750002DE9F05F414A0024661E1368FFF7E6FF9B
:10176000002879D03E48834201D1012700E00027BC
:101770004FF0000B91461046C2F820B0C2F818B0E6
:10178000C2F81CB052688568DFF8D880022A02D3FC
:101790006FF0010051E06FF0040A102D10D807B16E
:1017A00075B10121104600F0DFFEC0BBD8F8D800AB
:1017B00040B1D8F8F01029B1D8F8DC10A94204D211
:1017C00050463AE04FF0FF3037E0FFF7CFF8D8E966
:1017D0003C01FFF7CBF8D8F8FC0018B1D8F800119D
:1017E000FFF7C4F857B11D48D8F8D810243003E0EB
:1017F00010F8012B01F8012B6D1EF9D2194801F0E8
:10180000ADF8060000D40020D8F8F440102C00D920
:101810001024124923463431D8F8F02004E00CE0BB
:1018200012F8015B01F8015B5B1EF9D2042C04D3B2
:10183000D8F8F0100968C9F81C10C9F80C00C9F8EC
:101840001060D8F80C01C9F81400C9F8184006480F
:10185000C9F82000C9F800B0BDE8F09F1477042053
:1018600049414543C0F704204345414901490860C7
:10187000704700001077042010B504000ED0608877
:10188000012806D1D4F8100118B104F5887000F0D1
:101890002EF92046BDE8104000F046BF10BD0128DB
:1018A00005D0022802D0032803D00020704704206E
:1018B00070470120704770B5040019D02021606B7B
:1018C000FFF7FCFD05462021E06BFFF7F7FD05441F
:1018D0002021606CFFF7F2FD05442021A06DFFF789
:1018E000EDFD05442021E06AFFF7E8FD284470BDC6
:1018F000002070BD10B500F0E7FCE0B90F490868A2
:10190000401C13D1087D88B90024204600F066F9F8
:1019100038B1D0E900100A4B0A4A594050400143FF
:1019200007D0641C022CF0D3002020B14FF480308B
:1019300010BD0120F9E7002010BD0000700100205B
:10194000474D49413233454370B500B10120134C36
:101950000025207560B100F0B7FC70B1104801F0AF
:101960002AF80F48FFF788FF25756FF0070012E08F
:101970000B4801F020F8256104E02068401C05D0E8
:1019800000F0BEFDBDE8704000F032BF044801F039
:1019900012F86FF001002061F4E7000070010020F0
:1019A000C0F7042030B5184DC1B00446022802D358
:1019B0006FF0010005E01548B0F85E0018B16FF057
:1019C0000700286105E06A46204600F030F92861EA
:1019D00020B1204600F0D1FE41B030BD2868A042C1
:1019E00008D109484FF4807269461830FEF784FF29
:1019F00000F086FD204600F0C0FE2868A042EBD132
:101A000000F0F6FEE8E7000070010020B0020020C0
:101A100070B50546144C4FF0FF3604F11800FF2D49
:101A200003D0022D08D3700018E04FF480712660B7
:101A3000FEF7BEFF002005E00146284600F0FEFA52
:101A400040B126602061094800F0B5FF0748FFF764
:101A500013FF04E0217D284600F086FD2061BDE8EB
:101A6000704000F0C5BE000070010020C0F70420E7
:101A700010B500F029FC00280ED0084800F09BFFAC
:101A80000648FFF7F9FE06480168491C02D06FF0CE
:101A9000070101610021017510BD0000C0F704209D
:101AA0007001002001F0010252420A4203D0FF29D6
:101AB00001D9814202D36FF00300704700207047C4
:101AC00030B5002A0FD0084C11F8013B58400023D4
:101AD000C50702D084EA500000E040085B1C082BD8
:101AE000F6D3521EF0D130BD2083B8ED704718B147
:101AF0008069002802D000474FF0FF30704708B5DA
:101B0000694600F05BF810B16FF0010008BD009865
:101B100003C811F0C1FF0028F8D06FF0050008BD20
:101B2000012805D0022802D0032803D000207047E6
:101B3000042070470120704710B504000DD03421F7
:101B4000FEF736FF4FF0011020600120606003486F
:101B5000A0600348E0600348206110BD0D4C0308FD
:101B600085470308ED1A020818B1012804D00020A7
:101B700070474FF4805070474FF4905070470028E2
:101B800009D0806811B1096901B10846012803D064
:101B9000022804D0002070474FF4807070474FF443
:101BA0000060704708B5694600F008F808B10020E9
:101BB00008BD009803C8081A401C08BD09B10228D6
:101BC00002D36FF001007047034A00EB400002EBC4
:101BD00080000860002070479041040808B56946FD
:101BE000FFF7ECFF08B1002008BD0098006808BDB1
:101BF00010B58EB0040004D02069002803D021B1B4
:101C000007E04FF0FF300EB010BD6846FFF794FFBD
:101C100069460868B0F1011F02D14868012802D066
:101C20006FF00700EFE7226908469047EBE72DE9E0
:101C3000F74FADF5427D0C46C0A9C298FFF7BEFF35
:101C4000002811D1C2980CB1C19403E0FFF78CFFBA
:101C5000C19068B10020002806D16946C19817F0EC
:101C600081F840B16FF002000DF5457DBDE8F08FC1
:101C70006FF00100EFE74FF4807B5A46694680A879
:101C8000FEF73AFE80A8C29900F0DEF80028EBD1FA
:101C9000C298FFF734FF0028E6D1C098879E4FF026
:101CA000FF39076806F2FF104FEA502800244FF46E
:101CB000007A2BE04CB1C1986946204417F052F8E5
:101CC00018B1C09800F03CF8CCE75546AE4200D8B9
:101CD00035461CB12A466946484605E05D4506D9A9
:101CE000A5F58072484640A9FFF7EAFE81462A46DC
:101CF0006946384611F080FF28B1C09800F020F8FE
:101D00006FF00500B0E7761B2F44641C4445D1D327
:101D100093996FEA0900814205D0C09800F010F84D
:101D20006FF00600A0E7C499C29800F087F904009C
:101D300004D0C09800F004F8204695E7002093E70F
:101D40001CB500210091019148B100680822694644
:101D500011F052FF002801D06FF005001CBD4FF0BC
:101D6000FF301CBD38B50C00054623D06946FFF78F
:101D700025FF00281DD10021284600F05FF900282A
:101D800017D100980068C4E9000500990A68A260AC
:101D90004A68E260026A0AB10B681A4422610A6862
:101DA000436A1A446261806A08B109680844A06104
:101DB000002038BD4FF0FF3038BD38B50A4604006A
:101DC00004D069461046FFF7F9FE08B1002038BD7F
:101DD000A08A10F47060FAD121460098FFF7CFFE78
:101DE00038BD30B450B149B143693BB10A68B2F172
:101DF000011F06D06FF0070030BC70474FF0FF3076
:101E0000FAE78A686FF00404CAB10068CA68C56A54
:101E1000AA4214D3426B22B10D6985B14D69954236
:101E20000DD3C26B22B18D694DB1CD69954206D3F8
:101E3000406C30B10A6A12B14A6A824201D220462D
:101E4000DAE730BC084618472DE9F04FC1B00D461F
:101E5000040016D040A92846FFF7B0FE002812D192
:101E60004098724E724BD0E90021891A01F10108A5
:101E7000D4E90021724059406FF003090A4371D13F
:101E800004E04FF0FF3041B0BDE8F08FA1686FF083
:101E90000706012969D1E168B1F1011F65D1A16C83
:101EA000012962D1216911B18068814264D1207D0C
:101EB000C00757D029462046FFF77FFF0546214639
:101EC0004098FFF75CFE4FF40067B84201D14FF431
:101ED0006060054250D0681E05424DD14FF4007B32
:101EE0004FF4807A5D4504D0B5F5806F01D0BD42D6
:101EF0001ED1206BFFF714FE98B3616B89B3B1FB61
:101F0000F0F200FB121272BB5D4502D100EB400003
:101F100008E0B5F5806F04D0BD4209D100EBC000E8
:101F200000E0C000B1FBF0F200FB1210D8B904E0F1
:101F3000554502D1606E40283DD2E06B0028A06B71
:101F400012D0FFF7EDFD60B1E16BB1FBF0F200FBE9
:101F5000121232B9C000B1FBF0F200FB121010B93E
:101F600005E002E049E026E008B130468BE7409901
:101F7000A0690968884202D06FF0010083E7E06938
:101F8000FF2818D9404516D8A16D0546B1B1294B97
:101F9000626D1344B3F5703F2FD2E56DFF2D2CD940
:101FA00085422AD253189A4205D8234A934202D82E
:101FB0002944814206D96FF0040064E7616DE1B9FC
:101FC000E16DD1B9616AFFF76DFD0028CED1606A7D
:101FD000A84212D2216A09B1A9420ED2A06A08B160
:101FE000A8420AD219B1E069FFF75CFD28B9A16ADD
:101FF00029B1E069FFF756FD08B1484643E7554669
:10200000524621466846FEF777FC002014902A4687
:102010006946401EFFF754FD216DC043814202D046
:102020006FF006002FE700202DE70000474D4941E3
:1020300032334543804BFFDF80740420F8B50D46F2
:1020400006466946FFF7BAFD002818D100983146C8
:1020500004682046FFF7F8FE002810D10098E269D6
:1020600001684FF0FF3001F58071A2F58072FFF733
:1020700027FDE16CC043814202D06FF00600F8BD3D
:102080002DB14FF4807221462846FEF735FC002022
:10209000F8BD00B551B100280AD0FFF700FC30B1FF
:1020A000B1FBF0F200FB121008B902E008B1002009
:1020B00000BD012000BD000070B5040022D0FFF774
:1020C00019FC0246B0F5703F00D900224FF4703081
:1020D0000D4D00590119E960C5E901120B481FF0C7
:1020E000F7FD0B48844207D1D5E9010108440949AD
:1020F000884201D8012000E000206875BDE87040EA
:1021000000F0FEB970BD00007001002068F90420E5
:1021100080B4002080740420002903D00844401EAD
:10212000491E8843704700002DE9F04104002DD07E
:102130001948417D51B3D0E901504619A06D6FF0A7
:10214000040750B1616D08442021FFF7E5FF616D80
:10215000A9421ED3B0421CD805462021606BFFF770
:10216000DBFF05442021E06BFFF7D6FF054420216B
:10217000606CFFF7D1FF05442021E06AFFF7CCFF38
:102180002844B04205D80020BDE8F0816FF0070078
:10219000FAE73846F8E700007001002070B5044601
:1021A0002021FEF7E3FB2F48304D008820802E4889
:1021B000C1896180018AA180418AE18001892181F0
:1021C000418961818189A1810188E18141882182E0
:1021D00080886082D5F800034FF6FF71A0FB0101F3
:1021E00040F6E4425310C018002641F10001334686
:1021F000FEF724F91E4AA082E68292ED000A1D49EC
:1022000010EE100ADFED1C0A884201DDB0EE600A14
:1022100010EE100A4FF047439FED181A984201D96B
:10222000B0EE410ABDEEC00A10EE100A208392ED16
:10223000010A10EE100A884201DDB0EE600A10EECD
:10224000100A984201D9B0EE410ABDEEC00A10EE64
:10225000100A6083D5F8F802A083D5F8F802000CC4
:10226000E08370BD4000002050EB0420A8F404205F
:10227000A07B042000FEFF4600FEFF46000000C7D2
:102280007FB50E4800240294406803904FF48C718F
:102290000B48FEF78DFB0A48651E0123056000947C
:1022A00003AA02A90748019400F0F2FA054800F0D9
:1022B00082FB04480565C0F80C417FBDA8410408B5
:1022C00070010020C0F704200448406820B1D0F815
:1022D000C00008B10120704700207047A8F4042016
:1022E0000AB1084402E000207047801A9042FCD2F4
:1022F000704712B900207047891A9142FCD2884277
:1023000001D3401A7047081A101A70472DE9F05F80
:102310000C465FEA000A93464FF0FF3824D010467F
:10232000FFF7BDFA00B3B4FBF0F100FB1141D9B9DE
:10233000B4FBF0F6D6B372B62848836828498F6894
:1023400042684D6862B6806B70B1886B60B1402A9C
:102350000AD3402D08D32348006828B12248D0F87A
:102360001001446E402C02D34046BDE8F09F40214E
:102370001846FFF7BEFF81462A4640213846FFF740
:10238000B8FF202C01D2154F00E0154F01D3A4F166
:102390002004A04600D248467A684FEA8611A1F18F
:1023A0004001FFF7A6FF0546002412E013E005EB0D
:1023B0004801384600F08CF803B222465946504690
:1023C00000F036F97A6840212846FFF789FF054674
:1023D000641CB442EBD30020C7E7000068EB042084
:1023E000A8EB0420A8EC0420C0F704202DE9FF4F3F
:1023F00089B00024169F099899460D46661E60B163
:10240000B9F1000F09D047B10B98FFF748FA20B196
:10241000B5FBF0F100FB115119B130460DB0BDE82C
:10242000F08FB5FBF0F616B3F019401EB0FBF7FBCA
:1024300072B6264988684A68009262B6896B09B10B
:10244000202A15D26846FFF7A9FE6D460DE0B4FBC1
:10245000F7F007FB1041224619F801000B9935F9F6
:102460001030099800F0E4F8641CB442EFD32BE07C
:102470002021FFF73EFF4FEA4B112039009AFFF76A
:1024800038FF824600201CE000250EE019F8050008
:102490000AEB40010D4800F01BF803B222460B99ED
:1024A000099800F0C5F8641C6D1CBD4201D2B4420D
:1024B000ECD320215046009AFFF712FF824608F124
:1024C000010080465845DFD30020A7E728EC042010
:1024D00010B520B1826B12B14368022B01D20020EB
:1024E00010BD4368B1FBF3F003FB1010411CB1FBBE
:1024F000F3F403FB1413105CD15C40EA012010BD1F
:1025000070B5174800F057FA1548FFF7B5F9154DA3
:102510006FF007042868401C687D07D020B1A868C8
:1025200010B1FFF7D1FE28B12C6170BD0028FBD09F
:102530000024F9E70B481830FFF7F6FD28B9D5E974
:10254000023207482968FEF7C0FF28610028ECD155
:10255000287D0028E9D0BDE87040014800F024BA89
:10256000C0F70420700100202DE9F0470E462849ED
:1025700080468946FFF762FD254D04004FF0FF3786
:10258000A5F1180502D02F602C612EE0C5F800805F
:10259000FFF79AFE0446687D10B1A86800B184B1C7
:1025A0001C4800F008FA1B48FFF766F96FF00700B7
:1025B0002861002E03D0002C01D000212975BDE830
:1025C000F0874846FFF7B0FD286130B9D5E90232FF
:1025D00010482968FEF779FF286104000DD04FF4F8
:1025E000807148462F60FEF7E3F90A4800F0E3F9EE
:1025F0000848FFF741F92046E1E7064826B100F018
:10260000D3F901202875F6E700F0D5F9F3E70000CB
:1026100088010020C0F70420002806D0002904D03B
:102620000A46014601480FF0A7BA7047A8F40420F3
:10263000012906D002290DD0032901D1190A81549C
:10264000704700EE103A00EB8200B8EEC00A80ED51
:10265000000A704720F8123070470000F8B5304D7E
:102660004FF0FF346888012832D1D5F810217AB3B1
:10267000D5F8D81061B3D5F8DC1049B3D5F81411EA
:102680001046D835FFF799FB064675E83601FEF788
:102690006DF930460826B0F5807F09D0B0F5007F8F
:1026A0000DD0B0F5806F15D0B0F5006F10D118E0E7
:1026B000D83595E80700D83DFFF728FE06E003204F
:1026C000D835009095E80700164B11E0040013D0B0
:1026D0002046F8BDD835009695E80700114B103319
:1026E00006E00920D835009095E807000D4B183317
:1026F000D83DFFF77BFEE9E7D5F8FC0068B1D5F8D7
:10270000001151B1FEF732F9FC350096054B95E802
:1027100007000833FFF76AFEF8BD0020F8BD00008F
:10272000C0F70420A841040810B504461C2100F598
:102730008870FEF73DF9342104F59670FEF738F9FC
:10274000482104F5B070FEF733F900219CB104F183
:102750009802C4F8D82003204023C4E93730C4E9E4
:102760003E01C4F800115032C4F804110823C4F823
:102770000811C4E93C23618010BD70B5CAB006469B
:10278000282140A8FEF714F93046FFF727FA05463E
:102790003046FFF707FA044669463046FFF74EFC1D
:1027A00018B30021AD228DF800219B228DF8012164
:1027B0008DF802618DF803114394CDE9410549B1CB
:1027C0000798449005984590159846900B98479027
:1027D0000D984890DA208DF824018DF825012621E6
:1027E00040A8FFF719FF4AB070BD0121DAE70000E9
:1027F00010B588B020216846FEF7DAF8224A00209A
:10280000517D01B1012011684B1C01D040F0020044
:10281000137D0BB140F004001C4B1C78A40701D5BC
:1028200040F008005B88012B01D140F01000AD237F
:102830008DF8003099238DF801308DF802000229BF
:1028400001D2C8B200E0FF208DF8030010690190AA
:1028500050680290906803900C4800F18001D0F815
:10286000DC000490486F05900848D0F80C010690F1
:10287000DA208DF81C008DF81D001E216846FFF738
:10288000CBFE08B010BD000070010020C0F704208E
:102890002DE9F05F9B46DDE90A8516460F460400E8
:1028A0004FF0FF3A58D0EFB3E6B3FEF7E5FF2078DC
:1028B0004FF00009C00706D0D4F8E40018B1FDF7C6
:1028C00096FDC4F8E490A4F800903888A080788839
:1028D000E080308820817088608184F854B0A4F84A
:1028E000568000201DB1404501DA295C00E000213E
:1028F0002218401C11744028F4DB2046FFF714FF17
:10290000402204F1980104F158001FF0E1F9002081
:1029100049462218401C82F898104028F9DB002014
:10292000221800E018E0401C82F8E8100828F7DBC5
:10293000A08840B1E28832B15043FDF729FDC4F8C8
:10294000E40048B101E0C4F8E410208840F0010040
:1029500020800020BDE8F09F5046FBE770B50400E2
:1029600002D02078800702D44FF0FF3070BD0D4EAA
:1029700075686088012807D01BF0DBFC7068401B7D
:10298000C4F80C01206D70BD04F5B07104F58870B9
:10299000FFF727FA7168491BC4F80C110028F2DB15
:1029A000206570BD001000E0002803D0018841F0D0
:1029B000020101807047002803D0018821F0020144
:1029C000018070477FB5284C00206076A076E076C5
:1029D00020772087254E306808B1002000E00120D4
:1029E0004FF48071CDE90210214B4A00CDE900235C
:1029F000204A2149214808F015FF0125F8B100219E
:102A0000052008F02FFE402118480CF09FFD012200
:102A10001146052008F0C4FC306B10B31849194862
:102A2000828BC06892B2CDE90202CDE9001516484A
:102A30001649D0E909231648FEF7BAFA7FBD0121ED
:102A4000052008F00FFE052008F012FC09F0B4F98B
:102A500014221049094809F033F80028DCD06576C3
:102A6000DAE70021DBE7000000000020A8EC0420EA
:102A70000004024034AA002078A5002064770420D6
:102A8000007102008074042058E1042030A5002069
:102A9000F83C00203CEB042070B5164D287818B1A6
:102AA0001548B0F8980208B1002070BDA87918B98F
:102AB0001CF0EAF80028F8D01CF0E9F80028F4D05F
:102AC00000242C70AC710D48022180F8F012A0F89F
:102AD00012431BF0F3FF08B110F06CFF0DF048FE3D
:102AE000074808A10A6882638988818780F83E4088
:102AF000012070BD0000002028360020A8F404202A
:102B00000001002043453634535F000070B5144C7B
:102B10002078002803D0FFF7BFFF08B1002070BD68
:102B200010480025B0F89802012817D00E4801215E
:102B300080F8F012A0F812531BF098FF08B110F0C3
:102B400039FF0DF015FE094809A10A6882638988DA
:102B5000818780F83E502570012070BD2570DDE72B
:102B60000000002028360020A8F4042000010020E6
:102B700043453634585F000030B4E8B100F1080135
:102B80000C0927494FF6FF750A88891C0B88991A8A
:102B90008AB3AA4230D073B3AB422DD059B3A01A36
:102BA0004FF448725043C20FB2EBD17F13D00029CB
:102BB00006DAC1F1000204E030BC40F6FF70704755
:102BC0000A46C0EB520001DAC1F10001B0FBF1F09E
:102BD000C0F100000CE0002902DAC1F1000200E0BF
:102BE0000A4600EB520001DAC1F10001B0FBF1F03E
:102BF00000F5967010E0FFE740F2393100FB01F07C
:102C000047F6FF7101EB8000B0FBF5F0C0F100006A
:102C100040F6DA4101EB800030BC00F069B80000FA
:102C20002C7AFF1F2DE9F04140F23931484347F635
:102C3000FF7101EB80004FF6FF71B0FBF1F4A4F1DE
:102C4000C800B0F5AF6F02D90811BDE8F081A4FB50
:102C50000456A5FB040206FB0422002105FB012209
:102C60001B490023A0FB017C02FB01C100FB0311F7
:102C7000184842F6795238185141174A45F6F3235D
:102C8000FDF7DCFB074615480021A5FB002306FBEA
:102C9000003005FB010112481723101841F10B0108
:102CA000104AFDF7CBFB3D180F48104AA4FB00016A
:102CB000801841F1000152000023FDF7BFFB2844BA
:102CC000BDE8F041A0F60800404200F011B8000055
:102CD000DC9C1B0000203D8800407A10D3BD3200F0
:102CE00000743BA400E8764857AE1B0020A1070003
:102CF00000F5C87140F6FF70814200D288B270477B
:102D00000448B0F85E1019B990F87C00002800D093
:102D100001207047B002002008440349B0FBF1F2E3
:102D200001FB1200704700008051010010B5002126
:102D300000B10170114CD4E902329A421BD9B2F5AC
:102D4000004F18D9E46C9C4215D3A2F5004293427F
:102D500011D2D21A0FD0E31A934200D9134608B108
:102D60000124047064245008E3FB04010023FDF7F0
:102D700065FBC0B210BDFF2010BD0000B0020020F6
:102D80002DE9F047334F6FF0020907F54055D5F8AC
:102D9000340230B1816B21B1096811B10020BDE866
:102DA000F087EFF3108672B618B1806B08B1006837
:102DB000C0BB29490868C00709D1D5F83002C268EC
:102DC000120604D4D5F8382212F4A03F02D04FF0F6
:102DD000FF303BE0C26822F08002C2601F484269B7
:102DE00022F0800242611E4C4FF000604FF000085C
:102DF000C4E9001040200101A060C4E90381C4F8C7
:102E00001480C4F81880C4F81C80C4F820802046C0
:102E1000C4F8248011F0D0FB28B16FF00100C4F891
:102E2000008013E00FE00F488463A063462012F097
:102E30005DFD384609F0F7FED5F8340228B1806B05
:102E400018B1006808B1002000E04846002EA6D165
:102E500062B6A4E7F09E0420B8640240001001406E
:102E6000B4AB002044A900202DE9F041804645483C
:102E700086B00025016841F002010160016801F09F
:102E800002010591016841F004010160006814210C
:102E900000F0040005906846FDF78AFD4FF4804479
:102EA00001260094CDE90165374F69463846039500
:102EB00011F0BAFD6000CDE900060320CDE9025013
:102EC0006946384611F0B0FD01222146384611F01E
:102ED00098FE2E48006808B91BF066FD2C4CD4F80B
:102EE000B40218B94FF49640C4F8B40284F8B95249
:102EF0002649284809F063F8274807F065F827486D
:102F000007F062F82548322225497A38FDF76DFC32
:102F1000B8F1000F07D0642011F034FC1D4807F011
:102F2000EFFAE0B121E018481830016841F480411F
:102F30000160B4F8B00220F00800A4F8B00204F573
:102F40002C7400F08DFA208820F08000208054F846
:102F50007C0C10F001F8208840F00200208010481E
:102F60002C38016841F0020101600E48C16841F04F
:102F70002001C160C16821F40051C16006B0BDE804
:102F8000F0810000303802400008024044A90020CF
:102F9000F0CE0420F09E042088D6042024D2042001
:102FA00038010020001001402DE9F04186B00E46A6
:102FB00080461C461546142168460C9FFDF7F8FC18
:102FC00000210846ADF814103CB162886168E068E1
:102FD000ADF8142022788DF80320AD228DF8002062
:102FE000CDE902708DF801608DF80250BDF8140033
:102FF000ADF81000DA208DF8120001918DF8130061
:1030000014226946404603F0E8F920B14FF0FF3042
:1030100006B0BDE8F081404609F0FAFBF8E7000091
:103020002DE9F04111F0F2FD2A4D064605F5405418
:10303000D4F8340218B1806B08B1006858B9D4F8DC
:103040003002C068000606D4D4F8380210F4A03F5D
:1030500001D1FFF795FE05F580500746D0F80C0921
:1030600018B9D4F83802C00309D5284609F0D0FBB6
:10307000D4F83802C00302D5284609F029FBD7F856
:103080000C0920B9D4F8380210F4A03000D0012087
:10309000B4F8B012090700D418B1BDE8F04100F04F
:1030A000E7B9B4F8B002C00604D40B48006C28B1EC
:1030B000301A03D5BDE8F04100F0D2B907480068E6
:1030C000002804D10648016841F400410160BDE8D0
:1030D000F0810000F09E042080000020A8EC042075
:1030E00018080240F0B5144DADF5017D04460228E4
:1030F0001EDA4FF4007739466E4601A8FDF758FCFA
:103100000E483A468068009004F191008DF8010065
:10311000DA208DF802028DF80302094800EB442101
:10312000B01CFDF762FB3A1D6946284600F00AF81C
:103130000DF5017DF0BD0000F09E0420A43F0408C1
:10314000A8F004202DE9F04116460F465FEA00087A
:103150004FF0000401D007B12EBB4FF0FF30BDE8A7
:10316000F081351B142D00D9142539192A46404603
:1031700003F033F910B16FF00100F0E7404609F0B9
:1031800047FB401C06D0404609F062FC28B16FF0B6
:103190000300E4E76FF00200E1E72C44B44202D2FE
:1031A000322011F0EFFAB442DBD30020D7E7000061
:1031B00070B52248204EADF5816DC17BE1B14FF471
:1031C00000752A461E4981A8FDF796FB1D4CA06894
:1031D000CDF80404218A41B10DF20442204605F0E5
:1031E000D7F910B1A068CDF80404E068DDF8041444
:1031F000884206D9401A05E0012101740DF5816D60
:1032000070BD0020C59029466C4601A8FDF7D0FB93
:103210000D482A4681A940680090DA208DF8020204
:103220008DF80302A01CFDF7E0FA4FF40172694625
:103230003046FFF787FFE1E7F09E04200000002002
:10324000A8EC0420B0020020A43F04082DE9F041BE
:10325000FFF756FD05004748006847490968C0F375
:10326000015101EB8101C0F3034202EB4103C0F3C2
:10327000023101EB8101C0F3032202EB4101C0F3F3
:10328000021202EB820200F00F0000EB42004FF44A
:10329000616213FB02F2C1EB011102EB810101EB50
:1032A0000004364E4FF0010003D096F8311019B1EA
:1032B00003E00021317100E03071314986F831506E
:1032C000D1F8DC122D4F11F0020F07F1800702D068
:1032D00086F8300046E096F8301011B986F83000D4
:1032E000FC65F86D211A27480144B1FBF0F200FBA0
:1032F00012104AF6C001884239D24FF4FA5006F053
:10330000EFFC002833D12048B0F8B01240F6084254
:1033100011422CD1D0F8381211F4844F27D1A0F5E6
:103320000051D1F80C19002921D1D0F8241200291C
:103330001DD1D0F88C17002919D1D0F8F00B002836
:1033400015D1124880460EF057FA0A22414610481D
:1033500007F01AFA08B1012105E01DB1307980F0BB
:10336000010030710C212046FFF7D6FCF865BDE85E
:10337000F0810000002800400428004000000020E8
:10338000A8F4042080510100F0CE0420EED10420E6
:10339000F09E04200848D0F85C0100B90748D0F836
:1033A0001011074AB1FBF2F20649A1F89E220089EA
:1033B000A1F8A20270470000B0020020A8EC04208F
:1033C00080841E00F0CE042070B50E4605000DD09E
:1033D00005F54054D4F8340240B1006830B12846B5
:1033E00009F036FB28B16FF0010070BD4FF0FF30DF
:1033F00070BD05F58055D5F80C0920B9D4F8380210
:103400001649084202D06FF0020070BDD4F83402B1
:1034100058B1806B48B1006838B1416811B9006893
:10342000C00702D06FF0030070BD11F0EFFB05463E
:1034300008E011F0EBFB401B142802D36FF00400EE
:1034400070BD00BFD4F83402006800684006F0D5B3
:1034500016B1304611F096F9002070BD20400100F1
:103460000248016841F000410160704718080240BD
:1034700010B5FFF7F5FF11F0C9FB024932300864BF
:1034800010BD00008000002010B5044600F0A2FA34
:10349000002C12D0002810D0017B890702D5416989
:1034A00001B12181017B490701D581696160017BFF
:1034B000090702D5C069C4F8A40010BD2DE9F04188
:1034C00006460D46284C084600F014FA204603F044
:1034D0007FFE46B34FF40078FF2241462046FDF7B9
:1034E0003DFA802231462046FDF77FF91F492069C9
:1034F000884218D1204600F0A1F9A0B11C4E204608
:103500007C21266100F036F84FF48057E0672146B1
:10351000384616F009FF10F0FF0006D005B16880AC
:103520000920BDE8F0810420FBE741462046FDF775
:103530001DFA2146384615F015FC10F0FF0003D0A7
:1035400005B168800820ECE72069B04209D1204627
:1035500000F074F928B12946204600F05BF80020FD
:10356000DFE70C20DDE700002004002056414C443A
:10357000494E535470B50D46064600F00BF804460C
:103580002946304600F026F82046BDE8704000F09D
:1035900013B80000064908680A6800F4805042F435
:1035A00080520A60BFF34F8F024A01219160704739
:1035B000303802400030024001000448006804D165
:1035C00003490A6822F480520A60704700300240C2
:1035D00030380240F0B500220D4E03E083181B681E
:1035E0003360121D8B1A042BF8D28A420FD00023AD
:1035F0004FF0FF34FF2707E007FA03F5AC43855C83
:103600009D402C43521C08338A42F5D33460F0BDF0
:1036100000300240002811D000290FD0084B026969
:103620009A4201D1022200E001220A70027D4A7012
:1036300082694A60026A8A60406AC8607047000016
:1036400056414C442DE9FE4F81460F46644C0846D6
:1036500000F050F9204603F0BBFD21464FF48050A6
:1036600015F080FB10F0FF0003D0002F00D0788011
:10367000A1E0204600F0E2F818B15A4821698142E1
:1036800002D00D20BDE8FE8F39462046FFF7C2FF6D
:10369000A169494501D00520F4E7266A06F2FF102A
:1036A0004FEA502BD4E909A00190E06A0290FFF79D
:1036B00071FF002500902EE041F2010021462844D0
:1036C00015F050FB10F0FF0F06D00098FFF774FFC5
:1036D000002F70D07D806EE085B9042201A92046BC
:1036E000FDF738F828B9042202A9201DFDF732F8A9
:1036F00020B10098FFF760FF0B20C3E74FF4007084
:10370000864200D83046804601462046FFF762FFD9
:10371000A6EB08066D1C5D45CED30098FFF74CFF65
:103720000EB9504503D007B178800A20AAE74FF4BC
:1037300080562146304615F015FB10F0FF0F3AD1A8
:10374000204600F07BF8C0B32648216981423FD172
:10375000A16949453CD1616A514539D1A06A0199B5
:10376000884235D1E06A0299884231D11E4D204607
:103770007C212561FFF7FEFEE067FF224FF4C07158
:1037800004F18000FDF7EAF82146304616F0CCFD42
:1037900010F0FF0003D007B17880092072E74FF4E2
:1037A00000712046FDF7E2F82146304615F0DAFABE
:1037B00010F0FF0F02D0082064E709E0204600F077
:1037C0003DF828B12069A84202D1A169494501D03C
:1037D0000C2057E739462046FFF71CFF002051E731
:1037E00020040020494E535456414C4470B50446C1
:1037F000114D00F07FF8284603F0EAFC29464FF40B
:10380000805015F0AFFA10F0FF004FF0030604D01F
:103810000CB126706080082070BD284600F00EF8BC
:1038200028B121462846FFF7F5FE002070BD04B1FF
:103830002670032070BD00002004002070B5040035
:103840004CD0D4E90010264B264A59405040014341
:1038500044D1A068032841D1E06880283ED12249A4
:103860002069884202D02149884237D16069012805
:1038700034D1A06988B31E4DE069A8422ED1206AD8
:1038800008282BD3B0F5B01F28D8A26AE36AA2F1AA
:10389000005623F00101B6F5A02F0AD8520708D12F
:1038A000DA0706D0A94204D342198A4201D901217C
:1038B00000E0002189B100F2FF1041F2010101EBAB
:1038C0005020B0F5005F09D87C212046FFF752FE5A
:1038D000E16F814202D1012070BDFFE70020FBE7CC
:1038E000434536344D4E4633494E535456414C446D
:1038F00000000208002805D00021016041608160BD
:10390000C1600170704700002DE9FC4780460A9DA8
:10391000994617460E462D4C2846FFF7EBFF2046EA
:1039200003F056FC5FB321464FF4805015F01AFAAD
:1039300010F0FF0004D005B168800820BDE8FC87C6
:103940002046FFF77BFF18B121492069884201D04A
:103950000D20F3E729462046FFF75CFEA1694145AB
:1039600001D00520EAE7206A00F2FF10400A8642F3
:1039700005D241F201003418B4F5005F01D30620EE
:10398000DCE7CDE90086FFF705FE804604216846A6
:10399000FFF720FE042101A8FFF71CFE4FF4007181
:1039A0003846FFF717FE4046FFF706FE484501D0B0
:1039B0000720C3E73946204616F0B6FCC0B205B171
:1039C0006E800028BAD00920B8E70000200400204B
:1039D000494E535410B50748074C084BD0E9002115
:1039E000624059400A4302D18168012900D0002079
:1039F00010BD000000C00008474643443233454331
:103A0000012806D0022804D0032802D04FF0FF304E
:103A100070470A460146032000F03AB80C4808B542
:103A2000016841F080510160006800F08050009012
:103A300011F0D2FF074A1021074812F000FD0122C1
:103A40001121054812F0FBFC11F0BAFF002008BD5F
:103A50004038024007B032CECCA5002002464021BB
:103A6000142000F015B802460321122000F010B80F
:103A700002460421112000F00BB80246022110205A
:103A800000F006B802464021132000F001B8000003
:103A90002DE9FC4103248DF80040B0248DF801404D
:103AA00032248DF80240CE248DF80400FF238DF8D7
:103AB000051000258DF803408DF806206F46072677
:103AC0007C5D634000245FEA036C02D586EA430311
:103AD00000E05B00641CDBB2082CF4D36D1C072DE6
:103AE000EED340EA012040EA024040EA03640D4878
:103AF000016841F080510160006800F08050009042
:103B000011F06AFF084A1021084812F098FC22467A
:103B10001121064812F093FC11F052FF0020BDE87D
:103B2000FC8100004038024003B032CECCA500201A
:103B30000A49486E8A6F00EB40008008824204D335
:103B4000886F4A6ED243904206D30889012803D178
:103B5000012102481EF00CB870470000603D0020B3
:103B60007FB506460D46082007F082FB00F048F8B6
:103B7000134C20200821CDE90041CDE902402B461D
:103B800032461049104802F04BFF78B1002108205E
:103B900007F068FD01221146082007F001FC0A48E1
:103BA00002F0A8FE4FF0FF3004B070BD01210820E4
:103BB00007F058FD082007F05BFB0020F4E7000049
:103BC000000402409CA60020603D0020094810B57A
:103BD000C06A4FF0FF3440B1074881698068FFF741
:103BE000BFFF002800D0204610BD044802F082FE2E
:103BF000F9E70000A8EC042080740420603D002058
:103C00001AF0E0B92DE9F0471DF0DCFF0025374A36
:103C10002C462846536829469C2600EBC00206EB3A
:103C200082029A5855194C41401C0628F5DB28465B
:103C3000214600F067F8064607F010FB81462C4845
:103C40000078C0F340074FF4846000F09DF8401BFB
:103C5000A14101D2012000E000202649CA6A02B930
:103C600007B10626DFF89080C8F80050C8F8044075
:103C7000C8F808600A68C8F80C20CA6AC8F810209A
:103C80000A6BC8F81420C96A01B1012141EA470151
:103C900041EA8001B9F1000F0FD04FF0000041EA76
:103CA000C000C8F81C0012D11448B0F8B002C00619
:103CB00006D400201BF0C6F90CE04FF00100EEE73F
:103CC000D8F81C0040F01000C8F81C0002E0304694
:103CD0001BF004F91BF0A4FA09480068C8F81800A2
:103CE0000EF0EEFB0020BDE8F0870000A8F40420F1
:103CF000C0F70420A8EC0420C0E20420F0CE042089
:103D0000C874042070B505460C46F02000F03CF85D
:103D1000401BA14101D3002070BD4FF4A07000F002
:103D200033F8401BA14101D3012070BD4FF4E07076
:103D300000F02AF8401BA14101D3022070BD4FF4CE
:103D4000207000F021F8401BA14106D30D4900204E
:103D5000491BA04101D3032070BD4FF4407000F017
:103D600013F8401BA14101D3042070BD4FF47070C3
:103D700000F00AF8401BA14101D3052070BD0620C8
:103D800070BD000040AC2700044910B5A0FB010144
:103D9000034A0023FCF752FB10BD000000A0F019FD
:103DA000809C010010B504462DED028B403091ED52
:103DB000000A0FF0ACF9B0EE408A84ED008A04F5F9
:103DC00062700FF0A4F9A06A012820D0F0EE408ABA
:103DD00041F23871B0EE680A60180FF098F984ED7E
:103DE000010A84ED048AC4ED058A002104F5D4504B
:103DF0000FF04CFA41F6A820005DC0070AD0BDECD8
:103E0000028B2046BDE81040002100F00BBEF0EE12
:103E1000C08ADDE7BDEC028B10BD704770B504466B
:103E20002DED028B0D4691ED000A40300FF06FF939
:103E3000606A012847D0B0EE408A41F2F031B0EE1E
:103E4000480A60180FF063F984ED000A95ED010A45
:103E500004F562700FF05BF9A06A012836D0F0EE2D
:103E6000408A41F23871B0EE680A60180FF04FF9DD
:103E700084ED010A84ED048AC4ED058A94ED000AFC
:103E8000002104F5D4500FF001FA41F6BC2094ED66
:103E9000010A012120440FF0F9F904F5805595F845
:103EA000A80AC00703D00021204600F0BBFD95F80A
:103EB000E40AC0070DD0BDEC028B2046BDE870407F
:103EC000012100F0AFBDB0EEC08AB6E7F0EEC08AC7
:103ED000C7E7BDEC028B70BD2DE9F04704462DED20
:103EE0000C8B0D46403091ED000A0FF010F941F2B5
:103EF000F031F0EE408A60180FF009F9B0EE40AAF8
:103F000095ED010A04F562700FF001F941F2387184
:103F1000B0EE408A60180FF0FAF8B0EE40CA2AEE10
:103F20000A0A08EEA80A10EE100A1FF0D1FC41ECB4
:103F3000100B1DF081F951EC100B1EF0A1FD2CEEC1
:103F40000C0A206008EE080A10EE100A1FF0C0FCF0
:103F500041EC100B1DF070F951EC100B1EF090FDB0
:103F60006060C4ED048A84ED058A94ED000A0021A6
:103F700004F5D4500FF08AF941F6BC2294ED010A01
:103F80000121A0180FF082F904F58057002597F859
:103F9000A80AC00700D0012518EE900A1FF098FC6F
:103FA00041EC190B1AEE100A1FF092FC41EC100BB9
:103FB000B0EE491AF0EE691A1CF02AF951EC100B18
:103FC0001EF05EFD09EE100AE06A594E4FF001083E
:103FD00090ED5D0AD0ED618AB4EEC09AF1EE10FA70
:103FE00002DA0025C6F808809FED52AB9FED53BB67
:103FF000F4EEC08AF1EE10FA21D218EE900A1FF00A
:1040000067FC53EC1A2B1EF06DFD1EF039FD08EE17
:10401000900AB06840001FF05AF853EC1B2B1FF0B9
:1040200003F941EC1D0B19EE100A1FF051FC53EC83
:104030001D2B1EF057FD1EF023FD09EE100A4FF058
:104040000009B4EEE89AF1EE10FA03DB002000F06C
:10405000F9FC06E02DB10021204600F0E3FCC6F893
:10406000089097F8E40A0025C00700D0012518EE53
:10407000100A1FF02DFC41EC180B1CEE100A1FF06B
:1040800027FC41EC100BB0EE481AF0EE681A1CF059
:10409000BFF851EC100B1EF0F3FC08EE900AE06A3A
:1040A00090ED5D0A90ED618AF4EEC08AF1EE10FAAF
:1040B00002DA0025C6F80C80B4EEC08AF1EE10FAE0
:1040C00021D218EE100A1FF003FC53EC1A2B1EF03D
:1040D00009FD1EF0D5FC08EE100AF06840001EF045
:1040E000F6FF53EC1B2B1FF09FF841EC190B18EE59
:1040F000900A1FF0EDFB53EC192B1EF0F3FC1EF0A1
:10410000BFFC08EE900AF4EEC88AF1EE10FA06DB66
:10411000012000F097FCBDEC0C8BBDE8F087002D72
:10412000F9D00121204600F07DFCC6F80C90F2E7A2
:10413000A8740420112D4454FB211940112D44541E
:10414000FB21094070B504462DED028B0D4691ED23
:10415000000A40300EF0DBFF606A012843D0B0EE69
:10416000408A41F2F031B0EE480A60180EF0CFFFFD
:1041700084ED000A95ED010A04F562700EF0C7FFA8
:10418000A06A012832D0F0EE408A41F23871B0EED8
:10419000680A60180EF0BBFF84ED010A84ED048A02
:1041A000C4ED058A94ED000A002104F5D4500FF007
:1041B0006DF841F6BC2094ED010A012120440FF076
:1041C00065F804F5805090F8A81AC90711D090F846
:1041D000E40AC0070DD0BDEC028B2046BDE870405C
:1041E000002100F01FBCB0EEC08ABAE7F0EEC08A32
:1041F000CBE7BDEC028B70BD2DE9F05F04462DEDE1
:10420000028B00F58059C162002004F50056C9F800
:10421000F82A9FED398A92468846A6F82C0305466F
:10422000834604EB4507F88B20F40060F883A08BED
:10423000052809D90AEB4520D0F884100A2903D2B1
:1042400050F8841F18310160284600F0F9FB294618
:10425000204600F0CDF92946204600F053F804EB43
:104260008501012007F580574862A7F818BFA7F815
:104270001CBFB6F82411C01EA8400140A6F82411A6
:10428000B6F828110140A6F82811002004EB0521FA
:1042900001EB800202F50052401C82ED4B8A40285F
:1042A000F6DB6D1C022DBCDBE06A90F840016083F8
:1042B000D8F87021D8F86C11204600F015FAC4F82F
:1042C0002C80D8F8A400A083A4F822B0AD2189F8EE
:1042D000201FAE2189F8211FDA2086F8220186F8F6
:1042E00023010648E06306480068BDEC028BBDE888
:1042F000F05FFCF711BA000000000000194B020843
:10430000282800402DE9F8430646C06A0F4600B150
:10431000406B40F2E24100B9084680B2B0FBF1F1D7
:10432000C7EB0710C0EBC00006EBC00505F5DA606F
:1043300005F5566404294AD004DC012972D002290B
:104340002FD15AE0082915D010292AD1DFF8008191
:10435000032308F14802A2F12401CDF800800EF0F9
:1043600025FF08F1480220460323A2F12401CDF8DD
:10437000008014E0DFF8D880032308F16C0808F10E
:104380004802A2F12401CDF800800EF00FFF08F1E1
:10439000480220460323A2F12401CDF800800EF04C
:1043A00005FF41F6F820805900EB472241F2F0303A
:1043B000291805F1400008F05BFCC7EB071006EB7D
:1043C0008000BDE8F84300F5D4500EF027BFDFF8B9
:1043D0008080032308F1D80808F14802A2F12401E3
:1043E000CDF800800EF0E2FE08F1480220460323DB
:1043F000A2F12401CDF80080D1E7DFF85880032333
:10440000A8F1FC0202F59071CDF800800EF0CEFE0E
:10441000A8F1FC022046032302F59071CDF800803C
:10442000BDE7FFE7DFF82C80032308F1480808F117
:104430004802A2F12401CDF800800EF0B7FE08F189
:10444000480220460323A2F12401CDF80080A6E70C
:104450009C3B0408E03C04082DE9FC4789460446DF
:10446000002500F5805604EB8508D6F8F80AD8F840
:10447000303000EB452001AA49469847C5EB0510AE
:10448000C0EBC00004EBC00000F5DA6007469DED0C
:10449000010A0EF03CFE88ED020AD6F8F80A6A46D8
:1044A00000EB452049460EF08AFD38469DED000A96
:1044B0000EF02DFE6D1C8DED000A022DD3DB208B3E
:1044C000618B884225D10020208304F5005104EB44
:1044D0000022B1F82C339DED000A02EB830202F5B5
:1044E0000052401C82ED4B0A0228F0DB91F82C03AD
:1044F000401C00F03F00A1F82C0304F10801A26B5E
:104500000D4620469047E26B294620469047BDE87D
:10451000FC87401C2083FAE710B500F5D85104460B
:10452000D1E90223521E43F1FF33C1E90223D143F3
:1045300071EA030107D100F007F82046BDE81040FA
:10454000002100F06FBA10BD2DE9F0412DED028B76
:10455000C16A01B1496B09B940F2E2418DB200F57F
:10456000D854FBF7DBFE00EE100ADFED180AD4E9A1
:104570000060B8EEC00A801B60EE200A00EE100A50
:10458000B8EE400A20EE800A10EE100A1FF060FA22
:10459000361841F1000728461EF0B0FD9FED0C1BB8
:1045A00053EC112B1EF05AFB41EC180B30463946E8
:1045B0001EF0B8FD53EC182B1EF036FE1FF00CFA5F
:1045C000C4E90201BDEC028BBDE8F08100000030BF
:1045D0000000000000002440044A32F8441F21F487
:1045E000805141F4005111800BF00EBA0000002000
:1045F0002DE9F041C66A86B00D4604460EB1706BD7
:1046000000E0002008B940F2E24087B241F6F8200D
:10461000B4F81A80005900EB452104EB85003030D6
:104620000EF0FAFC06EB850005F0FF0CD0F8E83040
:10463000D0F8D82050F8A81F0DF1040E8EE80E1007
:104640000169009190ED160A016C016B0168006927
:10465000D6F8FC30D6F8F820C5EB051004EB800046
:10466000394600F5D4500EF0DFFD29462046FFF70D
:1046700049FEE06AD0F8A400002180B2A083A4F82B
:104680001A802183082809D2DFE800F004060F1100
:10469000131517190B4800E00B48A0630B4800687E
:1046A00006B0BDE8F041FCF737B80948F5E709481E
:1046B000F3E70948F1E70948EFE70948EDE709485A
:1046C000EBE700001B3E02082D47020828280040A7
:1046D0001D3E0208A53D0208454102081945020891
:1046E00091470208D93E020800F5805303F5306374
:1046F00006C3FFF729BF000030B442F224120023A2
:1047000011521A46012505FA02F40C4200D0012389
:10471000521C022AF7DB1BB10349C16330BC70474E
:1047200030BC00F0D7B900004D4A020810B504466D
:104730002DED028B403091ED000A0EF0E8FC606A2E
:1047400001281ED0B0EE408A41F2F031B0EE480AA6
:1047500060180EF0DCFC84ED000A84ED048A002170
:1047600004F5D4500EF092FD41F6A820005DC0077C
:104770000AD0BDEC028B2046BDE81040002100F0BD
:1047800051B9B0EEC08ADFE7BDEC028B10BD00006E
:1047900070B504462DED068B403091ED000A0EF009
:1047A000B6FC41F2F030B0EE408A20440EF0AFFC8F
:1047B000F0EE408A28EEA80A08EE080A10EE100A69
:1047C0001FF086F841EC100B1CF036FD51EC100B7D
:1047D0001EF056F9206084ED048A18EE100A1FF0CE
:1047E00077F841EC190B18EE900A1FF071F841ECC4
:1047F000100BB0EE491AF0EE691A1BF009FD51ECEE
:10480000100B1EF03DF90AEE100A18EE100A1FF008
:104810005FF841EC190B18EE900A1FF059F841ECC3
:10482000100BB0EE491AF0EE691A1BF0F1FC9FED87
:10483000311B51EC100B53EC112B1EF00FFA9FEDB6
:104840002F8B53EC182B1EF0EFFC53EC182B1EF0A3
:1048500049F91EF015F96060606194ED000A0021CD
:1048600004F5D4500EF012FD41F6A8200025005D9D
:10487000C00700D00125E06AD0ED5D8A90ED618A25
:10488000B4EEE88AF1EE10FA0DD218EE100A1FF01D
:104890001FF89FED1C1B53EC112B1EF023F91EF08B
:1048A000EFF808EE100A194E35B1B4EEE8AAF1EEB1
:1048B00010FA01DB86ED01AAD6ED010AB0EE4A0A34
:1048C0001EF072F8B4EEC80A86ED010AF1EE10FA95
:1048D00005DB002000F0B6F8BDEC068B70BD002DA6
:1048E000FAD0BDEC068B20460021BDE8704000F0F8
:1048F00099B80000112D4454FB210940000000002C
:10490000004CCD40112D4454FB211940A8740420C3
:1049100010B5838B00F5D45141F6BC244FF40062EE
:104920002044082B06D2DFE803F00504060606043F
:1049300004068A6210BD8A62826210BD044931F8A1
:10494000440F20F4005040F480500880704700006D
:104950000000002070B52E4D0400B5F8400002D0D4
:10496000012C07D102E040F0010001E040F004001A
:10497000A5F840002748D0F8A000012842D110F047
:1049800045F9254B002153F82420861A71EB0106C6
:104990000E4606D2821A66EB0101521E41F1000159
:1049A00002E0821A66EB010143F824000A2300208A
:1049B0009A1A884126D21948418801290ED10078D7
:1049C00080070BD5FDF74AFE18B91448FDF7C6FF5E
:1049D00020B135F8400F40F4006012E0B5F8400017
:1049E00020F40060A5F840000120A040C1B20C48AE
:1049F0000CF09CFB3CB1012C04D135F8400F40F089
:104A00000800288070BD35F8400F40F00200F8E73C
:104A100000000020A8EC042028010020C0F704209A
:104A20002806002010B500F500500122B0F826310C
:104A30008A401343A0F826310846FFF78BFF10BDCC
:104A400000BF704700BF704700BF704730B51F4CB4
:104A500000F580522188B2F8183F491C89B22180A4
:104A6000022932D10021218090ED020A00EB43049B
:104A700004F58054BDEEC00A10EE101AA4F8181BFD
:104A800000F5005191F82641E4071AD0B2F81C4F06
:104A9000651CA2F81C5F802C13D3B1F8264124F0CA
:104AA0000104A1F82641B1F8244124F00104A1F841
:104AB0002441074CC463B1F8280140F00100A1F87B
:104AC00028015B1CD8B2A2F8180F30BDA8740420CE
:104AD000194B020870B50F49C16300210C468D1EA9
:104AE00000F5005200EB410303F58053A3F8184F83
:104AF000A3F81C4FB2F8246105FA01F31E40A2F896
:104B00002461B2F82861491C1E40A2F828610229DC
:104B1000E8DB70BD194B020800BF70472DE9F0417A
:104B200000F50055044695F828010026012710F0ED
:104B3000010F2BD004F580500022B0F8181FA0F808
:104B4000182FA0F81C2F104604EB462202EB41035D
:104B500004EB400C03F580530CF5805C491CB3F862
:104B6000183B401CACF8223FC9B2FF28EEDD4FF4E1
:104B7000017204F5F951304600F00CF8B5F828013F
:104B8000B740B843A5F828010148E063BDE8F081CB
:104B90004D4A0208084810B5D0F8DC0200F00200C7
:104BA000401C07D0054807F0FFFCBDE81040034853
:104BB00007F02EBE10BD0000A8F40420F09E0420D3
:104BC0002DE9F04FFE48FF4D2DED068BADF50D7D27
:104BD000B6EE00AA879005F5C0508C90FA48DFED3C
:104BE000FB9A8B9005F5DA60DFF8E49300274FF02D
:104BF000DA0B05F580558A90FCE310F007F8DFF832
:104C0000D4834146C8F8E802899C20788F285BD07D
:104C100052DC322859D026DC142857D010DC052865
:104C2000EAD006DC012852D0022851D00328E3D173
:104C3000E9E011284DD012284CD01328DCD16BE1CB
:104C4000222848D008DC152846D01828D4D020289F
:104C500043D02128D0D1E6E123287DD030287CD054
:104C60003128C9D17CE2612878D012DC432876D083
:104C700008DC332874D0402873D0412872D04228F1
:104C8000BAD1C8E250286ED051286DD06028B3D177
:104C9000FDE280380E28AFD2DFE810F00B032003CE
:104CA0003403AC038703AC03AC03AC03AC038B034A
:104CB000D803AC032A046204AC287CD02CDCA0F11D
:104CC00090001C2898D209E0FDE352E235E153E060
:104CD00077E0CBE010E1CBE151E185E1DFE810F0D6
:104CE00000060306050609062D063D0648065C0675
:104CF00065066E068A0371068A0380069B068A0390
:104D0000A306AE068A038A038A038A038A038A03F8
:104D10008A038A038A03D106BA2873D012DCA0F171
:104D2000AD000D28B7D2DFE810F0F90616076503CD
:104D300065036503650365039507E30717083508F1
:104D400091084F08F1287CD00FDCBB287AD0BC2812
:104D500079D0F02885D1FDE3C3E1FEE1A3E282E250
:104D600023E23FE247E283E28BE2F2286CD0F328B1
:104D70006BD0F42884D1EEE34FF4007632469649A6
:104D800007A8FBF7B9FD902007A94FF488722318F4
:104D90005B780B54401C9042F9DB084602F001FAA4
:104DA0000028D7D1324607A98B48FBF7A5FD8B4ACF
:104DB0008949844800E0FDE3FFF71EFA0CF0BCFED1
:104DC000EBE14FF40076324607A8611C02F0EFF9E0
:104DD00007A802F0A8F90028BCD1814C07A80690CA
:104DE00067618020A761A060DFF8F0A120460FF086
:104DF000E3FB28B933465246204606990FF046FC9D
:104E0000002126E0F1E34FF40076324607A8611C4A
:104E100002F0CDF907A802F086F900289AD1704C6B
:104E200007A80690DDF82CA267618020A761A0602A
:104E300020460FF0C1FB58B933465246204606992A
:104E400004E0FCE3FCE3FCE3FCE3FCE30FF01EFC0A
:104E500001215C48FFF7CCFB0CF06EFE4046D0F819
:104E6000DC1241F00801C0F8DC12C5E6607800F001
:104E70000F00042805D86078574900F00F00C1F8EA
:104E8000A4005548D0F8A41029B9D5F8A81A41F4BF
:104E90000061C5F8A81AD0F8A41002290BD1D5F8E2
:104EA000A81A41F40061C5F8A81AD5F8E41A41F42B
:104EB0000061C5F8E41AD0F8A41004290BD1D5F884
:104EC000A81A41F40061C5F8A81AD5F8E41A41F40B
:104ED0000061C5F8E41AD0F8A4000328C5D1D5F8BC
:104EE000A80A40F40060C5F8A80AD5F8E40A40F41E
:104EF0000060C5F8E40A7FE6012186AA0020899BAC
:104F00005B5C1354491C401CC9B20428F7DB3249CE
:104F10008698C1F814016FE6012186AA0020899BBA
:104F20005B5C1354491C401CC9B20228F7DB2A49B8
:104F3000BDF81802C1F8200195E062780221022A2A
:104F400093D286AB0020899C645C1C54491C401C95
:104F5000C9B20428F7DB12B1012A86D106E08C9889
:104F60009DED860A80EDA50A164825E08C989DEDFA
:104F7000860A80EDB40A1B480AF046FD3CE66178DB
:104F80000229B8D286AA0020899B03449B78135437
:104F9000401C0428F8DB0B48C1EB011100EB810039
:104FA0009DED860A00F5C05181EDA60AD1EDA70A54
:104FB00020EE200A81EDA50A00F5D450DCE70000C0
:104FC000F09E0420A07B0420A8F204200000000032
:104FD00028360020A8F40420A8EC0420A8F004201F
:104FE000D4A900205C960420142182A8FBF7E0FCE1
:104FF0001422611C82A802F0DAF8FF488299C5F8F1
:10500000841AC0F8D8108399C5F8881AC0F8E81037
:105010008499C5F88C1AC0F8B8108599C5F8901A0B
:1050200040F8A81F1DE0142182A8FBF7C1FC142240
:10503000611C82A802F0BBF8EF488299C5F8C01A3B
:10504000C0F8DC108399C5F8C41AC0F8EC10849934
:10505000C5F8C81AC0F8BC108599C5F8CC1A40F834
:10506000AC1F86990162E449E4480BF059FBC3E5A3
:105070001C2180A8FBF79CFC889E012E01D9761E7E
:1050800000E000261C2E00D91C263246611C80A898
:1050900002F08DF84FF400742246D9496846FBF7B8
:1050A0002BFC80982390819821908298209083985F
:1050B0008DF8000084988DF8010085988DF8020025
:1050C0001C2E02D386988DF80300684602F02BF858
:1050D0000028CCD122466946C948FBF70DFC0021C7
:1050E00037E01C2180A8FBF763FC889E012E01D9C4
:1050F000761E00E000261C2E00D91C263246611CBC
:1051000080A802F054F84FF40074224668468B9948
:10511000FBF7F2FB80982390819821908298209051
:1051200083988DF8000084988DF8010085988DF89B
:1051300002001C2E02D386988DF80300684601F009
:10514000F2FF002893D1224669468B98FBF7D4FBE7
:105150000121AC48FFF7D6F84EE509F0C9F84BE558
:1051600009F0EEF8A8A00522D0E90010CDE98510DD
:10517000F2E3ADF81872022286A8611C02F017F85B
:10518000BDF8183244F62060834200DD03464FF03C
:10519000FF3200219E481DF081FBD8F8E012404606
:1051A00041F04001C8F8E01259E6849785970C2237
:1051B00084A8611C869701F0FAFF849944F6206068
:1051C000814200D808468C4988628598102800D909
:1051D0001020C8628F48869A824200D81046086321
:1051E0008B6AD4E70846D1F8DC1241F00201C0F81E
:1051F000DC1289A007E00846D1F8DC1221F0020198
:10520000C0F8DC1285A003220068869086A97B483E
:105210000BF04CFFF0E460780006607800F07F004F
:105220000BD4402898D2EFF3108672B6607872499A
:10523000C1F8180101217A480BE010288CD2EFF355
:10524000108672B660786C49C1F818016A4801216D
:10525000803808F05FF97248803008F03BF9002E82
:10526000D8D162B6C8E461786648FFF745FAC3E46E
:105270006C4801680906FCD55F49D1F81C114160F2
:10528000BAE40846D1F8E01241F00201D3E36478B1
:10529000E00702D00020FFF75DFBA007BAD5012090
:1052A000FFF758FBA8E46178A27859480CF09CFA03
:1052B000A2E45C4801680906FCD55BA001220068F5
:1052C000869086A9879801F088F8879807F0A0FA59
:1052D0005648018841F0080101808DE45148016879
:1052E0000906FCD5524883AC0FC884E80F0051482A
:1052F00000680168CDF80D12806ACDF811020D2208
:1053000083A919E3B9F8980210B1012808D014E074
:10531000494E01243470FDF7F9FB70B174700CE054
:105320000FF074FC4449CA782AB18A6C801A41F2A1
:105330008832904201D3012048703C4801884907D7
:105340002DD590ED020AD0ED010A30EE601AD0EDB5
:10535000060A90ED030AC08CADF80402AD208DF86A
:10536000080282208DF8090201208DF80A0211EE50
:10537000100A1322CDF80B0210EE900A82A9CDF884
:105380000F0210EE100ACDF81302BDF80402ADF8BA
:1053900017028DF819B28DF81AB22848F1E3D8F83F
:1053A000E012404641F0010145E3E07807F06CFF70
:1053B00022E41E480CF01EFD1C4807801E48C0ED6C
:1053C000199AC0ED1A9AC0ED1B9A016F491C01672A
:1053D000D8F8E01241F00101C8F8E0121848B0F81E
:1053E000981221F0800141F04001A0F89812B9F81C
:1053F000980227E07CE10000A8EC042028060020A9
:10540000A8F00420A07B04205A5A31A5A500000072
:10541000A8F40420007102003C403E003C413E00E4
:1054200068EB04200010014080000000C838002014
:10543000DC3F0408CCA5002000000020F09E0420E2
:10544000F0CE04200128B3D1FEA0DCE6042281A81E
:10545000611C01F0ACFE8999142282A8491D01F05B
:10546000A6FEF94E308804280AD0002482A981A81B
:1054700009F0F4FE40B3B9F89802012802D018E010
:105480000124F3E73C208DF8E8018A208DF8E9013A
:105490008198CDF8EA01142282A90DF5F770FBF787
:1054A000A4F93E208DF802021B227AA9E7480BF0EE
:1054B000FDFD74B9E648C0ED199AC0ED1A9AC0ED29
:1054C0001B9AE14801E021E10BE00CF093FC012084
:1054D0003080072005F0CCFEDEA1879807F06AF93E
:1054E000C3E402220421072005F05AFFDCA1F4E7FF
:1054F000082285A8611C01F05AFE8999082283A818
:10550000093101F054FE85A983A80CF0A7FED0480C
:10551000803080ED1B0A90ED1B0ACB480CF08AFC12
:1055200000227EA9D34811F095F800227DA9D14828
:1055300011F06EF83C208DF8D8018A208DF8D90141
:105540007D98CDF8DA0114227EA90DF5EF70FBF7F6
:105550004CF901E0EFE3EFE33E208DF8F201C7E004
:10556000082285A8611C01F022FE8999082283A8DF
:10557000093101F01CFE8999082281A8113101F03E
:1055800016FEBC4E002422467AA9304611F062F87D
:10559000224679A9304611F03BF89DF8E9019DF8C3
:1055A000EA11C0EB001001EB80007C997F9029B9D3
:1055B000B14800E081E20069C0F30E017B988842A7
:1055C00000D908467C9A081A1AB9AB490969C1F38F
:1055D0000E0242F20F73904200D910460AB1934274
:1055E00004D1984215D9184613E0FDE3521C034636
:1055F000790842F210744FEA3200E3FB04014FF0E5
:105600000003FAF71BFF631E00221B1A8A4100D217
:10561000601E809085A983A80CF020FEB0EE409A11
:105620007FA981A80CF01AFEF0EE408A85A939EE18
:10563000280A7FA860EE0AAA0CF010FE04E0FCE342
:10564000FCE39FE2FBE3FBE3B0EE408A83A981A881
:105650000CF004FE38EE408AB5EEC08AF1EE10FA86
:105660001CDD18EE100A8549884217DAB0EE6A0A86
:1056700075480CF0DFFB764890ED190AB5EEC00ACC
:10568000F1EE10FA04D9B4EEC08AF1EE10FA05D2A8
:1056900080ED198A80ED1A9AC0ED1B8AB5EEC08A9A
:1056A000F1EE10FA24DD684828EE0A0AD0ED040A6B
:1056B000F5EEC00AF1EE10FA06D9D0ED040AF4EEC8
:1056C000C00AF1EE10FA01DD80ED040A90ED030A44
:1056D000B5EEC00AF1EE10FA90ED040A06D9D0ED4D
:1056E000030AF4EEC00AF1EE10FA02DD80ED030ABF
:1056F00013E2D0ED030A9FED621A60EE810A9FED7E
:10570000611A40EE010AC0ED030A06E20422611CA0
:1057100086A8869701F04BFD5B488699C0F8F81281
:10572000544C3A4681A9204610F094FF3A4680A98D
:10573000204610F06DFF9DF805029DF80612C0EBA3
:10574000001001EB8006839818B94B480069C0F33C
:105750000E008299814200D90146839A401A1AB9F3
:1057600045490969C1F30E0242F20F71904200D916
:1057700010460AB1914203D1884214D9084612E07A
:10578000521C0346790842F210744FEA3200E3FBE0
:1057900004014FF00003FAF751FE631E00221B1AAA
:1057A0008A4100D2601E0A21B0FBF1F106EB4602ED
:1057B000C2EBC61001EBC0008699C0F31306C1F31B
:1057C000130A4FEA11583049C1F8FC62204C217D80
:1057D00099B9AD218DF810128F218DF81112CDF8E5
:1057E00012028DF816B28DF817B2082284A9274844
:1057F00000F0F3FD879807F00BF80AEB0800C0F300
:105800001300301AB0F5002F02DDA0F5801004E07F
:1058100010F5002F01DA00F5801000EE100A9FED60
:105820001C1AE08FF8EEC00A0028094880EE810AB1
:1058300000F180004FD0D0ED1C0A9FED161A60EEEB
:10584000810A29E03C893E00C83800202806002053
:105850000000002052544320534554204F4B000079
:1058600045525220303730342046343020443030D6
:1058700000000000CCA500200028004000004040AF
:1058800052B87E3F0AD7A33BA8F40420F09E042020
:1058900000007A446666663F9FEDFD1A40EE010AFD
:1058A000C0ED1C0AFB481FED051AD0ED1C0A70EE76
:1058B000600A90ED1D0A20EE010A60EEA00A9FED3D
:1058C000F41A00EE810A80ED1D0A0CF0A3FCE08FB3
:1058D000401CE08721E180ED1C0AC0ED1D9AE1E744
:1058E000FDF766FC19E1002000E00120FDF7FAFB5E
:1058F00013E160780228EDD2AD218DF808129321D2
:105900008DF809128DF80A02C0EB0011E24811224D
:1059100000EB8100A0F26C5000F500500168CDF85A
:105920000B124168CDF80F128068CDF813028DF884
:1059300017B28DF818B282A9F4E2889900200329E1
:1059400003D36078A17840EA0120D2498039888762
:10595000012081F82900E0E05BE0607800B90120D7
:10596000CC49803981F82700012081F82600D4E055
:1059700088998697022901D3647800E0FF240629DC
:1059800005D38999042286A8891C01F010FC2046C1
:105990008699FCF707F8C0E08898022801D3607860
:1059A00000E0FF20FCF734F8B7E08898022801D324
:1059B000607800E00020FBF7C7FFAEE0FCF718FFBF
:1059C000ABE08898022804D36078FF2801D0607883
:1059D00003E00020FCF7D1FE0120FCF7CEFE9CE0A6
:1059E000AD208DF814029D208DF81502AB480822D9
:1059F000018BADF81012408BADF80C0288B2ADF8F7
:105A00001602BDF80C02ADF818028DF81AB28DF826
:105A10001BB285A986E2607810B108F01BFFF2E3A3
:105A200008F03EFFEFE360780A2894D1D8F8E0123E
:105A3000404641F00401C0F8E012E4E3647800203D
:105A40001CB1012C01D0022C85D1B9F89812012982
:105A500012D1012C00D1022091A104220968869163
:105A60008DF81A0286A98F480BF020FB8D4806F0AE
:105A7000EFFF02200EF086FE204609F087FFA120EE
:105A800015E06078BA2886D1B9F8980201280DD1BE
:105A900085A004220068869086A982480BF006FB48
:105AA000804806F0D5FF02200EF06CFEAB207F4947
:105AB000486001200EF066FEC6E16078CA288ED1EB
:105AC000B9F8980201280DD179A0042200688690C7
:105AD00086A974480BF0EAFA724806F0B9FF022072
:105AE0000EF050FE7149AC20486001200EF04AFED5
:105AF000704C206840F08040206014200EF042FE80
:105B00006DA1704816F060FE64200EF03BFE206828
:105B100040F480402060FBF7C5F974E36078DA2830
:105B20008BD1142182A8FAF743FF82A818F0B0FDA8
:105B300065A002220068819064A081A9006880901D
:105B4000879800F04AFC122282A9879800F045FC51
:105B5000022280A9E6E1B9F8980201280DD15CA0E3
:105B600003220068869086A94E480BF09FFA4D48A4
:105B700006F06EFF02200EF005FEFDF74FFFAE208F
:105B800095E7D0E1002653A08696D0E90010CDE934
:105B90008410701E839088984FF0010A05281ED348
:105BA000607855281BD1A078342818D1E678207960
:105BB0008690102E09D0112E07D0122E05D0132E4C
:105BC00003D0142E01D0032008E00AF053F820B1CE
:105BD000D8F8DC0210F0020000D00220824686983D
:105BE0008DF812A28DF814028DF81362082284A990
:105BF000879800F0F2FB20B9879806F009FE8390A1
:105C000010B18398801C88D119218798FDF7DCFB9F
:105C1000002885D1BAF1000FF5D1102E0BD0112E2E
:105C20000DD0122E0FD08698142E10D0FDF72AFF1B
:105C30000028E8D108E18698FDF71FFFF8E786986D
:105C4000FDF716FFF4E78698FDF70DFFF0E7FDF787
:105C500005FFEDE70AF00EF820B1D8F8DC0210F0ED
:105C6000020F05D0839784978597022286973AE0A2
:105C7000899841784F2905D18178542902D1C1787A
:105C800041292BD0839784978597012286972AE014
:105C9000CDCCCC3D80000020A07B0420603D0020C6
:105CA0003CA1003E280600203CABBA3E001001405B
:105CB0003CACCA3E180802403C504556454E3E009A
:105CC0000000000044A90020ADDA0000DADA00008C
:105CD0003CAE3E00ADBC00000004DADA83A9001D32
:105CE000FDF7ECFB0246859883ABB421009067E09A
:105CF000829781970422611C82A8809701F057FA4D
:105D00008999042281A8491D01F051FA8999042238
:105D100080A801F2092101F04AFA09F0ABFF20B195
:105D2000D8F8DC0210F0020F07D08397849785978C
:105D3000022286970BE055E124E283A80090DDE97A
:105D40008110899A809B0932FDF7DEFD0246819819
:105D500083ABB521009033E00422611C82A88297B6
:105D600001F025FA09F086FF20B1D8F8DC0210F026
:105D7000020F05D08397849785970222869704E0C7
:105D800083A98298FDF75EFC0246859883ABB62115
:105D9000009015E009F06EFF20B1D8F8DC0210F099
:105DA000020F05D08397849785970222869703E098
:105DB00083A8FDF71BFD0246859883ABB7210090B1
:105DC0008798FDF7F1F81EE294F803A00126839767
:105DD0008497859786976078472818D1A0784F28B0
:105DE00015D109F047FF00E0A0E020B1D8F8DC02AF
:105DF00010F0020F01D0022609E083A8FDF7F6FC9F
:105E0000060004D19DF80C02022800D00D268598CA
:105E1000009083AB3246B9218798FDF7C5F8002E74
:105E20007ED100287CDB19218798FDF7CDFA002868
:105E300076D19DF80D02514603E007E1A1E037E17C
:105E40006BE1FDF7DDFDF3E61AF050F801204FF0AD
:105E5000FF0A6178D0460026562952D1A17833290D
:105E60004FD109F007FF50B107A94FF4805012F04D
:105E700079FFC0B25FEA000803D0032041E00220AE
:105E80003FE00126002007AC7102225CFF2A01D00E
:105E9000002606E0401C8842F7D316B14FF0000AF6
:105EA0002CE0FF224FF400712046FAF757FD07A9B6
:105EB0004FF4805014F038FAC0B25FEA000A01D003
:105EC00004201EE04FF4007107A8FAF771FD07A93E
:105ED0004FF4805012F046FFC0B25FEA000801D0D4
:105EE00005200EE0012600207102225CFF2A01D06D
:105EF000002605E0401C8842F7D30EB1002000E0E8
:105F00000620C8A1D1E90021CDE905218DF81600B0
:105F10008DF818808DF817A08DF81960082200E020
:105F20002EE005A9879800F058FA69E109F0A2FE71
:105F300030B389990422869786A8491C01F037F965
:105F4000AD208DF80C00BA208DF80D00869803ACBA
:105F5000CDF80E00A11D12F005FF02AA4FF400714A
:105F6000A01D02970DF0BCF8ADF812028DF814B226
:105F70008DF815B240F20A2203A98798FDF7E2F8DE
:105F800041E109F077FEE8B389990422869786A853
:105F9000491C01F00CF989994FF40074224606A8B7
:105FA000491D01F004F98999ADF81470022205A881
:105FB00001F2052101F0FBF804AA214606A8049786
:105FC0000DF08EF8BDF81410884203D106A986980A
:105FD00014F0AAF995A001AB07C883E807000922CD
:105FE00001A99FE786AA4FF40171879800F06AFA29
:105FF00040B98698AD2100F8011BF02100F8011B83
:10600000002400E068E086908998ADF8147200EBF7
:106010004401022285A8491C01F0C9F8BDF9140207
:1060200000EE100A8A98B8EEC00A0DF070F8BDEEC6
:10603000C00A8698641C10EE101A00F8011B090AA9
:1060400000F8011B8690FF2CDEDDD1E086AA4FF41C
:106050000171879800F036FAF0BB8698AD2100F800
:10606000011BF12100F8011B002486908998ADF8EE
:10607000147200EB4401022285A8491C01F097F834
:10608000BDF9140200EE100A8A98B8EEC00A0DF0AD
:106090003EF8BDEEC00A8698641C10EE101A00F897
:1060A000011B090A00F8011B8690FF2CDEDD9FE032
:1060B00086AA4FF40171879800F004FA60B98698B7
:1060C000AD215D4E00F8011BF22100F8011B0024F8
:1060D0008690ADF8147200E064E08998022200EB2B
:1060E000440185A8491C01F062F8BDF9140200EED4
:1060F000100A3046B8EEC00A0DF009F8BDEEC00A2D
:106100008698641C10EE101A00F8011B090A00F8AA
:10611000011B8690FF2CDCDD6AE086AA4FF401713A
:10612000879800F0CFF9E8BB8698AD21434E00F880
:10613000011BF32100F8011B002486908998ADF81B
:10614000147200EB4401022285A8491C01F02FF8CB
:10615000BDF9140200EE100A3046B8EEC00AB0EEE7
:10616000C00A0CF0D4FFBDEEC00A8698641C10EE85
:10617000101A00F8011B090A00F8011B8690FF2C79
:10618000DCDD35E086AA4FF40171879800F09AF9BA
:1061900040B98698AD2100F8011BF42100F8011BDD
:1061A000002400E02FE0264E86908998ADF8147206
:1061B00000EB4401022285A8491C00F0F8FFBDF95C
:1061C000140200EE100A3046B8EEC00AB0EEC00A63
:1061D0000CF09DFFBDEEC00A8698641C10EE101AEC
:1061E00000F8011B090A00F8011B8690FF2CDCDD7A
:1061F00000F801BB00F801BB8690879800F002F917
:10620000879806F005FB88AA89A9879805F028FFDA
:1062100000283EF4F2AC0DF50D7DBDEC068BBDE81B
:10622000F08F0000ADB800000000DADAADBB00006E
:10623000000000DADA000000B8850420908F042006
:10624000D892042070B500F58053D3F80C499CB364
:10625000D3F8085900EB850606F58056D6F84C4869
:1062600000EB450000F58050B0F8345811B1D6F875
:1062700004680E6002B11460D3F80819491C0C2997
:10628000D3F8081901D2491C00E00B39C3F80819EA
:10629000D3F80C19491EC3F80C19B3F87C18214423
:1062A000A3F87C18B3F87C182944A3F87C180021C3
:1062B000A0F83418084670BDFFE74FF0FF30FAE74A
:1062C00030B500F58053D3F80C29A2B393F8FC281D
:1062D0000024C2B9D3F8082900EB820202F58052EB
:1062E000D2F80428C3F8F028D3F8082900EB82027A
:1062F00002F58052D2F84C28C3F8F828C3F8F448C5
:10630000012283F8FC28D3F8F428D3F8F058154478
:10631000521CC3F8F4282A780A70D3F8F418D3F87A
:10632000F828914205D383F8FC4800221146FFF774
:1063300089FF002030BDFFE74FF0FF30FAE700F59E
:1063400080500021C0F8F41880F8FC180846704707
:1063500030B500F58053D3F80C494FF0FF350C2CC5
:1063600039D2B3F87C48944235DBD3F8004900EBCE
:10637000840404F58054C4F80418D3F8001900EB21
:10638000810101F58051C1F84C28D3F80049002162
:1063900000EB440000F58050A0F83418B3F87C08F6
:1063A000801AA3F87C08D3F80009401C0C28D3F805
:1063B000000901D2401C00E00B38C3F80009D3F8F3
:1063C0000C09401CC3F80C09D3F81009401CC3F891
:1063D0001009002030BD284630BDF8B514460D46E2
:1063E00006466A46214600F06DF810B14FF0FF30C6
:1063F000F8BD224629460098FAF7F7F9304600F032
:1064000001F8F8BDF0B500F5805191F8EC284FF097
:10641000FF36BAB1D1F80C290C2A13D2D1F80049B1
:10642000D1F8E05800EB440303F580532A1A921E7A
:10643000B3F8343892B2B1F87C78D1F8E8C89C440B
:10644000674501D23046F0BD00EB840000F5805076
:10645000C0F80458D1F8E848C0F84C48B1F87C08B6
:10646000D1F8E8482344C01AA1F87C08D1F8E8081C
:106470001044B0F5C05FD1F8E80801D3A2F5C052CE
:106480001044C1F80409D1F80009401C0C28D1F8C7
:10649000000901D2401C00E00B38C1F80009D1F816
:1064A0000C09401CC1F80C09D1F81009401CC1F8B6
:1064B0001009002081F8EC08C1F8E808C1F8E408E8
:1064C000F0BD00002DE9F04100F580549046D4F86D
:1064D000042986B093B2C3F5C05295B20022561E6D
:1064E000B1F5C05F73DCD4F80C790C2F6FD2A942E0
:1064F00001DB2A460023B4F87C588F18BD4266DBC6
:1065000003449B1CC4F8E038C4F8E8180026C4F81B
:10651000E468012184F8EC18D4F8001900EB41017B
:1065200001F58051A1F83428D4F80019294F00EB67
:10653000C10532466946384605F5C45510F08AF85B
:10654000324605A9384610F063F89DF801009DF821
:106550000210C0EB001001EB800028601E4B029877
:1065600010B91869C0F30E000199814200D90146A3
:10657000029A401A12B91969C1F30E0242F20F7160
:10658000904200D910460AB1914203D1884214D9F1
:10659000084612E0521C0346710842F210774FEA97
:1065A0003200E3FB07014FF00003F9F747FF7B1EC2
:1065B00000221B1A8A4100D2781E6860D4F8E018C5
:1065C0000020C8F8001006B0BDE8F081FFE73046B3
:1065D000F9E70000CCA500200028004000F580501D
:1065E000D0F8E428D0F8E8389A420AD2D0F8E42863
:1065F000D0F8E0381344521CC0F8E4281970002089
:106600007047D0F8E418491CC0F8E4184FF0FF3088
:106610007047A0F21C7000F500500021017241602B
:106620000160016B491C01630020704700F5805038
:10663000D0F8E818D0F8E408081A704710B500F54B
:106640008053D3F80C499CB1D3F8084900EB84047B
:1066500004F58054D4F804480C60D3F8081900EB12
:10666000810000F58050D0F84C081060002010BD6B
:106670004FF0FF3010BD00F58050D0F80C09704786
:1066800010B5044641F61811FAF792F904F5805452
:106690004FF4C051A4F87C18002010BD10B5044878
:1066A00011F043FBBDE81040024809F03DBD000079
:1066B00044A900202806002010B5044618F074F9FB
:1066C0002046FCF7D1FBFCF7CBFEFCF759FB0F484B
:1066D00006F0A9FA1CB10D4803F0E4FD07E00C48F0
:1066E000C16841F40051C160084806F091F80948BA
:1066F0000068002808D0816B002905D0BDE8104053
:10670000054A064809F086BD10BD0000F09E042031
:1067100000100140A8F40420A8EC04202806002062
:1067200000BF704700BF70472DE9F04F514986B058
:1067300003AE1CC98DE81C000EC986E80E00DFF808
:1067400030C100252C464FF0FF3ED8B3066ACEB3C9
:106750000023EA460DF10C094FF00C0B5AF82320E8
:10676000002102EB8207C7EBC2120BEB820859F83B
:1067700021204244571C674508D2B25CF75D02F005
:106780007F0247EA022205EB5215641C491C0329CB
:10679000EDD35B1C032BE1D3A4B1B5FBF4F1A1F560
:1067A0000073DA17A0F8481003EB127290F84A3021
:1067B000314D03EB2214036DEA698B4207D2521C60
:1067C000EA6117E0FFE7704606B0BDE8F08F2A4B9C
:1067D000466D9B698E4201D95B1C0AE0002A01DCF0
:1067E000002200E0521EEA61002B01DC002300E0E1
:1067F0005B1EAB610022FF2C03DDFF2180F84A10F5
:1068000006E0002C02DA80F84A2001E080F84A40D5
:10681000E969202906DD90F84B1001B1491E80F886
:106820004B10EA61A969202907DD90F84B10032974
:1068300000D0491C80F84B10AA6190F84D2090F8C8
:106840004A309207120E42EA032290F84B30017E42
:1068500003F0030342EA031290F84C3001F0030105
:1068600003F0030342EA83020A4302830020ABE7FA
:106870000C6702000C5404089479042070B5016878
:106880002023CA6C916D92F85C2003FA02F28A60B0
:1068900002680824D26C92F85C2004FA02F28A6042
:1068A00002681025D26C92F85C2005FA02F28A6028
:1068B00002680126D26C92F85C2006FA02F28A6025
:1068C00001688A6C916D92F85C2093408B6002683D
:1068D000926C92F85C2094408C600268926C92F802
:1068E0005C2095408D600068806C90F85C0086406C
:1068F0008E6070BD10B50021017101810221C1803F
:1069000000F002F8002010BD10B5044810F0EBF8BC
:106910000348016841F48021016010BD9CA600205D
:10692000180402402DE9F04705460EF06FF9696C36
:10693000401A19494862284600F0A0FB284600F09A
:1069400080FAA88B022101EB00144FF4F670444347
:106950004FF0FF394FF480384FF6FF7614E0287976
:10696000B8B1E888052814D0444501D3304600E08A
:10697000204687B23946284617F03AFD287940B1BB
:10698000E888052805D0E41B002CE8D10020BDE8EC
:10699000F0874846FBE70000947904202DE9F04198
:1069A00086B004460E46808A009001A90120002787
:1069B0004FF0030881E881016946E0680EF034F881
:1069C000A18A0022E0680EF01CF901200DF0DAFE29
:1069D000002514E0A18A0122E0680EF012F90020DF
:1069E00000BF401C0528FBDBA18A0022E0680EF0F6
:1069F00008F9002000BF401C0528FBDB6D1CB542D8
:106A0000E8D3A08A009001A9022081E88101062034
:106A100004906946E0680EF007F806B0BDE8F08122
:106A20002DE9FC5F344D0446DDF830B0DDF838A0C8
:106A30006868984617468946401C68600026AE6024
:106A4000042045F82060401C0C28FAD3012000F0F7
:106A500073F826712681C4F80CB0C4F800900D9824
:106A6000A082C4F810A00F98E08200F04DF82068D2
:106A70000068016841F0400101600520A0832762A1
:106A8000E662861F1FB11D494046884504D2AE60AC
:106A9000E02000F051F80AE00246394604F16000B7
:106AA0001BF016F9204600F0DBF838B1A860207919
:106AB00040F0080020713046BDE8FC9F207940F08E
:106AC000010020710EA0D0E90010CDE90010206A6D
:106AD0000160BDF8041081800220E0800021204682
:106AE0001BF046F8012120461BF042F8062000F07A
:106AF00023F80020E0E70000CC74042000710200BD
:106B00004345333243000000094810B5016841F0A5
:106B10000401016032200DF035FE0648006810B116
:106B200004480FF0E0FFBDE8104017F04BBA00003A
:106B3000180402409CA6002010B5034C20600EF003
:106B400065F8E06010BD0000CC7404202DE9FC471E
:106B50000446D0F820800020009001900520A083FA
:106B600040F6DF20208342F6640060830121204646
:106B7000FFF714FF208B902141EAD0318DF80010EF
:106B8000C0098DF80100207E922140008DF802009E
:106B9000608B4FF47A7741EAD0308DF80300608B38
:106BA0003B46C0098DF80400A07E032240008DF80A
:106BB00005006946204600F08DFA3B460322204638
:106BC0000DF1030100F086FA01200DF0DBFD0A2132
:106BD0002046FFF7E3FE0C212046FFF7DFFE0320EF
:106BE000FFF7AAFF4FF4F67632465521204600F013
:106BF000DBF94FF0FF3508B1E2200AE00420FFF78F
:106C00009BFF4FF476725521204600F0CDF928B154
:106C1000E320FFF791FF2846BDE8FC872046FFF7F9
:106C200081FEB146DFF830A000254FF4A076534630
:106C30004A464146204600F055F86D1CB542F6DB49
:106C40003B460C220549204600F04CF80520FFF792
:106C500073FF0020E0E70000A0860100FC74042020
:106C600010B504460220FFF767FF204600F081F8C8
:106C700028B1E120FFF760FF4FF0FF3010BD204644
:106C8000FFF764FF10B16FF0010010BD002084F821
:106C90004A00012084F84B00022084F84C0084F85C
:106CA0004D004FF4B370606540F299202065982044
:106CB0002083207F4FF4097100F00F0041EAC020CB
:106CC00060832068C26C016812680C3191600168B1
:106CD000C06C0C3100688160002010BD002070473E
:106CE0000020704770B515460C46064600F0C6F900
:106CF000304600F0A6F806E00021304617F03EFDD1
:106D000004F8010B6D1E002DF6D170BD70B515464F
:106D10000E46044600F0B2F9204600F092F8A66351
:106D20002046A562BDE8704017F0F4BB10B50446DC
:106D30000DF06CFF616C401A08498862204600F033
:106D40009DF9204600F07DF8054A42F21073204676
:106D5000216AFFF7DBFF002010BD000094790420BA
:106D60000C67020010B500F0B9F8FFF7D9FC00205D
:106D700010BDF0B587B00446C08A029002200025FD
:106D8000CDE90305032005900620069002A920699D
:106D90000DF04AFE009505200195A08340F6DF2006
:106DA000208342F66600608301212046FFF7F6FD4E
:106DB000208B902141EAD0318DF80010C0098DF868
:106DC0000100207E922140008DF80200608B6F460A
:106DD00041EAD0308DF80300608B4FF47A76C00919
:106DE0008DF80400A07E40008DF8050001212046AA
:106DF000FFF7D4FD334603226946204600F06AF9C6
:106E000033460322F91C204600F064F96D1CFF2D67
:106E1000ECDD01200DF0B6FC07B00020F0BD10B590
:106E2000816A59B9016809684968C90703D0FFF741
:106E300025FD002010BD03211AF09AFE4FF0FF300F
:106E400010BD08B50068002102689160006802E08A
:106E5000017B8DF800108168C943C907F8D008BDCF
:106E60007CB504460DF0D2FE05460DF0D5FE4FF47C
:106E70007A7110FB01F0616C6564691AB0FBF1F086
:106E8000A065002000900190608B902120F002000E
:106E90006083208B41EAD0318DF80010C0098DF855
:106EA0000100207E922140008DF80200608B41EAB3
:106EB000D0308DF80300608BC0098DF80400A07EEF
:106EC00040008DF80500FFF72DFC4FF47A73062281
:106ED0006946204600F0FEF800207CBD10B502791E
:106EE000046822F004020271226842F210715368B1
:106EF00023F003035360E26C1268136823F001036C
:106F00001360A26C1268136823F001031360026817
:106F1000126800E000BF93689B0701D4491EF9D2B4
:106F200021680A6822F040020A60E16C09680A6878
:106F300022F484720A60A16C09680A6822F48C72D7
:106F40000A60FFF79BFC2068016841F04001016086
:106F500010BD00002DE9F04180460DF057FED8F835
:106F60004410104C401A6062404600F087F84046DA
:106F7000FFF767FFE4684FF48036751E04F5707400
:106F80000AE0B44201D3284600E0204687B23946E1
:106F9000404617F02DFAE41B002CF2D10020BDE88A
:106FA000F0810000947904202DE9F74F009800F05B
:106FB00065F80098FFF745FF002402982746A0F1E6
:106FC000010A2546A14626464CF2503BA04639E030
:106FD0000021009817F0D2FB002801DA08F101081F
:106FE000C1B225B1A9420DD0002500240BE05529DE
:106FF00005D0AA2901D08946F7E7AA2500E0552542
:10700000012400E0641CBC4200D927463146761CAE
:10701000594517D91649029A0A614E618F61C861B4
:10702000009800680068806808621248006848623A
:107030001048001D00688862C1F82C804FF0FF30B6
:10704000BDE8FE8F5445C3D30B48AA23FF224169F4
:10705000002009EA02049C4205D05B085208401C4B
:10706000491C0828F5DD0098FFF798FC0020E7E7A9
:10707000CC740420100402409479042000B50179F6
:1070800085B08A070CD521F002010171C18A0091F7
:107090000021019102210291006969460DF0C4FCB2
:1070A00005B000BD00B5017985B08A0710D441F064
:1070B00002010171C18A0091022101910021029116
:1070C0000321039106210491006969460DF0ACFC8F
:1070D00005B000BD2DE9F04115460C46074606688F
:1070E000FFF7E0FF3846FFF7ACFE05E021783846B1
:1070F00017F044FB641C6D1E002DF7D130688168C9
:10710000C943890701D500BFF9E7BDE8F08110B593
:10711000B0F90610022902D00222C28089B21AF008
:1071200027FD002010BD4FF0FF3278B30021435CF3
:10713000FF2B02D0435C402B31D2491C8029F6DB67
:10714000D0F8801002292AD8D0F88C10F1B1D0F8EC
:107150008C10B1F5007F22D8D0F884100A291ED2F5
:10716000D0F888100A291AD2D0F8801021B101294C
:1071700004D0022913D10AE0007803E00178FF2946
:107180000DD04078FF280AD00020704707E0017832
:10719000FF2904D04178FF2901D08078F2E710461A
:1071A000F3E708B1002070474FF0FF30704703E06D
:1071B00011F8013B00F8013B521EF9D27047B0F8BC
:1071C0000402084201D0002070474FF0FF307047A2
:1071D0000021C0F80012A0F80412704770B586B004
:1071E00002F06EFD6C4CE07938B109F0E3FA20B1A1
:1071F00002220421032004F0D3F809F02FF800251F
:107200006576A5766548664C8585206A10F01AF883
:10721000606910F017F8E06910F014F8A06910F038
:1072200011F8606A10F00EF8A06A10F00BF8206AEE
:1072300010F064F8606910F061F8E06910F05EF831
:10724000A06910F05BF8606A10F058F8A06A10F0BE
:1072500055F854480DF0F0FE01210802524B42004F
:10726000CDE90201CDE90023504A4E494B4804F0D4
:10727000D9FA10B9494804F0D3FD4A480DF01BFD76
:1072800048480EF041FA4A48FFF734FB49480FF0EE
:107290002AFC48480FF09CFC47480FF024FC464865
:1072A0000FF096FC45480FF01EFC44480FF090FC90
:1072B000434C0022082120460DF0A3FC41480FF06A
:1072C00012FC40480FF084FC0122042120460DF0FE
:1072D00098FC14216846F9F76BFB08200326CDE9DA
:1072E00000066946029520460DF09EFB1421684673
:1072F000F9F75EFB0420CDE90006694602952046B9
:107300000DF092FB304810F010FD2F4810F05AFDA0
:107310002E4810F00AFD2D4810F054FD2C480CF0BA
:1073200037FF2B480CF07CFF14216846F9F740FB2F
:10733000F002CDE900066946029520460DF074FB87
:107340002448B0F89802012804D12348806A08B183
:1073500017F072FCA06940F40040A061A06940F001
:107360008070A06110481830016841F080510160C0
:10737000016841F4802101601848016821F0010191
:1073800001601748A0F868511648016841F00051A3
:10739000016006B070BD000000000020647704208A
:1073A00058E1042078A500200004024034AA0020FF
:1073B000603D002044A600209CA60020F4A60020EA
:1073C00000000240ECA50020FCA800208CA90020B1
:1073D00030A5002028360020A8EC04200C01002055
:1073E000B00200201808024010B586B002F068FC18
:1073F00014216846F9F7DCFA04200090012001907E
:1074000002900320104C0390694620460DF00CFBBF
:10741000A06940F00400A06117F0B8FA17F0EAFA8A
:1074200017F096FB17F0F4FA09F01AFFA06940F480
:107430008070A06164200DF0A5F90448016841F452
:107440008051016006B010BD0000024018040240E7
:1074500010B54FF4807106480FF080F80549002000
:1074600048770548016841F40051016010BD0000F3
:10747000CCA500200000002018080240034900208D
:1074800048714FF4007102480FF068B80000002006
:10749000CCA500202DE9F04F3B48A1B0808B0028FF
:1074A00062D03A48816E00295ED101218166DFF801
:1074B000E0B0DBF820000BF5A07A84099AF84001CF
:1074C00068B19AF84001042800D20420DFF8C09087
:1074D000E84609F10809844241D904463FE0012009
:1074E000F1E7DBF814505F46DBF82000402838D382
:1074F000274B40265A6858694030904203D3B0FB6E
:10750000F2FC0CFB1200586109F1180151E8000F60
:10751000801B41E80002002AF8D1B86B46191C48CC
:107520004030806B0544DAF8000000B3002041468B
:1075300036F8102021F81020401C2028F8DB00200D
:10754000414635F8102001EB40035200401CA3F8DF
:1075500040202028F5DB69460B48FCF77DFF641EC0
:10756000BFD20A480021816621B0BDE8F08F002714
:10757000384600F009FA36F8101028F817107F1C6A
:10758000202FF5DBDBE70000A07B0420800000203B
:1075900068EB042008490A6842F080520A600968D2
:1075A00006490A6842F480720A6009680449086062
:1075B000BFF34F8F7047000040380240007000401A
:1075C0008428004002480068C0F3000070470000B3
:1075D000F0ED00E000B50D498BB0012048770102C5
:1075E0008DF82000800707904FF0803005904FF015
:1075F00070600690002009918DF80300024601900A
:10760000694603480FF0D2F80BB000BD000000201F
:10761000CCA5002030B58FB0054614210AA8F9F793
:10762000C7F928216846F9F7C3F900244FF0004054
:10763000CDE90440039401208DF8200006940794BE
:1076400022460AA917480FF005F89DF8290028449A
:10765000C0B28DF829003C2807D33C388DF82900AA
:107660009DF82800401C8DF828009DF82800182857
:1076700001D38DF828409DF828008DF800009DF872
:1076800029008DF801009DF82A008DF802004FF4C2
:10769000007009900022694602480FF087F80FB089
:1076A00030BD0000CCA500202DE9FF4102F002FB17
:1076B000334CC4F8B401206881B204F500600BF0CB
:1076C000C1FC05F001FE20B14FF0FF3004B0BDE871
:1076D000F0812C4EB06B58B106F14007B86B38B151
:1076E0007068B0F5007F03D378687168884202D073
:1076F0006FF00100EAE72448054613F079FC2348BF
:10770000716840224069CDE90252CDE90010BB6B9F
:107710001F492048B26B13F091FB256800201A4ADC
:10772000CDE90000983A014654689C2600EBC0025F
:1077300006EB8202DDE90037A258D31841EB0702BD
:10774000CDE90032401C0428F0DB1046124A991A99
:1077500070F1000001D2012100E0002144F6206018
:10776000854200D300210D4801F062F90C4A04491A
:107770000C48FCF741FD0B48FDF7CAF80020A5E7CF
:10778000A8EC042068EB042040F5042058E1042014
:10779000F4A6002044A60020C0C62D00B0020020A0
:1077A000A8F00420A07B04202DE9F0436948DFF80D
:1077B000A091C3B00168B0F808808FB200F50066F0
:1077C000D6F8E00280077CD56348B0F8681119B19B
:1077D000B0F86801012874D144F6206340220021EA
:1077E0005E481BF05BF80021022017F07BFB5C4831
:1077F00002F0AEFD0AF064FE06F0BEFCFFF754FF97
:107800004FF4FA700CF0BEFF544D0835284613F0C3
:1078100065FF284613F0F6FB842252496846F9F7C3
:107820006BF800206A4605EB800191ED440ABCEE3E
:10783000C00A10EE101AADF8841002EB4001BDF83A
:107840008430401C4B804028EDDB8422694648464A
:107850000BF09EFB4349842284316846F9F74CF8CB
:107860000020694605EB4002B2F81022ADF88420F2
:1078700001EB4002BDF88430401C53804028F1DB0E
:107880008422694648460BF083FB002427E08021D0
:1078900022A8F9F78DF8A1B222AA284613F0AAFF70
:1078A000882231496846F9F727F8ADF802400020F0
:1078B00022A96A4631F81030ADF8083102EB4003D6
:1078C00000E041E0BDF808C1401CA3F804C0402816
:1078D000F0DB8622694648460BF05AFB641C287888
:1078E000A042D4DC01F0B0FC484605F0B1F80DF040
:1078F0008DF904461D4D04E00DF088F9001B0A289F
:1079000002D828684006F7D53B4642460021134876
:107910001AF0C4FFD6F8E00220F00200C6F8E00238
:107920001AF050F903F09AFC00280DD10021084606
:1079300017F08CFB17F074FC094802F009FD43B006
:10794000BDE8F0430AF0BCBD43B0BDE8F0830000E1
:10795000F09E0420A8EC0420B0020020A8F404202B
:1079600044A9002000400408084104080010014018
:107970000448016841F4C0610160BFF34F8FBFF359
:107980006F8F7047003C0240014600F01F00202925
:1079900002D2401E00F01F00704700002DE9F05F8A
:1079A0001B480026374600894FF004095FEA0008AB
:1079B00002D0B8F1400F01D94FF04008FF22082152
:1079C0001448F8F7CBFF00251348002400EB452AA4
:1079D000DFF840B012E005FB09401AF8042008283F
:1079E0000BD2FF2A09D0424507D20BF80020012014
:1079F0000021F8F79BFD06430F43641C4C45EAD376
:107A00006D1C022DE0D330463946BDE8F09F0000E2
:107A1000A8EC042030010020A8F004200F490A68D7
:107A200042F080520A6009680D490A6842F4807287
:107A30000A600A4A3032126812040DD50968C90575
:107A40000AD5084940F480700860BFF34F8F091FC2
:107A500005480860BFF34F8F704700004038024070
:107A6000007000408C28004017FA32CE41F6FF71BA
:107A700008446FF30C00704770B50D46040021D028
:107A80004FF40071F8F794FFFF2280212046F8F7A9
:107A900065FF2570681C4028284600D2401C607095
:107AA000A81C402800D2AD1CA570FF2004F8030FCD
:107AB0000020C4F87D00C4F88100C4F885000120CE
:107AC000C4F8890070BD2DE9F04F89B01646129CAC
:107AD00098468A465FEA00097DD0BAF1000FFBD0D4
:107AE000002CF9D0B9F86C00002874D14021204650
:107AF000F8F75EFFB9F96C0000EBC00109EB8101FA
:107B000091F890508031002DE6D0042D63D80F7E7F
:107B1000AF4260D20A685245E7D156EA0800DBD08E
:107B2000F005E2D104E051F82020002AD4D0401C16
:107B30008542F8D8760A46EAC8564FF0000A4FF058
:107B4000FF314FEA58282A4653460846F8F776FC94
:107B5000801B71EB08017ED3A5FB06030AFB0633ED
:107B600005FB0833CDE90403C01B73EB0A0332D3D2
:107B7000DDE90420D21B60EB0A00C4E900204FF0CD
:107B8000010A4FF0000C0AEBCA01CDE906CC09EB63
:107B90008106AAF1010704EB8705D6F89400E86294
:107BA000D6F89C00E3468036A0B3328CB2F10008D0
:107BB00030D0E3464FF0FF315B460846F8F73EFC15
:107BC000DDE90423801A9941C5D3DDE9043C404630
:107BD000A0FB031800E087E00BFB038300FB0C30E5
:107BE000D6F814C06FEA0B026FEA0C035B1A8241ED
:107BF00031D31CEB01014BEB0002C1F30800E8623A
:107C00004FEA512C0120E1194CEAC25C4FEA522B99
:107C100081F8380009EB87000022006F10EB0C00A0
:107C20004BF10001D0F1FF3388468A4113D328621B
:107C3000D4E900219646D2430091C943B2EB0C022D
:107C400071EB0B0107D300991EEB0C0241EB0B010A
:107C5000C4E9002100E096E0E11991F8381011B96B
:107C600050EA080104D0317C012943D13168D9B3ED
:107C700050EA08015ED04FEA482343EAD05342025B
:107C80004FF0000C06A94FF400708DE803109346E6
:107C90009846614630681AF027F800282ADBDDE9AB
:107CA0000602C10526D104EBC701C1E90202DDE9E4
:107CB0000610B1EB0B0270EB080201D3002006E0C6
:107CC000BBEB010168EB0002480A40EAC25028629F
:107CD000DDE90601BBEB000378EB010205D2B0EB56
:107CE0000B0061EB080102E004E000200146884639
:107CF000C10503D0022009B0BDE8F08FD4E90036F9
:107D0000410A41EAC851B346DF434FEA5822F643DD
:107D10007F1A964137D359184BEB0206C4E9001677
:107D2000E96A0023461A78EB030201D3EB6201E013
:107D3000081AE8620AF1010ABAF1030F7FF721AFCE
:107D4000D9F80C00B0F5004F1DD9D4E9001200237A
:107D5000D1F1FF34934116D30024D9F81C50661E8C
:107D6000D5EB060564EB04036D1A93410BD3D9F8E8
:107D70004C30A0F50040834205D2C01A64EB0404E5
:107D8000401A944101D20120B5E70020B3E700007A
:107D900010B50446807CF0B113480068C00720D1BC
:107DA00010F01AFA002803DD204601F088FC18E0E4
:107DB00003DA204601F08DFC13E00B48001D00683B
:107DC00078B9B4F86800C0F30E00411C0A28F0D856
:107DD000A4F8681005E094F87C0010B90220A4F81B
:107DE0006801002010BD00005864024070B51C46B8
:107DF0001546062902D94FF0FF3070BD01EBC101D5
:107E000000EB810000232246294680301AF0A9FDAC
:107E1000002070BD38B51C46049B1546062902D9C2
:107E20004FF0FF3038BD01EBC101002200EB8100B3
:107E300000922246294680301AF0A4FD002038BD69
:107E40002DE9FF47044650F8807FD0F86C90A07C65
:107E500000287DD1B4F86800000403D5032004B0E5
:107E6000BDE8F0870020CDE90200B86979687C4D53
:107E700000264FF001084FF4007A884224D902AB63
:107E8000524600213846009619F0C1FF00281ADD3D
:107E900002AA3946204600F07FFA012801D008BB2B
:107EA00002E084F8408024E0D4E90E10DDE90223EA
:107EB00089185841C4E90E1084F84080296168612E
:107EC00085F8008000E00DDB206F18B9606F08B9FD
:107ED000A06FB0B101273946204600F0E2FC01282E
:107EE00007D058B184F84080002000F059F90220F2
:107EF000B5E7072000F054F90120B0E77F1C032FFD
:107F0000E9DDDFF8608198F80000D8B3B4F84C00E0
:107F1000C00405D00020A8B3A4B3A07C90BB01E0AE
:107F20000120F8E794F87D0060BB94F87C0048BB22
:107F30000022D44602EBC20104EB8101D1F89C007F
:107F4000803198B10F7C8FB1042F21D8486900E0AF
:107F500070E060451CD2002006E051F820308BB163
:107F60009B69634514D8401C8742F6D8521C062AE8
:107F7000E0D30121204601F0FBFC20B1022000F0FB
:107F80000FF96BE004E088F80060E069606265E08A
:107F9000E07C98B3B4F96C0000EBC00004EB800007
:107FA000D0F880008069B0F5806F28D2002052465A
:107FB00000EBC00304EB8301D1F8941091421ED270
:107FC000401C0628F4DBB4F8600098B30022114688
:107FD000104600EBC00704EB8703D3F89C309A18D7
:107FE0007141401C0628F4DBD4F85C01036844F6B8
:107FF0002067BB420AD2C06A40B902E01BE0EE60D3
:108000001FE01948101A71F1000001D3142700E095
:1080100000270CF0FBFD0FB1E96809B9E8601FB15A
:10802000E968401AB84219D3E07C10B111F0ACFEF7
:10803000E674EE6012E0EE60D9F81800616E8842D6
:1080400003D3204601F01AFC08E0012104F5B870C2
:10805000FFF7B5F810B9204600F03DFD0020FEE620
:10806000007804202A00002080841E002DE9F05FA3
:1080700004004FF000054FF0FF3A61D0B4F96C00F6
:1080800006285DDAB4F96C0000EBC00004EB800058
:1080900090F890108030002976D00768002F73D0B8
:1080A000DFF8E880A94604264FF4007B64E0A07C5A
:1080B00090B3D8F80000C00712D110F08DF8002856
:1080C00003DD204601F0FBFA56E002DB3048006891
:1080D00030B1B4F8680040F40040A4F868002DE026
:1080E0002C4805F10105854246D92B4942F2107012
:1080F0002A4B00E000BF9A68920701D4401EF9D2D3
:10810000586820F002005860D8F80020404622F05D
:108110000102C8F8002001E013E000BF0268D207A6
:1081200001D0491EF9D20068C007D2D1186820F0EA
:1081300040001860186840F04000186084F8129001
:1081400022E0A06968B1656BA4F86861204601F07F
:10815000C6F9606BA84217D1B4F86800000413D4C4
:1081600009E0A4F86861204601F088FB60B9A07CB2
:1081700008B9A06940B10025B869584597D2A4F85C
:1081800068610020BDE8F09F5046FBE7586402405C
:108190005C64024080841E00A08601000030014023
:1081A0002DE9F041DFF89081012508280ED008F56F
:1081B0008076624C7168491C7160A90208285CD203
:1081C000DFE800F00D2F735B425B6726032101227D
:1081D000084603F0E5F888F82850BDE8F08194F8E7
:1081E0007D0020B9B4F85E0008B106F0A9F820219E
:1081F000534807F0ABF902220621042003F0D0F81F
:1082000050A1554804F0D6FA534804F001FB34E07D
:108210004B4807F09BF901220721032003F0C0F827
:1082200002E0474807F092F94CA14B4804F0C2FA2B
:10823000494804F0EDFA94F87D00F0B9B4F85E0016
:10824000D8B106F07DF818E04748016821F0010137
:1082500001604FF480713A4807F078F90222012159
:10826000032003F09DF841A13B4804F0A3FA3A48EB
:1082700004F0CEFA384804F0EBFB70680528ACDD5A
:10828000B0680028A9D13B4942F210703A4AB56063
:1082900018E04FF400612A4807F058F9022204213F
:1082A000032003F07DF835A1ABE74FF400712448BB
:1082B00007F04CF903210222084603F071F832A1BD
:1082C0009FE700BF93689B0701D4401EF9D2506816
:1082D00020F0020050602F48036823F00103036080
:1082E00000E000BF0368DB0701D0491EF9D2006837
:1082F0004FF00007C00705D084F8405094F87D0087
:1083000098B10FE0106820F040001060106840F055
:1083100040001060A774E07C10B111F035FDE774E7
:1083200088F828507760B76057E7B4F85E000028F7
:10833000F8D006F005F8F5E700000020B0020020B4
:10834000A8EC042045504859532042554646455212
:10835000204F565200000000F09E042043617264DA
:108360002046756C6C0000000C0100204E6F20430D
:1083700061726400A0860100003001405344204631
:108380006F726D6174000000436172642045727207
:108390006F720000586402402DE9F04FB5B00446FA
:1083A0004FF00000CDE932000F465FEA02091046A7
:1083B00003D000220260C9F80420CCB1C7B1E07C30
:1083C000002618B111F0E0FC90B9E674EFF31085C7
:1083D00072B6B34632AB4FF40072002138460096B5
:1083E00019F015FD002807DC05B962B6002800D099
:1083F000022035B0BDE8F08F0DF18808CDF800807F
:10840000DDE9322339462046FFF75DFB18B1002D28
:10841000EFD162B6EDE70297386B0DF1080A796B80
:10842000CDE90401F8680690B8690790386801261C
:1084300032460890511E08EBC10102EBC20004EB6A
:108440008000D1E90231D0F880000B431ED000211A
:1084500053460AE003EB411CDCF800C0844503D11D
:10846000002DC5D162B6C3E7491CB142F2D303EB7C
:1084700046110860036BD0F834C0C1E9023CC36800
:108480000B6183694B610068761C8861521C032A6A
:10849000D0DDDDE932230021384619F0C3FB90B965
:1084A000012707EBC70004EB8001781E08EBC00032
:1084B0008031D0E9022352EA030007D00868002186
:1084C00019F0B0FB10B1002253465EE07F1C032F71
:1084D000E7DD01204746DC4600EBC00104EB8102EA
:1084E000411E07EB810304EB81081E6AC8F8706027
:1084F000DB6A3944C2F8943091F83810803219B1EF
:1085000082F818C082F819C0401C0328E4DDB4F9D1
:108510006C0000EBC00004EB800080F898C0B4F958
:108520006C0000EBC00004EB800080F899C0E06CA8
:1085300022990844E064E169229A1144E161606192
:108540004FF0FF30A4F86A00C4F818C0A4F85CC06B
:108550000220A4F86801B9F1000004D0DDE932126C
:108560000160C9F8042005B962B6002041E703EBB9
:108570004210D0E9027401680F634C630469CC6057
:1085800044698C6180690860521CB242EFD367E78E
:1085900010B5038A8B420ED33F23491E91FBF3F49F
:1085A00003FB1411D0F86001042303EB8101405850
:1085B0001060002010BD4FF0FF3010BD2DE9FC47CA
:1085C0000446DDE90A89B0F85E001D4616460F46EE
:1085D00018B14FF0FF30BDE8FC87204600F088F866
:1085E000C4F864811120C4F86C7160604FF40050CD
:1085F000A060E060C4E957650025E562E561256299
:108600006563C4E90E5584F84050A565A574A5615D
:1086100084F87C50204601F06CF8204600F07BF88E
:1086200000F044F80EB1706B00E0002008B940F291
:10863000E240A4F848000220A4F86A01C4F870538C
:10864000A4F87453B4F86010204600F0F1F900204B
:10865000CDE9000000EBC00104EB8101DDE900324F
:10866000D1F89C10CB1845EB0201CDE90031401C3C
:108670000428EFDB19461020A0FB0167002202FB53
:108680000171019B00FB0310810241EA9650401CDE
:108690004FEA4030A062B9F1000F04D00520A4F8E1
:1086A0005C00A4F86851002095E7000010B50C4864
:1086B000FAF7EAFE0A483721A0F84811094991F86B
:1086C0009B12A0F84A1100F598710748C26E4A63E0
:1086D000B0F870000887FEF7E7FF0449086610BD90
:1086E000A8EC0420F0CE042070D10420000000206B
:1086F000704710B5044600F033FA38B10020A4F8F2
:1087000068010220A4F86A01C01E10BD2046BDE821
:10871000104000F0D7BC2DE9F047044600F0A8F95E
:1087200008F07EFC4FF4007950B91120D4F85C11A8
:1087300010F018FB20B14946D4F85C0106F006FFA2
:10874000D4F85C0101F024FAD4F85C113720A1F8C8
:1087500048011220D4F8641110F004FB4FF4803A61
:1087600048B10021D4F86401FFF786F95146D4F8E6
:108770005C0106F0EBFE0021D4F8640101F0B3F9CE
:10878000D4F86411132001F5007110F0EBFA58B120
:10879000D4F86401202100F50070FFF76DF951460F
:1087A000D4F85C0106F0D2FED4F86401202100F573
:1087B000007001F098F9D4E9028700252E46258241
:1087C00005F18000D4F8601110F0CCFA48B14946A8
:1087D000D4F85C0106F0BAFE4946D4F86001F8F717
:1087E000E7F8D4F8600100683F2809D95146D4F869
:1087F0005C0106F0ABFE4946D4F86001F8F7D8F802
:10880000D4F86001218A026811442182016871B1A3
:1088100001680422491E02EB810250F802804FF4E5
:10882000807202EB81014158012621F00047016866
:108830003F2904D080216165016889B117E0681C77
:10884000B0F5786F0AD35146D4F85C0106F07EFE8D
:108850004946D4F86001F8F7ABF808E06D1CAFE7C3
:108860002EB1C0F8FC80D4F86001C0F8F871D4F8DB
:108870005C11D4F86C0110F063F8D4F85C01D0F806
:10888000101131B1D0F81011D0F81001A0F500404E
:10889000E06000F0BCF8204600F02BFF0020BDE8AF
:1088A000F0872DE9F04F87B0040050D001294EDB4E
:1088B00003294CDC01EBC10004EB800000F18008CF
:1088C000491E04EB81000390006F002840D098F807
:1088D000100001283BD1D8F80000C0B3EFF3108599
:1088E00072B603984FF400760021006F0096C30D16
:1088F000420204A8CDE9010192469946D8F8000049
:1089000019F0F2F9002803DBDDE90401C20502D009
:10891000EDB962B61BE0BAEB000379EB010204D2B9
:10892000B0EB0A0061EB090101E000200146460AB4
:10893000834646EAC1564F0A009156EA07000DD019
:10894000E07C58B105B962B611F01EFA18B10220E8
:1089500007B0BDE8F08F0020E074BFE756EA0700DB
:108960001DD0E068B0F5004F15D9E3694FF0FF3C2A
:108970000022D3EB0C0362EB02019B1BB9410AD32B
:10898000E16CA0F50040814205D2401A62EB020280
:10899000801BBA4103D205B962B60120D8E7DDE9F0
:1089A00004230021D8F8000019F03CF90028AFD1C9
:1089B000DDE90410B1EB0A0270EB090201D30020DB
:1089C00006E0BAEB010169EB0002480A40EAC25036
:1089D0000399086756EA070015D0E06C3044E0645C
:1089E000E1693144E1616061D8F81400009A002126
:1089F000BBEB00038A4101D2A0EB0B010120C8F8B8
:108A0000141084F8400005B962B60020A0E719F000
:108A1000D9B810B5B0F85E2000210AB1A0F85E10F8
:108A200081610521A0F85C1000F00EFC002010BD53
:108A300010B5044689B10120A4F86000D4F8EC0018
:108A400040681AF05BFB9FED081B53EC112B1AF0EA
:108A5000EBFB1AF00FFB606610BD0020A4F860006D
:108A60004FF48060F7E700009A9999999999E93F46
:108A700010B5074CD4F8DC02000708D5054800F013
:108A80007DF8D4F8DC0220F00800C4F8DC0210BD48
:108A9000A8F40420B0020020F9F794BF70B50400D8
:108AA00016D0E07C002510B111F06EF9E574A574C4
:108AB000A561606B401C6063A4F85C5094F87C0076
:108AC00038B9B4F86801042803D00220A4F868017A
:108AD00070BD0420FAE710B50446C07C18B111F04F
:108AE00053F90020E07404F5B871D4F8700310F065
:108AF00039F90220A4F87403002010BD154810B500
:108B0000B0F898021449022802D001280DD107E0DC
:108B1000C87950B1487B40B1087A032805D301E0F9
:108B2000887B10B107F09EF840B9FBF76BF810B9DD
:108B300005F022FB10B14FF0FF3010BD0748C06AAE
:108B400018B1BDE81040FBF741B8FBF73FF8002033
:108B500010BD00002836002000000020A8EC0420F2
:108B600010B50446FFF7CAFF002805D00021A4F87D
:108B700068110221A4F86A1110BD00002DE9F0412E
:108B80000646002408F04CFA671E68B9002511203B
:108B9000D6F85C1111F0C8FB30B1022D00D13C4673
:108BA0006D1CEDB2032DF2D300251220D6F864110E
:108BB00011F0BAFB30B1022D00D13C466D1CEDB274
:108BC000032DF2D30025D6F86411132001F50071AE
:108BD00011F0AAFB30B1022D00D13C466D1CEDB264
:108BE000032DF0D300250749202011F09DFB30B163
:108BF000022D00D13C466D1CEDB2032DF3D320466F
:108C0000BDE8F081C83800202DE9F0431E4985B049
:108C10000878002834D01D48B0F8B002C0062FD51F
:108C20001B4F41F60C10C059082829D20D698846FF
:108C30004E694F208DF800000024E946C4F10F0072
:108C4000820028463146F7F784FC00F00F000A281E
:108C500001D2303000E0373009EB0401641C487069
:108C6000102CEBDB00248DF811406946384603F0E8
:108C7000A1FD002804D1384603F0CAFD88F8004061
:108C800005B0BDE8F083000000780420F0CE042099
:108C9000F09E04202DE9F04FFA4887B0016841F0BA
:108CA0000051016000242146F74805F00BFDDFF874
:108CB000DC834FF0010988F81190F54F07F114009B
:108CC00007C813F06FFCF348F8F774FB05F008FAD7
:108CD000F14D0026B5F8980202282CD198F823000F
:108CE00048B305A9684606F03BFA694605A806F0B0
:108CF00057F982468B4607F1540108F1880006F0C7
:108D00004FF998F80820042A0ED198F820205AB17B
:108D10004FF4FA631AEB03034BF10002181A8A416D
:108D200002D215F0B1FF30B188F8116005F00AF9F0
:108D300007B0BDE8F08FD948806AE0B3B5F8980273
:108D4000012801D002284DD1386AA0B3006890B341
:108D5000416801F0700A0BF05DF8D14A0023F7F783
:108D60006DFB1A4309D0386A012400680BF052F8F1
:108D700001464EF2010005F0A5FC386A0068016862
:108D800021F001010160386A0068416821F070013A
:108D90004160396A0968C1F81490386A0068066150
:108DA000B5F89802012826D0386A00684662386A09
:108DB0000068416800E015E021F0700141EA0A0115
:108DC0004160386A09F06EFBB5F89802012809D0B5
:108DD000386A0EF0DDFB28B1012400214EF20D00AF
:108DE00005F070FC98F82000C34630B3B5F898023F
:108DF000012817D021E0788E50B104280CD0082823
:108E0000386A00680CD0006C396A09684862CEE79D
:108E1000386A0068406BF7E7386A0068806BF3E7F0
:108E2000C06BF1E705F0EEF838B101240BF0EEFE6F
:108E300001464EF2020005F045FC786948B1006831
:108E400038B1016CC26B914203D2C16BC26A9142CC
:108E500004D3012400214EF2030033E0816801F0C5
:108E60000701062930D1DFF83CA2DAF8001079B307
:108E70000AF0D0FF8046DAF8000000680221C0F353
:108E8000C20001FA00FA0DF0BDF8B0FBFAF22AB305
:108E90004FEA0810801846EB1871401E41F1FF316F
:108EA0000023F7F7CBFA79690968CA6B801C104474
:108EB000CA6A904208D3C86B0124C96A60F31F4193
:108EC0004EF2060005F0FEFB05F00AF95CB19CE0ED
:108ED000FFE7012400214EF20400F3E70124002102
:108EE0004EF20500EEE7704ABA467869A2F6D81746
:108EF000402379680DF10408009188E80D00A2F67E
:108F000098106A49836B6748BA6B11F097FF6848FD
:108F1000D0E90310CDE90010EFF3108872B60027F6
:108F200000215DF8270018F0E3FF7F1C022FF7D324
:108F3000B8F1000F00D162B654BBDAE90612D04690
:108F4000DAF8140013F0DCFA010002D04EF2070048
:108F50001CE0524F386B38B14E48F8F787F918B11A
:108F600000214EF2080011E0386B90B1494880684A
:108F700078B1006868B18168C943490709D1016CBB
:108F8000C26A914205D9C16A4EF2090005F09AFB06
:108F90003BE09BF8200060B1B5F89802012808D1A9
:108FA00005F006FC28B10BF031FE01464EF20A0036
:108FB000ECE73046B2465E468BF81100B86A48B31B
:108FC000D8F82000474628B3006818B3B5F89802CF
:108FD00001281FD13448983815F0F6FC18B100214B
:108FE0004EF20B00D2E7386A09F05CFA798E386AE3
:108FF0000EF092FD28B1012400214EF20C0005F084
:1090000061FB386A09F04EFA24B107B0BDE8F04FB1
:1090100004F098BF96F82000A8B9264900220C4613
:1090200025480DF017FB23490022143122480DF08A
:10903000EFFA224800F51861896AC16114222146BD
:109040002030F7F759FCB5F89802022804D1307A9D
:10905000042801D105203072134C983CC4F8F4A2C6
:109060000A491748803104F53874C1F848A086F8D9
:109070001290FBF74DFC05F025F8206840F0100039
:10908000206055E618080240524154530000002069
:1090900058E10420F83C002028360020A8EC0420E9
:1090A0000088130044A6002040F50420F4A6002008
:1090B000A43F04086CF70420CCA50020D8ED0420C0
:1090C000A07B04202DE9F05F0446B0F85E00012883
:1090D00044D006F0C7FD01254FF00209E8B3002097
:1090E000C4E90E00034684F84000024602EBC200C9
:1090F00004EB8000803019F051FC521C062AF5DB8D
:109100000020984604EB8002401CC2F870800328BF
:10911000F8DBFFF7C1FC208A4FF03F0B401E90FBAD
:10912000FBF3594690FBF1FAD4F860610BFB13078F
:1091300004D2A068E064E06820650CE006EB8700DC
:109140004168E164D0F8000120F000402065084645
:10915000FEF78CFCE0643FB114E003E04FF0FF3019
:10916000BDE8F09F042058E0C6F80080E06C706015
:10917000206DC6F80001616D01EB0A00314600F078
:1091800051FDE0BBC4F85880208A5946401C80B28B
:109190002082401E90FBF1F290FBFBF30BFB1300CF
:1091A000411C474631603E2806D1606D521C104478
:1091B000234900F037FD10BBD4F85C0100F5A8711D
:1091C000081F04F0BFFF78B9D4F85C1100221D48D5
:1091D00001F5A8710DF03EFAD4F85C11002219488F
:1091E00001F5A6710DF014FAD4F85C11E06C00F0F2
:1091F00019FD20B9E06CD4F86411401C00E00BE0CC
:1092000000F010FD40B9E06CD4F86411801C01F549
:10921000007100F007FD38B10220FEF7C1FFA4F88D
:109220006851A4F86A9199E754F84C0F00F5005082
:10923000206065822782FFF72DFD002090E7000067
:10924000943D0408CCA500202DE9F041354D364C65
:10925000286A38B1016829B1B4F89812012916D0EA
:109260000EF012FA05F1140007C813F09BF92F480D
:10927000F8F7A0F82E4E002786F8227086F82370A3
:10928000B7742CA12E4803F095FA48B112E00EF005
:10929000FBF9698E286A0EF0A7FC15F0CDFCE1E71A
:1092A000274803F0B5FA401C04D019212448FAF7E6
:1092B0008BF820B101220221062002F071F8F0792A
:1092C00038B107F077FA20B14FF400711D4806F06D
:1092D0003DF9FDF783FFB4F89802022802D0012877
:1092E00009D01CE01848A86306F098FEB4F898026C
:1092F000012802D013E01548A8631548006870B132
:10930000816B61B1D4F83402884202D0114802F076
:1093100056FE0C48C4F89C020E4806F018FF7774FD
:10932000BDE8F08158E1042028360020F83C0020F8
:10933000000000205265632053746F70000000002D
:10934000F09E0420A8EC04208CA90020FCA800209A
:10935000A8F40420280600202DE9F05F044601202F
:1093600084F87C000027DFF848A13D46B846DFF8C6
:1093700044B1AAF104093E464FE0D9F80000C00705
:1093800013D10EF029FF002803DD204600F097F9E5
:1093900043E002DBDAF8000038B1B4F8680040F4CA
:1093A0000040A4F86800A67435E007F101075F45A6
:1093B00033D9414942F21070404A00E000BF93683F
:1093C0009B0701D4401EF9D2506820F00200506083
:1093D000D9F80030484623F00103C9F8003000E016
:1093E00000BF0368DB0701D0491EF9D20068C0073F
:1093F00002D04FF0010807E0106820F04000106034
:10940000106840F040001060A674B4F8680040F4A2
:109410000040A4F86800012502E0A07C0028ACD13F
:10942000B4F86800000403D50125E674A6610EE0D7
:109430006DB9A06930B12046676B00F050F8606BE1
:10944000B84203D12046FEF711FE00B10125E07CB1
:1094500038B1B8F1000F09D06FF0010000B101255B
:10946000E674B046A6610026374609E010F08CFC91
:10947000F4E70021204600F07BFA18B1761CF6B222
:109480001DB110E0012775B901E0032EF1D357B1EA
:109490002046FFF773FB84F87C800320A4F86A0160
:1094A0000020BDE8F09F0220FEF77AFEF3E70000FF
:1094B0005C64024080841E00A086010000300140F0
:1094C00010B5002181748161C174426B521C4263EA
:1094D000A0F85C100820FEF763FE002010BD2DE907
:1094E000F0418569044605B901250026A674E168A6
:1094F000E06C884205D30520A4F85C000720FEF745
:109500004FFE10F0A5FE0028E07C09D010B110F04D
:109510003BFCE6742046FFF7C1FA0020BDE8F0816D
:10952000012802D1606928446061B4F96A00401CD6
:109530005DD0B4F86A000428B4F96A0000EBC000FA
:1095400004EB800032D090F890208030012A4FD078
:10955000017E521E91427CD1067602684FF400775C
:109560005368D16801F50071994203D3B1FBF3FC54
:109570000CFB1311D160136B516B4FF4007C13EB98
:109580000C0341F1000113635163183252E8001FCC
:10959000C91B42E80013002BF8D1B4F96A10B4F9E2
:1095A0006C2091426BD1B4F96C1064E0D0F880105B
:1095B0006A024B68C8681044984203D3B0FBF3F7C3
:1095C00007FB1300C8600B6B486B9B1870410B6363
:1095D0004863183151E8000F801A41E80003002B5E
:1095E000F8D1206A28442062206D2844206553E089
:1095F00001686A024F68CB681344BB4203D3B3FBD4
:10960000F7FC0CFB1733CB600F6B4B6BBF18734130
:109610000F634B63183151E8003F9B1A41E8003754
:10962000002FF8D1B4F96A10B4F96C20914211D12D
:10963000B4F96C0009E000EBC00104EB810151F8C2
:10964000942F8B8903FB05220A60401C0628F2DB5D
:109650001CE019E041696A4201EB422112E001EB92
:10966000C10204EB820290F810C052F8943F97892F
:1096700007FB0C331360491C0629F0DB06E0416947
:10968000A1F50071416101E0491C0176E0692844BF
:10969000E061E06C2844E064A661A4F85C60B4F882
:1096A000680104283FF439AFA07C00287FF435AF6F
:1096B0000220A4F868012046FEF7C2FB2DE7002136
:1096C000817490F87C10002902D10321A0F86A115E
:1096D0007047B0F8681041F40041A0F8681000210C
:1096E000817490F87C10002902D10421A0F86A113D
:1096F00070472DE9F041002705463C46B84604EB8B
:10970000C40005EB8006D6F89C0070B117B9074677
:10971000A5F86C40D6F89C003A46C10D40020023E3
:10972000F6F78CFEA6F8A00001E0A6F8A080D5F818
:109730005C1104F2D5100C54D5F85C2104F5F571D8
:1097400096F8A0005054641C062CD8DBD5F85C11A8
:10975000062081F8D401D5F85C11022081F8B80107
:10976000BDE8F0812DE9F0410446C07C17460E4665
:10977000002510B110F008FBE57466610120A061BE
:10978000A0743946304610F0CFFDA574A56118B11C
:109790004FF0FF30BDE8F0810320A4F86A010020FB
:1097A000F8E72DE9FF5F0F460446C3B11D46012DC2
:1097B00000D901250026A4F86860E07C4FF0030979
:1097C0004FF0FF3B4FF001085BB14FF4800A08B344
:1097D0006069B8421ED1E06CC10417D032E00125A7
:1097E000E5E710B110F0D0FAE6746761C4F81880AC
:1097F00084F81280A4F868913846029911F066F84E
:1098000000281AD0C01C34D0A66115E0616C401A43
:10981000504517D3E07C10B110F0B6FAE674B4F8F6
:10982000600018B950460EF0C7FF20B9384667648B
:1098300010F084FB20B1A674584604B0BDE8F09F38
:1098400084F813806761A56184F81280B4F8680118
:10985000022801D1A4F868914FF6FF7000EA452173
:10986000029811F02FFAC11C03D00028E5D0A661A0
:10987000E1E72046FFF72DFF0020DEE72DE9F0416C
:10988000044600F180010022B0F96C00012600EBD3
:10989000C00001EB80007502037C012B0BD9037E15
:1098A0004BB101688969A94246D3B4F86C10A4F899
:1098B0006A10024628E000200023471E022F04D829
:1098C00004EB8003DB6E03B1012300EBC00701EB67
:1098D00087077F69AF4200D35BB3401C0628EBDBF0
:1098E00096B1B4F96C0000EBC00051F8200080691B
:1098F000A84221D3B4F86C00A4F86A00B4F96A0055
:1099000000EBC00001EB8002E068E16CA0F50040D4
:10991000814227D2107E137C52F82000012B0ED9F1
:10992000B4F96A30B4F96C50AB4208D11268D2680D
:1099300006E0A4F86A00E3E70320BDE8F081C2680E
:109940000123A4F85C30806B02442046FFF729FF16
:109950000028F2D02046FFF7A1F80220FEF720FCF5
:109960000220EAE70720FEF71BFC0120E5E70000E4
:109970002DE9F05F4FF0030A8B460446A0F85CA087
:10998000C76939484668DFF8E490D9F80410D9F877
:109990000800A7EB0108351A1BD015F041FC00EEBA
:1099A000108ADFED330A3348B8EE400A60EE200A31
:1099B00000EE105AB8EE401A90ED000AF8EE401A88
:1099C00081EE210A80EE801A9FED2B0A21EE000A1B
:1099D00001E09FED2A0A84ED0C0AC9E90176E07CDA
:1099E00018B110F0D1F90020E074208A3F21401E08
:1099F00090FBF1F290FBF1F501FB1208E66CD4F854
:109A000060713046FEF732F894F87C1001B1E064E2
:109A100007EB88004660216D21F0004294F8401069
:109A200009B14FF000410A43C0F800214FF0FF3662
:109A3000A4F86A60A4F85CA0606DD4F8602100EB23
:109A40000501BBF1000F4FF00003204602D0FFF7E5
:109A5000A8FE01E0FFF786FE401C02D00020BDE812
:109A6000F09F3046FBE70000001000E00078042083
:109A700000000044C874042000008035000000008D
:109A800070B5044690F87D000225F0B1B4F8680185
:109A900004281AD0002084F87D00A4F86A5105211A
:109AA000204618F0DFFAEFF30580D0B9B4F868016A
:109AB000042816D194F87C0098B9B4F86A010328F8
:109AC0000FD1A4F86A51032108E0B4F96A01022811
:109AD00003D0A4F86A5181B200E00221204618F0B8
:109AE000C1FA002070BD70B50D4604004FD0E0787B
:109AF0000123FF21002230B90420265C1EB9401C3E
:109B00008028FAD3E1700020265CFF2E03D0265C6B
:109B1000402E00D32154401C8028F5D3D4F8800077
:109B2000022801D9C4F88020D4F884000A2801D37F
:109B3000C4F88420D4F888000A2801D3C4F8882007
:109B4000D4F88C0020B1D4F88C00B0F5007F01D996
:109B5000C4F88C30D4F88000401CC2B2002009E068
:109B6000215CFF2905D12918C9B2402900D3294613
:109B70002154401C9042F3D32046FDF7D4FA00282C
:109B800005D029462046BDE87040FDF775BF70BD81
:109B900010B5002842D0036844F6206200219342A9
:109BA00000D90160836A934201D903688362C36A62
:109BB000102B00D9C162036B194CA34200D9016379
:109BC000436B934202D940F2E2424263826A002A26
:109BD000026801D012B103E0826201E0826A026091
:109BE000D0F8A420042A01D9C0F8A410D0F8A020ED
:109BF000012A01D9C0F8A010D0F81821120607D503
:109C0000D0F8181101F07F01102907D3802103E05B
:109C1000D0F81821402A01D3C0F8181110BD000057
:109C20000071020070B50D460646002429463046F4
:109C300010F07AFB002805D0641CE4B2032CF5D3A5
:109C40004FF0FF3070BD000070B5134E0546002484
:109C500034B1012C0AD0022C12D0032C0CD114E008
:109C600095F8EC224FF400510C4803E095F8ED22F2
:109C700010210EE007F094FB641C042CE8DB70BD9F
:109C800095F8EE224FF4007103E095F8EF224FF4BF
:109C900080613046EEE7000000000240000802400C
:109CA0000348406B002801D140F2E24070470000B9
:109CB000A8EC04200148406B70470000A8EC042089
:109CC00010B54FF0E0200169C90701D0406910B913
:109CD00002200BF0BFFDBDE810400CF0FDBE0000FF
:109CE00070B504460648C568007838B134B10AF04A
:109CF0008DFF401BA04201DA012070BD002070BD25
:109D00006879042070B5D0F8583473B3D0F854345F
:109D100000EB8305D5F8104400EB4303B3F80C6463
:109D200011B1D5F804540D6002B11460D0F8541488
:109D3000491C0229D0F8541401D2491C00E0491EE4
:109D4000C0F85414D0F85814491EC0F85814B0F88C
:109D500018142144A0F81814B0F818143144A0F8CD
:109D600018140020A3F80C0470BDFFE74FF0FF307B
:109D7000FAE77CB50446D0F858040E46A0B394F830
:109D80004804002578B96A4601A9204600F006F982
:109D90000198C4F83C040098C4F84404C4F8405442
:109DA000012084F84804D4F84004D4F844148842CC
:109DB0001BD2D4F84004D4F83C140144401CC4F82D
:109DC000400408783070D4F84004D4F84414884231
:109DD00008D384F84854C4F8405400221146204661
:109DE000FFF790FF00207CBDFFE74FF0FF30FAE760
:109DF00010B50446002211462046FFF783FF0028D5
:109E0000F8D0002010BDF8B514460D4606466A4647
:109E1000214600F068F810B14FF0FF30F8BD22463F
:109E200029460098F6F7E1FC304600F001F8F8BD4D
:109E3000F0B590F838144FF0FF35B1B1D0F85814A0
:109E4000022912D2D0F84C24D0F82C4400EB420363
:109E5000211A891EB3F80C3489B2B0F81864D0F80E
:109E600034741F44BFB2BE4201D22846F0BD00EB9D
:109E70008202C2F80444D0F83444C2F81044B0F866
:109E80001824D0F834442344D21AA0F81824D0F867
:109E900034240A44B2F5806FD0F8342401D3A1F5FC
:109EA00080611144C0F85014D0F84C14491C0229A8
:109EB000D0F84C1401D2491C00E0491EC0F84C14E3
:109EC000D0F85814491CC0F85814D0F85C14491C38
:109ED000C0F85C14002180F83814C0F83414C0F8BD
:109EE00030140846F0BDF0B5D0F850349CB2C4F53B
:109EF00080639DB200235E1EB1F5806F25DCD0F833
:109F00005874022F21D28FB2AF4201D32B460024C6
:109F1000B0F81854CF18BFB2BD4216D30444A41CE5
:109F2000C0F82C44C0F834140021C0F830140121CA
:109F300080F83814D0F84C1400EB4101A1F80C342F
:109F4000D0F82C0410600020F0BD3046F0BDD0F8F1
:109F50003024D0F834349A420AD2D0F83024D0F8E1
:109F60002C341344521CC0F8302419700020704760
:109F7000D0F83014491CC0F830144FF0FF3070474F
:109F8000002180F83814C0F83414C0F83014D0F828
:109F90006014491CC0F8601400207047D0F8583491
:109FA0007BB1D0F8543400EB8303D3F804340B6056
:109FB000D0F8541400EB8100D0F810041060002099
:109FC00070474FF0FF30704710B5044640F26441CF
:109FD000F6F7EEFC4FF48061A4F81814002010BDD1
:109FE0002DE9F84343F2987100F540544518D4F830
:109FF00030024FF0FF36C168890679D500688006C7
:10A0000076D50AF003FE8046D4F83002016821F0CC
:10A0100020010160D4F830024068C7B2D4F8380299
:10A02000DFF8D490800554D5D9F81810A8EB0100BA
:10A03000B0F5FA7F08D92846FFF7A2FFD4F8380216
:10A0400020F40071C4F8381295F8380428B96A462B
:10A050004FF400712846FFF746FFD5F83404D5F8D1
:10A06000301488420BD52846FFF78AFFD4F838020F
:10A0700020F40070C4F838026FF0010636E03E2F7D
:10A0800006D039462846FFF762FF401C17D02DE066
:10A09000D5F83004C5F834042846FFF7C9FE284631
:10A0A000FFF76EFFD4F8380220F40071C4F83812BC
:10A0B000B4F8B00240F48060A4F8B00215E028467D
:10A0C000FFF75EFFD4F8380220F40070C4F83802BD
:10A0D0000CE03C2F0AD1D4F8380240F40070C4F8E8
:10A0E00038020AF093FDC9F818000026C9F8188054
:10A0F0003046BDE8F88300006879042038B505468D
:10A100004FF0FF3005F540540090D4F83012C86885
:10A11000800615D50868800612D5086820F0200052
:10A120000860D4F830024068C4B20AF06FFD0146FE
:10A130000448C160012101702146284602F028F838
:10A14000009838BD687904202DE9FE4F064641F697
:10A15000181006EB000A43F24820DFF844814FF064
:10A16000000B06F5405406EB000961E000250AF0FB
:10A170004DFD0146D8E90820891A77EB0000CDE9AA
:10A18000001006D508460199401E41F10001CDE9B5
:10A190000001DDE9001241F288330020591A904194
:10A1A00000DA012541F6EC0010F80A0048B99DF8E4
:10A1B000080001F05BFE011E04DD6A465046FCF714
:10A1C00081F94DB15046FCF724FAD4F8380220F456
:10A1D0000070C4F8380227E09DF808105046FCF7DC
:10A1E000FDF9401C24D19DF808003E2809D05046B6
:10A1F000FCF70FFAD4F8380220F40070C4F83802E3
:10A2000016E0304601F031FFD4F8380220F4007037
:10A21000C4F83802B4F8B00240F01000A4F8B0025C
:10A22000304600F0C3F803E09DF808003C282AD02F
:10A23000D9F81810484679B34168C368826BD25C7C
:10A240008DF80820C268521CC260C2688A4202D3DC
:10A25000C268511AC160016B0122436B491C5F4601
:10A2600043F100030163436309F1180050E8001F44
:10A27000891A40E80013002BF8D143F238208059A6
:10A280008005D1D572E70AF0C1FCC8E90807D4F807
:10A29000380240F40070B1E7FFE70020BDE8FE8F10
:10A2A0006879042008490A6842F480420A600A6812
:10A2B00042F000420A600549CA6842F40052CA608E
:10A2C00080224A6002F0A4BA18080240001001403F
:10A2D00018B5044643F23431621804F540544FF087
:10A2E000FF30D4F83012CB681B0613D50B681B0661
:10A2F00010D5D2F85804002814DD69461046FFF73F
:10A3000038FD0028D4F8300205D0C16821F0800162
:10A31000C160002018BD01680906FCD59DF8001039
:10A320004160F6E7C86820F08000C860F1E700F5FA
:10A330004050D0F83002C16842F288021143C16037
:10A34000704702F065BA10B502F04EFB002010BD58
:10A3500070B5040020D01149206888421CD1104EED
:10A360003069002818D00F496060C1F8B40200F0CD
:10A3700001FE050002D10BF055FE0546316900F0E3
:10A38000A7FDA0F110014FF6EF72914204D82168A9
:10A390008860054908618D6170BD000000100140B2
:10A3A00068790420F0CE0420D09E0420022006F01C
:10A3B000BDBF00002DE9F04105460026FFF7C3FFB1
:10A3C00080BB05F54054D4F83002C1680906FCD4BE
:10A3D000284612F0BFF9D4F8380220F40070C4F80F
:10A3E000380212A73846F6F7E1F9024643F2343054
:10A3F00039462844FFF707FD2846FFF798FF28460F
:10A4000012F0F4F9002243F2987011462844FFF745
:10A4100079FC284612F0BEF9B4F8B00220F40040EE
:10A42000A4F8B0023046BDE8F08100003C44495336
:10A43000424F4E443E00000070B592B004463421B5
:10A440006846F6F7B5FA14210DA8F6F7B1FAACB3E1
:10A450001E49086800F00C00042820D0082820D0ED
:10A4600000202060086800F0F0006060086800F4D8
:10A47000E050A060086800F46040E06014480068A4
:10A48000002500F00700206125750126300406959F
:10A49000CDE9006068460BF007FE78B903E00120C3
:10A4A000DFE70220DDE70F20CDE90E650D90109566
:10A4B00000210DA811950BF075FC10B1012012B010
:10A4C00070BD14F0ADFE26750020F8E70838024094
:10A4D000003C0240A0F13001092901D8084670472C
:10A4E000A0F14101052901D837387047A0F1610179
:10A4F000052901D8573870474FF0FF3070470000EA
:10A50000F8B5064606F540540020A4F8B002B4F8A9
:10A51000B00220F08000A4F8B002D4F8340208F0B1
:10A520001BFD1C4B4FF400754FF47A773A46A3F5A8
:10A530007A713046009500F09DF9D8B1154B3A4636
:10A54000A3F57A713046009500F094F990B1D4F8F3
:10A55000340208F0E3FC0F4B3A46A3F57A7130461B
:10A56000009500F087F928B1D4F8340208F0F4FC23
:10A570000120F8BDD4F8340208F0EEFC3046FFF7B5
:10A5800019FFB4F8B00240F00200A4F8B0020020B5
:10A59000F8BD000058DF04202DE9F0410446C06BEF
:10A5A00000254FF480668560E06BC560E06B066156
:10A5B000E06B4561E06B8561E06BC561E06B056256
:10A5C000E06B09F0F9FF6F1EA0B9E06B8463A16B2B
:10A5D00040208860A06BC560A06B0661A06B4561E0
:10A5E000A06B8561A06BC561A06B0562A06B09F0D3
:10A5F000E3FF10B13846BDE8F081A06B00220321D3
:10A60000846325200BF09EF925200BF08DF920683E
:10A61000C16841F40051C1602068C16841F0200167
:10A62000C1602068C16821F08001C16094F84200D7
:10A6300020F0220084F842000020DCE72DE9FF47EB
:10A6400090460F4606004FF000044FF0FF3A4DD001
:10A65000B8F1000F4AD0E7B33146002009E00A5CA8
:10A66000203A5F2A04D3062F08D0072F09D002E032
:10A67000401CB842F3D30025E9461CE0404631684F
:10A6800002E056F8011F40460160B188818037E042
:10A69000705DFFF71FFF00280CDB102C06D30F2284
:10A6A00009F101016846F6F7E5F80F24715D09F834
:10A6B0000410641C6D1CBD42EAD30C2C16D309EBAC
:10A6C000040547460C3D11D01FB1002415F81400B5
:10A6D00000E00BE0FFF7FEFE064605EB4400407885
:10A6E000FFF7F8FE002E01DB002803DA504604B025
:10A6F000BDE8F08740EA06103855641C062CE5D307
:10A700000020F4E72DE9F0479846914604000D46F5
:10A710004FF0FF362DD065B30846F6F747F802280C
:10A7200027D329783C2924D1284410F8010C3E284D
:10A730001FD104F54050D0F8381221F40071C0F850
:10A74000381243F2987020440746FFF751FB284621
:10A75000F6F72CF8024643F2343029462044FFF73E
:10A7600052FB30B92046FFF7E2FD204612F03EF8DA
:10A7700010B13046BDE8F087424649463846BDE84C
:10A78000F047FFF7BFBA00002DE9F04F91B0060087
:10A790004FF00000ADF840004FF0FF3017468846FC
:10A7A00082465FD0B8F1000F01D1002F5AD1304658
:10A7B00011F0D0FF06F54050D0F8381221F40071A6
:10A7C000C0F8381243F2987030448346FFF710FB0C
:10A7D00040216846F6F7ECF83C208DF8000023A0F5
:10A7E0000A240268CDF801208088ADF805004120D8
:10A7F0008DF8070043208DF80800452069468DF844
:10A8000009000A2F00D30A27002589460BE009EB2F
:10A81000040118F8050010AAF6F72AFBBDF840005D
:10A820006D1C0444EDB2BD42F1D33E2109F8041081
:10A8300043F23430621C69463044FFF7E4FA68B9E9
:10A840003046FFF774FD304611F0D0FF30B90022DA
:10A8500011465846FFF756FA4FF0000A304611F0FD
:10A8600099FF504611B0BDE8F08F000041445644B6
:10A87000415441002DE9F04300F540560446D6F816
:10A8800034021F469DB0836B249D1B685B68009358
:10A89000C06B0068436804F5705017F01FFAD6F8D3
:10A8A0003402816B096849680091C06B0068436895
:10A8B0002A46394604F5715017F010FA204611F077
:10A8C00049FFD6F83402FFF767FE204600F038F95A
:10A8D00043F234302044072283498046FFF793FA3D
:10A8E0002046FFF724FD4FF4FA7009F04BFF0027D4
:10A8F0001A971B9701976B4601AA7CA120460097E7
:10A90000FFF700FF04F54A5528B9DDE900101AAA3F
:10A91000FFF794FEE8B3EF66A5F8707000202118E9
:10A9200004EB400201F5405102F5405291F8EC323F
:10A9300082F8FE3291F8EC12401C82F8FF120628D1
:10A94000EDDB16971797189700250DF15809199701
:10A95000601900F5405009EB450190F8EC021CAA83
:10A96000F6F786FA6D1C062DF2DB142111A8F6F716
:10A970001FF8009701AB6A465EA120460197FFF7DA
:10A98000C1FE70B1204611F005FF01201DB0BDE8E9
:10A99000F083FFE71A98E866BDF86C00A5F8700030
:10A9A000BCE7009961B1019A042A09D9101F122845
:10A9B00001D9122200E0121F11A8091DF5F715FF99
:10A9C0000125002711A8F5F7F1FE82B2002011AB96
:10A9D0000DE0111A194411F8011C3039092905D864
:10A9E00001FB0571CFB205EB85014D00401C904283
:10A9F000EFDB86F89B72342104A8F5F7D9FF43F208
:10AA0000BA21214431233E22CDE90031CDE9029221
:10AA10003C233AA2322104A8F5F7AEFD04A8F5F7CD
:10AA2000C5FE024604A94046FFF7EDF92046FFF7B0
:10AA30007EFC204611F0DAFE43F29870002220449A
:10AA400011460546FFF75EF90A2009F09BFE142225
:10AA50002EA16846F5F750FF6846F5F7A7FE0246B7
:10AA600069464046FFF7CFF92046FFF760FC2046D5
:10AA700011F0BCFE002211462846FFF743F928A733
:10AA80003846F5F793FE024639464046FFF7BBF9D4
:10AA90002046FFF74CFC204611F0A8FE002211468C
:10AAA0002846FFF72FF921A73846F5F77FFE024623
:10AAB00039464046FFF7A7F92046FFF738FC204605
:10AAC00011F094FE002211462846FFF71BF91B489F
:10AAD000016841F480410160B6F8B00220F008003E
:10AAE000A6F8B002002051E79B3F04083C4D4143CB
:10AAF0003E0000003C485645523E000025634E4152
:10AB00004D45252E2A732573256300003C4641439D
:10AB1000436F6D706163742045706879733E000007
:10AB20003C444953424F4E443E0000003C41445691
:10AB30004741503530303E00000000001808024008
:10AB40002DE9F04F9FB000240646A146109418212D
:10AB500068461194F5F72CFF142106A8F5F728FF95
:10AB6000D348417841B1006918B100201FB0BDE859
:10AB7000F08F4FF0FF30F9E7CD48CE4F4FF001088E
:10AB800080F80180C7F800804EB106F54055D5F831
:10AB9000340220B1DFF820A30168514501D0E12043
:10ABA00014E0D5F8380220F40070C5F8380243F2FA
:10ABB00098703044FFF71CF943F234303044FFF70B
:10ABC00017F96846FFF738FC10B1E4203860D0E789
:10ABD0000BF028FA4FF4964100F07AF9A0F1100139
:10ABE0004FF6EF7B594509D8D5F834224FF49641FA
:10ABF0005160B24AC2F8B412CAF80800DAF80C1070
:10AC00001D91DAF80C1021F02001CAF80C10AC48A4
:10AC100000681C90AA48001D00681B90A8480830D6
:10AC200000681A90A6480C3000681990A44820309B
:10AC300000681890A34800681790A248001D00689B
:10AC40001690A0480830006815909E480C300068A7
:10AC500014909C48183000680F909A482030006883
:10AC60000E909848283000680D9096482C30006867
:10AC70000C909448243000680B9093484E4601682D
:10AC800041F002010160006800F002001E908E4851
:10AC9000103000688C4940F00400103108600868EA
:10ACA00006A900F004001E90802006900220CDE945
:10ACB000070609900A90824809F0B6FE81480660AE
:10ACC000001D0660001D0660001D06607D482030E6
:10ACD00006607C498015183108607A482830066083
:10ACE00078494FF6FF702C310860764824300660B2
:10ACF000744810300660011DC1F800807149B02011
:10AD0000203108606F49012008600BF07BF96E4923
:10AD10002839096811F4E05F00D0400080466B4993
:10AD2000D5F8340211F050FD09F070FF06462FE00F
:10AD3000644A1032106840072AD5624838300068EB
:10AD400012A921F814004FF6FB301060641C022C8D
:10AD50001ED35FEA080220D0BDF84A00BDF84810B3
:10AD6000401A0604360C18D0032370084946E8FB45
:10AD7000030132460023F5F761FBF861A0F58C4131
:10AD8000503940F6C412914207D8CDE9106004E072
:10AD900009F03CFF801BFA28CAD34E46DFF8249105
:10ADA00009F12009C9F80060464806601E2009F034
:10ADB000E9FC44491698091D0860091D15980860AA
:10ADC000091D149808603F490F98183108600E98C3
:10ADD000C9F800003B490D9828310860091D0C98FE
:10ADE000086009F104010B980860364810300660CD
:10ADF00034491798086032491C980860091D1B984F
:10AE00000860091D1A980860091D199808602C49E6
:10AE1000189820310860DAF8000056460B90DAF8EE
:10AE200004000B901D98CAF80C0014210BA8F5F72C
:10AE3000BFFD9DF8140078B10F200B9000980C9086
:10AE400001980D9002980E9003980F900BA804990A
:10AE50000AF0A8FF14F0E4F9C7F804801098B8606D
:10AE60007C61B8B11198F860A0F58C41503940F67A
:10AE7000C512914210D3E32038600BF0D3F84FF4A1
:10AE8000964100F025F8A0F1100159453FF69FAE1C
:10AE9000B0606EE6E220EFE705490861C5F8B4024C
:10AEA000D5F83402FFF754FA46F20D0038605CE63C
:10AEB00068790420D09E042000100140F0CE0420C8
:10AEC000000402400008004030380240943F04086B
:10AED00010B549B14A081018002464410A460023FD
:10AEE0002146F5F7ABFA10BD002010BD884201D312
:10AEF000401A7047081A704710B500F00FF805495E
:10AF0000886705490A6822F0F80242EAC000086032
:10AF100010BD000000000020003802401F2800D9AA
:10AF20001F207047124A10B500201060111D0860E4
:10AF3000091D08600B1D18600D4B183318601B1D90
:10AF400018601B1D18600A4B28331860084C431EFC
:10AF50002C342360064B24331860054B10331860E3
:10AF6000034C01231434236015230B60106010BDC3
:10AF7000000C004010B5114CA07D20B110480168B4
:10AF800011F00C0F01D0002010BD01680123C1F3A6
:10AF90000310C1F34231082801D2012202E0C01F90
:10AFA00003FA00F2042901D2012301E0C91E8B40FB
:10AFB000E06F5A43B0FBF2F010BD0000000000202B
:10AFC000083802400148806F7047000000000020F0
:10AFD0002DE9F84F4FF0000591460F0082462E46AE
:10AFE00000D1012700244FF4006BA04617E0504623
:10AFF000FFF782FF40465946CDF8008000BF401C55
:10B0000000908842FAD347F230525100484601F08E
:10B01000E9FF411C0FD02D1846EB0806641CBC420A
:10B02000E5D37808401948EB06013A460023F5F7C6
:10B0300005FABDE8F88F4FF0FF30FAE72DE9F04F41
:10B040009BB058216846F5F7B3FC744E4FF0FF35BE
:10B050004FF0000AB06FFFF761FF814606F18007ED
:10B060004AF6C8704C463861C7F81490C7F8189073
:10B07000FD61F06F386201207862694E0020A6F110
:10B080008002AB4642F8205046F82050401C1F2852
:10B09000F7D9644801684FF00210884301D00220BC
:10B0A00019E060489430006800F0404019905D4815
:10B0B0004030016801F008011891006800F4007048
:10B0C00017904FF4805000908004119068460AF069
:10B0D000BFFC30B1032078625048806F1BB0BDE8E0
:10B0E000F08F50484030016841F400710160016800
:10B0F00001F400711691016841F0080101600068D7
:10B1000000F008001690484800681690FFF70AFF04
:10B110004248042180304162002704213846169AB3
:10B12000FFF756FF0646401C2AD04AF6C871304643
:10B13000FFF7DCFE80463A48803840F827603849FF
:10B1400041F82780A8450BD313D149463846FFF76D
:10B15000CDFE064649462046FFF7C8FE864208D285
:10B160002E483C46803045464FF0010A8761C0F8C2
:10B170001C807F1C1F2FD0D9BAF1000F08D008E027
:10B180002748803840F82760254941F827B0F0E784
:10B190004C462046FFF7B0FEBAF1000F15D020480C
:10B1A000803850F82410491C0FD050F82420002378
:10B1B0001E48A72104F01AFC1D491E4A0144914271
:10B1C00003D81649C867012088751448C16F8030BC
:10B1D00001628461C5610521416213490020103973
:10B1E00008601149169808600E4894300168199A51
:10B1F00021F0404111430160189828B909484030B6
:10B20000016821F008010160179828B9054840300D
:10B21000016821F40071016020465FE70000002012
:10B2200040E204200038024020240040002058A3BF
:10B2300000E548FF00127A0010B5064C064A0021CE
:10B240002368034201D0012010BD491C9142F7D36D
:10B25000002010BD0024004020A107000348016821
:10B2600011B9C06A002800D001207047A8EC042062
:10B2700010B500F00DFAEFF3108272B609490B79A0
:10B280004C792343034208D00B7983430B714B79EC
:10B2900083434B71C879401CC871002A00D162B643
:10B2A00010BD0000A0E104200C4808B5016841F081
:10B2B00080510160006800F0805000900AF08CFB23
:10B2C00000220E2106480BF0BAF800220F21044894
:10B2D0000BF0B5F8BDE808400AF072BB40380240F8
:10B2E000CCA50020F8B51D4E96F82500002834D1D5
:10B2F0001B48012786F82570016841F080510160E4
:10B30000006800F0805000900AF066FB0E2115489E
:10B310000BF090F805460F2112480BF08BF804460D
:10B320000AF04EFB104AC4F30720E1B295420ED159
:10B3300001280CD109290AD30D2908D87487384669
:10B3400086F82470BDE8F840022200F029B8954242
:10B3500003D1BDE8F840FFF7A7BFF8BD000000200B
:10B3600040380240CCA5002017FA32CE10B509F0C3
:10B370004DFC094988600948018F412902D2018F9B
:10B38000491C0187008F402804D1BDE810400520EA
:10B39000FFF76EBF10BD0000A0E1042000000020F8
:10B3A0002DE9F04115460E46044600F071F9EFF321
:10B3B0001087002372B6052C02D11B4A0021118789
:10B3C0001A49B1F800C046EA0422944501D00A8027
:10B3D0000123C0B1022D0CD30A79024201D101220E
:10B3E00000E0002213430A7902430A714A7982433A
:10B3F00008E04A79024201D1012200E00022134311
:10B400004A7902434A7153B14888A0F57F42FF3A16
:10B4100002D04888401C4880C879401CC871002F61
:10B4200000D162B6BDE8F08100000020A0E1042058
:10B430002DE9F04786B009F0E9FB7D490446CA6C66
:10B44000801A7DD4DFF8ECA104F57A70C864BAF8EC
:10B450005E0001F180094FF00008A1F1800520B1E4
:10B460007548006808B1687C68B185F82E8073481B
:10B4700016F020FCC9E90401BAF85E00704ED0B3A2
:10B48000687C38B337E06D4816F014FC0646D9E9FD
:10B4900004200F46724041400A4307D085F82E80B1
:10B4A0000420FFF7E5FEC9E90467E5E795F82E00FB
:10B4B000FF2802D2401C85F82E00C0B20328F2D328
:10B4C000022205210420FFF76BFF20215A4804F0D7
:10B4D0003DF8E8E7B06870B1B06840F6B831201ABE
:10B4E000884208D9052101220846FFF759FF80212B
:10B4F000514804F02BF895F824105248E9B3B0F8FD
:10B50000B012C90648D514224FA16846F5F7F4F9E0
:10B510006C8F012000F0BCF83179727908434F49F3
:10B5200001EB14331B788DF80430C4F30323CB5C98
:10B530008DF80530C4F30313CB5C8DF8063000E0C2
:10B5400027E004F00F03CB5C8DF8073001EB1013FC
:10B5500000F00F001B788DF80A30085C8DF80B00A6
:10B5600001EB121000788DF80E0002F00F00085C5D
:10B570008DF80F0069463A4800E00DE001F01AF935
:10B58000002806D1364801F043F985F82480FFF7FA
:10B590008BFE06B0BDE8F087F17995F82F20914237
:10B5A000F7D0B0F8B002C006F3D5142226A1684641
:10B5B000F5F7A2F930883379727940EA0301114333
:10B5C00032D02649113101EB103424788DF8044033
:10B5D000C0F303240C5D8DF80540C0F3031400F0A4
:10B5E0000F000C5D8DF80640085C8DF8070001EB3C
:10B5F000131000788DF80A0003F00F00085C8DF836
:10B600000B0001EB121000788DF80E0002F00F0015
:10B61000085C8DF80F006946114801F0CBF800284E
:10B62000B7D10F4801F0F4F8F07985F82F00B0E7B2
:10B6300080000020B0020020A8EC042068EB042069
:10B64000A0E10420F0CE04204552522030303030AA
:10B65000204630302044303000000000B83F04085D
:10B66000F09E042010B50C4600F012F8EFF31082A3
:10B6700000280AD072B605498B790CB1034300E06B
:10B6800083438B71002A00D162B610BDA0E1042073
:10B69000401E072803D801218140C8B2704700200E
:10B6A000704770B50D0006464FF000044FF0B6012C
:10B6B00000D1641E7E2017F0C5F90F2016F05CFC47
:10B6C0001CB92946304600F01DF8204670BD10B563
:10B6D0000A2016F051FC11217E2017F0B3F9322018
:10B6E00016F04AFC15217E2017F0ACF9642016F004
:10B6F00043FC19217E2017F0A5F90A2016F03CFC26
:10B70000002010BD0222CA750920487515230B754B
:10B7100000238B75CA734873102008730320887345
:10B720004868886048698861C86808611846704739
:10B7300010B586B0044618216846F5F739F9172286
:10B740006946042016F020FFBDF80000BDF8021085
:10B7500000B200EE100ABDF8042009B2F8EEC00AEB
:10B760009FED2F0A12B260EE800AC4ED120A00EEBD
:10B77000901AF8EEE00A60EE800AC4ED130A00EEBB
:10B78000902AF8EEE00A20EE800A84ED140ABDF853
:10B79000080094ED0F0A01B200EE901ABDF80A00FD
:10B7A000BDF80C20F8EEE00A00B212B260EE200AFA
:10B7B000C4ED1A0A00EE900AF8EEE00A60EE200AE4
:10B7C000C4ED1B0A00EE902AF8EEE00A20EE200AF3
:10B7D00084ED1C0ABDF80E0094ED0E0A00B200EED6
:10B7E000900ABDF81010BDF81220F8EEE00A09B278
:10B7F00012B2002060EE200AC4ED160A00EE901A84
:10B80000F8EEE00A60EE200AC4ED170A00EE902A76
:10B81000F8EEE00A20EE200A84ED180A06B010BD0A
:10B820009A99993E2DE9FF410DF12808044698E8C0
:10B83000E10084F82A7004F11408656288E80E00BB
:10B84000208400272685B620A7858DF80C003D466C
:10B850004FF064080126204600F054FA00F0C4F9C5
:10B8600003A98DE8420101237E22D021606909F0FD
:10B87000B3FE60B1681C042803D3012004B0BDE806
:10B88000F0810A2016F078FB6D1C042DE3D32763AA
:10B890009FED160A682084ED0E0A9FED150A84EDCF
:10B8A0000F0A84F8400094F82A0038B10128204695
:10B8B00011D000F02CF9A7850020DFE72046FFF724
:10B8C00006FF204600F016F8204600F053F8204608
:10B8D00000F0B4F804E000F08DF8204600F00AF81B
:10B8E0002046FFF725FFA685E6E70000B3CC1C3A0B
:10B8F000F8C1F93B10B5044690F82A0058B18821E8
:10B9000041F02001402017F09DF80221204600F070
:10B9100005F8002010BD0921F2E7000010B59FEDE9
:10B92000110A29B1012907D002290FD0032913D008
:10B9300080ED0E0A032104E09FED0B0A052180ED46
:10B940000E0A412017F07EF8002010BD9FED070A77
:10B95000082180ED0E0AF4E79FED050A0C2180ED29
:10B960000E0AEEE7E5FF1F3AE5FF9F3A1000203B85
:10B97000FAFF9F3B10B504462921422017F062F8D8
:10B980000021204600F002F8002010BD10B59FED08
:10B99000140A052920D2DFE801F019130D1F030056
:10B9A0009FED100A042180ED0F0A432017F04AF89A
:10B9B000002010BD9FED0C0A022180ED0F0AF4E774
:10B9C0009FED0A0A012180ED0F0AEEE79FED080ABC
:10B9D000002180ED0F0AE8E780ED0F0A0321E4E77C
:10B9E000F8C1F93BF8C1793B8DC1793C8DC1F93C77
:10B9F0008DC1793D10B5044600F059F8642016F069
:10BA0000BBFA204600F01AF8642016F0B5FA1221AD
:10BA10007E2017F017F8642016F0AEFA17217E206A
:10BA200017F010F8642016F0A7FA1B217E2017F0FB
:10BA300009F8642016F0A0FA002010BD10B580218E
:10BA40004C2016F0FFFF322016F096FA01214F200D
:10BA500016F0F8FF4B214E2016F0F4FF04214F2082
:10BA600016F0F0FF51214E2016F0ECFF0E214F2072
:10BA700016F0E8FF52214E2016F0E4FF02214F207D
:10BA800016F0E0FF4C214E2016F0DCFF42214D2045
:10BA900016F0D8FF0821442016F0D4FF03214C20D3
:10BAA00016F0D0FF322016F067FA002010BD10B556
:10BAB000416CFFF7F6FD40B2002800D0012010BD18
:10BAC0007CB504000AD049B1606938B1A3692BB1D3
:10BAD000856B9D4202D1A38D012B02D04FF0FF3028
:10BAE0007CBD94F82A306BB106220E31CDE90012EC
:10BAF00001231222D02109F089FC0028F0D1022173
:10BB0000A1857CBDCDE9001201230422F2E710B526
:10BB1000FFF7CDFF642016F02FFA002010BD0000C3
:10BB20002DE9F0412D4DA87E10B9687E002819D06E
:10BB3000A87E0026E0B109F069F8284F0446803756
:10BB40007868201A0ED4AE7600F062F84FF0010843
:10BB500050B1012203210520FFF722FC64347C60F0
:10BB600085F81A80BDE8F081EE762E7785F8198089
:10BB7000687E0028F6D06E761948808D012802D0A4
:10BB800002281AD005E0142216491548FFF798FF3D
:10BB900080B1E87EFF2802D2E87E401CE876E87E8D
:10BBA000052802D8287F0528DCD9287F05280BD94D
:10BBB00005210AE0EE762E77D4E7287FFF28EED223
:10BBC000287F401C2877EAE7032101220520FFF7A0
:10BBD000E7FBBDE8F04100F0E3B800000000002002
:10BBE000647704203CEB042010B5074809F063F8A3
:10BBF0000648016841F400110160016821F4001158
:10BC0000016012F0F7FE10BD78A500202038024038
:10BC10002DE9F047364D3749344C28684FF0FF394D
:10BC2000884253D1344E354F3168B9424ED14168C4
:10BC300021F4E06141602868416821F4C05141600D
:10BC40001F2009F060FE202009F05DFE102009F0A1
:10BC50005AFEDFF8A880A8F18808D8F8880020F0FC
:10BC60001E00C8F88800D8F89C0020F08000C8F8B2
:10BC70009C00D8F8880020F00100C8F8880000E097
:10BC800000BFD8F88800C00701D0641EF8D24FF476
:10BC90007460C8F80C00102009F028FE1F2009F07D
:10BCA00025FE202009F022FED8F88800C0070DD11B
:10BCB0000F4809F000F848B90D4809F0BDF928B956
:10BCC000A86BB04202D13068B84202D04846BDE805
:10BCD000F087102009F00AFE102009F025FE084820
:10BCE0000121C0E9055681850020F0E7A08601000A
:10BCF00078A500200054004034AA0020886002404B
:10BD00006477042010B50446018D86B0406A012294
:10BD100008F077FF14216846F4F74AFE208D218C45
:10BD20000843009001200190029002200390694690
:10BD3000606A08F079FE218C0022E06908F061FF5A
:10BD4000218D0022606A08F05CFF012008F01AFDD6
:10BD5000218D0122606A08F054FF012008F012FDD5
:10BD6000218D0022606A08F04CFF012008F00AFDD6
:10BD7000218D0122606A08F044FF012008F002FDD5
:10BD8000218C0122E06908F03CFF012008F0FAFC58
:10BD9000002001906946606A08F046FE06B010BDBA
:10BDA000034900208885034948760120887670473A
:10BDB00064770420000000200248016841F020015F
:10BDC00001607047003C01401248406B08B940F2E6
:10BDD000E240114991F82A1049B1012909D0002106
:10BDE0000E4A002339B1814207D313800DE0C821E8
:10BDF000F6E76421F4E7138009E01388194489B257
:10BE00001180814203D3081A10800120704700205E
:10BE100070470000A8EC042064770420887B04208D
:10BE200010B504460020A0852046FFF770FE60692B
:10BE300008F05AFF2046BDE81040FFF763BF10B579
:10BE4000044641F61810211801F58051D1F8E40894
:10BE5000C1F8E808204600F008F904F54054D4F889
:10BE6000380220F40070C4F8380210BD01460020EA
:10BE700089293ED058DC33297DD02CDC152915D0FA
:10BE800015DC112971D00BDC40F2012201296ED0A2
:10BE900002296CD003296AD0102900D13D207047B7
:10BEA00012296ED0132937D01429F8D171E0232933
:10BEB00008D009DC18297DD020295AD0212958D052
:10BEC0002229ECD11D20704730296DD031296BD04B
:10BED0003229F8D16AE060295DD012DC412963D0B3
:10BEE00008DC342949D0352949D037294AD040299E
:10BEF000E9D159E042294ED043294CD05129E2D111
:10BF000052E0832947D008DC61294FD080294BD0EB
:10BF100081294BD08229D6D14AE0842948D085296D
:10BF200029D08629CFD132E08A393329CBD2DFE834
:10BF300001F02E1A2C2E32413B3B3B323D32303247
:10BF4000323B1A321A3B324132321A1A1A1A1A1A70
:10BF50001A1A1A3232343B1A1A1A1A1A3638413B54
:10BF60003D3F41434100AEE705E014E0FFE71046E6
:10BF700070471520704721207047222070470A2003
:10BF8000704717E040F20A20FAE71120F8E719207D
:10BF9000F6E70620F4E70220F2E78920F0E78420A4
:10BFA000EEE740F20D20EBE70120E9E70320E7E7A9
:10BFB0000420E5E70520E3E740F20720E0E770B55D
:10BFC000040028D0002926D00868002823D0EFF3E9
:10BFD000108572B604F54050C0F834120968C0F8F4
:10BFE00030120021C0F8381280F8901241F6181073
:10BFF0002044FAF745FB2046FAF742FB41F61A10B7
:10C00000211843F248204FF4C052204415F060FE3E
:10C01000002D00D162B670BDB0B13E2914D100F53B
:10C02000805090F8EC1879B1D0F8E01861B1D0F8F0
:10C03000E8281D2A08D1D0F8E408192804D1087886
:10C04000222803D0232801D0002070470120704708
:10C050000249884201D1F7F70BBA7047F09E0420DD
:10C0600041F618131844FAF7EDB841F618110844D0
:10C07000FAF7C8B941F618121044FAF7AFBA00003F
:10C080002DE9F84341F6181100F540548046461852
:10C09000D4F830024FF0FF35C16889066CD50168CD
:10C0A000890669D5016800914068C7B239464046A3
:10C0B00000F0AFF810B1354901200870D4F838020B
:10C0C000800557D541F6EC00805DA0B93846FFF7F2
:10C0D000CDFE00280CDD3846FFF7C8FE01466A4653
:10C0E0003046FAF7EFF930B13046FAF792FA26E027
:10C0F0003046FAF78EFA3046FAF798FA002814DD3F
:10C1000039463046FFF788FF18B14046FFF797FEE3
:10C1100009E039464046FFF7ADFF401C2CD13046C0
:10C12000FAF777FA1BE0002526E03E2F0ED03046C6
:10C13000FAF76FFAD4F88C02401CC4F88C02D4F8D9
:10C14000380220F40070C4F8380215E04046FFF7CA
:10C150008CFF48B1D4F88C02401CC4F88C02D4F88F
:10C16000380220F400700EE0D4F88802401CC4F8B5
:10C170008802F4E73C2F02D02846BDE8F883D4F8C3
:10C18000380240F40070C4F83802CCE790790420FB
:10C1900070B50D46040034D0FFF75AFF29462046FB
:10C1A00000F037F810B118490120087043F2482018
:10C1B000221850689368916BCD549168491C916026
:10C1C0009168814202D39168081A9060906A0125B3
:10C1D000D16A401C41F100019062D162002102EB62
:10C1E0008103183353E8000F284443E80006002E6B
:10C1F000F8D1491C0329F2DB204600F007F80020A3
:10C2000070BD4FF0FF3070BD90790420082005F01C
:10C210008DB810B5002818D043F29022104402784F
:10C2200001243AB10023012A07D0022A0ED0032AA2
:10C2300009D110E03C2913D006E0AB2901D102213D
:10C2400007E03C290CD00370002010BDBA29F8D1BA
:10C2500003210170F8E73E29F3D10370012010BDDE
:10C260000470F1E72DE9F04107001DD007F54054B7
:10C27000D4F83002C0B1EFF3108672B6D4F834129D
:10C28000E9B18D6BDDB12968C9B1416921F0800147
:10C2900041612868016821F010010160286800F000
:10C2A0008FF848B126B104E04FF0FF30BDE8F081CF
:10C2B00062B66FF00100F9E7284600F015F8D4F8EF
:10C2C0003002C16821F08001C160D4F8380205490C
:10C2D0000840C4F838023846FAF7D2F906B962B60F
:10C2E0000020E3E7DDBFFEFF10B5002823D0016882
:10C2F000002920D0816D00291DD090F85C303D22AE
:10C300009A408A6000680C49884201D10F200CE0F5
:10C310000A49884201D1452007E00849183188427E
:10C3200001D1462001E04FF0FF30002801DB09F089
:10C33000DDFABFF34F8F10BD70600240A064024071
:10C340002DE9FC4106004FF0FF3736D006F540548A
:10C35000D4F83802400430D5D4F8380280062CD402
:10C36000D4F8340258B1856B4DB1286838B14168B2
:10C3700019BB00F025F800BB2846FFF7B5FFD4F83D
:10C38000380220F48040C4F8380201AA69463046D9
:10C39000F9F758FF0028304602D000F001FC0CE00D
:10C3A00000F036FA48B1D4F83802C00302D430465F
:10C3B00000F0F6FB0020BDE8FC813846FBE70000FA
:10C3C00009494FF0FF3330B1026822F001020260E8
:10C3D00004E0491E01D21846704700BF0268D20728
:10C3E000F7D1002070470000A08601002DE9F04140
:10C3F0000D465FEA00084FF0FF3659D008F540546B
:10C40000D4F83002002853D0F5B32868E0B3EFF336
:10C41000108772B6D4F8382244F22001914345D1F6
:10C420000168C90742D1406878BB404600F0B0F8C7
:10C4300058B3404600F0DDF838B3D4F83002C16894
:10C4400021F08001C1602868FFF7BAFFE8B92868C9
:10C45000016821F010010160D4F83002416921F037
:10C4600080014161284604F50C74FFF73DFF40460A
:10C47000F9F765FFA06820F48040A060A0680E492D
:10C480000843A060404601E012E00FE000F0B8F978
:10C490002068C16842F20C021143C1602068C16883
:10C4A00041F08001C160BFF34F8F002607B962B62B
:10C4B0003046BDE8F0810000220001002DE9F04186
:10C4C00005004FF0FF3638D005F54051D1F8340261
:10C4D00060B3846B54B3206840B3A26D32B310686C
:10C4E00094F85C304FF0200C0CFA03FC0D279F40B1
:10C4F0004FF03D0E0EFA03FE00EA0E039360384241
:10C5000015D0D1F8380240F02000C1F83802206878
:10C51000FFF756FF2046FFF7E7FE2068406828B97E
:10C5200021462846FFF762FF002807D005E010EA01
:10C530000C0F02D02068406810B13046BDE8F08191
:10C540002846BDE8F041FFF7FBBE10B54FF0FF31C4
:10C55000D8B1EFF3108472B600F54052D2F83832F9
:10C560005B0410D5D2F838329B060CD4D2F83412C2
:10C5700031B1896B21B1096811B1FFF79FFF01E06B
:10C58000FFF7DEFE014604B962B6084610BD0000A2
:10C590000349884201D10120704700207047000004
:10C5A000F09E0420F9F78CBEF8B515460E4607003C
:10C5B0004FF0FF3407D036B1002D04DD6A4629461E
:10C5C000F9F780FF08B12046F8BD2A4631460098A9
:10C5D000F4F70BF93846F9F715FF0028384602D072
:10C5E000FAF717F8EFE700F002F80020F8BD00F0C6
:10C5F0000FB91CB500210091019118B301AA694639
:10C60000FAF71CF8F0B90098E0B1019904290BD3AE
:10C610000278AD2A08D1421812F8023CDA2B03D175
:10C6200012F8012CDA2A0FD005290BD101785A29EA
:10C6300008D141785A2905D1C178A52902D10079BC
:10C64000A52801D000201CBD01201CBDF8B50600A6
:10C650004FF0FF3029D006F54054D4F830120029AD
:10C6600023D0EFF3108572B6CA6812061AD509688E
:10C67000090617D53046F9F7FEFF002816DD694692
:10C680003046FFF78FFF88B9D4F8300201680906F9
:10C69000FCD59DF8001041603046F9F7ECFF00280A
:10C6A00004DD0020002D00D162B6F8BDD4F83002C0
:10C6B000C16821F08001C160D4F83802C003F0D411
:10C6C000D4F8380220F00200C4F83802E9E700008C
:10C6D0002DE9F04106004FF0FF3566D006F54054D5
:10C6E000D4F83002002860D0EFF3108772B6D4F887
:10C6F0003802C00301D4002543E03046F9F7BBFF00
:10C700006FF0010800281CDDD4F83002416921F0E7
:10C7100080014161D4F8380240F00200C4F83802C8
:10C72000D4F83002C16842F20C021143C160D4F85F
:10C730003002C16841F08001C1603046FFF786FFDA
:10C740000FE006F5805696F8FC08D0B9D4F8300210
:10C75000C16821F08001C160D4F830020168490647
:10C7600001D445460DE0416921F080014161D4F8D2
:10C77000340280B1866B76B1306860B1FFF720FE7D
:10C7800008B18FB111E03068016821F0100101603B
:10C790003046FFF7A9FDD4F8380205490840C4F82F
:10C7A0003802BFF34F8FA6E762B62846BDE8F08196
:10C7B000DDBFFEFF30B589B00C4605462421684632
:10C7C000F4F7F6F8AD208DF8000085208DF8010013
:10C7D0002046F3F7EBFF202800DD2020024621460B
:10C7E0000DF10200F4F701F8DA208DF822008DF83F
:10C7F0002300242269462846FFF7D6FE09B030BD43
:10C800000249884201D1F6F733BE7047F09E0420FA
:10C810002DE9FC4106004FF0FF385CD006F540548E
:10C82000D4F83002002856D0D4F838126FF001073F
:10C83000C90315D5416921F080014161D4F838025E
:10C8400040F00200C4F838023046F9F714FF00281F
:10C8500066DDD4F83002C16841F08001C1605FE05C
:10C86000D4F8380240044BD43046F9F704FF0028CE
:10C8700031DD01AA69463046F9F7E0FE3046FFF7A0
:10C88000BFFFD4F8340238B3876B2FB33D681DB3B4
:10C89000D4F83002416921F0800141612846FFF758
:10C8A0008FFD00286CD13846FFF71EFD0098E86028
:10C8B00001986860286840F010002860D4F83802B9
:10C8C00040F48040C4F8380248E0D4F8380240F020
:10C8D0002000C4F8380253E0D4F8380240F00200D7
:10C8E000C4F83802D4F83002C16842F20C02114395
:10C8F000C160D4F83002C16841F08001C1603DE000
:10C90000D4F8340260B1806B50B1056845B16868F5
:10C9100018B12868C00706D002E03046FFF715FEC0
:10C920003846BDE8FC810020009001906F6801AAA4
:10C9300069463046F9F782FE10BB019887421FD83E
:10C94000D4F83402806BFFF7CFFC01980099C01B2C
:10C950000844E860286840F010002860D4F83802E5
:10C9600020F02000C4F83802304600F03DF9286875
:10C97000C007AAD0D4F838028006A6D40020D0E799
:10C980004046CEE710B500F54051D1F83422136887
:10C990005C69240604D40AE0936B1B685B681BB1D6
:10C9A000D1F838325B04F7D400F0FAF81AE05B698A
:10C9B0001B0605D4B0B13AB1926B2AB112681AB114
:10C9C000BDE8104000F010B8D1F8300250B1C26894
:10C9D00022F08002C260D1F8380244F20202904391
:10C9E000C1F83802002010BD70B502002CD002F54D
:10C9F000405444F20205D4F83402B8B1816BA9B1B5
:10CA0000096899B103685B691B0602D409E04868AC
:10CA100018B1D4F838024004F9D4104600F0C0F838
:10CA200010E00BF04AF9D4F8300202E0D4F83002FA
:10CA300050B1C16821F08001C160D4F83802A84328
:10CA4000C4F83802002070BD4FF0FF3070BD000008
:10CA50002DE9F05F00F540558246D5F834020068B4
:10CA6000C16842F20800884303D04FF0FF30BDE8B0
:10CA7000F09F08F0CBF807465FEA0A0673D0D5F8B6
:10CA8000340200286FD0806B00286CD0006800282A
:10CA900069D04FF6FF7900240AF5805B1AE0D5F8DB
:10CAA0003402806BD0F800805046FFF7B1FED5F815
:10CAB0003802C00318D55046FFF70AFE0024401C78
:10CAC00001D1C01ED3E708F0A1F8C01BB0F5FA6F82
:10CAD00043D800BFDBF80C090028E0D1D5F83802B4
:10CAE000C003DCD40020C2E7D5F83802800705D5A2
:10CAF000D5F8340200684069000602D4504600F0C0
:10CB00003DF8D5F8380240041AD5D8F804000604D8
:10CB1000D8F80000360CC0F3000802D15046FFF7E9
:10CB200014FDB8F1000F01D04E4501D1641C00E0A6
:10CB300000241148B1468442C5D9504600F01EF881
:10CB40000024C0E75046FFF763FE5046FFF77EFD26
:10CB500008F05CF8C01BA04203D96FF0010086E723
:10CB600001E000BF03E04FF4FA640AF58056D6F8FE
:10CB70000C090028E6D17AE7400D030010B5044601
:10CB800000F051F82046BDE81040FFF741BE00001C
:10CB90000249087800220A7070470000907904204A
:10CBA00000F54052D2F8381244F202039943C2F819
:10CBB0003812002817D0D2F83402002813D0806B26
:10CBC000002810D0016800290DD0D2F830020A6880
:10CBD00022F010020A600A6822F001020A6041692C
:10CBE00021F080014161704700F54051D1F83822B1
:10CBF00042F00202C1F83822002813D0D1F83402E2
:10CC000000280FD0806B00280CD00068002809D0C5
:10CC1000D1F83012026842F001020260486940F027
:10CC2000800048617047002821D000F54050D0F8BE
:10CC3000341200291BD0896B002918D00A68002AF9
:10CC400015D0D0F83002C168890402D50168090600
:10CC5000FCD5011D9160C16821F40051C16041699A
:10CC600041F080014161C16841F40051C1607047E9
:10CC70002DE9F74FD2F8845081B0CE4ACE4902F167
:10CC80006C0602F1D80702F5A27902F5D87C02F50C
:10CC9000227302F5587A02F5077B02F5737E02F2E1
:10CCA0002C74222D12D2DFE805F011213242536597
:10CCB000748698A9B1C0111111111111111111111E
:10CCC0001111CFE0F8F6F5F4F3F2F1F00092B94A61
:10CCD00003234832A2F1240106F068FAB74803237F
:10CCE00000F1480200F1240100905EE1B14A032303
:10CCF000B432A2F12401009606F058FAAF486C3025
:10CD0000032300F1480200F1240100904DE1AC4AF8
:10CD10000323A2F12401009706F048FAA748D8306F
:10CD2000032300F1480200F1240100903DE1A44AF0
:10CD300003236C32A2F12401CDF8009006F036FAFC
:10CD4000A048032300F1480200F1240100902CE1E7
:10CD50009B4A0323D832A2F12401CDF800C006F08B
:10CD600025FA98486C30032300F1480200F12401B1
:10CD700000901AE1944A00930323A2F1240106F0E3
:10CD800015FA9248032300F1480200F124010090B3
:10CD90000BE18A4A0323903AA2F12401CDF800A0C6
:10CDA00006F004FA8948D830032300F1480200F164
:10CDB00024010090F9E0844A03236C3AA2F1240193
:10CDC000CDF800B006F0F2F980486C38032300F18A
:10CDD000480200F124010090E7E0784A0323243A56
:10CDE000A2F12401CDF800E006F0E0F97848032331
:10CDF00000F1480200F124010090D6E072490323BB
:10CE0000243101F14802009124311AE00B882BB142
:10CE10000A1D009201F58272443112E06C4A03232C
:10CE2000903AA2F124010094BFE0B1F8C431002B84
:10CE3000F4D0614901F5E472009201F5327201F516
:10CE4000027106F0B3F9E9E700925A4A0323483227
:10CE5000A2F1240106F0AAF95D486C30072300F125
:10CE6000A80200F1540100909FE0554A03236C3A58
:10CE7000A2F12401009606F099F95648072300F123
:10CE8000A80200F1540100908FE07DE06AE057E0D5
:10CE900045E035E022E010E0FFE7494A0323A2F134
:10CEA0002401009706F082F94A48FC30072300F17C
:10CEB000A80200F15401009077E0414A03236C324C
:10CEC000A2F12401CDF8009006F070F94248052344
:10CED00000F1780200F13C01009066E0384A03233B
:10CEE000D832A2F12401CDF800C006F05FF93A482B
:10CEF000B430032300F1480200F12401009054E013
:10CF0000314A00930323A2F1240106F04FF933487C
:10CF1000032300F1480200F12401009045E0274A74
:10CF20000323903AA2F12401CDF800A006F03EF9C7
:10CF30002B48032300F1480200F12401009034E063
:10CF4000214A03236C3AA2F12401CDF800B006F087
:10CF50002DF92248B438052300F1780200F13C0194
:10CF6000009022E0154A0323243AA2F12401CDF8CF
:10CF700000E006F01BF91A486C30032300F1480268
:10CF800000F12401009010E00F490323243101F146
:10CF900048020091243106F009F910486C3005234D
:10CFA00000F1780200F13C010090029806F0FEF8D2
:10CFB000BDE8FF8FCC410408A8F90420044604080A
:10CFC000EC420408484704089C4404088C480408C0
:10CFD000D0490408384B0408304D0408044F0408B5
:10CFE000245004082DE9F84314464FF0FF3841B1AE
:10CFF0003CB18C4205D24FF48032914201D294422E
:10D0000002D34046BDE8F8832C4A136843F400730A
:10D010001360136823F400731360294A40F008007A
:10D020001060274E0025103E3560301F0560001F40
:10D030000560234F7F201C3F386001203060009541
:10D0400000BF0098401C00908028F9D31C48083885
:10D0500001601020FEF7F0F840B310203860184847
:10D060000C3804600820FEF7E7F8F8B10B203860B0
:10D07000144C206820F001002060124F24373D60DE
:10D08000104810300560206840F0010020603068D2
:10D0900040F0020030600220FEF7CEF840B1386860
:10D0A000216821F0010121603560ABE73560A8E718
:10D0B000206820F001002060F8E7000020380240DE
:10D0C00020240040000C00402DE9F04FABB034218B
:10D0D00016A8F3F76DFC58216846F3F769FC674C16
:10D0E0000120E0630025A562801EE06220682063C5
:10D0F0006348006880070AD4082016900120CDE913
:10D100001B0516A808F0D0FF08B102209AE008F02D
:10D1100079FF5B496C39096811F4E05F00D0400089
:10D120008046A246A0625FEA08001BD05448203027
:10D130000068534C00F04040343C2990206800F0D7
:10D1400008002890206800F400702790A014009038
:10D15000C0041190684608F07BFC28B10421CAF88D
:10D160003C1076E00321FAE74548AB4634380168C5
:10D1700041F400710160016801F4007123910168BC
:10D1800041F008010160006800F0080023903D486C
:10D19000D0F80090FDF7C6FE4FF4006024904010D8
:10D1A000042700252E462C462390DDE923214846FE
:10D1B000FFF718FF411C23D02D1846EB0B06641C0B
:10D1C000BC42F2D3780840194BEB06013A460023E3
:10D1D000F3F734F902465446CAF82C20294910398D
:10D1E000C1F800B02749C1F80090254820300168F7
:10D1F000299B21F0404119430160289818B108E0AB
:10D200004FF0FF32E7E71E483438016821F008018B
:10D210000160279828B91A483438016821F4007150
:10D220000160501C13D04FEA98514FEA8820002328
:10D2300002F0DCFBA0F59C41203947F231529142CB
:10D240000AD30620E06320682BB0BDE8F08F0520EC
:10D25000E063DAF80000F7E7084A0121803A20602D
:10D26000D17526AA25A901F0B9FF20682063259968
:10D2700061632699A1630721E163E5E7800000204F
:10D2800074380240202400400021C20700D0102141
:10D29000820701D541F02001420701D541F040014C
:10D2A000020701D541F08001C20601D541F4807129
:10D2B000800601D541F40071024830F8442F0A433A
:10D2C00002807047000000207FB52B480068F3F70C
:10D2D00023FA2A4A0020694600EBC00302EB8303CD
:10D2E000D3F89C3041F82030401C0428F4DB24485B
:10D2F00000F036FD00283DD1224C6069850AAD0260
:10D300004FF48050854200D205466E0832461E48D2
:10D31000616814F0DDFC6068324600EB55011A4884
:10D32000403014F0D5FC1948A269A16814F0D0FC73
:10D330001748E269E16814F0CBFC206A420A520205
:10D34000202A00D2024610482169C03014F0C0FCE7
:10D3500010494FF4006201F6BC0014F0B9FC0A4910
:10D3600010223C3901F59E7014F0B2FC0448F4F729
:10D37000A3FE002004B070BD28280040B0020020A9
:10D3800080B400208074042068EB0420C03D00209D
:10D39000203D00202CE304202DE9F0471D46089E87
:10D3A00017468946040046D0002D44D0002E42D0B6
:10D3B00033462A4600F038FC012F3CD9606800282B
:10D3C00039D02868B0FBF7F107FB1100002832D0F4
:10D3D000391A3068884204D84946204600F09AF845
:10D3E00021E06768204604EB8902D3680B44BB4206
:10D3F00003D3B3FBF7F808FB1733D360B9F1000F81
:10D4000009D1D0F830C0436B1CEB010C43F1000391
:10D41000C0F830C04363183252E8000F401A42E8A7
:10D420000003002BF8D133462A4649462046BDE882
:10D43000F04700F0F9BBBDE8F08700002DE9F84F98
:10D440001C46DDF82880174689464FF0FF3AA0B108
:10D45000B9F1000F11D04168C56880290DD3480685
:10D460000BD1680609D105F18000884205D86A46CB
:10D470008C211748F9F726F810B15046BDE8F88F0F
:10D48000009EAD2009EB050130707070B770380A4E
:10D49000F0703471200A7071200CB071200EF071A0
:10D4A00086F808804FEA182070720A3680223046CB
:10D4B000F3F79BF9DA2006F8800F70700448F8F74C
:10D4C000A1FF0028DAD00248F9F7A3F8D5E7000059
:10D4D000F09E042010B5002819D0EFF3108472B626
:10D4E00081684268A2B1914203D3B1FBF2F302FB1F
:10D4F000131111F07F0305D0C3F180031944914249
:10D5000000D3891A14F0F4FC002C00D162B610BDCF
:10D510000021F7E710B5002809D0032907D2EFF35F
:10D52000108472B614F008FD002C00D162B610BD54
:10D530002DE9F04F85B0FE48F7F7F0FAFD48FD4DB4
:10D54000FD4E807C803500287ED007F05FFB0446CE
:10D55000A86C08B1201A03D401F0D8F86434AC6484
:10D56000F648B0F8B002C0062DD5D6F8DC0210F0AF
:10D57000020F28D0D6F8F402696C884223D0D6F87E
:10D58000000303F0DFFEADF81000ED48AD21C069E7
:10D590008DF80010AF218DF80110EA49496CCDF8E3
:10D5A00002100290DA20BDF810108DF80C00ADF8D2
:10D5B00006108DF80D000E226946E348F8F70DFFBE
:10D5C000D6F8F4026864DC48D0F8DC02DF4D10F0D5
:10D5D000020F4FF0000674D005F1A800D0F8181122
:10D5E000090670D400F01EFAA5F1180000F032FB15
:10D5F0000028F0D0A5F198042068400561D404F11A
:10D6000080008069B0F5006F20D904F180014FF4EB
:10D6100080634A68C86800F58060904203D3B0FB1D
:10D62000F2F707FB1200C860086B4F6B4FF4806283
:10D63000821847F100000A63486355E8000FC01ADA
:10D6400045E80002002A00E018E0F6D1206840F426
:10D6500080602060B848D0F8000303F073FE02B287
:10D66000B748B44FBA494237C3693888009001F6C9
:10D67000BC00FFF7E3FE002871D102E04FF0FF305D
:10D68000A0E73E80B048FFF7C3F8B04918398023BF
:10D690004A68C8688030904203D3B0FBF2F606FBBC
:10D6A0001200C860086B4A6B803042F100020863C8
:10D6B0004A6355E8000FC01A45E80002002AF8D175
:10D6C00022E1F5E0FFE7A148A830D0F81801402496
:10D6D00000F07F00039000200190029001A80090CC
:10D6E0009A4802AB202201212830FFF755FE01980D
:10D6F00080287DD34038B0FBF4FE944E2836706805
:10D70000B0FBF4F1AEEB010006F11C010091002822
:10D7100028DDDC390968490524D432468301516883
:10D7200010691844884203D3B0FBF1F707FB1100DE
:10D730001061009850E8001FC91A40E80012002A42
:10D74000F8D1824801AB02AA0121283000F06CFA1E
:10D750000198A04204D3001BB0FBF4F001E0E5E027
:10D76000002086467948029A283040684FEA500BDC
:10D77000002041E00023039803EB52010844584580
:10D7800001D3A0EB0B0071492831896B31F81010DF
:10D790006E4818388768866BF1538168891C8160F0
:10D7A00081684668761E31408160816A4FF0020AC6
:10D7B000C66A891C46F100068162C662002100EB40
:10D7C0008106D446183656E8007F674446E800785C
:10D7D000B8F1000FF7D1491C0329F0DB5B1CCAD05C
:10D7E0005A48224428304168914203D8406800E0FA
:10D7F0001BE0121A09F1010081467045BAD3534962
:10D8000004FB0EF428314A6808692044904203D38F
:10D81000B0FBF2F303FB12000861009850E8001F10
:10D82000091B40E80012002AF8D14848183800F0D7
:10D8300011FAE8B3454C983C2068400568D404F1DF
:10D8400080008069B0F5006F1ED904F180014FF4AB
:10D8500080634A68C86800F58060904203D3B0FBDB
:10D86000F2F606FB1200C860086B4A6B4FF4806644
:10D87000801942F1000208634A6355E8000FC01A9C
:10D8800045E80002002AF8D1206840F4806020605A
:10D890002E48A830D0F8180100F07F00072826484D
:10D8A000D0F800037CD203F04DFD02B2244800E022
:10D8B0002EE0204EC369423625493088009001F69B
:10D8C000BC00FFF7BBFD88BB002030801E48FEF780
:10D8D0009FFF1E49183980234A68C86880309042EB
:10D8E00003D3B0FBF2F606FB1200C8600A6B486B6C
:10D8F000803240F100000A63486355E8000FC01A07
:10D9000045E80002002AF8D1206820F480602060F9
:10D910000E489838016849053ED50E490968002926
:10D920003AD10C49091F0968C90715E046E0000013
:10D93000A07B042000000020A8F40420F0CE0420E6
:10D94000B002002058F70420F09E042000EC0420D0
:10D950002CE30420BC6402401ED0016821F48061E5
:10D96000016000F1800180234A68C86880309042DD
:10D9700003D3B0FBF2F404FB1200C860086B4A6BDF
:10D98000803042F1000208634A6355E8000FC01A74
:10D9900045E800010029F8D105B0BDE8F08FFFE7A8
:10D9A00003F0D0FC02B21A481A4E1B49C3693088F2
:10D9B000009001F6BC00FFF741FD38B11748FFF7B2
:10D9C00089FD206820F480602060E5E70020308039
:10D9D0001348FEF71DFF114980234A68C86880304C
:10D9E000904203D3B0FBF2F606FB1200C860086B4E
:10D9F0004A6B8026861942F100000E63486355E8A1
:10DA0000000FC01A45E80002002AF8D17CE70000A8
:10DA1000B0020020420000202CE30420E8EB0420A8
:10DA2000F09E04202DE9F05F7B48D0F81811DFF854
:10DA3000EC8101F07F050023402D1FD2A0F5A071DD
:10DA40008A6BDAB1A0F58072926BBAB190F841217D
:10DA5000A2B190F84101840110D0C869A0420FD34F
:10DA6000EFF3108772B68B46886A0A46C96AD2F805
:10DA700008A0566807B962B6A64203D288F83530C6
:10DA8000BDE8F09FDFF8949198F8352009F18009FE
:10DA900009F1800C6AB198F83420954209D1D9F87F
:10DAA0006420A24205D1DCE90827821A71EB070243
:10DAB0000AD288F83450C9F86440CCE90801012240
:10DAC000CCE9060188F83520CCE90801DCE90672CA
:10DAD0009146B0EB070871EB0202D1D3C01B984608
:10DAE00061EB090122460023F2F7A8FC401CA0FBD1
:10DAF000043C41F1000101FB04C100FB081148484E
:10DB0000DA1941EB0901C0E9062143482F460068B4
:10DB100028B1202F09D3203F4248806B07E03846C8
:10DB2000F9F732FF0746202DF6D2DBF838008046A1
:10DB30003C48403081694068891C814203D939489A
:10DB40004030FFF7C7FC504616B900210AE0A41B7D
:10DB5000B442FCD2A04202D3AAEB040102E0A4EB3F
:10DB60000A01711A700807EB5101814200D3091AAA
:10DB70002C4838F81110202D00F1400021D2836884
:10DB8000826BD1528168891C816081684268521E13
:10DB900011408160816A0224C26A891C42F100023C
:10DBA0008162C262002100EB8102183252E8003F1C
:10DBB000234442E80035002DF8D1491C0329F2DB4B
:10DBC00022E08368826B4900D1528168891C8160A0
:10DBD00081684268521E11408160816A0225C26AD2
:10DBE000891C42F100028162C262002100EB8102C5
:10DBF0002C46183252E8003F234442E80036002EFB
:10DC0000F8D1491C0329F1DBBDE8F05F054801218B
:10DC10004038FFF77FBC0000A8EC04200000002083
:10DC200000010020A8EB042010B5002811D0002A24
:10DC30000FD0002B0DD003290BD2EFF3108472B656
:10DC400000EB8100C168116080691860002C00D170
:10DC500062B610BD30B580B3416880292ED34168CB
:10DC600049062BD1C16842688A4227D911F07F0149
:10DC70001ED0C1F18003816999421FD34268C168F7
:10DC80001944914203D3B1FBF2F404FB1211C160B9
:10DC9000056B426BED1842F100020563426300F12F
:10DCA000180151E8002FD21A41E80024002CF8D1C5
:10DCB0008069802802D3012030BDFFE70020FBE708
:10DCC00070B586B014216846F2F772FE0E48002542
:10DCD000016841F00101016000680C4E00F0010094
:10DCE0004FF4807405902A462146304606F089FF9D
:10DCF00001200094CDE9010569463046039506F000
:10DD000093FE06B070BD00003038024000000240B3
:10DD100070B586B014216846F2F74AFE0E48002519
:10DD2000016841F00201016000680C4E00F0020041
:10DD30004FF4805405902A462146304606F061FF94
:10DD400001200094CDE9010569463046039506F0AF
:10DD50006BFE06B070BD0000303802400004024087
:10DD60002DE9F04F4FF4006689B0894604467700EC
:10DD70004FF4007BF3F7BEFDB0F5703F04D36FF0B6
:10DD8000020009B0BDE8F08F04F57035C0F57030C1
:10DD900028600020024604EB800101F57031401C30
:10DDA0004A604A610428F6DBD9F8040000B101207A
:10DDB00008B1614B00E0002300200DF1100C17E0CA
:10DDC000B0B1012816D031464CF82010401C042870
:10DDD000F6DB002108464B1E5CF8206066B11F315F
:10DDE00021F01F0131442E68B14205D91846C8E719
:10DDF0000497EBE71946E7E7401C0428ECDB2868AA
:10DE00009246401A002600920192029231460392F5
:10DE100001E0012905D059F8212012B19A4200D21F
:10DE20001346491C0429F4DB591CEE4614D000218A
:10DE3000A3F10108774601E001290AD059F8212011
:10DE40003AB14244B2FBF3F202B9012247F8212071
:10DE50001644491C0429EFDB00231A4604A951F893
:10DE600022C0BCF1000F5BD01F3323F01F036146BB
:10DE7000012A35D059F8227097B38EB35EF822701C
:10DE80005FEA07082CD008FB00F7B7FBF6F727F08E
:10DE90001F076744002A07D05946A1F1010127EA6C
:10DEA000010104D1254F03E04FF48061F5E7244FD1
:10DEB00001D16FF30907B94200D939460AB96FF3A6
:10DEC0000901594500D259468C4502D2A1EB0C07F5
:10DED00000E00027874200D90746C01BA6EB0806D2
:10DEE0002F6803EB010CBC4506D99F4201D9F91AF2
:10DEF00000E0002121F01F0191B104EB820704EB47
:10DF0000030C07F570370B44C7F804C07961521C45
:10DF1000042AA3DB286898420BD26FF0010030E797
:10DF200004EB820101F57031C1F804A0C1F814A01E
:10DF3000EDE7002025E7000000710200FCFF030070
:10DF4000FEFF010070B5224C606940B1E26932B158
:10DF5000016821B1116811B1A1690EF023FB1D48C0
:10DF6000F3F728FA1C48007928B11B48F8F7FAFEA5
:10DF70001948F8F7BFFC206A38B1016829B1618EF1
:10DF800009F032FE206A09F07FFB1448B0F89802CD
:10DF9000012801D110F050FE4FF48071104808F0B4
:10DFA000DDFA104D00246C7700F08CF8AC74012180
:10DFB0000D4801F0CBFA0DA11048FEF7FBFB0F480E
:10DFC000FEF726FC0E49012081F87D0070BD00009F
:10DFD00058E10420F83C0020603D00202836002055
:10DFE000CCA5002000000020A8EC042053594E438B
:10DFF0002054494D2045525200000000F09E04205C
:10E00000B002002070B590B028216846F2F7D0FC2D
:10E01000294D95F82000002819D00FA90AA801F071
:10E020009FF80AA90FA800F0BBFF04460E4623493B
:10E0300005F1880000F0B4FF4FF4FA62A21846F12F
:10E0400000030024101A8B41AC7702D3A01E10B03D
:10E0500070BDEC774FF480763146194808F07EFAAF
:10E0600008B16C7725E01548002201788DF8001082
:10E0700041788DF8011081788DF802104068019088
:10E080008DF8034003944FF070600494CDE905408F
:10E09000094807948830694680788DF82000084840
:10E0A000099608F083FB0028DBD102206877012065
:10E0B000E8770020CBE7000000000020ACE104205E
:10E0C000CCA500200548002180F820108177C17779
:10E0D000427F022A00D141777047000000000020F3
:10E0E000F0B585B0142214496846F2F705FC72B603
:10E0F0000024124E4FF400776D4655F824008168D5
:10E10000B04209D14268BA4206D301F2FF116FF35F
:10E110000801914200D3891A13F0EAFE641C052C11
:10E12000EBD30749002081F80E03A1F50C60FFF73F
:10E13000D1F962B605B0F0BDEC3F040828EC04202C
:10E14000A8F404200A4A10B592F820200B4662B1C8
:10E1500058B153B1064A80329168016014220549D2
:10E160001846F2F7C9FB012010BD002010BD0000C9
:10E1700000000020ACE104207CB5294C0025E573AB
:10E1800042F201002566F3F771FBF9F72DF9FDF76F
:10E1900013FE244890F8F002234981F8B30164206B
:10E1A00006F0F0FAFFF790F830B1022207210120C3
:10E1B000FDF7F6F8681E7CBD42F20200F3F756FB4D
:10E1C000F3F7C6FA42F20300F3F750FB01F0C0FC8C
:10E1D00001F048FD98B142F20400F3F747FB134801
:10E1E000CDE90005A0F500730F4A11491148FAF76F
:10E1F000E5F9216E084305D06FF002007CBD6FF099
:10E2000001007CBD0120E073207C10B12574F4F77F
:10E21000CFFF42F20500F3F729FB00207CBD000090
:10E2200000000020A8F40420A8EC0420A8F004209A
:10E23000ECA50020B002002010B586B0044605A968
:10E24000684600F08DFF2246694605A800F0A2FC52
:10E25000694605A800F006FA06B010BD10B50A48D8
:10E2600001244474002180F8211080F82210074A0C
:10E27000B2F89822022A01D080F82310FFF730FF6D
:10E280000348A0F86A4110BD000000202836002095
:10E29000B002002070B5144C4FF0010184F82D102D
:10E2A000EFF3058060B11148B0F86A21012A19D056
:10E2B00090F87D20002A15D1B0F86801042811D00B
:10E2C00094F82C0000280DD184F82C10002584F837
:10E2D0002D500648FBF7D4FB94F82D000028F6D10A
:10E2E00084F82C5070BD000000000020B002002017
:10E2F0000F48B0F86811012904D0B0F8680108B1DE
:10E3000004F0D0BB0B48B0F8980201280DD10A48A0
:10E31000806A50B10948417A002905D1017A002963
:10E3200002D10121817241727047FFF797BF00004F
:10E33000B002002028360020A8EC042000000020B5
:10E340002DE9F05F754E4FF00107EFF3058040B106
:10E35000F77473480179002901D00521C180BDE817
:10E36000F09F4FF0000B86F813B06E4CDFF8B8A1A9
:10E370006E4DB4F8980201280DD1B5F85E1051B970
:10E38000717A99B9317A062910D0317A07290DD0DE
:10E39000317A08290AD0DAF82810DFF894810029A8
:10E3A00074D001281CD002281AD06FE06148FDF714
:10E3B00059FF0446FFF786FE01F050FF0CB137739A
:10E3C000B772DAF81C1121F00301CAF81C115AA126
:10E3D0005C48FEF7EFF9BDE8F05F5A48FEF718BA5F
:10E3E000D8F82000B8B30268AAB309F04DF9B4F820
:10E3F0009802012807D1B8F83210D8F8200009F0A7
:10E40000F3FB10F019FCDFF84091D8F81400C0B10C
:10E410000168B1B1886800F00700062811D14846AC
:10E4200000E000BF0A68D20701D0401EF9D2086898
:10E43000C00706D085F84070022205210420FCF7B1
:10E44000AFFFD8F81C00414628B1006818B1484613
:10E45000BFF34F8F05E019E0BFF34F8FBFF36F8F0E
:10E4600000BFCA6912681269D20701D0401EF3D2F8
:10E47000BFF34F8FC86900680069C00706D085F8F0
:10E480004070022205210420FCF78AFF777485F88A
:10E490007D702348007928B12148F8F763FC2048B3
:10E4A000F8F728FAB4F8980201280AD196F8210062
:10E4B00038B9032225491F4802F0F8FD08B986F84B
:10E4C0002170B5F8680101281DD0B5F86801D0B1F8
:10E4D000D8F81400414648B1CA693AB103682BB173
:10E4E00013681BB1D8F818100EF05CF81848F2F752
:10E4F00061FF40B101210C4801F028F801220521FB
:10E500001046FCF74DFF85F87D7086F812B0DAF8FA
:10E510001C1121F00301CAF81C1120E700000020A3
:10E52000603D002028360020A8EC0420B002002026
:10E5300058E10420280600205265632053746F7050
:10E5400000000000F09E0420400D0300A43F0408DA
:10E55000F83C00202DE9F0473D4F4FF00006EFF367
:10E56000058020B9F87C10B1FE74FFF7E9FE0120A8
:10E5700087F82D0097F82C10002966D187F82C0019
:10E58000334DDFF8D0908035DFF8CC8006F03EFBCD
:10E59000044687F82D60286D08B1201A04D404F0D1
:10E5A000A7FA04F10A002865B87C70B3B8F85E00D9
:10E5B00058B32A48806A40B32948B0F89802022824
:10E5C00034D1D9F8200000B30068F0B197F82310D7
:10E5D00079B10169C90706D0016921F00101016122
:10E5E00087F823600EE0E868201A20D487F82360BB
:10E5F00019E0696D31B1611A19D497F8221029B167
:10E60000012104E014346C6511E00FE01421214471
:10E6100069650169C90704D0016921F0010101613F
:10E6200005E087F82260FFF78BFE00E06E650A4880
:10E63000FBF726FAB8F85E0008B9FAF7E5FA97F89A
:10E640002D000028A2D187F82C60BDE8F0870000DB
:10E650000000002058E10420B0020020A8EC0420B3
:10E660002836002070B50D46040022D0002D20D0A1
:10E67000104821681422816029460F48F2F73CF9BE
:10E680000C480121803880F82010002181770B4848
:10E6900021688162142229461430F2F72DF90848C6
:10E6A0002168C1612946BDE8704014222030F2F78C
:10E6B00023B970BD80000020ACE1042058F704208D
:10E6C000D8ED042010B50B4A0B4C904207D12268BC
:10E6D000B2F5504F03D32268B2F5534F08D32060F0
:10E6E000616006F093FAA0600448B0F89802E06018
:10E6F00010BD0000524154530077042028360020FA
:10E700000148C07C704700000000002070B58CB04C
:10E71000002207A9234807F09DFF002269462148EF
:10E7200007F076FF002201A91E4807F093FF0022A0
:10E7300006A91C4807F06CFF9DF81E009DF8061006
:10E740008842E5D19DF802009DF81A108842DFD179
:10E750009DF801009DF819108842D9D19DF8030059
:10E760009DF81B108842D3D10F4901F1140000F02D
:10E7700017FC04460D4601A906A800F011FC0B4E3B
:10E78000021B71EB050208D3001B61EB05014FF47E
:10E790007A720023F1F752FE00E00020C6F8F4027E
:10E7A0000CB070BDCCA500206CF70420A8F40420A8
:10E7B0002DE9F047244F86B097F8200000282CD090
:10E7C000224907F1880000F0EBFB04460D4606F0F5
:10E7D0001DFA06464FF000084FF4807A41F658398A
:10E7E00021E005A9684600F0BBFC694605A800F0D9
:10E7F000D7FB001BA94119D206F008FA811B494535
:10E800000ED9F87F18B15146114807F0A7FE87F8D6
:10E810001F8087F81D804FF0FF3006B0BDE8F087FD
:10E82000012005F0AFFFB87F0028DAD0F87F18B1DB
:10E830005146074807F092FE87F81F8087F81D8031
:10E8400087F81E800020E8E700000020ACE10420EB
:10E85000CCA500200F48104A90F8C0179163A0F58E
:10E86000C0431879D0634FF0FF30042910D0196AE3
:10E8700021B1082228219F2000F038B80021116022
:10E88000D3F89810516005498B6893608969D1600D
:10E8900070470000609D0020E0E2042080740420A6
:10E8A0000F48104A90F8C0179163A0F5C04318793B
:10E8B000D0634FF0FF30042910D0196A21B1022231
:10E8C000A021AC2000F012B800211160D3F89810FC
:10E8D000516005498B6893608969D1607047000079
:10E8E000609D0020E0E20420807404202DE9F74FB1
:10E8F0004C4F91460C46386A4FF0FF3A30B12CB17C
:10E90000A02C03D8601D85B2A52D02D95046BDE8C4
:10E91000FE8F104600F0AAF80646611E09FB01F0C2
:10E9200000EB8002C2EBC0100E2202EB800001FB64
:10E9300006083D49884502D2786E884205D23B4898
:10E94000C0F82080796E4162E0E74946204600F039
:10E9500091F88346BA463846396A344F3960D0F860
:10E960009810796032498A68BA608969F960416EA5
:10E970003961017979610189B961DAF82C00F861AE
:10E98000C7F82080C7F824B0BE622A48D0F80C0926
:10E99000F8622948D0F83802386306F037F978630E
:10E9A00000222FE009FB02F101EB8103C3EBC1134D
:10E9B00002FB05F00BEB83010AEB00034FF0AD0CFB
:10E9C00083F8A0C0DDF800C083F8A1C000EB050CFF
:10E9D00083F8A220D444DA238CF89E308CF89F3040
:10E9E00000230C310BE0DAF8207000EB030803FB86
:10E9F000067708EB0A0CCF5D8CF8A3705B1CA34272
:10EA0000F1D3521CA242CDD30C4800214180848016
:10EA1000C5800099017280F80990042101700020DE
:10EA200075E70000603D002000710200E0E2042074
:10EA300080740420F0AE0420F0CE042020A5002035
:10EA4000094A92F8C00702280DD192F8C80700B908
:10EA5000AC20B2F8C41701B9A02192F8C92702B9B5
:10EA60000222FFF743BF7047609D002000EB40008B
:10EA7000400870472DE9FE4F0546002000900190A8
:10EA8000044602908B460846FFF7F0FF07462048F1
:10EA9000006A5FEA00094FF0000037D0EA4620E044
:10EAA0000BFB00F101EB8102C2EBC1110C2202EB66
:10EAB000810C002100220CEB01060CE002FB076335
:10EAC00019F803301B0605D55AF8218008F1010812
:10EAD0004AF821800832AA42F0D3491C0329E9D31D
:10EAE0000830A842DCD30B4B0021524652F82100DB
:10EAF00043F8210052F82450A84200D9CCB2491C56
:10EB00000329F3D3044880F86A402046BDE8FE8F0D
:10EB1000603D002020E304200001002070B5184C67
:10EB2000184A94F8C0179163B4F8C207D063042957
:10EB300002D04FF0FF3070BD1349D1F80C19E1B984
:10EB4000B4F8C4170825884215D2B4F8C6270F496F
:10EB500000FB02110E48F7F7FBFB70B90C48FDF7FC
:10EB600057FEB4F8C207401C80B2A4F8C207B4F83C
:10EB7000C417884201D384F8C057002070BD00003C
:10EB8000609D0020E0E20420F0AE0420003E002062
:10EB9000F09E0420FEB515460C46060052D0002C0F
:10EBA00050D000F0FDF9401941F10001264A002340
:10EBB000F1F744FC1546074602AB01AA694600F08E
:10EBC0008BF92248B5FBF0F12170B5FBF0F100FBA9
:10EBD00011504EF66021B0FBF1F26270B0FBF1F221
:10EBE00001FB12004FF47A72B0FBF2F1A170B0FB9E
:10EBF000F2F102FB1101A5681DB915480069C0F3C7
:10EC00000E05681CA1FB00010023F1F717FCA842C8
:10EC100000D92846281AC4E901050098FF1CA0F570
:10EC2000FA60F070019870700298B070072097FB3E
:10EC3000F0F100FB1171C91D91FBF0F200FB121005
:10EC4000401C3070FEBD0000005C260580EE3600E2
:10EC5000002800402DE9F041884604005DD0A568F9
:10EC60002F49281E02D10A69C2F30E0502D1086994
:10EC7000C0F30E006168814200D90146401A4FF48A
:10EC80007A77A0FB07016E1C32460023F1F7D6FB12
:10EC9000B84200D3781E2178224A40F25373514380
:10ECA000627812FB03F201EB4212A17801EB4103FF
:10ECB000C3EBC11102EBC10108441B494044B0FB46
:10ECC000F1F201FB120017491822B0FBF1F1B1FB80
:10ECD000F2F302FB131121704EF66021B0FBF1F24A
:10ECE0003C21B2FBF1F301FB132262703A46B0FB08
:10ECF000F2F3B3FBF1F701FB1731A170B0FBF2F1B6
:10ED000002FB1100A0FB06010023F1F797FBA842CC
:10ED100000D92846281AC4E90105BDE8F0810000A1
:10ED20000028004080EE3600005C26052DE9F04109
:10ED300006462DED0C8BB0EE408A016800209FED59
:10ED40005EDB4FF000479FED5ECB11B10869C0F369
:10ED50000E000446401C14F0D1F941EC190B18EEDA
:10ED6000100A14F0B5FD53EC192B41EC180B0025DB
:10ED70009FED550B51EC100B13F070FF53EC182B5B
:10ED800014F016FA11D253EC192B9FED510B51ECE4
:10ED9000100B13F063FF53EC182B14F043FB04D259
:10EDA0000020BDEC0C8BBDE8F08153EC1D2B51EC29
:10EDB000180B14F037FB38D80EE0002239463046E5
:10EDC00007F042FB0500ECD153EC1A2B51EC180B69
:10EDD00014F090FC41EC180BB0EE4CAAF0EE6CAACB
:10EDE00053EC1A2B51EC180B14F01CFBE5D953EC27
:10EDF0001D2B51EC180B14F015FB5AD253EC182BA9
:10EE000051EC1C0B14F076FC53EC192B14F00CFA9B
:10EE100041EC100B11F0FCFA002800DA0020A042AF
:10EE200000DD2046024639463FE051EC180B13F056
:10EE30001BFE41EC180B204614F060F953EC192B23
:10EE400013F00CFF41EC1B0B0EE022460021304674
:10EE500007F0FAFA0500A4D153EC1B2B51EC180B68
:10EE600014F048FC41EC180B53EC1C2B51EC180B24
:10EE700014F0D8FAE9D953EC1D2B51EC180B14F00F
:10EE8000D1FA16D253EC192B51EC180B14F0CCF923
:10EE900041EC100B11F0BCFA002800DA0020A0426F
:10EEA00000DD2046020004D00021304607F0CCFAF5
:10EEB0000546284675E7000000000000000000003D
:10EEC000000000000000F03F000000000000E0BF74
:10EED000000000000000E03FF0B5284C0019284C6D
:10EEE00002D490FBF4F503E0264D054495FBF4F5C0
:10EEF000244C48F6AC66641E05FB040040F2B45492
:10EF0000B0FBF4F4B0FBF6F6041B34441C4E761E42
:10EF1000B0FBF6F6A41B40F26D16B4FBF6F405EB5D
:10EF2000C50606EB05156426B4FBF6F740F26D1630
:10EF300004EB0515664306EB9404E41B041B04EB89
:10EF400084009926801CB0FBF6F000EB001606EB5F
:10EF5000C6060527B61CB6FBF7F6A41B641C1C608E
:10EF60000A2801D2C01C00E009381060022801D82C
:10EF7000012000E0002028440860F0BD6CFA0A007F
:10EF8000B13A020050C5FDFF04480068C0F30120FB
:10EF9000032801D0002070470120704770380240DC
:10EFA00030B5C3784278847803F5FA63022A01D831
:10EFB000012000E00020181A4FF4C87302D490FB1F
:10EFC000F3F303E0A0F28F1595FBF3F36FF0180550
:10EFD0005D4300EB0510022A01D9D21E00E0093280
:10EFE00002EB021202EBC2020525921CB2FBF5F203
:10EFF00022446424B0FBF4F540F26D14444304EB66
:10F000009000401B521E1044174A03FB0200174A8F
:10F01000831809B1886818B915480069C0F30E0053
:10F020004A68824201D9002200E0821A4FF47A74C1
:10F030006243401CB2FBF0F208780E4C40F253756C
:10F0400060434C7814FB05F400EB4414887800EB23
:10F050004001C1EBC01004EBC0001044064A00217F
:10F06000C3FB020130BD0000B13A02009405F5FF78
:10F070000028004080EE3600005C260570B5204D6B
:10F08000A4B02868204A1F4910F4407F4FF00104C3
:10F09000116017D1342116A8F1F78AFC582168466F
:10F0A000F1F786FC082600201696CDE91B4016A82D
:10F0B00006F0FAFFE0B9600209900096684606F093
:10F0C000C7FCA8B92868C0F30120022813D10C4955
:10F0D0000E48091D0A6842F001020A6000E000BF04
:10F0E0000A68920701D4401EF9D20868800702D44A
:10F0F000002024B070BD064804600120F9E700003C
:10F100007038024000280040CCA50020400D0300CC
:10F110003C0E474210B5FCF7A1F808B1002010BD25
:10F12000012010BD7CB50C46050016D0002C14D073
:10F130000A480A4EC07D803608B1306801E04FF4BD
:10F14000FA4001AA694600F049F800982860019841
:10F150002060009870630198B0637CBD00000020BF
:10F1600030B58DB00C46050034D0002C32D00022D2
:10F1700007A9194807F06EFA00226946164807F0F9
:10F1800047FA002201A9144807F064FA002206A9F0
:10F19000114807F03DFA9DF81E209DF806309A426E
:10F1A000E5D19DF802009DF81A108842DFD19DF844
:10F1B00001009DF819108842D9D19DF803009DF8EF
:10F1C0001B108842D3D1142201A92846F1F794FBE1
:10F1D000069820600DB030BDCCA500202DE9F74F7A
:10F1E0005FEA010B82464FF063064FF4A0794FF0BF
:10F1F000FF372FD0029800282CD0BAF1000F01D190
:10F200004FF4FA4A7F24621C002390465046194668
:10F2100000F0ECFB05001FD0B5F5004F12D808FB3D
:10F2200005F05146FBF762FEB84208D301D1B44263
:10F2300005D8B84206D1B44204D14D4502D907469B
:10F240002646A946641EDED5CBF800600299A9F1D6
:10F2500001000860BDE8FE8F0125E0E710B58EB023
:10F26000002877D0002975D00278521E072A71D263
:10F270004278002A6ED0122A6CD88278002A69D08F
:10F280001F2A67D8C278632A64D80A78172A61D8F7
:10F290004A783B2A5ED88A783B2A5BD8006803907C
:10F2A000142204A8F1F728FB00208DF81300079022
:10F2B00008902948016841F080510160006800F021
:10F2C0008050009006F088FB002204A9234807F034
:10F2D00089FB040013D1002203A9204807F036FB64
:10F2E00004000CD1002209A91C4807F0B3F904005E
:10F2F00005D1002202A9194807F08AF9044606F050
:10F300005FFB34BB9DF808009DF80C10884221D1AA
:10F310009DF809009DF80D1088421BD19DF80A0048
:10F320009DF80E10884215D19DF80B009DF80F1026
:10F3300088420FD19DF824009DF81010884209D111
:10F340009DF825009DF81110884203D101200EB0D0
:10F3500010BDFFE70020FAE740380240CCA50020AE
:10F360002DE9F05F0446007F0F46012828D04FF0BA
:10F37000010B84F81CB002206077206800268068AA
:10F380004FEA4060FAB1002800DBFE70B8783978A7
:10F3900040EA01457878F978000240EA01400543E7
:10F3A0002168CA20486221685320486220460EF036
:10F3B000E7FF4FF0FF084FF0040A00286AD116E07B
:10F3C0000220BDE8F09F002800DBFE7038780EF0C8
:10F3D000CCFF050478780EF0C8FF45EA0025B87820
:10F3E0000EF0C3FF0543F87845EA0045D8E73148F9
:10F3F000054020680560304A0FB1B96811B910693D
:10F40000C0F30E0120684FF00005B0F1000902D0F2
:10F410000069C0F30E050FB1B86810B91069C0F3E8
:10F420000E000FB17A6800E00022824200D9024645
:10F43000831A0846834200D90B4608B1854204D19D
:10F440002846AB4211D818460FE06F1C421C7108C9
:10F450004FEA3200E3FB07014FF00003F0F7EEFF45
:10F460002A1A76EB010100D22846291AC9F8281079
:10F470002068816821F4802181602068C16821F0C2
:10F480008001C1602068806880060BD4204607F0A8
:10F4900009FB38B12168C1F8248084F81DA02677C3
:10F4A00001208EE72168C1F8248084F81DB02677FA
:10F4B000002086E77F7F7F000028004000B58BB0EA
:10F4C000002206A91F4807F0C5F8002269461D481A
:10F4D00007F09EF8002201A91A4807F0BBF80022A5
:10F4E0006946184807F094F89DF81A009DF8061030
:10F4F0008842E5D1039818B913480069C0F30E009B
:10F500000299814200D90146411A4FF47A7251435F
:10F51000401CB1FBF0F19DF804004FF4616210FB58
:10F5200002F29DF80500C0EB001002EB80009DF890
:10F5300006200BB0104400EB4002C2EBC01001EB00
:10F54000C00000BDCCA5002000280040D0F8442118
:10F550000A43C0F8442170472DE9FF5FF94883460C
:10F56000B0F8B002C0F30015F3F796FADFF8D883CD
:10F57000F64E4FF00109BDB196F83200A0B9F3F78D
:10F58000C5FAF34F04463888082802D1384602F0FD
:10F5900031FC388828B9D8F8E01241F00101C8F8E8
:10F5A000E0120CB186F8019001F01EFDDFF8A4A373
:10F5B0000024BAF89802012836D115B196F8320025
:10F5C00008B1707890B101F067FC05F01FFBB064E2
:10F5D00086F8039001F02CFC042086F8330005F037
:10F5E00015FBDA498031783008667470D5B196F829
:10F5F0003300C8B105F00AFBD44907468031096ED3
:10F60000401A11D4D448D0F80C0930B901F010FCDC
:10F6100096F83300401E86F83300CC488030B4376B
:10F62000076601E086F8334086F83250307ECB4DD5
:10F6300060B1B5F85E0048B995F87C0030B9347611
:10F64000D8F8E01241F02001C8F8E012D8F8E00242
:10F650004746800628D5D7F8E00220F02000C7F8FA
:10F66000E002B5F85E0010B995F87C0010B186F89C
:10F67000189019E0BA494FF48070BA4B91F82A10EB
:10F680004200CDE90201CDE90023B74AB749B448A9
:10F69000FCF7C8F898B18021B548FFF757FF012261
:10F6A00008210520FBF77CFED7F8E002C0063CD518
:10F6B000B5F85E0080B195F87D0068B905E01422C8
:10F6C000AC49A748FCF7FCF9EEE7B5F86801042857
:10F6D00002D0A87C48B906E0D7F8E00220F010007C
:10F6E000C7F8E00221E0E869F8B103F0DBF980B97E
:10F6F000A1A1A448FDF75EF858B9A248FDF788F823
:10F70000401C04D019219F48F3F75EFE01E04FF042
:10F71000FF30D7F8E01221F01001C7F8E01220B155
:10F72000012202210620FBF73BFED7F8E002C007CA
:10F7300038D0BAF8980202280BD0BBF8B002C00645
:10F7400030D5DFF80C82B8F8000010F00C0F07D0AD
:10F7500010E0D7F8E00220F00100C7F8E00221E055
:10F76000FFF7D8FC20B9FFF70FFC08B90EF0CAFA72
:10F7700003F05CFAB8F8000010F00C0F12D003F0A0
:10F78000DFF978B9B8F80000042802D1784802F00F
:10F7900085FAF7F75DFED7F8E00220F00100C7F820
:10F7A000E0023475D7F8E002400609D5707D38B91B
:10F7B000D7F8E00220F04000C7F8E002F4F722FAA0
:10F7C000D7F8DC02B846DFF8C0A1000722D5B5F8AB
:10F7D0005E00F8B995F87C00E0B9A87CD0B9E87C67
:10F7E000C0B9002700F018FA20B1012700F048FB4B
:10F7F00000F0AEF99AF80000C00702D05748F9F7B8
:10F80000BDF90FB1F7F7EAFCD8F8DC1221F00801D6
:10F81000C8F8DC1296F82800B146A8B395F87C0029
:10F8200090BB72B689F8284062B6B5F85E0070B138
:10F8300000F054FA40B30220F8F7B2FC95F87D00CE
:10F8400010BBB5F85E00F8B1FEF77AFD1CE00026AB
:10F8500000F0E2F918B1012600F012FB0FE0414F71
:10F860001837386840F080503860142004F08AFF60
:10F87000386840F480503860642004F083FF00F062
:10F8800067F90EB1F7F7AAFC99F826004F46E8B3DE
:10F89000B5F85E00D0BB95F87C00B8BB002600F040
:10F8A000BBF920B1012600F0EBFA00F051F9E87C39
:10F8B00010B10AF069FAEC74A87C00B1AC7472B6AD
:10F8C00097F8270087F8264062B69AF80010C90713
:10F8D00002D000F0C1F800E0288AAD218DF80010B8
:10F8E00095218DF80110CDF80200DA208DF8060080
:10F8F0008DF80700082269462248F6F76EFD214878
:10F90000FCF786FFF3F754FC06B100E001E0F7F7DF
:10F9100065FC97F8290050B1D8F8E002C00706D17D
:10F9200072B6B88F87F8294062B600F04FFAFFF739
:10F93000F5F8F7F739FFF3F789FCBDE8FF5FF3F758
:10F940006FBB0000F0CE0420A8F4042000000020CB
:10F95000C83800202836002028160020B0020020D9
:10F96000647704200004024034AA002078A5002017
:10F97000A8EC04203CEB04205265632053746172B0
:10F9800074000000F09E04200C01002038B51449DA
:10F990000446086840F080500860086800F0805015
:10F9A000009006F019F8FFF769FB68B1012C0FD041
:10F9B000022C0DD0002212210A4806F040FD002240
:10F9C0001321084806F03BFDBDE8384005F0F8BFBC
:10F9D000054A1221034806F032FD2246F0E70000F6
:10F9E00040380240CCA50020A120E30C70B552EABB
:10F9F000030407D05C084FEA320528186141F0F78C
:10FA00001DFD70BD002070BD00B591B0AD228DF818
:10FA1000002010228DF8012001463C220DF1020049
:10FA2000F0F7E3FEDA208DF83E008DF83F0040222B
:10FA300069460448FCF7B8FD0248FCF7E9FE11B03E
:10FA400000BD0000F09E0420002803D03F21401E8E
:10FA5000B0FBF1F0704700002DE9F047DFF8E880D7
:10FA60000446ADF5806DB8F81050B8F85E00002877
:10FA700064D1364E3078C00704D100F069F8307890
:10FA8000C0075BD004B90124AC4200D9ECB28CB3FE
:10FA90002E1B2846FFF7D8FF4FF4007982464C46CC
:10FAA00049466846F0F784FF214680A8F0F780FFBA
:10FAB00096B1701E3F21B0FBF1F2B0FBF1F401FBF7
:10FAC00012077F1CD8F8601149B1A24507D14A46F8
:10FAD0006846F7F76CFB08E000242746F2E7694622
:10FAE00004F1800000F0EAF820B900973F2F02D31C
:10FAF000012001E022E000207F902EB9D8F8081004
:10FB00000191D8F80C004090694604F1800000F0A3
:10FB1000C9F998B980A904F1810000F0C3F968B966
:10FB2000A8F810608020C8F85400D8F86001444656
:10FB300018B14A466946F0F7DFFE258A0DF5806D5B
:10FB40002846BDE8F0870000B00200200C0100202C
:10FB500010B52C4C206820F0010020600EF0F8FF5A
:10FB6000022004F00FFE284808F006FD78B10021BD
:10FB70000320FBF777FD022201210320FBF710FC95
:10FB8000BDE810404FF480712048FFF7DFBC2068CB
:10FB9000012140F0010020600320FBF763FD0320FA
:10FBA000FBF766FB42F21070194900E000BF8A685B
:10FBB000920701D4401EF9D21548164A0C30106045
:10FBC000086820F040000860486840F00200486083
:10FBD000086840F04000086008F004FC70B120683C
:10FBE000002120F0010020600320FBF73BFD0222F2
:10FBF0000321BDE810400846FBF7D2BBBDE810402A
:10FC0000F3F7C8BB0C010020ECA50020A8EC0420F1
:10FC100000300140606402400020042200E0401CEB
:10FC200022FA00F1C90713D0102813D20B49096832
:10FC30004000C14001F0030003280DD00020084916
:10FC4000096841F30031491C20B119B10120704706
:10FC50001028E4D3002070470120F0E700000240A4
:10FC6000140402400248007800F0010070470000D0
:10FC70000C0100200F48C07BB8B10F48B0F85C10F1
:10FC800019B1B0F85C1005290FD1B0F85E1061B958
:10FC9000817C51B9C17C41B990F87D1029B990F8A7
:10FCA0007C1011B9B0F8680108B10020704701203C
:10FCB0007047000000000020B002002070B50D4623
:10FCC000064600242946304609F04CF8002804D0A6
:10FCD000641C042CF6D34FF0FF3070BD2DE9F041C9
:10FCE000334CB4F868003349C30B42F21070324A07
:10FCF00000E000BF9568AD0701D4401EF9D25068FE
:10FD000020F0020050602D48056825F001050560CF
:10FD100000E000BF0568ED0701D0491EF9D2006878
:10FD20004FF0FF35C00705D00121284684F8401068
:10FD3000BDE8F081106820F040001060106840F0CD
:10FD4000400010600026A674E07C10B10BB90AF0E8
:10FD50001BF8E6741A48816941F004018161BFF320
:10FD60004F8F184F386840F080503860142004F0EE
:10FD700009FD386840F480503860642004F002FDCA
:10FD8000FFF7E6FE10480078C00708D0A4F86860C6
:10FD9000B4F85E0050B194F87C0010B106E028463B
:10FDA000C6E70220A4F86801A4F86A010020BFE7B2
:10FDB000B0020020A08601000030014058640240DB
:10FDC00000000240180402400C0100202DE9F0431D
:10FDD000ADF2044D05464FF4017949466846F0F707
:10FDE000E7FD244E0024308AFFF72EFEAD218DF86A
:10FDF000001094218DF801106F464FF40078A8424E
:10FE000007D1D6F8601151B14246B81CF7F7CFF9C7
:10FE10001DE0FFF701FF10B1012400F031F8414669
:10FE200081A8F0F7C5FD144E3078C00704D1FFF764
:10FE30008FFE3078C0070AD081A905F18000FFF756
:10FE40003DFF20B9424681A9B81CF0F7CEFCDA206C
:10FE50008DF802028DF803024A4669460748F3F717
:10FE600071F9002C01D0F7F7B9F90DF2044DBDE896
:10FE7000F0830000B00200200C010020F09E04205E
:10FE8000074810B5016841F080510160142004F06A
:10FE900079FCF7F7A9FABDE81040642004F072BCC1
:10FEA0001804024070B50D46064600242946304627
:10FEB0000AF03AFA002804D0641C042CF6D34FF060
:10FEC000FF3070BDF0B504464B48ADF5017DB0F88C
:10FED0009802022831D17CB3484D287A02282CD1CF
:10FEE000E87B48B3FFF7BEFE30B3204601F064F96B
:10FEF00010B34FF40076324641496846F0F7FCFCF7
:10FF0000324621463E48F0F7F7FC44983C4FC7F88C
:10FF100010014798C7F81C015198C7F8440107F52C
:10FF2000006090F8F00287F8B3010124EC71F3F758
:10FF300069FE38B1E41E4BE0FFE74FF0FF300DF5EE
:10FF4000017DF0BD01F00CF93720A7F84801BDF89C
:10FF50004A01A7F84A012B4859995A9A416382638A
:10FF6000F7F7A2FB10B16FF0020431E02648816B75
:10FF700061B300F140018A6B42B34268B24225D3BB
:10FF800049684268914221D14068C0051ED11F488E
:10FF9000D0F8081131B11A4980398A6BB2B1496879
:10FFA000B14213D3D0F8E41029B119490A6E6AB1ED
:10FFB000C96AB1420AD3D0F8C000C8B11548D0F818
:10FFC000981019B1406E1449884211D26FF00304A1
:10FFD000324669460A48F0F78FFC0020E8716873E2
:10FFE000F3F710FE01F0BCF8F7F75EFB2046A6E73A
:10FFF0006C730020A3E700002836002000000020DA
:020000040803EF
:10000000A8EC0420D8ED042068EB0420B002002006
:10001000F83C0020603D00200071020010B586B061
:1000200014216846F0F7C4FC2548B0F8980201286E
:1000300043D02448016841F00101016000684FF499
:10004000C05400F0010005904FF44410CDE9004089
:100050000120029069461C4804F0E6FC194814305F
:10006000016841F480410160006800F4804005901F
:100070001648016821F470410160001D016821F0FB
:100080000F0101601248016841F4C051016010483D
:100090000830016841F4C0510160001D016841F45D
:1000A000C05101600A481430046000220621282053
:1000B00005F048FC282005F037FC06B010BD000014
:1000C000283600203038024000000240103801403D
:1000D000003C014010B540B100F54050B0F8980226
:1000E000012802D100F0D8FF08B1002010BD012086
:1000F00010BD000030B54FF0FF32002811D0094D7F
:10010000491E0DD310F8013B5A40002302F00104B0
:1001100064422C405B1C84EA5202082BF6D3EFE7C2
:10012000D04330BD2083B8ED10B500280ED000F5C7
:1001300040510C46D1F83412002907D0FCF730FDAD
:10014000D4F83402BDE8104007F0EFBD10BD38B55B
:10015000040033D000F0C6FA04F54055D5F8340257
:1001600000282BD00168C5F830120068002825D07F
:10017000002923D02046FCF756FDD5F8301259B19E
:100180000868009048688DF800009DF80000C86875
:1001900042F220021043C8602046FFF79BFF002870
:1001A0000CD041F60C100059002807D0204600F072
:1001B0009FFA2046BDE83840FCF72ABB38BD000056
:1001C00038B5054612A02C46006800902046FFF77F
:1001D00081FF00281AD004F54054D4F834120029C5
:1001E00014D00868002811D0D4F8300200280DD0AF
:1001F000284600F07DFA032269462846FCF7D4F928
:10020000284600F013FF2846FCF702FB38BD00002B
:100210003C803E0070B50C4605001DD0002C1BD064
:100220002068002818D0002A16D043F29C204251A2
:10023000284600F05BFA21462846FBF7C0FE284618
:10024000FFF785FF2846FFF745FF002804D0284622
:10025000BDE87040FFF7B4BF70BD00000548002145
:100260000172C1644173817341728172C17281658F
:10027000C16570470000002070B50C48FBF7F2FF25
:100280000B4D0446E87A20B9012202210720FBF732
:1002900087F8002C07D04FF00200E87202D04FF030
:1002A0000100287370BD4FF00100F6E7280600201A
:1002B0000000002070B5164D284600F019FA2846B7
:1002C000FCF7A6FA0446401C06D12846FCF756FC6B
:1002D0002846FCF79DFA04462846FCF7B9FB611C4A
:1002E00000D078B164F31F4001464DF20110FEF7D3
:1002F000E9F92846FBF7B6FF054800F0CDF96FF0A5
:10030000010070BD024800F0C7F9002070BD000078
:10031000280600202DE9F047A54C8AB0B4F89802D1
:1003200001287DD1A34D687A012600274FF0FF38C0
:10033000002876D06F7200210846FEF7C3F9FFF758
:100340008DFFAE72287B38B10220E872014601228F
:100350000720FBF725F82EE0974F3846FFF7F7FE0A
:10036000D4F834024FF45148B8B10068A8B1D4F8B9
:10037000300290B141F60C10C0590404240C17D07F
:100380003846FCF765FB07000FD0014664F31F41B8
:100390004046FEF797F92FB90AE04FF6FF71404645
:1003A000FEF790F9FFF768FF05E0834800F074F965
:1003B0000720FAF75DFF814800F0FEFE70B1F3F709
:1003C00021FC58B9FDF7D8FE40B9FFF74BFC28B126
:1003D000AE73286D401C28651AD01AE07648FBF7EA
:1003E00041FF0446FDF76EFEFFF738FF0CB12E7398
:1003F000AE72022211460720FAF7D2FF70A17448AC
:10040000FCF7D8F90AB07248BDE8F047FCF700BA2B
:100410002E6504F007FC6F4A296D4840126801E020
:1004200013E015E05040E864E86C00B9E96441F27B
:100430008830FDF701FFE87A08B900F02DFD04F0DF
:10044000E5FBFA306865062028720AB0BDE8F0873F
:1004500004F0DCFB696D401AF7D4287A4FF03C09B0
:100460004FF03E0A062806D0287A072838D0287A86
:1004700008284AD081E0E87A48BB4F48FFF767FE7A
:10048000D4F8340250B3006840B3D4F8300228B333
:10049000E86C8DF8009035218DF801108DF8026020
:1004A000CDF8030006210DF10100FFF723FECDF882
:1004B00007008DF80BA00C21684600F093F8014668
:1004C00029B14DF21000FEF7FDF8FFF7D5FE072029
:1004D000287204F09BFB00F57A7014E04146EFE7C8
:1004E000E87A50B9E86C00F041FC010005D04DF20B
:1004F0001100FEF7E7F8FFF7BFFE0820287204F0AE
:1005000085FB00F59670686537E0E87A68BBE86CB3
:10051000F0B395F82010D9B38DF8009034218DF800
:1005200001108DF80260CDF80300224814228030BB
:1005300029498068CDF807000DF10B00F0F755F957
:100540001E210DF10100FFF7D5FDCDF81F008DF83C
:1005500023A02421684600F045F8014629B14DF258
:100560001200FEF7AFF8FFF787FE09202872FDF7AB
:1005700075FEE87A022800D0AF7218480168490475
:100580007FF563AF154914390A6822F4804200E010
:100590000CE00A604FF4804101601148D0F8E0128D
:1005A00021F00401C0F8E0126F714EE74146D5E733
:1005B000283600200000002028060020A8EC042097
:1005C00053594E4320535441525420455252000037
:1005D000F09E042028280040ACE10420143C014097
:1005E000A8F404202DE9F8430700DFF880804FF0DD
:1005F00000000D464FF0FF36009013D095B108F57E
:100600004050B0F8980201280CD11948807A48B1BE
:10061000EFF3108472B66A464046F5F753FF48B1CF
:100620001CB103E04FF4524017E062B629464DF288
:10063000012012E02A4639460098F0F7D6F84046E5
:10064000F5F7E0FE050002D04046F5F7E2FF04B9F9
:1006500062B63DB129464DF20220FEF733F830462E
:10066000BDE8F883FFF726FEFAE700002806002021
:10067000000000200648407C30B90648B0F85E1003
:1006800011B990F87C0008B1002070470120704734
:1006900000000020B002002000281BD000F54050D0
:1006A000D0F83402002815D00168002912D00A4879
:1006B00000E000BF0A68520601D4401EF9D2074A82
:1006C00007489142416802D141F4006101E041F4E0
:1006D0008051416070470000400D0300001401404C
:1006E0000000024010B50EF043FA10BD0EF040BA03
:1006F000094960B100F54050D0F8340238B10068C3
:10070000064A904203D1486820F4006002E048683D
:1007100020F48050486070470000024000140140FF
:1007200070B50E460546FFF7D5FC00281ED0002EFA
:100730001CD005F54054D4F83422002A16D0106895
:10074000002813D0C4F89C62C4F83002284600F098
:100750006DFC2846FCF75CF8002807DA2846FCF711
:100760000DFA2846BDE87040FCF752B870BD000095
:100770000C4810B50068002813D0816B002910D0F8
:10078000094CD4F83402884203D0A4F54050FBF75A
:1007900016FC0648C4F89C02BDE810400448FFF768
:1007A000D6BC10BDA8F4042028360020A8EC0420F4
:1007B0002806002010B5144CE079002812D0134808
:1007C000B0F85E1079B990F87C0060B9E07B50B168
:1007D000FFF748FA38B10E49112008F0C3FA28B1E2
:1007E0006FF0010010BD4FF0FF3010BD094890F8C8
:1007F000F012074880F8B3113721A0F84811002003
:100800006073E07110BD000000000020B002002005
:10081000A8EC0420A8F404202DE9F04FADF5057DE7
:10082000FE4C00F09BFBFFF775FD83AA80A92046D4
:10083000FBF716FC002862D104F540540027B4F8F9
:100840009822F74E022A00D137708099DFF8D483BE
:10085000DFF8D4930878F54D4FF0040B82287CD054
:1008600061DC37287AD04EDC302878D04FF0010A8E
:10087000312875D0DFF8B893342872D035283ED1AE
:10088000009704226846891C0197F6F790FC80992E
:10089000042201A8891DF6F78AFC06218098FFF73B
:1008A00029FCB4F89812022929D183990A2926D162
:1008B00080994978012922D1019981421FD100985C
:1008C00000281CD0B9F85E104846002917D190F8CE
:1008D0007C00002813D10EF0D7F900280FD1009822
:1008E000F16C884202D1307A002808D1FFF762FF0C
:1008F00000286FD0022204210320FAF751FD0DF5E4
:10090000057DBDE8F08F40287ED041287DD080282D
:10091000F5D1012AF3D1FFF7ADFE0028EFD0BF4893
:1009200000F084FBEBE78A2870D02ADC83286ED0A5
:1009300086286DD08928E2D1BB4801F05BFAA9F87E
:1009400000709FEDBC0A86ED190A86ED1A0A86ED45
:100950001B0A306F401C306704E0B3E14DE122E038
:10096000FCE023E0D8F8E01241F00101C8F8E01201
:10097000B5F8980220F0800040F04000A5F89802F9
:10098000BDE7AD4CA1287DD0AB287CD0AC28B6D13A
:100990004878CA28B3D1AC206060012003F0F2FE91
:1009A000F0F780FAABE7022A6ED0A8E70A970B9718
:1009B000B4F898020228A2D1307A042808D0307AFC
:1009C000052805D0002080468398222803D06CE0BB
:1009D0000120F8E7B1E004220AA8891CF6F7E7FB3A
:1009E000809904220CA8891DF6F7E1FB8099142256
:1009F00068460A31F6F7DBFB809904220BA81E310A
:100A0000F6F7D5FB1E2104E0ADE0B4E0BDE074E1F3
:100A1000E3E08098FFF76EFB054680984078012858
:100A200009D10B98A84206D10A9820B1F16C8842EE
:100A300001D1012000E0002038B3B8F1000F02D04E
:100A4000F06DA8429CD0307A03282ED1707BE0B1A3
:100A50007348C07BC8B1FFF705F9B0B1B9F86801B8
:100A6000012802D0B9F8680178B90DA905A8FEF7E8
:100A700077FB05A90DA8FEF793FA07460E91694684
:100A80000CA803E03DE161E1A3E00EE0FEF788FA87
:100A900006464FF4FA620E98BA1840F10000921B15
:100AA000884102D20EF0F0F850B102221146072020
:100AB000FAF776FCB8F1000F35D0FDF743FA39E0CC
:100AC000DFF85C8169460CA8C8F85C50FDF7CAFDE8
:100AD00088F808B088F823A004F098F8F11B0844BF
:100AE00008F1800100F5FA60C8604FF00700FAF7DE
:100AF000BFFBB4F8980202287FF414AF98F82000E6
:100B000070B998F8230058B9B9F868114846012916
:100B100002D0B0F8680118B941F28830FDF78CFBBB
:100B2000FDF7E6FBEBE6FFF745FE18B102220421D4
:100B300003200EE0FFF792FBE1E6FFF78FFB009842
:100B4000F06486F808A0FDF717FB28B10222042103
:100B50000720FAF725FCEDE70220A0E0022AE1D108
:100B600086F822A0CBE6022ADCD1D8F8DC12404677
:100B700041F0020106E0022AD4D1D8F8DC12404646
:100B800021F00201C0F8DC12B9E6042205A8491CD4
:100B9000F6F70DFB809914226846491DF6F707FB0E
:100BA000694605A8FEF75AFB98B1A9F800B0D8F835
:100BB000E01221F00101C8F8E012B5F8980220F027
:100BC000400040F08000A5F898020720FAF750FB9B
:100BD00095E60222042107208FE6042205A8491C7D
:100BE000F6F7E5FA809914226846491DF6F7DFFA10
:100BF000694605A8FDF736FD81E682978197B4F82E
:100C0000980202288ED1FFF735FD00288AD08398FC
:100C1000A0F500710A3985D104220FE028060020D2
:100C200000000020A8F40420C8380020F0CE0420E2
:100C3000B00200200000000000100140809982A84E
:100C4000891CF6F7B4FA80994FF400726846891D42
:100C5000F6F7ADFA8099042281A801F20621F6F791
:100C6000A6FA80984178012926D18299F26C9142A6
:100C700017D1317A022914D140F20621FFF73AFA4E
:100C80008199884203D16846FFF71CF920B180980A
:100C90004078012805D00FE08198B06503203072BC
:100CA0002DE68298F16C884206D1307A032803D36E
:100CB0008198B16D88428BD0022204210720FAF777
:100CC0006FFB30E7ADF800704888ADF80000B5F86C
:100CD000980220F0C001BDF8000000F0C0021143EE
:100CE000A5F89812000687D5A9F800B0D8F8E01248
:100CF00021F00101C8F8E01201E64878FCF7C4FAD7
:100D0000FDE54878F0B101281CD00228C8D114486C
:100D1000016841F080510160006800F0805000904F
:100D200004F05AFEFEF7AAF948B10E4A12210E4805
:100D300005F085FB022213210B4805F080FB04F02F
:100D40003FFE01E0FEF722FEA12003E04878BA282A
:100D5000A6D1AB206060012003F014FD0FF0C6F8AF
:100D600040380240A220E30CCCA500202DE9F84336
:100D700005002C4F4FF000004FF403714FF0FF3689
:100D8000009013D007F54050B0F8980201280DD11B
:100D90002548807A50B1EFF3108472B66A468846CF
:100DA0003846F5F78FFB50B124B104E029464DF2E7
:100DB00010202FE062B641464DF211202AE0009843
:100DC0003C2100F8011B372100F8011B012100F82C
:100DD000011B4A0240F8045B1449EFF706FD009836
:100DE00040F20621401CFFF785F901460098C0F843
:100DF00007123E2180F80B123846F5F703FB050079
:100E000002D03846F5F705FC04B962B63DB1294673
:100E10004DF21220FDF756FC3046BDE8F883FFF78F
:100E200049FAFAE72806002000000020A8EC042078
:100E300000B516488DB0B0F89802012823D10022E1
:100E400007A9134805F006FC00220CA9104805F07C
:100E5000DFFB3C208DF800008A208DF801000C9803
:100E6000CDF80200142207A90DF10600EFF7BDFC32
:100E70003E208DF81A001B226946064800F016F93C
:100E80000448FBF7E5FD0DB000BD0000283600204A
:100E9000CCA500202806002070B586B01421684635
:100EA000EFF786FD264CB4F89802012845D1254875
:100EB0002549806B884240D12448807C00283CD161
:100EC000084606F032FF204806F07CFF204800224A
:100ED000016841F00101016000684FF4805500F0A5
:100EE0000100009505900120CDE90102194E6946E7
:100EF0003046039203F098FD01222946304603F064
:100F000080FE022003F03EFC00222946304603F01A
:100F100078FE282003F036FC01222946304603F0F3
:100F200070FE022003F02EFC0DF022FE0A48C4F8E9
:100F30009C02A4F54050FFF70AF906B070BD00000E
:100F40002836002058E10420FCA8002000000020E2
:100F50003038024000000240A8EC042070B5194D62
:100F6000A87800280DD0184C0026B4F89802022862
:100F700006D11648B0F85E1011B990F87C0008B19F
:100F8000AE7070BD4FF40061114803F02DFE0028D3
:100F9000F7D0AE7010490F48886301460F48FBF741
:100FA0000EF80F48C4F89C020C48FFF7D0F80D4823
:100FB000016821F4C05101600A494FF4C050143156
:100FC000086070BD0000002028360020B00200201C
:100FD000000002408CA9002058E1042028060020CF
:100FE000A8EC0420003C01400C4B10B503F5405028
:100FF000B0F89802012810D100F04EF800280CD16A
:1010000041F60C10C058002807D00448FFF770FBC9
:10101000BDE810401846FBF7FBBB10BD28060020BA
:101020000148C0797047000000000020F8B506466E
:10103000FFF750F84FF0FF3558B106F54054D4F89B
:101040009C0230B16A4640F203213046F5F73AFA85
:1010500008B12846F8BD00983C214FF4007200F812
:10106000011B012100F8011BD4F89C12EFF7BDFB16
:1010700000993E2081F802023046FFF739FB3046E6
:10108000F5F7C0F90028E5D03046F5F7C2FA30464A
:10109000FFF702FBDDE700000348817A11B9007B0E
:1010A000002800D001207047000000202DE9F04109
:1010B00016460F460446FFF70DF84FF0FF35F0B126
:1010C000EFB1E6B104F54051D1F83402B8B100688F
:1010D000A8B1D1F8300290B12046FFF709FB3246A3
:1010E00039462046FBF760FA60B12046FBF746FD23
:1010F000324639462046FBF757FA90B902E02846B7
:10110000BDE8F0812046FBF783FB401C07D1204659
:10111000FBF734FD2046FBF77BFB401C01D0002091
:10112000EEE72046FFF7B8FAE9E7000038B50446D5
:101130000AA0006800908DF802102046FEF7CAFF52
:1011400000280AD02046FFF7D3FA04226946204639
:10115000FBF72AFA2046FBF75BFB38BD3C83003ED9
:1011600070B500252C461248F8F7C3FA1148406BB9
:1011700008B940F2E2400E4BA3F8480000200146B7
:1011800000EBC00203EB8202D2F89C2055194C41BF
:10119000401C0428F4D3200140EA15708202C5F3F4
:1011A00089401043401C4FEA4030986270BD0000F7
:1011B000B0020020A8EC042070B5002847D0816A56
:1011C0004B011A46F1B3046B1CB1224CA24200D26F
:1011D000224644F62064A14238D8B0F84851372D51
:1011E00034D12511A9420AD0B1EBE40607D0B1EB06
:1011F000A40604D0B1EB640601D0A14226D1066852
:10120000A64223D804688C4220D1134C5100B4FB71
:10121000F1F601FB1641A9B9B2FBF3F103FB112171
:1012200081B9C16A11B1C16A10290FD1016B19B11D
:10123000016B0A4A914209D1416B11B1416BA9423C
:1012400004D100E002E00089402801D0002070BDF8
:10125000012070BD00E2040000881300007102004C
:1012600010B5314C206840F00200206001220621B8
:10127000072004F067FB072004F056FB206840F0CD
:101280000400206001220721082004F05BFB0820F5
:1012900004F04AFB206840F008002060012205218C
:1012A000092004F04FFB092004F03EFB206840F0C9
:1012B00010002060012207210A2004F043FB0A20CD
:1012C00004F032FB206840F020002060002207215B
:1012D000172004F037FB172004F026FB206840F0AD
:1012E0008000206001220721172004F02BFB17202B
:1012F00004F01AFB206840F480702060012206216F
:10130000172004F01FFB172004F00EFB206840F4A8
:101310000070206000220721172004F013FBBDE8B5
:101320001040172004F000BB003C0140044A136841
:10133000012181408B43136010680843106070479F
:10134000103C014043F29031AFF3008070B569B1B9
:101350004FF6FF724C080025E0FB02450A46204686
:1013600000232946EFF76AF880B270BD002070BDF7
:1013700010B590F8101300290ED0002180F810133A
:1013800000F0EEFA0548016A002905D140680068BE
:10139000816821F00101816010BD0000F83C00204F
:1013A000F0B50D4602F00701D7080446464A474803
:1013B000002685B0944207D1026842F00102026023
:1013C000006800F001004BE0414A944207D10268F6
:1013D00042F002020260006800F0020040E03D4A74
:1013E000944207D1026842F004020260006800F0F3
:1013F000040035E0384A944207D1026842F00802FE
:101400000260006800F008002AE0344A944207D1E4
:10141000026842F010020260006800F010001FE055
:101420002F4A944207D1026842F02002026000680D
:1014300000F0200014E02B4A944207D1026842F0E9
:1014400040020260006800F0400009E0264A944231
:1014500007D1026842F080020260006800F080005C
:10146000009099B101291AD0022925D1142168468A
:10147000EFF79EFA01200095CDE901066946204666
:10148000039603F0D1FACFB1012218E01421684687
:10149000EFF78EFA03200095CDE9010607E014214D
:1014A0006846EFF785FA02200095CDE901606946AC
:1014B0002046039603F0B8FA05B0F0BD0022294695
:1014C000204603F09EFBF7E7000002403038024060
:1014D0000004024000080240000C024000100240DC
:1014E0000014024000180240001C024061B10E4B83
:1014F00001290FD0022911D0032914D190F8EF222D
:1015000019151846FFF74CBF90F8EC224FF4005124
:101510000648F7E790F8ED221021F2E790F8EE2266
:101520004FF40071EDE770470000024000080240F0
:1015300070B5F6F747F805462048016841F00051BC
:10154000016000200DF07EFD00F0A4F81C48012190
:1015500041710846F6F75EF805F0F9FD194948684B
:1015600015B140F0030001E020F00700486004F0EE
:1015700021FA1548016841F00401016004F014FAF1
:101580001249086820F400700860086820F4806040
:101590000860EFF3108472B60D48D0F8E0024007FF
:1015A00008D54FF00101084615B104F021FA01E019
:1015B00004F030FA84F3108870BD0000180802406F
:1015C00000000020002004E000700040003C0240C9
:1015D000A8F40420254810B5016821F48041016079
:1015E00022494FF4804014310860172004F08BF931
:1015F0000DF0DAF90DF0E6F9F1F74EFA1C4C1D4842
:10160000B4F89812012902D01B49816303E01B49F9
:1016100081630DF011FB1A48006870B1816B61B1F4
:10162000D4F83402884202D01648FAF7C8FC1648AB
:10163000C4F89C021348FEF78AFD1448FBF7F3FA3E
:101640001348C16841F40051C160002207211720EE
:1016500004F078F9172004F067F9B4F8980201282B
:1016600003D1BDE81040FFF717BC10BD003C01409E
:101670002836002058E104208CA90020FCA8002076
:10168000A8F4042028060020A8EC0420F09E0420E2
:10169000001001402DE9F04186B0F5F79FFD4A4862
:1016A0000024016841F0010101600068142100F08C
:1016B000010005906846EFF77BF94448444F012646
:1016C000B0F89802424D1437012859D0FEF7A6FC15
:1016D0003D481430016841F480410160006800F425
:1016E000804005903B48016821F4706101602868E2
:1016F00040F48040286036480830016841F4804159
:101700000160001D016821F4804101604FF48040B8
:10171000386000220621282004F014F9282004F063
:1017200003F92D48016841F4004101602B4806F09F
:10173000FCFA2A4806F046FB40200090CDE90164FF
:101740000394274C6946204603F06EF9012240219C
:10175000204603F056FA80214FF40410CDE9001022
:1017600002966946204603F05FF900220721172000
:1017700004F0E8F8172004F0D7F806B0BDE8F081CF
:101780004FF400610091CDE90164DFF85880002238
:101790004046039403F035FA6946404603F044F9A5
:1017A0004FF480508DE851006946404603F03CF903
:1017B000286820F4C05028604FF4C05038602820BA
:1017C00004F0A1F884E700003038024028360020F9
:1017D000003C0140143801401808024044A9002090
:1017E0000004024000000240042902D2431883F89A
:1017F000EC22FFF77BBE0000F8B50446F1F780FA53
:10180000010004D02C48007908B1012600E0002630
:10181000002070258DF80000002C3BD02060606017
:10182000208101B171250EB145F00805234FD7F88D
:10183000DC0210F0020F01D045F002056846F1F716
:1018400075FA02469DF8000008B145F00405D7F886
:1018500000031421B0FBF1F080B2FF2800D9FF2073
:10186000174925700B881B0AA3700B88E3700B794E
:10187000237149796171A071E27166B1D7F8F40200
:10188000B0F1807F01D36FF07F406070010A217258
:10189000000C6072F8BDB7F80403F1F7C3F9054610
:1018A000B7F80603F1F768F9290A41EA00116570F3
:1018B00021720009EDE7000000000020A8F40420D8
:1018C000A0E104200022C0F8DC22022380F8EC32E0
:1018D000C0F8E822C0F80023A0F80423A0F80623EB
:1018E000A0F80823A0F80A23A0F80C2380F80E2300
:1018F00080F80F2380F8102301607047D0F8DC02D5
:1019000000F0020070470000124810B5016841F471
:1019100000710160016841F48061016000200DF0F8
:10192000DDFA022003F096FF05F0D6F8FFF752FE2D
:10193000F1F796FD0848016841F40051016032203A
:1019400002F020FF0548D0F8E01241F00101C0F894
:10195000E01210BD003C024018080240A8F4042028
:101960002DE9F04788B0054620216846EFF720F8BA
:1019700000277E1E002D6AD095F80F430021524BA0
:10198000032C01D3002405E0022C21D0012C27D008
:10199000022C27D012204FF48007009001220192E0
:1019A0000492022C22D0042002900846894647491E
:1019B000CDE906108DF815008DF814200390984697
:1019C0006946586802F052FADFF804A1F0BB0FE054
:1019D000186A38B185F80F13002008B0BDE8F08709
:1019E0000091DBE73B4800904711D7E70720DBE792
:1019F000DAF8041321F440013943CAF804135FB143
:101A0000354836490068B0FBF1F0102802D21020AA
:101A100000E000BF401EFCD22B48EFF7C9FBA8B97D
:101A20002948EFF7F5FB88B92748EFF7C1FB68B9FC
:101A30002548EFF7EDFB48B9B8F814004FF6FF72F0
:101A400044B102EA4000012C1FD001E02EE038E052
:101A5000022C1FD046F22071A0FB010147F6FF7354
:101A6000C01841F100010023EEF7E8FCA0F5FA618F
:101A700041F29512914219D2C5F8000340F6E441B3
:101A8000FFF764FCA5F8080308E0A5F80403A5F82F
:101A90000A0303E0A5F80603A5F80C03641C00265E
:101AA000E4B2032C00D3002485F80F43DAF80413C2
:101AB00021F44001CAF804131EB1022C01D185F8AB
:101AC0000F93304689E70000F83C002001000F002A
:101AD0000020014012000010C8740420A0860100FC
:101AE0001CB512A000680190EFF31080002815D1FA
:101AF000EFF3058090B904F0EFFF042201A90C4830
:101B000000F03AF80B4864210068B0FBF1F0009057
:101B100001E000BF0846411E0091FAD272B6BFF341
:101B20004F8FBFF36F8F0EF0E1F90000ADABDADA43
:101B3000A8F40420C87404200A4A10B5A2F58061F4
:101B40000948F2F759FB09480068002808D0816B62
:101B5000002905D0BDE81040054A0648FEF75ABBEB
:101B600010BD0000A8F00420A07B0420A8F40420ED
:101B7000A8EC04202806002010B50446D0F8C002C6
:101B8000F4F72BFCD4F8C002BDE81040FAF740BED1
:101B90002DE9F047F5F716FD2B4F0446386840F065
:101BA0000050386001200DF04DFA00F06FF805F09C
:101BB000CEFA2649486814B140F0010001E020F057
:101BC0000100486003F0F0FE214E306820F4007000
:101BD0003060306820F4806030601E4D1E4CDFF8AD
:101BE0007C904FF400680121084603F001FFB5F82E
:101BF000980202280BD1B4F85E0040B994F87C003A
:101C000028B94146484602F0EFFF0028EBD0306883
:101C100040F400703060306840F480603060002034
:101C20000DF05CF904F058FF00F01AF8FFF796F990
:101C3000F1F716FC386840F400503860BDE8F04712
:101C4000322002F09FBD000018080240002004E08E
:101C5000003C024028360020B00200200000024074
:101C6000074810B5006828B1816B19B1054A0648CC
:101C7000FEF7D0FABDE810400148F7F7E5BF0000D5
:101C8000A8F40420A8EC04202806002010B50520A4
:101C9000F5F7C0FCBDE81040FEF7C0B970B5094DBE
:101CA00004460022286804F5A871006C04F0D2FCF8
:101CB000286804F5A6710022006CBDE8704004F0AD
:101CC000A7BC0000A8F40420C0F80013704700006F
:101CD0002DE9F0478CB0064614A8984690E8081203
:101CE00000251C220F4628461F245721414306EB9E
:101CF000C101C1F8A022C1F89C42097A401C0D44E0
:101D00000128F2DB7068D0F85C41022084F8B80149
:101D1000C4F82880E362C4F830C0676308FB05F0AC
:101D20004000C117CDE90A01314800224343D817CA
:101D3000CDE9063009FB0CF04000CDE90202780144
:101D4000C117CDE90001104604EB40010A810A8366
:101D5000401C0828F8DB67632581DDE90A01DDE91D
:101D60000023EEF76BFB208371680A984FF0010A9D
:101D7000C1F89C00A4F80AA0DDE90601DDE9002312
:101D8000EEF75CFB608371680698C1F8C000A4F8A8
:101D90000C90DDE90201DDE90023EEF74FFBA083A3
:101DA00071680298C1F8E4001020E081A4F81EA038
:101DB00071680098C1F8080140F2E2404146804550
:101DC00000D30846B0FBF7F184F8401140F27121CE
:101DD000B0FBF1F184F84111B0FBF7F0E91705EB26
:101DE000117109114843A4F842010CB0BDE8F08715
:101DF000007102009FED0E0A002200EB8201521CCE
:101E000081ED070A81ED080A81ED050A81ED030ADB
:101E100081ED040A81ED060A012AEEDB80ED010A5C
:101E200080ED020A00218184C18401850180704710
:101E3000000000002DE9F04704462DED088B0088D6
:101E400000287DD0DFED54AA012802D0022877D1E6
:101E500012E0E08C04EB800080ED0B0AD4ED050A63
:101E600040EE2A0AC4ED050AE08C401CE084E08CB8
:101E7000FF2865D9022088E000279FED48AA9FED42
:101E8000489B0025B0EE4ABA04EB872604EB87088E
:101E900006EB8500D8ED050A90ED0B0A30EE600ADE
:101EA00010EE100A11F014FD41EC100BB0EE491ABF
:101EB000F0EE691A0EF02CFBB0EE408AF0EE608A6C
:101EC0001BEE100A11F004FD53EC182B10F00AFE63
:101ED00010F0D6FD0BEE100A6D1CFF2DD8DD06F1BB
:101EE0002C004FF4807100F077F92BEE2A0A10EEE7
:101EF000100A11F0EDFC41EC100B0FF09DF951ECC4
:101F0000100B10F0BDFD0BEE100A9FED278B402546
:101F10004FF0C00A4FF0000906EB8500C06A11F0CF
:101F2000D7FC53EC182B10F0DDFD41EC180B6D1CA9
:101F300009F101095545EFD3B9F100000DD000E0DA
:101F400024E011F0DBF841EC100B51EC180B53ECD2
:101F5000102B10F083FE41EC180B51EC180B10F015
:101F60008FFD00EE100A7F1C88ED070A96ED8A0AA5
:101F7000012F88ED080A88ED06BA82DB94ED070A86
:101F8000042084ED020A84ED01AA20802088BDECA3
:101F9000088BBDE8F08700000000803B00000000D7
:101FA00000000000000000400000000000000000F1
:101FB000F0B50C468BB0064600252A4605A92046FA
:101FC00004F048FB2A460AA9204604F021FB9DF8AC
:101FD00015009DF81610C0EB001001EB80042C4B8F
:101FE000079810B91869C0F30E000699814200D90C
:101FF0000146079A401A12B91969C1F30E0242F25A
:102000000F71904200D9104600250AB1914203D1C8
:10201000884214D9084612E0521C0346690842F26D
:1020200010774FEA3200E3FB07014FF00003EEF7B1
:1020300005FA7B1E00221B1A8A4100D2781EAD21B0
:102040008DF800108C218DF80110CDF80240CDF8EC
:102050000600DA208DF812008DF81300142269466C
:102060003046FAF7A1FA0B4C58B1208D401C80B2D3
:102070002085032801D3082020804FF0FF300BB0CB
:10208000F0BD3046FAF7C4FB25850020F7E70000D5
:1020900000280040C838002038B50546AD208DF82E
:1020A00000008B208DF80100DA208DF802008DF8F9
:1020B0000300042269462846FAF776FA094C50B123
:1020C000208D401C80B22085032801D30820208069
:1020D0004FF0FF3038BD2846FAF79AFB00202085E4
:1020E00038BD0000C8380020F0B50C468DB006465B
:1020F00000252A4607A9204604F0ACFA2A460CA976
:10210000204604F085FA9DF81D009DF81E10C0EBD6
:10211000001001EB80042E4B099810B91869C0F328
:102120000E000899814200D90146099A401A12B955
:102130001969C1F30E0242F20F71904200D91046A4
:1021400000250AB1914203D1884214D9084612E011
:10215000521C0346690842F210774FEA3200E3FB53
:1021600007014FF00003EEF769F97B1E00221B1AEE
:102170008A4100D2781EAD218DF800108D218DF896
:102180000110CDF80240CDF8060010210DF10A0033
:10219000EEF7ECFBDA208DF81A008DF81B001C22FC
:1021A00069463046FAF700FA0A4C58B1208D401CB7
:1021B00080B22085032801D3082020804FF0FF3013
:1021C0000DB0F0BD3046FAF723FB25850020F7E778
:1021D00000280040C838002070B500244E1E14E0CE
:1021E00000220D1B6D1E0DE000EB820393EC020A32
:1021F000B4EEE00AF1EE10FA03DDC3ED000A83ED60
:10220000010A521C9542EFD8641CB442E8D3002066
:1022100070BD0000F0EE400AF5EEC00AF1EE10FAD3
:1022200002D89FED0D0A704710EE900AB0F17E5F64
:1022300002DDB0EE600A01E0B7EE000A0020B6EE63
:10224000001AC0EE801A401C062831EE800A20EEEB
:10225000010AF6DB704700000000000090ED010A63
:102260009FED151AF8EE400A9FED140AC0EE801A91
:10227000D0ED000AF8EE600A71EEA00AD1ED011A65
:10228000B8EE612AC2EE001A91ED000A0C49B8EED0
:10229000400A31EE800A30EEC00A10EE100A884281
:1022A00002DD30EE410A704710EE100A05498842FF
:1022B000F9D930EE010A70470000614500401C4624
:1022C0000000E1440000E1C42DE9F04704462DED93
:1022D0000A8BADF5806DB0EE40CA008801285ED152
:1022E000E58C8D425BD3B5F5807F58D89FED5EAB12
:1022F0000026B0EE4A8AF0EE6A8A0CE004EB860013
:10230000C06A11F0E5FA53EC182B10F0EBFB41EC2E
:10231000180B761CB6B2AE42F0D3284610F0EEFE93
:10232000884648EC100B074653EC102B51EC180B69
:1023300010F094FC41EC1B0BB0EE4A9AF0EE6A9A56
:10234000002616E004EB8600C06A11F0C1FA53ECD7
:102350001B2B11F0CFF941EC110B53EC112B10F0AA
:1023600063FF53EC192B10F0BDFB41EC190B761CED
:10237000B6B2AE42E6D348EC107B51EC190B53ECED
:10238000102B10F06BFC10F07BFB82466CEE0C0AFD
:1023900000EE10AAB4EEE00AF1EE10FA06DD00201D
:1023A0000DF5806DBDEC0A8BBDE8F0870020E94695
:1023B00009E004EB800191ED0B0A09EB8001401C60
:1023C00081ED000A80B2A842F3D329464846FFF7C0
:1023D00003FFAF08E81B1FFA80F8B84501D80027B3
:1023E000A84600260DE059F8270011F071FA53ECC9
:1023F0001A2B10F077FB761C41EC1A0B7F1CB6B23F
:10240000BFB24745EFD366B1304610F077FE41ECDE
:10241000100B51EC1A0B53EC102B10F01FFC41EC7D
:102420001B0B51EC1B0B10F02BFB00EE100A690884
:1024300009EB810084ED070A90ED000A84ED080A9B
:1024400000EE10AAFFF7E6FE84ED060A94ED070AF7
:10245000042084ED020A9FED060A84ED010A208023
:1024600001200DF5806D9DE70000000000000000D8
:102470000000000072B60A4845F255510160032180
:1024800041604FF47A7181604AF6AA2101604CF6EE
:10249000CC410160BFF34F8FBFF36F8F0DF038FD5C
:1024A00000300040002807D0044A0168914203D15F
:1024B0000022CA600068026170470000000001400D
:1024C0002DE9F04FFE489DB0D0F8E002DFF8F4931C
:1024D000C0F340001490B9F89802012811D00228E6
:1024E0000FD0002102280ED000201590F648F74C9E
:1024F000006A68B1006858B1A06A48B1149820B168
:1025000006E00121EEE70120EFE709B1012500E037
:102510000025F7F7C5FB17900CF092FA206886B2F9
:1025200040F2E240864200D20646B4F808A04FF0DE
:10253000000B4FEA5A0716977743B846EDB3206B66
:1025400018B1E348874200D20746159808B1E14820
:1025500000E0E14847B1B0FBF7F464B1B0FBF7F13C
:1025600007FB110038B901E00024F6E7B7FBF8F1EA
:1025700008FB117008B101F01DFAD348016A09681F
:102580004A684B6802F0700223F070034B60016AE6
:10259000641E4C61016A09680C63036A1B68C3F816
:1025A00024B0046A012324686361036A1B68C3F8CA
:1025B00010B0006A0068416800E003E021F070019B
:1025C000114341604FF0000BCDF838B0CDF83CB06E
:1025D000CDF840B01C216846CDF844B0EEF7E8F9DC
:1025E000142107A8EEF7E4F9B7484469C4E901BB30
:1025F000206801F00FFCCDE90C011699002306FBC1
:1026000001F0CDE91A0B1890DDE90C016268521C4B
:10261000EDF714FF002316901946189AEDF70EFFF8
:10262000401EE060EDB3A848006A006801F0F2FBCC
:10263000A949B0FBF1FBA449096A4A691599521CE2
:1026400002FB0BF209B1022100E001214A43169B73
:10265000B7FBF8F1A3FB0223A2FB017803FB018186
:102660004FF0000C02FB0C11024663463846EDF7B2
:10267000E5FE07468846BBF1000F04D00846F91E68
:1026800070F1000001D201F095F90920A7FB00C309
:1026900008FB0030002207FB02010A2200236046EB
:1026A00000E00AE0EDF7CAFE0746C01E71F1000027
:1026B00001D201F07FF97F1EE7604FF0800800270C
:1026C000C4F818802046276104F0EAFD08B101F043
:1026D00071F9202012908020139012A9204604F056
:1026E00069FD08B101F066F94FF480500E900EA913
:1026F000204604F0F4FF08B101F05CF9204605F033
:10270000DBF908B101F056F970200090E068002272
:10271000401E01900220029069460497204605F071
:1027200065F908B101F046F9DDE90C02AE21A0FB24
:1027300001C802FB0181002300FB0311DFF89CB1FB
:1027400060465A46EDF77AFE401C01900822694621
:10275000204605F04BF908B101F02CF960200090FB
:10276000DDE90C029A21A0FB01C802FB01810023D4
:1027700000FB03115A466046EDF760FE401CCDE9B0
:1027800001070C226946204605F030F908B101F036
:1027900011F9204605F0AAF8DFF84481DFF844B1CA
:1027A000149800B935BB2068404513D0B0F1804F74
:1027B00010D058450ED04C4988420BD04B49884226
:1027C00008D04B49884205D04A49884202D04A493C
:1027D00088420ED1079707A92046089705F043FACB
:1027E00008B101F0E7F845B32068016841F008013D
:1027F00027E015B32068404513D0B0F1804F10D0CA
:1028000058450ED0384988420BD03849884208D004
:102810003749884205D03749884202D03649884234
:10282000E2D10620CDE9070707A9204605F01BFAEB
:102830000028D9D001F0BEF8D6E72068016821F061
:10284000080101601798B6FBF0F101FB0AF1480896
:1028500000D101201C4C401EE269D060E06904F008
:102860001FFD08B101F0A6F83DB3D4F81CA0DAF8BA
:102870000000404513D0B0F1804F10D058450ED025
:10288000194988420BD01949884208D01849884212
:1028900005D01849884202D0174988420DD1142129
:1028A0006846EEF785F80720CDE9000769465046EF
:1028B00005F0D9F908B101F07DF8A246A4691DE040
:1028C000A8F404202836002058E10420A8EC0420B5
:1028D00000E2040000C409000088130000CA9A3B0B
:1028E000000001400004004000080040000C0040CF
:1028F000000401400040014000180040ECB3206893
:10290000D8B3BDB1404513D0B0F1804F10D0584579
:102910000ED05B4988420BD05A49884208D05A49A8
:10292000884205D0594A904202D0594A904201D17A
:10293000012100E000215FEA01086CD0B9F898029B
:10294000022869D05348CDE900076760A760DDE938
:10295000000132460023EDF771FD401EC4E9030774
:102960002046A76104F09CFC08B101F023F8B8F1FF
:10297000000F0FD01421684600E00BE0EEF718F8C6
:102980000720CDE900076946204605F06CF908B13B
:1029900001F010F8F5B3B9F8980201286DD1079746
:1029A0001C2168460897EEF703F8DAF820405546F0
:1029B000206801F02FFACDE90A016760A760DDE920
:1029C0000A01344A0023EDF739FD401EC4E903072C
:1029D000A7612068416821F070014160204604F041
:1029E0005FFC08B100F0E6FF2020079080200890EF
:1029F00007A9204604F0DEFB08B100F0DBFF264803
:102A00000BF0E2FF60200090E0684008CDE901078C
:102A10006A8E02E018E029E02DE06946204604F0C5
:102A2000E5FF08B100F0C6FF204604F05FFF204636
:102A3000FFF738FD698E286A05F0D6F8286A04F099
:102A400023FE2046FFF72EFDB9F89802012814D185
:102A50001248B0F85E1000290FD190F87C000028D1
:102A60000BD11DB0BDE8F04F0CF0E6B801F0D2F983
:102A7000CDE9000169E70A4865E71DB0BDE8F08FC0
:102A800000080040000C00400004014000400140EC
:102A90000018004000881300A8F40420B0020020B1
:102AA00000C4090000B589B0AD208DF800008E206B
:102AB0008DF801000C48806A0B49CDF80200142201
:102AC00014310DF10600EDF790FE30208DF81A005C
:102AD000DA208DF81B008DF81C001D226946034882
:102AE000F0F730FB09B000BD58F70420F09E042039
:102AF00010B502F08BF8104942F2107301F1800218
:102B00008C7C34B10D4CB4F85E4014B1946D34B18A
:102B100007E0002481F82A401844906510BDC418CD
:102B20009465041BFAD4012481F82A40916D19445C
:102B30009165411AFAD510BD00000020B0020020B6
:102B40002DE9F041354E86B0356F354C208804288C
:102B500011D00027707D4FF0000880B1706FA8423F
:102B600043D019212F48F0F72FFC30B14FF0FF3040
:102B700006B0BDE8F0810127ECE786F8158094EDFA
:102B8000020AD4ED010AE08C30EE601AD4ED060A98
:102B900094ED030AADF81400AD208DF800008220FA
:102BA0008DF8010011EE100A8DF80270CDF80300C7
:102BB00010EE900A1322CDF8070010EE100A6946B5
:102BC000CDF80B00BDF81400ADF80F00DA208DF839
:102BD00011008DF812001348F3F7FFFB10B16FF0EE
:102BE0000100C5E70120756770750F48D0F80C0922
:102BF00020B10C48F9F70CFE401C07D019210948F8
:102C0000F0F7E2FB28B16FF00300B1E76FF00200CC
:102C1000AEE786F815800020AAE70000000000203B
:102C2000C8380020F09E0420F0AE04202DE9F04FBB
:102C30002DED028B8DB001F0E9FF9FEDAF8AAF4C17
:102C400001202075F4F7C6FCAD48009001F0DEFFCE
:102C50008146AA48006F1424019001F0D7FFA0F12B
:102C60001407A848B846B0F826A001880026042911
:102C700047D1DDE001F0CAFF05460098B0F8B00288
:102C8000C0067DD59D490198096F8842DED14EB9B5
:102C9000E81BA04206D39C48FFF7FEF908B90126BD
:102CA000A8462F46BBF826205846524504D0B0F817
:102CB00026A0002614240DE066B1A5EB0801B1F5AD
:102CC000FA7F07D30026A02C03D26400A02C00D9E1
:102CD000A0242F468D49A5EB09028A4205D2A5EB17
:102CE000090243F698218A4201D308210180008815
:102CF000082845D0F0F794F9FEF776F9012001F0A5
:102D000041FDDFF800B2BBF800000028B2D0002679
:102D100001F07CFF07467B48B846BB46C18C824623
:102D200002916EE001F072FF05460098B0F8B00223
:102D3000C006A6D5BAF800105046002986D06F4AC2
:102D40000199126F914281D101880829D1D0C18C9B
:102D5000029881420FD0BAF80010504601290AD1DA
:102D6000C08C0290AB46002614244021B0EE480AE5
:102D70006448FFF7A9FABAF80000042845D000E03B
:102D8000B3E066B1A5EB0800B0F5FA7F20D30026CA
:102D9000A02C03D26400A02C00D9A0242F46E81B4D
:102DA000A04215D3BAF8260050B9A5EB090041F2AC
:102DB0008831884204D956495348FFF7F9F803E0AF
:102DC00053495148FFF790F908B90126A8462F4604
:102DD0004E48A5EB0901814205D2A5EB0B0143F654
:102DE0009820814202D30820AAF80000BAF8000017
:102DF00008287BD0F0F714F9FEF7F6F8012001F06F
:102E0000C1FCBAF8000004288CD100245546404883
:102E100095ED020AD5ED010A30EE600AFBF786FF58
:102E200030B1022001F0AEFC641CE4B2032CEED3FE
:102E30003848B0F89802012852D1002207A9344836
:102E400003F008FC00220CA9314803F0E1FB002646
:102E50000322694630480096FEF728F92E48F9F714
:102E6000F7FD192001F08EFC3C258DF800508A20DA
:102E70008DF801000C98CDF80200142207A90DF17D
:102E80000600EDF7B2FC3E248DF81A401B2269467D
:102E90002148FEF70BF92048F9F7DAFD0C2001F084
:102EA00071FC1B2269461C48FEF700F91A48F9F725
:102EB000CFFD8DF8005082208DF8010001208DF8A3
:102EC000020081208DF803008DF804608DF8054024
:102ED000062269461048FEF7E9F80F48F9F7B8FDF1
:102EE0000DB0BDEC028BBDE8F08FFFE7F4F7B0FA50
:102EF000024900200875F3E76F12833A00000020B2
:102F0000F0CE0420C8380020F09E042020BF02002C
:102F1000CCA50020283600202806002010B5044645
:102F20000C4820604FF49640606000204FF48061B0
:102F3000A060C4E903010C21C4E90510E06120464A
:102F400004F00EFF08B100F035FD2046BDE810404A
:102F5000F7F7FEB90010014010B504460B48206099
:102F60004FF4964060600020A0600C21E060C4E94E
:102F70000401A061E061204604F0F2FE08B100F017
:102F800019FD2046BDE81040F7F7E2B900100140F6
:102F900010B5040003D011B1F3F71FFA10B14FF0D0
:102FA000FF3010BD2046F9F733FC401C04D020460A
:102FB000BDE81040F9F74CBD6FF0010010BD00787E
:102FC00031F9100000EE100AB8EEC00A82ED000AD6
:102FD00070470378407831F9133031F91000181A2E
:102FE00000EE100AB8EEC00A82ED000A704710B574
:102FF00043780478807831F9133031F9144031F98D
:103000001000C3EB4403181A00EE100AB8EEC00A11
:1030100082ED000A10BD0000D1F88010064A19B1F7
:10302000012903D0022903D002607047034900E060
:103030000349016070470000BF2F0308D32F030826
:10304000EF2F0308F0B540F2E24687B00746B142E1
:1030500001D2304600E00846002544F62062904246
:1030600001D310250AE042081748102450F82430F4
:10307000934201D8254601E0641EF7D5B14200D342
:103080000E46124878600020CDE900001048006824
:10309000B0B14FF0FF300146CDE900010837069787
:1030A000DDE90001CDE9040100200096CDE901052C
:1030B0000823084A0849094808F022FF07B0F0BD74
:1030C000F4F76CFCE8E70000FC500408B0020020B4
:1030D000A8EC042000000240F4A6002044A6002032
:1030E00070B5044616466518106804E014F8011B14
:1030F00080B20CF0C1FDAC42F8D3306080B2002148
:103100000CF0BAFDBDE8704000210CF0B5BDF0B583
:10311000002246E002EB420100EB810400EB820555
:10312000D4ED600AD0F84063D5F80013B0EE402A21
:1031300020EE800A8E46012356F8227015E004EB3B
:10314000830C04EB8106DCED600A96ED001AD6EDE7
:10315000301A491E60EE810A9CED901A41EE610A18
:1031600030EE800A00D539445B1C9F42E7DC0EF14B
:10317000010EC5F800E3D0F8401351F82210714554
:1031800001DD714602E00021C5F8001304EB810166
:10319000521C81ED002AD5F8001304EB810181ED6A
:1031A000300AD0F844139142B4DCF0BD2DE9F04F61
:1031B000994693468A460023DDF824E025E003EB98
:1031C000430200219FED140A0F4600EB83060BEB30
:1031D00082050AEB820400EB820C0CEB810205EB0A
:1031E000810882ED000A82ED300AC6F80073D8ED3E
:1031F000000A04EB8108C2ED900AD8ED000A491CD0
:10320000C2ED600A0329E8DB5B1C4B45D7DBC0E954
:10321000D0E9BDE8F08F000000000000002141630C
:103220004FF4006181627047F0B50DF1140EDDE9D5
:1032300008549EE8C0104A43426201FB03F2026256
:1032400001FB06F34FF47A72B3FBF2F3C36001FBA8
:1032500007F3B3FBF2F3036101FB0CF36943B3FB28
:10326000F2F6B1FBF2F1C0E90161B3FBF2F10160EA
:103270000021C16280ED060A9FED030A416380EDE3
:10328000050A84638162F0BD0000000010B50446A9
:10329000806A010556D5010454D4810446D4C10482
:1032A00027D5636A626B9A423CDB216A0B449342E6
:1032B0000CDD00EE901AF8EEE00A80EE201A94ED94
:1032C000070A31EE000A84ED070A2BE094ED070AA5
:1032D000D4ED060A20F4805040F4005020EE200A7D
:1032E00084ED050AA0620020E0622046F1F774F93F
:1032F00018E0626A616B91420CDB20F480409FED24
:10330000160A40F4805084ED070AA0622046F1F7C7
:1033100015FB07E0410405D440F48040A06220463C
:10332000F1F792FB606B401C60630BE0D4ED050A83
:10333000C10709D0F4EEC00AF1EE10FA02DD20F068
:103340000100A062A06A10BDF4EEC00AF1EE10FA0E
:10335000F8D240F00100F4E700000000014801F05D
:103360005BB80000F0FD04202DE9F0416249012224
:1033700051F8580F0B7902FA03F383600C79042398
:1033800003FA04F484600D79082404FA05F58560D5
:103390000E79202505FA06F686600979102606FAC8
:1033A00001F18160554951F8580F0F79BA40826098
:1033B0000A79934083600A79944084600A79954041
:1033C000856009798E4086604D4C616BA06A2368E8
:1033D000401AA062E06A0E460844E062616E04F1A1
:1033E0006000A26E3244A266A26E8A4206D3826850
:1033F000B2FBF1F5826805FB11228260856A0746FF
:10340000C16AAD1941F100018562C162002107EB7B
:103410008102183252E8005F354442E8005CBCF19A
:10342000000FF7D1491C0329F1DBA16A21B1204625
:10343000BDE8F0410BF0DAB8217921F004012171E7
:103440002168096800E000BF8A689207FBD5196807
:103450000A6822F040020A6019684A6822F00302F2
:103460004A60D96C09680A6822F001020A60996C06
:1034700009680A6822F001020A6019680A6842F0C5
:1034800040020A60E16A40F6F41501F6F411E162C7
:103490004168826802F6F412826082688A4206D32A
:1034A00082688368B2FBF1F202FB11318160816AAC
:1034B000C26A40F6F413CB1842F100018362C16284
:1034C000002100EB8102183252E8003F2B4442E811
:1034D0000036002EF8D1491C0329F2DB2046F3F711
:1034E00023F9FBF7ADFAF3F71BF92046BDE8F041ED
:1034F00003210EF03DBB000094AA002090FD0420A3
:10350000603D002070470000094810B5016800299F
:103510000CD0806D002809D00648F8F7CFFF0028AE
:1035200004D1BDE810400348FDF7B6B810BD000057
:1035300050FE042028060020014800F06DBF000066
:1035400034AA002070B50F4EB46D256896F85C1053
:1035500010208840284205D0A1680143A1600A4894
:10356000EDF7ECFC96F85C1020208840284207D04C
:10357000A1680143A160BDE870400348EDF7DEBCDF
:1035800070BD0000C8750420F83C002022490122CB
:1035900051F8580F0B799A4082600B7904229A40B7
:1035A00082600B7908229A4082600B7920229A402F
:1035B00082600A791021914081601848036B426A49
:1035C0000168D21A4262C26B1A44C263826A1AB19B
:1035D0000CF068BB00BF00E0086882689207F9D56C
:1035E0000868026822F0400202600868426822F01F
:1035F00003024260C86C0068026822F001020260A7
:10360000886C0068026822F00102026008680168A4
:1036100041F040010160704790FD0420603D0020B2
:103620007047000070B50F4DAC6D266895F85C10C2
:1036300010208840304205D0A1680143A1600A48AB
:10364000EDF77CFC95F85C1020208840304207D0D4
:10365000A1680143A160BDE870400348EDF76EBC6E
:1036600070BD000054AB0020F83C00207047000003
:1036700010B504F0F7FD0B49002806DD887C002812
:103680000FD00846F6F71BF806E00ADA887C002817
:1036900007D00448F6F71DF8BDE810400320FDF7F9
:1036A00045BE10BDB002002070470000094810B5AB
:1036B000016800290CD0806D002809D00648F8F771
:1036C000FDFE002804D1BDE810400348FCF7E4BF2C
:1036D00010BD0000B0FE0420280600200148F8F7C5
:1036E000EDBE0000F09E042001681823CAB2103A13
:1036F000B2FBF3F2054B6FF30901032A9B5CC36530
:1037000000D9091D8165084670470000245404084B
:1037100010B5014600208B698A6A4FF0C07453B11E
:10372000B3F5005F15D072B1012A0CD0022A0AD07D
:10373000032A09D104E01AB1012A06D0022A03D1D2
:10374000C96AC90100D5012010BDC96AA142FAD0D9
:1037500010BD002AF7D0012AF2D0022AF3D0032AA2
:10376000F3D010BD30B50468256825F480252560A8
:10377000046863608368402B036803D09960006825
:10378000C26030BD9A600068C16030BD7047000003
:103790002DE9F05FFBF792FEDFF8CC800446D8F805
:1037A0000000324DDFF8C8A0324E00054FF001078F
:1037B0004FF000093BD54FF4006BC8F800B0B5F8E6
:1037C000980228B959462C4801F00EFA00B9B77191
:1037D0005946294801F008FA284938B196F83600C8
:1037E00028B30868844205D3201A06E00C6086F8E6
:1037F00036701CE0224A101A20440F2813D3DAF83E
:10380000E02222F00402CAF8E02286F80590B5F81A
:103810009802022807D11B48B0F85E201AB990F828
:103820007C0000B9B770C1F8009086F83690D8F8DF
:1038300000104046C90414D54FF480510160B5F81A
:10384000980200280DD10C4801F0CEF9002808D1CB
:10385000B771DAF8E01221F00401CAF8E01286F834
:103860000590BDE8F09F0000143C01402836002080
:10387000A8F4042000000020000002400001002005
:10388000005C2605B002002004480168890703D5C2
:1038900002210160F3F7FEBD70470000143C0140B7
:1038A000114810B5016849071CD50421016001F0D9
:1038B000ADF90E49C1F8E4020D4CB4F8B002C006EF
:1038C00005D5EFF723F910B10A4901204870F1F747
:1038D00077F9B4F8B002000404D4BDE810400648FB
:1038E000F6F72FBD10BD0000143C0140A8F40420E1
:1038F000F0CE042000000020F09E0420044801685F
:10390000090703D508210160FAF7C4BC704700001D
:10391000143C01400B480168C90611D51021016013
:10392000094A41F28831D06F90FBF1F301FB13019A
:10393000401CD067002903D10449012081F81003FD
:1039400070470000143C014080000020A8F40420CF
:1039500070B5144C2068144D800603D520202060DB
:1039600001206876206800060CD58020206001F0D8
:103970004FF80E48D0F8E01221F00401C0F8E01230
:10398000002068712068C00505D54FF48070206064
:103990000748F6F7D9FB2068800502D54FF4007080
:1039A000206070BD143C014000000020A8F40420F9
:1039B000F09E04200B48026842F0805202600068CA
:1039C0000948026842F4807202600068084A0748A9
:1039D0001060074808380160BFF34F8F72B6FEF7DA
:1039E0007FF8FCE740380240007000402152524509
:1039F00084280040002229B101291AD002291BD0B5
:103A00004FF440720E490B6823F440730B600B684F
:103A100013430B600A6822F078020A600A680223E6
:103A200003EBC00002430A60086840F4803008607D
:103A300070474FF48072E5E74FF40072E2E7000050
:103A4000103C02401348016889050FD5016821F434
:103A500000710160016841F400610160016821F4B6
:103A600000610160016841F400710160016849056D
:103A70000FD5016821F480610160016841F4805133
:103A80000160016821F480510160016841F48061A6
:103A900001607047003C024010B586B00C46B0F1A2
:103AA000006F20D312498C421DD8A0421BD800F0D1
:103AB00021F80346204600F01DF8591C13D0411C84
:103AC00011D00021C01A00910221401C0293CDE9BF
:103AD000030100F0FDFE05A9684600F065FE0446FE
:103AE00000F0AEFE14B1012006B010BD0020FBE7CF
:103AF000FFFF1708A0F10061B1F5C01F02D34FF01E
:103B0000FF3070474FF48042914201D2002070474D
:103B10002C490144914201D2012070472A490144B5
:103B2000914201D20220704728490144914201D2BA
:103B30000320704726490144B1F5803F01D204209B
:103B4000704724494FF400320144914201D20520CC
:103B5000704721490144914201D2062070471F4914
:103B60000144914201D2072070471D49014491420E
:103B700001D2082070471B490144914201D209201B
:103B8000704719490144914201D20A2070471749F0
:103B90000144914201D20B207047A0F10161914292
:103BA00001D20C20704712490144914201D20D20EC
:103BB000704710490844904201D20E2070470F20F0
:103BC0007047000000C0FFF70080FFF70040FFF7DC
:103BD0000000FFF70000FEF70000FCF70000FAF716
:103BE0000000F8F70000F6F70000F4F70000F2F725
:103BF0000000EEF70000ECF72DE9F84305460F460C
:103C00001446800702D00420BDE8F8836FB1B5F1F7
:103C1000006F0AD31C48854207D842B1E21C22F04B
:103C200003012944491E814201D90320ECE700F039
:103C30004FFE4FF0FF3820E0CDF80080042C01D378
:103C4000042600E02646324639466846ECF7CDFDAC
:103C5000002329460220009A00F0FCFD10B100F07C
:103C6000EFFDE2E728680099884203D000F0E8FD04
:103C70000220C9E7A41B37442D1D002CDCD100F025
:103C8000DFFD0020C0E70000FFFF170808490A68B1
:103C900022F440720A600A6842F004020A600A686C
:103CA0004FF4803343EA002002430A60704700006B
:103CB000103C0240064A136823F4407313601368F3
:103CC0001360136843F00103136001707047000034
:103CD000103C0240094910B50C6824F440740C6093
:103CE0000C6844F440740C600C6844F001040C60EF
:103CF0000260BFF36F8F436010BD0000103C0240B4
:103D0000074A136823F440731360136843F4807305
:103D10001360136843F001031360018070470000D3
:103D2000103C0240074A136823F440731360136881
:103D300043F400731360136843F0010313600160E0
:103D400070470000103C02401C490868C2061C482D
:103D500005D5C26942F01002C26110220A600A68E9
:103D6000920605D5C26942F00802C26120220A60AB
:103D70000A68520605D5C26942F00402C2614022B7
:103D80000A600A68120605D5C26942F00202C261E1
:103D900080220A600A68D20506D5C26942F0010293
:103DA000C2614FF480720A600A68920705D5C26941
:103DB00042F02002C2610220086070470C3C0240C1
:103DC0008C02002070B5114904460020C86100F043
:103DD0001DFF05460E4E09E0601C07D024B100F01F
:103DE00015FF401BA04201D9032070BD3068C003FD
:103DF000F2D43068C00701D001203060306810F480
:103E0000F970F2D0FFF7A0FF012070BD8C020020F6
:103E10000C3C024010B50F490F4C88420BD00F49A3
:103E2000884208D00E49884205D00E49884202D007
:103E30000D49884205D102F0F5F8216801F460418E
:103E400004E002F0DFF8216801F4E05101B1400024
:103E5000002110BD0000014008380240000401406C
:103E600000400140004401400048014070B590F816
:103E70003C206A4C012A19D0012280F83C200A68B3
:103E800007250368092A13D9DE680A3A02EB4202C1
:103E90009540AE43DE600A788B680A3A02EB420234
:103EA00093400268D5682B43D36010E0022070BDB8
:103EB0001E6902EB42029540AE431E610A788B6890
:103EC00002EB42029340026815692B4313610268BA
:103ED000936B23F4401393630268936B0D8A504EE7
:103EE00006EB05552B4393630A790B7CD21AD21C3F
:103EF00002EB82021F2393400268956B9D439563FA
:103F00000A790B7CD21A0B88D21C02EB82029BB27C
:103F100093400268956B2B4393638A69A2420268BF
:103F2000936823F470239360026893680CD08C69C3
:103F3000234393600268936823F4401393600268FC
:103F40009368CC69234301E023F4401393604A7DD6
:103F5000002A0268536802D043F4806301E023F42E
:103F6000806353600A7D002A0268536802D043F4DC
:103F7000805301E023F4805353604A68012A16D02D
:103F8000022A1FD0032A026827D0136A6FF30B039B
:103F900013620268136ACC6823431362224B0468DD
:103FA000204A9C4227D10C68122C20D023E00268C2
:103FB00053696FF30B03536102685369CC68234361
:103FC0005361EBE7026893696FF30B039361026837
:103FD0009369CC6823439361E0E7D3696FF30B03E4
:103FE000D3610268D369CC682343D361D6E75468B0
:103FF00044F48004546004689C420AD10968A1F129
:104000008053123B01D0112903D1516841F40001C2
:104010005160002180F83C10084670BD01000F007F
:104020000000F0FF002301400020014078B500248B
:10403000009490F83C20012A19D0012280F83C20FD
:104040000A6807250368092A13D9DE680A3A02EBD1
:1040500042029540AE43DE600A788B680A3A02EB72
:10406000420293400268D5682B43D36010E00220DF
:1040700078BD1E6902EB42029540AE431E610A788C
:104080008B6802EB42029340026815692B4313616F
:104090004A681F25072A13D203685E6B521E02EB83
:1040A00082029540AE435E630A8893B20A79521E3B
:1040B00002EB820293400268556B2B43536327E067
:1040C00003680D2A12D21E6BD21F02EB82029540AA
:1040D000AE431E630A8893B20A79D21F02EB8202B2
:1040E00093400268156B2B43136311E0DE6A0D3AAF
:1040F00002EB82029540AE43DE620A8893B20A79EF
:104100000D3A02EB820293400268D56A2B43D362D8
:104110001B4B0568194A9D420AD10D68122D07D123
:10412000556825F400055560556845F480055560CF
:1041300005689D421DD1134D0B68AB4201D0112B78
:1041400017D1536823F480035360536843F400038A
:1041500053600968A9420CD10B490C4A0968B1FBAC
:10416000F2F101EB8101490000E0491E00910029B4
:10417000FBD180F83C40002078BD000000230140C6
:104180000020014012000010C874042040420F00BB
:1041900070B504000FD0206C40F00200206420684D
:1041A000816821F001018160206880684FF000057E
:1041B000C00702D006E0012070BD204600F030F8B4
:1041C0006564256484F83C50284670BD70B50400D1
:1041D0004FF0000603D0206C002510B107E001204D
:1041E00070BD204600F03CF8656484F83C50206CBB
:1041F000C00610D4206C20F4885040F002002064E7
:104200002046ECF7A1FD6564206C20F0020040F030
:104210000100206400E0012684F83C50304670BD67
:1042200010B500680A49884211D10A48016821F492
:10423000807101600121084800F060FB01210748FE
:1042400000F05CFBBDE81040122001F05CBB10BD2B
:1042500000200140443802400000024000040240B7
:1042600070B586B0044614216846ECF7A1FB1D49E1
:104270002068884233D11C480025016841F48071D0
:104280000160006800F480700590174814380168D8
:1042900041F001010160016801F00101059101682F
:1042A00041F0020101600068012600F00200009662
:1042B0000590032469460D48CDE9014500F0B4FBA3
:1042C000009669460A48CDE9014500F0ADFB0022A1
:1042D0000721122001F036FB122001F025FB06B069
:1042E00070BD000000200140443802400000024040
:1042F000000402402DE9F0410446876D00F086FC81
:10430000054694F835000026022806D08020606516
:1043100084F834600120BDE8F0812068016821F054
:10432000160101602068416921F080014161206C23
:1043300008B9A06C20B12068016821F00801016073
:104340002068016821F0010101600CE000F05EFCD2
:10435000401B052807D920206065032084F835001C
:1043600084F83460D7E720680068C007EED194F87D
:104370005C103F208840B860012084F8350084F844
:1043800034600020C7E790F83510022903D080215F
:10439000416501207047052180F8351000680168EB
:1043A00021F0010101600020704770B504002BD09E
:1043B00094F83500022826D02068016821F0010118
:1043C00001602068002505602068456020688560E0
:1043D0002068C56020680561216821204861204669
:1043E000FFF782F9E56325646564A564E5642565E6
:1043F00094F85C203F2191408160656584F83550D8
:1044000084F83450002070BD012070BD406D7047AD
:1044100090F83500704700002DE9F84304464FF04E
:104420000009CDF8009063484FF41651A56D00685F
:10443000B0FBF1F72E6894F85C20082101FA02F035
:1044400030420FD02068026852070BD5026822F074
:104450000402026094F85C008140A960606D40F045
:104460000100606594F85C104FF0010808FA01F053
:10447000304208D021684969090604D5A860606DFA
:1044800040F00200606594F85C10042088403042DF
:1044900008D021680968890704D5A860606D40F0DC
:1044A0000400606594F85C1010208840304218D0F9
:1044B00021680968090714D5A860206801684903C4
:1044C00004D50068000308D5A16C07E00168C905A0
:1044D00003D4016821F008010160216C09B1204674
:1044E000884794F85C1020208840304231D0216801
:1044F0000968C9062DD5A86094F8350005282068FC
:10450000016806D0490347D5006800031DD4616CDB
:104510001CE021F0160101602068416921F0800152
:104520004161206C08B9A06C20B12068016821F0BD
:104530000801016094F85C103F208840A86084F86E
:10454000358084F83490216D1FE0E16B09B120467D
:104550008847606D00282BD0606DC00714D00520FF
:1045600084F835002068016821F00101016000989D
:10457000401C0090B84203D820680068C007F6D1FC
:1045800084F8358084F83490E16C002910D001B0B3
:104590002046BDE8F04308470168C905D5D4016845
:1045A00021F01001016084F8358084F83490CCE764
:1045B000BDE8F883C87404202DE9F041044600F0FA
:1045C00025FB05465CB1022084F83500002684F8FE
:1045D00034602068016821F0010101600DE00120D4
:1045E000BDE8F08100F012FB401B052805D9202012
:1045F0006065032084F83500F2E720680068C00792
:10460000F0D121680A6820480240D4E90103184328
:10461000D4E903352B43184363691843A36918434E
:10462000E3691843236A18431043626A042A03D1DA
:10463000D4E90B231A431043086020684069656A77
:1046400020F0070128460D43012704280CD1A06A59
:104650000543E06A40B12046FFF75AF820B14020F8
:10466000606584F83570BAE7206845612046FFF739
:104670003BF894F85C203F2191408160666584F8A6
:1046800035700020ACE700003F8010E070B50446B4
:1046900090F83400002501280CD0012084F8340063
:1046A00094F835600020012E06D084F834000225ED
:1046B000284670BD022070BD022684F83560606512
:1046C0002046FFF74FF82068016841F001010160C2
:1046D000EEE72DE9F0410446866D90F834000025A0
:1046E00001280DD0012084F8340094F835700020A2
:1046F000012F07D084F8340002252846BDE8F08158
:104700000220FBE7022784F8357060652046FFF73A
:1047100029F894F85C103F208840B0602068016858
:1047200041F016010160206C20B12068016841F061
:10473000080101602068016841F001010160DCE7C7
:104740000D4910B56FF49A30086000200860091D0B
:104750000A4A0A6008600849094A10390A60086074
:10476000C022091D0A6008600322091D0A60086052
:1047700001F090F8002010BD20380240F379570373
:10478000FF10600070B5044600F040FA0546601C5A
:1047900002D004480078044400F038FA401BA042DC
:1047A000FAD370BD907B04202DE9F04704462248DF
:1047B0000E46017E01290AD00121804601764CF285
:1047C00050394846FFF7FEFA020003D02FE00220DE
:1047D000BDE8F0874FF0FF3030602068174F0128A8
:1047E00001D0A5681CE0207C6168FFF74FFA4846BD
:1047F000FFF7E8FA0246386820F00400386014E059
:10480000217C2846FFF7F6F84846FFF7DBFA02005E
:10481000386820F07A00386001D0356005E06D1C02
:10482000D4E902100844A842EAD8FFF70BF90021A6
:1048300088F818101046CBE78C020020103C02408C
:104840000348016841F0004101600020704700000A
:10485000103C02402DE9F0471B4E05461446307EC1
:104860001F468946012808D0012030764CF2503886
:104870004046FFF7A7FA18B114E00220BDE8F08720
:104880009DB1012D16D0022D19D022463B46484637
:10489000FFF720FA4046FFF795FA0C490A6822F024
:1048A00001020A6000213176E8E7E1B24846FFF7ED
:1048B00001FAEFE7A1B24846FFF722FAEAE72146FC
:1048C0004846FFF72FFAE5E78C020020103C024033
:1048D000074900200A68002A09DA054A054B0C3A04
:1048E0001360054B13600968002900DA0120704746
:1048F000103C024023016745AB89EFCD2DE9F04F15
:104900008946DFF8E4A000214FF0010B4FF00F0CB7
:104910000BFA01F609EA0603B34260D121F0030461
:104920005444D4F808288D072F0F0CFA07F505EA30
:1049300002082E4A904201D100221EE02C4A9042E9
:1049400001D1012219E02B4A904201D1022214E048
:10495000294A904201D103220FE0284A904201D116
:1049600004220AE0264A904201D1052205E0254AA8
:10497000904201D1062200E00722BA40424515D1FB
:10498000214F3A689A433A603F1D3A689A433A6029
:104990001D4F0C373A689A433A603F1F3A689A4372
:1049A0003A60D4F80828AA43C4F8082803684C00E1
:1049B0000322A24093430360CB0800EB83031D6AEC
:1049C0004C07E70E0CFA07F4A5431D62C368934336
:1049D000C3604368B3434360836893438360491C67
:1049E000102995D3BDE8F08F00300140000002404F
:1049F0000004024000080240000C02400010024087
:104A00000014024000180240003C014070470000C2
:104A1000044910B50A68024202D00860FFF7F6FFA9
:104A200010BD0000143C01402DE9F84FDFF89091D3
:104A30000022A9F1040B03274FF00F0C09F1040A1F
:104A4000ABF1040E01250B6895402B40AB426ED1B3
:104A50000C7904F00304012C01D0022C15D18668D6
:104A6000540007FA04F826EA0806D1F80C8008FA80
:104A700004F848EA0608C0F808804468AC430D7999
:104A8000C5F300159540254345600C79E443A40720
:104A900008D0C568540007FA04F6B5438E68A640EE
:104AA0002E43C6600C7904F00304022C11D1D40803
:104AB00000EB8406356A5407E40E0CFA04F825EA84
:104AC0000805D1F8108008FA04F848EA0508C6F885
:104AD00020800568540007FA04F6B5430E7906F005
:104AE0000306A6402E4306604C6814F4403F61D094
:104AF000344C256845F480452560246822F0030580
:104B000004F480440094304C05EB0408D8F80858AD
:104B10009407260F0CFA06F4A5432C4CA04201D1B1
:104B200000241FE02A4CA04202D101241AE041E0F7
:104B3000284CA04201D1022414E0274CA04201D10C
:104B400003240FE0254CA04201D104240AE0244CA8
:104B5000A04201D1052405E0224CA04201D1062447
:104B600000E00724B4402C43C8F80848D9F80040B6
:104B70004D464E689C43F60200D51C432C60DAF883
:104B8000004055464E689C43B60200D51C432C603D
:104B9000DBF800405D464E689C43B60300D51C43DD
:104BA0002C60DEF8004075464E689C43F60300D545
:104BB0001C432C60521C102AFFF444AFBDE8F88F50
:104BC000083C0140443802400030014000000240EF
:104BD0000004024000080240000C024000100240A5
:104BE00000140240001802400069084000D0012073
:104BF0007047426921EA02030A4043EA02418161A7
:104C000070470AB1816170470904FBE70148806879
:104C100070470000907B0420014800787047000036
:104C2000907B04200148006870470000107AFF1F45
:104C300070B5040004D094F84100002510B106E0DE
:104C4000012070BD84F84050204603F01DF9242057
:104C500084F841002068C16821F40051C1602046F9
:104C60000AF012FF2068016921F490410161206877
:104C7000416921F0220141612068416941F0080148
:104C800041612068C16841F40051C1606564202021
:104C900084F8410084F842006563002070BD000084
:104CA0000349884201D1F7F77BB8EDF78BBE0000CE
:104CB00078A50020704710B5040013D0242084F894
:104CC0003D002068016821F001010160204600F0EC
:104CD0001BFD0020206484F83D0044F8300FA073D1
:104CE000207310BD012010BD90F83D10282901D07F
:104CF0000220704790F83D1090F83E2001F003012B
:104D00000A430263202180F83D10002180F83E1004
:104D100050F8201B0A6822F480620A6050F8200CC8
:104D2000416821F440714160002070472DE9F04155
:104D3000016804464A694E6890F83E000025D74352
:104D4000FA0506D4F243D20503D46FF4807201252C
:104D50004A61B90508D4F143C90505D422686FF446
:104D6000007145F002055161790525D4F143C9056B
:104D700022D4638D94F83D10226B202808D13BB9D2
:104D8000212910D029290ED0282901D1212A0AD081
:104D900022686FF48061516145F00405102806D047
:104DA000402804D008E0204608F0DEFA04E020683D
:104DB000016841F400710160380508D4F043C00572
:104DC00005D421686FF4006045F008054861002DA6
:104DD00007D0206C284320642046BDE8F04107F04E
:104DE00061BEBDE8F0812DE9F047026800215368FB
:104DF000C66A90F83E4090F83D50102C12D0402CDE
:104E000010D0046C002C7DD05469E443A6077AD4FA
:104E1000DE43B60577D4036C03B19169BDE8F04772
:104E200008F07EBA976951694FF42A0CC9435FEACA
:104E3000C1784FF02A4904D066452AD04E4528D083
:104E400010E0DE43B6050DD4C16A614501D10121F0
:104E500003E0C16A494501D10821C162BDE8F047BC
:104E600008F0F2B80E0716D4DE43B60513D4416C31
:104E7000C9B21161416B09B1C96B29B9816B0029B4
:104E800007D0C96B002904D00068416841F4006173
:104E90004160BDE8F0878E0706D4DE43B60503D433
:104EA000BDE8F04708F044B8FE43526876074FEA81
:104EB00002521DD4002AECDB0A0608D4DA4352055C
:104EC00005D4490705D5BDE8F04707F0D7BF490726
:104ED000DFD4D9438905DCD4212D05D0402CD8D18D
:104EE000BDE8F04708F0F5B8BDE8F04707F086BF29
:104EF000002ACEDB4A060BD4DA43520508D4490710
:104F000008D501E00DE00EE0BDE8F04707F0FABE7D
:104F10004907BED4D9438905BBD4BDE8F04707F0A3
:104F200084BE916970E7E10606D4D943890503D4AC
:104F3000BDE8F04708F060BA2826212D27D0292D9A
:104F400025D0610655D4D943490552D4610752D5BD
:104F500090F83D10438D002B9BD01269436A1A7064
:104F6000426A521C4262428D521E4285428D002A84
:104F70008FD12A298DD101684A6822F480624A6063
:104F80002221016380F83D6000F044FC81E72106A6
:104F900023D4D943490520D4610720D590F83D108A
:104FA000438D002BF2D0436A1B781361426A521C76
:104FB0004262428D521E4285428D002AE6D1292945
:104FC000E4D101684A6822F480624A6021210163C9
:104FD00080F83D6000F01FFC5BE76107D6D4D94341
:104FE0008905D3D4418D0029D0D0416A0978116157
:104FF0000AE06107CAD4D9438905C7D4418D002985
:10500000C4D01169426A1170416A491C4162418DE4
:10501000491E41853DE70000064910B5884208D188
:10502000012203210520F6F7BBF9BDE81040F6F791
:10503000B7BE10BD78A5002070B5040025D094F847
:105040003D00002520B984F83C50204600F082FB4A
:10505000242084F83D002068016821F001010160EE
:105060002068016841F4004101602068016821F472
:105070000041016000F0C6FF4D4B6168994201D8C4
:105080004C4900E04C49884201D2012070BD4B4997
:105090002268B0FBF1F1566826F03F060E435660D9
:1050A00062689A4206D94FF4967251434FF47A726D
:1050B000B1FBF2F12268491C166A26F03F06314323
:1050C00011626168994210D84900401EB0FBF1F2AC
:1050D000521CC2F30B02042A01D2042022E0B0FBCE
:1050E000F1F0401CC0F30B001CE0A268F2B301EB2E
:1050F000C10303EB0116431EB3FBF6F35B1C43F441
:1051000080431B0549D092B301EBC10202EB0111B0
:10511000401EB0FBF1F0401CC0F30B0040F4804097
:1051200040F400402168CA694CF6FF739A4310436B
:10513000C861D4E9071001432068026822F0C00268
:1051400011430160D4E9030101432068826848F2F9
:10515000FF339A4311438160D4E90510014320686D
:10516000C26822F0FF021143C16001E00EE016E0C8
:105170002068016841F0010101602564202084F865
:105180003D00256384F83E50002070BD01EB4106D0
:10519000431EB3FBF6F35B1CB3E70120C2E701EB50
:1051A0004101401EB0FBF1F0401CC0F30B00B7E71B
:1051B000A086010080841E0000093D0040420F00CF
:1051C00070477047704700000A4910B5884210D1F7
:1051D00009490120888509480021C1760177F6F741
:1051E000C5F80749BDE81040142201F11400EBF79F
:1051F000FCBA10BD78A500206477042000000020D0
:105200003CEB0420704700002DE9FF4F83B09A4625
:10521000DDE9118793460446DDF84090FFF7F6FC80
:10522000054694F83D00202870D1192301227449C5
:105230002046009508F0B9F90028F5D194F83C0013
:10524000012863D0012084F83C0020680168C90768
:1052500003D1016841F0010101602068016821F477
:1052600000610160222084F83D00402084F83E0067
:1052700000262664C4F82490A4F82A80608D208536
:105280006048E062CDE9007553465A4620460499CD
:1052900007F074FF002879D1208DD0B1012821D0EA
:1052A0000228206824D0416980690090208D03285D
:1052B00066D801282BD0544902283B464FF0000203
:1052C000009557D08846204608F06FF900285DD138
:1052D0003AE02068416981690091016841F40071F8
:1052E00001607DE02068016821F480610160F0E7E1
:1052F000016821F4806101602068016841F4006167
:105300000160206841698069009069E075E02A4683
:105310003946204608F0EAF988BB54E02068016865
:1053200041F40071016020680069616A0870606A78
:10533000401C6062218D491E2185618D491E618559
:1053400021680969017042E02068016821F48061E8
:10535000016020680069616A0870606A401C6062D0
:10536000208D401E2085608D401E60853B460022BA
:1053700041460095204608F018F900B9CEE705E04F
:105380002A463946204608F0B1F918B1012007B085
:10539000BDE8F08F20680069616A0870606A401C8F
:1053A0006062208D401E81B22185608D401E608527
:1053B00020684269D243520712D4032903D10168FD
:1053C00021F48061016020680069616A0870606A88
:1053D000401C6062208D401E2085608D401E6085CF
:1053E000208D00287FF462AF202084F83D0084F8EF
:1053F0003E6084F83C600020C9E70220C7E7000057
:10540000020010000000FFFF040001002DE9FC5F16
:10541000994692468B460446DDF83080FFF7F6FB4E
:1054200000250746009594F83D00202828D16648BD
:1054300046F2A81120260068B0FBF1F000EBC00195
:1054400001EB001000900098401E009010D02068E2
:105450008069C0438007F6D594F83C0001280FD03E
:10546000012084F83C0020680168C9070BD00EE0D9
:1054700044F8305F6673A573206940F02000206116
:105480000220BDE8FC9F016841F001010160206835
:10549000016821F400610160222084F83D00402071
:1054A00084F83E002564C4F824800D986085608DE2
:1054B00020854648E062C4F844B0C4F848A0C4F867
:1054C0004C902565208D4FF02308002863D0A06BF9
:1054D00000B33F49C163A16B3E48C864A06B05643B
:1054E000A06B4564A06B8564A06B05652168238D66
:1054F0001031626AA06BFFF7ECF8A0B184F83D6050
:1055000084F83E5054F8400F40F0100044F804096D
:10551000257049E084F83D6084F83E5054F8400F0F
:1055200040F08000F2E7CDE900874B4652465946ED
:10553000204607F023FE88B1A06BFEF724FFA06B86
:10554000C5632068016821F4806101602585658557
:105550002068016821F00101016025E0208D01280B
:10556000206813D0416841F480514160206841694E
:105570008169009184F83C50416841F48071416038
:105580002068416841F4006141601BE0016821F43A
:1055900080610160EAE7CDE900874B4652465946F3
:1055A000204607F0EBFD08B101206AE72068416959
:1055B00081690091016841F40071016084F83D60E7
:1055C00084F83C5000205CE7C87404200000FFFF12
:1055D0007DC9030839C903082DE9FF4F83B09A46F6
:1055E000DDE9119793460446DDF84080FFF70EFB96
:1055F000054694F83D0020287FD119230122404917
:105600002046009507F0D1FF002876D194F83C00A1
:10561000012872D0012084F83C0020680168C90785
:1056200003D1016841F0010101602068016821F4A3
:1056300000610160212084F83D00402084F83E0094
:1056400000262664C4F82480A4F82A90608D208562
:105650002C48E062CDE9007553465A46204604992D
:1056600007F00AFE70B930E02A463946204608F0B5
:1056700077F858B1206C042804D12068016841F4FF
:1056800000710160012007B0BDE8F08F606A2168F9
:1056900000780861626A521C6262208D401E80B2EE
:1056A0002085618D491E618521684B69DB435B075D
:1056B0000BD468B110780861606A401C6062208D6C
:1056C000401E2085608D401E6085208D0028CBD136
:1056D0002A463946204607F03DFF0028CAD154F833
:1056E0003D0B016841F400710160202004F81E099F
:1056F000E67766770020C6E7FFE70220C3E70000F1
:10570000020010000000FFFF70B5044600680E495B
:10571000884218D10D48016821F4001101600C4D38
:1057200081152846FFF7EAF869152846FFF7E6F8DD
:10573000A06BFEF73AFE1F2000F0E5F8BDE87040D0
:10574000202000F0E0B870BD005400404038024016
:105750000004024070B586B0064614216846EBF797
:1057600027F927493068884248D126480025016832
:1057700041F0020101600068694600F002000590F6
:105780004FF440700090122001900120CDE90205F5
:10579000042004901C48FFF747F91A4810300168AC
:1057A00041F4001101600068194C00F400100590EC
:1057B000164820604FF00070C4E90105C013C4E929
:1057C00003506561A561E561256220466562FEF7CB
:1057D000F3FE08B1FEF7EEF8B463012207211F20A3
:1057E000A66300F0AFF81F2000F09EF8002207210A
:1057F000202000F0A7F8202000F096F806B070BD39
:1058000000540040303802400004024088600240EA
:1058100034AA00207047704702488168027811441A
:1058200081607047907B0420094810B5016841F4FD
:1058300000710160016841F480610160032000F0A3
:10584000A1F8022000F006F800F026F8002010BDB4
:10585000003C024070B50D4D04464FF47A71287833
:10586000B1FBF0F00A490968B1FBF0F001F05BFC14
:1058700048B9102C07D200222146501E00F062F8D1
:1058800000206C6070BD012070BD0000907B042082
:10589000C874042070470000134808B5016841F43B
:1058A00080410160006800F4804000900E48001FB5
:1058B000016841F080510160006800F08050009064
:1058C000042000F05FF800220721501F00F03AF892
:1058D00000220721101F00F035F800220721BDE843
:1058E0000840901E00F02EB844380240002809DB22
:1058F00000F01F02012191404009800000F1E020EA
:10590000C0F88012704700280DDB00F01F02012153
:1059100091404009800000F1E020C0F88011BFF301
:105920004F8FBFF36F8F7047002809DB00F01F0215
:10593000012191404009800000F1E020C0F80011F1
:1059400070470000F0B40E4B1B68C3F30223C3F191
:105950000704042C00D904241D1D072D01D20023A7
:1059600000E0DB1E012606FA04F56D1E0D409D4089
:105970009E40761E164045EA0601F0BC0AF0A6BA23
:105980000CED00E0064A00F0070110684FF6FF0337
:10599000184040EA012003490843106070470000A6
:1059A0000CED00E00000FA05014901204862704753
:1059B00000000E42014901208862704700000E423B
:1059C000034908B50020086202480068009008BD3D
:1059D00000000E4200700040034908B50120086233
:1059E00002480068009008BD00000E4200700040B0
:1059F0000748026822F004020260012905D0032949
:105A000001D040BF20BF20BF704730BF70470000AB
:105A100010ED00E00C4A136823F003030343136006
:105A20000A48026842F004020260012909D00329F1
:105A300001D040BF20BF20BF016821F004010160F8
:105A4000704730BFF8E700000070004010ED00E044
:105A50002DE9F84F044600780025CA4EC00708D04B
:105A60003068E16920F0C06008433060E06900B947
:105A700001252078800708D53068216A20F0C050C1
:105A800008433060206A00B9012520886FF0FF01CB
:105A9000800415D53068A26C20F4401010433060AB
:105AA000A06C18B1B0F5001F02D009E0012507E095
:105AB0003068626920F4F85001EB02221043306034
:105AC0002088400415D53068E26C20F44000104373
:105AD0003060E06C18B1B0F5000F02D009E001258C
:105AE00007E03068626920F4F85001EB02210843B6
:105AF000306020784FF0000A00075DD5A1484C388F
:105B0000016841F0805101600068DFF87C8200F09C
:105B100080500090D8F8001041F48071C8F800104F
:105B2000FFF774F8074604E0FFF770F8C01B02287F
:105B300076D8D8F80000C005F6D5DFF84882A8F17D
:105B40001C08D8F8000010F4407022D0A18C01F499
:105B5000407181421DD0D8F800108C4A012321F4F5
:105B600040711360C2F800A0C8F80010D8F8000017
:105B7000C0070ED0FFF74AF8074641F2883904E023
:105B8000FFF744F8C11B49454AD8D8F80000800700
:105B9000F6D5606A7B49C0F301228439032A40D0DC
:105BA000086820F4F8100860D8F80010A28CC2F33E
:105BB0000B021143C8F800102078DFF8D4B1400779
:105BC00003D594F85410CBF8E0112078DFF8C481A5
:105BD000C00607D5D8F80010E26A21F4400111434D
:105BE000C8F8001020784FF0006980060BD5D8F86F
:105BF0000010226B21F000611143C8F80010206BE7
:105C0000484500D101252078400607D5D8F8001076
:105C1000A26A21F080511143C8F8001065B908E06C
:105C200078E00A685C4B22F4F812184002430A60DC
:105C3000BAE72068802874D15046DFF860A1CAF81E
:105C40006800FEF7E3FF4F4D07468C3D04E0FEF78A
:105C5000DDFFC01B02285DD828680001F7D4216D44
:105C6000CBF8D81020684E49C20701D0E2697AB15A
:105C7000820701D5226A5AB1820602D5226B4A45B3
:105C800006D040060FD5A06A68B9206B48450AD1F6
:105C9000D4E9010240EA8210227B237C120642EA08
:105CA0000372104308602068820401D5A26C1AB107
:105CB000400415D5E06C98B90868D4E9012342EA9C
:105CC0008312C0F30360237C000640EA03700243A2
:105CD0000A603068A26920F01F00521E1043306035
:105CE000207800060AD5D4E9010240EA8210227B1E
:105CF000237C120642EA0372104308600121CAF8AD
:105D00006810FEF783FF074608E0FEF77FFFC01B21
:105D1000022803D90320BDE8F88F02E028680001BB
:105D2000F3D52088C00505D53068616B20F00040B0
:105D3000084330602088800505D53068A16B20F4C9
:105D40000040084330602088400505D53068E16B8D
:105D500020F00040084330602088000505D53068F9
:105D6000216C20F48040084330602088C00407D5AF
:105D7000D8F80010626C21F040411143C8F80010BF
:105D80000020C8E78C38024000700040400E4742B7
:105D90000010474294380240FFFCFF0F00004742CA
:105DA000843802402DE9F0470D46040065D0DFF845
:105DB0001491D9F80000EFB200F00700A84207D212
:105DC00089F80070D9F8000000F00700A84254D10B
:105DD00020683D4E810712D5400703D5306840F456
:105DE000E05030602078000703D5306840F4604010
:105DF00030603068A16820F0F000084330602078FF
:105E0000C0072DD0304960680839012812D0022817
:105E100013D0032811D00968890700292DDA3168C9
:105E200021F0030101433160FEF7F0FE804641F2AC
:105E3000883A0EE009688903EFE709688901ECE711
:105E4000FEF7E4FEA0EB0801514502D90320BDE8AE
:105E5000F0873068616800F00C00B0EB810FEFD183
:105E6000D9F80010484601F00701A94207D9077088
:105E7000006800F00700A84201D00120E7E7207881
:105E8000400705D53068E16820F4E05008433060F1
:105E90002078000706D53068216920F4604040EA88
:105EA000C100306000F0CEF83168084AC1F3031138
:105EB000515CC8400649086006480068FFF7CAFC04
:105EC0000020C4E7003C0240083802402C5404087B
:105ED000C8740420947B04202DE9F041FEF796FE5F
:105EE000434C0546206840F00100206004E0FEF7C6
:105EF0008DFE401B022846D820688007F7D5206811
:105F000040F080002060FEF781FE0546384E0020FC
:105F10000836306041F2883704E0FEF777FE401B18
:105F2000B84230D8306810F00C0FF6D1FEF76EFE94
:105F30000546206820F45020206004E0FEF766FE4D
:105F4000401B64281FD820688003F7D4FEF75EFE4C
:105F50000546206820F08070206004E0FEF756FEC1
:105F6000401B02280FD820688001F7D4FEF74EFEB0
:105F70000546206820F08060206007E0FEF746FEBE
:105F8000401B022802D90320BDE8F08120680001EF
:105F9000F4D417491748091D086015498431086071
:105FA00013480C30016821F4F8510160016821F4B4
:105FB00000510160016841F41F010160016841F472
:105FC000001101600A487430016821F0010101608C
:105FD000016841F08071016008490748086008487D
:105FE0000068FFF737FC0028CED00120CCE7000086
:105FF00000380240103000240024F400C87404204B
:10600000947B04200448054900680968044AC1F3E8
:106010008221515CC8407047C8740420083802408F
:106020003C5404080448054900680968044AC1F35F
:106030004231515CC8407047C8740420083802409F
:106040003C540408154810B5006810F00C011448C1
:1060500013D0144B04290FD008290ED10F4C241F44
:10606000216801F03F022168490207D52068C0F38A
:106070008810A0FB030106E0184610BD2168C1F39B
:106080008811A1FB00010023EAF7D8F92168C1F3C8
:106090000141491C4900B0FBF1F010BD0838024035
:1060A0000024F40000366E012DE9F84F040075D08D
:1060B0002078DFF84CA3C007AAF1040548D00AF104
:1060C00004000168C1F38101012908D00068C0F310
:1060D000810002280AD1DAF80000400206D52868BB
:1060E000800335D560680028E1D031E06068B0F504
:1060F000803F10D0B0F5A02F286810D020F4803059
:106100002860286820F4802028606068A0B1FEF72D
:106110007DFD06460CE0286840F48030F4E740F44A
:1061200080202860F7E7FEF771FD801B642871D896
:1061300028688003F7D50BE0FEF768FD064604E00B
:10614000FEF764FD801B6428F1D828688003F7D42B
:106150002078DFF8B09280074FF0000B3DD5A848BB
:10616000001D016811F00C0F08D00068C0F3810019
:1061700002280AD1DAF80000400206D42868800715
:1061800015D5E068012809D111E0E068B8B1012017
:10619000C9F80000FEF73AFD064605E02BE1FEF7E0
:1061A00035FD801B0228C2D828688007F7D52868EB
:1061B000216920F0F80040EAC10028600DE0C9F82C
:1061C00000B0FEF723FD064604E0FEF71FFD801B2E
:1061D00002281FD828688007F7D42078000722D526
:1061E000874F89486169703771B101210160FEF7FD
:1061F0000DFD064604E0FEF709FD801B022809D8C4
:1062000038688007F7D50EE0C0F800B0FEF7FEFC56
:10621000064605E082E0FEF7F9FC801B02287DD8E7
:1062200038688007F7D42078400765D574484FF068
:1062300000083C300068C0000BD471483C30016855
:1062400041F08051016000684FF0010800F080507B
:1062500000906E4F3868C0050FD4386840F48070E5
:106260003860FEF7D3FC064604E0FEF7CFFC801B47
:10627000022853D83868C005F7D5614FA0686C373D
:1062800001280FD00528386810D020F001003860B0
:10629000386820F004003860A068B0B1FEF7B6FCA2
:1062A00006460EE0386840F00100F4E740F00400D4
:1062B0003860F7E7FEF7AAFC811B41F28830814283
:1062C00065D838688007F5D50DE0FEF79FFC0646D7
:1062D00006E0FEF79BFC811B41F28830814256D8D4
:1062E00038688007F5D4B8F1000F05D044483C3039
:1062F000016821F080510160A069C8B34049091DBF
:106300000968C1F38101022948D00228584606D005
:10631000C9F86000FEF77AFC04463BE037E04F46E0
:10632000C9F86000FEF772FC064604E0FEF76EFC5A
:10633000801B02282BD828688001F7D4F4E90701D4
:106340000843E168324A490802EB0141A26841EA88
:1063500082110843217C40EA0160217D40EA0171FD
:10636000CAF8001001203866FEF750FC044605E02C
:1063700043E0FEF74BFC001B022808D82868800188
:10638000F7D53AE0FEF742FC001B022802D90320B1
:10639000BDE8F88F28688001F4D42EE00128F7D0FA
:1063A000DAF80000E26900F48001914223D1226A08
:1063B00000F03F0191421ED147F6C071626A014070
:1063C000B1EB821F17D1A26A4FF0FF3300F44031C6
:1063D00003EB5202B1EB024F0DD194F82C2000F0E8
:1063E0007061B1EB026F06D194F8301000F0E0401C
:1063F000B0EB017F01D00120CAE70020C8E7000010
:106400000438024000004742800E474200700040BE
:106410000000FFFF05484079002806D00448D0F866
:10642000E01241F00401C0F8E012704700000020C3
:10643000A8F404200068503050F82100704700682C
:10644000503040F8212070472DE9F05F0446007F6E
:1064500092468B46012813D04FF0010884F81C8027
:10646000022060772068CA21416221685320486277
:10647000FEF7CCFB00260546FF274FF47A790DE0A6
:106480000220BDE8F09FFEF7C1FB401B484505D93F
:1064900020684762032060772677F2E72068C068AB
:1064A0000007F0D4206881684FF00405C9060BD4BA
:1064B0004AEA0B01C16220688068800609D4204640
:1064C00000F0F0FA28B1206847626577267701204E
:1064D000D7E72068476284F81D8026770020D0E740
:1064E0000648417F022906D0407F012805D141039B
:1064F0000348FEF77EBB0121817770470000002032
:106500000008024010B5144904464FF400300860FA
:1065100021688868C0040BD5C868C00508D5C8685C
:1065200000F0800060F4C070C8602046FFF7D8FF1C
:106530002168886880040BD5C868800508D5C868BC
:1065400000F0800060F42070C8602046FFF762FF12
:106550000120607710BD0000143C01402DE9F04798
:106560000446007F012822D04FF0010884F81C80E7
:10657000022060772268CA2050622268532050624D
:1065800020680026FF27B1F5807F81684FF0030A5D
:106590004FF47A790ED021F400718160206881680F
:1065A00021F400518160FEF731FB054624E0022012
:1065B000BDE8F08721F4807181602068816821F452
:1065C00080518160FEF722FB054604E0FEF71EFBCA
:1065D000401B484509D82068C068C007F6D00FE0C6
:1065E000FEF714FB401B484506D92068476284F833
:1065F0001DA026770320DBE72068C0688007EFD561
:106600002068476284F81D8026770020D0E70000CC
:1066100010B500680B4641680D480140080CD87061
:10662000C1F304245C7001F03F049C70C1F342315B
:10663000197052B907F090FED870587807F08CFEA8
:106640005870987807F088FE9870002010BD000000
:106650003FFFFF0010B50B460168896A5960016869
:106660000969C1F30E019960006801680D48014095
:10667000C1F305401870C1F306245C7001F07F047B
:106680009C70890DD97052B907F066FE1870587861
:1066900007F062FE5870987807F05EFE9870002050
:1066A00010BD00007F7F7F0010B5040002D0607F26
:1066B00010B106E0012010BD00202077204600F038
:1066C00041F8022060772068C168C943C90632D505
:1066D000CA214162216853204862204607F050FEDB
:1066E00020BB20688168164A11408160206881685B
:1066F00062681143D4E904231A431143816021687D
:10670000E068086120680169228941EA024101616B
:10671000204607F058FE48B921680A6C22F480220E
:106720000A6421680A6CA3691A430A642268FF217B
:10673000516208B110BD00200121617710BD000039
:10674000BFFF8FFF10B596B0044658216846EAF7A0
:106750002FF91249206888421AD108200090104869
:106760000068C0F30120022814D00E480990684642
:10677000FFF76EF908B1FDF71DF90B49012008601C
:10678000002207212920FFF7DDF82920FFF7CCF8A8
:1067900016B010BD4FF40070E8E70000002800407C
:1067A00070380240000318003C0E47422DE9F843C0
:1067B000644E03464FF4FA4730680C46B0FBF7F0DE
:1067C000791148430090187F012877D04FF00109D4
:1067D00083F81C900220587718680025002A8068EA
:1067E0004FEA40606CD0002800DBE570A178227889
:1067F00094F803C041EA02416278E069120242EA79
:106800008C52114394F8202041EA026101436069EF
:1068100062680143A069D3F800C00243CA20CCF8E3
:106820002400D3F800C05320CCF82400606AFF2471
:10683000B0F5807F18684FF0030C5CD0D0F808806A
:1068400028F40078C0F808801868D0F80C8008F0A8
:10685000800868F42078C0F80C8030684FF47A76AD
:10686000B0FBF7F0704300901868009E761E00960B
:1068700061D0C668B607F8D50162186882641868E6
:10688000816841F4007181601868816841F40051A9
:1068900081602D48016841F4003101602A480830C8
:1068A000016841F4003101601868446283F81D906A
:1068B0001D770020BDE8F88300E001E00220F9E741
:1068C000002800DBE570207807F04FFD02046078B7
:1068D00007F04BFD42EA0022A07807F046FD024394
:1068E000E07842EA805294F8200007F03EFD42EA48
:1068F0000061E0698AE7866826F480768660186819
:10690000C66806F0800666F4C076C6601868009E09
:10691000761E00960FD0C668F607F8D0C1611868D9
:1069200042641868816841F48071816018688168E8
:1069300041F48051ACE7446283F81DC01D77032009
:10694000B8E70000C8740420003C014070B504465C
:10695000007F0B46012819D0012626770220607798
:10696000B2B19878D97840EA014558781978000290
:1069700040EA413005432168CA204862216853201B
:106980004862204607F0FCFCD0B122E0022070BD36
:106990005878C10603D500F0EF000A305870D87857
:1069A00007F0E3FC0204587807F0DFFC42EA00221B
:1069B000987807F0DAFC0243187842EA4035DAE7C3
:1069C0000748054020684560204607F0FCFC00B9F8
:1069D00066772268FF2151620021217770BD000097
:1069E0003FFFFF002DE9F0410446007F0D460128DE
:1069F00023D04FF0010884F81C80022060772068C3
:106A0000002780684FEA4060D2B1002800DBEF70B9
:106A1000A878297840EA01466878E978000240EAD7
:106A2000815006432168CA20486221685320486289
:106A3000204607F0A5FCB8B12CE00220BDE8F081AB
:106A4000002800DBEF70287807F08FFC02046878DC
:106A500007F08BFC42EA0022A87807F086FC02438C
:106A6000E87842EA8056DDE70D4806402068066077
:106A70002068816821F480218160D5E903100143F9
:106A80002068826811438160204607F09CFC08B9A9
:106A900084F81D802268FF2151622777CEE700002D
:106AA0007F7F7F0070B505460A482968C860FEF7F9
:106AB000ADF804464FF47A7606E0FEF7A7F8001B1F
:106AC000B04201D9032070BD2868C0688006F4D5A3
:106AD000002070BD5F3F01004FF0E020016941F0F0
:106AE00002010161704710B5040011D0022084F842
:106AF00051002068016821F040010160204600F04B
:106B000067F80020606584F8510084F8500010BDDB
:106B1000012010BD70B5040009D0606A002540B1A5
:106B200025616561A56294F8510040B10CE0012037
:106B300070BD6068B0F5827FF4D0E561F2E784F85B
:106B40005050204600F096F8022084F8510020684A
:106B5000016821F040010160A088218900F4827061
:106B600001F404410843A18901F400610843217C38
:106B700001F002010843217D01F001010843218B4E
:106B800001F400710843217F01F03801084394F8B3
:106B9000201001F080010843218D01F400510843C9
:106BA00021680860A069042101EA104094F82410CB
:106BB00001F010010843216848602068C16921F490
:106BC0000061C1616565012084F85100002070BD3D
:106BD00070B5044600682049204B214A884208D1FC
:106BE000186820F480501860E0211046FDF786FEFA
:106BF0001AE01A491B4E091F1B4DB04206D1086806
:106C000020F4804008604FF444411CE0174EB0422D
:106C10000CD1086820F40040086038212846FDF7B0
:106C20006DFEE06CFDF7C1FBA06C10E010498842DE
:106C300011D1186820F40050186002211046FDF7A9
:106C40005DFE4FF400512846FDF758FEE06CBDE8AC
:106C50007040FDF7AABB70BD0030014044380240CF
:106C6000000002400038004000040240003C0040A8
:106C7000003401402DE9F04F87B0044614216846E6
:106C8000E9F796FEC148DFF80083D4F800C002217E
:106C9000032205230615042700254FF4804AC44526
:106CA00055D1DFF8E8C20CF1140CDCF8008048F490
:106CB0008058CCF80080DCF800C00CF4805CCDF883
:106CC00014C0D0F800C04CF0010CC0F800C000683F
:106CD0000DF1040900F001000590A02000900220B1
:106CE00090469B4689E821096946A948FDF79CFE24
:106CF0004FF040090220CDE900900DF1080C012071
:106D00008CE801096946A248FDF78EFEDFF888B2DB
:106D1000A0495846CBF80010C0E90356C0E9055A0F
:106D20004FF0C061CBF81C50C0E901190BF12009EC
:106D3000B10189E88201C901CBE90B15FDF73CFCE3
:106D400008B1FCF737FE5846C4F848B057E0DFF802
:106D50004C82DFF838E2DFF848B20EF1100E4FF443
:106D60008079C4454FD1DEF8008048F48048CEF8E1
:106D70000080DEF800C00CF4804CCDF814C0D0F8D0
:106D800000C04CF0020CC0F800C0006801A900F07F
:106D9000020005904FF4044000900220904681E8E4
:106DA00021010520049069465846FDF73DFE02206A
:106DB000CDE900A00120CDE9020805200490694634
:106DC0005846FDF731FEDFF8E08176494046C0E9DC
:106DD0000015C8F80850C8F818A0C914C8F80C5015
:106DE000C0E90461C0E909758901C8F82C50C8E9F7
:106DF0000791C8F83050BDE0FCF7DCFDBFE08463CC
:106E000007B0BDE8F08FDFF8A481C44555D1DEF8A6
:106E100000C04CF4004CCEF800C0DEF8003003F4A3
:106E200000430593036843F002030360006800F029
:106E30000200059038208DE823000620CDE90320CC
:106E400069465846FDF7F0FDDFF864815549404634
:106E50001839C0E90015C8F80850C0E90356C8F849
:106E60001450C8F81850C8F81C50C0E90857C8F8A2
:106E70002850C8F82C50C8F83050FDF79DFB08B1D9
:106E8000FCF798FD47484B4EC4F84C806030C8F87A
:106E90003840C6E900054020C6E902053561756144
:106EA000C6E90659356230467562FDF785FB08B1C3
:106EB000FCF780FDA664B463A2E7DFF8FC80C4455C
:106EC0009ED1DFF8C8C00CF1140CDCF8008048F447
:106ED0000058CCF80080DCF800C00CF4005CCDF861
:106EE00014C0D0F800C04CF0010CC0F800C0D0F8BD
:106EF00000C00CF0010CCDF814C0D0F800C04CF06C
:106F0000020CC0F800C00068009100F0020005907B
:106F1000CDE901150320CDE90303884669461C48E5
:106F2000FDF782FD4FF40050CDE900080320CDE9C4
:106F300002500620049069465846FDF775FD154934
:106F4000DFF8788048394046C8F80010C905C0E924
:106F50000115C8F818A00914C8F80C50C0E904615C
:106F6000C0E909754FF44031C8F82C50C8E90791C1
:106F7000C8F83050FDF720FB00287FF43DAF4046B5
:106F8000C4F84C803BE7000000300140303802403C
:106F9000000002405864024030FD042000380040E8
:106FA000000402405860024008750420003C004084
:106FB00094AA002090FD042000340140687504204C
:106FC0002DE9F84F1D4617468A460446FDF71EFE7A
:106FD000064694F85100012826D1BAF1000F77D067
:106FE000002F75D094F8500001281DD04FF00109F2
:106FF00084F85090032084F851004FF00008C4F842
:107000005480C4F830A0A786E786C4F83880A4F876
:107010003C80A4F83E80C4F84480C4F84080A06856
:10702000B0F5004F03D00CE00220BDE8F88F2068D7
:10703000016821F0400101602068016841F480414D
:10704000016020680168490603D4016841F04001ED
:107050000160E068B0F5006F606803D028B3012FCD
:1070600023D03FE008B1012F1BD1206B216800889D
:10707000C86006E020688168890709D5216B098806
:10708000C160206B801C2063E08E401EE08608E01B
:10709000FDF7BCFD801BA84202D3681C01D02FE085
:1070A00075B3E08E0028E5D11FE0206B21680078E1
:1070B000087306E02068816889070AD5216B097882
:1070C0000173206B401C2063E08E401EE08609E0C7
:1070D00027E0FDF79BFD801BA84202D3681C01D06E
:1070E0000EE06DB1E08E0028E4D1324629462046FC
:1070F00007F00EFB08B120206065A06830B109E000
:1071000084F8519084F8508003208EE72068C1688D
:107110008068009084F8519084F85080606D002859
:1071200083D0012081E710B5401EB0F1807F01D3EC
:10713000012010BD4FF0E02460610F21601708F0BE
:10714000C5FE0020A06107202061002010BD4FF087
:10715000E020016921F0020101617047704770472A
:1071600010B590F83C20012A22D0012280F83C2062
:10717000CA688C6822F4407222434C6822F4806210
:1071800022430C6822F4006222430C6922F48052EC
:1071900022434C6922F400522243C969002322F49D
:1071A00080420A4301684A6480F83C30002010BDE8
:1071B000022010BD70B590F83C20012A32D0012584
:1071C00080F83C50022280F83D20026853689468A1
:1071D00023F070060B6833435360134B02689A42E6
:1071E00014D0B2F1804F11D0104B9A420ED0104BF8
:1071F0009A420BD00F4B9A4208D00F4B9A4205D0BF
:107200000E4B9A4202D00E4B9A4204D1496824F0A8
:1072100080031943916080F83D50002180F83C10B4
:10722000084670BD022070BD00000140000400400F
:1072300000080040000C00400004014000400140F4
:107240000018004010B50446022084F83D00206874
:10725000016A41F21112114207D1016A92101142E2
:1072600003D1016821F001010160204600F046F8D9
:10727000002084F8460084F83E0084F83F0084F83B
:10728000400084F8410084F8420084F8430084F808
:10729000440084F8450084F83D0084F83C0010BDAB
:1072A00010B5040003D094F83D0010B107E00120B0
:1072B00010BD002084F83C00204600F06FF802204A
:1072C00084F83D00211D206808F0D8F9012084F8D9
:1072D000460084F83E0084F83F0084F8400084F8BB
:1072E000410084F8420084F8430084F8440084F8A4
:1072F000450084F83D00002010BD000010B5044694
:107300000068204A2049904203D1086820F001001B
:1073100021E01D4A121FB0F1804F07D01B4B98424D
:1073200013D1106820F00400106015E0106820F000
:1073300001001060206AFDF738F8E06AFDF735F8C3
:10734000BDE810401C20FEF7DEBA114B984208D170
:10735000086820F002000860206ABDE81040FDF7D0
:1073600024B80C4B984204D1086820F4803008609F
:1073700010BD09498842FBD1106820F4807010606C
:1073800010BD0000000001404438024000080040E9
:107390000004014000400140002000402DE9F84F6A
:1073A000704F04463915DFF8B8C1056800204A005F
:1073B0008B1004264FF400594FF4803A4FF0010B24
:1073C00065451CD13D6845F001053D603D68664F4F
:1073D00005F001050095654D05F10C082F604FF093
:1073E0004067C5E901706E6288E80702C5E90AB026
:1073F0002863284629E02562AC63BDE8F88FDFF8F2
:1074000064C1B5F1804FACF1040C27D0DFF8608186
:10741000454552D1DCF8005045F00405CCF8005049
:10742000DCF80050534F05F004050095524D2F60D5
:107430004FF08067C5E9017005F10C076E6287E8BF
:107440000702C5E90AB028632846C5E9073AFDF7EF
:10745000B3F80028CFD0FCF7ADFACCE7DCF8005049
:1074600045F00105CCF80050DCF80050414F05F024
:1074700001050095414D783F80C54FF0C06780C53C
:10748000402780C507C5390265E806134FF440312F
:107490002962C5E90960E86228633848FDF78CF87D
:1074A00008B1FCF787FA2562E562012202211C205F
:1074B000AC63FEF747FA1C204DE0DFF8C480454579
:1074C00022D13D6845F002053D603D68264F05F03C
:1074D000020500952B4D603F05F10C082F604FF021
:1074E0006067C5E901706E6288E80702C5E90AB005
:1074F0002863C5E9073A2846FDF75EF808B1FCF7AE
:1075000059FA2562AC6320E01F4885420ED13868E5
:1075100040F4803038603868002200F480300090F9
:1075200011461820FEF70EFA182014E0174885427D
:107530007FF463AFDCF8000040F48070CCF800000A
:10754000DCF8000000F480700090002207212D205C
:10755000FEF7F8F92D20BDE8F84FFEF7E5B9000079
:10756000000001404438024088640240F4AA002030
:1075700000080040A0600240C8750420F0FD04200F
:107580000004014054AB00200040014000200040B6
:1075900090F83D10012901D001207047022180F8A8
:1075A0003D1000681149884214D0B0F1804F11D0CD
:1075B0000F4988420ED00F4988420BD00E498842AD
:1075C00008D00E49884205D00D49884202D00D49A5
:1075D000884204D1816801F00701062903D00168BF
:1075E00041F00101016000207047000000000140EF
:1075F0000004004000080040000C0040000401406E
:10760000004001400018004090F83D10012901D0D1
:1076100001207047022180F83D100168CA6842F0DD
:107620000102CA6000681149884214D0B0F1804F4D
:1076300011D00F4988420ED00E4988420BD00E4916
:10764000884208D00D49884205D00D49884202D0B1
:107650000C49884204D1816801F00701062903D052
:10766000016841F001010160002070470000014005
:107670000004004000080040000C004000040140ED
:10768000004001400018004001680A6A41F21113ED
:107690001A4207D10A6A9B101A4203D10A6822F0E3
:1076A00001020A60012180F83D1000207047016846
:1076B000CA6822F00102CA6001680A6A41F2111325
:1076C0001A4207D10A6A9B101A4203D10A6822F0B3
:1076D00001020A60012180F83D100020704770B55A
:1076E000044690F83C000025012817D0012684F8B4
:1076F0003C60022084F83D002068826822F0770216
:1077000022F47F4282600868502838D00DDC20289F
:107710004FD005DC90B3102811D14AE0022070BD93
:10772000302846D040280AD13BE060282FD070286E
:107730000DD0B0F5805F03D0B0F5005F12D0012509
:1077400084F83D60002084F83C00284670BDCB687A
:10775000D1E90121206808F006F82068816841F02D
:10776000770109E0CB68D1E90121206807F0FBFF30
:107770002068816841F480418160E1E719E0CA68CE
:107780004968206808F00AF95021206806E0CA68B4
:107790004968206808F013F96021206807F0EDFFC0
:1077A000CEE7CA684968206808F0F8F840212068E8
:1077B000F4E7226801461046F0E770472DE9F041F2
:1077C00004460068C66805694FF00007A90713D58D
:1077D000B10711D5F91E0161012020772068806969
:1077E0008007204602D0FFF7E8FF04E000F0CFF862
:1077F000204600F08FF92777680716D5700714D553
:1078000021686FF0040008610220207720688069F9
:1078100010F4407F204602D0FFF7CFFF04E000F0D5
:10782000B6F8204600F076F92777280715D53007F7
:1078300013D521686FF008000861042020772068C4
:10784000C0698007204602D0FFF7B7FF04E000F0D0
:107850009EF8204600F05EF92777E80616D5F00678
:1078600014D521686FF01000086108202077206887
:10787000C06910F4407F204602D0FFF79EFF04E06D
:1078800000F085F8204600F045F92777E80708D092
:10789000F00706D021686FF001000861204600F073
:1078A000E1F9280608D5300606D521686FF080007A
:1078B00008612046FFF752FC680608D5700606D519
:1078C00021686FF040000861204600F0F5F9A80635
:1078D0000AD5B00608D521686FF02000086120465F
:1078E000BDE8F041FFF73BBCBDE8F08110B586B0C4
:1078F000044614216846E9F75BF82068B0F1804F30
:1079000015D10C480021026842F0010202600068B3
:1079100000F001000590082000900220CDE901014F
:107920000120CDE9031069460348FDF77DF806B054
:1079300010BD0000303802400000024070B504461F
:1079400090F83C00002501280FD0012084F83C006D
:107950006AB1042A0FD0082A11D00C2A13D00125AD
:10796000002084F83C00284670BD022070BD2068CD
:1079700007F00CFFF4E7206807F038FFF0E7206815
:1079800007F06AFFECE7206807F09AFFE8E7704726
:1079900010B5040003D094F83D0010B107E00120B9
:1079A00010BD002084F83C00204600F01EF80220A4
:1079B00084F83D00211D206807F060FE012084F856
:1079C000460084F83E0084F83F0084F8400084F8C4
:1079D000410084F8420084F8430084F8440084F8AD
:1079E000450084F83D00002010BD704770B5044686
:1079F00090F83C0000260D4601280FD0012084F8A5
:107A00003C006AB1042A1DD0082A2FD00C2A3FD08E
:107A10000126002084F83C00304670BD022070BD75
:107A2000206807F0B3FE2068816941F00801816198
:107A30002068816921F004018161206881692A69D7
:107A4000114311E0206807F0D1FE2068816941F4FC
:107A5000006181612068816921F480618161206811
:107A600081692A6941EA02218161D2E7206807F031
:107A7000F3FE2068C16941F00801C1612068C16955
:107A800021F00401C1612068C1692A69114311E034
:107A9000206807F015FF2068C16941F40061C161E9
:107AA0002068C16921F48061C1612068C1692A69C7
:107AB00041EA0221C161ACE710B5040003D094F89B
:107AC0003D0010B107E0012010BD002084F83C000B
:107AD000204600F01EF8022084F83D00211D206899
:107AE00007F0CCFD012084F8460084F83E0084F8BD
:107AF0003F0084F8400084F8410084F8420084F894
:107B0000430084F8440084F8450084F83D000020D8
:107B100010BD70477047000010B5044649B10429F4
:107B20000AD008290BD094F8410001280AD001207E
:107B300010BD94F83E00F8E794F83F00F5E794F89C
:107B40004000F2E70220B1B3042938D0082939D027
:107B500084F841000122206807F0F8FD1B492068E5
:107B60001B4A884201D0904203D1436C43F4004346
:107B700043642068884213D0B0F1804F10D015497B
:107B800088420DD0144988420AD01449884207D04F
:107B9000904205D01249884202D01249884204D14D
:107BA000816801F00701062903D0016841F0010155
:107BB0000160002010BDFFE784F83E00CAE784F8AA
:107BC0003F00C7E784F84000C4E700000000014020
:107BD000000401400004004000080040000C004088
:107BE000004001400018004030B504460D460068D2
:107BF000002207F0ABFD194941F2111220689310E1
:107C0000884202D01649884209D1016A114206D140
:107C1000016A194203D1416C21F40041416420689A
:107C2000016A114206D1016A194203D1016821F0AB
:107C30000101016001203DB1042D08D0082D09D0BB
:107C400084F84100002030BD84F83E00FAE784F853
:107C50003F00F7E784F84000F4E70000000001402F
:107C600000040140704770B5044690F83C000128BC
:107C700010D0012584F83C50022084F83D002046B5
:107C800007F046FE002138B184F83D5084F83C10DE
:107C9000012070BD022070BD2068C26822F0400241
:107CA000C2602068C26822F48042C26084F83D50FD
:107CB00084F83C10002070BD704710B50446006881
:107CC000406994F84110C0F3C010212911D180B14E
:107CD0002068143050E8001F21F0800140E80012B5
:107CE000002AF5D1A06B08B1FCF704FB204607F091
:107CF000BCFE2068406994F84210C0F3801022292D
:107D000011D180B12068143050E8001F21F04001EB
:107D100040E80012002AF5D1E06B08B1FCF7EAFA5E
:107D2000204607F07BFE002010BD10B5040015D0E2
:107D3000242084F841002068C16821F40051C1600A
:107D4000204600F03FF80020606484F8410084F889
:107D5000420044F8300F6060207410BD012010BD57
:107D600070B5040004D094F84100002510B106E07D
:107D7000012070BD84F84050204600F085F8242092
:107D800084F841002068C16821F40051C160204698
:107D900007F07AFE2068016921F4904101612068B2
:107DA000416921F02A0141612068C16841F4005114
:107DB000C1606564202084F8410084F84200656356
:107DC000002070BD2DE9F04704462A4D0068284F79
:107DD000DFF8A4902E1D4FF48058B8420CD12868CB
:107DE00020F40020286041464846FCF787FDA06B40
:107DF000FCF7DBFA342011E02049884210D13068CA
:107E000020F010003060C0211D48FCF777FDE06BCA
:107E1000FCF7CBFAA06BFCF7C8FA2520FDF773FD41
:107E20002068B8420FD1286820F40020286041461D
:107E30004846FCF763FDE06BFCF7B7FAA06BFCF774
:107E4000B4FA34200EE00F4988420FD1306820F098
:107E500020003060C9144846FCF750FDA06BFCF7C9
:107E6000A4FA4720BDE8F047FDF74DBDBDE8F08717
:107E7000004C004040380240000002400010014029
:107E800000040240001401402DE9F04F87B0044681
:107E900014216846E8F78CFD9A4920689A4E00251F
:107EA0000F154FF0120B4FF0010A4FF040084FF042
:107EB0000069884239D194481030016841F40021AA
:107EC0000160006800F400200590306840F0010077
:107ED00030603068694600F001000590B014CDE9CB
:107EE000000B0320CDE902A00B2004908748FCF78B
:107EF0009BFD88488649C0F80880C0E90357456162
:107F00008561C56105624562C0E90019FCF754FB53
:107F100008B1FBF74FFD7F48A06301228463052170
:107F20003420FDF70FFD342050E07B4988424FD1CB
:107F300075481430016841F010010160006800F0DC
:107F400010000590306840F002003060306801A9F0
:107F500000F002000590C0200090022081E821047A
:107F60000720049069466D48FCF75EFD6D486C493A
:107F70000160C0E90195C0E9035745618561C561AC
:107F800005624562FCF718FB08B1FBF713FD654875
:107F9000E0636349846364487831C0F80880C0E9CD
:107FA000035745618561C56105624562C0E90019F5
:107FB000FCF702FB08B1FBF7FDFC5B48A063002265
:107FC000846303212520FDF7BDFC2520FDF7ACFCD3
:107FD0004C492068884251D14B4800251030016837
:107FE00041F400210160006800F400200590306831
:107FF00040F0010030603068694600F001000590F3
:108000004FF48050CDE9000B0320CDE902A00B20F6
:1080100004903E48FCF708FD3D48444E303830603F
:10802000C6E90195C6E903577561B561F561356229
:1080300030467562FCF7C0FA08B1FBF7BBFC354D62
:10804000E663B4633248C5F80880C5E9000900203A
:10805000C5E903076861A861E8612862686228468B
:10806000FCF7AAFA08B1FBF7A5FCA56301220521DC
:108070003420AC63FDF766FC34203DE02C49884297
:108080003CD121481430016841F0200101600068B2
:1080900000F020000590306840F00100306030684A
:1080A000694600F0010005904FF400600090CDE9B2
:1080B00001B50820CDE903501448FCF7B5FC184879
:1080C0001C4E60303060C6E903577561B561F561DB
:1080D00035624FF020607562C6E901083046FCF752
:1080E0006BFA08B1FBF766FCA66300220521472066
:1080F000B463FDF727FC4720FDF716FC07B0BDE889
:10810000F08F0000004C0040303802400000024078
:108110007060024050FE0420001001400004024044
:108120004064024028760420B4AB00208876042006
:1081300000140140B0FE04202DE9F043244C4022FD
:1081400093002060224E083E3160351F286840F0C1
:1081500001002860BFF34F8F4FF0FF39286810F0FF
:10816000010F19D01B4F786840F002007860BFF310
:108170004F8FDFF85CC0ACF1640CDCF800003268B3
:1081800000F0746428685FEA841800F0010017D4D6
:108190008A4211D2C8B90BE000BF521EDED2286855
:1081A00020F001002860BFF34F8F4846BDE8F08300
:1081B00032B9200109D403E010B100BF5B1EDCD24C
:1081C000786820F002007860E9E70020EEE7000020
:1081D000646402400030014070B50C480068C0077C
:1081E00005D00A485838006810F040700CD0EFF302
:1081F000108472B600F036F8050002D03B2007F07C
:108200004BFE04B962B6284670BD000058640240B7
:108210002DE9F041114F0424104EDFF844804FF057
:108220007465083F3560BFF34F8F3B2007F034FE85
:10823000BFF34F8FBFF36F8F386810F0746F07D1A3
:10824000D8F8000210F0006000D00120002803D010
:10825000641EE7D24FF0FF30BDE8F08108640240B1
:1082600004E000E070B5204800681F4900F0746029
:108270005C3109681C4A583212681C4C02F0010239
:10828000E378194D4FF074660835022B06D110F0D3
:10829000407F03D1030101D501B932B1E478002355
:1082A000022C0DD0E8B12E601BE01148416821F08E
:1082B000020141602E60BFF35F8F0120E07070BD4E
:1082C00010F0407F04D102B911B9040104D519B1ED
:1082D00000F01AF8034604E0400102D54FF0806038
:1082E0002860184670BD000000640240B874042085
:1082F0000030014003480021C1708160818081709D
:1083000070470000B87404202DE9F047324800247B
:10831000304A4168254621F0020141602F4E306805
:1083200020F00100306000E000BF3068C00701D0DD
:10833000521EF9D230682A4FC0074FF000094FF0A3
:10834000FF3A04D0504687F80390BDE8F0872348F1
:10835000001D0068DFF8848008F1140890B1B98826
:1083600088420FD8BA686AB1336813F4F04F09D164
:10837000D8F800305B0705D4BB78022B02D2091A6B
:108380008C1885B214B1FFF743FF28B1FFF740FF07
:1083900087F803905046D8E7306820F00800306036
:1083A000306840F016003060D8F8001021F08001ED
:1083B000C8F80010BC60BD80B878401CB8700220BE
:1083C000F870002229462046FFF7B6FE0028DFD1CC
:1083D000BBE70000A0860100003001405864024065
:1083E000B874042070B5274D0022EA70264942F285
:1083F0001070264C00E000BFA3689B0701D4401E0C
:10840000F9D2606820F002006060214B186820F00B
:108410000100186000E000BF1868C00701D0491EC5
:10842000F9D218684FF0FF36C00701D0304670BD52
:10843000206820F040002060206840F0400020606C
:10844000186820F008001860186840F016001860DE
:108450000F481430016821F0800101600C48001DB4
:108460000260AA60AA80AA70FFF7D2FE0028DDD1C0
:10847000606820F002006060BFF35F8F0120E87049
:10848000002070BDB8740420A086010000300140B7
:108490005864024030B528B121B1154AD378012B78
:1084A0000BD102E04FF0FF3030BD124B1C68E407E7
:1084B00003D1114C6568AD0702D56FF0010030BDE6
:1084C00090609180002595700225D570BFF35F8F75
:1084D000084A0C3210600748001D0160186840F01F
:1084E00001001860606840F002006060002030BD4C
:1084F000B8740420586402400030014010B519A03F
:10850000A4B0D0E90010CDE9201018A0194CD0E992
:108510000010CDE922100020E060694620A80AF092
:1085200041F818B14FF0FF3024B010BD9DF80D0098
:10853000800702D46FF00100F6E710A922A80AF024
:1085400031F810B16FF00200EEE79DF8500000F036
:108550000F00012802D06FF00300E5E70120E06082
:108560000020E1E74600FFFFF10100004680FFFF29
:10857000F1010000B87404202DE9F04F8BB0814662
:10858000FCF744FB81494FF0000A0446C1F80CA0F7
:108590004D464FF4827BC5E901BAC9F80CA04FF4EF
:1085A0000071C9F810A0C5E905A13821C5E9071A6D
:1085B000C9F824A00A20C9E90AA04846FEF7AAFA89
:1085C00018B101200BB0BDE8F08F2868016841F0B8
:1085D00040010160DFF8B881D8F8180040F00400CD
:1085E000C8F818006B4B002242F210761868FF257D
:1085F000400603D4186840F040001860304600E0A0
:1086000000BF9968890701D4401EF9D29868C00755
:108610000AD0D8688DF820009868C00702D0D868C2
:108620008DF820009DF820001D73314600E000BF4A
:108630009868C00701D1491EF9D29868C00700D0D8
:10864000D868521C102AD1DB53A00025D0E90010B5
:10865000CDE9001041F27077D8F8180040F480207E
:10866000C8F818000A20FCF78DF8684600F0E0FF13
:108670006D1C0646642D04DAFCF7C8FA001BB842EC
:1086800002D30AF0D3F89CE7012EE5D144A00025DF
:10869000D0E90010CDE902104FF47A760EE0B54231
:1086A00004DAFCF7B3FA001BB84203D30AF0BEF8B1
:1086B000022087E70120FCF765F86D1C02A801F095
:1086C00087FA0128EBD138A00025D0E90010CDE9C8
:1086D00004100EE0B54204DAFCF798FA001BB84229
:1086E00003D30AF0A3F803206CE70120FCF74AF853
:1086F0006D1C04A800F0C2FC0028EBD12CA00025C2
:10870000D0E90010CDE906100EE0B54204DAFCF71E
:108710007DFA001BB84203D30AF088F8042051E721
:108720000120FCF72FF86D1C09A906A801F0F8F844
:108730000028EAD1FCF76AFA001BB84202D2FFF720
:10874000DDFE18B10AF072F805203BE74C464FF405
:108750000071C4E901BAC9F80CA0C9F810A0C4E9B5
:1087600005A1C9F81CA0C9F820A0C9F824A00A20B6
:10877000C9E90AA04846FEF7CDF920B9206801688A
:1087800041F04001016000201CE70000B8740420A3
:108790000000024000300140400000000095000051
:1087A00048000001AA8700006940000000E50000C1
:1087B0007A000000000100000EB5002102910CA11A
:1087C000B0F5800FD1E90021CDE9002100D90A4898
:1087D0008DF80400010E8DF80110010C8DF80210C7
:1087E000010A8DF80310684600F048FC02900EBDA7
:1087F0005700000000010000FFFF3F00FEB5FF240E
:108800008DF8004042F210731D464B4E2DE031684A
:10881000FF27490603D4316841F040013160194611
:1088200000E000BFB268920701D4491EF9D2B168D6
:10883000C9070AD0F1688DF80410B168C90702D0E1
:10884000F1688DF804109DF8041037731A4600E0A3
:1088500000BFB168C90701D1521EF9D2B168C9077A
:1088600001D0F168C9B28DF800109DF80010FE2902
:1088700001D06D1ECBD29DF80010FE2902D06FF002
:108880000100FEBD31684FF40077490603D431681A
:1088900041F04001316000211A4600E000BFB56898
:1088A000AD0705D4521EF9D202E0F2688DF800201F
:1088B000B268D207F9D134731A4600E000BFB56838
:1088C000ED0701D1521EF9D2B268D20704D0F26886
:1088D0004254491CB942DFDB18A002AF0068029085
:1088E00030680225400603D4306840F04000306014
:1088F0000020194600E000BFB268920705D4491E67
:10890000F9D202E0F1688DF80010B168C907F9D119
:108910003473194600E000BFB268D20701D1491E86
:10892000F9D2B168C90704D0F1683954401CA84293
:10893000DFDB0020FEBD000000300140FFFF000033
:10894000F0B587B04924FF228DF80020FE4A9369D4
:1089500043F480239361FD4D2A68520603D42A68AC
:1089600042F040022A6042F21076334600E000BF37
:10897000AA68920701D45B1EF9D2AA68D2070AD06E
:10898000EA688DF81420AA68D20702D0EA688DF848
:1089900014209DF814202C73334600E000BFAA6811
:1089A000D20701D15B1EF9D2AA68D20700D0EA68CB
:1089B0002A680024520603D42A6842F040022A6042
:1089C000374600E000BFAA68920701D47F1EF9D2A3
:1089D000AA68D2070AD0EA688DF81420AA68D207DC
:1089E00002D0EA688DF814209DF814202C733246CA
:1089F00000E000BFAB68DB0701D1521EF9D2AA68C4
:108A0000D20700D0EA682A68520603D42A6842F0E6
:108A100040022A60334600E000BFAA68920701D4F2
:108A20005B1EF9D2AA68D2070AD0EA688DF8142032
:108A3000AA68D20702D0EA688DF814209DF81420A5
:108A40002C73374600E000BFAA68D20701D17F1E11
:108A5000F9D2AA68D20700D0EA682A68520603D47D
:108A60002A6842F040022A60334600E000BFAA684C
:108A7000920701D45B1EF9D2AA68D2070AD0EA682D
:108A80008DF81420AA68D20702D0EA688DF8142065
:108A90009DF814202C73324600E000BFAB68DB0762
:108AA00001D1521EF9D2AA68D20700D0EA682A681A
:108AB000520603D42A6842F040022A60334600E09E
:108AC00000BFAA68920701D45B1EF9D2AA68D20738
:108AD0000AD0EA688DF81420AA68D20702D0EA68A2
:108AE0008DF814209DF814202C73374600E000BF49
:108AF000AA68D20701D17F1EF9D2AA68D20700D096
:108B0000EA682B68FF225B0603D42B6843F040031E
:108B10002B60334600E000BFAC68A40701D45B1EA5
:108B2000F9D2AB68DB070AD0EB688DF81430AB687C
:108B3000DB0702D0EB688DF814309DF814302A73EF
:108B4000324600E000BFAB68DB0701D1521EF9D20C
:108B5000AA68D20700D0EA68374634464FF0000CC6
:108B60002DE02A68FF26520603D42A6842F040020C
:108B70002A603A4600E000BFAB689B0701D4521E52
:108B8000F9D2AA68D2070AD0EA688DF81420AA6838
:108B9000D20702D0EA688DF814209DF814202E73B5
:108BA0003A4600E000BFAB68DB0701D1521EF9D2A4
:108BB000AA68D20708D0EA68D2B28DF800209DF8E2
:108BC0000020FF2A02D003E06246F6E7641EC8D206
:108BD0009DF80020FF2A06D09DF8002032B14FF00A
:108BE000FF3007B0F0BD6FF00100FAE73C462DE022
:108BF0002A68FF26520603D42A6842F040022A60FF
:108C00003A4600E000BFAB689B0701D4521EF9D280
:108C1000AA68D2070AD0EA688DF81420AA68D20799
:108C200002D0EA688DF814209DF814202E733A467D
:108C300000E000BFAB68DB0701D1521EF9D2AA6881
:108C4000D20710D0EA68D2B28DF800209DF800203B
:108C5000FE2A01D0641ECBD29DF80020FE2A04D04B
:108C60006FF00200BDE76246EEE700222B68FF26A8
:108C70005B0603D42B6843F040032B603B4600E0C7
:108C800000BFAC68A40701D45B1EF9D2AB68DB0758
:108C90000AD0EB688DF80030AB68DB0702D0EB68D8
:108CA0008DF800309DF800302E733C463B4600E0C6
:108CB00000BFAE68F60701D15B1EF9D2AB68DB07D7
:108CC00011D0EB68DBB201AEB354521C102ACDDBDD
:108CD00000262A68FF27520603D42A6842F0400281
:108CE0002A60234602E06346EDE700BFAA689207C8
:108CF00001D45B1EF9D2AA68D2070AD0EA688DF8BF
:108D00000020AA68D20702D0EA688DF800209DF8FA
:108D100000202F73224600E000BFAB68DB0701D1C3
:108D2000521EF9D2AA68D20700D0EA68761C022E39
:108D3000CFDB9DF80B209DF80C30120442EA032291
:108D40009DF80D301A4303E000000240003001405E
:108D5000920202F58062C1F81021FFF70DFC00209D
:108D60003FE70000FCB50346FF208DF80000C14836
:108D7000826942F480228261BF4C512620684006FD
:108D800003D4206840F04000206042F21072154683
:108D900000E000BFA068800701D46D1EF9D2A06872
:108DA000C0070AD0E0688DF80400A068C00702D0B0
:108DB000E0688DF804009DF804002673154600E075
:108DC00000BFA068C00701D16D1EF9D2A068C0071E
:108DD00000D0E06820681D0E400603D4206840F0F3
:108DE00040002060104600E000BFA668B60701D42E
:108DF000401EF9D2A068C0070AD0E0688DF80400D0
:108E0000A068C00702D0E0688DF804009DF8040057
:108E100025731046154600E000BFA268D20701D1B5
:108E20006D1EF9D2A268D20700D0E2682268C3F3AF
:108E30000745520603D4226842F0400222600246EF
:108E400000E000BFA668B60701D4521EF9D2A2689E
:108E5000D2070AD0E2688DF80420A268D20702D0B7
:108E6000E2688DF804209DF804202573054600E093
:108E700000BFA268D20701D16D1EF9D2A268D20745
:108E800000D0E2682568C3F307226D0603D4256885
:108E900045F040052560064600E000BFA568AD0727
:108EA00001D4401EF9D2A068C0070AD0E0688DF84E
:108EB0000400A068C00702D0E0688DF804009DF8A7
:108EC00004002273324600E000BFA068C00701D151
:108ED000521EF9D2A068C00700D0E0682268D8B25C
:108EE000520603D4226842F040022260354600E078
:108EF00000BFA268920701D46D1EF9D2A268D20702
:108F00000AD0E2688DF80420A268D20702D0E26895
:108F10008DF804209DF804202073304600E000BF47
:108F2000A268D20701D1401EF9D2A068C00700D0C4
:108F3000E06822680120520603D4226842F0400211
:108F40002260354600E000BFA268920701D46D1E82
:108F5000F9D2A268D2070AD0E2688DF80420A2688C
:108F6000D20702D0E2688DF804209DF80420207317
:108F70003546304600E000BFA268D20701D1401E4E
:108F8000F9D2A068C00700D0E0682E462DE0206826
:108F9000FF27400603D4206840F0400020602A46A6
:108FA00000E000BFA068800701D4521EF9D2A0687B
:108FB000C0070AD0E0688DF80400A068C00702D09E
:108FC000E0688DF804009DF8040027732B4600E04C
:108FD00000BFA068C00701D15B1EF9D2A068C0071E
:108FE00001D0E068C0B28DF800009DF80000FF28B5
:108FF00001D1761ECBD29DF80000FF2805D09DF848
:10900000000028B14FF0FF30FCBD6FF00100FCBD47
:109010000846FFF7F3FB8DF800002068FF224006AA
:1090200003D4206840F040002060284600E000BFE4
:10903000A168890701D4401EF9D2A068C0070AD0F0
:10904000E0688DF80400A068C00702D0E0688DF8E1
:1090500004009DF80400227300E000BFA068C00770
:1090600001D16D1EF9D2A068C00700D0E0689DF85C
:109070000000FCBD0000024000300140FCB5FEA134
:109080004FF0FF0CD1E900358DF800C0FC490022FB
:109090008C6944F480248C61FA4CD9B22668760637
:1090A00003D4266846F04006266042F210773E461A
:1090B00000E000BFD4F808E05FEA8E7E01D4761E9F
:1090C000F7D2A668F6070AD0E6688DF80460A668AD
:1090D000F60702D0E6688DF804609DF804602173FD
:1090E000394600E000BFA668F60701D1491EF9D253
:1090F000A168C90700D0E1682668C3F30721760696
:1091000003D4266846F0400626603E4600E000BFD5
:10911000D4F808E05FEA8E7E01D4761EF7D2A66806
:10912000F6070AD0E6688DF80460A668F60702D054
:10913000E6688DF804609DF804602173394600E00C
:1091400000BFA668F60701D1491EF9D2A168C90778
:1091500000D0E1682668C3F30741760603D4266889
:1091600046F0400626603E4600E000BFD4F808E026
:109170005FEA8E7E01D4761EF7D2A668F6070AD083
:10918000E6688DF80460A668F60702D0E6688DF8F8
:1091900004609DF804602173394600E000BFA668B2
:1091A000F60701D1491EF9D2A168C90700D0E168CC
:1091B000190E23685B0603D4236843F04003236041
:1091C0003B4600E000BFA668B60701D45B1EF9D29B
:1091D000A368DB070AD0E3688DF80430A368DB07D7
:1091E00002D0E3688DF804309DF8043021733E46C8
:1091F00000E000BFA168C90701D1761EF9D2A168BD
:10920000C90700D0E1682168EBB2490603D42168A0
:1092100041F040012160394600E000BFA668B60772
:1092200001D4491EF9D2A168C9070AD0E1688DF8B6
:109230000410A168C90702D0E1688DF804109DF8F8
:10924000041023733B4600E000BFA168C90701D1A9
:109250005B1EF9D2A168C90700D0E1682168C5F397
:109260000723490603D4216841F0400121603E46AE
:10927000394600E000BFA568AD0701D4491EF9D208
:10928000A168C9070AD0E1688DF80410A168C90770
:1092900002D0E1688DF804109DF804102373314664
:1092A00000E000BFA368DB0701D1491EF9D2A16825
:1092B0004FF00007C9072FD0E1682DE02168FF2596
:1092C000490603D4216841F040012160314600E0A5
:1092D00000BFA3689B0701D4491EF9D2A168C90742
:1092E0000AD0E1688DF80410A168C90702D0E168CE
:1092F0008DF804109DF804102573314600E000BF7E
:10930000A368DB0701D1491EF9D2A168C90708D0BB
:10931000E168C9B28DF800109DF80010FF2902D055
:1093200005E03946F6E71146521C1029C6D39DF8D0
:109330000010FF2909D001782268520603D4226860
:1093400042F040022260324603E04FF0FF30FCBDA5
:1093500000BFA3689B0701D4521EF9D2A268D207AE
:109360000AD0E2688DF80420A268D20702D0E26831
:109370008DF804209DF8042021733246314600E028
:1093800000BFA368DB0701D1491EF9D2A168C90754
:1093900000D0E16843782168490603D4216841F090
:1093A00040012160114600E000BFA568AD0701D46F
:1093B000491EF9D2A168C9070AD0E1688DF80410E6
:1093C000A168C90702D0E1688DF804109DF8041067
:1093D0002373164600E000BFA168C90701D1761EBD
:1093E000F9D2A168C90700D0E168837821684906ED
:1093F00003D4216841F040012160114600E000BF24
:10940000A568AD0701D4491EF9D2A168C9070AD0E1
:10941000E1688DF80410A168C90702D0E1688DF8F1
:1094200004109DF804102373114600E000BFA368E8
:10943000DB0701D1491EF9D2A168C90700D0E16854
:10944000C3782168490603D4216841F040012160B6
:10945000114600E000BFA568AD0701D4491EF9D24E
:10946000A168C90714D0E1688DF80410A168C90784
:109470000CD0E16808E00000770000000001000067
:1094800000000240003001408DF804109DF80410E7
:109490002373164600E000BFA168C90701D1761EFC
:1094A000F9D2A168C90700D0E168057921684906A9
:1094B00003D4216841F0400121601346114600E0C9
:1094C00000BFA268920701D4491EF9D2A168C9075A
:1094D0000AD0E1688DF80410A168C90702D0E168DC
:1094E0008DF804109DF8041025731A4600E000BFA3
:1094F000A168C90701D1521EF9D2A168C90700D0DD
:10950000E16841792068400603D4206840F04000BB
:1095100020601E46184600E000BFA268920701D4F2
:10952000401EF9D2A068C0070AD0E0688DF8040098
:10953000A068C00702D0E0688DF804009DF8040020
:109540002173314600E000BFA068C00701D1491E69
:10955000F9D2A068C00700D0E0688DF800C00023F1
:109560002DE02068FF22400603D4206840F0400030
:109570002060304600E000BFA168890701D4401E8A
:10958000F9D2A068C0070AD0E0688DF80400A0688E
:10959000C00702D0E0688DF804009DF80400227333
:1095A000314600E000BFA068C00701D1491EF9D2D2
:1095B000A068C00708D0E068C0B28DF800009DF830
:1095C0000000FF2802D005E03846F6E718465B1C8D
:1095D0001028C6D32068FF22400603D4206840F03C
:1095E00040002060304600E000BFA168890701D438
:1095F000401EF9D2A068C0070AD0E0688DF80400C8
:10960000A068C00702D0E0688DF804009DF804004F
:10961000227300E000BFA068C00701D1761EF9D216
:10962000A068C00700D0E0689DF80000FCBD000005
:109630007CB5FF218DF80010B74900228B6943F4F7
:1096400080238B61B54C03782168490603D42168D7
:1096500041F04001216042F21076354600E000BF43
:10966000A168890701D46D1EF9D2A168C9070AD083
:10967000E1688DF80410A168C90702D0E1688DF88F
:1096800004109DF804102373354600E000BFA16864
:10969000C90701D16D1EF9D2A168C90700D0E168E0
:1096A000417823685B0603D4236843F040032360BA
:1096B000334600E000BFA568AD0701D45B1EF9D2B8
:1096C000A368DB070AD0E3688DF80430A368DB07E2
:1096D00002D0E3688DF804309DF8043021733546DC
:1096E00000E000BFA168C90701D16D1EF9D2A168D1
:1096F000C90700D0E168817823685B0603D423683A
:1097000043F040032360334600E000BFA568AD0787
:1097100001D45B1EF9D2A368DB070AD0E3688DF899
:109720000430A368DB0702D0E3688DF804309DF8AD
:1097300004302173314600E000BFA368DB0701D18C
:10974000491EF9D2A168C90700D0E168C178236831
:109750005B0603D4236843F040032360354600E0F2
:1097600000BFA3689B0701D46D1EF9D2A368DB0775
:109770000AD0E3688DF80430A368DB0702D0E36801
:109780008DF804309DF804302173334600E000BFAB
:10979000A168C90701D15B1EF9D2A168C90700D031
:1097A000E168017923685B0603D4236843F0400332
:1097B0002360354600E000BFA3689B0701D46D1EFF
:1097C000F9D2A368DB070AD0E3688DF80430A368F8
:1097D000DB0702D0E3688DF804309DF80430217374
:1097E000314600E000BFA368DB0701D1491EF9D272
:1097F000A168C90700D0E16840792168490603D40F
:10980000216841F040012160354600E000BFA168B9
:10981000890701D46D1EF9D2A168C9070AD0E16891
:109820008DF80410A168C90702D0E1688DF8041012
:109830009DF8041020733546334600E000BFA06851
:10984000C00701D15B1EF9D2A068C0072FD0E06825
:109850002DE02068FF26400603D4206840F0400039
:109860002060284600E000BFA168890701D4401E9F
:10987000F9D2A068C0070AD0E0688DF80400A0689B
:10988000C00702D0E0688DF804009DF8040026733C
:10989000294600E000BFA068C00701D1491EF9D2E7
:1098A000A068C00701D0E068C0B28DF800009DF844
:1098B0000000FF2803D11046521C1028C9D320688D
:1098C000FF22400603D4206840F040002060284674
:1098D00000E000BFA168890701D4401EF9D2A0684A
:1098E000C0070AD0E0688DF80400A068C00702D065
:1098F000E0688DF804009DF80400227300E000BFCA
:10990000A068C00701D16D1EF9D2A068C00700D0C1
:10991000E0689DF800007CBD00000240003001407E
:10992000FCB5FF228DF80020A74A0024936943F478
:1099300080239361A54E4FF0060C3268520603D483
:10994000326842F040023260002242F210773B4619
:1099500000E000BFB568AD0705D45B1EF9D202E098
:10996000F3688DF80430B368DB07F9D1835C337397
:109970003D4600E000BFB368DB0702D16D1E6B1CE3
:10998000F8D1B368DB0735D0F3688DF80430521C8A
:109990006245DCDB2EE03068FF22400603D43068ED
:1099A00040F0400030603B4600E000BFB0688007F8
:1099B00002D45B1E581CF8D1B068C0070AD0F0680A
:1099C0008DF80400B068C00702D0F0688DF804007C
:1099D0009DF804003273384600E000BFB268D20739
:1099E00001D1401EF9D2B068C00701D0F068C0B202
:1099F0008DF800009DF80000FF2803D12046641C6C
:109A00001028C8D39DF80000FF2809D0CA78306814
:109A1000400603D4306840F040003060384603E030
:109A20004FF0FF30FCBD00BFB3689B0701D4401E60
:109A3000F9D2B068C0070AD0F0688DF80400B068A9
:109A4000C00702D0F0688DF804009DF8040032735E
:109A50003A46384600E000BFB368DB0701D1401E3C
:109A6000F9D2B068C00700D0F068887833685B0628
:109A700003D4336843F040033360174600E000BF6F
:109A8000B3689B0701D47F1EF9D2B368DB070AD005
:109A9000F3688DF80430B368DB0702D0F3688DF803
:109AA00004309DF804303073104600E000BFB36806
:109AB000DB0701D1401EF9D2B068C00700D0F068C2
:109AC000487833685B0603D4336843F0400333605F
:109AD000174600E000BFB3689B0701D47F1EF9D290
:109AE000B368DB070AD0F3688DF80430B368DB078E
:109AF00002D0F3688DF804309DF8043030731046BE
:109B000000E000BFB368DB0701D1401EF9D2B068A6
:109B1000C00700D0F06808783168490603D431687E
:109B200041F040013160174600E000BFB16889078D
:109B300001D47F1EF9D2B168C9070AD0F1688DF847
:109B40000410B168C90702D0F1688DF804109DF8BF
:109B500004103073104600E000BFB168C90701D19E
:109B6000401EF9D2B068C00700D0F0683068FF210D
:109B7000400603D4306840F040003060104600E0FA
:109B800000BFB3689B0701D4401EF9D2B068C0077C
:109B90000AD0F0688DF80400B068C00702D0F06801
:109BA0008DF804009DF804003173174600E000BFF3
:109BB000B068C00701D17F1EF9D2B068C00700D0DD
:109BC000F0689DF80000FCBD00000240003001403C
:109BD000FEB56AA109680291FF218DF8001068495D
:109BE00000238A6942F480228A61664D062729682B
:109BF000490603D4296841F040012960002142F25E
:109C00001076324600E000BFAC68A40705D4521EAF
:109C1000F9D202E0EA688DF80420AA68D207F9D1E7
:109C2000425C2A733446324600E000BFD5F808C0D3
:109C30005FEACC7C01D1521EF7D2AA68D20734D099
:109C4000EA688DF80420491CB942DADB2DE0286867
:109C5000FF22400603D4286840F0400028602046D8
:109C600000E000BFA968890701D4401EF9D2A868A6
:109C7000C0070AD0E8688DF80400A868C00702D0C1
:109C8000E8688DF804009DF804002A73214600E07E
:109C900000BFA868C00701D1491EF9D2A868C00753
:109CA00001D0E868C0B28DF800009DF80000FF28E0
:109CB00003D118465B1C1028C9D39DF80000FF286B
:109CC0000BD0286802AE0423400603D4286840F075
:109CD000400028600020224603E04FF0FF30FEBD28
:109CE00000BFA968890705D4521EF9D202E0EA68CC
:109CF0008DF80420A968C907F9D1315C2973214680
:109D000000E000BFAA68D20701D1491EF9D2A968B4
:109D1000C90705D0E9688DF80410401C9842DADBC9
:109D20002868FF22400603D4286840F040002860DD
:109D3000204600E000BFA968890701D4401EF9D27F
:109D4000A868C0070AD0E8688DF80400A868C007B2
:109D500002D0E8688DF804009DF804002A7300E042
:109D600000BFA868C00701D1641EF9D2A868C00767
:109D700000D0E8689DF80000FEBD0000FFFFFFFF77
:109D80000000024000300140FCB5684A0024147015
:109D90008DF800406748664B816941F480218161FC
:109DA000654DFD202968490603D4296841F040012A
:109DB000296042F210773E4600E000BFA96889079B
:109DC00001D4761EF9D2A968C9070AD0E9688DF8CE
:109DD0000410A968C90702D0E9688DF804109DF83D
:109DE00004102873394600E000BFA868C00701D1FD
:109DF000491EF9D2A868C00700D0E8682868FF218A
:109E0000400603D4286840F0400028603E463846AB
:109E100000E000BFAF68BF0701D4401EF9D2A868B8
:109E2000C0070AD0E8688DF80400A868C00702D00F
:109E3000E8688DF804009DF804002973304600E0BE
:109E400000BFA968C90701D1401EF9D2A868C007A0
:109E500000D0E86801279DF80000FF2832D05B1E83
:109E600030D35470304600E000BFA968890701D4A0
:109E7000401EF9D2A868800701D4577020E0FF2067
:109E80002873304600E000BFA968C90701D1401E11
:109E9000F9D2A868C00708D0287B8DF80000507858
:109EA0000028D8D06FF00100FCBDA8680190577061
:109EB000400605D5287B8DF804009DF80400A868AD
:109EC0002046EAE79DF80000FF2802D04FF0FF305F
:109ED000FCBD2868FF21400603D4286840F04000FC
:109EE0002860304600E000BFAA68920701D4401EF7
:109EF000F9D2A868C0070AD0E8688DF80000A86801
:109F0000C00702D0E8688DF800009DF800002973B2
:109F100000E000BFA868C00701D1761EF9D2A8688A
:109F2000C00700D0E8680020FCBD0000B874042021
:109F30008038010000000240003001407CB5C1497A
:109F400000250D70FF218DF80010BF498A6942F489
:109F500080228A61BD4C59232168490603D42168B7
:109F600041F04001216042F21076324600E000BF2D
:109F7000A168890701D4521EF9D2A168C9070AD085
:109F8000E1688DF80410A168C90702D0E1688DF876
:109F900004109DF804102373334600E000BFA1684D
:109FA000C90701D15B1EF9D2A168C90700D0E168D9
:109FB0002168020E490603D4216841F04001216066
:109FC000314600E000BFA3689B0701D4491EF9D2C7
:109FD000A168C9070AD0E1688DF80410A168C90713
:109FE00002D0E1688DF804109DF804102273314608
:109FF00000E000BFA268D20701D1491EF9D2A168D2
:10A00000C90700D0E1682168C0F30742490603D4BC
:10A01000216841F040012160314600E000BFA368A3
:10A020009B0701D4491EF9D2A168C9070AD0E1688B
:10A030008DF80410A168C90702D0E1688DF80410FA
:10A040009DF804102273334600E000BFA168C907E1
:10A0500001D15B1EF9D2A168C90700D0E16822686E
:10A06000C0F30721520603D4226842F04002226066
:10A07000324600E000BFA3689B0701D4521EF9D20C
:10A08000A268D2070AD0E2688DF80420A268D2073D
:10A0900002D0E2688DF804209DF804202173314637
:10A0A00000E000BFA268D20701D1491EF9D2A16821
:10A0B000C90700D0E1682168C0B2490603D421680D
:10A0C00041F040012160334600E000BFA1688907EC
:10A0D00001D45B1EF9D2A168C9070AD0E1688DF8E6
:10A0E0000410A168C90702D0E1688DF804109DF83A
:10A0F00004102073334600E000BFA068C00701D100
:10A100005B1EF9D2A068C00700D0E068216801207A
:10A11000490603D4216841F040012160314600E046
:10A1200000BFA268920701D4491EF9D2A168C907ED
:10A130000AD0E1688DF80410A168C90702D0E1686F
:10A140008DF804109DF804102073304600E000BF25
:10A15000A168C90701D1401EF9D2A068C00700D08C
:10A16000E068002035E00146401C80B2052902D994
:10A170006FF001007CBD2168FF23490603D42168EC
:10A1800041F040012160314600E000BFA268920723
:10A1900001D4491EF9D2A168C9070AD0E1688DF837
:10A1A0000410A168C90702D0E1688DF804109DF879
:10A1B00004102373324600E000BFA168C90701D133
:10A1C000521EF9D2A168C9070DD0E168C9B28DF855
:10A1D00000109DF80010FF29C5D09DF8000020B1A7
:10A1E0004FF0FF307CBD2946F1E72068FF22400692
:10A1F00003D4206840F040002060304600E000BFFB
:10A20000A168890701D4401EF9D2A068C0070AD00E
:10A21000E0688DF80400A068C00702D0E0688DF8FF
:10A2200004009DF80400227300E000BFA068C0078E
:10A2300001D1761EF9D2A068C00700D0E0689DF871
:10A2400000007CBDB87404200000024000300140D2
:10A250002DE9F84304F02AFA04F028FA04F026FA6B
:10A2600000F01F0000272C4A052803D01770781E25
:10A27000BDE8F883DFF8A490D9F8048028484FF4AB
:10A280007A71284C006842F21075B0FBF1FCFA209C
:10A290000CFB00FC012600215770284600E000BF9F
:10A2A000A3689B0701D4401EF9D2A068800701D49F
:10A2B00056701BE0FF202073284600E000BFA36813
:10A2C000DB0701D1401EF9D2A068C00703D0207B74
:10A2D000FF2811D00AE0A06800905670400605D50E
:10A2E000207B8DF800009DF80000A068507830B108
:10A2F00017706FF00200BBE716700020B8E7491C2A
:10A300004029C9D3D9F80400A0EB08006045C2D3A6
:10A3100017706FF00100ABE7B8740420001000E084
:10A32000C8740420003001402DE9FC470646FF2098
:10A330000C468DF8000008F079FADFF80884D8F8A8
:10A34000180040F48020C8F81800FF4F58213868E2
:10A35000400603D4386840F04000386042F2107381
:10A36000184600E000BFBA68920701D4401EF9D237
:10A37000B868C0070AD0F8688DF80400B868C0074C
:10A3800002D0F8688DF804009DF80400397319466E
:10A3900000E000BFB868C00701D1491EF9D2B86813
:10A3A000C00700D0F8683968300E490603D4396810
:10A3B00041F0400139601A4600E000BFB9688907E2
:10A3C00001D4521EF9D2B968C9070AD0F9688DF8CC
:10A3D0000410B968C90702D0F9688DF804109DF817
:10A3E000041038731D4600E000BFB868C00701D1F3
:10A3F0006D1EF9D2B868C00700D0F8683968C6F396
:10A400000740490603D4396841F0400139601A46D3
:10A4100000E000BFB968890701D4521EF9D2B968BB
:10A42000C9070AD0F9688DF80410B968C90702D0C5
:10A43000F9688DF804109DF8041038731A46184610
:10A4400000E000BFB968C90701D1401EF9D2B86861
:10A45000C00700D0F8683868C6F30721400603D467
:10A46000386840F040003860104600E000BFBB682C
:10A470009B0701D4401EF9D2B868C0070AD0F8681B
:10A480008DF80400B868C00702D0F8688DF80400A1
:10A490009DF804003973114600E000BFB868C0079A
:10A4A00001D1491EF9D2B868C00700D0F8683968F0
:10A4B000F0B2490603D4396841F0400139601546CD
:10A4C00000E000BFB968890701D46D1EF9D2B968F0
:10A4D000C9070AD0F9688DF80410B968C90702D015
:10A4E000F9688DF804109DF804103873114600E0E7
:10A4F00000BFB868C00701D1491EF9D2B868C007CB
:10A5000000D0F86838680121400603D4386840F06C
:10A5100040003860104600E000BFBB689B0701D4D4
:10A52000401EF9D2B868C0070AD0F8688DF8040058
:10A53000B868C00702D0F8688DF804009DF80400E0
:10A540003973104600E000BFB968C90701D1401E49
:10A55000F9D2B868C00700D0F8681546134600263F
:10A560002FE038684FF0FF0C400603D4386840F005
:10A5700040003860284600E000BFBA68920701D466
:10A58000401EF9D2B868C0070AD0F8688DF80400F8
:10A59000B868C00702D0F8688DF804009DF8040080
:10A5A00087F80CC0284600E000BFB968C90701D190
:10A5B000401EF9D2B868C00708D0F868C0B28DF85C
:10A5C00000009DF80000FF2802D003E03046F6E7C7
:10A5D0005B1EC6D29DF80000FF2806D09DF8000043
:10A5E0004FF0FF39002870D105E008F01FF96FF037
:10A5F0000100BDE8FC873868FF21400603D43868B5
:10A6000040F0400038602A46284600E000BFBB68A2
:10A610009B0701D4401EF9D2B868C0070AD0F86879
:10A620008DF80400B868C00702D0F8688DF80400FF
:10A630009DF804003973154600E000BFB868C007F4
:10A6400001D16D1EF9D2B868C00700D0F868D8F8FB
:10A65000180040F48020C8F818003968FE20490628
:10A6600003D4396841F040013960114600E000BF71
:10A67000BB689B0701D4491EF9D2B968C9070AD043
:10A68000F9688DF80410B968C90702D0F9688DF827
:10A6900004109DF8041038731546104600E000BF02
:10A6A000B968C90701D1401EF9D2B868C00700D007
:10A6B000F86838684FF4007C400603D4386840F0EE
:10A6C0004000386000202A4601E0B0E000BFB968D1
:10A6D000890705D4521EF9D202E0F9688DF80410FA
:10A6E000B968C907F9D1215C3973294600E000BF78
:10A6F000BA68D20701D1491EF9D2B968C90705D095
:10A70000F9688DF80410401C6045DCDB3868FF21D7
:10A71000400603D4386840F040003860284600E026
:10A7200000BFBA68920701D4401EF9D2B868C007CA
:10A7300010D0F8688DF80400B868C00708D0F86831
:10A7400004E0000000000240003001408DF80400E9
:10A750009DF8040039732946284600E000BFBA6816
:10A76000D20701D1401EF9D2B868C00700D0F868FE
:10A770003A68FF20520603D43A6842F040023A6039
:10A780000D4600E000BFBA68920701D46D1EF9D2F1
:10A79000BA68D2070AD0FA688DF80420BA68D207DE
:10A7A00002D0FA688DF804209DF80420387308461A
:10A7B00000E000BFBA68D20701D1401EF9D2B868E4
:10A7C000C00700D0F8683868FF22400603D4386814
:10A7D00040F040003860084600E000BFBB689B07BF
:10A7E00001D4401EF9D2B868C0070AD0F8688DF8C5
:10A7F0000400B868C00702D0F8688DF804009DF81E
:10A8000004003A73084600E000BFBA68D20701D1DD
:10A81000401EF9D2B868C0070DD0F868C0B28DF8F4
:10A8200000009DF8000000F01F00052805D007F08B
:10A83000FDFF4846DDE63046F1E78DF80060224A2C
:10A840002DE03868FF23400603D4386840F040000C
:10A8500038600D4600E000BFB868800701D46D1E67
:10A86000F9D2B868C0070AD0F8688DF80400B86853
:10A87000C00702D0F8688DF804009DF804003B730F
:10A88000084600E000BFBB68DB0701D1401EF9D2DB
:10A89000B868C00707D0F868C0B28DF800009DF80E
:10A8A000000010B103E03046F7E7521EC9D29DF810
:10A8B000000018B107F0BAFF00209AE607F0B6FFD3
:10A8C0006FF0020095E60000803801002DE9FC439E
:10A8D0000346F748002789460770DFF8D8C3DCF83D
:10A8E0000000F54CC1074FF0FF386FF0010042F255
:10A8F000107626D0F14A314600E000BFA568AD07CA
:10A9000001D4491EF9D2616821F002016160DCF8CE
:10A91000001021F00101CCF8001000E000BFDCF8CD
:10A920000010C90701D0521EF8D2DCF80010C90788
:10A9300073D1216821F040012160216841F040017C
:10A940002160FF218DF80010DFF874C3DCF81810C7
:10A9500041F48021CCF8181022685821520603D403
:10A96000226842F040022260324600E000BFA56843
:10A97000AD0701D4521EF9D2A268D2070AD0E2680C
:10A980008DF80420A268D20702D0E2688DF8042076
:10A990009DF804202173314600E000BFA268D20771
:10A9A00001D1491EF9D2A168C90700D0E168226827
:10A9B000190E520603D4226842F040022260324649
:10A9C00000E000BFA568AD0701D4521EF9D2A2680D
:10A9D000D2070AD0E2688DF80420A268D20702D01C
:10A9E000E2688DF804209DF804202173314600E0D0
:10A9F00000BFA268D20701D1491EF9D2A168C907D8
:10AA000000D0E1682268C3F30741520603D42268EC
:10AA100042F040022260324601E0DFE000BFA5685C
:10AA2000AD0701D4521EF9D2A268D2070AD0E2685B
:10AA30008DF80420A268D20702D0E2688DF80420C5
:10AA40009DF804202173314600E000BFA268D207C0
:10AA500001D1491EF9D2A168C90700D0E168226876
:10AA6000C3F30721520603D4226842F04002226059
:10AA7000324600E000BFA568AD0701D4521EF9D2EE
:10AA8000A268D2070AD0E2688DF80420A268D20733
:10AA900002D0E2688DF804209DF80420217331462D
:10AAA00000E000BFA268D20701D1491EF9D2A16817
:10AAB000C90700D0E1682268D9B2520603D42268DF
:10AAC00042F040022260324600E000BFA3689B07CC
:10AAD00001D4521EF9D2A268D2070AD0E2688DF8DA
:10AAE0000420A268D20702D0E2688DF804209DF805
:10AAF00004202173314600E000BFA268D20701D1D3
:10AB0000491EF9D2A168C90700D0E1682168012275
:10AB1000490603D4216841F040012160314600E03C
:10AB200000BFA3689B0701D4491EF9D2A168C907D9
:10AB30000AD0E1688DF80410A168C90702D0E16865
:10AB40008DF804109DF804102273314600E000BF18
:10AB5000A268D20701D1491EF9D2A168C90700D065
:10AB6000E168002232E01146521C92B2052935D824
:10AB70002168FF25490603D4216841F04001216086
:10AB8000314600E000BFA3689B0701D4491EF9D2FB
:10AB9000A168C9070AD0E1688DF80410A168C90747
:10ABA00002D0E1688DF804109DF804102573314639
:10ABB00000E000BFA368DB0701D1491EF9D2A168FC
:10ABC000C9070DD0E168C9B28DF800109DF80010DA
:10ABD000FF29C8D09DF8000020B14046BDE8FC83A5
:10ABE0003946F1E72068FF21400603D4206840F091
:10ABF00040002060304600E000BFA268920701D408
:10AC0000401EF9D2A068C0070AD0E0688DF80000A5
:10AC1000A068C00702D0E0688DF800009DF8000031
:10AC20002173304600E000BFA168C90701D1401E72
:10AC3000F9D2A068C00700D0E068DCF8180040F442
:10AC40008020CCF818002068FE21400603D420683C
:10AC500040F040002060304600E000BFA26892074C
:10AC600001D4401EF9D2A068C0070AD0E0688DF870
:10AC70000000A068C00702D0E0688DF800009DF8D1
:10AC80000000217300E000BFA068C00701D1761E5C
:10AC9000F9D2A068C00700D0E0684FF400714846C0
:10ACA000FDF7F8FB002899D06FF0020096E700004E
:10ACB000B87404205864024000300140A0860100AE
:10ACC000000002402DE9F847DFF85CC18246894662
:10ACD000DCF80000554CC107554D4FF0FF386FF0C0
:10ACE00001004FF0000742F2107629D0514A314658
:10ACF00000E000BFAB689B0701D4491EF9D2696828
:10AD000021F002016960DCF8001021F00101CCF8AB
:10AD1000001000E000BFDCF80010C90701D0521E8F
:10AD2000F8D2DCF80010C90702D02770BDE8F88718
:10AD3000296821F040012960296841F0400129601B
:10AD40003D498A6942F480228A61217849BB002109
:10AD50004FF0010C6770324600E000BFAB689B0704
:10AD600001D4521EF9D2AA68920702D484F801C015
:10AD70000FE0FF222A73324600E000BFAB68DB071A
:10AD800001D1521EF9D2AA68D20714D02A7BFF2A19
:10AD900007D06278002AC8D1032919D0491C042998
:10ADA000D8D32868FC22400603D4286840F040002D
:10ADB0002860304610E0AA68009284F801C052066C
:10ADC000E7D52A7B8DF800209DF80020AA68E0E7EF
:10ADD00027704046AAE700BFA968890701D4401E32
:10ADE000F9D2A868C0070AD0E8688DF80000A86802
:10ADF000C00702D0E8688DF800009DF800002A73B3
:10AE000000E000BFA868C00701D1761EF9D2A8688B
:10AE1000C00700D0E86849465046FDF73BFB0028D4
:10AE200084D06FF0020081E758640240B8740420B7
:10AE300000300140A0860100000002402DE9F05FD3
:10AE400004460BA80D4690E8400C20680A9F9846DF
:10AE50004168914621F0010141602868416821F074
:10AE600001014160E06C01F035F8E86C01F032F866
:10AE7000F06A01F02FF8204601F004F8284601F0AE
:10AE800001F8E16C0968C1F80C80E16C08EB57002F
:10AE900009680861E06C0068016841F48021016084
:10AEA000E06C0068016821F400210160E16C206819
:10AEB00009680C308860E16CB80880460968486011
:10AEC0002068016821F0400101602068416841F07C
:10AED000010141602068016841F040010160E06CBF
:10AEE0000068016841F0010101603F4908680006FF
:10AEF000FCD43E4A906940F400209061002000BFDD
:10AF0000401C3228FBDB38484FF44E43001D0360E1
:10AF100008680006FCD4002000BF401C3228FBDB80
:10AF2000906940F008009061002000BF401C32286A
:10AF3000FBDB08680006FCD4284600F0A3FFE96CA0
:10AF40000968C1F80C90E96C09EB570009680861C1
:10AF5000E86C0068016841F480210160E86C0068D9
:10AF6000016821F400210160E96C286809680C304F
:10AF70008860E96C0968C1F804802868016821F0DC
:10AF8000400101602868416841F001014160286882
:10AF9000016841F040010160E86C0068016841F01F
:10AFA00001010160F16A0968C1F80CA0F16A20682A
:10AFB00009680C308860F16A4FEA5B0009684860F4
:10AFC000F06A0068016821F0100101603068C16812
:10AFD00041F40061C160F06A0068016841F001015C
:10AFE0000160BDE8F09F000008380040000002400A
:10AFF0000021CA1CD206D20C20F81120491C20299D
:10B00000F7DB70472DE9F04F04462DED0A8BADF5C7
:10B01000717D4FF00008E7ABD0F89C92D0F8A07299
:10B02000D0F8B002DC90B4F8B402DB900A20EA90C9
:10B03000FE48CDF8008004F51E7407C883E80700B9
:10B04000FBF700F89FEDFA0AEB9004ED7C0AA0698B
:10B05000A4F51E7480077DD400259FEDF69BF3EECA
:10B0600004AA9FEDF68BF74E9FEDF7AA680008F053
:10B070002EF853EC192B08F0D7F807F001FD00EE7D
:10B08000900A80EEAA0A10EE100A08F021FC41ECAA
:10B09000100B06F06DF853EC182B51EC100B08F068
:10B0A000C3F853EC182B07F01DFD07F0E9FC00EE88
:10B0B000100A10EE100AB04201DD9FEDE40AB5EE71
:10B0C000C00AF1EE10FA01D2B0EE4A0AE2A9BCEED3
:10B0D000C00A10EE100A48556D1C142DC6DBB4F8DA
:10B0E0008600082118220128207844F6206538D0EF
:10B0F000B5FBF0F0CDE900024FF0FF360291049667
:10B10000CDE90564DDE9DB323946484600F0F8FE5A
:10B110003946484601F026F949200090DDE9DB2157
:10B120000523484601F09CFAD4F8900240F0040050
:10B13000C4F890024FF0010ADB98CDE9DD0A022144
:10B14000CDE9DF81CDF88483DDA9DC98F9F76CFCCB
:10B15000002600E0B0E29EB1012E13D0022E14D1E1
:10B1600012E04FF0FF360296CDE90364B5FBF0F331
:10B17000CDE90021DDE9DB21484600F0E9FFCBE71E
:10B18000412002E0492000E059200090DDE9DB2168
:10B190000523484601F064FAAD4A1068111FEC908F
:10B1A00008680690AA482C3800680590A8482838F6
:10B1B0000068A74D0490203D286803900020086097
:10B1C000EB9944F62063B1FBF3F1491E116028604E
:10B1D0009F4A0121183A1160111F08609C490839E3
:10B1E00008600546E6E10020C7A901EB8002401C8B
:10B1F0008B4682ED00AA1428F7DB05F03F00009093
:10B20000DDE9DB210723484601F02AFA90490020B6
:10B210001C3908608E482C38016841F0010101603A
:10B2200000221EE18B4908680006FCD48A4B98690D
:10B2300040F400209861002000BF401C3228FBDB56
:10B240009DF8880340F4064C8248001DC0F800C0F9
:10B2500008680006FCD4002000BF401C3228FBDB3D
:10B26000986940F008009861002000BF401C322817
:10B27000FBDBD9F80000C068ADF800003868C06892
:10B28000ADF8000008680006FCD4986940F400207E
:10B290009861002000BF401C3228FBDBDFF8B4C1FE
:10B2A000E806C00C0CF1040CED90CCF80000086826
:10B2B0008A460006FBD4002000BF401C3228FBDB7E
:10B2C0006548816941F008018161002000BF401C90
:10B2D0003228FBDB61498E460868C007FBD0D9F8ED
:10B2E0000000C068ADF800003868C068ADF8000024
:10B2F000002057491C390B68DB07FAD000230B608C
:10B3000053469A4619680906FBD4534B996941F490
:10B3100000219961002100BF491C3229FBDB411C3F
:10B320004FF0140C91FBFCF80CFB181CE2A911F86F
:10B330000C1041F4064C4749091DC1F800C0D44621
:10B34000DCF800100906FBD4002100BF491C32299B
:10B35000FBDB996941F008019961002100BF491C9C
:10B360003229FBDBD9F80010C968ADF8BC13396885
:10B37000C968ADF8BC13DCF80010E0460906FAD441
:10B38000996941F400219961002100BF491C3229CB
:10B39000FBDBDFF8C0C0ED990CF1040CCCF8001019
:10B3A0004146D1F800C05FEA0C6CFAD4002100BF1E
:10B3B000491C3229FBDB996941F0080199610021A0
:10B3C00000BF491C3229FBDB71460B68DB07FCD050
:10B3D000D9F80010C968ADF800103968C968ADF82F
:10B3E000B8131F2D0EDDBDF800104FF6FF7303EAF2
:10B3F0004101ADF800100BEB8001BDF80030D1ED3C
:10B40000000A05E00BEB8001BDF8B833D1ED000A6E
:10B410001BB200EE103A401C1428B8EEC00A30EE01
:10B42000800A81ED000AFFF664AF19E0E8530408D2
:10B4300000007A4344174154FB21094000000000FA
:10B440000000604000007F430000000000007F43D8
:10B450002C0C004008380040000002400834014035
:10B46000521CEA988242FFF6DDAEC798804608F08B
:10B470002FFA41EC190B404608F02AFA41EC180B60
:10B48000002021E00BEB880ADAF8000008F020FA2F
:10B4900053EC192B07F0C6FF05D2DAF8000008F0CC
:10B4A00017FA41EC190BDAF8000008F011FA53EC26
:10B4B000182B07F07DFE05D2DAF8000008F008FA34
:10B4C00041EC180B08F10100EA9980468842D9DB6B
:10B4D000084607F0FCFD8B4680464BEC1B0BE7A8AB
:10B4E00000EB860ADAF8000008F0F2F941EC1C0BD8
:10B4F00053EC182B51EC190B08F0FCF853EC1C2BF7
:10B5000007F0ACFB9FED6ECB53EC1C2B07F08CFED1
:10B510009FED6D9B53EC192B07F086FE53EC1B2B14
:10B5200007F09CFB07F0ACFA009002AB01AA1421D3
:10B53000C7A804F02BFCDAED000A9DED011A4BECD4
:10B54000188B81EE200A10EE100A08F0C1F953ECB6
:10B550001C2B07F069FE53EC192B07F065FE53EC2A
:10B56000182B07F07BFB07F08BFA00EE100A022E77
:10B570008DED010A0EDA07A800EB062000EB85002E
:10B5800087A980ED000A01EBC611BDF8080021F87B
:10B59000150009E004EB850004EB450180ED440A49
:10B5A000BDF80800A1F810024948016821F0010126
:10B5B00001606D1C2078A8423FF715AE4449EC9815
:10B5C0002C310860091F06980860414905980860F9
:10B5D000091D049808603E4903980C310860761CE8
:10B5E000032EFFF6B6AD0022104630E007AD05EBA6
:10B5F0008003DFF8E0C01E680021664505DAD3F855
:10B600000031354E0121B34212DB05EB012303EB80
:10B61000800393ED000A04EB800383ED440A87ABBB
:10B6200003EBC11104EB400331F81010A3F8101222
:10B6300004EB8001D4ED220A91ED440AB4EEE00A55
:10B64000F1EE10FA00D2521CC4F88C20401C217874
:10B650008142CBDCB4F8860001281DD04FF0FF31C9
:10B66000CDE904110694A288E18860888DE807007E
:10B67000DDE9DB323946484600F042FCD4F890025E
:10B6800020F00400C4F89002002000900DF5717DB8
:10B69000BDEC0A8BBDE8F08F4FF0FF31CDE9021110
:10B6A0000494A188E088CDE900016388DDE9DB210D
:10B6B000484600F04DFDE1E74FF0FF30E5E70000C0
:10B6C000E72AAB23262C8A3EFCA9F1D24D62503FDB
:10B6D000000C004000007A440000C84230B5044627
:10B6E000414887B0142145696846E5F761F9002CA7
:10B6F00077D0002D75D02868002872D0D4F89C022D
:10B7000070B1006860B1416821F003014160D4F874
:10B710009C02C06C00F0DEFBD4F89C0200F0B2FB8F
:10B72000D4F8A00270B1006860B1416821F0030153
:10B730004160D4F8A002C06C00F0CCFBD4F8A002A9
:10B7400000F0A0FBE86A00F0C5FB2868C16821F49E
:10B750000061C1602868016821F001010160296869
:10B760000020C86029680861296848621F490A6882
:10B7700042F008020A60096801F0080105911C49BD
:10B780000860091D0860091D0860091D0860184946
:10B7900018310860091D0860091D08601449283126
:10B7A0000860134A411E2C3211601149243108608F
:10B7B0000F4A012114321160121F1060B4F8B42234
:10B7C0000092CDE9011002200390D4F8B00269463E
:10B7D00004F52C74F9F728F9A18801222068F9F7FB
:10B7E00010FA07B030BD000058E104204038024094
:10B7F000000C00402DE9F74F04462DED0A8BB0B048
:10B800004FF00009D4E9A776D0F8B0021C90B4F844
:10B81000B4021B90052004F51E74CDF800902A9008
:10B82000FAF710FC8046FE4827AB07C883E80700FC
:10B8300002209FEDFC0A2B9004ED7C0AA069A4F580
:10B840001E7480077ED400259FEDF79BF3EE04AABB
:10B850009FEDF78BDFF8E0B39FEDF8AA680007F0E3
:10B8600036FC53EC192B07F0DFFC07F009F900EE6A
:10B87000900A80EEAA0A10EE100A08F029F841ECAE
:10B88000100B05F075FC53EC182B51EC100B07F066
:10B89000CBFC53EC182B07F025F907F0F1F800EE7C
:10B8A000100A10EE100A584501DD9FEDE50AB5EECD
:10B8B000C00AF1EE10FA01D2B0EE4A0A22A8BCEE9C
:10B8C000C00A10EE101A41556D1C142DC6DBB4F8D9
:10B8D0008600082118220128207844F6206539D0F6
:10B8E000B5FBF0F0CDE900024FF0FF3C0291CDF83E
:10B8F00010C0CDE905C4DDE91B323146384600F001
:10B90000FFFA3146384600F02DFD49200090DDE970
:10B910001B210523384600F0A3FED4F8900240F026
:10B920000400C4F890024FF0010A1B98CDE91D0AEB
:10B930000221CDE91F91CDF884901DA91C98F9F73B
:10B9400073F800E058E22B99A1B1012914D0022923
:10B9500015D113E04FF0FF3CCDF808C0CDE903C48A
:10B96000B5FBF0F3CDE90021DDE91B21384600F0FD
:10B97000EFFBCAE7412002E0492000E05920009097
:10B98000DDE91B210523384600F06AFEAD4A106848
:10B99000111F069008680590AA482C38006804908A
:10B9A000A84828380068A74B0390203B18680290ED
:10B9B00000200860B8FBF5F1491E11601860A14A2B
:10B9C000183AC2F800A0111F08609E4908390860A3
:10B9D0000546DFF874B2C9E1002007A901EB800237
:10B9E000401C8A4682ED00AA1428F7DB3B98072307
:10B9F00000F03F000090DDE91B21384600F030FEEA
:10BA0000904900201C3908608E482C38016841F0AC
:10BA1000010101600022FEE08C4908680006FCD4A8
:10BA20008B4B986940F400209861002000BF401CB7
:10BA30003228FBDB9DF8880040F4064C8348001D4B
:10BA4000C0F800C008680006FCD4002000BF401CFD
:10BA50003228FBDB986940F008009861002000BFA5
:10BA6000401C3228FBDB3868C068ADF80000306845
:10BA7000C068ADF8000008680006FCD4986940F47E
:10BA800000209861002000BF401C3228FBDBDFF85B
:10BA9000BCC1E806C00C0CF1040C2D90CCF80000E1
:10BAA000086889460006FBD4002000BF401C3228ED
:10BAB000FBDB99699E4641F008019961002000BFB7
:10BAC000401C3228FBDB59468B460868C007FBD078
:10BAD0003868C068ADF800003068C068ADF8000094
:10BAE000002058491C390B68DB07FAD000230B6093
:10BAF0004B4619680906FCD4DEF818C04CF4002C3B
:10BB0000CEF818C0002100BF491C3229FBDB411CC4
:10BB10004FF0140C91FBFCF80CFB181C22A9DFF869
:10BB20002C8111F80C1008F1040841F4064CC8F8F7
:10BB300000C019680906FCD4002100BF491C322945
:10BB4000FBDBDEF81810F44641F00801CEF81810BF
:10BB5000002100BF491C3229FBDB3968C968ADF8F8
:10BB6000BC103168C968ADF8BC1019680906FCD46E
:10BB70006146DCF818C04CF4002CC1F818C0002154
:10BB800000BF491C3229FBDB2D99C8F80010196849
:10BB90000906FCD4002100BF491C3229FBDBDEF87A
:10BBA000183043F00803CEF81830002100BF491CBC
:10BBB0003229FBDB59460B68DB07FCD03968C968C2
:10BBC000ADF800103168C968ADF8B0101F2D0EDD5A
:10BBD000BDF800104FF6FF7303EA4101ADF8001005
:10BBE0000AEB8001BDF80030D1ED000A05E00AEB58
:10BBF0008001BDF8B030D1ED000A1BB200EE103A62
:10BC0000401C1428B8EEC00A30EE800A81ED000A0C
:10BC1000FFF667AF521C2A988242FFF6FDAE19E08C
:10BC2000F453040800007A4344174154FB210940AF
:10BC3000000000000000604000007F4300000000A2
:10BC400000007F432C0C00400834014008380040BD
:10BC5000000002400798804607F03AFE41EC190BBD
:10BC6000404607F035FE41EC180B002021E00AEBBE
:10BC70008809D9F8000007F02BFE53EC192B07F0C8
:10BC8000D1FB05D2D9F8000007F022FE41EC190BD8
:10BC9000D9F8000007F01CFE53EC182B07F088FAC7
:10BCA00005D2D9F8000007F013FE41EC180B08F19B
:10BCB00001002A9980468842D9DB084607F007FA36
:10BCC0008A4680464AEC1B0B2B9927A800EB81097A
:10BCD000D9F8000007F0FCFD41EC1C0B53EC182BCD
:10BCE00051EC190B07F006FD53EC1C2B06F0B6FFC8
:10BCF0009FED43CB53EC1C2B07F096FA9FED429B34
:10BD000053EC192B07F090FA53EC1B2B06F0A6FF0F
:10BD100007F0B0F93C992EAB01AA21F815001421C7
:10BD200007A804F033F8D9ED000A9DED011A4AEC9A
:10BD3000188B81EE200A10EE100A07F0C9FD53ECB3
:10BD40001C2B07F071FA53EC192B07F06DFA53EC2A
:10BD5000182B06F083FF07F08DF93C9921F81500A8
:10BD60002B48016821F0010101606D1C2078A84278
:10BD70003FF732AE264906982C310860091F059816
:10BD80000860234904980860091D03980860204949
:10BD900002980C310860B4F8860001281CD04FF0DE
:10BDA000FF31CDE904110694A288E18860888DE80E
:10BDB0000700DDE91B323146384600F0A1F8D4F81F
:10BDC000900220F00400C4F890020020009030B0EF
:10BDD000BDEC0A8BBDE8FE8F4FF0FF31CDE90211BB
:10BDE0000494A188E088CDE900016388DDE91B2186
:10BDF000384600F0ADF9E2E74FF0FF30E6E700002B
:10BE0000E72AAB23262C8A3EFCA9F1D24D62503F93
:10BE1000000C00402DE9F843804616460F464FF4CB
:10BE2000AA40ADF80000002231463846F8F7E9FE96
:10BE30000120F8F7A7FC4FF47A752B4602226946D9
:10BE40004046FBF7BDF80020ADF800000122314666
:10BE50003846F8F7D6FE0024002231463846F8F777
:10BE6000D0FE2B46022269464046FBF7A9F8012284
:10BE700031463846F8F7C5FE641CE4B2092CEBD312
:10BE8000BDE8F88308B5002805D00068002802D076
:10BE9000C1688068009008BD002806D001680029AC
:10BEA00003D000220A6100684262704700B585B085
:10BEB0000820009002200021CDE90101039001201B
:10BEC000049069460248F8F7AFFD05B000BD0000D8
:10BED00000000240094900280ED00268002A0BD059
:10BEE000136823F001031360006800E000BF0268DC
:10BEF000D20701D0491EF9D270470000A086010088
:10BF00002DE9FF4F8DB00027DDE91F84DDE91B9689
:10BF1000DDF868A00F98C4F8B002A4F8B4320D9808
:10BF2000C4E9A7010120CDE908070220CDE90A07ED
:10BF30000D469B46079307A90F98F8F775FD0D98D6
:10BF400001F039FC4FF48060C5E901704000C5E99B
:10BF50000307012068614002C5E906072F620A2035
:10BF60006F62C5E90A702846FAF7D4FD20B928683F
:10BF7000016841F04001016000252B465A460F99A7
:10BF80000D9800F047FA04EB450108816D1CEDB2F5
:10BF9000402DF2D3204606F039FD20B14FF0FF309E
:10BFA00011B0BDE8F08FB4F884002070A4F802A0AE
:10BFB00000EE10AA0025B8EE400A10EE100A07F0B5
:10BFC00087FC9FED5C1B53EC112B07F02DF99FEDC7
:10BFD0005B1B53EC112B06F041FE06F0D7FF024627
:10BFE0005849002051F82030934200D20546401CA9
:10BFF0000928F7DBDE208DF804005248534924302D
:10C00000504A10F825008DF805004E48483010F8C9
:10C0100025008DF8060002208DF8070040208DF8DD
:10C02000080049488DF8097010F826008DF80C00BA
:10C030004548443010F826008DF80D0042488830FD
:10C0400010F826008DF80E003F48CC3010F826007E
:10C050008DF80F0011F8290064318DF81000643A52
:10C0600011F8291012F8290041EA80108DF811000A
:10C07000A4F80690A680B4F886601E994FEA18606E
:10C080000B0A43EA0863DDB20B0CCAB2090E43EA9D
:10C09000084341EA0821DBB2C9B2012E02D0042EC6
:10C0A00025D110E08DF814308DF815108DF8122080
:10C0B0008DF816708DF818708DF813508DF8177074
:10C0C0008DF8197013E08DF814308DF815108DF877
:10C0D00016804FEA18218DF817104FEA18418DF895
:10C0E00012208DF818108DF813508DF819001620B5
:10C0F000009001AB5A460F990D9800F099FA00256F
:10C100002B465A460F990D9800F084F904EB45012F
:10C1100008816D1CEDB2402DF2D35A460F990D984F
:10C12000FFF778FED4F8900240F00100C4F89002C6
:10C13000002035E700000000000040400000000043
:10C1400000408F407C5304084051040850520408BA
:10C150002DE9FF4F8DB04FF0000BDDE91D54DDE9F7
:10C160001A860E98C4F8B002A4F8B4220D98C4F848
:10C17000A0B2C4F89C020121CDE9081B0221CDE93F
:10C180000A1B99469246079207A90E98F8F74CFCAD
:10C190000D9801F010FB0027DDE90D013B465246EA
:10C1A00000F038F904EB470108817F1CFFB2402FF3
:10C1B000F2D3204606F02AFC20B14FF0FF3011B038
:10C1C000BDE8F08FB4F884002070A4F802909FEDD1
:10C1D0005F0A00EE909A0027F8EE600A20EE800ACF
:10C1E00010EE100A07F074FB9FED591B53EC112B56
:10C1F00006F034FD06F0CAFE02465749002051F809
:10C200002030934200D20746401C0928F7DBDE208D
:10C210008DF804005048524924304F4A10F8270046
:10C220008DF805004C48DC46483010F827008DF8A2
:10C23000060002208DF8070040208DF808004748CE
:10C240008DF809B010F826008DF80C0043484430F2
:10C2500010F826008DF80D004048883010F82600B0
:10C260008DF80E003D48CC3010F826008DF80F00F8
:10C2700011F8280064318DF81000643A11F8281084
:10C2800012F8280041EA80108DF81100A4F8068009
:10C29000A680B4F886601C98070C020AC3B247EA6D
:10C2A0000547000EF9B242EA056240EA05202F0E6A
:10C2B000D2B2C0B2012E02D0042E23D110E08DF8EC
:10C2C00014108DF815008DF812308DF816C08DF809
:10C2D00018C08DF813208DF817C08DF819C011E023
:10C2E0008DF814108DF815008DF81650280A8DF869
:10C2F0001700280C8DF812308DF818008DF81320D7
:10C300008DF8197016200090DDE90D0101AB524641
:10C3100000F08EF90025DDE90D012B46524600F0B4
:10C3200079F804EB450108816D1CEDB2402DF2D384
:10C33000DDE90D015246FFF76DFDD4F8900240F0A3
:10C340000100C4F89002002039E70000000000421C
:10C350000000000000408F407C5304084051040856
:10C3600050520408F8B50C4605004DD0002C4BD0B7
:10C370002868002848D02068002845D02846FFF7C4
:10C3800081FD2046FFF77EFD204B214E00211868DD
:10C390000006FCD4B06940F40020B061002000BF6A
:10C3A000401C3228FBDB194A0020121D106018685F
:10C3B0000006FCD4002200BF521C322AFBDBB0690D
:10C3C00040F00800B061002200BF521C322AFBDBA3
:10C3D00028688268D207FCD0C068ADF800002068E9
:10C3E0008268D207FCD0C068ADF80000BDF800003C
:10C3F000491CC9B20329CAD32846FFF743FD20468A
:10C40000BDE8F840FFF73EBDF8BD00000838004029
:10C410000000024070B543F0C000364B01021868BE
:10C420000006FCD4344A906940F40020906100205A
:10C4300000BF401C3228FBDB2E4C241D21601868F5
:10C440000006FCD4002000BF401C3228FBDB9069B2
:10C4500040F008009061002000BF401C3228FBDB48
:10C4600018680006FCD4906940F400209061002018
:10C4700000BF401C3228FBDB216018680006FCD49A
:10C48000002000BF401C3228FBDB906940F0080010
:10C490009061002000BF401C3228FBDB174D28684C
:10C4A000C007FCD0154E361D306818680006FCD455
:10C4B000906940F400209061002000BF401C3228A9
:10C4C000FBDB216018680006FCD4002000BF401C84
:10C4D0003228FBDB906940F008009061002000BF2B
:10C4E000401C3228FBDB2868C007FCD03068C0B293
:10C4F00070BD0000083800400000024008340140D0
:10C5000070B5154604001AD0CDB12068B8B12868BE
:10C51000A8B121B1086810B10846FFF7BDFC296831
:10C52000002048622846FFF7B7FC2046FFF7B4FC1E
:10C530002846FBF769F828B16FF0010070BD4FF095
:10C54000FF3070BDFFF7B2FC01220C21206803F020
:10C55000FDF801220021206803F0F8F82068416C02
:10C5600041F4004141642068816801F00701062917
:10C57000016811D041F001010160216888680968F3
:10C5800000F007026FF00200062A4FEAC17106D0E0
:10C590000029D6D0002070BD21F00101ECE7002970
:10C5A000F8D070BD70B515460E46040029D020683D
:10C5B00038B32046FBF77BF82068016821F00101C1
:10C5C000016000220C21206803F0C0F8002208213D
:10C5D000206803F0BBF800221146206803F0B6F88B
:10C5E0002068016A41F21112114207D1016A9210CA
:10C5F000114203D1416C21F4004141642046FFF710
:10C600004BFC3EB1306828B13046FBF73DF8304670
:10C61000FFF742FC002D0AD02868002807D02846E2
:10C62000FBF745F82846BDE87040FFF735BC70BD04
:10C630002DE9F8431D461746884681460024089E8A
:10C6400009E0285D009023463A464146484600F0FE
:10C6500007F8641CE4B2B442F3D30020BDE8F883C9
:10C6600070B503F0BF00049940F08000364B41EAFA
:10C67000002118680006FCD4344A906940F4002078
:10C680009061002000BF401C3228FBDB2E4C241D93
:10C69000216018680006FCD4002000BF401C32282E
:10C6A000FBDB906940F008009061002000BF401C57
:10C6B0003228FBDB18680006FCD4906940F40020A7
:10C6C0009061002000BF401C3228FBDB216018680D
:10C6D0000006FCD4002000BF401C3228FBDB906920
:10C6E00040F008009061002000BF401C3228FBDBB6
:10C6F000174D2868C007FCD0154E361D30681868E5
:10C700000006FCD4906940F400209061002000BF36
:10C71000401C3228FBDB216018680006FCD4002096
:10C7200000BF401C3228FBDB906940F0080090619C
:10C73000002000BF401C3228FBDB2868C007FCD06B
:10C740003068C0B270BD00000838004000000240F0
:10C750000834014070B50446F0F746F90C4D2868DE
:10C7600040F0004028600520F8F70CF8286840F0F9
:10C770008040286004F54054B4F8B00240F008004E
:10C78000A4F8B002BDE870400520F7F7FBBF000039
:10C790001808024070B505460A48016841F4804116
:10C7A000016005F54054B4F8B00220F00800A4F888
:10C7B000B0020520F7F7E6FF2846BDE87040F0F725
:10C7C00027B800001808024030B5074D00228B5CE6
:10C7D000002B08D06B6003681C68E4432406FBD47C
:10C7E000521CD2B2F3E730BD0010014070B500F525
:10C7F0004054B4F8B00240F40060A4F8B002F8F776
:10C8000005FA054604E0F8F701FA401BC8280CD8E1
:10C81000D4F88C070028F6D1F8F7F8F9054612E0AD
:10C82000F8F7F4F9401BC8280DD9B4F8B00240F06D
:10C830002000A4F8B002B4F8B00220F40060A4F81C
:10C84000B002012070BDD4F8F00B0028E8D0B4F895
:10C85000B00220F44060A4F8B002002070BD0A20AD
:10C86000EBF7DCF8F5F706FE0148F8F75FBA0000D1
:10C8700078A500200148F8F7B6BA000078A5002096
:10C8800038B5806B002290F83D302A490C6846F29A
:10C89000A811B4FBF1F1C1EBC10101EB81010091E1
:10C8A00039B1491E009101680968890505D50099CB
:10C8B000F6E7016C41F020010164416B01B1CA63EC
:10C8C000816B01B1CA6301680C6824F480640C6058
:10C8D0004285416B01B10A65816B01B10A6501684E
:10C8E0000C6824F001040C6090F83D402021602C7D
:10C8F0000AD0282434EA03030ED080F83D1080F8D3
:10C900003E20F8F789FB38BD80F83D1080F83E20C6
:10C910000264F8F7C5F938BD01680B6843F00103FC
:10C920000B6001680B6843F480630B60026380F85E
:10C930003D40E6E7C874042070B5846B01460025CD
:10C94000606B00B1C563A06B00B1C5630846F7F723
:10C950005DFD022811D02068016821F4806101602A
:10C960006585202084F83D0084F83E50206C40F01E
:10C97000100020642046F8F74FFB70BD2DE9F04110
:10C98000846B94F83D1094F83E50E06A2268536836
:10C9900023F440735360626B002302B1D363A26B34
:10C9A00002B1D363212232EA01074FF022060CD0F4
:10C9B00036EA010701D1202D07D094F83E10002956
:10C9C00021D0618D012920D024E02068456825F41C
:10C9D0000065456063852820292902D02A2907D0CF
:10C9E0000CE0226384F83D002046F8F714FF05E0D0
:10C9F000266384F83D002046F8F70CFF2068416864
:10CA000041F440714160BDE8F08121680A6822F478
:10CA100080620A6021684A6822F440724A6010F518
:10CA2000803F06D0082804D0B0F12A4F01D020283A
:10CA300004D121680A6842F400720A6021684A68D9
:10CA400022F480524A6021684A6822F400624A60F7
:10CA50006385216C19B12046F8F7DEFAD3E720216F
:10CA600084F83D1094F83E1084F83E30402909D0F7
:10CA700008280CD020280AD0122020632046F8F77E
:10CA8000A0FBC0E723632046F8F79EFBBBE72363C8
:10CA9000F4E700684169C943090601D40021016136
:10CAA000704700002DE9F041044690F83D0094F8ED
:10CAB0003E10102901D0402906D1222804D1216836
:10CAC0000A6822F400620A60282131EA00024FF06D
:10CAD00000054FF0200619D021684968090505D4E2
:10CAE000602803D084F83D6084F83E5025632068B8
:10CAF0004168090534D5416821F400614160676BE4
:10CB000047B197F83500012806D103E0256384F882
:10CB10003D10ECE7A76BF7B1364838653846F7F7B4
:10CB200032FC70B3A06BB8420AD120684169C94396
:10CB3000490605D40069616A0870606A401C606239
:10CB40002068016821F00101016084F83D60396DC1
:10CB50003846884715E084F83D6084F83E500DE083
:10CB600094F83D10602910D04169C943490605D4A5
:10CB70000069616A0870606A401C60622046F8F7CC
:10CB80004BFA206CC1071CD115E084F83D60256488
:10CB90004169C943490605D40069616A0870606A41
:10CBA000401C60622068016821F00101016020469C
:10CBB000F8F776F8E5E7810703D4410701D40007C9
:10CBC00004D52068416821F4E061416094F83D009B
:10CBD000216C49070BD5282809D10748E062256355
:10CBE00084F83D6084F83E502046F8F7E9FABDE845
:10CBF000F081000081C803080000FFFF01684A6956
:10CC0000D24352050FD46FF480624A61002140F88C
:10CC1000301F202242738173026942F004020261D4
:10CC20000173012070470020704710B5C26A438D20
:10CC30000168042B06D0438D032B08D0438D022BB3
:10CC40001DD012E04A6822F480624A600CE04B6812
:10CC500023F480634B60042A06D0022A04D00168C2
:10CC60000A6822F480620A6001680969426A1170E8
:10CC7000416A491C4162418D491E418510BD012A0E
:10CC800034D0102A32D0042A34D0022A32D00B6891
:10CC900043F400730B6001680969436A1970416AC3
:10CCA000491C4162438D5B1E438503681B690B7001
:10CCB000416A491C4162418D491E418501684B68AA
:10CCC00023F440734B60202180F83D1090F83E30F3
:10CCD0000021402B80F83E1010D0082A02D0202AD4
:10CCE00000D012210163F8F76CFA10BD0B6823F431
:10CCF0008063CFE70B6843F48063CBE70163F8F709
:10CD000063FA10BD38B590F83D10222910D1C36ADE
:10CD1000418D03290DD901680969426A1170416A80
:10CD2000491C4162418D491E4185418D032906D030
:10CD300038BDC26A022A02D0012906D029B1006892
:10CD4000416821F48061416038BD2B4946F2A81248
:10CD5000002409682025B1FBF2F101EB810100916B
:10CD60000168009A521E009226D00A689205F8D4F3
:10CD70000A6822F480620A6001684A6822F4E0626C
:10CD80004A6001680969426A1170416A491C41623E
:10CD9000418D491E418580F83D5090F83E1080F845
:10CDA0003E40402921D0082B23D0202B21D0122116
:10CDB0000163F8F706FA38BD026C42F02002026403
:10CDC0004A6822F4E0624A6001680969426A1170A7
:10CDD000416A491C4162418D491E418580F83D50A0
:10CDE00080F83E40F8F718F938BD0463F8F7ECF91D
:10CDF00038BD0463DDE70000C874042010B5C16AC3
:10CE000090F83D20212A0BD1428D52B1416A02682F
:10CE100009781161416A491C4162418D491E418571
:10CE200010BD20230022082912D0202910D011F58E
:10CE3000803F0DD001684C6824F4E0644C601121FF
:10CE4000016380F83E2080F83D30F8F7BBF910BD53
:10CE500001684C6824F4E0644C6001680C6844F498
:10CE600000740C60026380F83D3090F83E1080F84A
:10CE70003E204029E9D1F8F7C5F910BD10B590F86A
:10CE80003D2090F83E30C16A048DB4B1212A03D010
:10CE9000402B11D1222A0FD1418DE9B390F83E10D9
:10CEA000402940D0416A026809781161416A491CF1
:10CEB0004162418D491E418510BD212AE8D12023C0
:10CEC0000022082912D0202910D011F5803F0DD062
:10CED00001684C6824F4E0644C601121016380F81F
:10CEE0003E2080F83D30F8F76DF910BD01684C68C0
:10CEF00024F4E0644C6001680C6844F400740C6035
:10CF0000026380F83D3090F83E1080F83E204029C2
:10CF1000E9D1F8F777F910BDFFE70068416821F41F
:10CF200080614160F7E7BDE8104000F0D2B8000032
:10CF300078B590F83E40C26A056B90F83D600023DA
:10CF40000168222E7AD1066D0EB9402C76D0046D80
:10CF50001CB90469B4F5404F09D0448D04B3468D23
:10CF6000384C012E0ED0458D022D3AD05DE04A6935
:10CF70008A6900920A6842F480720A60016D491C55
:10CF8000016578BDA24213D10A6822F480620A606A
:10CF900001684A68120503D50A6822F4806216E027
:10CFA0004A698A6900920A6842F400720A6039E0AC
:10CFB000082A10D0202A0ED0122D0AD0042A03D01D
:10CFC000022A01D0102AE7D10A6842F480620A607E
:10CFD00024E0012AE0D00A6822F480620A60016835
:10CFE000DEE7042A21D0022A1FD0102A1DD00D68A6
:10CFF00025F480650D6001680D6845F400650D60DD
:10D0000001684D682D0509D5A24212D0012A10D021
:10D01000082A0ED0102A0CD0202A0AD001684A69AA
:10D0200089690091036578BD08E00D6845F4806565
:10D03000E5E74A6842F480524A60EFE74869886948
:10D040000090F0E70000FFFF90F83E1040290FD05D
:10D050000169B1F5804F18D0016DA1B3016D0129AF
:10D060000FD1416CF12201F4407142EAD11106E086
:10D07000016D0029416C05D0C9B241F00101006881
:10D080000161704701F0FE01F9E790F83D10212998
:10D09000416C09D0C9B241F0010102681161416BD4
:10D0A00029B1C96B49B902E001F0FE01F5E7816BD6
:10D0B0000029E6D0C96B0029E3D00068416841F43B
:10D0C000006141607047FFE7416CF02201F440715C
:10D0D000CBE710B590F83D10026D4AB1026D012A00
:10D0E00014D0026D022A16D0BDE81040FFF7D1BC63
:10D0F000C16C0129816C02D0C1F3072108E00268EC
:10D10000C9B21161016D891C016510BD816CC9B284
:10D110000268116123E022291CD0428D0AB1212925
:10D1200020D0428D002AF0D12129EED101684A6831
:10D1300022F4E0624A6001680A6842F400720A6000
:10D1400000210163202280F83D2080F83E10F8F78E
:10D1500059F810BD01680A6842F480720A60016DD6
:10D16000491CD1E7416A026809781161416A491C8A
:10D170004162418D491E418510BD00002DE9F84FE7
:10D180000446006889460B9E01689846174641F49C
:10D19000806101602068016841F48071016000963F
:10D1A0004FF0011B0022594620460A9B00F0FDF972
:10D1B0004FF4007A40B120680068C00501D5C4F87A
:10D1C00040A00320BDE8F88F216809F0FE00086147
:10D1D0003346284920460A9A00F02BFAF0BB206813
:10D1E000416980690090324620460A9900F0B8FAF9
:10D1F00040B1206C04283AD12068016841F40071E4
:10D20000016034E0FDB2B8F1010F09D02168380A9D
:10D210000861324620460A9900F0A2FA0028E8D1B7
:10D2200020680561324620460A9900F099FA0028E4
:10D23000DFD12068016841F480710160009600220E
:10D24000594620460A9B00F0B0F90028B3D1216866
:10D2500009F0FF0040F00100086100E007E03346FC
:10D26000044920460A9A00F0E4F90028AAD00120D7
:10D27000A8E70000020001002DE9F8430446006819
:10D280000D46DDE9089701689846164641F480711D
:10D2900001604B4600224FF001112046009700F03C
:10D2A00084F948B120680068C00502D54FF40070C9
:10D2B00020640320BDE8F883216805F0FE000861C2
:10D2C0003B464A461549204600F0B3F988B9206824
:10D2D0004169806900903A464946204600F040FA8C
:10D2E00048B1206C042804D12068016841F4007121
:10D2F00001600120DEE7F5B2B8F1010F09D0216825
:10D30000300A08613A464946204600F029FA0028CA
:10D31000E7D1206805610020CCE700000200010091
:10D3200038B50D4690F83D2000212824944302682A
:10D330000B4605D051699169009180F83C3038BDA9
:10D34000546824F480645460EA43540700D50121F2
:10D35000120601D5828900E0028B80F83C3092B23F
:10D36000F7F7A8FC38BD00002DE9F04190F83D200A
:10D370000446C16A002520261E4F00686FF48063B2
:10D38000082901D0202901D1282A04D0212A17D028
:10D390004361BDE8F081E762416821F4E0614160EA
:10D3A000206843612068016821F480610160256381
:10D3B00084F83D6084F83E502046F7F701FFE8E727
:10D3C000E7622121216384F83D6084F83E50416882
:10D3D00021F4E0614160206843612068016821F424
:10D3E000806101602046FFF754FB2046F8F713FAEE
:10D3F000CFE700000000FFFFF8B590F83D5004466D
:10D400000068416821F4E0614160206800264169BC
:10D410000091016841F0010101602068016821F478
:10D420008061016020684168090520D5474F222DA1
:10D4300048D02A2D46D0616B096849686185618DA5
:10D4400019B1216C41F004012164416821F40061AB
:10D450004160606BF6F7DCFF012808D0606B076560
:10D46000606BF6F790FF10B1606B016D8847608DBF
:10D4700008B320684169C943490708D40069616A53
:10D480000870606A401C6062608D401E6085206884
:10D490004169C943490608D40069616A0870606A35
:10D4A000401C6062608D401E6085608D18B1206CEC
:10D4B00040F004002064206C00B32046BDE8F84032
:10D4C000FFF7F0BAA16B096849686185618D19B1F0
:10D4D000216C41F004012164416821F40061416044
:10D4E000A06BF6F795FF0128C1D0A06B0765A06B74
:10D4F000F6F749FF0028BAD0A06BB6E72A2D06D16F
:10D500002663282084F83D002046F8F783F994F834
:10D510003D10202028290DD0216B222901D0222D59
:10D5200007D1266384F83D0084F83E602046F8F772
:10D5300071F9F8BD0649E162266384F83D0084F87C
:10D540003E602046F7F73CFEF8BD000081C80308A6
:10D550000000FFFF70B516460D4604461EE020464B
:10D56000FFF74CFB08B1012070BD681C16D0F7F71F
:10D570004DFB801BA84200D885B920684069C04394
:10D5800040070BD5002044F8300F20216173A073B1
:10D59000216941F0200121612073E4E7206840699E
:10D5A000C0434007DBD4002070BD2DE9F0471E4684
:10D5B00090460D460446C1F30747DDF8209026E06B
:10D5C000701C24D0F7F722FBA0EB0900B04200D872
:10D5D000EEB92068012F16D0806925EA000000040A
:10D5E000000C12D00020404511D1002044F8300F2B
:10D5F00020216173A073216941F020012161207312
:10D600000120BDE8F0874069E7E70120EBE72068EB
:10D61000012F0AD0806925EA00000004000C06D022
:10D6200000204045CCD00020EBE74069F3E7012023
:10D63000F7E72DE9F047984616460D4604464FF0A9
:10D6400000094FF0200AC1F3074723E02068406932
:10D65000C043400515D42068016841F400710160A1
:10D6600021686FF480604861C4F8309084F83DA070
:10D6700084F83E90216C41F00401216484F83C90D0
:10D6800020E0701C06D0F7F7C1FAA0EB0800B0420A
:10D6900003D816B1012F1ED020E02068012F14D02E
:10D6A000806925EA00000004000C17D044F8309F80
:10D6B00084F80DA084F80E90216941F020012161C9
:10D6C00084F80C900120BDE8F087406925EA00004D
:10D6D0000004000CEAD12068406901E020688069FC
:10D6E00025EA00000004000CB0D1ECE72DE9F04180
:10D6F00016460D46044600274FF0200829E04069F1
:10D70000C043C0060DD454F8301B6FF010004861C0
:10D7100044F80D7B04F81D89A777206A20622777DB
:10D7200014E0F7F773FA801BA84200D88DB920687F
:10D730004069C04340060CD544F8307F84F80D8022
:10D74000A773206940F02000206127730120BDE805
:10D75000F08120684169C9434906D0D40020F6E72A
:10D7600070B516460D4604461EE02046FFF746FA01
:10D7700008B1012070BD681C16D0F7F747FA801B6E
:10D78000A84200D885B920684069C04300060BD57F
:10D79000002044F8300F20216173A073216941F00B
:10D7A000200121612073E4E720684069C04300063E
:10D7B000DBD4002070BD10B504464FF48270606069
:10D7C00000204FF40061C4E9020189102061C4E91E
:10D7D0000501E06120626062A0620A20E0622046EA
:10D7E000F9F798F908B1012010BD2068016841F0EF
:10D7F00040010160002010BDF0B5354C8DB0206CAB
:10D8000010B12046F6F7C4FC0025089509950A9545
:10D81000202168460B95E3F7CBF8012626612D48B9
:10D820004FF48037A560C4E90007257684F82050BE
:10D830003007E0624FF01060A062F002E661E06045
:10D8400084F8305022486661F6F7C0FC80BB0320A4
:10D850000895CDE9096008A91D48F6F7E7FB38BB34
:10D86000122000903046022604210496CDE90101E1
:10D870001949CDE906158DF815508DF81400694643
:10D8800013480395F6F7F2FA90B9CDE900566946C8
:10D890000F48F6F7EBFA58B9F8F7C4FB0F4988427E
:10D8A00001D8656008E00E49884202D8676003E04D
:10D8B00006E04FF4003060600548F6F787FC08B1D9
:10D8C000F6F778F80748F4F74BF80DB0F0BD000014
:10D8D00030A500200020014001000F0001A24A04F1
:10D8E00003449508A8F404204F4808B502680021B5
:10D8F00042F400120260026802F400120092026810
:10D9000042F4800202600068484A00F480000090FF
:10D910004748C0E90021802282609200C260520024
:10D920000261920042619200C0E906210422C0E92E
:10D9300008120322C0E90A210163F6F73DFE08B18F
:10D94000F6F738F8002201210C20F7F7FBFF0C2036
:10D95000F7F7EAFF002205210D20F7F7F3FF0D206E
:10D96000F7F7E2FF002204210E20F7F7EBFF0E206D
:10D97000F7F7DAFF002205210F20F7F7E3FF0F206A
:10D98000F7F7D2FF002205211020F7F7DBFF102068
:10D99000F7F7CAFF002201211120F7F7D3FF11206A
:10D9A000F7F7C2FF002205212F20F7F7CBFF2F202A
:10D9B000F7F7BAFF002202213820F7F7C3FF38201B
:10D9C000F7F7B2FF002201213920F7F7BBFF39201A
:10D9D000F7F7AAFF012204213A20F7F7B3FF3A2014
:10D9E000F7F7A2FF012211463B20F7F7ABFF3B20E0
:10D9F000F7F79AFF002201214420F7F7A3FF442004
:10DA0000F7F792FF002205214520F7F79BFF4520FD
:10DA1000F7F78AFF002205214620F7F793FFBDE8BC
:10DA200008404620F7F780BF30380240706402405B
:10DA3000D4A900202DE9F04387B014216846E2F70D
:10DA4000B7FF3F480024016841F00401016001680C
:10DA500001F004010591016841F080010160016855
:10DA600001F080010591016841F001010160016848
:10DA700001F001010591016841F0020101600068B7
:10DA8000304E00F002004FF4604505900022294618
:10DA90003046F7F7B6F8DFF8B090002248F20411EC
:10DAA0004846F7F7AEF8DFF8A48041F204070022F9
:10DAB00039464046F7F7A5F800950125CDE9015410
:10DAC000694630460394F6F7AFFF0420CDE9000520
:10DAD0000326CDE9025669464846F6F7A5FF4FF4FE
:10DAE000C260CDE90006694602944846F6F79CFFFD
:10DAF0000220CDE90006694602944046F6F794FFFD
:10DB00000097CDE90154694640460394F6F78CFF2F
:10DB10004FF401400090CDE9015469464846039412
:10DB2000F6F782FFE80200904FF48810CDE9010477
:10DB300069464846F6F778FF07B0BDE8F083000075
:10DB40003038024000080240000002400004024059
:10DB5000124810B5416B40F2E24001B901468142E2
:10DB600000D901464FF4AA7041430D48814200D9C3
:10DB700001460D480B4AC0E90021002112148160C2
:10DB8000C0E9031241618161C1610162F7F754FA92
:10DB9000002801D0F5F70EFF10BD0000A8EC04200E
:10DBA000801A06000054004078A5002070B5524845
:10DBB00094B00024016841F080510160006800F0D9
:10DBC00080501290F7F708FFF1F758FA70B363200E
:10DBD000494D109042F20F70303511902868C0F313
:10DBE0000120022804D0444840380068800303D450
:10DBF00011A910A8F1F796FA14210AA8E2F7D8FEA5
:10DC0000282168460F94E2F7D3FE286800263C4D91
:10DC10003A49296001041ED510F4407F1BD0002230
:10DC20000AA92846F8F716FD18B114E0F7F7C8FE60
:10DC30005BE000220FA93248F8F7EAFC58B99DF8DA
:10DC40003D00012806D19DF83E00012802D19DF833
:10DC50003F0000B101266C601098A8601198C5E9DA
:10DC600003046C612648AC61F8F71EFDE8BB012592
:10DC7000DEB98DF828408DF829408DF82A408DF8BE
:10DC80003C508DF83D508DF83E500D940E948DF81B
:10DC90003F4000220AA91A48F8F7A4FE28BB002238
:10DCA0000FA91748F8F752FEF8B98DF800408DF823
:10DCB000014004944FF480708DF802400194039465
:10DCC00009900594069407948DF820500022694627
:10DCD0000B48F8F76BFD40B94FF400700990002233
:10DCE00069460748F8F762FD08B1F5F763FEF7F7F4
:10DCF00067FE14B070BD00004038024000280040AC
:10DD0000CCA5002070B5AAB0F1F73EF9002857D194
:10DD1000F6F77CFF0646142123A8E2F749FE00240B
:10DD2000224623A927482894F8F794FC002228A922
:10DD30002448F8F76DFC342116A8E2F739FE0125D6
:10DD400028041C94CDE9165016A8F8F7ADF958210F
:10DD50006846E2F72DFE082000901B4809906846AF
:10DD6000F7F776FE194805601648F8F79BFE154947
:10DD70001748C1E900046320886042F20F70C1E9CE
:10DD800003044C6108468C61F8F78EFC08B1F5F786
:10DD900011FEF6F73BFF811B23A8F0F75BFF002283
:10DDA00023A90848F1F7DCFA08B1F5F703FE0022D1
:10DDB00028A90448F8F7CAFD002801D0F5F7FAFDB4
:10DDC0002AB070BDCCA50020000318003C0E4742CD
:10DDD000002800402DE9F047ACB06320299040F2C4
:10DDE0003F102A900024142123A8E2F7E1FD00252A
:10DDF000342116A82895E2F7DBFD58216846E2F7A2
:10DE0000D7FD47480068C0F3012002287DD045486F
:10DE1000C07D08B9EFF758F92AA929A8F1F782F9C6
:10DE2000F6F7F4FE414E8246DFF8FC90002223A96B
:10DE30003046C6F80090F8F70DFC88B9002228A9F2
:10DE40003046F8F7E5FB58B99DF8A100012806D146
:10DE50009DF8A200012802D19DF8A30000B1012481
:10DE600008274FF001081697CDE91B8516A8F8F78B
:10DE70001BF9B801099000976846F7F7E9FD2C49AE
:10DE8000C1F80080C6E900952998B0602A98C6E9D3
:10DE9000030575612548B561F8F706FC08B1F5F78B
:10DEA00089FD6CB1F6F7B2FEA0EB0A0123A8F0F7EA
:10DEB000D1FE002223A91D48F8F794FD98B90CE083
:10DEC00006208DF8A0008DF8A1808DF8A2808DF835
:10DED000A350239526952795EBE7002228A9134800
:10DEE000F8F734FD08B1F5F765FD002C14D11148A1
:10DEF000F3F780FF1048B0F8981221F0800141F04C
:10DF00004001A0F898120D4800E005E0D0F8E012BA
:10DF100041F00101C0F8E0122CB0BDE8F08700002C
:10DF2000703802400000002000280040CCA50020EE
:10DF30003C0E4742C8380020F0CE0420A8F404204C
:10DF40000E4810B50C4901604FF482714160002108
:10DF50008160C1604FF400720161C0E90512C161C6
:10DF60000162416281620A21C162F8F7D3FD002893
:10DF700001D0F5F71FFD10BD00300140ECA50020D9
:10DF80000F4810B50D4901604FF4827141600021C6
:10DF90004FF40062C0E9021292100161C0E905125B
:10DFA000C1610162416281620A21C162F8F7B2FD7A
:10DFB000002801D0F5F7FEFC10BD0000003800403D
:10DFC00044A600200E4810B50C4901604FF4827140
:10DFD000416000218160C1604FF400720161C0E9BD
:10DFE0000512C1610162416281620A21C162F8F7D2
:10DFF00091FD002801D0F5F7DDFC10BD003C00408C
:10E000009CA600200E4810B50C49016000214FF479
:10E010008062C0E901125200C0E90321012242617D
:10E02000016252024162826181620A21C162F8F793
:10E0300071FD002801D0F5F7BDFC10BD0034014092
:10E04000F4A6002030B595B000240F9410941194DC
:10E05000129413941C2108A81494E2F7A9FC20211F
:10E060006846E2F7A5FC254D2348C5E900044FF4B6
:10E070009670C5E902402C616C612846AC61F9F7E5
:10E080000FF980BB4FF480500F900FA92846F9F785
:10E0900026FB40BB2846F9F77BFC20BB20201390D1
:10E0A0008020149013A92846F9F784F8D8B93220B3
:10E0B000CDE908400A940B940C940D94002208A911
:10E0C00028460E94F9F73AFC68B900944FF40050D2
:10E0D000CDE90440029401940394694628460794CC
:10E0E000F9F73EF808B1F5F765FC2868C4602868C0
:10E0F000046115B030BD0000000001404CA70020B5
:10E1000010B592B000240C940D940E94142107A81D
:10E110000F94E2F74DFC10941C2168461194E2F72D
:10E1200047FC27484FF08041C0E9001440F22B1112
:10E13000C0E9024104618461F9F7B2F8C8BB4FF449
:10E1400080500C900CA91E48F9F7C9FA88BB1C48EE
:10E15000F9F7B2FC68BB0420CDE9070407A9184809
:10E16000F9F781FD28BB202010908020119010A984
:10E170001348F9F71FF8E0B96020009014200190CF
:10E18000022002900022694604940D48F9F72EFC03
:10E1900078B91E20CDE90104082269460848F9F73C
:10E1A00025FC30B90C22694605480194F9F71EFC9C
:10E1B00008B1F5F7FFFB0248F9F798FB12B010BD64
:10E1C00094A7002010B58EB0142107A8E2F7F0FB49
:10E1D00000240C941C2168460D94E2F7E9FB1B48CF
:10E1E0001949C0E900144FF49671C0E90241046175
:10E1F0008461F9F755F818BB1448F9F7C9FBF8B969
:10E200000720CDE9070407A91048F9F72CFDB8B994
:10E210002020CDE90C040CA90C48F8F7CBFF78B905
:10E22000602000900120CDE901040394049405943A
:10E230000C22694605480694F9F7D8FB002801D05E
:10E24000F5F7B8FB0EB010BD00080040DCA70020B9
:10E2500010B588B014216846E2F7AAFB00241348E1
:10E26000059411490694C0E900144FF49671C0E971
:10E270000241046144618461F9F712F878B907201A
:10E28000CDE9000469460948F9F7EDFC38B9059471
:10E2900005A906480694F8F78DFF002801D0F5F788
:10E2A00089FB08B010BD00000004014024A8002034
:10E2B00010B586B014216846E2F77AFB0D480C4988
:10E2C0000024C0E90014FF21C0E902410461846117
:10E2D000F8F7E6FF40B90720CDE900046946054894
:10E2E000F9F7C1FC002801D0F5F764FB06B010BDBA
:10E2F000004001406CA800200C4810B50A4901609C
:10E300004FF496414160002181600C22C160C0E958
:10E3100004128161C161F9F723FD08B1F5F74AFBE9
:10E320000248ECF715F810BD0010014044A9002088
:10E33000704770470B20E9F771FBF4F79BF8092051
:10E34000E9F76CFBF4F796F8704700000148F8F71E
:10E35000D9B80000CCA50020010901EB810100F033
:10E360000F0000EB4100C0B27047002102E00A3804
:10E37000C0B2491C0A28FAD2090740EA1160704766
:10E380002DE9F041054600680024C168490617D40C
:10E39000C16841F08001C160F6F738FC06464FF4D1
:10E3A0007A78042706E0F6F731FC801B404501D956
:10E3B0006F7701242868C068400601D4002CF2D091
:10E3C0002046BDE8F08170B5044600680025C168AC
:10E3D00021F08001C16020688068800606D4204654
:10E3E000F8F760FB10B1042060770125284670BD66
:10E3F00070B50C460546E8F741FE6C632C68E06C8E
:10E400000068016821F001010160A06C00680168EA
:10E4100021F0010101602068016821F040010160E4
:10E420002068416821F0030141602846E8F726FA98
:10E43000E16C37480968C860E16C206809680C30F5
:10E440008860E16C686B09684860E06C006801688E
:10E4500021F4A2610160A16C2D480968801CC8608C
:10E46000A16C206809680C308860A16C686B096831
:10E470004860A06C0068016821F4A2610160206816
:10E48000016821F0400101602068416841F001010C
:10E490004160E06C0068016841F001010160A06C1E
:10E4A0000068016841F0010101602068416841F0A5
:10E4B000020141602068016841F040010160A06CE8
:10E4C000006841680029FCD121688868000601D5F0
:10E4D00000BFFAE7086820F0400008602068416843
:10E4E00021F003014160E06C0068016821F0010146
:10E4F0000160A06C0068016821F0010101602846FC
:10E50000E8F7BCF92068016841F04001016070BD86
:10E510009879042010B50446E8F7B0FDA06A4FF6DC
:10E52000FF71B0FBF1F2B0FBF1F301FB130101B19C
:10E5300001211144B0FBF1F060630020E06221682A
:10E54000C86C0068026822F001020260886C0068F2
:10E55000026822F0010202600868426822F00302A9
:10E560004260CA6CA06B1268D060CA6C606B1268A3
:10E570005060C86C0068026822F484720260C86C43
:10E580000068026842F4826202608A6C164812686F
:10E59000D0608A6C606B12685060886C006802689A
:10E5A00022F4A36202600868426842F001024260FD
:10E5B000C86C0068026842F001020260886C006862
:10E5C000026842F0010202600868426842F00202FA
:10E5D0004260207940F0040020710868016841F031
:10E5E0004001016010BD0000947904200168CA6CEC
:10E5F0001268136823F0010313608A6C12681368B1
:10E6000023F0010313600A68536823F00303536087
:10E61000C36A826B1A44CB6C1B68DA60CB6C426BAA
:10E620001B685A60CA6C1268136823F48473136001
:10E63000CA6C1268136843F4826313608B6C426B7C
:10E640001B685A608A6C1268136823F4A363136012
:10E650000A68536843F001035360CA6C1268136878
:10E6600043F0010313608A6C1268136843F00103DE
:10E6700013600A68536843F002035360027942F062
:10E68000040202710868016841F0400101607047AE
:10E690000549096801600449091D0968416002498A
:10E6A0000831096881607047107AFF1F18B5174A52
:10E6B000FF241068400603D4106840F0400010604A
:10E6C00042F21071084600E000BF93689B0701D436
:10E6D000401EF9D29068C0070AD0D0688DF80000BB
:10E6E0009068C00702D0D0688DF800009DF8000047
:10E6F000147300E000BF9068C00701D1491EF9D231
:10E700009068C00701D0D068C0B218BD0030014089
:10E71000F8B515460E460B4600920446012202212A
:10E7200000F04CF8A0B9134813490068B0FBF1F0B1
:10E730004FF47A71484300906068B0F5827F0DD144
:10E740003346002280212046009500F037F870B152
:10E75000606D40F0200060650320F8BD009830B186
:10E76000401E009020688068C0430006F6D5002057
:10E77000F8BD0000C874042000366E0108B50268B8
:10E7800010688368DB439B0714D401730020126870
:10E7900006E0401C642803DD11736FF0010008BD22
:10E7A0009368DB43DB07F4D1107B8DF800009DF804
:10E7B000000008BD4FF0FF3008BD00002DE9F84310
:10E7C0001E46914688460446089DF6F71FFA401BF0
:10E7D000351AF6F71BFA074626480068C0F3CB3017
:10E7E00068430AE0701C09D0F6F710FAC01BA84273
:10E7F0000FD275B10098B8B3401E009020688168B0
:10E8000038EA010033D000204845EBD10020BDE8B4
:10E81000F8832068416821F0E00141606068B0F54C
:10E82000827F0BD1A068B0F5004F02D0B0F5806FA9
:10E8300004D12068016821F040010160A06AB0F5B0
:10E84000005F09D12068016821F40051016020684F
:10E85000016841F400510160012084F8510000205A
:10E8600084F850000320D2E7FFE70025C6E7012027
:10E87000CAE70000C874042070470000F8B505001E
:10E880002DD00020287021480068010427D510F4FD
:10E89000407F24D01D483038016841F0805101602C
:10E8A000006800F080500090F7F796F812211848A1
:10E8B000F7F7C0FD064613211548F7F7BBFD0446E0
:10E8C000F7F77EF81348864201D1022C09D011488F
:10E8D000401E864203D1012C14D0022C12D00020FD
:10E8E000F8BDF7F779F8002212210948F7F7A7FDDC
:10E8F000002213210648F7F7A2FDF7F761F802207E
:10E90000287000E02C700120F8BD00007038024033
:10E91000CCA50020A220E30C194808B5016841F4F9
:10E9200080410160006800F4804000901548016853
:10E9300021F470410160001D016821F00F010160A8
:10E940001148016841F4C05101600F480830016866
:10E9500041F4C0510160001D016841F4C0510160E3
:10E9600009494FF4C05014310860002206212820C4
:10E97000F6F7E8FFBDE808402820F6F7D5BF00000D
:10E980004438024010380140003C0140054810B5B1
:10E99000006810B10348F5F7FBFBBDE81040FEF737
:10E9A0002BBF000030A50020054810B5006810B14D
:10E9B0000348F9F7BAF9BDE81040FFF79DBC000025
:10E9C00044A90020FEF790BF00B585B04FF4006069
:10E9D000009002200021CDE9010103900120049064
:10E9E00069460348F6F720F805B0002000BD000096
:10E9F00000000240054810B5006810B10348F6F762
:10EA00005AF9BDE81040FFF7A3B8000078A5002030
:10EA10000A4810B5006810B10848F8F764F80748CC
:10EA2000B030006818B10548B030F8F75CF8FFF76F
:10EA3000A7FABDE81040FFF7E5BA000044A60020A1
:10EA4000094810B5B0F89802012804D000F0B0FDD4
:10EA500018B1F4F7AFFFFFF7F5FAFFF751FBBDE888
:10EA60001040FFF725BC00002836002010B50446F2
:10EA7000F1F7F4FB044901222046A1F8982200F0A6
:10EA800005F8002010BD0000283600200A4910B506
:10EA9000084888639030F9F748F906489030F9F74C
:10EAA00091F900F065F8FFF7CDFA00F0C5F8002005
:10EAB00010BD0000FCA8002058E1042010B5044659
:10EAC000F1F7CCFB044902222046A1F8982200F07D
:10EAD00005F8002010BD00002836002000B587B0E2
:10EAE00014216846E1F764FF164915488863903899
:10EAF000F9F71BF912489038F9F764F900F038F883
:10EB00001148016841F0010101600068032100F033
:10EB1000010005904FF480500090022001900120E8
:10EB2000CDE90201049069460848F5F77DFF00F041
:10EB30003FFD002801D04FF0FF3007B000BD0000BE
:10EB40008CA9002058E10420303802400000024027
:10EB500010B5F9F7CFFB0548006810B10348F7F787
:10EB6000C2FFBDE81040FFF7EBB90000ECA50020A4
:10EB70002DE9F0410F20F6F7C6FE4520F6F7C3FE5B
:10EB80003420F6F7C0FE4720F6F7BDFE2448D0F843
:10EB9000341229B1D0F8300210B12248EDF7F2FE5C
:10EBA0002148224C0025806B0C274FF4E136A0420F
:10EBB00016D1206810B12046F9F7B7F81C4820603C
:10EBC000C4E90165E560C4E90457A5611748E5613A
:10EBD000F6F72EF8D0B94720F6F7A6FE45201BE041
:10EBE000124C903C206810B12046F9F79EF811486D
:10EBF0002060C4E90165E560C4E90457C013C4E9B5
:10EC000006500A489038F6F713F808B1F4F7D2FE28
:10EC10003420F6F789FE0F20BDE8F041F6F784BEF8
:10EC2000283600202806002058E104208CA9002066
:10EC300000140140004C004070B586B014216846B5
:10EC4000E1F7B6FE0E480025016841F001010160C0
:10EC500000680C4E00F001004FF4006405902A4655
:10EC600021463046F5F7CDFF01200094CDE901059E
:10EC7000694630460395F5F7D7FE06B070BD000033
:10EC80003038024000000240002000F003B80120AC
:10EC9000AFF300802DE9F14F4FF0000A86B06148D4
:10ECA000CDF808A0CDF800A001685246D1465746DD
:10ECB00056465446534641F0010101600068DFF8B2
:10ECC000688100F001000190D8F800100491D8F894
:10ECD0000C100391049921F07071C8F80010039989
:10ECE00021F0707141F0A071C8F80C10BFF34F8F84
:10ECF0004E48DFF83CC1C8210068B0FBFCF54D432D
:10ED00004FF47A718D4200D20D464A49B0FBF1FEB4
:10ED1000BEF1100F01D24FF0100ED8F81000C0F362
:10ED2000003B45480068C00105D544480068C0075D
:10ED300001D0012000E00020019029014FF4006083
:10ED4000814201D2014602E0614500D961463B485B
:10ED5000406805903DE0019840B13848D0F804C0C3
:10ED60000598ACEB0000A84237D204E02046641CB2
:10ED7000B0F5806F31D2DFF8B0C0DCF81000DCF8FD
:10ED800010C0C0F30030CCF3C02CBCF1000F00D099
:10ED90007F1C70B3521C58451BD0DDF804C0BCF179
:10EDA000000F15D0DFF894C0DCF804B0DDF800C027
:10EDB000BCF1000F06D0DDF80880ABEB0808F04589
:10EDC00000D8761C4FF0010CCDF800C0CDF808B08B
:10EDD000834618465B1C8842BDD313480399C16023
:10EDE00004990160BFF34F8FB9F1100F0BD34AB1F3
:10EDF00009E0FFE70AF1010ABCF1000FCBD109F1EC
:10EE00000109C8E75FB1069818B1BAF1100F00D335
:10EE10000AB1042E03D3012007B0BDE8F08F002013
:10EE2000FAE700003038024000000240C8740420B5
:10EE300040420F0090D00300FCED00E0001000E025
:10EE400010B5F6F7E9FCBDE810400420F2F76EBA01
:10EE500030B593B034216846E1F7AAFD14210DA81E
:10EE6000E1F7A6FD1B480024016841F080510160D4
:10EE7000006800F0805012901748016821F440416A
:10EE800041F4804101600068012500F44040129087
:10EE9000032000904FF4803003950190ECF792F836
:10EEA000049006946846F7F7FFF850B90F20CDE9B3
:10EEB0000E540D90109400210DA81194F6F772FFD6
:10EEC00008B1F4F777FDECF7B9F8EEF7FDF813B0F9
:10EED00030BD00004038024000700040012100F0C9
:10EEE00001B800002DE9F34F93B00446149808B11F
:10EEF00000F064F90021012000F0A8F84E484FF01E
:10EF0000020A4FF0010B01684FF4804756464FF458
:10EF1000805921F4807101604FF44041072C60D288
:10EF2000DFE804F0040A10161B2025004FF0000B48
:10EF30000C2560245E4602E00F25502404E04FF0CB
:10EF400000091CE00F2570244FF0040A0126F6E7A3
:10EF50000F25A0244FF0040A11E00F2560244FF480
:10EF600000470CE00C2564240F46032607E00F46FB
:10EF70000C2564240168032641F48071016034216A
:10EF80006846E1F715FD14210DA8E1F711FD2B48A6
:10EF9000016841F080510160006800F080501290DB
:10EFA0002748016821F440413943016000684FF06F
:10EFB000010800F4404012904FF48030CDE9008009
:10EFC00081010F270220BBF1000F10D006AA804656
:10EFD00082E823000421CDE90B10CDE9094A6846F7
:10EFE0000FE00C256024BFE7F4F7E4FC0DE0CDE969
:10EFF00006810C2108916021CDE909100B900C903D
:10F000006846F7F751F80028EED10020CDE90E80D0
:10F01000CDE910900D9731460DA8F6F7C3FE08B163
:10F02000F4F7C8FCE8F7A4FC1498002801D000F01D
:10F030008FF815B0BDE8F08F003C02404038024028
:10F0400000700040012100F001B80000F0B5B5B03B
:10F050000D46060004D1F0F75DF808B1EEF734F87C
:10F060000DB100F0ABF8342116A8E1F7A1FC142192
:10F0700030A8E1F79DFC33480024016841F080513D
:10F080000160006800F0805000902F48016821F472
:10F09000404141F4804101600068012700F4404094
:10F0A00000900220169029481997806F1A901C949E
:10F0B00016A8F6F7F9FF08B1F4F77CFC0F20CDE9AC
:10F0C00030044FF48050CDE93240002130A8349410
:10F0D000F6F768FE08B1F4F76DFC34216846E1F7F5
:10F0E00067FC684606970094F6F7DEFF08B1F4F770
:10F0F00061FCFEB9F0F70EF8E0B1FEF76BFE3421CB
:10F1000023A8E1F755FCCDE9237423A82897F6F747
:10F11000CBFF08B1F4F74EFC58216846E1F748FCF4
:10F1200008200090800109906846F6F791FC08B12C
:10F13000F4F740FCE8F71CFC002D01D000F008F8C3
:10F1400035B0F0BD403802400070004000000020A3
:10F15000164808B5B0F8B002C0061BD51448EBF746
:10F16000F7F8144991F82B0000281DD012480268C6
:10F17000009242680092C26842F40052C260C268C3
:10F1800042F02002C260002081F82B00BDE8084058
:10F19000E4F766B9FFF716FC0020E7F78DFABDE843
:10F1A00008400348EBF7D4B808BD0000F0CE0420B7
:10F1B00044A900200000002000100140144810B5B0
:10F1C000B0F8B002C0061ED5E4F74AF90021114894
:10F1D000E4F7FAF8104948B1002081F82B00012229
:10F1E0000221BDE810400620ECF7DAB80B48C268EF
:10F1F00022F40052C260BFF34F8FBFF36F8F012024
:10F2000081F82B0010BDBDE81040E7F747BA0000B9
:10F21000F0CE0420F09E04200000002000100140E9
:10F2200070B5194D2868194B194910F00C0004D01D
:10F23000184E042803D0082803D00B601BE00E6092
:10F2400019E0114A121F1068C0F38054106800F0D2
:10F250003F0014B1B6FBF0F001E0B3FBF0F013682F
:10F260001268C3F388135843C2F30142521C520080
:10F27000B0FBF2F008602868074AC0F30310105C86
:10F280000A68C2400A6070BD083802400024F400D9
:10F29000C874042000366E012C540408024801682A
:10F2A00041F470010160704788ED00E02DE9F05FE6
:10F2B000AD480169C9070DD0016921F00101016163
:10F2C000AA480078AA4EDFF8AC82002520B1A8F841
:10F2D00000503580BDE8F09FA84FA74C97F840013B
:10F2E0004FEA801C6068A1686144A160A168814206
:10F2F00006D3A168A268B1FBF0F101FB1020A06069
:10F30000A16AE06A11EB0C016841A162E062002091
:10F3100004EB8001183151E8002F624441E80023DA
:10F32000002BF8D1401C0328F2DB954841F66A0314
:10F33000954A816D491C816592494888401C80B27C
:10F340004880984203D34D80012082F810038F48F3
:10F35000836B80681C183868F0B30020824692F8EE
:10F360000E0302EB4003B3F80893401CC0B203281D
:10F3700000D30020934682F80E037E483388A846C7
:10F3800002881A43028082483580BAF1000FC3898F
:10F3900042EA03432360028A438A42EA03426260EC
:10F3A0007ED07549002604F1080788693546402853
:10F3B00025D3C868896B0E187649896B0D186E497C
:10F3C00040234A68C8684030904203D3B0FBF2FC47
:10F3D0000CFB1200C86000E00FE00A6B486B403283
:10F3E00040F100000A634863183151E8000FC01A69
:10F3F00041E80002002AF8D105E00120AEE7002133
:10F400005D4802F099FD644B00201A5CFF2A0DD084
:10F4100066B15DB102F01F01202A03D2A1F1010102
:10F4200001F01F0105D236F9111007E027F810800E
:10F4300006E035F811104FEA410109B227F8101023
:10F4400000F101000828E0D3BAF1000F03D0A4F8BE
:10F450001890A4F81A80DBF8F802A083000CE0836F
:10F460004A482024416882682032826082688A4249
:10F4700006D382688368B2FBF1F202FB113181602E
:10F48000816AC26A2023CB18454642F1000183629B
:10F49000C162002100EB8102183252E8003F00E017
:10F4A0001BE0234442E80036002EF6D1491C032914
:10F4B000F0DB3A4A2F4811880388194311800580F0
:10F4C0000120F1F733FFECF77FFC00283FF402AF97
:10F4D000BDE8F05F0520F1F729BF314D314ADFED7E
:10F4E000320A95ED000A10EE103A934201DDB0EEBB
:10F4F000600A10EE103A4FF047469FED2C1AB342C7
:10F5000001D9B0EE410ABDEEC00A10EE103A95EDF9
:10F51000010A10EE105A1BB2954201DDB0EE600AEE
:10F5200010EE102AB24201D9B0EE410A058946898F
:10F53000BDEEC00A45EA0645A5608689058810EE3D
:10F54000102A46EA0545E5604588808845EA004579
:10F5500025618888461C8E8049EA0040606198B227
:10F5600040EA0240A06176E700400140110000201F
:10F57000440000204000002068EB0420A8EC042098
:10F58000B0020020887B0420A8F4042028EC04208A
:10F5900050EB0420A8EB04203001002042000020A2
:10F5A000A07B042000FEFF4600FEFF46000000C7CF
:10F5B00070B58CB014216846E1F7FAF900242448AC
:10F5C000059406940794089409940A94016841F0FC
:10F5D000010101600068012600F001000B904FF46A
:10F5E000805000900220CDE901060320CDE90306FA
:10F5F00069461848F5F718FA184D1748C5E9000488
:10F60000C5E902462C616C612846AC61F7F748FEFB
:10F61000661E98B94FF40050CDE90504079405A97A
:10F6200028460894F8F75BF840B92020099080201C
:10F630000A9009A92846F7F7BDFD10B130460CB075
:10F6400070BD2868C460286804610020F7E70000E6
:10F650003038024000000240000001404CA700206A
:10F660000148F8F7ABB8000094A7002002496FF0FA
:10F67000010008617047000000200040F0B50268FA
:10F68000274D284E284FDFF8A4C0294B4FF0804E5D
:10F69000A84209D0704507D0B04205D0B84203D087
:10F6A000604501D0984203D122F070044A68224399
:10F6B000A8421BD0704519D0B04217D0B84215D01F
:10F6C000604513D0984211D01A4CA0420ED01A4C6B
:10F6D000A0420BD0194CA04208D0194CA04205D032
:10F6E000184CA04202D0184CA04203D122F440741E
:10F6F000CA6822434C6922F0800222438C68C462AB
:10F700000C688462A84201D0984201D10969016362
:10F71000016841F004010160012141610260F0BD16
:10F72000000001400004004000080040000C0040C0
:10F7300000040140004001400044014000480140F5
:10F7400000180040001C00400020004010B501F0EF
:10F750001F010123046A8B409C430462036A8A40B0
:10F760001343036210BD10B5846842EA032224F4F7
:10F770007F440A432243826010BD826822F07002F7
:10F780000A4342F00701816070470000F0B5026A49
:10F79000036A23F00103036243688469114E24F075
:10F7A00073050C68104F2C4322F002058A682A4327
:10F7B000B04201D0B84205D122F00805CA682A43F8
:10F7C00022F00402B04201D0B84205D14D6923F4C1
:10F7D00040731D438B692B434360846149684163D7
:10F7E0000262F0BD0000014000040140F0B5026A71
:10F7F000036A23F010030362436884690D6824F4EC
:10F80000E64444EA05248D6822F0200242EA05120B
:10F810000F4D104EA84201D0B04206D1CF6822F061
:10F82000800242EA071222F04002A84201D0B04210
:10F8300007D14D6923F4406343EA85038D6943EAA8
:10F84000850343608461496881630262F0BD000002
:10F850000000014000040140F0B5026A036A23F48D
:10F86000807303624368C46922F4007224F0730554
:10F870000C68124E2C438D6842EA05220E4DA842B8
:10F8800001D0B04206D1CF6822F4006242EA0722DA
:10F8900022F48062A84201D0B04207D14D6923F41E
:10F8A000405343EA05138D6943EA05134360C4617D
:10F8B0004968C1630262F0BD0000014000040140DC
:10F8C00030B5036A026A22F4805202624268C46957
:10F8D0000D6824F4E64444EA05248D6823F40053BB
:10F8E00043EA0533084DA84202D0084DA84204D18E
:10F8F0004D6922F4804242EA85124260C46149683F
:10F900000164036230BD00000000014000040140BA
:10F9100070B50268002493684D6823F070031D439E
:10F920000B6825F007052B4393604A6812F00F0F10
:10F9300031D11211082A2ED2DFE802F02E2E2E2EFF
:10F940000B2127040B69D1E902210068FFF70BFFA7
:10F9500022E00A68052A10D00268156A136A23F0AB
:10F960000103136202689369096923F0F00343EA13
:10F9700001119161006805620EE0012070BD0A6905
:10F980008968006800F00AF806E00A69896800687A
:10F9900000F015F800E00124204670BD10B5046A9F
:10F9A000036A23F001030362836923F0F00343EA4F
:10F9B000021324F00A020A438361026210BD10B5EB
:10F9C000036A046A24F010040462846923F0A0032B
:10F9D00024F4704444EA023243EA01118261016274
:10F9E00010BD00000A4810B5016821F02001016037
:10F9F0000848ECF745FBEDF7CBF820B10648E7F7F0
:10FA0000C9FDF2F737FDBDE810400220F1F78EBCCA
:10FA100068EB0420280600203452534901680C3159
:10FA200051E8002F22F4907241E80023002BF5D119
:10FA30000168143151E8002F22F0010241E800234F
:10FA4000002BF5D1016B012909D101680C3151E876
:10FA5000002F22F0100241E80023002BF5D12021D5
:10FA600080F8421000210163704701680C3151E8B1
:10FA7000002F22F0C00241E80023002BF5D1202105
:10FA800080F841107047000070B5044600680169B5
:10FA9000E26821F4405111430161A1682069E269E3
:10FAA00001436069104301432068C26849F20C6356
:10FAB0009A430A43C26020684169A26921F44071F7
:10FAC0001143416134492068884208D03349884253
:10FAD00005D03349884202D03249884202D1F6F734
:10FAE000A1FA01E0F6F78EFAE269002319216425F4
:10FAF0003226B2F5004F626828D0A0FB0101930FB7
:10FB00009200E0F79BFC0146B0FBF5F06FF01802A5
:10FB1000504301EB800006EB0010B0FBF5F000F065
:10FB2000F002B1FBF5F002EB0012B1FBF5F06FF063
:10FB30001803584301EB800006EB0010B0FBF5F012
:10FB400000F00F0021681044886070BDA0FB010127
:10FB500092185B41E0F772FC0146B0FBF5F0020140
:10FB6000B1FBF5F06FF01803584301EB800006EB92
:10FB7000C000B0FBF5F000F0F80002EB4002B1FB72
:10FB8000F5F0584301EB800006EBC000B0FBF5F048
:10FB900000F00700D6E7000000100140001401400B
:10FBA00000180140001C014010B5F6F795FF1B48F6
:10FBB000016821F0200101604FF480411848F5F7F9
:10FBC00013F80028174809D0EAF798FAECF7E0FF95
:10FBD00058B11548E7F7DEFCF2F74CFCEAF700FAFB
:10FBE000BDE810400F48EAF773BB1048D0F8381250
:10FBF000C9030CD4D0F83012C96809060CD5D0F866
:10FC0000340220B1806B10B10068002804D1BDE837
:10FC100010400448ECF71ABD10BD000068EB04204A
:10FC200000080240F09E042042525349F0CE0420C6
:10FC30000D4810B5016821F0200101600B48ECF778
:10FC40001FFAECF7A5FF20B10948E7F7A3FCF2F78C
:10FC500011FC0848016841F020010160BDE8104036
:10FC60000220F1F763BB000068EB042028060020A7
:10FC7000365253490C14014041F4807141F2210283
:10FC800040004900CB0500D5401CC30300D55040BF
:10FC9000CB03F5D580B270470D20E7F7BFFEF2F732
:10FCA000E9FB000070B50546E7F7FCF9686AB0F5B6
:10FCB000803F01D34FF6FF7028632C68E06C00682A
:10FCC000016821F001010160A06C0068016821F069
:10FCD000010101602068016821F040010160206895
:10FCE000416821F0030141602846E6F7C7FDE16C59
:10FCF00025480968C860E16C206809680C30886094
:10FD0000E16C286B09684860E06C0068016821F4C8
:10FD1000A2610160A16CE86B0968C860A16C2068F1
:10FD200009680C308860A16C286B09684860A06C79
:10FD30000068016841F482610160A06C006801689C
:10FD400021F4807101602068016821F040010160A8
:10FD50002068416841F001014160E06C0068016881
:10FD600041F001010160A06C0068016841F00101EF
:10FD700001602068416841F002014160206801682B
:10FD800041F04001016070BD9C7904202DE9F041F3
:10FD900005462DED068B94B000201C469FED2F8A62
:10FDA0009FED2F9B1646F0EE488A18800746B3EE6B
:10FDB00004AAE846780003F08AF953EC192B03F003
:10FDC00033FA02F05DFE00EE900A80EE8A0A10EE31
:10FDD000100A03F07DFD41EC100B01F0C9F951EC64
:10FDE000100B02F04DFE48F827007F1CC446142F6C
:10FDF000E0DB0020B0EE481A1422B0EE418A002168
:10FE00000B1893FBF2F702FB17330CEB830393ED14
:10FE1000000A05EB8103491CD3ED000A142900EE0A
:10FE2000808AEDDBF2EE040A88EE200AF4EEC08A46
:10FE3000F1EE10FA09D24FF4B471414391FBF2F1A3
:10FE400086ED000AF0EE408A2180401C1428D4DBA5
:10FE500014B0BDEC068BBDE8F0810000000000008E
:10FE600044174154FB21094003B401984100009814
:10FE700050EAC12018BF04204A0D18BF40F001000D
:10FE800040F2FF72B2EB515F08BF40F00200012860
:10FE900008BF052002B07047002809DB00F01F02F0
:10FEA000012191404009800000F1E020C0F880125B
:10FEB0007047002809DB00F01F0201219140400932
:10FEC000800000F1E020C0F8801270470907090E99
:10FED000002804DB00F1E02080F80014704700F0F7
:10FEE0000F0000F1E02080F8141D7047BFF34F8F22
:10FEF00005480168054A01F4E06111430160BFF360
:10FF00004F8F00BFFDE700000CED00E00400FA0594
:10FF1000BFF34F8F05480168054A01F4E0611143C2
:10FF20000160BFF34F8F00BFFDE700000CED00E064
:10FF30000400FA050000000070B59B482DED020B8F
:10FF40002DED068B079D25F00044A04218DC974854
:10FF5000844202DC0AD1069840B19DED060BBDEC4F
:10FF6000068B02B0BDE8704001F0A6BD002DCCBFED
:10FF70009FED8F0B9FED900BBDEC068B02B070BD1B
:10FF80008F48A04215DD8F48A042D8BF4FF0FF3404
:10FF900058DD9DED060B51EC100BFFF765FF0428B3
:10FFA00008BF01F0BDFD9DED060BBDEC068B02B058
:10FFB00070BD9DED060B51EC100B02F039F8CDE948
:10FFC000060181489FED828BA0423CDD8248A04221
:10FFD0001FDD00249FED82AB9DED060B53EC1A2B29
:10FFE00051EC100B02F07EFD9DED060B41EC190B60
:10FFF00053EC1A2B51EC100B03F016F953EC182BA1
:020000040804EE
:1000000003F078FB53EC192B02F028FECDE9060132
:1000100049E09DED060B012453EC182B51EC100B1D
:1000200002F060FD9DED060B41EC190B53EC182B13
:1000300051EC100B03F05EFB53EC192B02F00EFE9B
:10004000CDE906012FE06848A0421FDD02249FEDA4
:10005000689B9DED060B53EC192B51EC100B03F034
:10006000E3F853EC182B02F03DFD9DED060B41EC3F
:10007000180B53EC192B51EC100B03F03BFB53EC1A
:10008000182B02F0EBFDCDE906010CE09DED060B0F
:10009000032453EC102B9FED580B51EC100B02F086
:1000A000DDFDCDE906019DED060B53EC102B51EC67
:1000B000100B03F0B9F841EC180B53EC182B03F0BC
:1000C000B3F841EC190B4E480621B0EE490AF0EEA8
:1000D000690A784401F0C4FB53EC182B51EC100B67
:1000E00003F0A2F841EC180B4648B0EE490AF0EED6
:1000F000690A0521784401F0B3FB53EC192B51EC4C
:10010000100B03F091F841EC100B51EC180B53EC71
:10011000102B002C0EDA02F0E5FC9DED061B53ECD3
:10012000112B03F081F89DED061B53EC112B03F00E
:1001300009FA35E002F0D6FC9DED061B53EC112BBD
:1001400003F072F841EC100B2F48784400EBC40028
:1001500090ED001B51EC100B53EC112B03F0CAFA7D
:100160009DED061B53EC112B03F0C4FA41EC100B70
:100170002648784400EBC40090ED001B51EC100BB6
:1001800053EC112B03F0DEF941EC100B002DA2BF54
:10019000BDEC068B02B070BD51EC100B02F064FC9C
:1001A00041EC100B01E70000000010440000F07F5C
:1001B000182D4454FB21F93F182D4454FB21F9BF5D
:1001C0000000DC3F0000203E0000F33F0000000084
:1001D000000000000000F03F0000E63F00000000CB
:1001E000000000000000004000800340000000000C
:1001F000000000000000F83F000000000000F0BF19
:100200006254000018540000A25300005A5300002A
:1002100070B56F4E2DED040B2DED048B82B0DDF823
:1002200024C0DDE907235C422CF000411C4341EA75
:10023000D474069D22F00040B44205D86C422C4391
:1002400040EAD474B4420BD99DED081B9DED060B1A
:1002500002B0BDEC048B04B0BDE8704001F036BCC8
:10026000ACF14054A4F17F641C430BD0022404EA97
:10027000AC7444EAD27405439FED578B9FED582B25
:1002800007D015E09DED060B51EC100B01F05FFC63
:1002900042E0002C11BF012C9DED060B02B0BDEC1D
:1002A000048B04BF04B070BD022C38D0032C3BD0AB
:1002B0000B439FED4D1B9FED4E0B0AD0B14218D161
:1002C000B04209D121F0804120F08040099107908F
:1002D0000FE0002A15DA10E0474B7B44002C08BFE2
:1002E00093ED000B0DD0012C10D0022C17D0032C55
:1002F0001AD0B0421DD1002A03DAB0EE410AF0EE66
:10030000610A02B0BDEC048B04B070BD93ED000B2C
:1003100051EC100B02F0A8FB41EC100BF1E7B0EE32
:10032000480AF0EE680AECE7B0EE420AF0EE620A24
:10033000E7E7401A00159FED329B3C28C8BF8DEDC2
:10034000000B17DCBCF1000FBCBF10F13C0F8DEDB2
:10035000009B0FDB9DED080B53EC102B9DED060B66
:1003600051EC100B02F07AFC01F062FE01F0EFFBA1
:10037000CDE90001B4B1012C10D0022C9FED220B6D
:1003800053EC102B9DED000B51EC100B19D003F02A
:10039000B1F953EC182B03F0ADF9BDE7019880F0EB
:1003A000004001909DED000B53EC192B51EC100B0C
:1003B00002F0B0FD04BF0220E0F77AFB9DED000BD8
:1003C0009FE703F097F953EC182B03F0BBF8A3E772
:1003D0000000F07F00000000182D4454FB2109406C
:1003E000182D4454FB2109C0182D4454FB21F9BF9A
:1003F000182D4454FB21F93FBA52000000000000C0
:100400000000000000000000075C143326A6A13C99
:1004100010B52DED020B2DED088B9DED080B51EC69
:10042000100B03F035F841EC180B9DED080B53EC65
:10043000182B51EC100B03F05DF941EC190B0998E6
:100440009FED2D0B10F0004F53EC102B51EC190BBE
:100450009FED25AB9FED26BB0DD002F0A9FE0DD977
:1004600053EC1B2B51EC190B02F0DCFF1BD213E0F9
:1004700041EC180B17E002F09BFE06D253EC1A2B4E
:1004800051EC180B03F036F9F2E753EC1B2B51EC4F
:10049000190B02F0C7FF06D853EC1A2B51EC180BBE
:1004A00002F020FBE4E79FED160B51EC180B53EC28
:1004B000102B02F0B7FF08D351EC180B9FED120B75
:1004C00053EC102B02F074FE02D20120E0F7F0FA98
:1004D00051EC180BBDEC088B02B0BDE8104002F0E7
:1004E00085BD000000000000000000000000F03F9B
:1004F000000000000000E03F000000000000E0BF3E
:100500000000C0FFFFFFDF41000000000000E0C16D
:100510002DE9F04D2DED040B2DED0E8B94B0DDE9A2
:100520002350259CDDF888A025F0004624F00048E3
:10053000BAF1000F14BF0121002101EB4502FC4973
:1005400053184A1093422AD3002814BF01230023D2
:1005500003EB44030B44F7498B4220D358EA0001D4
:100560009FEDF5AB76D0DFF8D8B35D4503D1BAF196
:10057000000F05D188E0BAF1000F08BF002100D0BC
:10058000012101EB450111F5001F08D8002814BF17
:100590000121002101EB440111F5001F0BD99DED54
:1005A000241B9DED220B14B0BDEC0E8B04B0BDE8F6
:1005B000F04D01F08BBA0027002DBCBFE149884502
:1005C00021DAE1498845A8BF02271CDAC3451ADCB5
:1005D000DE4901EB2851142908DDC1F1340220FA6B
:1005E00002F101FA02F282420DD108E058B9C1F1DC
:1005F000140228FA02F101FA02F2424503D101F095
:100600000101C1F1020756EA0A0124D1002C22DAC5
:10061000002D18BF022F01D0012F0AD00220E0F7D1
:1006200047FA14B0BDEC0E8B04B0BDE8F04D01F0FC
:100630002BBA0220E0F73CFA01F026FA51EC100B3D
:1006400002F012FA41EC100B14B0BDEC0E8B04B0AA
:10065000BDE8F08D18E09FEDBE9B9FEDBF8B00289D
:1006600071D1B848804522D105F1804010F5801045
:1006700008BFBAF1000F07D0B3450ADC002CA8BFB1
:100680009DED240BE0DA0DE0B0EE4A0AF0EE6A0AC6
:10069000DAE7002C06DA9DED240B51EC100B02F08A
:1006A000E3F96FE0AE48784490ED000BCCE7D84515
:1006B0004DD1002C48DA2EB186423AD1BAF1000F62
:1006C00042D126E0BAF1000F13D00220E0F7F0F992
:1006D00001F016FA8DED020B9DED220B8DED000B56
:1006E00010EE900A039961F31E0003909DED020B3A
:1006F000AAE78DED029B9DED220B19EE901A10EEEC
:10070000900A8DED000B61F31E0003909DED020B2E
:100710009AE78DED028B9DED220B18EE901A10EEEC
:10072000900A8DED000B61F31E0003909DED020B0E
:100730008AE709DA9DED220B51EC1A0B53EC102BD2
:1007400002F08CFA1EE020E09DED220B7CE7864251
:100750001BDAB4F1804F0DD0A4F10050B0F1FF507E
:1007600013D1002D11DB9DED220B51EC100B02F08B
:10077000C1F807E09DED220B53EC102B51EC100B50
:1007800000F0CABC41EC100B5EE79DED220B51EC72
:10079000100B01F04DFCBAF1000FCDE90A0142D176
:1007A0009FED710B46B3A6F1E040B0F17F600CD035
:1007B0005E4538D1002D00DAA7B3022F0CBF01200F
:1007C0004FF0FF3002F083FCDCE7002D01DD002C50
:1007D0000DDA002D01DD002C1FDB002D16DA002CB8
:1007E00014DB012F08BF9FED620B3FF42DAFB0EE7D
:1007F000490AF0EE690A27E7022F18BF002D0CD036
:10080000012F0AD1002DFFF61FAF06E0002DB8BF63
:10081000002C08DA012F3FF417AFB0EE480AF0EED3
:10082000680A11E71BE0012000EBE57050EA0701C0
:1008300015D0791EB0EE4A8AF0EE6A8A084308BFE6
:100840009FED4D8B4E480025804570DD4D494E484B
:10085000884514DDB0420DDB002C19DB2FE00120B0
:10086000E0F726F914B0BDEC0E8B04B0BDE8F04DF6
:1008700001F036B9B34502DC002C09DC1FE08642EA
:1008800002DA002C1BDA03E05E452BDD002C16DDBE
:100890000220E0F70DF901F033F98DED020B53EC76
:1008A000192B51EC180B02F0BFFCCDE900010399A4
:1008B000019861F31E0003909DED020BC4E6022037
:1008C000E0F7F6F801F02CF910EE901A18EE900A05
:1008D0008DED020B8DED008B61F31E0003909DEDFD
:1008E000020BB1E69DED0A0B53EC1A2B51EC100BE9
:1008F00002F000FF9FED260BCDE90A0153EC102B0F
:100900009DED0A0B51EC100B02F08EFC9FED221BAB
:1009100053EC112B02F016FE9DED0A1B53EC112B2C
:1009200002F082FC9FED1E1B53EC112B3CE08CE08F
:10093000FFFF1F00FFFF0F00000000000000F03F5E
:100940000000F03F0000F07F0000404301FCFFFF8B
:10095000000000000000F07F000000000000000028
:10096000EE4E0000000000000000000000000080CB
:10097000000000000000F0FF000000000000F0BFD9
:100980000000E0410000F043FFFFEF3F00000000E7
:10099000000000000000D03F555555555555D53F36
:1009A000000000000000E03F02F0CCFD9DED0A0BCE
:1009B00041EC190B53EC102B51EC100B02F034FCF2
:1009C00053EC192B02F030FC9DED0A0B41EC1B0B94
:1009D00053EC102B9FEDFE0B51EC100B02F024FC9E
:1009E00041EC190B9FEDFC0B51EC1B0B53EC102B46
:1009F00002F01AFC41EC1B0B9FEDF90B53EC102B92
:100A00009DED0A0B51EC100B02F00EFC53EC1B2B6E
:100A100002F070FE41EC1B0B51EC190B53EC1B2B3D
:100A200002F060F80490CDE904519DED040B53EC05
:100A3000192B51EC100B02F05DFE53EC1B2B02F056
:100A400081FD41EC100B00F0A9B90020B6F5801F24
:100A50000EDA9FEDE50B53EC102B9DED0A0B51ECDC
:100A6000100B02F0E1FBCDE90A016FF034000E46F5
:100A700000EB2650A0F2FF37C6F31300DC4940F02C
:100A80007F6646F040568842D8BF002408DDD94929
:100A90008142C8BF012403DC0024A6F580167F1C18
:100AA000D548784400EBC4080B9698ED000B53EC46
:100AB000102B9DED0A0B51EC100B02F01BFE98ED74
:100AC000000B41EC1B0B53EC102B9DED0A0B51EC72
:100AD000100B02F007F841EC100B51EC1A0B53EC21
:100AE000102B02F0BBF841EC1C0B51EC1B0B53EC30
:100AF0001C2B02F099FB41EC190BC0488DED0E9BAD
:100B000078440E9590ED000B4FF0005040EA6600DF
:100B100000EB84408DED120B00F50020139098ED52
:100B2000000B53EC102B9DED120B51EC100B02F04F
:100B3000E1FD9DED0A1B53EC112B02F003FD41EC8E
:100B4000100B53EC102B9DED0E0B51EC100B02F023
:100B50006BFB9DED120B41EC1D0B53EC102B9DED2F
:100B60000E0B51EC100B02F05FFB53EC1B2B02F051
:100B7000E9FC53EC1D2B02F0BDFD53EC1C2B02F0E5
:100B800053FB41EC1C0B53EC192B51EC190B02F0ED
:100B90004BFB41EC1B0B9A480621B0EE4B0AF0EEE2
:100BA0006B0A784400F05CFEB0EE401AF0EE601A7A
:100BB000B0EE41DAF0EE61DA53EC1B2B51EC1B0B7B
:100BC00002F032FB53EC1D2B02F02EFB9DED0E0BC1
:100BD00041EC1B0B53EC192B51EC100B01F082FF75
:100BE00053EC1C2B02F020FB53EC1B2B01F07AFF83
:100BF0009DED0E0B41EC1B0B53EC102B51EC100B2D
:100C000002F012FB41EC1D0B53EC1D2B9FED7EEB14
:100C100051EC1E0B01F066FF53EC1B2B01F062FF41
:100C20001290CDE912519DED120B53EC1E2B51EC9D
:100C3000100B02F05FFD53EC1D2B02F05BFD53EC3B
:100C40001B2B02F07FFC9DED120B41EC1D0B53ECB6
:100C5000102B9DED0E0B51EC100B02F0E5FA41EC60
:100C60001B0B53EC192B51EC1D0B02F0DDFA9DED23
:100C7000120B41EC190B53EC102B51EC1C0B02F036
:100C8000D3FA53EC192B01F02DFF41EC190B51EC69
:100C90001B0B53EC192B01F025FF0490CDE90451F7
:100CA0009DED040B53EC1B2B51EC100B02F022FDBD
:100CB00053EC192B02F046FC9DED040B41EC190B93
:100CC00053EC102B9FED520B51EC100B02F0ACFAD1
:100CD00041EC1B0B9FED500B51EC190B53EC102BFF
:100CE00002F0A2FA9DED040B41EC190B53EC102B12
:100CF0009FED4B0B51EC100B02F096FA53EC192BB5
:100D000001F0F0FE41EC100B4748784400EBC400C2
:100D100090ED001B51EC100B53EC112B01F0E2FE97
:100D200041EC190B384602F0D2F9CDE90A0153EC37
:100D3000192B51EC1B0B01F0D5FE41EC100B3B487D
:100D4000784400EBC40451EC100B94ED001B53EC01
:100D5000112B01F0C7FE9DED0A1B53EC112B01F086
:100D6000C1FE0490CDE904519DED0A0B53EC102B0C
:100D70009DED040B51EC100B02F0BCFC94ED001B3C
:100D800053EC112B02F0B6FC53EC1B2B02F0B2FC1F
:100D900053EC192B02F0D6FB41EC100B9DED241BFC
:100DA00053EC102B8DED001B00959DED240B51ECA9
:100DB000100B02F039FA9DED000B41EC190B53ECCE
:100DC000102B9DED240B51EC100B02F093FC2FE047
:100DD000000000604715F73FFE822B654715F73F7F
:100DE00044DF5DF80BAE543E0000000000004043BD
:100DF0008E9803007AB60B00A2490000944A0000C6
:100E0000D248000000000000000000000000084080
:100E1000000000E009C7EE3FFD033ADC09C7EE3FE2
:100E2000F5015B14E02F3EBE5A4700001447000056
:100E30009DED041B53EC112B02F0F6F953EC192B2A
:100E400001F050FE9DED040B41EC190B53EC102BFF
:100E50009DED000B51EC100B02F0E6F9CDE9040119
:100E60009DED040B51EC190B53EC102B01F03AFEE5
:100E7000CDE902010C46AA498C422FDB611A0843D6
:100E800018D19DED040B53EC102B9DED020B51EC92
:100E9000100B02F02FFC41EC1B0B9FEDA30B51EC50
:100EA000190B53EC102B01F01DFE53EC1B2B02F021
:100EB000B9FA2DD20220DFF7FBFD00F021FE10EE83
:100EC000901A18EE900A8DED020B8DED008B61F3F8
:100ED0001E0003909DED020BFFF7B6BB944A24F071
:100EE0000041914214D39349214408437FF4E7AC75
:100EF0009DED040B53EC102B9DED020B51EC100BF0
:100F000002F0F8FB53EC192B02F08CFA7FF6D7AC09
:100F100024F000408849894A002601EB2051824292
:100F20002BDA481C4FF4801121FA00F02044844A47
:100F3000C0F30A517A44A1F2FF3192ED000B814ACD
:100F40008DED0A0BCA4020EA0202C0F3130040F400
:100F50008010C1F1140120FA01F60B92002CB8BFE9
:100F600076429DED0A0B53EC102B9DED040B51ECDA
:100F7000100B02F0BFFBCDE904019DED040B51EC19
:100F8000190B53EC102B01F0ADFD9FED6F0B0A9088
:100F9000CDE90A5153EC102B9DED0A0B51EC100BCF
:100FA00002F042F941EC1B0B9FED690B53EC102B47
:100FB0009DED0A0B51EC100B02F036F99DED040B80
:100FC00041EC1C0B53EC102B9DED0A0B51EC100B5C
:100FD00002F090FB53EC192B02F0B4FA9FED5E1B6C
:100FE00053EC112B02F020F953EC1C2B01F07AFD8D
:100FF00041EC190B51EC1B0B53EC192B01F072FD5A
:10100000CDE902019DED020B53EC1B2B51EC100BB3
:1010100002F070FB53EC192B02F094FA9DED020BD9
:1010200041EC190B53EC102B51EC100B02F0FCF8B7
:10103000CDE90A014A489DED0A0B0521784400F0EC
:101040000FFC9DED0A1B51EC100B53EC112B02F021
:10105000EBF89DED021B53EC112B02F073FACDE976
:1010600004019DED020B53EC192B51EC100B02F017
:10107000DBF853EC192B01F035FD9FED3B0B41ECF8
:10108000190B53EC102B9DED040B51EC100B02F0DF
:1010900031FB9DED040B41EC1B0B53EC102B9DED34
:1010A000020B51EC100B02F0BFF853EC1B2B01F0BC
:1010B000D5FD53EC192B02F01DFB9DED021B53ECEB
:1010C000112B02F017FB53EC1A2B02F03BFACDE97F
:1010D000020101EB065001150029C8BF039015DC81
:1010E0009DED020B324651EC100B02F011FDFEF7A4
:1010F000BBFE042808BF00F013FD32469DED020B35
:1011000051EC100B02F004FDCDE902019DED020B44
:1011100051EC180B53EC102B02F086F8FFF732BBA2
:101120000000904000000000FE822B654715973CB0
:1011300000CC904000346F3F01FCFFFF0000E03F17
:1011400060460000FFFF0F0000000000432EE63F56
:10115000396CA80C615C20BEEF39FAFE422EE63FE6
:101160006844000000000000000000000000004093
:1011700010B52F499FED2C1B2DED020B84B0059867
:1011800020F000408842DCBF00209DED040B32DDE2
:101190002849884209D1049840B94FF00100DFF78F
:1011A00087FC00F09DFC06B010BD05DB9DED040B37
:1011B00000F082FC06B010BD68469DED040B00F007
:1011C0007BF810F0030011D0012818D09DED021B10
:1011D0009DED000B02281AD000F08AFA51EC100B9A
:1011E00001F042FC06B041EC100B10BD9DED021B5E
:1011F0009DED000B012000F0AFFB06B010BD9DED92
:10120000021B9DED000B00F073FA06B010BD01202B
:1012100000F0A2FB51EC100B01F026FC06B041ECF3
:10122000100B10BD000000000000000000000000D6
:10123000FB21E93F0000F07F00B52DED048BB0EEFF
:10124000409AF0EE609A83B051EC190B02F086F9E7
:1012500041EC180B18EE100A18EE901A8DED008B69
:10126000002818BF0120084320F00040C0F17F6033
:1012700000F1E040C00F14D019EE101A19EE900AD8
:101280008DED009B002918BF0121084320F000408C
:10129000C0F17F6000F1E040C00F04BF0120DFF724
:1012A00007FCB0EE480A03B0F0EE680ABDEC048B10
:1012B00000BD0000000000002DE9F14F04462DEDB7
:1012C000020B2DED088B8AB09FEDE70B80ED020B32
:1012D000139EE74826F0004585420ADC9DED120B7F
:1012E000002084ED000B0AB0BDEC088B03B0BDE814
:1012F000F08FE0489FEDE0AB9FEDE1BBA84247DDFA
:10130000E14F9FEDE39B9FEDE48B9DED120B53ECC2
:101310001A2B51EC100B002E1CDD02F0EBF941EC06
:10132000100BBD4208D053EC1B2B51EC100B02F0FC
:10133000E1F9C4E900010BE053EC192B51EC100B5F
:1013400002F0D8F953EC182B02F0D4F9C4E90001EB
:101350000120C8E701F0C6FB41EC100BBD4208D0EC
:1013600053EC1B2B51EC100B01F0BCFBC4E900014A
:101370000BE053EC192B51EC100B01F0B3FB53ECC9
:10138000182B01F0AFFBC4E900014FF0FF30AAE7D2
:10139000C348A84279DB9DED120B51EC100B00F015
:1013A00047FE41EC180B9FEDC00B53EC102B01F0E6
:1013B0003BFF9FEDBF1B53EC112B01F093FB01F0A2
:1013C000E5FD074601F083FE41EC190B53EC1A2BA7
:1013D00001F02AFF53EC182B02F0B4F841EC180B83
:1013E00053EC1B2B51EC190B01F01EFFDFF8C8A2C8
:1013F00041EC100B4FEA15580125FA4453EC102B21
:1014000051EC180B02F076F9032DC4E900013DD030
:10141000C1F30A5005EB4511A8EB000011398142D8
:1014200034DA0AEB051BB0EE48AA9BED000BF0EE98
:1014300068AA53EC102B51EC190B01F0F5FE41ECAE
:101440001B0B51EC1A0B53EC1B2B02F053F941EC24
:10145000180B51EC1A0B53EC182B02F04BF953EC10
:101460001B2B02F047F99BED020B41EC1A0B53ECDE
:10147000102B51EC190B01F0D7FE53EC1A2B02F094
:1014800039F941EC100B6D1CB8E70EE0002EA8BF37
:101490003846BFF628AF94ED000B51EC100B01F06D
:1014A000E3FAC4E9000178421DE7C6F3130040F4F3
:1014B000801EC6F30A50A0F2F530471100F01F0558
:1014C000C5F12000DDF848B0089000200690079094
:1014D0000520EC467949002D07EB0002794408BF4E
:1014E00051F8221009D051F8223001EB8201AB40B3
:1014F0004A68089922FA01F11943A1FB0E26A1FBC3
:101500000B131A449A4234BF0123002303EB06084D
:101510000CEB8003D3E901A60E448E4234BF0121B7
:10152000002192448A4411B1924502D903E09245C8
:1015300001D2012100E00021C3E901A641444CF899
:101540002010011EA0F10100C4DC029800F100503F
:10155000850F0298DDE903678000DDF8148001F053
:10156000B6FD41EC1A0B304601F0C8FD9FED541B4F
:1015700053EC112B01F058FE41EC1B0B384601F0E7
:10158000BDFD9FED511B53EC112B01F04DFE41ECC5
:10159000180B404601F0B2FD9FED4D1B53EC112B93
:1015A00001F042FE41EC190B51EC180B53EC192BD6
:1015B00001F098FA53EC1B2B01F094FA53EC1A2B20
:1015C00001F090FACDE90801002008909DED080B8C
:1015D00053EC1A2B51EC100B02F08CF853EC1B2B34
:1015E00002F088F853EC182B02F084F853EC192B16
:1015F00001F0A8FF9FED381B53EC112B01F014FEF6
:101600009FED370B41EC180B53EC102B9DED080BA5
:1016100051EC100B01F008FE53EC182B01F062FAAC
:101620009FED310B41EC180B53EC102B9DED080B8B
:1016300051EC100B01F0F8FD53EC182B01F052FAAD
:1016400041EC100B139810F0004F06D06D4251EC96
:10165000100B01F009FA41EC100B284684ED000B49
:1016600041E6000000000000000000000000000053
:10167000FB21E93F7CD9024000004054FB21F93FA7
:101680003163621A61B4D03DFB21F93F00000000D4
:101690000000601A61B4D03D7370032E8A19A33B19
:1016A000FB2139410000000083C8C96D305FE43F71
:1016B000000000000000E03FA2410000F0400000F8
:1016C000000000000000103E000000000000103C80
:1016D000000000000000103A182D4454FB21F93D91
:1016E0003326A611460B113C00000054FB21F93DA6
:1016F00010B52DED040B2DED088B82B0B0EE419AA4
:10170000F0EE619A0B9820F000449FED4BABB4F1E2
:10171000795F11DA9DED0A0B51EC100B01F036FCEC
:10172000002801BFB0EE4A0AF0EE6A0A02B0BDEC32
:10173000088B04BF04B010BD9DED0A0B53EC102BB9
:1017400051EC100B01F070FD41EC180B3C480621E8
:10175000B0EE480AF0EE680A784400F081F853ECE5
:10176000182B51EC100B01F05FFD9DED0A0B41ECC5
:101770001B0B53EC192B51EC100B01F055FD41ECF8
:10178000190B53EC1B2B51EC180B01F04DFD53ECD6
:10179000192B01F0AFFF9FED2C0B41EC190B53EC13
:1017A000102B51EC180B01F03FFD41EC100B2848B9
:1017B000844210DA53EC192B51EC100B01F09AFF14
:1017C00053EC1A2B01F0BEFE41EC100B02B0BDEC45
:1017D000088B04B010BD1F48A042BCBF9FED1E1B6C
:1017E0008DED001B06DBA4F5001001900020009099
:1017F0009DED001B51EC100B53EC112B01F07AFF07
:101800009DED000B41EC180B53EC102B51EC1A0B17
:1018100001F070FF41EC1A0B53EC192B51EC180B33
:1018200001F068FF53EC1A2B01F08CFE41EC100B19
:10183000CCE7000000000000000000000000F03FC6
:101840000C3E000000000000000000000000E03F2F
:101850003333D33F0000E93F000000000000D23FD7
:1018600070B504462DED028B4D1E00EBC500B0EEA9
:10187000408AF0EE608A90ED000B35F0060017D03C
:1018800053EC182B51EC100B01F0CEFC41EC100B7B
:101890006D1E04EBC50090ED001B51EC100B53ECDA
:1018A000112B01F01FF941EC100B35F00600E7D1C8
:1018B000022D36D0042D1CD0062D1CBFBDEC028B92
:1018C00070BD53EC182B51EC100B01F0ADFC94EDF6
:1018D0000A1B53EC112B01F005F953EC182B01F006
:1018E000A3FC94ED081B53EC112B01F0FBF841EC29
:1018F000100B53EC182B51EC100B01F095FC94EDF0
:10190000061B53EC112B01F0EDF853EC182B01F0F2
:101910008BFC94ED040B53EC102B01F0E3F841EC3D
:10192000100B53EC182B51EC100B01F07DFC94EDD7
:10193000021B53EC112B01F0D5F853EC182B01F0DE
:1019400073FC94ED001B53EC112B01F0CBF8BDECB4
:10195000028B41EC100B70BD31B504462DED040B2C
:101960002DED0A8BB0EE41BAF0EE61BA0B989DED09
:101970000A0B20F00040B0F1795F0DDA51EC100B4A
:10198000FEF772FA042808BF00F0CAF89DED0A0BB2
:10199000BDEC0A8B05B030BD53EC102B51EC100B95
:1019A00001F042FC41EC180B9DED0A0B53EC182B97
:1019B00051EC100B01F038FC41EC190B2C48B0EE47
:1019C000480AF0EE680A05217844FFF749FF9FEDC9
:1019D0002ACBB0EE40AAF0EE60AA9CB353EC1C2BCD
:1019E00051EC190B01F020FC41EC1C0B53EC1A2BB1
:1019F00051EC190B01F018FC9FED210B41EC190B78
:101A000053EC102B51EC1B0B01F00EFC53EC192B7B
:101A100001F070FE53EC182B01F006FC53EC1B2B6D
:101A200001F068FE53EC1C2B01F064FE9DED0A1BD7
:101A300053EC112B01F086FDBDEC0A8B05B041EC97
:101A4000100B30BDFFE753EC1A2B51EC180B01F0D3
:101A5000EBFB53EC1C2B01F045F853EC192B01F078
:101A6000E3FB9DED0A1B53EC112B01F03BF8E3E780
:101A7000A43C000000000000495555555555C5BF10
:101A8000000000000000E03F9FED070B10B553EC95
:101A9000102B9FED070B51EC100B01F0DFF841EC20
:101AA000100B10BD0000000000000000000000004E
:101AB000000000000000F03F10B553EC102B51EC7B
:101AC000100B01F00FF841EC100B10BD10B553ECEA
:101AD000112B51EC100B01F005F841EC100B10BD6F
:101AE0009FED050B10B553EC102B51EC100B01F0D2
:101AF000B5F841EC100B10BD000000000000000024
:101B00009FED050B10B553EC102B51EC100B01F0B1
:101B10008BFB41EC100B10BD0000000000000070BA
:101B20009FED050B10B553EC102B51EC100B01F091
:101B30007BFB41EC100B10BD00000000000000100A
:101B400030380A2801D2012070470020704710B5B4
:101B500041EC100BFEF7F0F951EC100B10BD002911
:101B600005D08A7802814968002900D0084770476B
:101B700030B40389082B1FD2DFE803F00406090CF8
:101B80000F1214170D4A12E00C4A38320FE00B4ABC
:101B900070320CE0094AA83209E0084AE03206E057
:101BA000074A04E0064A383201E0054A703230BC88
:101BB00002EBC101FFF7D3BF30BC7047C8790420E6
:101BC000E07A04203EB5E8F775F80546E8F768F8CE
:101BD000104C216BD9B1104AE16A01B110210F4BB1
:101BE0001B791B0700D50021C4F8B4510123CDE9AE
:101BF00000130292216840228BB281B20848F0F7AC
:101C000067F8DFF735FFA8B2606300203EBD002211
:101C1000E2E70000A8EC042000710200603D002013
:101C2000A8F404202DE9F0471646984604004FF02A
:101C3000FF3A26D029BB606818B3EFF3108572B65F
:101C4000A76AE06A236B616BFA1A70EB010216D384
:101C5000B7EB030960EB010CB9EB06027CEB080C57
:101C60000DD313EB060C41EB0801B7EB0C026768D0
:101C700060EB010091460023BA1A834104D205B9F2
:101C800062B65046BDE8F087C4F830C06163626850
:101C900000236046DEF7D2FBE260C4F8189056EAF3
:101CA000080603D0206840F40070206005B962B6D1
:101CB0000020E7E730B1EFF3108272B6836AC16AA1
:101CC0001AB103E000200146704762B6184670471B
:101CD000426081630021016000F00AB942608163C3
:101CE0000021016000F004B92DE9FF5F82B00023FC
:101CF000DDE910A2129C994698460AB1C2E9003368
:101D000014B10022C4E900224FF0FF32D8B1D1B99A
:101D10004168C1B1BAF1000F02D04368534501D206
:101D20004FF0010AEFF31081019172B6876AC66A1B
:101D3000016B436B8B46791A009376EB030106D255
:101D4000019800B962B6104606B0BDE8F09F1A4689
:101D5000B7EB0B0366EB02020CB1C4E90032446836
:101D60000021E41A71EB020421D242688846BC1AB1
:101D700066EB08010D46524600232046DEF75EFB67
:101D800052EA030005D0BAEB020168EB03000C191C
:101D90004541381B76EB050001D23C463546009A9A
:101DA000B4EB0B0965EB02083B1B66EB0502DDE9B2
:101DB0000445B9EB040078EB050104D2B4EB09004B
:101DC00065EB080101E000200146C41A71EB020432
:101DD00001D31846114605460C4652460023DEF74D
:101DE0002DFBA81A119A64EB030132B119EB000321
:101DF000119848EB0102C0E90032019800B962B6BF
:101E000059EA080001D001209EE700209CE72DE957
:101E1000FF5F9046039B0E9A13B10024C3E9004470
:101E200012B10023C2E900334FF0FF33D8B1D1B96A
:101E30004168C1B1B8F1000F02D04468444501D2F5
:101E40004FF00108EFF3108B72B6876AC66A016B18
:101E5000D0F834A08946791A76EB0A0107D2BBF193
:101E6000000F00D162B6184604B0BDE8F09FB7EB92
:101E7000090366EB0A010AB1C2E9003142684FF07A
:101E8000000CD21A7CEB010105D3BBF1000F00D18D
:101E900062B60020E8E740683C1A66EB0C05404655
:101EA000B8F1010F0FD90246002320462946DEF77C
:101EB000C5FA52EA030006D00020B8EB020160EB3D
:101EC00003000C194541381B76EB050001D23C4656
:101ED0003546039830B10398B4EB090265EB0A0567
:101EE000C0E90025BBF1000F00D162B60120BBE7BD
:101EF00030B500281FD04268002A1CD04268B1FBD0
:101F0000F2F302FB1312EFF3108472B68260002525
:101F10008262C56202634563294600EB8103DA6091
:101F20009D61491C0329F8DB016821F400710160FF
:101F3000002C00D162B630BD2DE9F0410D46040001
:101F400018D0032D16D26068002813D0EFF3108646
:101F500072B6A06AE16A0DB9206361636268002706
:101F60003B46DEF76BFA04EB8500C2608761002E0A
:101F700000D162B6BDE8F0812DE9F84F050036D0FA
:101F80002848016841F080710160DFF89C80D8F832
:101F9000000040F00100C8F80000D8F80000DFF8A9
:101FA0008C90C0F300004FF47A7A4FF47A5B58B10A
:101FB000F2F72CFE0746D8F804603C46D9F800102A
:101FC000B1FBFAF0A8B115E0D9F80010B1FBFAF0B6
:101FD00000B958460021C30807E0009300E000BFA5
:101FE0000098421E0092FAD2491CA942F5D3BDE8DE
:101FF000F88F5846A91C00FB01F90CE0F2F706FE29
:10200000A04203D00446D8F8046004E0D8F80400E5
:10201000811B4945EBD8F2F7F9FDC01BA842EDD36F
:10202000E5E70000FCED00E0001000E0C8740420CB
:1020300082B0CDE9000121F0004001909DED000B40
:1020400002B051EC100B704700290AD0B0F868219B
:102050008A78A0F868214968002902D0B0F8682180
:102060000847704710B504460020B4F86821062AD6
:102070001FD2DFE802F003050E11191C0F4801E022
:102080000E48383000EBC1012046BDE81040FFF794
:10209000DBBF0A48703001E00848A83000EBC101FE
:1020A0002046FFF7D1FF06E00448E030F6E7044899
:1020B000F4E7002801D0B4F8680110BD18780420B6
:1020C000307904201FB5F649F4480860F4F704FDA0
:1020D00062B6F348F430016841F080710160F14864
:1020E00000254560016841F001010160BFF34F8F99
:1020F000BFF36F8FF3F798FBFCF7AAFE40F20110D5
:10210000DFF7B4FBE948E849E94C0160A0F19C0124
:1021100061644831C4E90F1078306060B030A0606D
:10212000A0F58470206000F5F87060624830A0620D
:10213000903860610C21A1850820E0852086DD486B
:10214000A0614838E061A0F590702062618600F5DA
:10215000FC7060634838A0632146D748EFF7B2FBB4
:102160004FF48170DFF782FBFBF764FCFBF7BCFBED
:1021700040F20310DFF77AFBD04E35708DF8005037
:102180006846FCF77BFB012728B19DF80000012879
:1021900002D0022800D037704FF48270DFF766FB60
:1021A000FCF7BAFBC44E012086F8F002A6F81253E1
:1021B0003046FCF75BFC08B1F1F7FCFBFCF702F8DA
:1021C000FBF79EFFFCF774F8FCF742F8BC48BD4AE9
:1021D000818BC06889B2CDE90201CDE90027B349FE
:1021E000D4E909239C39B848DEF7E2FE0020014615
:1021F0000090B64BB64AB748E5F70CFE0023B64A46
:102200000121B448E5F7F2FDAF4A0023283202214C
:10221000B048E5F7EBFD0023B04A0321AD48E5F7F0
:10222000E5FDAFA0D0E90010CDE90010AE48016097
:10223000BDF8041081809DF806108171EBF768FDF0
:10224000EBF73EFD9A499C48EFF73CFBFCF770F832
:10225000E0F716F8002207212920F3F773FB292065
:10226000F3F762FBA148016841F400510160DFF817
:102270008092A04DB246DFF88082FCF74DFB9F486C
:10228000EFF7B8FD0120E4F717FAB5F89802022835
:1022900008D1FCF7FCFC28B1DAF8E012504621F036
:1022A000040104E0DAF8E012504641F00401C0F8FD
:1022B000E012044614E00120FCF7C4FEFBF79CFA90
:1022C000DFF734FA30B1D4F8E00220F00400C4F8AB
:1022D000E00205E0DFF73CFAE4F780FFEFF728F9CA
:1022E000D4F8E0024007E6D48548016821F4C051E3
:1022F000016083494FF4C050143108602820F3F77F
:1023000002FBEFF7ADFCEFF7FFFAE5F7B7F8FBF7E5
:102310004DFCE8F7E7FFFCF70BF8DFF7B1FF41F200
:102320000200DFF7A3FAEBF727FF41F20300DFF724
:102330009DFA00210820E9F795F90820E8F798FFB1
:10234000E4F74CFF0020E4F7B7F9D4F8E012A24616
:1023500041F04001C4F8E01241F20400DFF786FAD0
:10236000DFF7F6F9ECF7F6F8E9F7DAFBEBF7E0F868
:10237000EDF7F2F8E9F75CF84F48EEF7F9FF564849
:102380006038007928B154486038E4F7C0FEE1F7BE
:10239000CFFBEEF741FAECF7B3F90028E0D14D4E50
:1023A00096F87D000028DBD196F87C000028D7D174
:1023B000B6F868010428D3D0B6F85E0001280ED024
:1023C000D8F80000A8B34F4CB9F8B00243F6982BE8
:1023D000C0F30016DAF8E002C00750D145E04A48E1
:1023E000006838B3B6F8600088B1D6F88010496844
:1023F0004908D6F8802089B292698A422BD2B5F872
:102400009812022906D0002440B12CB106E04FF406
:102410000061EEE70124F7E7F4F799FE0121084691
:10242000F3F7E6FAB6F86000A8B1A4B9F4F754FBE4
:1024300011E015E0FFE7D6F8EC008069716E884284
:1024400009D2B6F8600008B1F4F781FE0121084610
:10245000F3F7CEFAEAE7F2F7D9FBC8F800007FE716
:10246000F2F7D4FBC8F8000075E099F8980240062E
:1024700005D422480188490703D4C08C08B101273C
:1024800000E000272048406B18B90B48EFF736FAF8
:1024900018B10020D0B3D6B33DE039E00000020807
:1024A00008ED00E0001000E000280040CCA500206E
:1024B00058E10420B4A80020A8F404200000002063
:1024C0008074042000710200F83C0020A8EB042076
:1024D00068EB0420B0020020C03D002028EC04205E
:1024E00043453634585F0000380100201808024088
:1024F000F0CE04202836002088020020C8380020B2
:10250000003C0140C0270900A8EC042003E001E0E2
:102510000120BFE75C461FB1F2F778FBC8F8000066
:102520003E4318D1F2F772FBD8F800104646401A25
:10253000A04210D3B5F89802022806D1FCF7A7FBF9
:1025400018B1F2F763FB306005E0DAF8E01241F011
:102550000401CAF8E01201210846F3F749FADAF853
:10256000E00240077FF57BAF6420F2F70BF900240F
:10257000C8F80040E4F732FE0248EFF709FBCAF85A
:10258000E0427AE6A8F404200EB54FF47A738DE8A1
:102590000E0002460123D1210148F2F735FE0EBD9F
:1025A00078A50020F8B50D46044600F03FF99D4996
:1025B000886940F4802088619B49062708684006A6
:1025C00003D4086840F040000860002242F2107610
:1025D000334600E000BF8868800706D45B1E581CA5
:1025E000F8D102E0C8688DF800008868C007F9D10A
:1025F000A05C0873304600E000BF8B68DB0701D1A8
:10260000401EF9D28868C00705D0C8688DF8000060
:10261000521CBA42DCDB324600240868FF23400625
:1026200003D4086840F040000860304600E000BF76
:102630008F68BF0701D4401EF9D28868C0070AD04E
:10264000C8688DF800008868C00702D0C8688DF897
:1026500000009DF800000B73B44600E000BF8868DE
:10266000C00702D1BCF1010CF8D28868C0070AD0BB
:10267000C868C0B2FF2808D002B148B100F0D6F84F
:102680004FF0FF30F8BD2046F4E7521EC5D1F5E704
:10269000334637460A68FF20520603D40A6842F0E0
:1026A00040020A603E4600E000BF8A68920701D4FB
:1026B000761EF9D28A68D2070AD0CA688DF800203F
:1026C0008A68D20702D0CA688DF800209DF80020E1
:1026D0000873384600E000BF8A68D20701D1401E67
:1026E000F9D28868C0070BD0C868C0B2FF2809D0EB
:1026F0000BB1FE2809D000F099F86FF00100F8BD89
:102700002046F3E75B1EC5D1F5E700200A68FF23EA
:10271000520603D40A6842F040020A603E4600E0D6
:1027200000BF8A68920701D4761EF9D28A68D20760
:102730000AD0CA688DF800208A68D20702D0CA6819
:102740008DF800209DF800200B733A4600E000BF92
:102750008B68DB0701D1521EF9D28A68D2070FD0ED
:10276000CA68D2B22A54401C4028CFD30868FF233D
:10277000400603D4086840F040000860384602E094
:102780002246EFE700BF8A68920701D4401EF9D2C3
:102790008868C0070AD0C8688DF800008868C0073C
:1027A00002D0C8688DF800009DF800000B73384611
:1027B00000E000BF8A68D20701D1401EF9D28868C4
:1027C000C00700D0C8680868FF23400603D4086823
:1027D00040F040000860384600E000BF8A68920779
:1027E00001D4401EF9D28868C0070AD0C8688DF8A5
:1027F00000008868C00702D0C8688DF800009DF806
:1028000000000B7300E000BF8868C00701D17F1E85
:10281000F9D28868C00700D0C86800F007F8002027
:10282000F8BD0000000002400030014018B5194812
:10283000816941F004018161174AFF241068400654
:1028400003D4106840F04000106042F21071084656
:1028500000E000BF93689B0701D4401EF9D2906846
:10286000C0070AD0D0688DF800009068C00702D079
:10287000D0688DF800009DF80000147300E000BFE0
:102880009068C00701D1491EF9D29068C00700D0F6
:10289000D06818BD000002400030014070B5144EF1
:1028A0001C4606EB4105002A00DB2A81002C0ADBCE
:1028B000082908D206EB8100846229B1E7F7F0F914
:1028C000B4FBF0F0288370BD3589E7F7E9F94201E0
:1028D00005B9402552B1A4FB050100184941002368
:1028E000DDF7ACFD80B23083346070BD0020FAE7C4
:1028F000A8EC042000B52DED048B83B041EC190B3E
:1029000000F02CFE41EC180B18EE100A18EE901A8D
:102910008DED008B002818BF0120084320F00040F7
:10292000C0F17F6000F1E040C00F14D019EE101A22
:1029300019EE900A8DED009B002918BF0121084374
:1029400020F00040C0F17F6000F1E040C00F04BF04
:102950000120DEF7ADF851EC180B03B0BDEC048B91
:1029600000BD70B50D46044600F018F85002E26153
:102970001A4600231946DDF761FD208401202074EA
:10298000256070BD70B51E46154604463246049B50
:10299000FFF7E7FF02202074656070BD002101761B
:1029A000417641617047000070EE600A10B510EE8C
:1029B000900A2DED028B11499FED118B884208DBA7
:1029C00010EE100A00F084FF53EC182B00F092FE7A
:1029D0000CE010EE900A0C4988420BD910EE100A58
:1029E00000F076FF53EC182B00F07CF800F048F86C
:1029F00000EE100ABDEC028B10BD0000DB0F494059
:102A0000112D4454FB211940DB0F49C01CB50BA10B
:102A1000D1E90021CDE9002100216A4600EB410304
:102A2000B3F85830545CA34202D04FF0FF301CBDC5
:102A3000491C0529F2DB00201CBD0000494E544111
:102A40004E00000013B584B04FF47A74012305A939
:102A50008DE81A000246D0210248F2F7BDFD06B00B
:102A600010BD000078A5002081F00041704780F083
:102A70000040704721F00041704720F0004070474F
:102A800021F0004201F00043A2F16052B2F5801F34
:102A900028BFD2F17F6C0BD95FEA001C43EAC20267
:102AA00042EB507018BF704728BF20F001007047FC
:102AB000B2F5801FBCBF184670474FEA410C1CF5A9
:102AC000001F02D2084600F081BF70B500F056FC2E
:102AD00000000089FFF7F6BF4FF00040A0F580002E
:102AE0007047000010B591EA030F48BF83F0004320
:102AF00000F10886841A71EB030C05D2121943EB1E
:102B00000C03001B61EB0C014FEA1154A4EB135CA6
:102B1000DFF81CE11EEA430F18BF9EEA445F00F095
:102B2000748021EA045123EA0E0343F48013DCF19C
:102B3000200E32D322FA0CFE10EB0E0023FA0CFE0C
:102B400041EB0E01CCF1200E03FA0EFE10EB0E004D
:102B5000CCF1200E51F10001B1F5801F32D201EB12
:102B6000045112FA0EF2BDE8104058BF7047401CE5
:102B700038BF5FEA420218BF7047002814BF20F038
:102B8000010041F100014FEA410313F5001F38BF76
:102B90007047A1F1C04100F03FBC012A43EB0302A2
:102BA000ACF1200CDCF11F0E32BF4FF0000E23FA07
:102BB0000CF310EB030041EB0451B4EB115FD0D0E8
:102BC000A1EB045101F58011490801EB04515FEAC2
:102BD00030000ED350F1000038BF12FA0EFE08D1BB
:102BE000BDE81040C9E7401C38BF5FEA4202CAD1C5
:102BF000C3E7BDE810404FEA410313F5001F38BF9B
:102C00007047A1F1C04100F007BC9EEA445F08D0C4
:102C100011EA5E0FBDE8104004BF01F00041002042
:102C20007047BDE8104070B500F0A8FB64FBBE3EE5
:102C30000000E0FF02494FF0000000F037BF00BF86
:102C40000000F87F491058BFC1F140415B1058BFE8
:102C5000C3F140438B42EFF3008070472DE9C04140
:102C600030B4DFF8A8C23CEA111418BF3CEA1314D0
:102C700000F0F0801CEA111481EA030544EAD574DF
:102C800018BF1CEA131500F0CB80A4EB050404F177
:102C90007F7404F500344FF0004545EAC12145EA50
:102CA000C32341EA505143EA52534FEAC0204FEA4E
:102CB000C222994208BF904200F0A0804FEA1365FB
:102CC0000FF24816765D4FEA134506FB05F7C7F18C
:102CD000807706FB07F74FEAD737A7FB03687642F2
:102CE000A7FB06CEC8F5803838BFA8F1010807FB5E
:102CF00008E6A6FB028C4FF0000EE6FB03CED8F1EF
:102D000000086FEA0C0C5CF1000C6FEA0E0E4EF13D
:102D1000004EA6FB0C584FF00007E6FB0E87A1FB08
:102D200008C6A0FB07CE16EB0E064FF0000545F1D6
:102D30000005E1FB076515F1E04E7EBFA4F5803488
:102D40005FEA46066D4116F1800745F100054FEA3E
:102D5000172747EA05674FEA15254FEA0666A6F1E9
:102D6000DE46B6F1805F20D9384605EBC47124F009
:102D7000010C01EB0C11BCF1FE6F02D8F0BCBDE8F8
:102D8000008124425CBF01F5801E9EEAC47F02D40C
:102D9000F0BCBDE80081244200F13980A1F1C041BE
:102DA000F0BCBDE8004100F037BB4FEAD02040EA5C
:102DB00041504FEAD1214FEAD22242EA43524FEA30
:102DC000D323A7FB028607FB036605FB02661EEA08
:102DD0000E0F58BFA6EB0056B6EB00564FEA520E48
:102DE0004EEAC37E18EB0E0E56EB530EBCD518EB15
:102DF00002085E417F1C55F10005B5E74FF48015D0
:102E00004FF000074FF000064FF00008ACE701F16B
:102E1000C04101F000414FF00000F0BCBDE800816E
:102E20000CEA131511EA0C1F00D00CE013EA0C1F7A
:102E300000F025804FF0000081EA030101F000411D
:102E4000F0BCBDE80081F0BCBDE8004181EA0301AF
:102E500000F0E2BAF0BCBDE8004170B500F08EFAB7
:102E6000097EFC3E00F007B84FF0000081EA030144
:102E700001F00041704781EA030100F0CDBAF0BCD7
:102E8000BDE8004122494FF000007047FFFDFBF90B
:102E9000F7F5F4F2F0EEEDEBE9E8E6E4E3E1E0DE8D
:102EA000DDDBDAD8D7D5D4D3D1D0CFCDCCCBCAC8FF
:102EB000C7C6C5C4C2C1C0BFBEBDBCBBBAB9B8B726
:102EC000B6B5B4B3B2B1B0AFAEADACABAAA9A8A819
:102ED000A7A6A5A4A3A3A2A1A09F9F9E9D9C9C9BE7
:102EE0009A99999897979695959493939291919092
:102EF0008F8F8E8E8D8C8C8B8B8A89898888878723
:102F00008685858484838382828181800000FF0797
:102F10000000F87F51EA030C17D41CF5801F58BF3E
:102F2000BCF5801F00F10680994218BF704708BFAA
:102F30009042704707D711F5801F58BF13F5801FC7
:102F400019D499427047894270471CF5801F08D5F3
:102F5000BCF5801FF7D58B4218BF704708BF82426F
:102F600070474FF4001C1CEB410F38BF1CEB430FA4
:102F700001D28B42704770B500F000FA92244900EC
:102F80004FF000514FF08053FFF75CBE4FEA410312
:102F90004FEA5353A3F58063D3F11E03C8BFD3F1A7
:102FA000210C0CDD4FF0004242EAC12242EA5052AD
:102FB00032FA03FC8CEAE17CACEBE1707047102B39
:102FC000C4BF0020704703F5787CBCF1FF3F04D0FC
:102FD0006FF0004282EA2100704770B500F0CEF930
:102FE0004992248000207047F2E700004FEA410335
:102FF0004FEA5353A3F58063D3F11E03C8BFD3F147
:10300000210C20DD4FF0004242EAC12242EA505238
:1030100032FA03FC0DD362FA03F282EA0C021CF1CD
:10302000010C0BD64FEA420252EAC02208BF2CF034
:10303000010C8CEAE17CACEBE1707047094258BFAF
:10304000ACF1010CF5E7102BC4BF0020704703F56D
:10305000787CBCF1FF3F04D06FF0004282EA21008F
:10306000704770B500F08AF94992248000207047BB
:10307000F2E700004FEA1153A3F58063D3F11E037A
:10308000A8BFD3F1200C08DB4FF0004242EAC12276
:1030900052EA505232FA03F0704709420BD4102B17
:1030A000C4BF0020704703F5787CBCF1FF3F05D01A
:1030B0004FF0FF3070474FF00000704770B500F0E0
:1030C0005DF900BF4992248000207047F0E710F0BE
:1030D000004248BF4042B0FA80F310FA03F10AD030
:1030E000C3F11D0303F5806302EB03524FEA415025
:1030F00002EBD12170474FF000007047B0FA80F327
:1031000010FA03F10AD0C3F11D0303F580634FEAFF
:1031100003524FEA415002EBD12170474FF00000BB
:1031200070470000B1FA81F30B3B20D3994010D1D6
:10313000B0FA80F310FA03F108BF7047C3F11D0322
:1031400003F580634FEAD1224FEA415002EB03516D
:103150007047C3F1200C20FA0CFC41EA0C019840A6
:10316000C3F1320303F5806301EB03517047C3F1F0
:10317000320C0CF5806210B5C3F10004C4F1200ECE
:1031800001FA0EFC21FA04F100FA0EF3E04040EAE5
:103190000C00BDE8104001EB025138BF7047401CE5
:1031A00041F100015B0008BF20F001007047000002
:1031B00051EA030C17D41CF5801F58BFBCF5801FC3
:1031C00000F10680994218BF704708BF90427047CF
:1031D00007D711F5801F58BF13F5801F19D49942E6
:1031E0007047894270471CF5801F08D5BCF5801FC9
:1031F000F7D58B4218BF704708BF824270474FF423
:10320000001C1CEB410F38BF1CEB430F01D28B425B
:10321000704770B500F0B2F8922449004FF00051A9
:103220004FF08053FFF70EBD70B5DFF848C11CEAC0
:10323000111E1EBF1CEA13159EEA0C0F95EA0C0F17
:1032400000F06F8081EA03044EEAD47EAE4421EAA6
:103250004C1123EA4C1341F4801143F48013AEF176
:103260007F7EA1FB024CA0FB0365361955EB0C05D4
:10327000A1FB034C4CF10003A0FB021C16EB0C0657
:10328000654153F10003094218BF46F0010613F4EB
:10329000007F0BD14FEA03314FEA053041EA155167
:1032A00040EA165034036FF003020AE04FEAC321EC
:1032B0004FEAC52041EA555140EA5650F4026FF0FA
:1032C000020202EB2E4201EB025585EACE710AD0D2
:1032D0005FEA440C18BF24F0004450F1000041F1B3
:1032E000000120EAD47040F2FE7C624500D270BD3D
:1032F000A84214BF4FF080444FF04044002E08BF56
:103300000024BEF1806FA8BFA1F1C041BDE87040AC
:1033100080F2828001F1C04101F000414FF00000D5
:1033200070470CEA13159EEA0C0F18BF95EA0C0FB4
:1033300006D081EA030E4FF000000EF0004170BD90
:1033400000F01CF88900013E00F007B800F009B851
:103350004FEA430C5FEA5C5C08D081EA030100F0AD
:103360005BB84FEA410C5FEA5C5CF6D102494FF072
:10337000000070470000FF070000F87F0EF1020E0A
:103380002EF0030E5EF8046B364205D4012A43EB9F
:10339000030515F5001F12D8012841EB010C1CF59F
:1033A000001F0CD80ED14FEAD17C0CEB4C0C0CF169
:1033B000020C15F5001F08BF4CEBD37C04E04FF066
:1033C000080C01E04FEAD37C0CEB4C0526FA05F61D
:1033D00006F00706B6F1040C06D20EEB860CBDE82B
:1033E00070404CF0010C6047DFE80CF0090B020262
:1033F0004FF00041A1F500214FF0000070BD1946CB
:103400001046012851EB010418BFD4F5001484BF05
:10341000002001F0004170BD0808A0F500114FEA3E
:103420003101704753EA010C17D41CF5801F58BFB7
:10343000BCF5801F00F106808B4218BF704708BFA3
:103440008242704707D713F5801F58BF11F5801FC0
:1034500019D48B4270479B4270471CF5801F08D5DA
:10346000BCF5801FF7D5994218BF704708BF90423E
:1034700070474FF4001C1CEB430F38BF1CEB410F8F
:1034800001D2994270470FB40CBC03BCFFF7C1BE18
:103490005FEA410C5FEA5C5CACF580635B1C39D48D
:1034A000D3F1340240F34580B2F1200314DA4FF037
:1034B000010C0CFA02FCACF10103034020EA03000A
:1034C000B3EB5C0208BF10EA0C0F98BF704710EB1B
:1034D0000C0041F1000170470AD0C3F1200201FA4B
:1034E00002FC01284CF1000021FA03F101FA03F17A
:1034F0004FF0010C0CFA03FCACF1010321EA0301CB
:10350000B0F1004F08BF11EA0C0F4FF0000088BF68
:1035100061447047B3F1FF3F28BF50EAC12C01F06E
:1035200000414FF0000084BF41F07C5141F4700134
:103530007047B3F5806FB8BF704770B5FFF71EFFD7
:1035400040DBB6BE10B591EA030F81F000413FF5B4
:10355000D1AA83F0004300F0D5B800002DE9F04176
:1035600001F5801CBCF5001FC0F2A9804FEA115C78
:1035700021EA0C5141F480110CF1FD0C5FEA5C0C66
:103580000CF5C07C01D340004941890241EA9051C9
:1035900087022EA48E0EA45D0A0C04FB04F602FB27
:1035A00006F6C6F14046A4FB0662F60D46EA422640
:1035B00006FB06F4A4FB01235242C3F1404338BF8B
:1035C0005B1EA6FB02420024E6FB0324D20B42EA68
:1035D0004446A6FB0623A1FB02E2A3FB07E4E3FBB0
:1035E00061426442C2F1404E38BFAEF1010EA6FB0B
:1035F00004234FF00002E6FB0E32A2FB0346340028
:10360000E2FB6264A1FB06E6A4FB07E8E4FB616859
:103610007642C8F1405838BFA8F10108A2FB06E481
:10362000A3FB08E5E2FB6854A1FB05E6A7FB04E861
:10363000E1FB648618F1200556F10006A80940EA6E
:103640008660B109A8F11B0808F03F08B8F10A0F1D
:103650001CD901EB0C51BDE8F08100BFFCF5EEE890
:10366000E2DDD8D3CFCBC7C3C0BDB9B6B4B1AEAC21
:10367000A9A7A5A3A19F9D9B9A9896959392908F99
:103680008D8C8B898887868584838281A0FB0068E6
:1036900000FB01F208EB4208B8EB872807D5341885
:1036A00058EB0104D5D5401C51F10001D1E7341A83
:1036B00078EB0104CDD4401E71F10001C9E75FEA47
:1036C0004C0C5FEA9C5C0DD105D301F000414FF03A
:1036D0000000BDE8F081BDE8F04170B5FFF74EFE97
:1036E0006DDBFFBEBDE8F04101494FF000007047BF
:1036F0000000F87F10B591EA030F48BF83F0004344
:103700003FF5F8A9841A71EB030C07D28CF0004C3A
:10371000121943EB0C03001B61EB0C014FEA11542F
:10372000A4EB135CDFF8A4E11EEA430F18BF9EEA86
:10373000445F00F0B48021EA045123EA6E03524250
:10374000C3EB6E0338BF5B1EDCF1200E25D322FADB
:103750000CFE10EB0E0043FA0CFE41EB0E01CCF117
:10376000200E03FA0EFE10EB0E00CCF1200E51F1EC
:10377000000129D401EB045112FA0EF2BDE8104009
:1037800058BF7047401C1CBFB2F1004F7047002863
:103790000CBF491C20F00100704712EB020E43EBF6
:1037A000030218BF4FF0010E4EEA4202ACF1200CAA
:1037B000DCF11E0E56D943FA0CFE10EB0E00CCF1D4
:1037C0001E0E51F1FF31D5D50EF1010E12FA0EFE8B
:1037D000404141EB010101EB445C5FEA5C5C10D9C4
:1037E00001EB045110EBDE7038BFBEF1004FBDE8B5
:1037F000104018BF704700280CBF491C20F0010082
:10380000704734D24FEAD42C24F4006411F500112F
:103810001BD0B1FA81F20B3AA41AA41ED2F12003F4
:10382000914030FA03F31943904001EBCC7101EB66
:103830000451002CBDE81040A8BF704701F1C04101
:1038400001F000414FF000007047B0FA80F310FA29
:1038500003F102D1BDE810407047E41A173C480557
:10386000C90AE2E701EB0451BDE810407047491076
:103870004FEA300001EB0451BDE8104002E04FF088
:10388000000170474A0008BF0042F8D0B2F5001F9F
:1038900028BF704701F000414FF0000070479EEADA
:1038A000445F07D011EA5E0FBDE8104004BF00215D
:1038B00000207047BDE8104070B5FFF75FFD00BF06
:1038C00040DFF63E104683F0004170470000E0FF05
:1038D00043004FEAD30C4FEA3C0C43401FBF400764
:1038E0000CF1605113F0FE4F70471CF0006F03D1D4
:1038F0000CF00041002070470CF0004343EA507088
:1039000040EACC0010B500F00EF800BF00000092B5
:103910004FEA0001FFF780BD4FF00041A1F5002103
:103920004FF0000070470EF1020E2EF0030E5EF80D
:10393000044B244204D44FEA4102B2F17F4F11D824
:103940004FEA4003B3F17F4F0CD80ED14FEAD07C41
:103950000CEB4C0C0CF1020CB2F17F4F08BF4CEB9E
:10396000D17C04E04FF0080C01E04FEAD17C0CEB75
:103970004C0324FA03F404F00704B4F1040C06D257
:103980000EEB840CBDE810404CF0010C6047DFE802
:103990000CF0070802024FF00040A0F5800010BDB7
:1039A0000846420018BFD2F1807288BF00F0004084
:1039B00010BDF1EE100A4FF6FF71C0F2C03120EADF
:1039C000010040F04070E1EE100A7047FF2141EA2B
:1039D000D050C005704700000A154FEAC12343EAE2
:1039E00050534FEAC02C18BF43F000431BD4A2F23F
:1039F0004E02D2F57C72C0F22080502AA8BF50221D
:103A000023FA02F12CFA02F0D2F1200260B484BF52
:103A100003FA02F52843C2F100029CBF23FA02F523
:103A2000284360BC704701F1804212F5801F04DA20
:103A30004FF000004FF00001704770B5FFF79EFC9B
:103A400049922480002001E06FEAE170014670474E
:103A5000C2154FEA002318BF43F000430ED4D2F141
:103A6000BE0215D323FA02F1B2F1200C2EBF23FAC5
:103A70000CF0C2F1200C03FA0CF070474FEA400C36
:103A8000BCF1FE4F04D24FF000004FF00001704730
:103A900010B5FFF748FF00BF922449804FF00001A6
:103AA000002070476FEAE070014670470CF00F038A
:103AB000092B08BF082000F059800A2B0BD0082BD7
:103AC00018BF704708BF1CF0400F0AD04FF000002D
:103AD0004FF0000170471CF0400F18BF4FF000403E
:103AE00070471CF0100F08D000F07F4220F07043A8
:103AF00042EAD3014FEA4370704700F0604021F082
:103B00007F4242EA000201F07F4040EA7270704753
:103B10004FF0FF0C4CF4E06C1CEA11531CBF9CEA04
:103B2000030C9445C2BFDA4201EB02517047002BEF
:103B30000DD0BCF1000F0FD001F00041002AA4BF4E
:103B400041F0E04141F07F614FF00000704701F02B
:103B500000414FF00000704750EA01334FF09B0CDA
:103B600018BF4CF0806C7FF465A870471CF4801F70
:103B700011D01CF4E02F03D06FEACC31490070471C
:103B80004FF04050EFF3008222F0704242EA000210
:103B900082F3008870474FF000007047010000007A
:103BA0000300000001000000000000000000000011
:103BB0000000000000000000000000000000000005
:103BC00040530A3C00000000000000000000803F5D
:103BD000000000400000803F0000803F0000000027
:103BE000000000000000803F000000000000000016
:103BF0000000803F7AA5DCBFCCEE413F0000803F53
:103C000000000000000000000100000003000000B0
:103C100001000000000000000000000000000000A3
:103C20000000000000000000000000003064F53CCF
:103C300000000000000000000000803F0000004085
:103C40000000803F0000803F0000000000000000F6
:103C50000000803F00000000000000000000803FE6
:103C60003A23BABF99F5123F0000803F00000000E0
:103C7000000000000100000003000000010000003F
:103C80000000000000000000000000000000000034
:103C90000000000000000000C3F2C73D000000006B
:103CA000000000000000803F000000400000803F56
:103CB0000000803F00000000000000000000803F86
:103CC00000000000000000000000803FFF5B71BFAB
:103CD0003BAAAA3E0000803F000000000000000058
:103CE00001000000030000000100000000000000CF
:103CF00000000000000000000000000000000000C4
:103D000000000000AEF5953E00000000000000003D
:103D10000000803F000000400000803F0000803F26
:103D2000000000000000000001000000030000008F
:103D30000100000000000000000000000000000082
:103D40000000000000000000000000000000803FB4
:103D500000000000000000000000803F0000004064
:103D60000000803F0000803F0000000000000000D5
:103D70000000803F00000000000000000000803FC5
:103D8000000000400000803F0000803F0000000075
:103D90000000000000000000000000000000000023
:103DA0000000000000000000000000000000000013
:103DB0000000000000000000000000000000000003
:103DC00000000000000000000000000000000000F3
:103DD00000000000000000000000000000000000E3
:103DE00000000000000000000000000000000000D3
:103DF00000000000000000000000000000000000C3
:103E000000000000000000000000000000000000B2
:103E100000000000000000000000000000000000A2
:103E20000000000000000000000000000000000092
:103E30000000000000000000000000000000000082
:103E40000000000000000000000000000000000072
:103E50000000000000000000000000000000000062
:103E60000000000000000000000000000000000052
:103E70000000000000000000000000000000000042
:103E80000000000000000000000000000000000032
:103E90000000000000000000000000000000000022
:103EA0000000000000000000000000000000000012
:103EB0000000000000000000000000000000000002
:103EC00000000000000000000000000000000000F2
:103ED00000000000000000000000000000000000E2
:103EE00000000000000000000000000000000000D2
:103EF00000000000000000000000000000000000C2
:103F000000000000000000000000000000000000B1
:103F100000000000000000000000000000000000A1
:103F20000000000000000000000000000000000091
:103F30000000000000000000000000000000000081
:103F40000000000000000000000000000000000071
:103F50000000000000000000000000000000000061
:103F60000000000000000000000000000000000051
:103F70000000000000000000000000000000000041
:103F80000000000000000000000000000000000031
:103F9000000000003C485645523E003C5245534507
:103FA000543E00003C313E00AD900000AD000000EA
:103FB00068EB0420A8EB0420303132333435363737
:103FC0003839414243444546003031323334353686
:103FD0003738394142434445460000008100000023
:103FE00000000000000000000000000068EB04205A
:103FF000A8EB042028EC0420203D0020C03D002038
:10400000AD510000000000000000000000000000B2
:1040100000000000000000000000000000000000A0
:104020000000000000000000000000000000000090
:104030000000000000000000000000000000000080
:104040000000000000000000000000000000000070
:104050000000000000000000000000000000000060
:104060000000000000000000000000000000000050
:104070000000000000000000000000000000000040
:104080000000DADAAD53000000000000000000007C
:104090000000000000000000000000000000000020
:1040A0000000000000000000000000000000000010
:1040B0000000000000000000000000000000000000
:1040C00000000000000000000000000000000000F0
:1040D00000000000000000000000000000000000E0
:1040E00000000000000000000000000000000000D0
:1040F00000000000000000000000000000000000C0
:10410000000000000000DADAAD52000000000000FC
:10411000000000000000000000000000000000009F
:10412000000000000000000000000000000000008F
:10413000000000000000000000000000000000007F
:10414000000000000000000000000000000000006F
:10415000000000000000000000000000000000005F
:10416000000000000000000000000000000000004F
:10417000000000000000000000000000000000003F
:10418000000000000000000000000000DADA00007B
:1041900000001008FFFF13080100000000001408D1
:1041A000FFFF1708020000000102030001000100E8
:1041B000000102030A0B0C0D000102030A0B0C0D97
:1041C00001020304050607080900000001000000C1
:1041D00003000000010000000000000000000000DB
:1041E00000000000000000000000000000000000CF
:1041F0009613233C00000000000000000000803FF8
:1042000000000000000080BF0000803F00000000B0
:10421000000000000000803F0000000000000000DF
:104220000000803F5D6DFDBF2EE77A3F0000803FBC
:10423000000000000000000001000000030000007A
:10424000010000000000000000000000000000006D
:104250000000000000000000000000009613233C56
:1042600000000000000000000000803F000000008F
:10427000000080BF0000803F000000000000000040
:104280000000803F00000000000000000000803FB0
:10429000B459FDBF2EE77A3F0000803F00000000C8
:1042A0000000000001000000030000000100000009
:1042B00000000000000000000000000000000000FE
:1042C000000000000000000082574B3C000000008E
:1042D000000000000000803F00000000000080BFE0
:1042E0000000803F00000000000000000000803F50
:1042F00000000000000000000000803F287EFCBF9E
:1043000065A5793F0000803F00000000000000002C
:104310000100000003000000010000000000000098
:10432000000000000000000000000000000000008D
:104330000000000091EE273D00000000000000009A
:104340000000803F00000000000080BF0000803FB0
:1043500000000000000000000000803F000000009E
:10436000000000000000803F014DF4BF0C026B3FD5
:104370000000803F0000000000000000010000007D
:104380000300000001000000000000000000000029
:10439000000000000000000000000000000000001D
:1043A00024B4E53D00000000000000000000803F54
:1043B00000000000000080BF0000803F00000000FF
:1043C000000000000000803F00000000000000002E
:1043D0000000803FF163DCBFF792463F0000803F62
:1043E00000000000000000000100000003000000C9
:1043F00001000000000000000000000000000000BC
:10440000000000000000000000000000B130443D4A
:1044100000000000000000000000803F00000000DD
:10442000000080BF0000803F00000000000000008E
:104430000000803F00000000000000000000803FFE
:104440002B18E5BFA779673F0000803F0000000000
:104450000000000001000000030000000100000057
:10446000000000000000000000000000000000004C
:10447000000000000000000076A7BB3D0000000027
:10448000000000000000803F00000000000080BF2E
:104490000000803F00000000000000000000803F9E
:1044A00000000000000000000000803F14D0CCBFDE
:1044B000DF15513F0000803F0000000000000000B9
:1044C00001000000030000000100000000000000E7
:1044D00000000000000000000000000000000000DC
:1044E00000000000C764313D000000000000000033
:1044F0000000803F00000000000080BF0000803FFF
:1045000000000000000000000000803F00000000EC
:10451000000000000000803F36CDF3BF46D3693F66
:104520000000803F000000000000000001000000CB
:104530000300000001000000000000000000000077
:10454000000000000000000000000000000000006B
:10455000137E893E00000000000000000000803F44
:1045600000000000000080BF0000803F000000004D
:10457000000000000000803F00000000000000007C
:104580000000803FA67E76BF8A02ED3E0000803F9D
:104590000000000000000000010000000300000017
:1045A000010000000000000000000000000000000A
:1045B0000000000000000000000000000534513E33
:1045C00000000000000000000000803F000000002C
:1045D000000080BF0000803F0000000000000000DD
:1045E0000000803F00000000000000000000803F4D
:1045F0003C4E99BFFE65173F0000803F0000000061
:1046000000000000010000000300000001000000A5
:10461000000000000000000000000000000000009A
:1046200000000000000000000000803F00000000CB
:10463000000000000000803F0000000000000000BB
:104640000000803F00000000000000000000803FEC
:1046500000000000000000000000803F000000009B
:10466000000000000000803F00000000000000008B
:104670000100000003000000010000000000000035
:10468000000000000000000000000000000000002A
:10469000000000009613233C000000000000000012
:1046A0000000803F0000803F000000000000803FCD
:1046B00000000000000000000000803F000000003B
:1046C000000000000000803F2EE77ABF00000000DD
:1046D0000000803F0000000000000000010000001A
:1046E00003000000010000000000000000000000C6
:1046F00000000000000000000000000000000000BA
:104700009613233C00000000000000000000803FE2
:104710000000803F000000000000803F000000001B
:10472000000000000000803F0000000000000000CA
:104730000000803F2EE77ABF000000000000803FAD
:104740000000000000000000010000000300000065
:104750000100000000000000000000000000000058
:104760000000000000000000000000005DE2C83C06
:1047700000000000000000000000803F0000803FBB
:10478000000000000000803F00000000000000006A
:104790000000803F00000000000000000000803F9B
:1047A0001D7273BF000000000000803F0000000089
:1047B00000000000010000000300000001000000F4
:1047C00000000000000000000000000000000000E9
:1047D00000000000000000008BDF143D000000001E
:1047E000000000000000803F0000803F000000004B
:1047F0000000803F00000000000000000000803F3B
:1048000000000000000000000000803F30646DBF29
:10481000000000000000803F0000000000000000D9
:104820000100000003000000010000000000000083
:104830000000000000000000000000000000000078
:1048400000000000E4D78F3D0000000000000000E1
:104850000000803F0000803F000000000000803F1B
:1048600000000000000000000000803F0000000089
:10487000000000000000803F280A5CBF000000002C
:104880000000803F00000000000000000100000068
:104890000300000001000000000000000000000014
:1048A0000000000000000000000000000000000008
:1048B00076A7BB3D00000000000000000000803F24
:1048C0000000803F000000000000803F000000006A
:1048D000000000000000803F000000000000000019
:1048E0000000803FDF1551BF000000000000803F46
:1048F00000000000000000000100000003000000B4
:1049000001000000000000000000000000000000A6
:1049100000000000000000000000000082574B3C37
:1049200000000000000000000000803F0000803F09
:10493000000000000000803F0000000000000000B8
:104940000000803F00000000000000000000803FE9
:1049500065A579BF000000000000803F0000000056
:104960000000000001000000030000000100000042
:104970000000000000000000000000000000000037
:1049800000000000000000004B1FFA3D0000000086
:10499000000000000000803F0000803F0000000099
:1049A0000000803F00000000000000000000803F89
:1049B00000000000000000000000803FD57841BFEB
:1049C000000000000000803F000000000000000028
:1049D00001000000030000000100000000000000D2
:1049E00000000000000000000000000000000000C7
:1049F0000000000024B4E53D0000000000000000BD
:104A00000000803F0000803F000000000000803F69
:104A100000000000000000000000803F00000000D7
:104A2000000000000000803FF79246BF0000000039
:104A30000000803F000000000000000001000000B6
:104A4000030000000100000003000000010000005E
:104A50000300000001000000000000000000000052
:104A60000000000000000000000000000000000046
:104A70000000000000000000000000000000000036
:104A80000000000000000000000000000000000026
:104A90008E1E1FBE00000000000000000000803FCE
:104AA00023DB81BF000000000000803F0000000009
:104AB000000000000000803FC65016BFF85377404A
:104AC0000000803F00000000000000000000803F68
:104AD000CA3204C0AEB6E23F0000803F00000000D2
:104AE000000000000000803F000000000000000007
:104AF0000000803F410E6ABF000000000000803FC0
:104B000000000000000000000000803F2D43BCBFFB
:104B1000598B273F0000803F00000000000000008C
:104B20000000803FF0BF6DBF5EF4353F0000803F66
:104B30000000000000000000010000000300000071
:104B4000010000000300000001000000030000005D
:104B50000100000000000000000000000000000054
:104B60000000000000000000000000000000000045
:104B70000000000000000000000000000000000035
:104B80000000000000000000000000006A4DF3BDBE
:104B900000000000000000000000803F2CD482BF15
:104BA000000000000000803F000000000000000046
:104BB0000000803FB5E045BDDE7172400000803FDF
:104BC00000000000000000000000803F583900C0D5
:104BD00071ACF33F0000803F0000000000000000C7
:104BE0000000803F00000000000000000000803F47
:104BF000DE9367BF000000000000803F000000005F
:104C0000000000000000803F36ABAEBFA6D5183FC5
:104C10000000803F00000000000000000000803F16
:104C2000F44F38BF09FE273F0000803F000000001E
:104C3000000000000100000003000000010000006F
:104C4000030000000100000003000000010000005C
:104C50000000000000000000000000000000000054
:104C60000000000000000000000000000000000044
:104C70000000000000000000000000000000000034
:104C80000000000000000000E201E5BD000000009F
:104C9000000000000000803FA30184BF000000006E
:104CA0000000803F00000000000000000000803F86
:104CB000BB0F283FF24163400000803F000000002E
:104CC000000000000000803F6C78F2BF857C04404B
:104CD0000000803F00000000000000000000803F56
:104CE00000000000000000000000803F49D764BFC2
:104CF000000000000000803F0000000000000000F5
:104D00000000803F1FF49CBFBD3A073F0000803F7A
:104D100000000000000000000000803F740CE8BEAE
:104D2000AA43163F0000803F000000000000000082
:104D3000010000000300000001000000030000006B
:104D40000100000000000000000000000000000062
:104D50000000000000000000000000000000000053
:104D60000000000000000000000000001F1153BE02
:104D700000000000000000000000803FA4DF86BFAC
:104D8000000000000000803F000000000000000064
:104D90000000803F2F8692BE418286400000803F07
:104DA00000000000000000000000803F0000000044
:104DB000000000000000803F6F4758BF0000000067
:104DC0000000803F00000000000000000000803F65
:104DD00014ED5ABFE76FE23E0000803F0000000084
:104DE00000000000010000000300000001000000BE
:104DF00000000000000000000000000000000000B3
:104E00000000000000000000B6DB2EBF0000000024
:104E1000000000000000803FC66D9CBF0000000045
:104E20000000803F00000000000000000000803F04
:104E300000000000000000000000803F43E25EBF71
:104E4000000000000000803F0000000000000000A3
:104E5000010000000300000001000000030000004A
:104E60000100000000000000000000000000000041
:104E70000000000000000000000000000000000032
:104E8000000000000000000000000000115312BFED
:104E900000000000000000000000803FB81E4D3FF1
:104EA000000000000000803F000000000000000043
:104EB0000000803F4BC8EFBF1591393F0000803F95
:104EC00000000000000000000000803F0000000023
:104ED000000000000000803FF569953D00000000E3
:104EE0000000803F00000000000000000000803F44
:104EF000A39292BF0B419E3E0000803F0000000045
:104F0000000000000100000003000000010000009C
:104F10000000000000000000000000000000000091
:104F20000000000000000000AEBB79BF00000000E0
:104F3000000000000000803F3B01F5BF3867343FB0
:104F40000000803F00000000000000000000803FE3
:104F500000000000000000000000803FC6166ABF8D
:104F60005DDC063E0000803F000000000000000005
:104F70000100000003000000010000000300000029
:104F80000100000000000000000000000000000020
:104F90000000000000000000000000000000000011
:104FA000000000000000000000000000809F51BED3
:104FB00000000000000000000000803FA4DF86BF6A
:104FC000000000000000803F000000000000000022
:104FD0000000803F2F8692BE418286400000803FC5
:104FE00000000000000000000000803F0000000002
:104FF000000000000000803F6F4758BF0000000025
:105000000000803F00000000000000000000803F22
:1050100014ED5ABFE76FE23E0000803F0000000041
:10502000000000000100000003000000010000007B
:105030000000000000000000000000000000000070
:105040000000000000000000CC0B68BF0000000062
:10505000000000000000803F3B01F5BF3867343F8F
:105060000000803F00000000000000000000803FC2
:1050700000000000000000000000803FC6166ABF6C
:105080005DDC063E0000803F0000000000000000E4
:10509000010000000300000001000000000000000B
:1050A0000000000000000000000000000000000000
:1050B0000000000030646DBF000000000000000030
:1050C0000000803F3B01F5BF3867343F0000803F60
:1050D00000000000000000000000803F0000000011
:1050E000000000000000803FC6166ABF5DDC063E7F
:1050F0000000803F0000000000000000640000008D
:1051000096000000C8000000FA0000002C0100001A
:10511000F4010000EE020000E8030000DC050000DE
:10512000D0070000C4090000B80B0000881300007D
:105130004C1D000010270000983A0000204E00008F
:10514000260000002C000000180000002A000000CB
:10515000060000001E000000290000002E000000D4
:10516000010000001B0000000D0000000300000013
:105170002100000016000000110000000B000000DC
:10518000080000001A000000110000000D000000DF
:105190000A000000090000000500000003000000F4
:1051A00002000000020000000100000001000000F9
:1051B00001000000000000000000000000000000EE
:1051C00000000000000000000500000008000000D2
:1051D0000700000005000000020000002B00000096
:1051E000240000001E000000170000002C0000003A
:1051F000190000000D00000025000000170000004D
:105200001000000008000000040000001F00000063
:1052100015000000100000000D0000000B00000051
:10522000060000000400000003000000020000006F
:10523000010000000100000001000000000000006B
:10524000000000000000000000000000000000005E
:1052500010000000380000000100000023000000E2
:10526000310000002C0000000900000008000000D0
:105270002A000000140000002800000012000000B6
:10528000050000003E000000360000003000000075
:105290002C000000220000001C000000190000008B
:1052A0001500000012000000110000000F000000B7
:1052B0000D0000003C000000360000002800000047
:1052C00011000000090000000600000004000000BA
:1052D00003000000020000000200000001000000C6
:1052E00001000000010000000000000000000000BC
:1052F00000000000000000000000000000000000AE
:10530000000000000000000000000000000000009D
:10531000000000000000000001000000000000008C
:10532000000000000000000000000000000000007D
:10533000000000000000000000000000000000006D
:10534000000000000000000000000000000000005D
:10535000000000000000000000000000000000004D
:10536000000000000000000000000000000000003D
:1053700000000000000000000000000078000000B5
:105380008C000000AF000000DC00000018010000ED
:105390005E010000B80100000D020000BC02000028
:1053A00020000000100000000800000008000000BD
:1053B00008000000040000000300000003000000DB
:1053C0000200000028000000280000002800000063
:1053D000200000001A000000120000001000000071
:1053E00007000000040000003FE8D02F2791823121
:1053F000713523333FE8D02F279182317135233324
:105400003FE8D02F279182317135233350000000BF
:10541000A0000000F000000050000000F0000000BC
:105420009001000000061016000610160000000093
:105430000000000001020304060708090000000044
:105440000102030400000000000000000000F03F23
:10545000000000000000F83F000000000000000015
:105460000000004003B8E23F000000000000000020
:1054700006D0CF43EBFD4C3E033333333333E33FAE
:10548000FFAB6FDBB66DDB3F4D268F515555D53FDA
:1054900001411DA96074D13F65DBC9934A86CD3FA8
:1054A000EF4E454A287ECA3F3E5555555555C53F96
:1054B00093BDBE166CC166BF2CDE25AF6A56113F88
:1054C000F16BD2C541BDBBBED0A4BE726937663E8A
:1054D0004FBB610567ACDD3F182D4454FB21E93F0C
:1054E0009BF681D20B73EF3F182D4454FB21F93FFB
:1054F000E2652F227F2B7A3C075C143326A6813C81
:10550000BDCBF07A8807703C075C143326A6913C2B
:10551000C4EB98999999C9BF711623FEC671BCBF97
:105520006D9A74AFF2B0B3BF9AFDDE522DDEADBFFF
:105530002F6C6A2C44B4A2BF0D5555555555D53F17
:10554000FF8300922449C23F6E204CC5CD45B73F32
:10555000513DD0A0660DB13FEB0D76244B7BA93FAA
:1055600011DA22E33AAD903F4C5555555555A53FBC
:105570007751C1166CC156BF9015CB19A001FA3EE8
:10558000AD529C804F7E92BEC4B1B4BD9EEE213E12
:10559000D43888BEE9FAA8BD000000000000000071
:1055A00000004054FB21F93F3163621A61B4D03DE1
:1055B0000000601A61B4D03D7370032E8A19A33BBA
:1055C0000000002E8A19A33BC14920259A837B390C
:1055D00000000000000000006E83F9A22915444E6F
:1055E000D15727FCC0DD34F5999562DB4190433CEF
:1055F000AB6351FE61C5BBDE3A6E24B7E0D24D42CB
:10560000EA2E49061C92D1091CEB1DFE3EA729B1CA
:10561000F53582E88444BB2E26709CE9417E5FB458
:1056200039D69139F43953838B5F849C3B28F9BD7B
:10563000FF97F81F0F9805DE8B112FEF1F6D0A5A89
:10564000CF7E366DB709CB27663F464F2DEA5F9E6A
:10565000C7BA27757BF1E5EBF739073DEA92528A25
:10566000B15FFB6B085D8D1F4630035600000000E4
:10567000A6F810111111813FD561C119A0012ABFEF
:105680007DFEB157E31DC73EEB9C2B8AE6E55ABE73
:105690007CD5CF5A3AD9E53D1857040800000020C0
:1056A000B00200003C02020850570408A87404200D
:1056B00024000000980202087857040800780420AB
:1056C000A00300003C02020850570408B00200206A
:1056D000C8B10000B80202085057040880B4002086
:1056E00024C00300B802020874570408CC740420D4
:1056F0001C020000B80202087457040864770420F2
:1057000078000000B802020800590408A07B0420B9
:1057100054840000B8020208012772017AFF0501D3
:105720003F42102324F4021F7D2924C11930326323
:105730006A3F922990190101700732434536345867
:105740005F0972AC01B80213010000000000000004
:105750000000000000000000000000000000000049
:105760000000000000000000000000000000000039
:105770000024F40000000000011A120115618B02E0
:10578000081301021BF38608720272037204720589
:105790006A06364A010819381008C5900208010245
:1057A000011B917D081303011BDF94081304012AD8
:1057B000C1085A052859385A02381A0238390813CC
:1057C00002023808417E0208020302383C02040249
:1057D00038140205041B59930859385A03384B03EF
:1057E00001993C030203705A03385A03385A0338AC
:1057F0005A03385A04C15B0401083B0204381A04F6
:10580000471B138A0859E01A0438390859385A05D1
:10581000704B0501F95B0502085A03081970390835
:1058200059705A053801381AD890295A495E011C16
:105830004998690711498721194059F169C161598E
:10584000985A0131140101025F616E0208010210D1
:105850005A03085A04081305011B656D2059385A6C
:1058600002611A023839081302034F556F02080209
:1058700003715A02703C020506385A02385A0391E5
:105880005B03010819295E2569020803385A0338A9
:105890005A03385A03385A04C15B0401081302053D
:1058A0001A2D205A04315B04040859385A04385A16
:1058B00005F15B05010819381A1FE85A05E05A0579
:1058C000E05A05381907511A0602390859F11A0623
:1058D000C11EE16C020806A72ADD0859A85A063144
:1058E0005A0638120749504C070107085A02085A4D
:1058F00003085A040859385A073881293EB2100063
:020000040814DE
:10000000434536345352563404000000800000004B
:1000100056414C4440000000C1A4876A0002140805
:10002000504F0200A2BBE23B00B400205D05140863
:1000300033E953BC66D87131DDA2DAD25591AD8F68
:10004000DCA20212EA2C50C68B3C3118841ADC98D0
:100050003F00000000000000000000000000000061
:100060000000000000000000000000000000000090
:100070000000000000000000000000007EAAC4E0B4
:1002000000B400205D05140885B415081505140810
:100210007BB41508ED0E1408DBF115080000000092
:1002200000000000000000000000000019C61508D2
:10023000D10115080000000001B61508E1CA150833
:10024000770514087705140877051408770514084E
:10025000770514087705140877051408CD021508EA
:10026000E502150841031508590315087705140818
:10027000A1FD1408ADFD140849FF14084DFF140832
:100280007DFF140889FF1408B90C140877051408B9
:1002900077051408770514087705140895031508E1
:1002A000F1CE1508770514087705140877051408AA
:1002B000C1D2150877051408770514087996150832
:1002C0006D96150877051408770514087705140846
:1002D0007705140809D81508770514087705140858
:1002E000D501150805B61508770514087705140813
:1002F00077051408CDD2150877051408D1FF140826
:10030000770514087705140877051408770514088D
:1003100045D61508770514087705140877051408DD
:100320006500150869001508B1001508B500150825
:10033000770514087705140877051408770514085D
:1003400077051408770514087705140891B4150883
:10035000ED001508F10015082101150891D81508C0
:10036000770514087705140877051408770514082D
:10037000770514087705140800000000000000004D
:10038000770514087705140877051408770514080D
:100390007705140877051408000000007705140895
:1003A000770514087705140800000000000000001D
:1003B000770514080000000000000000770514080D
:1003C00077051408770514087705140877051408CD
:1003D000770514087705140800F002F800F08AF891
:1003E00014A696E8000CB244B344DA4501D100F0FB
:1003F00081F8BAE80F000FA696E83000A5EB0405D7
:1004000004EB0607AAEB0704A7F101074FEA15154D
:100410004FEA3414A4F10104AC4201D300F06AF8AD
:1004200013F0010F18BFFB1A43F0010300F001F8AD
:10043000DBE71847D4490200644A02000A444FF03F
:10044000000C10F8013B13F0070408BF10F8014B33
:100450001D1108BF10F8015B641E05D010F8016B78
:10046000641E01F8016BF9D113F0080F1EBF10F8DC
:10047000014BAD1C0C1B09D16D1E58BF01F801CBFF
:10048000FAD505E014F8016B01F8016B6D1EF9D582
:100490009142D6D370470000103A24BF78C878C183
:1004A000FAD8520724BF30C830C144BF04680C607A
:1004B000704700007047000000230024002500263C
:1004C000103A28BF78C1FBD8520728BF30C148BFB7
:1004D0000B607047632900F06783732900F06C8319
:1004E000002070471FB522F004FE00F0C6F91FBDC2
:1004F00010B510BD00F0ABFB1146FFF7F3FF21F084
:1005000015FB00F0C9FB03B4FFF7F2FF03BC00F0DA
:10051000CDFB00001EF0040F0CBFEFF30880EFF3DB
:10052000098071460AF004B80B49D1F800C04A6846
:100530005CF8043B1068184442F8040B8C4528BF53
:10054000A1F1DC0C8A4228BFA1F1DC02C1F800C095
:100550004A6020F000407047187404200948804722
:1005600009480047FEE7FEE7FEE7FEE7FEE7FEE795
:10057000FEE7FEE7FEE7FEE704480549034A054BB0
:1005800070470000D5CE1508D90314082074042044
:1005900000B4002000AF002053EA020C00F0698094
:1005A0002DE9F04B4FF00006002B1FBFB3FA83F587
:1005B00003FA05F424FA05F65E4012BF1643B2FAB8
:1005C00082F502FA05F4C5F120051EBF22FA05FCEA
:1005D00044EA0C04203556EA044C4FEA144418BF90
:1005E000641C4FF000084FF00009904271EB030CBF
:1005F00039D3002919BFB1FA81F701FA07F6B0FA29
:1006000080F700FA07F6C7F120071EBF20FA07FCA3
:1006100046EA0C062037B6FBF4FCA7EB0507103FB3
:1006200007F01F0BCBF120062CFA06F60CFA0BFB99
:1006300044BFB3460026202FA4BF5E464FF0000BF8
:100640005BEA060C08BF4FF0010B19EB0B0948EBF6
:100650000608ABFB027C06FB02CC0BFB03CCC01BE9
:1006600071EB0C01C1E70B46024641464846BDE826
:10067000F08B13B5084318BF4FF0FF300146AFF3BE
:100680000080BDE81C407047B2F120030AD5C2F1DA
:10069000200301FA02F120FA03F341EA030100FA10
:1006A00002F0704700FA03F14FF0000070470000BD
:1006B0000FB41CB50C0007AA009007D04142A1421C
:1006C00002D32044401E01E04FF0FF30074B7B4433
:1006D00069460190069800F042FA0020002C01D0F3
:1006E000009908701CBC5DF814FB0000B304000006
:1006F00070B50C460546012A05D02878800600D53D
:10070000EA69002302E0012305E05B1C934202D268
:10071000E05C0028F9D1A869E618C01AA861286A27
:10072000184428622846AFF3008004E0D5E901218F
:1007300014F8010B9047B442F8D32846AFF3008079
:1007400070BD2DE9F0474FF0000A89460446C0F815
:1007500020A02046E1688847002876D0252806D0CA
:10076000D4E901219047206A401C2062F1E7E1684A
:10077000204600258847C4F81CA006460027C4F878
:1007800018A02A2E09D0304620F00AFC38B304EB1A
:100790008708303EC8F8186019E059F8041B204655
:1007A00004EB87029161E1688847012F064618D162
:1007B000E069002820DA25F020051DE0D8F81800AF
:1007C00000EB800006EB40003038C8F818002046E7
:1007D000E1688847064620F0E3FB0028EED1012FB0
:1007E0000AD02E2E08D12046E16888477F1C064695
:1007F000022F45F02005C4DBA069002803DA40423F
:1008000045F00105A061E80701D025F01005B6B15B
:10081000A6F14100192802D8203645F400654A4661
:100820003146204625604D46FFF754FE58B1012859
:1008300006D0ED1D25F0070000F1080989E704E066
:1008400005F1040985E730468AE7206ABDE8F087AC
:100850000B4910B5A1F17C020A4CC2E937123721CD
:1008600006E000EB104342F82130074B00FB034049
:100870000B1EA1F10101F4DC10BD0120E8E700002E
:10088000B8730420E119D666CD0D010040EA0103DA
:1008900010B59B070FD1042A0DD310C808C9121F29
:1008A0009C42F8D020BA19BA884201D9012010BD63
:1008B0004FF0FF3010BD1AB1D30703D0521C07E030
:1008C000002010BD10F8013B11F8014B1B1B07D194
:1008D00010F8013B11F8014B1B1B01D1921EF1D105
:1008E000184610BD10B5431C02E010F8011B71B191
:1008F0008107FAD14FF0013202C88C1A8C4314EAF6
:10090000C211F9D0C01A0A0603D0C01E10BDC01A09
:1009100010BD0A0401D0801E10BD0902FCD0401E8B
:1009200010BD032A40F2308010F0030C00F0158057
:1009300011F8013BBCF1020F624498BF11F801CBE2
:1009400000F8013B38BF11F8013BA2F1040298BF47
:1009500000F801CB38BF00F8013B11F0030300F0B1
:100960006780083AC0F0088051F8043B083A51F813
:1009700004CBA0E80810F5E7121D5CBF51F8043B5A
:1009800040F8043BAFF30080D20724BF11F8013BCD
:1009900011F801CB48BF11F8012B24BF00F8013B2F
:1009A00000F801CB48BF00F8012B7047431A28BF5D
:1009B0009A427FF6B6AF10441144032A40F22680D3
:1009C00010F0030F1EBF11F8013D521E00F8013D4B
:1009D00010F0030F7FF4F6AF11F0030300F0038172
:1009E000083AC0F00B8051F8043D083A51F804CDA4
:1009F00040F8043D40F804CDFFF7F3BF121D5CBF83
:100A000051F8043D40F8043DAFF30080D20724BF05
:100A100011F8013D11F801CD48BF11F8012C24BF98
:100A200000F8013D00F801CD48BF00F8012C7047E7
:100A300010B5203AC0F00B80B1E81850A0E818506B
:100A4000B1E81850A0E81850203ABFF4F5AF5FEABB
:100A5000027C24BFB1E81850A0E8185044BF18C960
:100A600018C0BDE810405FEA827C24BF51F8043B07
:100A700040F8043B08BF7047D20728BF31F8023B5B
:100A800048BF11F8012B28BF20F8023B48BF00F8EF
:100A9000012B704702F0FF0343EA032242EA0242BD
:100AA00000F002B84FF000020429C0F0128010F0EC
:100AB000030C00F01B80CCF1040CBCF1020F18BF3A
:100AC00000F8012BA8BF20F8022BA1EB0C0100F0CD
:100AD0000DB85FEAC17C24BF00F8012B00F8012BA0
:100AE00048BF00F8012B70474FF0000200B51346D5
:100AF00094469646203922BFA0E80C50A0E80C503E
:100B0000B1F12001BFF4F7AF090728BFA0E80C50EE
:100B100048BF0CC05DF804EB890028BF40F8042BE7
:100B200008BF704748BF20F8022B11F0804F18BF54
:100B300000F8012B704770477047704710B500F000
:100B400081F8006810BD10B5044600F07BF8046021
:100B500010BD000001694A1C02610878704700B5A9
:100B60008FB0CDE901310021059105497944CDE9E6
:100B7000031011466846FFF7E4FD0FB000BD00000A
:100B8000E5FFFFFFD1E900239A4202D2531C0B601C
:100B90001070704710B5436913B1AFF3008001E0E6
:100BA000FFF7A6FD012010BD127800F124010A70A4
:100BB00000224A700122EDE711684FF0FF32E9E7A9
:100BC000431A28BF9A427FF633AF1044114410F005
:100BD000030F1EBF11F8013D521E00F8013D10F039
:100BE000030F7FF4F6AF103AC0F00A8010B531E978
:100BF000185020E91850103ABFF4F9AFBDE8104082
:100C0000530724BF31E9081020E9081044BF51F808
:100C1000043D40F8043D12F0030F08BF7047D207AF
:100C200028BF31F8023D48BF11F8012C28BF20F839
:100C3000023D48BF00F8012C704700000048704793
:100C4000A0AE002000487047A0AE00207047754657
:100C5000FFF7F4FFAE4605006946534620F0070053
:100C6000854618B020B5FFF787FCBDE820404FF05F
:100C700000064FF000074FF000084FF0000BAC46A5
:100C8000ACE8C009ACE8C009ACE8C009ACE8C009F0
:100C900021F007018D46704710B50446AFF3008080
:100CA0002046BDE81040FFF72EBC00000149182087
:100CB000ABBEFEE726000200104910B50A6800200E
:100CC00010600868826822F0010282600868C06BC8
:100CD00046F2207180B2A0FB010147F6FF72801836
:100CE00041F100014FF6FF720023FFF755FC01466A
:100CF000BDE8104002480DF0A7B9000040A5002053
:100D0000C0F20420464910B54A6822F440324A60D5
:100D10004A6843681A434A6001684A6822F480724C
:100D20004A6001684A68036942EA03224A6001682E
:100D30004A6822F040724A6001684A6883681A4330
:100D40004A6001688A6822F400628A6001688A68E1
:100D5000C3681A438A60816A6FF07062D142016889
:100D60008A6822F070628A6001688A680CD0836A9F
:100D70001A438A6001688A6822F040528A600168DA
:100D80008A68C36A1A4301E022F040528A6001680F
:100D90008A6822F002028A6001688A68037E42EA59
:100DA00043028A6090F82010002901684A680FD039
:100DB00042F400624A6001684A6822F460424A6074
:100DC00001684A68174C436A04EB43331A4301E055
:100DD00022F400624A600168CA6A22F47002CA62A0
:100DE0000168CA6A838B104C04EB03531A43CA622E
:100DF00001688A6822F400728A6001688A6890F843
:100E0000303042EA43228A6001688A6822F48062B4
:100E10008A6001688A68406942EA8020886010BD63
:100E20000023014000E0FFFF0000F0FF18B50023A1
:100E3000009303098DF8003000F00F008DF80100D9
:100E400000206C46235C0A2B01D2303300E037339C
:100E50000B54401C0228F5DB02201080002018BD36
:100E60001E4C08B5656812F097FA10F08BF94FF038
:100E7000E02100200861486188611948016841F05B
:100E80002061016072B60020421E810001F1E02164
:100E9000C1F88021C1F88022401C0828F5D31148F0
:100EA000016841F480410160006800F480400090D6
:100EB0000D48016821F003010160016841F0010162
:100EC00001600748001D0460BFF34F8FBFF36F8FB1
:100ED000206880F3088862B6A847FEE70000FF1F7D
:100EE00004ED00E044380240003801400C2005F0D9
:100EF000F9FF0DF095FA000030B5002832D0016AF4
:100F000000292FD01849B1F85E20002A2AD091F884
:100F10007D10002926D100F12801C06A4A684408E2
:100F20008868204488608868904206D388688B6807
:100F3000B0FBF2F000FB123088608A6AC86A1219AE
:100F400040F100008A62C862002001EB8002183282
:100F500052E8003F234442E80035002DF8D1401C00
:100F60000328F2DB30BD0000800100202DE9F04FA6
:100F700085B015461C460A460646DDE91010DDE937
:100F80000E733762C6E90341C6E901250246B3770D
:100F900006F1280020F026FA694908680A895208F3
:100FA0005043684A904200D210468146086888B192
:100FB00087B1B9FBF7F107FB119058B96248006A95
:100FC00040B1006830B16148B0F8980201285BD0A8
:100FD000022859D000208046002D7DD0DFF870A176
:100FE00028684FEA074BE0B3E7B30FF035FCB8F1E0
:100FF000000F06D0574A2968914201D0514500D1CF
:101000004846B0FBFBF1491C07FB01F2B0FBF2F0D4
:10101000491E69600021401EC5E902102846296169
:1010200013F04EFB4B492868884201D050452FD120
:10103000494A904212D0B0F1804F0FD0474A9042B7
:101040000CD088420AD04649884207D0504505D086
:101050004449884202D04449884219D11421684643
:1010600001E015E012E0FFF73FFD5FEA080000D065
:1010700007200090002001906946284614F003F8EC
:1010800030B10FF0B9F903E00120A4E70020B0600F
:1010900014B3206800B3E7B30FF0DEFBB8F1000F24
:1010A00006D02C4A2168914201D0514500D14846D2
:1010B000B0FBFBF1491C4F43B0FBF7F0491E002584
:1010C000401E6160C4E902502046256113F0F8FA21
:1010D00020492068884200E02EE001D050452BD105
:1010E0001D4A904212D0B0F1804F0FD01B4A90425F
:1010F0000CD088420AD01A49884207D0504505D002
:101100001849884202D01849884215D114216846EE
:1011100000E00FE0FFF7E8FC5FEA080000D00720DE
:10112000CDE900056946204613F0ADFF20B10FF070
:1011300063F901E00020F06005B00020BDE8F08F09
:10114000C0EA042000E2040070DF0420F83400202C
:10115000000401400008004000000140000400407D
:10116000000C0040004001400018004038B14068C9
:1011700028B1016819B18868C00703D018E04FF0A2
:10118000FF307047886840F0010088600D480E4AC3
:101190000068B0FBF2F0102801D2102006E04FF4F6
:1011A0000062904202D9104600E000BF401EFCD20F
:1011B000086820F004000860886840F480008860B7
:1011C00000207047D4740420400D030030B54FF068
:1011D000FF35A0B14168096889B100224CF2503452
:1011E0000FE08B68DB070AD01346521CA34208D9D4
:1011F000086820F0080008606FF0010030BD284644
:1012000030BD0B685B07ECD5CA6B82820A6CC28268
:101210004A6C02838A6C4283086820F00C000860E4
:10122000002030BD00BF704770B50446006A00283A
:1012300071D02046FFF7F6FF61684FF488500968C7
:101240004860E068016801B9A068006A0568434821
:10125000296821F018012960296821F0010129601D
:1012600000E000BF2968C90701D0401EF9D22868F4
:10127000C00702D06FF0010070BDEFF3108672B6A8
:101280003748A8602069E860E06A4008686000218B
:1012900004F1280020F0B6F93248854207D13149DF
:1012A0004FF474602039086039201EF0A2F806B9A6
:1012B00062B6A068006878B300214162A068006847
:1012C000026922F001020261E068006840B14162F7
:1012D000E0680068016921F001010161E06800E057
:1012E000A0680068C16841F48071C16060680068EE
:1012F000816840F2011211438160286840F01900B2
:101300002860A168184A0868904206D1016A41F431
:10131000805101620EE01EE016E0144A904210D1A6
:10132000016A41F001010162A0680068416C41F46A
:1013300000414164A0680068016841F0010101605A
:1013400002E0084613F034FBE068006818B1016859
:1013500041F001010160002070BD0000400D03005C
:101360004C20014028640240000800400000014079
:1013700070B504004FF000051CD06068D0B1006863
:10138000C0B1A06800F054F8E06820B1A1688842BC
:1013900001D000F04DF8606800688168214A114072
:1013A00081606168A1B1E06838B102682AB1006A61
:1013B00058B902E04FF0FF3070BDA06818B1026864
:1013C0000AB1006A08B9886B08B1016800E0002121
:1013D00001B315480A6822F018020A600A6822F070
:1013E00001020A6000E000BF0A68D20701D0401E77
:1013F000F9D20868C00702D06FF001050AE00B4877
:10140000814207D109494FF47460203908603920BE
:101410001DF0EFFF60680068016821F01E010160A7
:10142000284670BDFEFEBFBF400D03002864024089
:1014300000281CD00168002919D0CA6822F48072E3
:10144000CA6001680A6822F001020A60084A01685D
:10145000914203D10A6A22F4805205E0054A914282
:1014600003D10A6A22F001020A6213F01DBB704721
:101470000008004000000140002903D00844401E3D
:10148000491E884370472DE9FF4F81B01F4615461E
:10149000040010D000F0CEF904F588710091029894
:1014A00000F03EFC060009D0204601F0E7F8304687
:1014B00005B0BDE8F08F4FF0FF30F9E7D4F8100128
:1014C000416B006B00F0C3FD00287ED0D4F8100102
:1014D000C16B806B00F0BBFD002876D0D4F8100102
:1014E000416C006C00F0B3FD00286ED0D4F8100100
:1014F00000F0BFF9002869D0002D67D0874265D37E
:1015000005EB07080027C4F80871D4F810112E461F
:10151000B946886D60B34D6D2021FFF7ADFF0746DA
:10152000B54253D305EB070AC2454FD8D4F8101182
:10153000C86DFF2804D98A6DC96983188B4205D903
:10154000204601F09BF86FF00300B1E7D4F81811C2
:1015500001EB000B11462846FFF7A4FAD4F810015E
:101560005946826D2846FFF7DCF9A81B074455460B
:10157000D4F81001406B90B12021FFF77DFF284483
:1015800040455CD8C4F8D850D4F810110546871BE4
:101590004A6BC4F8DC20096BC4F8E01005E0C4F81D
:1015A000D890C4F8DC90C4F8E090D4F81001C06B77
:1015B000A8B12021FFF760FF284440453FD8C4F878
:1015C000FC50D4F81011CA6B01E03EE037E0C4F8DB
:1015D0000021896B0546871BC4F8041105E0C4F897
:1015E000FC90C4F80091C4F80491D4F81001406C48
:1015F00090B12021FFF740FF284440451FD8C4F890
:10160000F050D4F810110546871B4A6CC4F8F4203A
:10161000096CC4F8F81005E0C4F8F090C4F8F49030
:10162000C4F8F890D4F8D80078B1D4F8F00060B1DC
:10163000D4F81011A8EB0508CA6A90450BD22046D1
:1016400001F01CF86FF0040032E7204601F016F8B4
:101650006FF007002CE720211046FFF70DFF07442D
:1016600004F59670814600F045FA482104F5B07003
:10167000FFF73AFAD4F81001466916F4706F03D1F7
:10168000029900F078FB06434FF00110C4E95806B8
:10169000C4E95A58D4F8D800C4F87001D4F8DC0072
:1016A000C4F87401D4F8FC00C4F87801D4F800013F
:1016B000C4F87C01D4F8F000C4F88001D4F8F40038
:1016C000C4F80871C4F884014946009800F06EFA25
:1016D000050004D0204600F0ADF82846E8E60120D9
:1016E00060800020E4E60000054800680549884263
:1016F00002D00549884201D101207047002070477F
:1017000014770420494145434B4F4D532DE9F05F79
:10171000414A0024661E1368FFF7E6FF002879D0CF
:101720003E48834201D1012700E000274FF0000B23
:1017300091461046C2F820B0C2F818B0C2F81CB0EA
:1017400052688568DFF8D880022A02D36FF0010062
:1017500051E06FF0040A102D10D807B175B10121C6
:10176000104600F0ABFEC0BBD8F8D80040B1D8F8A6
:10177000F01029B1D8F8DC10A94204D250463AE062
:101780004FF0FF3037E0FFF78DF9D8E93C01FFF764
:1017900089F9D8F8FC0018B1D8F80011FFF782F9E0
:1017A00057B11D48D8F8D810243003E010F8012BA9
:1017B00001F8012B6D1EF9D2194801F013F806004B
:1017C00000D40020D8F8F440102C00D9102412497D
:1017D00023463431D8F8F02004E00CE012F8015B25
:1017E00001F8015B5B1EF9D2042C04D3D8F8F01089
:1017F0000968C9F81C10C9F80C00C9F81060D8F8BD
:101800000C01C9F81400C9F818400648C9F82000AE
:10181000C9F800B0BDE8F09F147704204941454362
:10182000C83B00204345414901490860704700001A
:101830001077042010B504000ED06088012806D16E
:10184000D4F8100118B104F5887000F02EF9204684
:10185000BDE8104000F012BF10BD012805D00228DD
:1018600002D0032803D000207047042070470120D5
:10187000704770B5040019D02021606BFFF7FCFDA4
:1018800005462021E06BFFF7F7FD05442021606C41
:10189000FFF7F2FD05442021A06DFFF7EDFD0544A3
:1018A0002021E06AFFF7E8FD284470BD002070BDEC
:1018B00010B500F0B3FCE0B90F490868401C13D123
:1018C000087D88B90024204600F066F938B1D0E9D7
:1018D00000100A4B0A4A59405040014307D0641C8B
:1018E000022CF0D3002020B14FF4803010BD012035
:1018F000F9E7002010BD000028000020474D4941B5
:101900003233454370B500B10120134C00252075DA
:1019100060B100F083FC70B1104800F090FF0F48F8
:10192000FFF788FF25756FF0070012E00B4800F005
:1019300086FF256104E02068401C05D000F08AFD88
:10194000BDE8704000F0FEBE044800F078FF6FF084
:1019500001002061F4E7000028000020C83B0020BF
:1019600030B5184DC1B00446022802D36FF0010013
:1019700005E01548B0F85E0018B16FF00700286167
:1019800005E06A46204600F030F9286120B1204683
:1019900000F09DFE41B030BD2868A04208D1094842
:1019A0004FF4807269461830FFF742F800F052FD9C
:1019B000204600F08CFE2868A042EBD100F0C2FE69
:1019C000E8E70000280000208001002070B50546EF
:1019D000144C4FF0FF3604F11800FF2D03D0022DF8
:1019E00008D3700018E04FF480712660FFF77CF890
:1019F000002005E00146284600F0FEFA40B12660CE
:101A00002061094800F01BFF0748FFF713FF04E0BF
:101A1000217D284600F052FD2061BDE8704000F0B5
:101A200091BE000028000020C83B002010B500F047
:101A3000F5FB00280ED0084800F001FF0648FFF72C
:101A4000F9FE06480168491C02D06FF007010161E8
:101A50000021017510BD0000C83B002028000020B7
:101A600001F0010252420A4203D0FF2901D981420A
:101A700002D36FF0030070470020704730B5002A92
:101A80000FD0084C11F8013B58400023C50702D085
:101A900084EA500000E040085B1C082BF6D3521E7D
:101AA000F0D130BD2083B8ED704718B180690028AF
:101AB00002D000474FF0FF30704708B5694600F08C
:101AC0005BF810B16FF0010008BD009803C80EF07C
:101AD00005FD0028F8D06FF0050008BD012805D0ED
:101AE000022802D0032803D000207047042070474A
:101AF0000120704710B504000DD03421FEF7F4FF2B
:101B00004FF001102060012060600348A06003488E
:101B1000E0600348206110BD51161508C911150871
:101B2000A91A140818B1012804D0002070474FF4F6
:101B3000805070474FF490507047002809D080685B
:101B400011B1096901B10846012803D0022804D067
:101B5000002070474FF4807070474FF4006070476A
:101B600008B5694600F008F808B1002008BD0098E3
:101B700003C8081A401C08BD09B1022802D36FF03F
:101B800001007047034A00EB400002EB8000086050
:101B900000207047D038160808B56946FFF7ECFFFB
:101BA00008B1002008BD0098006808BD10B58EB0CF
:101BB000040004D02069002803D021B107E04FF0D1
:101BC000FF300EB010BD6846FFF794FF6946086805
:101BD000B0F1011F02D14868012802D06FF0070060
:101BE000EFE7226908469047EBE72DE9F74FADF59F
:101BF000427D0C46C0A9C298FFF7BEFF002811D154
:101C0000C2980CB1C19403E0FFF78CFFC19068B19A
:101C10000020002806D16946C19814F0B3FA40B1FB
:101C20006FF002000DF5457DBDE8F08F6FF001000B
:101C3000EFE74FF4807B5A46694680A8FEF7F8FE2E
:101C400080A8C29900F0DEF80028EBD1C298FFF717
:101C500034FF0028E6D1C098879E4FF0FF3907680F
:101C600006F2FF104FEA502800244FF4007A2BE0D0
:101C70004CB1C1986946204414F084FA18B1C09858
:101C800000F03CF8CCE75546AE4200D835461CB1D2
:101C90002A466946484605E05D4506D9A5F58072A5
:101CA000484640A9FFF7EAFE81462A46694638467B
:101CB0000EF0C4FC28B1C09800F020F86FF00500C9
:101CC000B0E7761B2F44641C4445D1D393996FEA47
:101CD0000900814205D0C09800F010F86FF00600AE
:101CE000A0E7C499C29800F087F9040004D0C09816
:101CF00000F004F8204695E7002093E71CB500218A
:101D00000091019148B10068082269460EF096FCE6
:101D1000002801D06FF005001CBD4FF0FF301CBD46
:101D200038B50C00054623D06946FFF725FF00288B
:101D30001DD10021284600F05FF9002817D1009836
:101D40000068C4E9000500990A68A2604A68E26078
:101D5000026A0AB10B681A4422610A68436A1A448B
:101D60006261806A08B109680844A061002038BD3A
:101D70004FF0FF3038BD38B50A46040004D069463C
:101D80001046FFF7F9FE08B1002038BDA08A10F414
:101D90007060FAD121460098FFF7CFFE38BD30B40D
:101DA00050B149B143693BB10A68B2F1011F06D095
:101DB0006FF0070030BC70474FF0FF30FAE78A68D9
:101DC0006FF00404CAB10068CA68C56AAA4214D395
:101DD000426B22B10D6985B14D6995420DD3C26B3D
:101DE00022B18D694DB1CD69954206D3406C30B1B9
:101DF0000A6A12B14A6A824201D22046DAE730BC4E
:101E0000084618472DE9F04FC1B00D46040016D022
:101E100040A92846FFF7B0FE002812D14098724E24
:101E2000724BD0E90021891A01F10108D4E900219F
:101E3000724059406FF003090A4371D104E04FF03A
:101E4000FF3041B0BDE8F08FA1686FF007060129AF
:101E500069D1E168B1F1011F65D1A16C012962D19D
:101E6000216911B18068814264D1207DC00757D0BB
:101E700029462046FFF77FFF054621464098FFF799
:101E80005CFE4FF40067B84201D14FF46060054238
:101E900050D0681E05424DD14FF4007B4FF4807A3C
:101EA0005D4504D0B5F5806F01D0BD421ED1206BD9
:101EB000FFF714FE98B3616B89B3B1FBF0F200FB3E
:101EC000121272BB5D4502D100EB400008E0B5F58F
:101ED000806F04D0BD4209D100EBC00000E0C0001B
:101EE000B1FBF0F200FB1210D8B904E0554502D165
:101EF000606E40283DD2E06B0028A06B12D0FFF747
:101F0000EDFD60B1E16BB1FBF0F200FB121232B9F2
:101F1000C000B1FBF0F200FB121010B905E002E0C6
:101F200049E026E008B130468BE74099A06909688E
:101F3000884202D06FF0010083E7E069FF2818D9DA
:101F4000404516D8A16D0546B1B1294B626D1344C9
:101F5000B3F5703F2FD2E56DFF2D2CD985422AD2E3
:101F600053189A4205D8234A934202D82944814201
:101F700006D96FF0040064E7616DE1B9E16DD1B994
:101F8000616AFFF76DFD0028CED1606AA84212D2C7
:101F9000216A09B1A9420ED2A06A08B1A8420AD2A8
:101FA00019B1E069FFF75CFD28B9A16A29B1E069C0
:101FB000FFF756FD08B1484643E7554652462146CD
:101FC0006846FEF735FD002014902A466946401EFB
:101FD000FFF754FD216DC043814202D06FF006002F
:101FE0002FE700202DE70000474D4941323345439C
:101FF000804BFFDF80740420F8B50D460646694625
:10200000FFF7BAFD002818D1009831460468204631
:10201000FFF7F8FE002810D10098E26901684FF040
:10202000FF3001F58071A2F58072FFF727FDE16CAA
:10203000C043814202D06FF00600F8BD2DB14FF4CD
:10204000807221462846FEF7F3FC0020F8BD00B55B
:1020500051B100280AD0FFF700FC30B1B1FBF0F21B
:1020600000FB121008B902E008B1002000BD0120F9
:1020700000BD000010B5040017D0FFF719FC0246A0
:10208000B0F5683F00D900224FF4683000590119BB
:10209000064C0748E160C4E901121FF0A3F90020D3
:1020A0006075BDE8104000F0D5B910BD28000020D3
:1020B00018750420002903D00844401E491E884397
:1020C000704700002DE9F04104002DD01948417DF2
:1020D00051B3D0E901504619A06D6FF0040750B11B
:1020E000616D08442021FFF7E5FF616DA9421ED311
:1020F000B0421CD805462021606BFFF7DBFF05448A
:102100002021E06BFFF7D6FF05442021606CFFF72C
:10211000D1FF05442021E06AFFF7CCFF2844B042FC
:1021200005D80020BDE8F0816FF00700FAE73846D7
:10213000F8E700002800002070B504462021FEF7D3
:10214000B1FC2F48304D008820802E48C189618025
:10215000018AA180418AE1800189218141896181CF
:102160008189A1810188E181418821828088608202
:10217000D5F800034FF6FF71A0FB010140F6E442E1
:102180005310C018002641F100013346FEF704FA4F
:102190001E4AA082E68292ED000A1D4910EE100A46
:1021A000DFED1C0A884201DDB0EE600A10EE100A75
:1021B0004FF047439FED181A984201D9B0EE410AFB
:1021C000BDEEC00A10EE100A208392ED010A10EE57
:1021D000100A884201DDB0EE600A10EE100A984243
:1021E00001D9B0EE410ABDEEC00A10EE100A6083BC
:1021F000D5F8F802A083D5F8F802000CE08370BD92
:10220000E854042068E90420C0F20420B8790420CE
:1022100000FEFF4600FEFF46000000C7044840687D
:1022200020B1D0F8C00008B10120704700207047ED
:10223000C0F204200AB1084402E000207047801A6E
:102240009042FCD2704712B900207047891A91421F
:10225000FCD2884201D3401A7047081A101A7047FE
:102260002DE9F05F0C465FEA000A93464FF0FF3815
:1022700024D01046FFF7F1FA00B3B4FBF0F100FBF5
:102280001141D9B9B4FBF0F6D6B372B628488368C9
:1022900028498F6842684D6862B6806B70B1886B60
:1022A00060B1402A0AD3402D08D32348006828B1E2
:1022B0002248D0F81001446E402C02D34046BDE8BD
:1022C000F09F40211846FFF7BEFF81462A46402175
:1022D0003846FFF7B8FF202C01D2154F00E0154F0C
:1022E00001D3A4F12004A04600D248467A684FEA00
:1022F0008611A1F14001FFF7A6FF0546002412E078
:1023000013E005EB4801384600F08CF803B2224692
:102310005946504600F036F97A6840212846FFF7C2
:1023200089FF0546641CB442EBD30020C7E70000D8
:1023300080E90420C0E90420C0EA0420C83B002052
:102340002DE9FF4F89B00024169F099899460D4644
:10235000661E60B1B9F1000F09D047B10B98FFF7C5
:102360007CFA20B1B5FBF0F100FB115119B13046F8
:102370000DB0BDE8F08FB5FBF0F616B3F019401EB6
:10238000B0FBF7FB72B6264988684A68009262B6CD
:10239000896B09B1202A15D26846FFF7CDFE6D463C
:1023A0000DE0B4FBF7F007FB1041224619F80100DD
:1023B0000B9935F91030099800F0E4F8641CB44228
:1023C000EFD32BE02021FFF73EFF4FEA4B112039DE
:1023D000009AFFF738FF824600201CE000250EE03F
:1023E00019F805000AEB40010D4800F01BF803B294
:1023F00022460B99099800F0C5F8641C6D1CBD427B
:1024000001D2B442ECD320215046009AFFF712FFCC
:10241000824608F1010080465845DFD30020A7E737
:1024200040EA042010B520B1826B12B14368022B40
:1024300001D2002010BD4368B1FBF3F003FB101084
:10244000411CB1FBF3F403FB1413105CD15C40EAB4
:10245000012010BD70B5174800F0F1F91548FFF7DD
:10246000E9F9154D6FF007042868401C687D07D016
:1024700020B1A86810B1FFF7D1FE28B12C6170BD62
:102480000028FBD00024F9E70B481830FFF71AFEAC
:1024900028B9D5E9023207482968FEF7F4FF286118
:1024A0000028ECD1287D0028E9D0BDE87040014823
:1024B00000F0BEB9C83B0020280000202DE9F047FD
:1024C0000E46284980468946FFF796FD254D0400B3
:1024D0004FF0FF37A5F1180502D02F602C612EE0D8
:1024E000C5F80080FFF79AFE0446687D10B1A86821
:1024F00000B184B11C4800F0A2F91B48FFF79AF91B
:102500006FF007002861002E03D0002C01D00021BD
:102510002975BDE8F0874846FFF7D4FD286130B93A
:10252000D5E9023210482968FEF7ADFF28610400A2
:102530000DD04FF4807148462F60FEF7D5FA0A4857
:1025400000F07DF90848FFF775F92046E1E70648F5
:1025500026B100F06DF901202875F6E700F06FF95B
:10256000F3E7000040000020C83B0020002806D010
:10257000002904D00A46014601480BF059BD7047B6
:10258000C0F20420012906D002290DD0032901D16F
:10259000190A8154704700EE103A00EB8200B8EE41
:1025A000C00A80ED000A704720F812307047000022
:1025B000F8B5304D4FF0FF346888012832D1D5F896
:1025C00010217AB3D5F8D81061B3D5F8DC1049B32F
:1025D000D5F814111046D835FFF7CDFB064675E83F
:1025E0003601FEF75FFA30460826B0F5807F09D045
:1025F000B0F5007F0DD0B0F5806F15D0B0F5006F4D
:1026000010D118E0D83595E80700D83DFFF728FE2F
:1026100006E00320D835009095E80700164B11E03E
:10262000040013D02046F8BDD835009695E8070081
:10263000114B103306E00920D835009095E80700CB
:102640000D4B1833D83DFFF77BFEE9E7D5F8FC00CA
:1026500068B1D5F8001151B1FEF724FAFC350096A7
:10266000054B95E807000833FFF76AFEF8BD002028
:10267000F8BD0000C83B0020E838160810B5044635
:102680001C2100F58870FEF72FFA342104F59670AE
:10269000FEF72AFA482104F5B070FEF725FA00216A
:1026A0009CB104F19802C4F8D82003204023C4E967
:1026B0003730C4E93E01C4F800115032C4F80411A7
:1026C0000823C4F80811C4E93C23618010BD70B52B
:1026D000CAB00646282140A8FEF706FA3046FFF7A2
:1026E0005BFA05463046FFF73BFA0446694630463A
:1026F000FFF782FC18B30021AD228DF800219B2248
:102700008DF801218DF802618DF803114394CDE914
:10271000410549B107984490059845901598469011
:102720000B9847900D984890DA208DF824018DF889
:102730002501262140A8FFF719FF4AB070BD0121ED
:10274000DAE7000010B588B020216846FEF7CCF922
:10275000224A0020517D01B1012011684B1C01D09B
:1027600040F00200137D0BB140F004001C4B1C78BC
:10277000A40701D540F008005B88012B01D140F08F
:102780001000AD238DF8003099238DF801308DF8BD
:102790000200022901D2C8B200E0FF208DF8030038
:1027A0001069019050680290906803900C4800F105
:1027B0008001D0F8DC000490486F05900848D0F8FC
:1027C0000C010690DA208DF81C008DF81D001E21EA
:1027D0006846FFF7CBFE08B010BD000028000020BF
:1027E000C83B002070B5040002D02078800702D4D6
:1027F0004FF0FF3070BD0D4E75686088012807D01E
:1028000018F03AFE7068401BC4F80C01206D70BDD2
:1028100004F5B07104F58870FFF7C1FA7168491BBF
:10282000C4F80C110028F2DB206570BD001000E038
:10283000002803D0018841F0020101807047002880
:1028400003D0018821F00201018070477FB5284C38
:1028500000206076A076E07620772087254E3068CD
:1028600008B1002000E001204FF48071CDE9021092
:10287000214B4A00CDE90023204A2149214808F094
:102880004BF80125F8B10021052007F065FF402134
:1028900018480AF0EBFD01221146052007F014FF4D
:1028A000306B10B318491948828BC06892B2CDE9D9
:1028B0000202CDE9001516481649D0E90923164849
:1028C000FEF754FB7FBD0121052007F045FF0520E1
:1028D00007F0C4FE08F00CFA14221049094808F069
:1028E00069F90028DCD06576DAE70021DBE7000033
:1028F000A8540420C0EA04200004024044AA002096
:1029000088A500205CF90420007102008054042096
:1029100070DF042040A50020E85B042054E9042077
:1029200070B5164D287818B11548B0F8980208B15E
:10293000002070BDA87918B919F0F6FF0028F8D06A
:1029400019F0F5FF0028F4D000242C70AC710D486C
:10295000022180F8F012A0F8124319F0FFFE08B12E
:102960000DF04AFD0AF0F4FF074808A10A688263E7
:102970008988818780F83E40012070BDA8540420DA
:10298000F8340020C0F20420A85504204345363412
:10299000535F000070B5144C2078002803D0FFF777
:1029A000BFFF08B1002070BD10480025B0F89802A4
:1029B000012817D00E48012180F8F012A0F8125318
:1029C00019F0A4FE08B10DF017FD0AF0C1FF094887
:1029D00009A10A6882638988818780F83E50257042
:1029E000012070BD2570DDE7A8540420F8340020D4
:1029F000C0F20420A855042043453634585F000037
:102A00002DE9F047334F6FF0020907F54055D5F82F
:102A1000340230B1816B21B1096811B10020BDE8E9
:102A2000F087EFF3108672B618B1806B08B10068BA
:102A3000C0BB29490868C00709D1D5F83002C2686F
:102A4000120604D4D5F8382212F4A03F02D04FF079
:102A5000FF303BE0C26822F08002C2601F4842693A
:102A600022F0800242611E4C4FF000604FF00008DF
:102A7000C4E9001040200101A060C4E90381C4F84A
:102A80001480C4F81880C4F81C80C4F82080204644
:102A9000C4F824800EF0B2FA28B16FF00100C4F837
:102AA000008013E00FE00F488463A06346200FF01E
:102AB00039FC384609F053F8D5F8340228B1806B58
:102AC00018B1006808B1002000E04846002EA6D1E9
:102AD00062B6A4E7089D0420B864024000100140DB
:102AE0001876042054A900202DE9F041804645487D
:102AF00086B00025016841F002010160016801F023
:102B000002010591016841F004010160006814218F
:102B100000F0040005906846FDF7E6FF4FF480449E
:102B200001260094CDE90165374F69463846039583
:102B30000EF09CFC6000CDE900060320CDE90250B8
:102B4000694638460EF092FC0122214638460EF0C6
:102B50007AFD2E48006808B919F082FD2C4CD4F893
:102B6000B40218B94FF49640C4F8B40284F8B952CC
:102B70002649284808F0BFF9274806F004FC2748F2
:102B800006F001FC2548322225497A38FDF7C9FEB6
:102B9000B8F1000F07D064200EF016FB1D4806F0B8
:102BA0008FFEE0B121E018481830016841F48041FF
:102BB0000160B4F8B00220F00800A4F8B00204F5F7
:102BC0002C7400F087F9208820F08000208054F8D1
:102BD0007C0C0BF091FF208840F002002080104810
:102BE0002C38016841F0020101600E48C16841F0D3
:102BF0002001C160C16821F40051C16006B0BDE888
:102C0000F0810000303802400008024054A9002042
:102C100008CD0420089D0420A0D404203CD004202A
:102C2000E0550420001001402DE9F04186B00E4629
:102C300080461C461546142168460C9FFDF754FF3C
:102C400000210846ADF814103CB162886168E06864
:102C5000ADF8142022788DF80320AD228DF80020E5
:102C6000CDE902708DF801608DF80250BDF81400B6
:102C7000ADF81000DA208DF8120001918DF81300E4
:102C800014226946404602F08DFF20B14FF0FF301C
:102C900006B0BDE8F081404608F056FDF8E70000B8
:102CA000F0B5144DADF5017D044602281EDA4FF44F
:102CB000007739466E4601A8FDF716FF0E483A46E2
:102CC0008068009004F191008DF80100DA208DF801
:102CD00002028DF80302094800EB4421B01CFDF705
:102CE00020FE3A1D6946284600F00AF80DF5017DE0
:102CF000F0BD0000089D0420E4361608C0EE042054
:102D00002DE9F04116460F465FEA00084FF0000437
:102D100001D007B12EBB4FF0FF30BDE8F081351B6D
:102D2000142D00D9142539192A46404602F03AFFDD
:102D300010B16FF00100F0E7404608F005FD401CBF
:102D400006D0404608F020FE28B16FF00300E4E70B
:102D50006FF00200E1E72C44B44202D232200EF0C0
:102D600033FAB442DBD30020D7E7000070B5224825
:102D7000204EADF5816DC17BE1B14FF400752A465F
:102D80001E4981A8FDF754FE1D4CA068CDF804042F
:102D9000218A41B10DF20442204604F05DFE10B1DB
:102DA000A068CDF80404E068DDF80414884206D970
:102DB000401A05E0012101740DF5816D70BD002000
:102DC000C59029466C4601A8FDF78EFE0D482A469F
:102DD00081A940680090DA208DF802028DF8030284
:102DE000A01CFDF79EFD4FF4017269463046FFF7C7
:102DF00087FFE1E7089D0420A8540420C0EA0420CE
:102E000080010020E43616080848D0F85C0100B9BB
:102E10000748D0F81011074AB1FBF2F20649A1F8B1
:102E20009E220089A1F8A2027047000080010020C4
:102E3000C0EA042080841E0008CD042070B50E4630
:102E400005000DD005F54054D4F8340240B10068B7
:102E500030B1284608F098FD28B16FF0010070BD30
:102E60004FF0FF3070BD05F58055D5F80C0920B93D
:102E7000D4F838021649084202D06FF0020070BD43
:102E8000D4F8340258B1806B48B1006838B1416859
:102E900011B90068C00702D06FF0030070BD0EF0DA
:102EA000D7FB054608E00EF0D3FB401B142802D3E5
:102EB0006FF0040070BD00BFD4F8340200680068F1
:102EC0004006F0D516B130460EF07EF9002070BDF8
:102ED000204001000248016841F000410160704754
:102EE0001808024010B5FFF7F5FF0EF0B1FB0249DC
:102EF0003230086410BD00002855042010B5044687
:102F000000F0A2FA002C12D0002810D0017B890713
:102F100002D5416901B12181017B490701D5816950
:102F20006160017B090702D5C069C4F8A40010BD27
:102F30002DE9F04106460D46284C084600F014FAEB
:102F4000204603F021FD46B34FF40078FF224146AE
:102F50002046FDF79FFD802231462046FDF7E1FC2B
:102F60001F492069884218D1204600F0A1F9A0B17C
:102F70001C4E20467C21266100F036F84FF4805725
:102F8000E0672146384614F0DFFB10F0FF0006D062
:102F900005B168800920BDE8F0810420FBE74146C7
:102FA0002046FDF77FFD2146384613F0EBF810F080
:102FB000FF0003D005B168800820ECE72069B0422B
:102FC00009D1204600F074F928B12946204600F0C6
:102FD0005BF80020DFE70C20DDE70000F0020020B6
:102FE00056414C44494E535470B50D46064600F0C8
:102FF0000BF804462946304600F026F82046BDE886
:10300000704000F013B80000064908680A6800F430
:10301000805042F480520A60BFF34F8F024A012170
:10302000916070473038024000300240010004488F
:10303000006804D103490A6822F480520A6070478C
:103040000030024030380240F0B500220D4E03E05F
:1030500083181B683360121D8B1A042BF8D28A4226
:103060000FD000234FF0FF34FF2707E007FA03F5E6
:10307000AC43855C9D402C43521C08338A42F5D3F7
:103080003460F0BD00300240002811D000290FD07C
:10309000084B02699A4201D1022200E001220A7023
:1030A000027D4A7082694A60026A8A60406AC8602A
:1030B0007047000056414C442DE9FE4F81460F46B3
:1030C000644C084600F050F9204603F05DFC2146B0
:1030D0004FF4805013F056F810F0FF0003D0002F8B
:1030E00000D07880A1E0204600F0E2F818B15A48FC
:1030F0002169814202D00D20BDE8FE8F394620466D
:10310000FFF7C2FFA169494501D00520F4E7266A0F
:1031100006F2FF104FEA502BD4E909A00190E06AB3
:103120000290FFF771FF002500902EE041F20100B0
:103130002146284413F026F810F0FF0F06D000981F
:10314000FFF774FF002F70D07D806EE085B90422F8
:1031500001A92046FDF79AFB28B9042202A9201DE7
:10316000FDF794FB20B10098FFF760FF0B20C3E749
:103170004FF40070864200D8304680460146204613
:10318000FFF762FFA6EB08066D1C5D45CED30098E5
:10319000FFF74CFF0EB9504503D007B178800A20E5
:1031A000AAE74FF480562146304612F0EBFF10F0AC
:1031B000FF0F3AD1204600F07BF8C0B326482169C2
:1031C00081423FD1A16949453CD1616A514539D11C
:1031D000A06A0199884235D1E06A0299884231D1CA
:1031E0001E4D20467C212561FFF7FEFEE067FF2291
:1031F0004FF4C07104F18000FDF74CFC21463046CD
:1032000014F0A2FA10F0FF0003D007B17880092073
:1032100072E74FF400712046FDF744FC214630462A
:1032200012F0B0FF10F0FF0F02D0082064E709E0B1
:10323000204600F03DF828B12069A84202D1A169DA
:10324000494501D00C2057E739462046FFF71CFFBF
:10325000002051E7F0020020494E535456414C449F
:1032600070B50446114D00F07FF8284603F08CFB42
:1032700029464FF4805012F085FF10F0FF004FF008
:10328000030604D00CB126706080082070BD28466B
:1032900000F00EF828B121462846FFF7F5FE002081
:1032A00070BD04B12670032070BD0000F002002044
:1032B00070B504004CD0D4E90010264B264A594082
:1032C0005040014344D1A068032841D1E0688028E0
:1032D0003ED122492069884202D02149884237D113
:1032E0006069012834D1A06988B31E4DE069A84205
:1032F0002ED1206A08282BD3B0F5B01F28D8A26A97
:10330000E36AA2F1005623F00101B6F5A02F0AD816
:10331000520708D1DA0706D0A94204D342198A42DB
:1033200001D9012100E0002189B100F2FF1041F232
:10333000010101EB5020B0F5005F09D87C21204647
:10334000FFF752FEE16F814202D1012070BDFFE71D
:103350000020FBE7434536344D4E4633494E535427
:1033600056414C4400000208002805D000210160AD
:1033700041608160C1600170704700002DE9FC4729
:1033800080460A9D994617460E462D4C2846FFF763
:10339000EBFF204603F0F8FA5FB321464FF480506C
:1033A00012F0F0FE10F0FF0004D005B16880082094
:1033B000BDE8FC872046FFF77BFF18B12149206953
:1033C000884201D00D20F3E729462046FFF75CFE36
:1033D000A169414501D00520EAE7206A00F2FF100B
:1033E000400A864205D241F201003418B4F5005F6C
:1033F00001D30620DCE7CDE90086FFF705FE804615
:1034000004216846FFF720FE042101A8FFF71CFEF7
:103410004FF400713846FFF717FE4046FFF706FEEF
:10342000484501D00720C3E73946204614F08CF9FF
:10343000C0B205B16E800028BAD00920B8E70000FC
:10344000F0020020494E535410B50748074C084B72
:10345000D0E90021624059400A4302D18168012924
:1034600000D0002010BD000000C0000847464344C3
:103470003233454302460121162000F04DB8024682
:103480000121022000F048B8012806D0022804D00B
:10349000032802D04FF0FF3070470A460146032050
:1034A00000F03AB80C4808B5016841F0805101605D
:1034B000006800F0805000900FF01EFD074A1021B8
:1034C000074810F01DFA01221121054810F018FAE2
:1034D0000FF006FD002008BD4038024007B032CE94
:1034E000DCA5002002464021142000F015B8024659
:1034F0000321122000F010B802460421112000F030
:103500000BB802460221102000F006B80246402106
:10351000132000F001B800002DE9FC4103248DF8D0
:103520000040B0248DF8014032248DF80240CE24B2
:103530008DF80400FF238DF8051000258DF8034059
:103540008DF806206F4607267C5D634000245FEA05
:10355000036C02D586EA430300E05B00641CDBB227
:10356000082CF4D36D1C072DEED340EA012040EA6D
:10357000024040EA03640D48016841F08051016057
:10358000006800F0805000900FF0B6FC084A10214F
:10359000084810F0B5F922461121064810F0B0F99C
:1035A0000FF09EFC0020BDE8FC8100004038024086
:1035B00003B032CEDCA500200A49486E8A6F00EBCA
:1035C00040008008824204D3886F4A6ED243904202
:1035D00006D30889012803D1012102481DF00EBD40
:1035E00070470000703D00207FB506460D4608205C
:1035F00007F034F800F048F8134C20200821CDE9FA
:103600000041CDE902402B4632461049104802F0F5
:10361000E3FD78B10021082007F09EF80122114651
:10362000082007F051F80A4802F040FD4FF0FF3043
:1036300004B070BD0121082007F08EF8082007F0C3
:103640000DF80020F4E7000000040240ACA60020C2
:10365000703D0020094810B5C06A4FF0FF3440B1FA
:10366000074881698068FFF7BFFF002800D0204627
:1036700010BD044802F01AFDF9E70000C0EA04207A
:1036800080540420703D002017F0FEBC10B51DF0E2
:10369000DFFC0AF0FBFE002010BD10B504462DED46
:1036A000028B403091ED000A0CF052FAB0EE408AE5
:1036B00084ED008A04F562700CF04AFAA06A0128D1
:1036C00020D0F0EE408A41F23871B0EE680A6018FE
:1036D0000CF03EFA84ED010A84ED048AC4ED058AFB
:1036E000002104F5D4500CF0F3FA41F6A820005D57
:1036F000C0070AD0BDEC028B2046BDE81040002177
:1037000000F00CBEF0EEC08ADDE7BDEC028B10BD10
:10371000704770B504462DED028B0D4691ED000A01
:1037200040300CF015FA606A012847D0B0EE408AAC
:1037300041F2F031B0EE480A60180CF009FA84ED5D
:10374000000A95ED010A04F562700CF001FAA06A16
:10375000012836D0F0EE408A41F23871B0EE680AA6
:1037600060180CF0F5F984ED010A84ED048AC4EDCB
:10377000058A94ED000A002104F5D4500CF0A8FA53
:1037800041F6BC2094ED010A012120440CF0A0FA7E
:1037900004F5805595F8A80AC00703D000212046FB
:1037A00000F0BCFD95F8E40AC0070DD0BDEC028B1B
:1037B0002046BDE87040012100F0B0BDB0EEC08AE7
:1037C000B6E7F0EEC08AC7E7BDEC028B70BD000023
:1037D0002DE9F04704462DED0C8B0D46403091ED60
:1037E000000A0CF0B5F941F2F031F0EE408A6018B1
:1037F0000CF0AEF9B0EE40AA95ED010A04F5627046
:103800000CF0A6F941F23871B0EE408A60180CF065
:103810009FF9B0EE40CA2AEE0A0A08EEA80A10EE96
:10382000100A1FF0F5FB41EC100B1CF035FF51ECBA
:10383000100B1EF063FD2CEE0C0A206008EE080A47
:1038400010EE100A1FF0E4FB41EC100B1CF024FFFB
:1038500051EC100B1EF052FD6060C4ED048A84ED43
:10386000058A94ED000A002104F5D4500CF030FADA
:1038700041F6BC2294ED010A0121A0180CF028FAAF
:1038800004F58057002597F8A80AC00700D0012545
:1038900018EE900A1FF0BCFB41EC190B1AEE100A4F
:1038A0001FF0B6FB41EC100BB0EE491AF0EE691AAE
:1038B0001BF05EFF51EC100B1EF020FD09EE100A0C
:1038C000E06A594E4FF0010890ED5D0AD0ED618A33
:1038D000B4EEC09AF1EE10FA02DA0025C6F80880BC
:1038E0009FED52AB9FED53BBF4EEC08AF1EE10FAA0
:1038F00021D218EE900A1FF08BFB53EC1A2B1EF00E
:103900002FFD1EF0FBFC08EE900AB06840001EF090
:10391000D8FF53EC1B2B1FF081F841EC1D0B19EE67
:10392000100A1FF075FB53EC1D2B1EF019FD1EF045
:10393000E5FC09EE100A4FF00009B4EEE89AF1EE4A
:1039400010FA03DB002000F0F9FC06E02DB10021A5
:10395000204600F0E3FCC6F8089097F8E40A00253A
:10396000C00700D0012518EE100A1FF051FB41ECF2
:10397000180B1CEE100A1FF04BFB41EC100BB0EEC5
:10398000481AF0EE681A1BF0F3FE51EC100B1EF013
:10399000B5FC08EE900AE06A90ED5D0A90ED618A50
:1039A000F4EEC08AF1EE10FA02DA0025C6F80C80B7
:1039B000B4EEC08AF1EE10FA21D218EE100A1FF010
:1039C00027FB53EC1A2B1EF0CBFC1EF097FC08EEE5
:1039D000100AF06840001EF074FF53EC1B2B1FF020
:1039E0001DF841EC190B18EE900A1FF011FB53EC77
:1039F000192B1EF0B5FC1EF081FC08EE900AF4EEC7
:103A0000C88AF1EE10FA06DB012000F097FCBDEC4D
:103A10000C8BBDE8F087002DF9D00121204600F085
:103A20007DFCC6F80C90F2E700780420112D445478
:103A3000FB211940112D4454FB21094070B5044667
:103A40002DED028B0D4691ED000A40300CF080F810
:103A5000606A012843D0B0EE408A41F2F031B0EE06
:103A6000480A60180CF074F884ED000A95ED010A1C
:103A700004F562700CF06CF8A06A012832D0F0EE08
:103A8000408A41F23871B0EE680A60180CF060F8B4
:103A900084ED010A84ED048AC4ED058A94ED000AE0
:103AA000002104F5D4500CF013F941F6BC2094ED3C
:103AB000010A012120440CF00BF904F5805090F824
:103AC000A81AC90711D090F8E40AC0070DD0BDECC0
:103AD000028B2046BDE87040002100F01FBCB0EE14
:103AE000C08ABAE7F0EEC08ACBE7BDEC028B70BDAE
:103AF0002DE9F05F04462DED028B00F58059C1627F
:103B0000002004F50056C9F8F82A9FED398A92463C
:103B10008846A6F82C030546834604EB4507F88B38
:103B200020F40060F883A08B052809D90AEB452012
:103B3000D0F884100A2903D250F8841F183101608C
:103B4000284600F0F9FB2946204600F0CDF9294629
:103B5000204600F053F804EB8501012007F580575B
:103B60004862A7F818BFA7F81CBFB6F82411C01EFA
:103B7000A8400140A6F82411B6F828110140A6F883
:103B80002811002004EB052101EB800202F5005210
:103B9000401C82ED4B8A4028F6DB6D1C022DBCDBFD
:103BA000E06A90F840016083D8F87021D8F86C1171
:103BB000204600F015FAC4F82C80D8F8A400A083A1
:103BC000A4F822B0AD2189F8201FAE2189F8211F69
:103BD000DA2086F8220186F823010648E0630648C9
:103BE0000068BDEC028BBDE8F05FFCF731BE000061
:103BF0000000000011441408282800402DE9F84373
:103C00000646C06A0F4600B1406B40F2E24100B97F
:103C1000084680B2B0FBF1F1C7EB0710C0EBC00063
:103C200006EBC00505F5DA6005F5566404294AD0AF
:103C300004DC012972D002292FD15AE0082915D0BD
:103C400010292AD1DFF80081032308F14802A2F1EC
:103C50002401CDF800800BF0CBFF08F1480220468C
:103C60000323A2F12401CDF8008014E0DFF8D8800E
:103C7000032308F16C0808F14802A2F12401CDF8F1
:103C800000800BF0B5FF08F1480220460323A2F1A3
:103C90002401CDF800800BF0ABFF41F6F8208059ED
:103CA00000EB472241F2F030291805F1400007F0FF
:103CB0007BFFC7EB071006EB8000BDE8F84300F57B
:103CC000D4500BF0CDBFDFF88080032308F1D80873
:103CD00008F14802A2F12401CDF800800BF088FF22
:103CE00008F1480220460323A2F12401CDF8008008
:103CF000D1E7DFF858800323A8F1FC0202F59071A8
:103D0000CDF800800BF074FFA8F1FC0220460323DD
:103D100002F59071CDF80080BDE7FFE7DFF82C8059
:103D2000032308F1480808F14802A2F12401CDF864
:103D300000800BF05DFF08F1480220460323A2F14A
:103D40002401CDF80080A6E7DC32160820341608DE
:103D50002DE9FC4789460446002500F5805604EB12
:103D60008508D6F8F80AD8F8303000EB452001AACB
:103D700049469847C5EB0510C0EBC00004EBC000F6
:103D800000F5DA6007469DED010A0BF0E1FE88EDD3
:103D9000020AD6F8F80A6A4600EB452049460AF0BE
:103DA000C7FE38469DED000A0BF0D2FE6D1C8DED6E
:103DB000000A022DD3DB208B618B884225D10020A5
:103DC000208304F5005104EB0022B1F82C339DED63
:103DD000000A02EB830202F50052401C82ED4B0AFE
:103DE0000228F0DB91F82C03401C00F03F00A1F802
:103DF0002C0304F10801A26B0D4620469047E26BAC
:103E0000294620469047BDE8FC87401C2083FAE7FE
:103E100010B500F5D8510446D1E90223521E43F1F2
:103E2000FF33C1E90223D14371EA030107D100F056
:103E300007F82046BDE81040002100F06FBA10BD21
:103E40002DE9F0412DED028BC16A01B1496B09B931
:103E500040F2E2418DB200F5D854FCF765FB00EE6C
:103E6000100ADFED180AD4E90060B8EEC00A801B22
:103E700060EE200A00EE100AB8EE400A20EE800A3A
:103E800010EE100A1FF084F9361841F10007284699
:103E90001EF02EFD9FED0C1B53EC112B1EF01CFB96
:103EA00041EC180B304639461EF036FD53EC182B0A
:103EB0001EF0B4FD1FF030F9C4E90201BDEC028B25
:103EC000BDE8F08100000030000000000000244048
:103ED000044A32F8441F21F4805141F4005111800A
:103EE00009F008BBA85404202DE9F041C66A86B049
:103EF0000D4604460EB1706B00E0002008B940F298
:103F0000E24087B241F6F820B4F81A80005900EB7D
:103F1000452104EB850030300AF036FE06EB8500C3
:103F200005F0FF0CD0F8E830D0F8D82050F8A81FE2
:103F30000DF1040E8EE80E100169009190ED160A45
:103F4000016C016B01680069D6F8FC30D6F8F820E6
:103F5000C5EB051004EB8000394600F5D4500BF09A
:103F600085FE29462046FFF749FEE06AD0F8A40006
:103F7000002180B2A083A4F81A802183082809D2E6
:103F8000DFE800F004060F11131517190B4800E0C5
:103F90000B48A0630B48006806B0BDE8F041FCF791
:103FA00057BC0948F5E70948F3E70948F1E709482C
:103FB000EFE70948EDE70948EBE70000113714087F
:103FC0002540140828280040133714089B3614088D
:103FD0003D3A1408113E140889401408D1371408DA
:103FE00000F5805303F5306306C3FFF729BF0000D7
:103FF00030B442F22412002311521A46012505FA68
:1040000002F40C4200D00123521C022AF7DB1BB140
:104010000349C16330BC704730BC00F0D7B9000021
:104020004543140810B504462DED028B403091ED48
:10403000000A0BF08DFD606A01281ED0B0EE408AA8
:1040400041F2F031B0EE480A60180BF081FD84EDCA
:10405000000A84ED048A002104F5D4500BF038FEE8
:1040600041F6A820005DC0070AD0BDEC028B2046B7
:10407000BDE81040002100F051B9B0EEC08ADFE782
:10408000BDEC028B10BD000070B504462DED068B13
:10409000403091ED000A0BF05BFD41F2F030B0EEE4
:1040A000408A20440BF054FDF0EE408A28EEA80A26
:1040B00008EE080A10EE100A1EF0AAFF41EC100BE1
:1040C0001CF0EAFA51EC100B1EF018F9206084ED98
:1040D000048A18EE100A1EF09BFF41EC190B18EE33
:1040E000900A1EF095FF41EC100BB0EE491AF0EE6D
:1040F000691A1BF03DFB51EC100B1EF0FFF80AEEA5
:10410000100A18EE100A1EF083FF41EC190B18EE8E
:10411000900A1EF07DFF41EC100BB0EE491AF0EE54
:10412000691A1BF025FB9FED311B51EC100B53EC72
:10413000112B1EF0D1F99FED2F8B53EC182B1EF095
:104140006DFC53EC182B1EF00BF91EF0D7F86060D5
:10415000606194ED000A002104F5D4500BF0B8FD25
:1041600041F6A8200025005DC00700D00125E06AC7
:10417000D0ED5D8A90ED618AB4EEE88AF1EE10FA36
:104180000DD218EE100A1EF043FF9FED1C1B53ECDE
:10419000112B1EF0E5F81EF0B1F808EE100A194ECA
:1041A00035B1B4EEE8AAF1EE10FA01DB86ED01AA12
:1041B000D6ED010AB0EE4A0A1EF034F8B4EEC80A91
:1041C00086ED010AF1EE10FA05DB002000F0B6F8EA
:1041D000BDEC068B70BD002DFAD0BDEC068B2046E1
:1041E0000021BDE8704000F099B80000112D445442
:1041F000FB21094000000000004CCD40112D44542B
:10420000FB2119400078042010B5838B00F5D451B0
:1042100041F6BC244FF400622044082B06D2DFE8AC
:1042200003F005040606060404068A6210BD8A62CD
:10423000826210BD044931F8440F20F4005040F46C
:104240008050088070470000A854042070B52E4D9F
:104250000400B5F8400002D0012C07D102E040F084
:10426000010001E040F00400A5F840002748D0F824
:10427000A000012842D10DF0EBF9254B002153F8A5
:104280002420861A71EB01060E4606D2821A66EBCE
:104290000101521E41F1000102E0821A66EB0101A8
:1042A00043F824000A2300209A1A884126D219488C
:1042B000418801290ED1007880070BD5FEF778F9E7
:1042C00018B91448FEF78EFA20B135F8400F40F4C3
:1042D000006012E0B5F8400020F40060A5F840004E
:1042E0000120A040C1B20C4809F00CFC3CB1012CEB
:1042F00004D135F8400F40F00800288070BD35F833
:10430000400F40F00200F8E7A8540420C0EA04205F
:10431000D0550420C83B0020F804002010B500F55B
:1043200000500122B0F826318A401343A0F826310C
:104330000846FFF78BFF10BD00BF704700BF7047F6
:1043400000BF704730B51F4C00F580522188B2F88D
:10435000183F491C89B22180022932D100212180D5
:1043600090ED020A00EB430404F58054BDEEC00A50
:1043700010EE101AA4F8181B00F5005191F8264110
:10438000E4071AD0B2F81C4F651CA2F81C5F802C01
:1043900013D3B1F8264124F00104A1F82641B1F865
:1043A000244124F00104A1F82441074CC463B1F86E
:1043B000280140F00100A1F828015B1CD8B2A2F846
:1043C000180F30BD007804201144140870B50F494F
:1043D000C16300210C468D1E00F5005200EB410325
:1043E00003F58053A3F8184FA3F81C4FB2F82461CB
:1043F00005FA01F31E40A2F82461B2F82861491CB5
:104400001E40A2F828610229E8DB70BD114414089F
:1044100000BF70472DE9F04FFE48FF4D2DED068B94
:10442000ADF50D7DB6EE00AA879005F5C0508C90D5
:10443000FA48DFEDFB9A8B9005F5DA60DFF8E4933C
:1044400000274FF0DA0B05F580558A90FCE30DF05C
:10445000FFF8DFF8D4834146C8F8E802899C207849
:104460008F285BD052DC322859D026DC142857D054
:1044700010DC0528EAD006DC012852D0022851D0F1
:104480000328E3D1E9E011284DD012284CD013289D
:10449000DCD16BE1222848D008DC152846D018284A
:1044A000D4D0202843D02128D0D1E6E123287DD0C4
:1044B00030287CD03128C9D17CE2612878D012DC48
:1044C000432876D008DC332874D0402873D04128A4
:1044D00072D04228BAD1C8E250286ED051286DD08F
:1044E0006028B3D1FDE280380E28AFD2DFE810F0AB
:1044F0000B0320033403AC038703AC03AC03AC030E
:10450000AC038B03D803AC032A046204AC287CD030
:104510002CDCA0F190001C2898D209E0FDE352E2C7
:1045200035E153E077E0CBE010E1CBE151E185E10B
:10453000DFE810F000060306050609062D063D0615
:1045400048065C0665066E068A0371068A038006C5
:104550009B068A03A306AE068A038A038A038A039C
:104560008A038A038A038A038A03D106BA2873D08E
:1045700012DCA0F1AD000D28B7D2DFE810F0F9068B
:104580001607650365036503650365039507E30780
:104590001708350891084F08F1287CD00FDCBB289C
:1045A0007AD0BC2879D0F02885D1FDE3C3E1FEE1C3
:1045B000A3E282E223E23FE247E283E28BE2F228D7
:1045C0006CD0F3286BD0F42884D1EEE34FF400765E
:1045D0003246964907A8FCF72BFA902007A94FF41A
:1045E000887223185B780B54401C9042F9DB084614
:1045F00002F0B3F90028D7D1324607A98B48FCF75F
:1046000017FA8B4A8949844800E0FDE3FFF770FA06
:1046100009F0EEFCEBE14FF40076324607A8611C8E
:1046200002F0A1F907A802F05AF90028BCD1814C88
:1046300007A8069067618020A761A060DFF8F0A15D
:1046400020460CF0DBFC28B933465246204606993A
:104650000CF03EFD002126E0F1E34FF400763246F7
:1046600007A8611C02F07FF907A802F038F90028BA
:104670009AD1704C07A80690DDF82CA267618020C3
:10468000A761A06020460CF0B9FC58B933465246E9
:104690002046069904E0FCE3FCE3FCE3FCE3FCE3D6
:1046A0000CF016FD01215C48FFF71EFC09F0A0FC90
:1046B0004046D0F8DC1241F00801C0F8DC12C5E633
:1046C000607800F00F00042805D86078574900F0A2
:1046D0000F00C1F8A4005548D0F8A41029B9D5F8A6
:1046E000A81A41F40061C5F8A81AD0F8A41002294C
:1046F0000BD1D5F8A81A41F40061C5F8A81AD5F86D
:10470000E41A41F40061C5F8E41AD0F8A4100429B1
:104710000BD1D5F8A81A41F40061C5F8A81AD5F84C
:10472000E41A41F40061C5F8E41AD0F8A4000328A3
:10473000C5D1D5F8A80A40F40060C5F8A80AD5F894
:10474000E40A40F40060C5F8E40A7FE6012186AA85
:104750000020899B5B5C1354491C401CC9B204288F
:10476000F7DB32498698C1F814016FE6012186AA69
:104770000020899B5B5C1354491C401CC9B2022871
:10478000F7DB2A49BDF81802C1F8200195E06278EC
:104790000221022A93D286AB0020899C645C1C54BF
:1047A000491C401CC9B20428F7DB12B1012A86D18A
:1047B00006E08C989DED860A80EDA50A164825E056
:1047C0008C989DED860A80EDB40A1B4808F092FE95
:1047D0003CE661780229B8D286AA0020899B03446E
:1047E0009B781354401C0428F8DB0B48C1EB0111E3
:1047F00000EB81009DED860A00F5C05181EDA60A0F
:10480000D1EDA70A20EE200A81EDA50A00F5D450CB
:10481000DCE70000089D0420B8790420C0F00420E3
:1048200000000000F8340020C0F20420C0EA042098
:10483000C0EE0420E4A9002074940420142182A86E
:10484000FCF752F91422611C82A802F08CF8FF4890
:104850008299C5F8841AC0F8D8108399C5F8881AC7
:10486000C0F8E8108499C5F88C1AC0F8B81085997A
:10487000C5F8901A40F8A81F1DE0142182A8FCF783
:1048800033F91422611C82A802F06DF8EF48829976
:10489000C5F8C01AC0F8DC108399C5F8C41AC0F86E
:1048A000EC108499C5F8C81AC0F8BC108599C5F8F1
:1048B000CC1A40F8AC1F86990162E449E44809F03B
:1048C0001FF8C3E51C2180A8FCF70EF9889E012E75
:1048D00001D9761E00E000261C2E00D91C26324687
:1048E000611C80A802F03FF84FF400742246D949B9
:1048F0006846FCF79DF880982390819821908298D3
:10490000209083988DF8000084988DF80100859898
:104910008DF802001C2E02D386988DF8030068469D
:1049200001F0DDFF0028CCD122466946C948FCF7DA
:104930007FF8002137E01C2180A8FCF7D5F8889E7D
:10494000012E01D9761E00E000261C2E00D91C265F
:104950003246611C80A802F006F84FF4007422462B
:1049600068468B99FCF764F8809823908198219091
:104970008298209083988DF8000084988DF801002B
:1049800085988DF802001C2E02D386988DF80300BE
:10499000684601F0A4FF002893D1224669468B980F
:1049A000FCF746F80121AC48FFF728F94EE507F07F
:1049B000C3FF4BE507F0E8FFA8A00522D0E90010EF
:1049C000CDE98510F2E3ADF81872022286A8611CC9
:1049D00001F0C9FFBDF8183244F62060834200DDC3
:1049E00003464FF0FF3200219E481DF095FBD8F89A
:1049F000E012404641F04001C8F8E01259E68497C1
:104A000085970C2284A8611C869701F0ACFF8499DD
:104A100044F62060814200D808468C498862859817
:104A2000102800D91020C8628F48869A824200D888
:104A3000104608638B6AD4E70846D1F8DC1241F0CF
:104A40000201C0F8DC1289A007E00846D1F8DC12A8
:104A500021F00201C0F8DC1285A0032200688690D4
:104A600086A97B4809F00EF8F0E4607800066078CB
:104A700000F07F000BD4402898D2EFF3108672B676
:104A800060787249C1F8180101217A480BE01028BA
:104A90008CD2EFF3108672B660786C49C1F81801B9
:104AA0006A480121803807F033FC7248803007F0F3
:104AB0000FFC002ED8D162B6C8E461786648FFF7D3
:104AC00097FAC3E46C4801680906FCD55F49D1F840
:104AD0001C114160BAE40846D1F8E01241F002012D
:104AE000D3E36478E00702D00020FFF7AFFBA00714
:104AF000BAD50120FFF7AAFBA8E46178A27859484B
:104B000009F066F9A2E45C4801680906FCD55BA0DF
:104B100001220068869086A9879801F043F887985B
:104B200006F012FE5648018841F0080101808DE42C
:104B3000514801680906FCD5524883AC0FC884E887
:104B40000F00514800680168CDF80D12806ACDF859
:104B500011020D2283A919E3B9F8980210B10128B6
:104B600008D014E0494E01243470FDF713FF70B1F2
:104B700074700CE00CF06CFD4449CA782AB18A6C60
:104B8000801A41F28832904201D3012048703C489B
:104B9000018849072DD590ED020AD0ED010A30EECB
:104BA000601AD0ED060A90ED030AC08CADF804023D
:104BB000AD208DF8080282208DF8090201208DF8C1
:104BC0000A0211EE100A1322CDF80B0210EE900A21
:104BD00082A9CDF80F0210EE100ACDF81302BDF82D
:104BE0000402ADF817028DF819B28DF81AB22848F0
:104BF000F1E3D8F8E012404641F0010145E3E078E6
:104C000007F0DEFA22E41E4809F0B4FA1C480780D7
:104C10001E48C0ED199AC0ED1A9AC0ED1B9A016F9B
:104C2000491C0167D8F8E01241F00101C8F8E01210
:104C30001848B0F8981221F0800141F04001A0F826
:104C40009812B9F8980227E07CE10000C0EA04203D
:104C5000F8040020C0EE0420B87904205A5A31A587
:104C6000A5000000C0F20420007102003C403E009C
:104C70003C413E0080E9042000100140800000001B
:104C8000983700201C371608DCA50020A854042003
:104C9000089D042008CD04200128B3D1FEA0DCE645
:104CA000042281A8611C01F05EFE8999142282A869
:104CB000491D01F058FEF94E308804280AD000241E
:104CC00082A981A808F008FB40B3B9F8980201282E
:104CD00002D018E00124F3E73C208DF8E8018A2097
:104CE0008DF8E9018198CDF8EA01142282A90DF529
:104CF000F770FBF716FE3E208DF802021B227AA900
:104D0000E74808F0BFFE74B9E648C0ED199AC0ED57
:104D10001A9AC0ED1B9AE14801E021E10BE009F08D
:104D200029FA01203080072005F098FCDEA1879841
:104D300006F0DCFCC3E402220421072005F0C4FCD9
:104D4000DCA1F4E7082285A8611C01F00CFE89991A
:104D5000082283A8093101F006FE85A983A809F07D
:104D600029FBD048803080ED1B0A90ED1B0ACB4810
:104D700009F020FA00227EA9D3480EF081FE00221D
:104D80007DA9D1480EF05AFE3C208DF8D8018A202A
:104D90008DF8D9017D98CDF8DA0114227EA90DF5A0
:104DA000EF70FBF7BEFD01E0EFE3EFE33E208DF88F
:104DB000F201C7E0082285A8611C01F0D4FD8999A1
:104DC000082283A8093101F0CEFD8999082281A823
:104DD000113101F0C8FDBC4E002422467AA93046AC
:104DE0000EF04EFE224679A930460EF027FE9DF8C1
:104DF000E9019DF8EA11C0EB001001EB80007C99FD
:104E00007F9029B9B14800E081E20069C0F30E014A
:104E10007B98884200D908467C9A081A1AB9AB498F
:104E20000969C1F30E0242F20F73904200D9104695
:104E30000AB1934204D1984215D9184613E0FDE314
:104E4000521C0346790842F210744FEA3200E3FB29
:104E500004014FF00003FBF79FFB631E00221B1AA7
:104E60008A4100D2601E809085A983A809F0A2FA29
:104E7000B0EE409A7FA981A809F09CFAF0EE408A32
:104E800085A939EE280A7FA860EE0AAA09F092FAED
:104E900004E0FCE3FCE39FE2FBE3FBE3B0EE408ACB
:104EA00083A981A809F086FA38EE408AB5EEC08A57
:104EB000F1EE10FA1CDD18EE100A8549884217DA67
:104EC000B0EE6A0A754809F075F9764890ED190A4E
:104ED000B5EEC00AF1EE10FA04D9B4EEC08AF1EED4
:104EE00010FA05D280ED198A80ED1A9AC0ED1B8A5E
:104EF000B5EEC08AF1EE10FA24DD684828EE0A0A01
:104F0000D0ED040AF5EEC00AF1EE10FA06D9D0EDA4
:104F1000040AF4EEC00AF1EE10FA01DD80ED040A95
:104F200090ED030AB5EEC00AF1EE10FA90ED040A16
:104F300006D9D0ED030AF4EEC00AF1EE10FA02DD54
:104F400080ED030A13E2D0ED030A9FED621A60EED2
:104F5000810A9FED611A40EE010AC0ED030A06E2E4
:104F60000422611C86A8869701F0FDFC5B488699A7
:104F7000C0F8F812544C3A4681A920460EF080FD44
:104F80003A4680A920460EF059FD9DF805029DF88D
:104F90000612C0EB001001EB8006839818B94B484D
:104FA0000069C0F30E008299814200D90146839ABC
:104FB000401A1AB945490969C1F30E0242F20F714C
:104FC000904200D910460AB1914203D1884214D9C7
:104FD000084612E0521C0346790842F210744FEA68
:104FE0003200E3FB04014FF00003FBF7D5FA631E28
:104FF00000221B1A8A4100D2601E0A21B0FBF1F187
:1050000006EB4602C2EBC61001EBC0008699C0F366
:105010001306C1F3130A4FEA11583049C1F8FC6274
:10502000204C217D99B9AD218DF810128F218DF87A
:105030001112CDF812028DF816B28DF817B20822AF
:1050400084A9274800F0AEFD879806F07DFB0AEBA7
:105050000800C0F31300301AB0F5002F02DDA0F5F0
:10506000801004E010F5002F01DA00F5801000EE4A
:10507000100A9FED1C1AE08FF8EEC00A00280948BC
:1050800080EE810A00F180004FD0D0ED1C0A9FED28
:10509000161A60EE810A29E03C893E00983700200C
:1050A000F8040020A85404205254432053455420AF
:1050B0004F4B0000455252203037303420463430B8
:1050C0002044303000000000DCA500200028004013
:1050D0000000404052B87E3F0AD7A33BC0F20420F4
:1050E000089D042000007A446666663F9FEDFD1A25
:1050F00040EE010AC0ED1C0AFB481FED051AD0ED79
:105100001C0A70EE600A90ED1D0A20EE010A60EEA6
:10511000A00A9FEDF41A00EE810A80ED1D0A09F045
:1051200025F9E08F401CE08721E180ED1C0AC0EDED
:105130001D9AE1E7FDF71AFE19E1002000E00120C9
:10514000FDF7AEFD13E160780228EDD2AD218DF8B8
:10515000081293218DF809128DF80A02C0EB001194
:10516000E248112200EB8100A0F26C5000F50050E3
:105170000168CDF80B124168CDF80F128068CDF8A8
:1051800013028DF817B28DF818B282A9F4E288994B
:105190000020032903D36078A17840EA0120D24996
:1051A00080398887012081F82900E0E05BE06078A1
:1051B00000B90120CC49803981F82700012081F80D
:1051C0002600D4E088998697022901D3647800E00C
:1051D000FF24062905D38999042286A8891C01F099
:1051E000C2FB20468699FCF7BBFBC0E088980228EA
:1051F00001D3607800E0FF20FCF7E8FBB7E0889877
:10520000022801D3607800E00020FCF77BFBAEE0D1
:10521000FDF798FAABE08898022804D36078FF285D
:1052200001D0607803E00020FDF751FA0120FDF77E
:105230004EFA9CE0AD208DF814029D208DF81502E9
:10524000AB480822018BADF81012408BADF80C0270
:1052500088B2ADF81602BDF80C02ADF818028DF850
:105260001AB28DF81BB285A986E2607810B107F0FA
:1052700005FDF2E307F028FDEFE360780A2894D1FA
:10528000D8F8E012404641F00401C0F8E012E4E32F
:10529000647800201CB1012C01D0022C85D1B9F812
:1052A0009812012912D1012C00D1022091A10422CF
:1052B000096886918DF81A0286A98F4808F0E2FBEA
:1052C0008D4806F061FB02200BF07EFF204608F0BF
:1052D000D3F8A12015E06078BA2886D1B9F89802F1
:1052E00001280DD185A004220068869086A98248F5
:1052F00008F0C8FB804806F047FB02200BF064FF73
:10530000AB207F49486001200BF05EFFC6E160786A
:10531000CA288ED1B9F8980201280DD179A00422AB
:105320000068869086A9744808F0ACFB724806F0C5
:105330002BFB02200BF048FF7149AC204860012094
:105340000BF042FF704C206840F080402060142039
:105350000BF03AFF6DA1704814F03CF964200BF09B
:1053600033FF206840F480402060FBF779FD74E350
:105370006078DA288BD1142182A8FBF7B5FB82A8CC
:1053800016F0E2FA65A002220068819064A081A96B
:1053900000688090879800F005FC122282A9879807
:1053A00000F000FC022280A9E6E1B9F89802012889
:1053B0000DD15CA003220068869086A94E4808F0B3
:1053C00061FB4D4806F0E0FA02200BF0FDFEFEF70F
:1053D00069F8AE2095E7D0E1002653A08696D0E983
:1053E0000010CDE98410701E839088984FF0010A58
:1053F00005281ED3607855281BD1A078342818D1F1
:10540000E67820798690102E09D0112E07D0122E22
:1054100005D0132E03D0142E01D0032008E008F08D
:10542000F5F820B1D8F8DC0210F0020000D002201C
:10543000824686988DF812A28DF814028DF81362B8
:10544000082284A9879800F0ADFB20B9879806F060
:105450007BF9839010B18398801C88D1192187989B
:10546000FDF7ECFC002885D1BAF1000FF5D1102E24
:105470000BD0112E0DD0122E0FD08698142E10D0D6
:10548000FEF744F80028E8D108E18698FEF739F8DD
:10549000F8E78698FEF730F8F4E78698FEF727F8E5
:1054A000F0E7FEF71FF8EDE708F0B0F820B1D8F804
:1054B000DC0210F0020F05D08397849785970222B3
:1054C00086973AE0899841784F2905D18178542907
:1054D00002D1C17841292BD08397849785970122E7
:1054E00086972AE0CDCCCC3D28550420B8790420FD
:1054F000703D00203CA1003EF80400203CABBA3EC9
:10550000001001403CACCA3E180802403C504556D1
:10551000454E3E000000000054A90020ADDA000016
:10552000DADA00003CAE3E00ADBC00000004DADA7E
:1055300083A9001DFDF7FCFC0246859883ABB421CE
:10554000009067E0829781970422611C82A880976F
:1055500001F009FA8999042281A8491D01F003FA92
:105560008999042280A801F2092101F0FCF908F0D0
:105570004DF820B1D8F8DC0210F0020F07D0839765
:1055800084978597022286970BE055E124E283A851
:105590000090DDE98110899A809B0932FDF7EEFECB
:1055A0000246819883ABB521009033E00422611C50
:1055B00082A8829701F0D7F908F028F820B1D8F82E
:1055C000DC0210F0020F05D08397849785970222A2
:1055D000869704E083A98298FDF76EFD02468598C0
:1055E00083ABB621009015E008F010F820B1D8F890
:1055F000DC0210F0020F05D0839784978597022272
:10560000869703E083A8FDF72BFE0246859883ABBF
:10561000B72100908798FDF707FB1EE294F803A0DE
:10562000012683978497859786976078472818D1B5
:10563000A0784F2815D107F0E9FF00E0A0E020B1E5
:10564000D8F8DC0210F0020F01D0022609E083A88E
:10565000FDF706FE060004D19DF80C02022800D0DA
:105660000D268598009083AB3246B9218798FDF7C7
:10567000DBFA002E7ED100287CDB19218798FDF70C
:10568000DDFB002876D19DF80D02514603E007E1CD
:10569000A1E037E16BE1FDF7F7FEF3E619F0C6FE96
:1056A00001204FF0FF0A6178D0460026562952D1DA
:1056B000A17833294FD107F0A9FF50B107A94FF4C2
:1056C000805010F05FFDC0B25FEA000803D00320F5
:1056D00041E002203FE00126002007AC7102225C7D
:1056E000FF2A01D0002606E0401C8842F7D316B1FD
:1056F0004FF0000A2CE0FF224FF400712046FBF728
:10570000C9F907A94FF4805012F01EF8C0B25FEA41
:10571000000A01D004201EE04FF4007107A8FBF737
:10572000E3F907A94FF4805010F02CFDC0B25FEAF6
:10573000000801D005200EE0012600207102225C45
:10574000FF2A01D0002605E0401C8842F7D30EB1A5
:10575000002000E00620C8A1D1E90021CDE9052103
:105760008DF816008DF818808DF817A08DF8196047
:10577000082200E02EE005A9879800F013FA69E1FD
:1057800007F044FF30B389990422869786A8491C04
:1057900001F0E9F8AD208DF80C00BA208DF80D006D
:1057A000869803ACCDF80E00A11D10F0EBFC02AA08
:1057B0004FF40071A01D02970AF0B3F9ADF8120280
:1057C0008DF814B28DF815B240F20A2203A9879819
:1057D000FDF796FA41E107F019FFE8B38999042231
:1057E000869786A8491C01F0BEF889994FF4007489
:1057F000224606A8491D01F0B6F88999ADF8147043
:10580000022205A801F2052101F0ADF804AA214603
:1058100006A804970AF085F9BDF81410884203D150
:1058200006A9869811F090FF95A001AB07C883E800
:105830000700092201A99FE786AA4FF40171879802
:1058400000F024FA40B98698AD2100F8011BF02140
:1058500000F8011B002400E068E086908998ADF80C
:10586000147200EB4401022285A8491C01F07BF868
:10587000BDF9140200EE100A8A98B8EEC00A0AF0C8
:1058800067F9BDEEC00A8698641C10EE101A00F885
:10589000011B090A00F8011B8690FF2CDEDDD1E018
:1058A00086AA4FF40171879800F0F0F9F0BB869852
:1058B000AD2100F8011BF12100F8011B00248690A6
:1058C0008998ADF8147200EB4401022285A8491CA6
:1058D00001F049F8BDF9140200EE100A8A98B8EEFA
:1058E000C00A0AF035F9BDEEC00A8698641C10EEB5
:1058F000101A00F8011B090A00F8011B8690FF2C02
:10590000DEDD9FE086AA4FF40171879800F0BEF9B2
:1059100060B98698AD215D4E00F8011BF22100F8B8
:10592000011B00248690ADF8147200E064E08998B1
:10593000022200EB440185A8491C01F014F8BDF9CE
:10594000140200EE100A3046B8EEC00A0AF000F960
:10595000BDEEC00A8698641C10EE101A00F8011BF8
:10596000090A00F8011B8690FF2CDCDD6AE086AA9C
:105970004FF40171879800F089F9E8BB8698AD2152
:10598000434E00F8011BF32100F8011B0024869010
:105990008998ADF8147200EB4401022285A8491CD5
:1059A00000F0E1FFBDF9140200EE100A3046B8EE37
:1059B000C00AB0EEC00A0AF0CBF8BDEEC00A869865
:1059C000641C10EE101A00F8011B090A00F8011BF4
:1059D0008690FF2CDCDD35E086AA4FF401718798B4
:1059E00000F054F940B98698AD2100F8011BF4216C
:1059F00000F8011B002400E02FE0264E86908998D5
:105A0000ADF8147200EB4401022285A8491C00F095
:105A1000AAFFBDF9140200EE100A3046B8EEC00A23
:105A2000B0EEC00A0AF094F8BDEEC00A8698641C75
:105A300010EE101A00F8011B090A00F8011B8690ED
:105A4000FF2CDCDD00F801BB00F801BB86908798D5
:105A500000F0BDF8879805F077FE88AA89A9879895
:105A600005F09AFA00283EF4F2AC0DF50D7DBDEC80
:105A7000068BBDE8F08F0000ADB800000000DADA58
:105A8000ADBB0000000000DADA000000D083042083
:105A9000A88D0420F090042070B500F58053D3F851
:105AA0000C499CB3D3F8085900EB850606F58056DF
:105AB000D6F84C4800EB450000F58050B0F834585B
:105AC00011B1D6F804680E6002B11460D3F8081959
:105AD000491C0C29D3F8081901D2491C00E00B39E4
:105AE000C3F80819D3F80C19491EC3F80C19B3F8F8
:105AF0007C182144A3F87C18B3F87C182944A3F837
:105B00007C180021A0F83418084670BDFFE74FF05C
:105B1000FF30FAE730B500F58053D3F80C29A2B373
:105B200093F8FC280024C2B9D3F8082900EB8202BC
:105B300002F58052D2F80428C3F8F028D3F80829D7
:105B400000EB820202F58052D2F84C28C3F8F82804
:105B5000C3F8F448012283F8FC28D3F8F428D3F8DA
:105B6000F0581544521CC3F8F4282A780A70D3F868
:105B7000F418D3F8F828914205D383F8FC480022A2
:105B80001146FFF789FF002030BDFFE74FF0FF30DF
:105B9000FAE700F580500021C0F8F41880F8FC18EE
:105BA00008467047F8B514460D4606466A46214633
:105BB00000F06CF810B14FF0FF30F8BD22462946D6
:105BC0000098FAF7AEFE304600F001F8F8BDF0B5E7
:105BD00000F5805191F8EC284FF0FF36BAB1D1F8BA
:105BE0000C290C2A13D2D1F80049D1F8E05800EB67
:105BF000440303F580532A1A921EB3F8343892B244
:105C0000B1F87C78D1F8E8C89C44674501D23046A9
:105C1000F0BD00EB840000F58050C0F80458D1F8C6
:105C2000E848C0F84C48B1F87C08D1F8E84823446B
:105C3000C01AA1F87C08D1F8E8081044B0F5C05F9C
:105C4000D1F8E80801D3A2F5C0521044C1F8040904
:105C5000D1F80009401C0C28D1F8000901D2401CE1
:105C600000E00B38C1F80009D1F80C09401CC1F85C
:105C70000C09D1F81009401CC1F81009002081F866
:105C8000EC08C1F8E808C1F8E408F0BD2DE9F041DE
:105C900000F580549046D4F8042986B093B2C3F539
:105CA000C05295B20022561EB1F5C05F73DCD4F825
:105CB0000C790C2F6FD2A94201DB2A460023B4F8DD
:105CC0007C588F18BD4266DB03449B1CC4F8E03847
:105CD000C4F8E8180026C4F8E468012184F8EC1838
:105CE000D4F8001900EB410101F58051A1F83428E6
:105CF000D4F80019294F00EBC105324669463846F1
:105D000005F5C4550DF0BCFE324605A938460DF028
:105D100095FE9DF801009DF80210C0EB001001EB0C
:105D2000800028601E4B029810B91869C0F30E005D
:105D30000199814200D90146029A401A12B91969A3
:105D4000C1F30E0242F20F71904200D910460AB11F
:105D5000914203D1884214D9084612E0521C0346EE
:105D6000710842F210774FEA3200E3FB07014FF06F
:105D70000003FAF711FC7B1E00221B1A8A4100D295
:105D8000781E6860D4F8E0180020C8F8001006B04B
:105D9000BDE8F081FFE73046F9E70000DCA5002010
:105DA0000028004000F58050D0F8E428D0F8E8380A
:105DB0009A420AD2D0F8E428D0F8E0381344521CB2
:105DC000C0F8E428197000207047D0F8E418491C86
:105DD000C0F8E4184FF0FF307047A0F21C7000F5D7
:105DE00000500021017241600160016B491C016398
:105DF0000020704700F58050D0F8E818D0F8E4088B
:105E0000081A704710B500F58053D3F80C499CB1BF
:105E1000D3F8084900EB840404F58054D4F804480E
:105E20000C60D3F8081900EB810000F58050D0F821
:105E30004C081060002010BD4FF0FF3010BD00F581
:105E40008050D0F80C09704710B5044641F618117F
:105E5000FAF74AFE04F580544FF4C051A4F87C18B8
:105E6000002010BD10B504480FF06FF9BDE81040D8
:105E7000024807F05ABC000054A90020F804002092
:105E800010B5044616F0ECFB2046FCF72DFEFDF79E
:105E900021F8FCF7B5FD094805F061FE24B1BDE825
:105EA0001040064803F0DEBB0548C16841F40051CC
:105EB000C160BDE81040014805F046BC089D0420C3
:105EC0000010014003480078122802D1024809F06E
:105ED0003DBB70474801002090FB042000BF704785
:105EE0002DE9F04F514986B003AE1CC98DE81C0066
:105EF0000EC986E80E00DFF830C100252C464FF0B1
:105F0000FF3ED8B3066ACEB30023EA460DF10C0972
:105F10004FF00C0B5AF82320002102EB8207C7EB4D
:105F2000C2120BEB820859F821204244571C6745E6
:105F300008D2B25CF75D02F07F0247EA022205EB6D
:105F40005215641C491C0329EDD35B1C032BE1D3C0
:105F5000A4B1B5FBF4F1A1F50073DA17A0F848106D
:105F600003EB127290F84A30314D03EB2214036DAB
:105F7000EA698B4207D2521CEA6117E0FFE77046DC
:105F800006B0BDE8F08F2A4B466D9B698E4201D961
:105F90005B1C0AE0002A01DC002200E0521EEA61DC
:105FA000002B01DC002300E05B1EAB610022FF2C14
:105FB00003DDFF2180F84A1006E0002C02DA80F8A9
:105FC0004A2001E080F84A40E969202906DD90F87E
:105FD0004B1001B1491E80F84B10EA61A9692029D4
:105FE00007DD90F84B10032900D0491C80F84B10B6
:105FF000AA6190F84D2090F84A309207120E42EABA
:10600000032290F84B30017E03F0030342EA0312AF
:1060100090F84C3001F0030103F0030342EA8302DD
:106020000A4302830020ABE70C6702004C4B1608C2
:106030002456042070B501682023CA6C916D92F833
:106040005C2003FA02F28A6002680824D26C92F89B
:106050005C2004FA02F28A6002681025D26C92F881
:106060005C2005FA02F28A6002680126D26C92F87E
:106070005C2006FA02F28A6001688A6C916D92F8DF
:106080005C2093408B600268926C92F85C20944094
:106090008C600268926C92F85C2095408D6000687C
:1060A000806C90F85C0086408E6070BD10B5002159
:1060B000017101810221C18000F002F8002010BDB1
:1060C00010B504480DF025FF0348016841F4802114
:1060D000016010BDACA60020180402402DE9F04775
:1060E00005460BF0B5FA696C401A19494862284612
:1060F00000F0A0FB284600F080FAA88B022101EBFB
:1061000000144FF4F67044434FF0FF394FF48038D9
:106110004FF6FF7614E02879B8B1E888052814D046
:10612000444501D3304600E0204687B23946284630
:1061300015F0BAFA287940B1E888052805D0E41BA3
:10614000002CE8D10020BDE8F0874846FBE70000BE
:10615000245604202DE9F04186B004460E46808A7C
:10616000009001A9012000274FF0030881E8810178
:106170006946E0680BF07AF9A18A0022E0680BF02A
:1061800062FA01200BF020F8002514E0A18A012218
:10619000E0680BF058FA002000BF401C0528FBDB2C
:1061A000A18A0022E0680BF04EFA002000BF401CDC
:1061B0000528FBDB6D1CB542E8D3A08A009001A93D
:1061C000022081E88101062004906946E0680BF016
:1061D0004DF906B0BDE8F0812DE9FC5F344D044671
:1061E000DDF830B0DDF838A0686898461746894673
:1061F000401C68600026AE60042045F82060401C0A
:106200000C28FAD3012000F073F826712681C4F817
:106210000CB0C4F800900D98A082C4F810A00F989C
:10622000E08200F04DF820680068016841F040010C
:1062300001600520A0832762E662861F1FB11D4909
:106240004046884504D2AE60E02000F051F80AE0F4
:106250000246394604F160001BF0C4F8204600F005
:10626000DBF838B1A860207940F008002071304692
:10627000BDE8FC9F207940F0010020710EA0D0E91C
:106280000010CDE90010206A0160BDF80410818083
:106290000220E080002120461AF0B0FE01212046B5
:1062A0001AF0ACFE062000F023F80020E0E7000022
:1062B000D4F904200071020043453332430000004A
:1062C000094810B5016841F00401016032200AF06C
:1062D0007BFF0648006810B104480DF01AFEBDE8C7
:1062E000104014F0D1BE000018040240ACA60020FB
:1062F00010B5034C20600BF0ABF9E06010BD00005E
:10630000D4F904202DE9FC470446D0F82080002071
:10631000009001900520A08340F6DF20208342F604
:106320006400608301212046FFF714FF208B902139
:1063300041EAD0318DF80010C0098DF80100207EAF
:10634000922140008DF80200608B4FF47A7741EA89
:10635000D0308DF80300608B3B46C0098DF80400F7
:10636000A07E032240008DF805006946204600F01B
:106370008DFA3B46032220460DF1030100F086FA18
:1063800001200AF021FF0A212046FFF7E3FE0C213D
:106390002046FFF7DFFE0320FFF7AAFF4FF4F67653
:1063A00032465521204600F0DBF94FF0FF3508B1A9
:1063B000E2200AE00420FFF79BFF4FF4767255219C
:1063C000204600F0CDF928B1E320FFF791FF2846E1
:1063D000BDE8FC872046FFF781FEB146DFF830A01C
:1063E00000254FF4A07653464A464146204600F029
:1063F00055F86D1CB542F6DB3B460C22054920469C
:1064000000F04CF80520FFF773FF0020E0E70000E4
:10641000A086010004FA042010B504460220FFF70C
:1064200067FF204600F081F828B1E120FFF760FF08
:106430004FF0FF3010BD2046FFF764FF10B16FF042
:10644000010010BD002084F84A00012084F84B00B0
:10645000022084F84C0084F84D004FF4B37060655E
:1064600040F29920206598202083207F4FF4097105
:1064700000F00F0041EAC02060832068C26C016810
:1064800012680C3191600168C06C0C310068816049
:10649000002010BD002070470020704770B51546E1
:1064A0000C46064600F0C6F9304600F0A6F806E0B5
:1064B0000021304616F032F804F8010B6D1E002D55
:1064C000F6D170BD70B515460E46044600F0B2F91F
:1064D000204600F092F8A6632046A562BDE8704011
:1064E00015F074B910B504460BF0B2F8616C401A9F
:1064F00008498862204600F09DF9204600F07DF8AA
:10650000054A42F210732046216AFFF7DBFF0020A4
:1065100010BD0000245604200C67020010B500F0E6
:10652000B9F8FFF7CFFC002010BDF0B587B00446E6
:10653000C08A029002200025CDE9030503200590C2
:106540000620069002A920690AF090FF0095052018
:106550000195A08340F6DF20208342F66600608329
:1065600001212046FFF7F6FD208B902141EAD03132
:106570008DF80010C0098DF80100207E92214000A6
:106580008DF80200608B6F4641EAD0308DF8030031
:10659000608B4FF47A76C0098DF80400A07E40002D
:1065A0008DF8050001212046FFF7D4FD3346032274
:1065B0006946204600F06AF933460322F91C20465A
:1065C00000F064F96D1CFF2DECDD01200AF0FCFDEC
:1065D00007B00020F0BD10B5816A59B9016809689B
:1065E0004968C90703D0FFF725FD002010BD03212E
:1065F0001AF004FD4FF0FF3010BD08B5006800210F
:1066000002689160006802E0017B8DF800108168EB
:10661000C943C907F8D008BD7CB504460BF018F88B
:1066200005460BF01BF84FF47A7110FB01F0616C1A
:106630006564691AB0FBF1F0A0650020009001903C
:10664000608B902120F002006083208B41EAD031E2
:106650008DF80010C0098DF80100207E92214000C5
:106660008DF80200608B41EAD0308DF80300608B1A
:10667000C0098DF80400A07E40008DF80500FFF7EA
:106680002DFC4FF47A7306226946204600F0FEF88E
:1066900000207CBD10B50279046822F0040202716A
:1066A000226842F21071536823F003035360E26CD6
:1066B0001268136823F001031360A26C1268136858
:1066C00023F0010313600268126800E000BF9368C2
:1066D0009B0701D4491EF9D221680A6822F04002C2
:1066E0000A60E16C09680A6822F484720A60A16C8D
:1066F00009680A6822F48C720A60FFF79BFC206824
:10670000016841F04001016010BD00002DE9F04139
:1067100080460AF09DFFD8F84410104C401A606281
:10672000404600F087F84046FFF767FFE4684FF403
:106730008036751E04F570740AE0B44201D3284611
:1067400000E0204687B23946404614F0ADFFE41B16
:10675000002CF2D10020BDE8F08100002456042076
:106760002DE9F74F009800F065F80098FFF745FF16
:10677000002402982746A0F1010A2546A146264694
:106780004CF2503BA04639E00021009815F0C6FEBF
:10679000002801DA08F10108C1B225B1A9420DD0E3
:1067A000002500240BE0552905D0AA2901D08946EF
:1067B000F7E7AA2500E05525012400E0641CBC424F
:1067C00000D927463146761C594517D91649029AF1
:1067D0000A614E618F61C861009800680068806836
:1067E00008621248006848621048001D006888620C
:1067F000C1F82C804FF0FF30BDE8FE8F5445C3D365
:106800000B48AA23FF224169002009EA02049C42A6
:1068100005D05B085208401C491C0828F5DD00988B
:10682000FFF798FC0020E7E7D4F9042010040240A9
:106830002456042000B5017985B08A070CD521F0D3
:1068400002010171C18A009100210191022102918E
:10685000006969460AF00AFE05B000BD00B501797D
:1068600085B08A0710D441F002010171C18A0091FC
:10687000022101910021029103210391062104913B
:10688000006969460AF0F2FD05B000BD2DE9F0414E
:1068900015460C4607460668FFF7E0FF3846FFF747
:1068A000ACFE05E02178384615F038FE641C6D1EFC
:1068B000002DF7D130688168C943890701D500BF31
:1068C000F9E7BDE8F08110B5B0F90610022902D051
:1068D0000222C28089B21AF091FB002010BD4FF055
:1068E000FF3278B30021435CFF2B02D0435C402B86
:1068F00031D2491C8029F6DBD0F8801002292AD831
:10690000D0F88C10F1B1D0F88C10B1F5007F22D8FE
:10691000D0F884100A291ED2D0F888100A291AD279
:10692000D0F8801021B1012904D0022913D10AE046
:10693000007803E00178FF290DD04078FF280AD0C5
:106940000020704707E00178FF2904D04178FF2933
:1069500001D08078F2E71046F3E708B100207047D5
:106960004FF0FF30704703E011F8013B00F8013BA6
:10697000521EF9D27047B0F80402084201D000203C
:1069800070474FF0FF3070470021C0F80012A0F8A8
:106990000412704770B586B002F084FB6C4CE0794D
:1069A00038B106F0F7FF20B102220421032003F0E2
:1069B0008BFE06F053FF00256576A5766548664C8C
:1069C0008585206A0DF04EFE60690DF04BFEE06992
:1069D0000DF048FEA0690DF045FE606A0DF042FE24
:1069E000A06A0DF03FFE206A0DF098FE60690DF080
:1069F00095FEE0690DF092FEA0690DF08FFE606AD1
:106A00000DF08CFEA06A0DF089FE54480BF030F8B2
:106A100001210802524B4200CDE90201CDE90023D9
:106A2000504A4E494B4803F077FF10B9494804F0EB
:106A300093F94A480AF05BFE48480BF081FB4A484C
:106A4000FFF734FB49480DF064FA48480DF0D6FAD8
:106A500047480DF05EFA46480DF0D0FA45480DF073
:106A600058FA44480DF0CAFA434C00220821204647
:106A70000AF0E9FD41480DF04CFA40480DF0BEFA2D
:106A80000122042120460AF0DEFD14216846FAF7AF
:106A90002BF808200326CDE900066946029520461A
:106AA0000AF0E4FC14216846FAF71EF80420CDE948
:106AB00000066946029520460AF0D8FC30480EF0E0
:106AC00044FB2F480EF08EFB2E480EF03EFB2D4867
:106AD0000EF088FB2C480AF07DF82B480AF0C2F82B
:106AE00014216846FAF700F8F002CDE9000669467D
:106AF000029520460AF0BAFC2448B0F89802012812
:106B000004D12348806A08B115F0E6FEA06940F47C
:106B10000040A061A06940F08070A061104818306A
:106B2000016841F080510160016841F480210160F9
:106B30001848016821F0010101601748A0F8685168
:106B40001648016841F00051016006B070BD0000B8
:106B5000A85404205CF9042070DF042088A50020DC
:106B60000004024044AA0020703D002054A60020EA
:106B7000ACA6002004A7002000000240FCA50020D5
:106B80000CA900209CA9002040A50020F83400207A
:106B9000C0EA0420B45504208001002018080240F7
:106BA00010B586B002F07EFA14216846F9F79CFF12
:106BB000042000900120019002900320104C0390CB
:106BC000694620460AF052FCA06940F00400A0612A
:106BD00015F038FD15F06AFD15F00AFE15F074FD8C
:106BE00006F0AAFFA06940F48070A06164200AF05A
:106BF000EBFA0448016841F48051016006B010BD11
:106C000000000240180402402DE9F04F3B48A1B0BB
:106C1000808B002862D03A48816E00295ED1012124
:106C20008166DFF8E0B0DBF820000BF5A07A84097C
:106C30009AF8400168B19AF84001042800D2042073
:106C4000DFF8C090E84609F10809844241D90446BA
:106C50003FE00120F1E7DBF814505F46DBF820004D
:106C6000402838D3274B40265A6858694030904214
:106C700003D3B0FBF2FC0CFB1200586109F11801C0
:106C800051E8000F801B41E80002002AF8D1B86BE0
:106C900046191C484030806B0544DAF8000000B308
:106CA0000020414636F8102021F81020401C2028F2
:106CB000F8DB0020414635F8102001EB400352007C
:106CC000401CA3F840202028F5DB69460B48FDF75F
:106CD0003FF8641EBFD20A480021816621B0BDE89A
:106CE000F08F0027384600F0B3F836F8101028F877
:106CF00017107F1C202FF5DBDBE70000B87904209C
:106D00002855042080E9042008490A6842F080528E
:106D10000A60096806490A6842F480720A600968D4
:106D200004490860BFF34F8F7047000040380240AD
:106D300000700040842800402DE9FF4102F0ACF9CA
:106D4000334CC4F8B401206881B204F5006007F048
:106D500031FF05F055FA20B14FF0FF3004B0BDE827
:106D6000F0812C4EB06B58B106F14007B86B38B1CA
:106D70007068B0F5007F03D378687168884202D0EC
:106D80006FF00100EAE72448054611F041FB234873
:106D9000716840224069CDE90252CDE90010BB6B19
:106DA0001F492048B26B11F059FA256800201A4A91
:106DB000CDE90000983A014654689C2600EBC002D9
:106DC00006EB8202DDE90037A258D31841EB070237
:106DD000CDE90032401C0428F0DB1046124A991A13
:106DE00070F1000001D2012100E0002144F6206092
:106DF000854200D300210D4801F07EF80C4A044979
:106E00000C48FCF775FE0B48FDF7FEF90020A5E7DE
:106E1000C0EA042080E9042058F3042070DF042035
:106E200004A7002054A60020C0C62D008001002029
:106E3000C0EE0420B87904200448016841F4C06120
:106E40000160BFF34F8FBFF36F8F7047003C02406C
:106E5000014600F01F00202902D2401E00F01F0052
:106E6000704700002DE9F05F1B4800263746008977
:106E70004FF004095FEA000802D0B8F1400F01D9D1
:106E80004FF04008FF2208211448F9F703FE0025BF
:106E90001348002400EB452ADFF840B012E005FB60
:106EA00009401AF8042008280BD2FF2A09D04245CD
:106EB00007D20BF8002001200021F9F7E5FB06437B
:106EC0000F43641C4C45EAD36D1C022DE0D33046C1
:106ED0003946BDE8F09F0000C0EA0420D8550420E0
:106EE000C0EE04200F490A6842F080520A60096827
:106EF0000D490A6842F480720A600A4A3032126808
:106F000012040DD50968C9050AD5084940F48070F6
:106F10000860BFF34F8F091F05480860BFF34F8F0C
:106F20007047000040380240007000408C2800404C
:106F300017FA32CE41F6FF7108446FF30C00704728
:106F400070B50D46040021D04FF40071F9F7CCFD67
:106F5000FF2280212046F9F79DFD2570681C4028FE
:106F6000284600D2401C6070A81C402800D2AD1CEE
:106F7000A570FF2004F8030F0020C4F87D00C4F8BA
:106F80008100C4F885000120C4F8890070BD2DE996
:106F9000F04F89B01646129C98468A465FEA00096F
:106FA0007DD0BAF1000FFBD0002CF9D0B9F86C00FD
:106FB000002874D140212046F9F796FDB9F96C00FC
:106FC00000EBC00109EB810191F890508031002D58
:106FD000E6D0042D63D80F7EAF4260D20A685245D6
:106FE000E7D156EA0800DBD0F005E2D104E051F821
:106FF0002020002AD4D0401C8542F8D8760A46EAE0
:10700000C8564FF0000A4FF0FF314FEA58282A4681
:1070100053460846F9F7C0FA801B71EB08017ED38E
:10702000A5FB06030AFB063305FB0833CDE9040381
:10703000C01B73EB0A0332D3DDE90420D21B60EBE3
:107040000A00C4E900204FF0010A4FF0000C0AEBDF
:10705000CA01CDE906CC09EB8106AAF1010704EBD0
:107060008705D6F89400E862D6F89C00E34680369F
:10707000A0B3328CB2F1000830D0E3464FF0FF31BC
:107080005B460846F9F788FADDE90423801A99413E
:10709000C5D3DDE9043C4046A0FB031800E087E0CF
:1070A0000BFB038300FB0C30D6F814C06FEA0B0215
:1070B0006FEA0C035B1A824131D31CEB01014BEBED
:1070C0000002C1F30800E8624FEA512C0120E119E7
:1070D0004CEAC25C4FEA522B81F8380009EB87007A
:1070E0000022006F10EB0C004BF10001D0F1FF33D8
:1070F00088468A4113D32862D4E900219646D243B8
:107100000091C943B2EB0C0271EB0B0107D300995C
:107110001EEB0C0241EB0B01C4E9002100E096E0FC
:10712000E11991F8381011B950EA080104D0317C06
:10713000012943D13168D9B350EA08015ED04FEA42
:10714000482343EAD05342024FF0000C06A94FF403
:1071500000708DE8031093469846614630681AF037
:107160004DF900282ADBDDE90602C10526D104EB32
:10717000C701C1E90202DDE90610B1EB0B0270EBB9
:10718000080201D3002006E0BBEB010168EB00021E
:10719000480A40EAC2502862DDE90601BBEB000361
:1071A00078EB010205D2B0EB0B0061EB080102E0C5
:1071B00004E0002001468846C10503D0022009B042
:1071C000BDE8F08FD4E90036410A41EAC851B34620
:1071D000DF434FEA5822F6437F1A964137D35918B6
:1071E0004BEB0206C4E90016E96A0023461A78EB65
:1071F000030201D3EB6201E0081AE8620AF1010A16
:10720000BAF1030F7FF721AFD9F80C00B0F5004FAA
:107210001DD9D4E900120023D1F1FF34934116D3D4
:107220000024D9F81C50661ED5EB060564EB040358
:107230006D1A93410BD3D9F84C30A0F5004083422E
:1072400005D2C01A64EB0404401A944101D2012013
:10725000B5E70020B3E7000010B50446807CF0B12C
:1072600013480068C00720D10EF0C6F9002803DDDE
:10727000204601F042FC18E003DA204601F047FC0A
:1072800013E00B48001D006878B9B4F86800C0F33B
:107290000E00411C0A28F0D8A4F8681005E094F804
:1072A0007C0010B90220A4F86801002010BD000085
:1072B0005864024070B51C461546062902D94FF0A5
:1072C000FF3070BD01EBC10100EB810000232246BD
:1072D000294680301AF083FF002070BD38B51C4667
:1072E000049B1546062902D94FF0FF3038BD01EB4B
:1072F000C101002200EB8100009222462946803025
:107300001AF07EFF002038BD2DE9FF47044650F8F3
:10731000807FD0F86C90A07C00287DD1B4F8680004
:10732000000403D5032004B0BDE8F0870020CDE9B8
:107330000200B86979687C4D00264FF001084FF4CF
:10734000007A884224D902AB524600213846009682
:107350001AF0E7F800281ADD02AA3946204600F0A4
:107360007FFA012801D008BB02E084F8408024E0C5
:10737000D4E90E10DDE9022389185841C4E90E1042
:1073800084F840802961686185F8008000E00DDBA9
:10739000206F18B9606F08B9A06FB0B101273946E6
:1073A000204600F0E2FC012807D058B184F8408064
:1073B000002000F059F90220B5E7072000F054F949
:1073C0000120B0E77F1C032FE9DDDFF8608198F82A
:1073D0000000D8B3B4F84C00C00405D00020A8B316
:1073E000A4B3A07C90BB01E00120F8E794F87D00F5
:1073F00060BB94F87C0048BB0022D44602EBC2017B
:1074000004EB8101D1F89C00803198B10F7C8FB1E1
:10741000042F21D8486900E070E060451CD20020AC
:1074200006E051F820308BB19B69634514D8401CAD
:107430008742F6D8521C062AE0D30121204601F0EB
:10744000B5FC20B1022000F00FF96BE004E088F8F1
:107450000060E069606265E0E07C98B3B4F96C00BC
:1074600000EBC00004EB8000D0F880008069B0F52C
:10747000806F28D20020524600EBC00304EB83014A
:10748000D1F8941091421ED2401C0628F4DBB4F8C7
:10749000600098B300221146104600EBC00704EBD1
:1074A0008703D3F89C309A187141401C0628F4DBFE
:1074B000D4F85C01036844F62067BB420AD2C06A74
:1074C00040B902E01BE0EE601FE01948101A71F1AC
:1074D000000001D3142700E000270AF0B9F80FB12B
:1074E000E96809B9E8601FB1E968401AB84219D3E0
:1074F000E07C10B10FF058FEE674EE6012E0EE6032
:10750000D9F81800616E884203D3204601F0D4FBFD
:1075100008E0012104F5B870FFF72DFA10B92046F4
:1075200000F03DFD0020FEE610780420D254042037
:1075300080841E002DE9F05F04004FF000054FF03D
:10754000FF3A61D0B4F96C0006285DDAB4F96C003A
:1075500000EBC00004EB800090F890108030002910
:1075600076D00768002F73D0DFF8E880A94604269C
:107570004FF4007B64E0A07C90B3D8F80000C00713
:1075800012D10EF039F8002803DD204601F0B5FADB
:1075900056E002DB3048006830B1B4F8680040F4CF
:1075A0000040A4F868002DE02C4805F10105854253
:1075B00046D92B4942F210702A4B00E000BF9A686E
:1075C000920701D4401EF9D2586820F0020058609A
:1075D000D8F80020404622F00102C8F8002001E05F
:1075E00013E000BF0268D20701D0491EF9D200683B
:1075F000C007D2D1186820F040001860186840F029
:107600004000186084F8129022E0A06968B1656BB0
:10761000A4F86861204601F080F9606BA84217D198
:10762000B4F86800000413D409E0A4F868612046A7
:1076300001F042FB60B9A07C08B9A06940B1002507
:10764000B869584597D2A4F868610020BDE8F09F5A
:107650005046FBE7586402405C64024080841E0090
:10766000A0860100003001402DE9F041DFF8908153
:10767000012508280ED008F58076624C7168491CF7
:107680007160A90208285CD2DFE800F00D2F735B5F
:10769000425B672603210122084603F015F888F8AB
:1076A0002850BDE8F08194F87D0020B9B4F85E0060
:1076B00008B105F069F92021534805F0D7FE0222F0
:1076C0000621042003F000F850A1554804F00EF8FC
:1076D000534804F039F834E04B4805F0C7FE012266
:1076E0000721032002F0F0FF02E0474805F0BEFE4C
:1076F0004CA14B4803F0FAFF494804F025F894F8F0
:107700007D00F0B9B4F85E00D8B105F03DF918E09D
:107710004748016821F0010101604FF480713A4847
:1077200005F0A4FE02220121032002F0CDFF41A1B9
:107730003B4803F0DBFF3A4804F006F8384804F011
:1077400023F970680528ACDDB0680028A9D13B4951
:1077500042F210703A4AB56018E04FF400612A48CE
:1077600005F084FE02220421032002F0ADFF35A1C2
:10777000ABE74FF40071244805F078FE03210222A4
:10778000084602F0A1FF32A19FE700BF93689B0764
:1077900001D4401EF9D2506820F0020050602F48FA
:1077A000036823F00103036000E000BF0368DB0708
:1077B00001D0491EF9D200684FF00007C00705D07C
:1077C00084F8405094F87D0098B10FE0106820F0E4
:1077D00040001060106840F040001060A774E07C2A
:1077E00010B10FF0E1FCE77488F828507760B760BB
:1077F00057E7B4F85E000028F8D005F0C5F8F5E7C3
:10780000A854042080010020C0EA042045504859B3
:107810005320425546464552204F56520000000024
:10782000089D0420436172642046756C6C00000062
:10783000B45504204E6F204361726400A08601009D
:1078400000300140534420466F726D6174000000A7
:1078500043617264204572726F7200005864024086
:107860002DE9F04FB5B004464FF00000CDE93200ED
:107870000F465FEA0209104603D000220260C9F8F1
:107880000420CCB1C7B1E07C002618B10FF08CFC0D
:1078900090B9E674EFF3108572B6B34632AB4FF48D
:1078A000007200213846009619F03BFE002807DCE4
:1078B00005B962B6002800D0022035B0BDE8F08FCF
:1078C0000DF18808CDF80080DDE9322339462046E5
:1078D000FFF75DFB18B1002DEFD162B6EDE702971F
:1078E000386B0DF1080A796BCDE90401F868069050
:1078F000B86907903868012632460890511E08EB97
:10790000C10102EBC20004EB8000D1E90231D0F8E2
:1079100080000B431ED0002153460AE003EB411CBC
:10792000DCF800C0844503D1002DC5D162B6C3E7A1
:10793000491CB142F2D303EB46110860036BD0F847
:1079400034C0C1E9023CC3680B6183694B610068C4
:10795000761C8861521C032AD0DDDDE93223002128
:10796000384619F0F7FC90B9012707EBC70004EB84
:107970008001781E08EBC0008031D0E9022352EA72
:10798000030007D00868002119F0E4FC10B10022C0
:1079900053465EE07F1C032FE7DD01204746DC46AF
:1079A00000EBC00104EB8102411E07EB810304EBF5
:1079B00081081E6AC8F87060DB6A3944C2F89430E6
:1079C00091F83810803219B182F818C082F819C0C5
:1079D000401C0328E4DDB4F96C0000EBC00004EBAC
:1079E000800080F898C0B4F96C0000EBC00004EB94
:1079F000800080F899C0E06C22990844E064E16955
:107A0000229A1144E16160614FF0FF30A4F86A00EE
:107A1000C4F818C0A4F85CC00220A4F86801B9F149
:107A2000000004D0DDE932120160C9F8042005B974
:107A300062B6002041E703EB4210D0E9027401680E
:107A40000F634C630469CC6044698C618069086091
:107A5000521CB242EFD367E710B5038A8B420ED3B4
:107A60003F23491E91FBF3F403FB1411D0F860018E
:107A7000042303EB810140581060002010BD4FF03B
:107A8000FF3010BD2DE9FC470446DDE90A89B0F856
:107A90005E001D4616460F4618B14FF0FF30BDE898
:107AA000FC87204600F088F8C4F864811120C4F8EF
:107AB0006C7160604FF40050A060E060C4E95765ED
:107AC0000025E562E56125626563C4E90E5584F829
:107AD0004050A565A574A56184F87C50204601F04E
:107AE00026F8204600F07BF800F044F80EB1706BE9
:107AF00000E0002008B940F2E240A4F8480002206B
:107B0000A4F86A01C4F87053A4F87453B4F8601070
:107B1000204600F0F1F90020CDE9000000EBC001A3
:107B200004EB8101DDE90032D1F89C10CB1845EB64
:107B30000201CDE90031401C0428EFDB194610207A
:107B4000A0FB0167002202FB0171019B00FB0310F7
:107B5000810241EA9650401C4FEA4030A062B9F1E0
:107B6000000F04D00520A4F85C00A4F868510020A0
:107B700095E7000010B50C48FBF7C0F90A4837211B
:107B8000A0F84811094991F89B12A0F84A1100F594
:107B900098710748C26E4A63B0F870000887FFF713
:107BA000CBF80449086610BDC0EA042008CD0420C3
:107BB00088CF0420A8540420704710B5044600F074
:107BC00033FA38B10020A4F868010220A4F86A0151
:107BD000C01E10BD2046BDE8104000F091BC2DE94C
:107BE000F047044600F0A8F905F006FF4FF40079CD
:107BF00050B91120D4F85C110EF0C4FA20B14946F6
:107C0000D4F85C0105F032FCD4F85C0101F0DEF937
:107C1000D4F85C113720A1F848011220D4F864117F
:107C20000EF0B0FA4FF4803A48B10021D4F8640164
:107C3000FFF786F95146D4F85C0105F017FC0021E6
:107C4000D4F8640101F06DF9D4F86411132001F542
:107C500000710EF097FA58B1D4F86401202100F5B4
:107C60000070FFF76DF95146D4F85C0105F0FEFB9A
:107C7000D4F86401202100F5007001F052F9D4E934
:107C8000028700252E46258205F18000D4F8601178
:107C90000EF078FA48B14946D4F85C0105F0E6FBED
:107CA0004946D4F86001F8F71FFFD4F86001006876
:107CB0003F2809D95146D4F85C0105F0D7FB494665
:107CC000D4F86001F8F710FFD4F86001218A026847
:107CD00011442182016871B101680422491E02EB3E
:107CE000810250F802804FF4807202EB810141580A
:107CF000012621F0004701683F2904D080216165F9
:107D0000016889B117E0681CB0F5786F0AD3514655
:107D1000D4F85C0105F0AAFB4946D4F86001F8F7F5
:107D2000E3FE08E06D1CAFE72EB1C0F8FC80D4F88C
:107D30006001C0F8F871D4F85C11D4F86C010EF051
:107D40000FF8D4F85C01D0F8101131B1D0F810114F
:107D5000D0F81001A0F50040E06000F0BCF820462B
:107D600000F0E5FE0020BDE8F0872DE9F04F87B078
:107D7000040050D001294EDB03294CDC01EBC1008B
:107D800004EB800000F18008491E04EB81000390A1
:107D9000006F002840D098F8100001283BD1D8F897
:107DA0000000C0B3EFF3108572B603984FF400766D
:107DB0000021006F0096C30D420204A8CDE9010125
:107DC00092469946D8F8000019F018FB002803DB0A
:107DD000DDE90401C20502D0EDB962B61BE0BAEBE1
:107DE000000379EB010204D2B0EB0A0061EB090158
:107DF00001E000200146460A834646EAC1564F0A82
:107E0000009156EA07000DD0E07C58B105B962B682
:107E10000FF0CAF918B1022007B0BDE8F08F0020BA
:107E2000E074BFE756EA07001DD0E068B0F5004FE8
:107E300015D9E3694FF0FF3C0022D3EB0C0362EB52
:107E400002019B1BB9410AD3E16CA0F500408142BD
:107E500005D2401A62EB0202801BBA4103D205B977
:107E600062B60120D8E7DDE904230021D8F800003C
:107E700019F070FA0028AFD1DDE90410B1EB0A0265
:107E800070EB090201D3002006E0BAEB010169EBB7
:107E90000002480A40EAC2500399086756EA070000
:107EA00015D0E06C3044E064E1693144E161606127
:107EB000D8F81400009A0021BBEB00038A4101D2DC
:107EC000A0EB0B010120C8F8141084F8400005B99C
:107ED00062B60020A0E719F0BBB810B5B0F85E207C
:107EE00000210AB1A0F85E1081610521A0F85C10A4
:107EF00000F0C8FB002010BD10B5044689B1012078
:107F0000A4F86000D4F8EC0040681AF0F1FC9FED92
:107F1000081B53EC112B1AF081FD1AF0A5FC6066CA
:107F200010BD0020A4F860004FF48060F7E7000067
:107F30009A9999999999E93F10B5074CD4F8DC02C0
:107F4000000708D5054800F07DF8D4F8DC0220F0E1
:107F50000800C4F8DC0210BDC0F20420800100203B
:107F6000FAF774BC70B5040016D0E07C002510B19F
:107F70000FF01AF9E574A574A561606B401C60638D
:107F8000A4F85C5094F87C0038B9B4F8680104286F
:107F900003D00220A4F8680170BD0420FAE710B5F0
:107FA0000446C07C18B10FF0FFF80020E07404F51F
:107FB000B871D4F870030EF0E5F80220A4F8740349
:107FC000002010BD154810B5B0F8980214490228D9
:107FD00002D001280DD107E0C87950B1487B40B1EB
:107FE000087A032805D301E0887B10B105F006FB71
:107FF00040B9FBF74BFB10B904F0F4FB10B14FF0A4
:10800000FF3010BD0748C06A18B1BDE81040FBF74B
:1080100021BBFBF71FFB002010BD0000F83400203F
:10802000A8540420C0EA042010B50446FFF7CAFF94
:10803000002805D00021A4F868110221A4F86A11D3
:1080400010BD00002DE9F0410646002405F0D4FCE7
:10805000671E68B900251120D6F85C110FF074FB7B
:1080600030B1022D00D13C466D1CEDB2032DF2D390
:1080700000251220D6F864110FF066FB30B1022DF6
:1080800000D13C466D1CEDB2032DF2D30025D6F88D
:108090006411132001F500710FF056FB30B1022D71
:1080A00000D13C466D1CEDB2032DF0D300250749ED
:1080B00020200FF049FB30B1022D00D13C466D1C51
:1080C000EDB2032DF3D32046BDE8F08198370020B0
:1080D0002DE9F04FFA4887B0016841F00051016086
:1080E00000242146F74804F059FDDFF8DC834FF007
:1080F000010988F81190F54F07F1140007C811F035
:1081000057F9F348F9F734F904F020FBF14D002654
:10811000B5F8980202282CD198F8230048B305A995
:10812000684605F05BF8694605A804F077FF8246CB
:108130008B4607F1540108F1880004F06FFF98F8AE
:108140000820042A0ED198F820205AB14FF4FA637F
:108150001AEB03034BF10002181A8A4102D214F001
:10816000E3FB30B188F8116004F022FA07B0BDE8F3
:10817000F08FD948806AE0B3B5F89802012801D0A1
:1081800002284DD1386AA0B3006890B3416801F06D
:10819000700A08F061FBD14A0023F8F7FDF91A4391
:1081A00009D0386A0124006808F056FB01464EF2F7
:1081B000010004F0F3FC386A0068016821F0010155
:1081C0000160386A0068416821F070014160396AD5
:1081D0000968C1F81490386A00680661B5F8980219
:1081E000012826D0386A00684662386A006841680B
:1081F00000E015E021F0700141EA0A014160386AAF
:1082000006F036F9B5F89802012809D0386A0CF062
:10821000CFFB28B1012400214EF20D0004F0BEFC7A
:1082200098F82000C34630B3B5F89802012817D05B
:1082300021E0788E50B104280CD00828386A0068F4
:108240000CD0006C396A09684862CEE7386A006869
:10825000406BF7E7386A0068806BF3E7C06BF1E7C3
:1082600004F006FA38B1012409F0F2F901464EF2A1
:10827000020004F093FC786948B1006838B1016CE1
:10828000C26B914203D2C16BC26A914204D30124F2
:1082900000214EF2030033E0816801F00701062956
:1082A00030D1DFF83CA2DAF8001079B308F0D4FA44
:1082B0008046DAF8000000680221C0F3C20001FA2B
:1082C00000FA0BF005F9B0FBFAF22AB34FEA0810F6
:1082D000801846EB1871401E41F1FF310023F8F77A
:1082E0005BF979690968CA6B801C1044CA6A9042BC
:1082F00008D3C86B0124C96A60F31F414EF206001F
:1083000004F04CFC04F022FA5CB19CE0FFE701248D
:1083100000214EF20400F3E7012400214EF2050093
:10832000EEE7704ABA467869A2F6D8174023796812
:108330000DF10408009188E80D00A2F698106A4932
:10834000836B6748BA6B0FF089FF6848D0E9031068
:10835000CDE90010EFF3108872B6002700215DF818
:10836000270019F04FF97F1C022FF7D3B8F1000F47
:1083700000D162B654BBDAE90612D046DAF814002E
:1083800010F0C4FF010002D04EF207001CE0524F73
:10839000386B38B14E48F8F747FF18B100214EF25C
:1083A000080011E0386B90B14948806878B10068E6
:1083B00068B18168C943490709D1016CC26A914219
:1083C00005D9C16A4EF2090004F0E8FB3BE09BF8D6
:1083D000200060B1B5F89802012808D104F0FCFB38
:1083E00028B109F035F901464EF20A00ECE73046B3
:1083F000B2465E468BF81100B86A48B3D8F8200040
:10840000474628B3006818B3B5F8980201281FD171
:108410003448983814F034F918B100214EF20B00AA
:10842000D2E7386A06F024F8798E386A0CF084FDB9
:1084300028B1012400214EF20C0004F0AFFB386A91
:1084400006F016F824B107B0BDE8F04F04F0B0B85C
:1084500096F82000A8B9264900220C4625480BF0C2
:108460000FFB23490022143122480BF0E7FA22487F
:1084700000F51861896AC161142221462030F8F79D
:10848000D7FAB5F89802022804D1307A042801D12D
:1084900005203072134C983CC4F8F4A20A491748DE
:1084A000803104F53874C1F848A086F81290FBF7C3
:1084B000ABFE04F03DF9206840F01000206055E666
:1084C0001808024052415453A854042070DF04207D
:1084D000E85B0420F8340020C0EA04200088130080
:1084E00054A6002058F3042004A70020E436160800
:1084F00084F50420DCA50020F0EB0420B8790420EA
:108500002DE9F05F0446B0F85E00012844D005F084
:1085100075F801254FF00209E8B30020C4E90E0008
:10852000034684F84000024602EBC20004EB8000E0
:10853000803019F071FE521C062AF5DB00209846A7
:1085400004EB8002401CC2F870800328F8DBFFF7C0
:1085500007FD208A4FF03F0B401E90FBFBF359466E
:1085600090FBF1FAD4F860610BFB130704D2A0680A
:10857000E064E06820650CE006EB87004168E16498
:10858000D0F8000120F0004020650846FEF7D2FC3C
:10859000E0643FB114E003E04FF0FF30BDE8F09F2E
:1085A000042058E0C6F80080E06C7060206DC6F8CA
:1085B0000001616D01EB0A00314600F051FDE0BBA6
:1085C000C4F85880208A5946401C80B22082401E40
:1085D00090FBF1F290FBFBF30BFB1300411C4746B1
:1085E00031603E2806D1606D521C1044234900F0D2
:1085F00037FD10BBD4F85C0100F5A871081F04F02A
:10860000D7F878B9D4F85C1100221D4801F5A8719B
:108610000BF036FAD4F85C110022194801F5A67166
:108620000BF00CFAD4F85C11E06C00F019FD20B9E5
:10863000E06CD4F86411401C00E00BE000F010FD89
:1086400040B9E06CD4F86411801C01F5007100F0B1
:1086500007FD38B10220FFF707F8A4F86851A4F825
:108660006A9199E754F84C0F00F50050206065823C
:108670002782FFF72DFD002090E70000D434160874
:10868000DCA500202DE9F041354D364C286A38B183
:10869000016829B1B4F89812012916D00CF004FA37
:1086A00005F1140007C810F083FE2F48F8F760FEAC
:1086B0002E4E002786F8227086F82370B7742CA1FE
:1086C0002E4803F013F848B112E00CF0EDF9698E72
:1086D000286A0CF099FC14F0FFF8E1E7274803F052
:1086E00033F8401C04D019212448FAF7A7FB20B125
:1086F00001220221062001F0E7FFF07938B105F0F0
:1087000049F920B14FF400711D4804F0AFFEFEF7A7
:1087100041F9B4F89802022802D0012809D01CE0DF
:108720001848A86304F096FFB4F89802012802D014
:1087300013E01548A8631548006870B1816B61B1FA
:10874000D4F83402884202D0114802F0D4FB0C481D
:10875000C4F89C020E4804F0FBFF7774BDE8F0817A
:1087600070DF0420F8340020E85B0420A8540420C3
:108770005265632053746F7000000000089D042050
:10878000C0EA04209CA900200CA90020C0F204200B
:10879000F80400202DE9F05F0446012084F87C00F5
:1087A0000027DFF848A13D46B846DFF844B1AAF1FA
:1087B00004093E464FE0D9F80000C00713D10CF081
:1087C0001BFF002803DD204600F097F943E002DBA1
:1087D000DAF8000038B1B4F8680040F40040A4F8BA
:1087E0006800A67435E007F101075F4533D94149B8
:1087F00042F21070404A00E000BF93689B0701D42A
:10880000401EF9D2506820F002005060D9F80030C4
:10881000484623F00103C9F8003000E000BF0368B8
:10882000DB0701D0491EF9D20068C00702D04FF023
:10883000010807E0106820F040001060106840F068
:1088400040001060A674B4F8680040F40040A4F83A
:108850006800012502E0A07C0028ACD1B4F86800D3
:10886000000403D50125E674A6610EE06DB9A06988
:1088700030B12046676B00F050F8606BB84203D10E
:108880002046FEF757FE00B10125E07C38B1B8F173
:10889000000F09D06FF0010000B10125E674B04669
:1088A000A6610026374609E00EF07EFCF4E70021C1
:1088B000204600F07BFA18B1761CF6B21DB110E02C
:1088C000012775B901E0032EF1D357B12046FFF718
:1088D000B9FB84F87C800320A4F86A010020BDE87D
:1088E000F09F0220FEF7C0FEF3E700005C64024048
:1088F00080841E00A08601000030014010B50021D8
:1089000081748161C174426B521C4263A0F85C1097
:108910000820FEF7A9FE002010BD2DE9F041856971
:10892000044605B901250026A674E168E06C88427A
:1089300005D30520A4F85C000720FEF795FE0EF095
:1089400097FE0028E07C09D010B10EF02DFCE674F3
:108950002046FFF707FB0020BDE8F081012802D187
:10896000606928446061B4F96A00401C5DD0B4F8C5
:108970006A000428B4F96A0000EBC00004EB800030
:1089800032D090F890208030012A4FD0017E521EC4
:1089900091427CD1067602684FF400775368D16823
:1089A00001F50071994203D3B1FBF3FC0CFB1311E9
:1089B000D160136B516B4FF4007C13EB0C0341F14E
:1089C000000113635163183252E8001FC91B42E8CB
:1089D0000013002BF8D1B4F96A10B4F96C2091425D
:1089E0006BD1B4F96C1064E0D0F880106A024B6867
:1089F000C8681044984203D3B0FBF3F707FB130099
:108A0000C8600B6B486B9B1870410B63486318314F
:108A100051E8000F801A41E80003002BF8D1206ACA
:108A200028442062206D2844206553E001686A02D2
:108A30004F68CB681344BB4203D3B3FBF7FC0CFB7A
:108A40001733CB600F6B4B6BBF1873410F634B63D6
:108A5000183151E8003F9B1A41E80037002FF8D148
:108A6000B4F96A10B4F96C20914211D1B4F96C00D8
:108A700009E000EBC00104EB810151F8942F8B89D0
:108A800003FB05220A60401C0628F2DB1CE019E00B
:108A900041696A4201EB422112E001EBC10204EBA1
:108AA000820290F810C052F8943F978907FB0C336C
:108AB0001360491C0629F0DB06E04169A1F500714D
:108AC000416101E0491C0176E0692844E061E06C05
:108AD0002844E064A661A4F85C60B4F86801042846
:108AE0003FF439AFA07C00287FF435AF0220A4F812
:108AF00068012046FEF708FC2DE70021817490F8FC
:108B00007C10002902D10321A0F86A117047B0F847
:108B1000681041F40041A0F868100021817490F8B9
:108B20007C10002902D10421A0F86A1170472DE9B8
:108B3000F041002705463C46B84604EBC40005EB6F
:108B40008006D6F89C0070B117B90746A5F86C40AE
:108B5000D6F89C003A46C10D40020023F7F71CFDF1
:108B6000A6F8A00001E0A6F8A080D5F85C1104F2F8
:108B7000D5100C54D5F85C2104F5F57196F8A000D9
:108B80005054641C062CD8DBD5F85C11062081F803
:108B9000D401D5F85C11022081F8B801BDE8F0815C
:108BA0002DE9F0410446C07C17460E46002510B161
:108BB0000EF0FAFAE57466610120A061A0743946EE
:108BC00030460EF0C1FDA574A56118B14FF0FF301D
:108BD000BDE8F0810320A4F86A010020F8E72DE940
:108BE000FF5F0F460446C3B11D46012D00D9012584
:108BF0000026A4F86860E07C4FF003094FF0FF3BCB
:108C00004FF001085BB14FF4800A08B36069B842C5
:108C10001ED1E06CC10417D032E00125E5E710B1A8
:108C20000EF0C2FAE6746761C4F8188084F8128006
:108C3000A4F86891384602990FF058F800281AD025
:108C4000C01C34D0A66115E0616C401A504517D3A2
:108C5000E07C10B10EF0A8FAE674B4F8600018B920
:108C600050460CF0B9FF20B9384667640EF076FB29
:108C700020B1A674584604B0BDE8F09F84F8138074
:108C80006761A56184F81280B4F86801022801D1F7
:108C9000A4F868914FF6FF7000EA452102980FF0A2
:108CA00021FAC11C03D00028E5D0A661E1E72046E7
:108CB000FFF72DFF0020DEE72DE9F041044600F12B
:108CC00080010022B0F96C00012600EBC00001EB2E
:108CD00080007502037C012B0BD9037E4BB1016828
:108CE0008969A94246D3B4F86C10A4F86A10024608
:108CF00028E000200023471E022F04D804EB800345
:108D0000DB6E03B1012300EBC00701EB87077F692E
:108D1000AF4200D35BB3401C0628EBDB96B1B4F93D
:108D20006C0000EBC00051F820008069A84221D3FC
:108D3000B4F86C00A4F86A00B4F96A0000EBC00053
:108D400001EB8002E068E16CA0F50040814227D28F
:108D5000107E137C52F82000012B0ED9B4F96A3032
:108D6000B4F96C50AB4208D11268D26806E0A4F89E
:108D70006A00E3E70320BDE8F081C2680123A4F89C
:108D80005C30806B02442046FFF729FF0028F2D0B8
:108D90002046FFF7E7F80220FEF766FC0220EAE72C
:108DA0000720FEF761FC0120E5E700002DE9F05FF8
:108DB0004FF0030A8B460446A0F85CA0C769394807
:108DC0004668DFF8E490D9F80410D9F80800A7EB5A
:108DD0000108351A1BD014F03FF800EE108ADFEDC1
:108DE000330A3348B8EE400A60EE200A00EE105A0B
:108DF000B8EE401A90ED000AF8EE401A81EE210A12
:108E000080EE801A9FED2B0A21EE000A01E09FED13
:108E10002A0A84ED0C0AC9E90176E07C18B10EF04B
:108E2000C3F90020E074208A3F21401E90FBF1F23C
:108E300090FBF1F501FB1208E66CD4F86071304646
:108E4000FEF778F894F87C1001B1E06407EB880035
:108E50004660216D21F0004294F8401009B14FF0B6
:108E600000410A43C0F800214FF0FF36A4F86A60C1
:108E7000A4F85CA0606DD4F8602100EB0501BBF1A3
:108E8000000F4FF00003204602D0FFF7A8FE01E0DC
:108E9000FFF786FE401C02D00020BDE8F09F304660
:108EA000FBE70000001000E0107804200000004400
:108EB000D4740420000080350000000070B5044622
:108EC00090F87D000225F0B1B4F8680104281AD0AA
:108ED000002084F87D00A4F86A510521204618F08E
:108EE000EFFDEFF30580D0B9B4F86801042816D17E
:108EF00094F87C0098B9B4F86A0103280FD1A4F85B
:108F00006A51032108E0B4F96A01022803D0A4F8E9
:108F10006A5181B200E00221204618F0D1FD002004
:108F200070BD70B50D4604004FD0E0780123FF21DD
:108F3000002230B90420265C1EB9401C8028FAD3D8
:108F4000E1700020265CFF2E03D0265C402E00D36B
:108F50002154401C8028F5D3D4F88000022801D980
:108F6000C4F88020D4F884000A2801D3C4F88420EF
:108F7000D4F888000A2801D3C4F88820D4F88C00DB
:108F800020B1D4F88C00B0F5007F01D9C4F88C3042
:108F9000D4F88000401CC2B2002009E0215CFF2907
:108FA00005D12918C9B2402900D329462154401CB3
:108FB0009042F3D32046FDF792FC002805D02946C5
:108FC0002046BDE87040FDF7BBBF70BD10B500285E
:108FD00042D0036844F620620021934200D9016028
:108FE000836A934201D903688362C36A102B00D954
:108FF000C162036B194CA34200D90163436B9342D6
:1090000002D940F2E2424263826A002A026801D039
:1090100012B103E0826201E0826A0260D0F8A4200B
:10902000042A01D9C0F8A410D0F8A020012A01D93F
:10903000C0F8A010D0F81821120607D5D0F81811E2
:1090400001F07F01102907D3802103E0D0F8182117
:10905000402A01D3C0F8181110BD000000710200B1
:1090600070B50D4606460024294630460EF06CFBCE
:10907000002805D0641CE4B2032CF5D34FF0FF3078
:1090800070BD00000348406B002801D140F2E2406F
:1090900070470000C0EA04200148406B70470000A0
:1090A000C0EA042010B54FF0E0200169C90701D0E3
:1090B000406910B9022009F0E9F8BDE810400AF053
:1090C00021BF70B5D0F8583473B3D0F8543400EBE6
:1090D0008305D5F8104400EB4303B3F80C6411B1D9
:1090E000D5F804540D6002B11460D0F85414491C32
:1090F0000229D0F8541401D2491C00E0491EC0F8DE
:109100005414D0F85814491EC0F85814B0F8181464
:109110002144A0F81814B0F818143144A0F8181419
:109120000020A3F80C0470BDFFE74FF0FF30FAE712
:109130007CB50446D0F858040E46A0B394F8480411
:10914000002578B96A4601A9204600F006F9019881
:10915000C4F83C040098C4F84404C4F84054012006
:1091600084F84804D4F84004D4F8441488421BD24C
:10917000D4F84004D4F83C140144401CC4F8400422
:1091800008783070D4F84004D4F84414884208D3E6
:1091900084F84854C4F84054002211462046FFF792
:1091A00090FF00207CBDFFE74FF0FF30FAE710B5DD
:1091B0000446002211462046FFF783FF0028F8D01E
:1091C000002010BDF8B514460D4606466A462146F5
:1091D00000F068F810B14FF0FF30F8BD2246294684
:1091E0000098F7F79EFB304600F001F8F8BDF0B5A7
:1091F00090F838144FF0FF35B1B1D0F85814022967
:1092000012D2D0F84C24D0F82C4400EB4203211A9F
:10921000891EB3F80C3489B2B0F81864D0F83474ED
:109220001F44BFB2BE4201D22846F0BD00EB82020D
:10923000C2F80444D0F83444C2F81044B0F81824FA
:10924000D0F834442344D21AA0F81824D0F8342497
:109250000A44B2F5806FD0F8342401D3A1F58061BF
:109260001144C0F85014D0F84C14491C0229D0F80D
:109270004C1401D2491C00E0491EC0F84C14D0F82F
:109280005814491CC0F85814D0F85C14491CC0F894
:109290005C14002180F83814C0F83414C0F830147D
:1092A0000846F0BDF0B5D0F850349CB2C4F58063E8
:1092B0009DB200235E1EB1F5806F25DCD0F8587496
:1092C000022F21D28FB2AF4201D32B460024B0F837
:1092D0001854CF18BFB2BD4216D30444A41CC0F822
:1092E0002C44C0F834140021C0F83014012180F857
:1092F0003814D0F84C1400EB4101A1F80C34D0F82C
:109300002C0410600020F0BD3046F0BDD0F83024B1
:10931000D0F834349A420AD2D0F83024D0F82C3421
:109320001344521CC0F83024197000207047D0F844
:109330003014491CC0F830144FF0FF307047002142
:1093400080F83814C0F83414C0F83014D0F8601421
:10935000491CC0F8601400207047D0F858347BB125
:10936000D0F8543400EB8303D3F804340B60D0F806
:10937000541400EB8100D0F81004106000207047F6
:109380004FF0FF30704710B5044640F26441F7F7E4
:10939000ABFB4FF48061A4F81814002010BD00004E
:1093A0002DE9F84343F2987100F540544518D4F87C
:1093B00030024FF0FF36C168890679D50068800613
:1093C00076D508F045F98046D4F83002016821F0DE
:1093D00020010160D4F830024068C7B2D4F83802E6
:1093E000DFF8D490800554D5D9F81810A8EB010007
:1093F000B0F5FA7F08D92846FFF7A1FFD4F8380264
:1094000020F40071C4F8381295F8380428B96A4677
:109410004FF400712846FFF745FFD5F83404D5F81E
:10942000301488420BD52846FFF789FFD4F838025C
:1094300020F40070C4F838026FF0010636E03E2FC9
:1094400006D039462846FFF761FF401C17D02DE0B3
:10945000D5F83004C5F834042846FFF7C8FE28467E
:10946000FFF76DFFD4F8380220F40071C4F8381209
:10947000B4F8B00240F48060A4F8B00215E02846C9
:10948000FFF75DFFD4F8380220F40070C4F838020A
:109490000CE03C2F0AD1D4F8380240F40070C4F834
:1094A000380208F0D5F8C9F818000026C9F8188065
:1094B0003046BDE8F88300000000002038B50546BE
:1094C0004FF0FF3005F540540090D4F83012C868D2
:1094D000800615D50868800612D5086820F020009F
:1094E0000860D4F830024068C4B208F0B1F8014610
:1094F0000448C160012101702146284601F0E4FDC5
:10950000009838BD000000202DE9FE4F064641F6C8
:10951000181006EB000A43F24820DFF844814FF0B0
:10952000000B06F5405406EB000961E0002508F049
:109530008FF80146D8E90820891A77EB0000CDE9B9
:10954000001006D508460199401E41F10001CDE901
:109550000001DDE9001241F288330020591A9041E0
:1095600000DA012541F6EC0010F80A0048B99DF830
:10957000080001F017FC011E04DD6A465046FCF7A6
:1095800085FB4DB15046FCF728FCD4F8380220F496
:109590000070C4F8380227E09DF808105046FCF728
:1095A00001FC401C24D19DF808003E2809D05046FB
:1095B000FCF713FCD4F8380220F40070C4F8380229
:1095C00016E0304601F0EDFCD4F8380220F40070CB
:1095D000C4F83802B4F8B00240F01000A4F8B002A9
:1095E000304600F0C3F803E09DF808003C282AD07C
:1095F000D9F81810484679B34168C368826BD25CC9
:109600008DF80820C268521CC260C2688A4202D328
:10961000C268511AC160016B0122436B491C5F464D
:1096200043F100030163436309F1180050E8001F90
:10963000891A40E80013002BF8D143F238208059F2
:109640008005D1D572E708F003F8C8E90807D4F817
:10965000380240F40070B1E7FFE70020BDE8FE8F5C
:109660000000002008490A6842F480420A600A6843
:1096700042F000420A600549CA6842F40052CA60DA
:1096800080224A6002F060B81808024000100140D1
:1096900018B5044643F23431621804F540544FF0D3
:1096A000FF30D4F83012CB681B0613D50B681B06AD
:1096B00010D5D2F85804002814DD69461046FFF78B
:1096C00037FD0028D4F8300205D0C16821F08001B0
:1096D000C160002018BD01680906FCD59DF8001086
:1096E0004160F6E7C86820F08000C860F1E700F547
:1096F0004050D0F83002C16842F288021143C16084
:10970000704702F021B810B502F00AF9002010BD30
:1097100070B5040020D01149206888421CD1104E39
:109720003069002818D00F496060C1F8B40200F019
:109730008BFD050002D109F0DBFE0546316900F022
:1097400031FDA0F110014FF6EF72914204D821686B
:109750008860054908618D6170BD000000100140FE
:109760000000002008CD0420E89C0420022004F022
:1097700049BA00002DE9F04105460026FFF7C3FF76
:1097800080BB05F54054D4F83002C1680906FCD40A
:1097900028460FF0E5FED4F8380220F40070C4F833
:1097A000380212A73846F7F79DF8024643F23430E4
:1097B00039462844FFF706FD2846FFF798FF28465C
:1097C0000FF01AFF002243F2987011462844FFF769
:1097D00078FC28460FF0E4FEB4F8B00220F4004014
:1097E000A4F8B0023046BDE8F08100003C44495383
:1097F000424F4E443E00000070B592B00446342102
:109800006846F7F771F914210DA8F7F76DF9ACB3B5
:109810001E49086800F00C00042820D0082820D039
:1098200000202060086800F0F0006060086800F424
:10983000E050A060086800F46040E06014480068F0
:10984000002500F0070020612575012630040695EB
:10985000CDE90060684609F08DFE78B903E001208B
:10986000DFE70220DDE70F20CDE90E650D901095B2
:1098700000210DA8119509F0F5FC10B1012012B0DE
:1098800070BD13F0E9FA26750020F8E708380240A9
:10989000003C0240A0F13001092901D80846704778
:1098A000A0F14101052901D837387047A0F16101C5
:1098B000052901D8573870474FF0FF307047000036
:1098C000F8B5064606F540540020A4F8B002B4F8F6
:1098D000B00220F08000A4F8B002D4F8340205F001
:1098E0000BF91C4B4FF400754FF47A773A46A3F509
:1098F0007A713046009500F027F9D8B1154B3A46F9
:10990000A3F57A713046009500F01EF990B1D4F8B5
:10991000340205F0D3F80F4B3A46A3F57A7130467E
:10992000009500F011F928B1D4F8340205F0E4F8FC
:109930000120F8BDD4F8340205F0DEF83046FFF718
:1099400019FFB4F8B00240F00200A4F8B002002001
:10995000F8BD000070DD04202DE9F0410446C06B25
:1099600000254FF480668560E06BC560E06B0661A2
:10997000E06B4561E06B8561E06BC561E06B0562A2
:10998000E06B07F03BFB6F1EA0B9E06B8463A16B3B
:1099900040208860A06BC560A06B0661A06B45612C
:1099A000A06B8561A06BC561A06B0562A06B07F021
:1099B00025FB10B13846BDE8F081A06B00220321E1
:1099C0008463252008F0DAFC252008F0C9FC206813
:1099D000C16841F40051C1602068C16841F02001B4
:1099E000C1602068C16821F08001C16094F8420024
:1099F00020F0220084F842000020DCE72DE9FF4738
:109A000090460F4606004FF000044FF0FF3A4DD04D
:109A1000B8F1000F4AD0E7B33146002009E00A5CF4
:109A2000203A5F2A04D3062F08D0072F09D002E07E
:109A3000401CB842F3D30025E9461CE0404631689B
:109A400002E056F8011F40460160B188818037E08E
:109A5000705DFFF71FFF00280CDB102C06D30F22D0
:109A600009F101016846F6F7A1FF0F24715D09F8BD
:109A70000410641C6D1CBD42EAD30C2C16D309EBF8
:109A8000040547460C3D11D01FB1002415F8140001
:109A900000E00BE0FFF7FEFE064605EB44004078D1
:109AA000FFF7F8FE002E01DB002803DA504604B071
:109AB000BDE8F08740EA06103855641C062CE5D353
:109AC0000020F4E72DE9F0479846914604000D4642
:109AD0004FF0FF362DD065B30846F6F703FF022896
:109AE00027D329783C2924D1284410F8010C3E289A
:109AF0001FD104F54050D0F8381221F40071C0F89D
:109B0000381243F2987020440746FFF750FB28466E
:109B1000F6F7E8FE024643F2343029462044FFF7C8
:109B200051FB30B92046FFF7E2FD20460FF064FDFF
:109B300010B13046BDE8F087424649463846BDE898
:109B4000F047FFF7BEBA00002DE9F04300F540569C
:109B50000446D6F834021F469DB0836B249D1B68D3
:109B60005B680093C06B0068436804F5705017F0A1
:109B70003FFCD6F83402816B096849680091C06BDC
:109B8000006843682A46394604F5715017F030FCE6
:109B900020460FF0E5FCD6F83402FFF7DDFE204644
:109BA00000F038F943F234302044072283498046DC
:109BB000FFF708FB2046FFF79AFD4FF4FA7007F015
:109BC00003FB00271A971B9701976B4601AA7CA1FC
:109BD00020460097FFF776FF04F54A5528B9DDE9DE
:109BE00000101AAAFFF70AFFE8B3EF66A5F8707035
:109BF0000020211804EB400201F5405102F54052CB
:109C000091F8EC3282F8FE3291F8EC12401C82F8A6
:109C1000FF120628EDDB16971797189700250DF110
:109C200058091997601900F5405009EB450190F863
:109C3000EC021CAAF7F7FAF86D1C062DF2DB1421D2
:109C400011A8F6F751FF009701AB6A465EA12046C6
:109C50000197FFF737FF70B120460FF0A1FC0120FC
:109C60001DB0BDE8F083FFE71A98E866BDF86C0008
:109C7000A5F87000BCE7009961B1019A042A09D9DE
:109C8000101F122801D9122200E0121F11A8091D6D
:109C9000F6F747FE0125002711A8F6F723FE82B24A
:109CA000002011AB0DE0111A194411F8011C3039D4
:109CB000092905D801FB0571CFB205EB85014D00DF
:109CC000401C9042EFDB86F89B72342104A8F6F723
:109CD0000BFF43F2BA21214431233E22CDE900316A
:109CE000CDE902923C233AA2322104A8F6F7E0FC27
:109CF00004A8F6F7F7FD024604A94046FFF762FA0A
:109D00002046FFF7F4FC20460FF076FC43F29870F3
:109D10000022204411460546FFF7D3F90A2007F038
:109D200053FA14222EA16846F6F782FE6846F6F72B
:109D3000D9FD024669464046FFF744FA2046FFF740
:109D4000D6FC20460FF058FC002211462846FFF7AB
:109D5000B8F928A73846F6F7C5FD02463946404609
:109D6000FFF730FA2046FFF7C2FC20460FF044FC14
:109D7000002211462846FFF7A4F921A73846F6F736
:109D8000B1FD024639464046FFF71CFA2046FFF770
:109D9000AEFC20460FF030FC002211462846FFF7AB
:109DA00090F91B48016841F480410160B6F8B002A7
:109DB00020F00800A6F8B002002051E7DB361608B4
:109DC0003C4D41433E0000003C485645523E000099
:109DD00025634E414D45252E2A73257325630000CA
:109DE0003C464143436F6D706163742045706879F0
:109DF000733E00003C444953424F4E443E00000035
:109E00003C4144564741503530303E000000000090
:109E1000180802402DE9F04F9FB000240646A146E5
:109E20001094182168461194F6F75EFE142106A8D6
:109E3000F6F75AFED348417841B1006918B10020C5
:109E40001FB0BDE8F08F4FF0FF30F9E7CD48CE4F9F
:109E50004FF0010880F80180C7F800804EB106F588
:109E60004055D5F8340220B1DFF820A301685145F0
:109E700001D0E12014E0D5F8380220F40070C5F8D4
:109E8000380243F298703044FFF791F943F23430CE
:109E90003044FFF78CF96846FFF7AEFC10B1E420C0
:109EA0003860D0E709F024FB4FF4964100F07AF9CE
:109EB000A0F110014FF6EF7B594509D8D5F83422AF
:109EC0004FF496415160B24AC2F8B412CAF8080081
:109ED000DAF80C101D91DAF80C1021F02001CAF804
:109EE0000C10AC4800681C90AA48001D00681B902C
:109EF000A848083000681A90A6480C3000681990ED
:109F0000A448203000681890A34800681790A24821
:109F1000001D00681690A0480830006815909E4803
:109F20000C30006814909C48183000680F909A48D4
:109F3000203000680E909848283000680D909648B0
:109F40002C3000680C909448243000680B909348A3
:109F50004E46016841F002010160006800F0020015
:109F60001E908E48103000688C4940F0040010317B
:109F70000860086806A900F004001E908020069082
:109F80000220CDE9070609900A90824807F06EFA90
:109F900081480660001D0660001D0660001D066009
:109FA0007D48203006607C498015183108607A4869
:109FB0002830066078494FF6FF702C3108607648EB
:109FC00024300660744810300660011DC1F800801E
:109FD0007149B020203108606F490120086009F004
:109FE00077FA6E492839096811F4E05F00D0400023
:109FF00080466B49D5F834020FF0ECFA07F028FBE5
:10A0000006462FE0644A1032106840072AD562489D
:10A010003830006812A921F814004FF6FB301060A8
:10A02000641C022C1ED35FEA080220D0BDF84A004F
:10A03000BDF84810401A0604360C18D003237008E7
:10A040004946E8FB030132460023F6F7A5FAF8611A
:10A05000A0F58C41503940F6C412914207D8CDE9A1
:10A06000106004E007F0F4FA801BFA28CAD34E46C9
:10A07000DFF8249109F12009C9F80060464806601C
:10A080001E2007F0A1F844491698091D0860091D13
:10A0900015980860091D149808603F490F981831F9
:10A0A00008600E98C9F800003B490D9828310860F7
:10A0B000091D0C98086009F104010B9808603648E6
:10A0C0001030066034491798086032491C980860BF
:10A0D000091D1B980860091D1A980860091D199828
:10A0E00008602C49189820310860DAF800005646BC
:10A0F0000B90DAF804000B901D98CAF80C0014219C
:10A100000BA8F6F7F1FC9DF8140078B10F200B9026
:10A1100000980C9001980D9002980E9003980F9063
:10A120000BA8049909F09EF812F096FEC7F8048077
:10A130001098B8607C61B8B11198F860A0F58C41B6
:10A14000503940F6C512914210D3E320386009F02F
:10A15000CFF94FF4964100F025F8A0F110015945D0
:10A160003FF69FAEB0606EE6E220EFE7054908617A
:10A17000C5F8B402D5F83402FFF7CAFA46F20D006A
:10A1800038605CE600000020E89C042000100140DC
:10A1900008CD04200004024000080040303802408E
:10A1A000D436160810B549B14A0810180024644185
:10A1B0000A4600232146F6F7EFF910BD002010BD36
:10A1C000884201D3401A7047081A704710B500F052
:10A1D0000FF80549886705490A6822F0F80242EA43
:10A1E000C000086010BD0000A854042000380240E0
:10A1F0001F2800D91F207047124A10B50020106098
:10A20000111D0860091D08600B1D18600D4B1833E7
:10A2100018601B1D18601B1D18600A4B283318603E
:10A22000084C431E2C342360064B24331860054B26
:10A2300010331860034C01231434236015230B6082
:10A24000106010BD000C004010B5114CA07D20B175
:10A250001048016811F00C0F01D0002010BD0168FA
:10A260000123C1F30310C1F34231082801D20122B6
:10A2700002E0C01F03FA00F2042901D2012301E029
:10A28000C91E8B40E06F5A43B0FBF2F010BD0000D6
:10A29000A8540420083802400148806F704700002D
:10A2A000A85404202DE9F84F4FF0000591460F0007
:10A2B00082462E4600D1012700244FF4006BA046B1
:10A2C00017E05046FFF782FF40465946CDF8008020
:10A2D00000BF401C00908842FAD347F23052510030
:10A2E000484601F01BFE411C0FD02D1846EB080616
:10A2F000641CBC42E5D37808401948EB06013A4695
:10A300000023F6F749F9BDE8F88F4FF0FF30FAE780
:10A310002DE9F04F9BB058216846F6F7E5FB744EE7
:10A320004FF0FF354FF0000AB06FFFF761FF814635
:10A3300006F180074AF6C8704C463861C7F8149099
:10A34000C7F81890FD61F06F386201207862694E9D
:10A350000020A6F18002AB4642F8205046F820507B
:10A36000401C1F28F7D9644801684FF00210884349
:10A3700001D0022019E060489430006800F04040AD
:10A3800019905D484030016801F00801189100689B
:10A3900000F4007017904FF48050009080041190EA
:10A3A000684608F0B5FD30B1032078625048806FF0
:10A3B0001BB0BDE8F08F50484030016841F4007197
:10A3C0000160016801F400711691016841F0080113
:10A3D0000160006800F00800169048480068169078
:10A3E000FFF70AFF42480421803041620027042120
:10A3F0003846169AFFF756FF0646401C2AD04AF602
:10A40000C8713046FFF7DCFE80463A48803840F895
:10A410002760384941F82780A8450BD313D1494616
:10A420003846FFF7CDFE064649462046FFF7C8FEF0
:10A43000864208D22E483C46803045464FF0010AFD
:10A440008761C0F81C807F1C1F2FD0D9BAF1000F84
:10A4500008D008E02748803840F82760254941F8AF
:10A4600027B0F0E74C462046FFF7B0FEBAF1000FE8
:10A4700015D02048803850F82410491C0FD050F8CF
:10A48000242000231E48A72103F026F81D491E4A58
:10A490000144914203D81649C867012088751448C1
:10A4A000C16F803001628461C56105214162134939
:10A4B0000020103908601149169808600E48943041
:10A4C0000168199A21F0404111430160189828B998
:10A4D00009484030016821F008010160179828B947
:10A4E00005484030016821F40071016020465FE7B3
:10A4F000A854042058E004200038024020240040E2
:10A50000002058A300E548FF00127A0010B5064C61
:10A51000064A00212368034201D0012010BD491CD6
:10A520009142F7D3002010BD0024004020A1070075
:10A530003E4A1668531741F6180206EA020701F070
:10A5400010021D463A43DFF8E8C02C4652EA8072FA
:10A550004FF0005910D148450ED360450CD8C26960
:10A56000D20109D400F14802624505D8D2F81C8016
:10A570005FEAC81800D5104600F00302174309D15E
:10A58000484507D3604505D8C269D70102D5D0E94F
:10A5900005541346274A176847F08057176012681A
:10A5A000254A176847F4807717601768214F3037BE
:10A5B0003F683F0438D51268D20535D5204F1F4A71
:10A5C0003A603A1D1160111D0860081D0460001DED
:10A5D0000560001D0360001D06601448001D006832
:10A5E00017491C310860114808300068091D0860CF
:10A5F0000E4814300068091D08600C4810300068CF
:10A60000091D086009480C3000680D4930310860A8
:10A610000B494FF485703C310860BFF34F8F091F21
:10A6200008480860BFF34F8F03F0FAFE28ED00E002
:10A63000E0FF0420403802400070004001FC32CEB0
:10A640005028004017FA32CE0348016811B9C06A99
:10A65000002800D001207047C0EA042010B500F0A7
:10A6600091F8EFF3108272B609490B794C792343C4
:10A67000034208D00B7983430B714B7983434B71B1
:10A68000C879401CC871002A00D162B610BD000014
:10A69000B8DF042010B506F0DBFF094988600948DF
:10A6A000018F412902D2018F491C0187008F402868
:10A6B00004D1BDE810400520FFF7D0BF10BD000059
:10A6C000B8DF0420A85404202DE9F04115460E46B9
:10A6D000044600F057F8EFF31087002372B6052CFC
:10A6E00002D11B4A002111871A49B1F800C046EA7D
:10A6F0000422944501D00A800123C0B1022D0CD35D
:10A700000A79024201D1012200E0002213430A79B2
:10A7100002430A714A79824308E04A79024201D130
:10A72000012200E0002213434A7902434A7153B1E7
:10A730004888A0F57F42FF3A02D04888401C4880F4
:10A74000C879401CC871002F00D162B6BDE8F08105
:10A75000A8540420B8DF042010B50C4600F012F80D
:10A76000EFF3108200280AD072B605498B790CB13C
:10A77000034300E083438B71002A00D162B610BD11
:10A78000B8DF0420401E072803D801218140C8B249
:10A7900070470020704770B50D0006464FF000046A
:10A7A0004FF0B60100D1641E7E2017F089FD0F2006
:10A7B00016F06CFF1CB92946304600F01DF8204603
:10A7C00070BD10B50A2016F061FF11217E2017F030
:10A7D00077FD322016F05AFF15217E2017F070FD0C
:10A7E000642016F053FF19217E2017F069FD0A201E
:10A7F00016F04CFF002010BD0222CA7509204875D2
:10A8000015230B7500238B75CA73487310200873CA
:10A81000032088734868886048698861C86808614F
:10A820001846704710B586B0044618216846F6F7FA
:10A830005BF917226946042017F08EFABDF8000074
:10A84000BDF8021000B200EE100ABDF8042009B2F3
:10A85000F8EEC00A9FED2F0A12B260EE800AC4ED36
:10A86000120A00EE901AF8EEE00A60EE800AC4EDDB
:10A87000130A00EE902AF8EEE00A20EE800A84ED3A
:10A88000140ABDF8080094ED0F0A01B200EE901A08
:10A89000BDF80A00BDF80C20F8EEE00A00B212B2D2
:10A8A00060EE200AC4ED1A0A00EE900AF8EEE00A03
:10A8B00060EE200AC4ED1B0A00EE902AF8EEE00AD2
:10A8C00020EE200A84ED1C0ABDF80E0094ED0E0A5D
:10A8D00000B200EE900ABDF81010BDF81220F8EE9C
:10A8E000E00A09B212B2002060EE200AC4ED160A96
:10A8F00000EE901AF8EEE00A60EE200AC4ED170AA6
:10A9000000EE902AF8EEE00A20EE200A84ED180A04
:10A9100006B010BD9A99993E2DE9FF410DF1280826
:10A92000044698E8E10084F82A7004F1140865628E
:10A9300088E80E00208400272685B620A7858DF89C
:10A940000C003D464FF064080126204600F076F9E1
:10A9500000F060F903A98DE8420101237E22D02195
:10A96000606907F055FB60B1681C042803D301201F
:10A9700004B0BDE8F0810A2016F088FE6D1C042D9D
:10A98000E3D327639FED160A682084ED0E0A9FED3E
:10A99000150A84ED0F0A84F8400094F82A0038B1B3
:10A9A0000128204611D000F02CF9A7850020DFE710
:10A9B0002046FFF706FF204600F016F8204600F07C
:10A9C00053F8204600F0B4F804E000F08DF820467B
:10A9D00000F00AF82046FFF725FFA685E6E700000D
:10A9E000B3CC1C3AF8C1F93B10B5044690F82A00E4
:10A9F00058B1882141F02001402017F061FC02216C
:10AA0000204600F005F8002010BD0921F2E7000003
:10AA100010B59FED110A29B1012907D002290FD0E5
:10AA2000032913D080ED0E0A032104E09FED0B0AE9
:10AA3000052180ED0E0A412017F042FC002010BDD8
:10AA40009FED070A082180ED0E0AF4E79FED050A45
:10AA50000C2180ED0E0AEEE7E5FF1F3AE5FF9F3A75
:10AA60001000203BFAFF9F3B10B5044629214220ED
:10AA700017F026FC0021204600F002F8002010BD4F
:10AA800010B59FED140A052920D2DFE801F0191353
:10AA90000D1F03009FED100A042180ED0F0A4320D3
:10AAA00017F00EFC002010BD9FED0C0A022180ED76
:10AAB0000F0AF4E79FED0A0A012180ED0F0AEEE785
:10AAC0009FED080A002180ED0F0AE8E780ED0F0AEC
:10AAD0000321E4E7F8C1F93BF8C1793B8DC1793C2A
:10AAE0008DC1F93C8DC1793D10B5044600F059F88F
:10AAF000642016F0CBFD204600F01AF8642016F012
:10AB0000C5FD12217E2017F0DBFB642016F0BEFD90
:10AB100017217E2017F0D4FB642016F0B7FD1B210F
:10AB20007E2017F0CDFB642016F0B0FD002010BD94
:10AB300010B580214C2017F0C3FB322016F0A6FD83
:10AB400001214F2017F0BCFB4B214E2017F0B8FB22
:10AB500004214F2017F0B4FB51214E2017F0B0FB19
:10AB60000E214F2017F0ACFB52214E2017F0A8FB0E
:10AB700002214F2017F0A4FB4C214E2017F0A0FB20
:10AB800042214D2017F09CFB0821442017F098FB30
:10AB900003214C2017F094FB322016F077FD0020A3
:10ABA00010BD10B5416CFFF7F6FD40B2002800D093
:10ABB000012010BD7CB504000AD049B1606938B1EC
:10ABC000A3692BB1856B9D4202D1A38D012B02D0CD
:10ABD0004FF0FF307CBD94F82A306BB106220E3165
:10ABE000CDE9001201231222D02107F02BF9002811
:10ABF000F0D10221A1857CBDCDE900120123042200
:10AC0000F2E710B5FFF7CDFF642016F03FFD0020FE
:10AC100010BD000010B5074806F069FD0648016840
:10AC200041F400110160016821F40011016011F08C
:10AC30003DFD10BD88A500202038024010B5044617
:10AC4000018D86B0406A012206F0FDFC14216846A1
:10AC5000F5F74AFF208D218C0843009001200190D8
:10AC60000290022003906946606A06F0FFFB218C87
:10AC70000022E06906F0E7FC218D0022606A06F000
:10AC8000E2FC012006F0A0FA218D0122606A06F0A4
:10AC9000DAFC012006F098FA218D0022606A06F0A5
:10ACA000D2FC012006F090FA218D0122606A06F0A4
:10ACB000CAFC012006F088FA218C0122E06906F026
:10ACC000C2FC012006F080FA002001906946606A0B
:10ACD00006F0CCFB06B010BD03490020888503496F
:10ACE00048760120887670475CF90420A854042037
:10ACF0000248016841F0200101607047003C0140BA
:10AD00001248406B08B940F2E240114991F82A100C
:10AD100049B1012909D000210E4A002339B18142ED
:10AD200007D313800DE0C821F6E76421F4E7138010
:10AD300009E01388194489B21180814203D3081AAB
:10AD4000108001207047002070470000C0EA0420F6
:10AD50005CF904204001002010B504460020A085C5
:10AD60002046FFF74EFF606906F0DAFC2046BDE89A
:10AD70001040FFF763BF10B5044641F618102118C4
:10AD800001F58051D1F8E408C1F8E808204600F048
:10AD900008F904F54054D4F8380220F40070C4F8DF
:10ADA000380210BD0146002089293ED058DC3329E5
:10ADB0007DD02CDC152915D015DC112971D00BDCC8
:10ADC00040F2012201296ED002296CD003296AD0F9
:10ADD000102900D13D20704712296ED0132937D099
:10ADE0001429F8D171E0232908D009DC18297DD075
:10ADF00020295AD0212958D02229ECD11D20704772
:10AE000030296DD031296BD03229F8D16AE0602920
:10AE10005DD012DC412963D008DC342949D03529C2
:10AE200049D037294AD04029E9D159E042294ED0AA
:10AE300043294CD05129E2D152E0832947D008DC84
:10AE400061294FD080294BD081294BD08229D6D17E
:10AE50004AE0842948D0852929D08629CFD132E0FB
:10AE60008A393329CBD2DFE801F02E1A2C2E324159
:10AE70003B3B3B323D323032323B1A321A3B32419D
:10AE800032321A1A1A1A1A1A1A1A1A3232343B1A87
:10AE90001A1A1A1A3638413B3D3F41434100AEE78A
:10AEA00005E014E0FFE710467047152070472120A9
:10AEB0007047222070470A20704717E040F20A20AE
:10AEC000FAE71120F8E71920F6E70620F4E7022058
:10AED000F2E78920F0E78420EEE740F20D20EBE76F
:10AEE0000120E9E70320E7E70420E5E70520E3E7A1
:10AEF00040F20720E0E770B5040028D0002926D0F2
:10AF00000868002823D0EFF3108572B604F540508E
:10AF1000C0F834120968C0F830120021C0F83812A5
:10AF200080F8901241F618102044FAF78DFF204661
:10AF3000FAF78AFF41F61A10211843F248204FF41D
:10AF4000C052204416F04EFA002D00D162B670BDFA
:10AF5000B0B13E2914D100F5805090F8EC1879B1C9
:10AF6000D0F8E01861B1D0F8E8281D2A08D1D0F84F
:10AF7000E408192804D10878222803D0232801D016
:10AF800000207047012070470249884201D1F7F73D
:10AF9000A9BF7047089D042041F618131844FAF71A
:10AFA0007BBD41F618110844FAF711BE41F618129C
:10AFB0001044FAF7F7BE00002DE9F84341F61811E6
:10AFC00000F5405480464618D4F830024FF0FF3563
:10AFD000C16889066CD50168890669D50168009148
:10AFE0004068C7B23946404600F0AFF810B1354965
:10AFF00001200870D4F83802800557D541F6EC00DE
:10B00000805DA0B93846FFF7CDFE00280CDD38463C
:10B01000FFF7C8FE01466A463046FAF737FE30B100
:10B020003046FAF7DAFE26E03046FAF7D6FE30462A
:10B03000FAF7E0FE002814DD39463046FFF788FFB6
:10B0400018B14046FFF797FE09E039464046FFF742
:10B05000ADFF401C2CD13046FAF7BFFE1BE00025A7
:10B0600026E03E2F0ED03046FAF7B7FED4F88C0219
:10B07000401CC4F88C02D4F8380220F40070C4F8E4
:10B08000380215E04046FFF78CFF48B1D4F88C0237
:10B09000401CC4F88C02D4F8380220F400700EE092
:10B0A000D4F88802401CC4F88802F4E73C2F02D090
:10B0B0002846BDE8F883D4F8380240F40070C4F89C
:10B0C0003802CCE71356042070B50D46040034D086
:10B0D000FFF75AFF2946204600F037F810B118490B
:10B0E0000120087043F24820221850689368916B41
:10B0F000CD549168491C91609168814202D3916856
:10B10000081A9060906A0125D16A401C41F1000143
:10B110009062D162002102EB8103183353E8000FE3
:10B12000284443E80006002EF8D1491C0329F2DB2D
:10B13000204600F007F8002070BD4FF0FF3070BDD2
:10B1400013560420082002F05DBD10B5002818D069
:10B1500043F290221044027801243AB10023012ADC
:10B1600007D0022A0ED0032A09D110E03C2913D0BF
:10B1700006E0AB2901D1022107E03C290CD0037085
:10B18000002010BDBA29F8D103210170F8E73E294B
:10B19000F3D10370012010BD0470F1E72DE9F041F7
:10B1A00007001DD007F54054D4F83002C0B1EFF3CA
:10B1B000108672B6D4F83412E9B18D6BDDB129680E
:10B1C000C9B1416921F0800141612868016821F01D
:10B1D00010010160286800F08FF848B126B104E042
:10B1E0004FF0FF30BDE8F08162B66FF00100F9E783
:10B1F000284600F015F8D4F83002C16821F080012B
:10B20000C160D4F8380205490840C4F8380238460D
:10B21000FAF71AFE06B962B60020E3E7DDBFFEFFCB
:10B2200010B5002823D00168002920D0816D0029A5
:10B230001DD090F85C303D229A408A6000680C492D
:10B24000884201D10F200CE00A49884201D14520F3
:10B2500007E008491831884201D1462001E04FF04B
:10B26000FF30002801DB07F05DF8BFF34F8F10BD02
:10B2700070600240A06402402DE9FC4106004FF0DE
:10B28000FF3736D006F54054D4F83802400430D5A4
:10B29000D4F8380280062CD4D4F8340258B1856B27
:10B2A0004DB1286838B1416819BB00F025F800BBE2
:10B2B0002846FFF7B5FFD4F8380220F48040C4F8E0
:10B2C000380201AA69463046FAF7E6FB0028304604
:10B2D00002D000F001FC0CE000F036FA48B1D4F8DE
:10B2E0003802C00302D4304600F0F6FB0020BDE86F
:10B2F000FC813846FBE7000009494FF0FF3330B1CD
:10B30000026822F00102026004E0491E01D21846E0
:10B31000704700BF0268D207F7D1002070470000D5
:10B32000A08601002DE9F0410D465FEA00084FF0CC
:10B33000FF3659D008F54054D4F83002002853D0D5
:10B34000F5B32868E0B3EFF3108772B6D4F838226B
:10B3500044F22001914345D10168C90742D14068B8
:10B3600078BB404600F0B0F858B3404600F0DDF836
:10B3700038B3D4F83002C16821F08001C160286878
:10B38000FFF7BAFFE8B92868016821F010010160F1
:10B39000D4F83002416921F080014161284604F56A
:10B3A0000C74FFF73DFF4046FAF7F3FBA06820F46A
:10B3B0008040A060A0680E490843A060404601E0BC
:10B3C00012E00FE000F0B8F92068C16842F20C0208
:10B3D0001143C1602068C16841F08001C160BFF3C2
:10B3E0004F8F002607B962B63046BDE8F0810000F5
:10B3F000220001002DE9F04105004FF0FF3638D062
:10B4000005F54051D1F8340260B3846B54B3206821
:10B4100040B3A26D32B3106894F85C304FF0200C4A
:10B420000CFA03FC0D279F404FF03D0E0EFA03FE71
:10B4300000EA0E039360384215D0D1F8380240F08C
:10B440002000C1F838022068FFF756FF2046FFF7BA
:10B45000E7FE2068406828B921462846FFF762FFCA
:10B46000002807D005E010EA0C0F02D020684068E1
:10B4700010B13046BDE8F0812846BDE8F041FFF745
:10B48000FBBE10B54FF0FF31D8B1EFF3108472B6A8
:10B4900000F54052D2F838325B0410D5D2F8383279
:10B4A0009B060CD4D2F8341231B1896B21B10968F2
:10B4B00011B1FFF79FFF01E0FFF7DEFE014604B97F
:10B4C00062B6084610BD00000349884201D1012040
:10B4D0007047002070470000089D0420FAF71ABB4F
:10B4E000F8B515460E4607004FF0FF3407D036B1C9
:10B4F000002D04DD6A462946FAF7C8FB08B120464C
:10B50000F8BD2A4631460098F5F70BFA3846FAF7A7
:10B510005EFB0028384602D0FAF75FFCEFE700F048
:10B5200002F80020F8BD00F00FB91CB50021009111
:10B53000019118B301AA6946FAF764FCF0B90098C2
:10B54000E0B1019904290BD30278AD2A08D1421841
:10B5500012F8023CDA2B03D112F8012CDA2A0FD0B0
:10B5600005290BD101785A2908D141785A2905D1EA
:10B57000C178A52902D10079A52801D000201CBDE1
:10B5800001201CBDF8B506004FF0FF3029D006F5AC
:10B590004054D4F83012002923D0EFF3108572B64E
:10B5A000CA6812061AD50968090617D53046FAF78F
:10B5B00046FC002816DD69463046FFF78FFF88B944
:10B5C000D4F8300201680906FCD59DF800104160EE
:10B5D0003046FAF734FC002804DD0020002D00D1AD
:10B5E00062B6F8BDD4F83002C16821F08001C160B4
:10B5F000D4F83802C003F0D4D4F8380220F00200A6
:10B60000C4F83802E9E700002DE9F04106004FF0E8
:10B61000FF3566D006F54054D4F83002002860D0DB
:10B62000EFF3108772B6D4F83802C00301D40025B6
:10B6300043E03046FAF703FC6FF0010800281CDDF8
:10B64000D4F83002416921F080014161D4F8380218
:10B6500040F00200C4F83802D4F83002C16842F267
:10B660000C021143C160D4F83002C16841F080017E
:10B67000C1603046FFF786FF0FE006F5805696F86A
:10B68000FC08D0B9D4F83002C16821F08001C16053
:10B69000D4F830020168490601D445460DE04169FD
:10B6A00021F080014161D4F8340280B1866B76B11B
:10B6B000306860B1FFF720FE08B18FB111E030684B
:10B6C000016821F0100101603046FFF7A9FDD4F8B0
:10B6D000380205490840C4F83802BFF34F8FA6E787
:10B6E00062B62846BDE8F081DDBFFEFF30B589B007
:10B6F0000C46054624216846F5F7F6F9AD208DF88D
:10B70000000085208DF801002046F5F7EBF8202891
:10B7100000DD2020024621460DF10200F5F701F977
:10B72000DA208DF822008DF823002422694628466D
:10B73000FFF7D6FE09B030BD0249884201D1F7F7C4
:10B74000D1BB7047089D04202DE9FC4106004FF055
:10B75000FF385CD006F54054D4F83002002856D0AB
:10B76000D4F838126FF00107C90315D5416921F0EB
:10B7700080014161D4F8380240F00200C4F8380278
:10B780003046FAF75CFB002866DDD4F83002C16869
:10B7900041F08001C1605FE0D4F8380240044BD42E
:10B7A0003046FAF74CFB002831DD01AA69463046E5
:10B7B000FAF728FB3046FFF7BFFFD4F8340238B35E
:10B7C000876B2FB33D681DB3D4F83002416921F077
:10B7D000800141612846FFF78FFD00286CD1384673
:10B7E000FFF71EFD0098E86001986860286840F047
:10B7F00010002860D4F8380240F48040C4F83802C1
:10B8000048E0D4F8380240F02000C4F8380253E091
:10B81000D4F8380240F00200C4F83802D4F83002FC
:10B82000C16842F20C021143C160D4F83002C16811
:10B8300041F08001C1603DE0D4F8340260B1806B1A
:10B8400050B1056845B1686818B12868C00706D0CE
:10B8500002E03046FFF715FE3846BDE8FC810020C7
:10B86000009001906F6801AA69463046FAF7CAFA5B
:10B8700010BB019887421FD8D4F83402806BFFF7C1
:10B88000CFFC01980099C01B0844E860286840F08C
:10B8900010002860D4F8380220F02000C4F83802E4
:10B8A000304600F03DF92868C007AAD0D4F8380225
:10B8B0008006A6D40020D0E74046CEE710B500F5BC
:10B8C0004051D1F8342213685C69240604D40AE09C
:10B8D000936B1B685B681BB1D1F838325B04F7D4FB
:10B8E00000F0FAF81AE05B691B0605D4B0B13AB172
:10B8F000926B2AB112681AB1BDE8104000F010B87E
:10B90000D1F8300250B1C26822F08002C260D1F892
:10B91000380244F202029043C1F83802002010BD00
:10B9200070B502002CD002F5405444F20205D4F860
:10B930003402B8B1816BA9B1096899B103685B6938
:10B940001B0602D409E0486818B1D4F83802400454
:10B95000F9D4104600F0C0F810E009F0BEFBD4F8AE
:10B96000300202E0D4F8300250B1C16821F0800109
:10B97000C160D4F83802A843C4F83802002070BD72
:10B980004FF0FF3070BD00002DE9F05F00F540552D
:10B990008246D5F834020068C16842F20800884344
:10B9A00003D04FF0FF30BDE8F09F05F051FE074691
:10B9B0005FEA0A0673D0D5F8340200286FD0806B96
:10B9C00000286CD00068002869D04FF6FF79002469
:10B9D0000AF5805B1AE0D5F83402806BD0F800805D
:10B9E0005046FFF7B1FED5F83802C00318D55046CF
:10B9F000FFF70AFE0024401C01D1C01ED3E705F06A
:10BA000027FEC01BB0F5FA6F43D800BFDBF80C0966
:10BA10000028E0D1D5F83802C003DCD40020C2E70A
:10BA2000D5F83802800705D5D5F83402006840699A
:10BA3000000602D4504600F03DF8D5F83802400424
:10BA40001AD5D8F804000604D8F80000360CC0F364
:10BA5000000802D15046FFF714FDB8F1000F01D0E5
:10BA60004E4501D1641C00E000241148B1468442D7
:10BA7000C5D9504600F01EF80024C0E75046FFF735
:10BA800063FE5046FFF77EFD05F0E2FDC01BA042BD
:10BA900003D96FF0010086E701E000BF03E04FF437
:10BAA000FA640AF58056D6F80C090028E6D17AE740
:10BAB000400D030010B5044600F051F82046BDE8E3
:10BAC0001040FFF741BE00000249087800220A70CA
:10BAD000704700001356042000F54052D2F8381287
:10BAE00044F202039943C2F83812002817D0D2F862
:10BAF0003402002813D0806B002810D00168002980
:10BB00000DD0D2F830020A6822F010020A600A68EA
:10BB100022F001020A60416921F080014161704711
:10BB200000F54051D1F8382242F00202C1F8382223
:10BB3000002813D0D1F8340200280FD0806B0028E1
:10BB40000CD00068002809D0D1F83012026842F009
:10BB500001020260486940F0800048617047002897
:10BB600021D000F54050D0F8341200291BD0896B49
:10BB7000002918D00A68002A15D0D0F83002C16810
:10BB8000890402D501680906FCD5011D9160C168D0
:10BB900021F40051C160416941F080014161C168F7
:10BBA00041F40051C16070472DE9F74FD2F884503D
:10BBB00081B0CE4ACE4902F16C0602F1D80702F5F7
:10BBC000A27902F5D87C02F5227302F5587A02F5C3
:10BBD000077B02F5737E02F22C74222D12D2DFE86D
:10BBE00005F0112132425365748698A9B1C0111134
:10BBF00011111111111111111111CFE0F8F6F5F415
:10BC0000F3F2F1F00092B94A03234832A2F1240181
:10BC100003F0EEFFB748032300F1480200F12401CE
:10BC200000905EE1B14A0323B432A2F124010096F0
:10BC300003F0DEFFAF486C30032300F1480200F14F
:10BC4000240100904DE1AC4A0323A2F124010097A6
:10BC500003F0CEFFA748D830032300F1480200F1DB
:10BC6000240100903DE1A44A03236C32A2F1240197
:10BC7000CDF8009003F0BCFFA048032300F1480278
:10BC800000F1240100902CE19B4A0323D832A2F159
:10BC90002401CDF800C003F0ABFF98486C300323BB
:10BCA00000F1480200F1240100901AE1944A009347
:10BCB0000323A2F1240103F09BFF9248032300F128
:10BCC000480200F1240100900BE18A4A0323903AD4
:10BCD000A2F12401CDF800A003F08AFF8948D830F2
:10BCE000032300F1480200F124010090F9E0844AA6
:10BCF00003236C3AA2F12401CDF800B003F078FFE1
:10BD000080486C38032300F1480200F124010090C0
:10BD1000E7E0784A0323243AA2F12401CDF800E0B9
:10BD200003F066FF7848032300F1480200F1240184
:10BD30000090D6E072490323243101F148020091BA
:10BD400024311AE00B882BB10A1D009201F5827292
:10BD5000443112E06C4A0323903AA2F1240100948A
:10BD6000BFE0B1F8C431002BF4D0614901F5E472B1
:10BD7000009201F5327201F5027103F039FFE9E733
:10BD800000925A4A03234832A2F1240103F030FF03
:10BD90005D486C30072300F1A80200F154010090C7
:10BDA0009FE0554A03236C3AA2F12401009603F068
:10BDB0001FFF5648072300F1A80200F1540100902C
:10BDC0008FE07DE06AE057E045E035E022E010E0FA
:10BDD000FFE7494A0323A2F12401009703F008FF7B
:10BDE0004A48FC30072300F1A80200F154010090FA
:10BDF00077E0414A03236C32A2F12401CDF8009090
:10BE000003F0F6FE4248052300F1780200F13C0100
:10BE1000009066E0384A0323D832A2F12401CDF81D
:10BE200000C003F0E5FE3A48B430032300F14802B5
:10BE300000F12401009054E0314A00930323A2F161
:10BE4000240103F0D5FE3348032300F1480200F13A
:10BE50002401009045E0274A0323903AA2F12401EF
:10BE6000CDF800A003F0C4FE2B48032300F14802E4
:10BE700000F12401009034E0214A03236C3AA2F13E
:10BE80002401CDF800B003F0B3FE2248B4380523F6
:10BE900000F1780200F13C01009022E0154A0323F2
:10BEA000243AA2F12401CDF800E003F0A1FE1A48E3
:10BEB0006C30032300F1480200F12401009010E0EF
:10BEC0000F490323243101F148020091243103F08A
:10BED0008FFE10486C30052300F1780200F13C0120
:10BEE0000090029803F084FEBDE8FF8F0C3916081D
:10BEF000D4F50420443D16082C3A1608883E16084E
:10BF0000DC3B1608CC3F160810411608784216088C
:10BF10007044160844461608644716082DE9F8438D
:10BF200014464FF0FF3841B13CB18C4205D24FF47A
:10BF30008032914201D2944202D34046BDE8F88358
:10BF40002C4A136843F400731360136823F40073DE
:10BF50001360294A40F008001060274E0025103E6B
:10BF60003560301F0560001F0560234F7F201C3F98
:10BF7000386001203060009500BF0098401C0090A0
:10BF80008028F9D31C48083801601020FEF7BEFA5B
:10BF900040B31020386018480C3804600820FEF7C1
:10BFA000B5FAF8B10B203860144C206820F001007D
:10BFB0002060124F24373D60104810300560206823
:10BFC00040F001002060306840F002003060022044
:10BFD000FEF79CFA40B13868216821F00101216028
:10BFE0003560ABE73560A8E7206820F001002060ED
:10BFF000F8E700002038024020240040000C0040F8
:10C000002DE9F04FABB0342116A8F4F76DFD58219F
:10C010006846F4F769FD674C0120E0630025A562DE
:10C02000801EE062206820636348006880070AD4AD
:10C03000082016900120CDE91B0516A807F09AFAF2
:10C0400008B102209AE007F043FA5B496C390968AD
:10C0500011F4E05F00D040008046A246A0625FEA93
:10C0600008001BD0544820300068534C00F040407A
:10C07000343C2990206800F008002890206800F4E3
:10C0800000702790A0140090C0041190684606F03C
:10C090003FFF28B10421CAF83C1076E00321FAE7FB
:10C0A0004548AB463438016841F4007101600168CD
:10C0B00001F400712391016841F0080101600068FA
:10C0C00000F0080023903D48D0F80090FEF794F867
:10C0D0004FF4006024904010042700252E462C4683
:10C0E0002390DDE923214846FFF718FF411C23D0A8
:10C0F0002D1846EB0B06641CBC42F2D3780840199D
:10C100004BEB06013A460023F4F746FA0246544642
:10C11000CAF82C2029491039C1F800B02749C1F8C4
:10C120000090254820300168299B21F040411943A7
:10C130000160289818B108E04FF0FF32E7E71E4889
:10C140003438016821F008010160279828B91A489D
:10C150003438016821F400710160501C13D04FEA9B
:10C1600098514FEA8820002301F0B6F9A0F59C41D0
:10C17000203947F2315291420AD30620E063206809
:10C180002BB0BDE8F08F0520E063DAF80000F7E798
:10C19000084A0121803A2060D17526AA25A901F01C
:10C1A0005BF820682063259961632699A1630721C4
:10C1B000E163E5E72855042074380240202400405C
:10C1C0000021C20700D01021820701D541F02001D3
:10C1D000420701D541F04001020701D541F080013D
:10C1E000C20601D541F48071800601D541F4007189
:10C1F000024830F8442F0A4302807047A8540420B4
:10C200007FB52B480068F4F723FB2A4A00206946D3
:10C2100000EBC00302EB8303D3F89C3041F82030DD
:10C22000401C0428F4DB244800F0D0F800283DD15D
:10C23000224C6069850AAD024FF48050854200D2DD
:10C2400005466E0832461E48616815F0CBF86068F6
:10C25000324600EB55011A48403015F0C3F8194832
:10C26000A269A16815F0BEF81748E269E16815F007
:10C27000B9F8206A420A5202202A00D20246104827
:10C280002169C03015F0AEF810494FF4006201F694
:10C29000BC0015F0A7F80A4910223C3901F59E7040
:10C2A00015F0A0F80448F5F7E5FE002004B070BDD5
:10C2B000282800408001002080B400208054042001
:10C2C00080E90420D03D0020105C042044E10420DB
:10C2D00010B5002819D0EFF3108472B68168426857
:10C2E000A2B1914203D3B1FBF2F302FB131111F09F
:10C2F0007F0305D0C3F180031944914200D3891A0A
:10C3000015F080F9002C00D162B610BD0021F7E7CE
:10C3100010B5002809D0032907D2EFF3108472B6B4
:10C3200015F094F9002C00D162B610BD70B586B03E
:10C3300014216846F4F7D8FB0E480025016841F047
:10C340000101016000680C4E00F001004FF48074A0
:10C3500005902A462146304605F075F901200094E3
:10C36000CDE9010569463046039505F07FF806B032
:10C3700070BD0000303802400000024070B586B049
:10C3800014216846F4F7B0FB0E480025016841F01F
:10C390000201016000680C4E00F002004FF480546E
:10C3A00005902A462146304605F04DF901200094BB
:10C3B000CDE9010569463046039505F057F806B00A
:10C3C00070BD000030380240000402402DE9F04FFB
:10C3D0004FF4006689B08946044677004FF4007B2D
:10C3E000F5F766FAB0F5683F04D36FF0020009B0C4
:10C3F000BDE8F08F04F56835C0F56830286000208E
:10C40000024604EB800101F56831401C4A604A6134
:10C410000428F6DBD9F8040000B1012008B1614B13
:10C4200000E0002300200DF1100C17E0B0B101284E
:10C4300016D031464CF82010401C0428F6DB0021B1
:10C4400008464B1E5CF8206066B11F3121F01F01C9
:10C4500031442E68B14205D91846C8E70497EBE786
:10C460001946E7E7401C0428ECDB28689246401A8E
:10C4700000260092019202923146039201E00129C6
:10C4800005D059F8212012B19A4200D21346491C16
:10C490000429F4DB591CEE4614D00021A3F1010855
:10C4A000774601E001290AD059F821203AB14244E7
:10C4B000B2FBF3F202B9012247F821201644491CCD
:10C4C0000429EFDB00231A4604A951F822C0BCF16D
:10C4D000000F5BD01F3323F01F036146012A35D0C4
:10C4E00059F8227097B38EB35EF822705FEA07089E
:10C4F0002CD008FB00F7B7FBF6F727F01F076744BF
:10C50000002A07D05946A1F1010127EA010104D10F
:10C51000254F03E04FF48061F5E7244F01D16FF31D
:10C520000907B94200D939460AB96FF309015945DB
:10C5300000D259468C4502D2A1EB0C0700E000273F
:10C54000874200D90746C01BA6EB08062F6803EBFD
:10C55000010CBC4506D99F4201D9F91A00E000211F
:10C5600021F01F0191B104EB820704EB030C07F5E6
:10C5700068370B44C7F804C07961521C042AA3DB56
:10C58000286898420BD26FF0010030E704EB82017B
:10C5900001F56831C1F804A0C1F814A0EDE700204E
:10C5A00025E7000000710200FCFF0300FEFF010010
:10C5B00070B5224C606940B1E26932B1016821B1C5
:10C5C000116811B1A1690CF0F3FE1D48F4F7D0FE1B
:10C5D0001C48007928B11B48F9F7A0FF1948F9F762
:10C5E00065FD206A38B1016829B1618E08F00CFD43
:10C5F000206A08F059FA1448B0F89802012801D1CD
:10C6000010F06AF94FF48071104807F0BDF9104D31
:10C6100000246C7700F08CF8AC7401210D4800F018
:10C6200025FF0DA11048FFF761F80F48FFF78CF8C0
:10C630000E49012081F87D0070BD000070DF0420EC
:10C64000E85B0420703D0020F8340020DCA50020C9
:10C65000A8540420C0EA042053594E432054494DA5
:10C660002045525200000000089D04208001002057
:10C6700070B590B028216846F4F736FA294D95F840
:10C680002000002819D00FA90AA800F0A7FD0AA9C8
:10C690000FA800F0C3FC04460E46234905F18800AC
:10C6A00000F0BCFC4FF4FA62A21846F1000300242B
:10C6B000101A8B41AC7702D3A01E10B070BDEC777E
:10C6C0004FF480763146194807F05EF908B16C776F
:10C6D00025E01548002201788DF8001041788DF88A
:10C6E000011081788DF80210406801908DF80340A8
:10C6F00003944FF070600494CDE905400948079415
:10C700008830694680788DF820000848099607F03F
:10C7100063FA0028DBD1022068770120E877002047
:10C72000CBE70000A8540420C4DF0420DCA50020CF
:10C730000548002180F820108177C177427F022AC6
:10C7400000D1417770470000A8540420F0B585B0AF
:10C75000142214496846F4F76BF972B60024124E9D
:10C760004FF400776D4655F824008168B04209D136
:10C770004268BA4206D301F2FF116FF308019142F9
:10C7800000D3891A14F03EFF641C052CEBD3074933
:10C79000002081F80E03A1F50C60FFF799FD62B649
:10C7A00005B0F0BD2C37160840EA0420C0F2042082
:10C7B0000A4A10B592F820200B4662B158B153B125
:10C7C000064A803291680160142205491846F4F740
:10C7D0002FF9012010BD002010BD0000A854042036
:10C7E000C4DF04207CB5294C0025E57342F201002A
:10C7F0002566F5F719F8FAF7D3F9FEF779FA244820
:10C8000090F8F002234981F8B301642004F0DCFCC5
:10C81000FFF7F6FC30B1022207210120FDF754FF9B
:10C82000681E7CBD42F20200F4F7FEFFF4F76EFFD3
:10C8300042F20300F4F7F8FF00F07CFE00F0DEFEA9
:10C8400098B142F20400F4F7EFFF1348CDE9000578
:10C85000A0F500730F4A11491148FBF713F9216E37
:10C86000084305D06FF002007CBD6FF001007CBD75
:10C870000120E073207C10B12574F6F777FA42F2BC
:10C880000500F4F7D1FF00207CBD0000A85404206F
:10C89000C0F20420C0EA0420C0EE0420FCA5002061
:10C8A0008001002010B50A4801244474002180F85A
:10C8B000211080F82210074AB2F89822022A01D0EB
:10C8C00080F82310FFF742FF0348A0F86A4110BD2B
:10C8D000A8540420F83400208001002070B5144CC6
:10C8E0004FF0010184F82D10EFF3058060B111487D
:10C8F000B0F86A21012A19D090F87D20002A15D1BC
:10C90000B0F86801042811D094F82C0000280DD14B
:10C9100084F82C10002584F82D500648FCF7CEFA38
:10C9200094F82D000028F6D184F82C5070BD00003A
:10C93000A8540420800100200F48B0F86811012994
:10C9400004D0B0F8680108B102F092B80B48B0F812
:10C95000980201280DD10A48806A50B10948417AED
:10C96000002905D1017A002902D101218172417289
:10C970007047FFF797BF000080010020F8340020C7
:10C98000C0EA0420A85404202DE9F05F754E4FF052
:10C990000107EFF3058040B1F7747348017900296E
:10C9A00001D00521C180BDE8F09F4FF0000B86F853
:10C9B00013B06E4CDFF8B8A16E4DB4F898020128A0
:10C9C0000DD1B5F85E1051B9717A99B9317A06294D
:10C9D00010D0317A07290DD0317A08290AD0DAF837
:10C9E0002810DFF89481002974D001281CD0022877
:10C9F0001AD06FE06148FEF7D1FB0446FFF798FEBE
:10CA000000F02CFF0CB13773B772DAF81C1121F06B
:10CA10000301CAF81C115AA15C48FEF767FEBDE885
:10CA2000F05F5A48FEF790BED8F82000B8B302680D
:10CA3000AAB308F039F8B4F89802012807D1B8F879
:10CA40003210D8F8200008F0DFFA0FF045FFDFF8C9
:10CA50004091D8F81400C0B10168B1B1886800F005
:10CA60000700062811D1484600E000BF0A68D20737
:10CA700001D0401EF9D20868C00706D085F8407082
:10CA8000022205210420FDF71FFED8F81C004146B4
:10CA900028B1006818B14846BFF34F8F05E019E090
:10CAA000BFF34F8FBFF36F8F00BFCA69126812695F
:10CAB000D20701D0401EF3D2BFF34F8FC869006880
:10CAC0000069C00706D085F84070022205210420C5
:10CAD000FDF7FAFD777485F87D702348007928B159
:10CAE0002148F9F71BFD2048F9F7E0FAB4F898025D
:10CAF00001280AD196F8210038B9032225491F4898
:10CB000000F0C0FF08B986F82170B5F86801012867
:10CB10001DD0B5F86801D0B1D8F81400414648B12D
:10CB2000CA693AB103682BB113681BB1D8F8181061
:10CB30000CF03EFC1848F4F71BFC40B101210C48F6
:10CB400000F094FC012205211046FDF7BDFD85F89B
:10CB50007D7086F812B0DAF81C1121F00301CAF8D2
:10CB60001C1120E7A8540420703D0020F834002058
:10CB7000C0EA04208001002070DF0420F8040020B7
:10CB80005265632053746F7000000000089D0420FC
:10CB9000400D0300E4361608E85B042010B50B4A8C
:10CBA0000B4C904207D12268B2F5504F03D3226854
:10CBB000B2F5534F08D32060616004F049FDA060D6
:10CBC0000448B0F89802E06010BD00005241545390
:10CBD00000770420F83400202DE9F047244F86B078
:10CBE00097F8200000282CD0224907F1880000F097
:10CBF00015FA04460D4604F02BFD06464FF00008DA
:10CC00004FF4807A41F6583921E005A9684600F0D2
:10CC1000E5FA694605A800F001FA001BA94119D2FE
:10CC200004F016FD811B49450ED9F87F18B1514615
:10CC3000114806F0A9FE87F81F8087F81D804FF085
:10CC4000FF3006B0BDE8F087012004F0BDFAB87FE0
:10CC50000028DAD0F87F18B15146074806F094FE54
:10CC600087F81F8087F81D8087F81E800020E8E77E
:10CC7000A8540420C4DF0420DCA500200F48104A7B
:10CC800090F8C0179163A0F5C0431879D0634FF0B6
:10CC9000FF30042910D0196A21B1082228219F20D1
:10CCA00000F038B800211160D3F8981051600549A0
:10CCB0008B6893608969D16070470000709D002087
:10CCC000F8E00420805404200F48104A90F8C01760
:10CCD0009163A0F5C0431879D0634FF0FF30042969
:10CCE00010D0196A21B10222A021AC2000F012B8A4
:10CCF00000211160D3F89810516005498B6893604A
:10CD00008969D16070470000709D0020F8E0042020
:10CD1000805404202DE9F74F4C4F91460C46386A59
:10CD20004FF0FF3A30B12CB1A02C03D8601D85B272
:10CD3000A52D02D95046BDE8FE8F104600F0AAF896
:10CD40000646611E09FB01F000EB8002C2EBC01039
:10CD50000E2202EB800001FB06083D49884502D205
:10CD6000786E884205D23B48C0F82080796E4162D7
:10CD7000E0E74946204600F091F88346BA46384637
:10CD8000396A344F3960D0F89810796032498A682E
:10CD9000BA608969F960416E396101797961018907
:10CDA000B961DAF82C00F861C7F82080C7F824B020
:10CDB000BE622A48D0F80C09F8622948D0F8380237
:10CDC000386304F045FC786300222FE009FB02F190
:10CDD00001EB8103C3EBC11302FB05F00BEB8301F5
:10CDE0000AEB00034FF0AD0C83F8A0C0DDF800C0E3
:10CDF00083F8A1C000EB050C83F8A220D444DA2309
:10CE00008CF89E308CF89F3000230C310BE0DAF860
:10CE1000207000EB030803FB067708EB0A0CCF5DDC
:10CE20008CF8A3705B1CA342F1D3521CA242CDD359
:10CE30000C48002141808480C5800099017280F8EF
:10CE4000099004210170002075E70000703D00206A
:10CE500000710200F8E004208054042008AD042092
:10CE600008CD042030A50020094A92F8C007022806
:10CE70000DD192F8C80700B9AC20B2F8C41701B9B7
:10CE8000A02192F8C92702B90222FFF743BF7047D9
:10CE9000709D002000EB4000400870472DE9FE4FD8
:10CEA0000546002000900190044602908B460846FB
:10CEB000FFF7F0FF07462048006A5FEA00094FF0DD
:10CEC000000037D0EA4620E00BFB00F101EB8102C5
:10CED000C2EBC1110C2202EB810C002100220CEBF1
:10CEE00001060CE002FB076319F803301B0605D5A9
:10CEF0005AF8218008F101084AF821800832AA4234
:10CF0000F0D3491C0329E9D30830A842DCD30B4BEA
:10CF10000021524652F8210043F8210052F82450D3
:10CF2000A84200D9CCB2491C0329F3D3044880F8A5
:10CF30006A402046BDE8FE8F703D002038E10420A5
:10CF4000A85504202DE9F041884604005DD0A5686D
:10CF50002F49281E02D10A69C2F30E0502D10869C1
:10CF6000C0F30E006168814200D90146401A4FF4B7
:10CF70007A77A0FB07016E1C32460023F3F70CFB07
:10CF8000B84200D3781E2178224A40F253735143AD
:10CF9000627812FB03F201EB4212A17801EB41032C
:10CFA000C3EBC11102EBC10108441B494044B0FB73
:10CFB000F1F201FB120017491822B0FBF1F1B1FBAD
:10CFC000F2F302FB131121704EF66021B0FBF1F277
:10CFD0003C21B2FBF1F301FB132262703A46B0FB35
:10CFE000F2F3B3FBF1F701FB1731A170B0FBF2F1E3
:10CFF00002FB1100A0FB06010023F3F7CDFAA842C3
:10D0000000D92846281AC4E90105BDE8F0810000CE
:10D010000028004080EE3600005C260530B5C3785D
:10D020004278847803F5FA63022A01D8012000E0EF
:10D030000020181A4FF4C87302D490FBF3F303E0F6
:10D04000A0F28F1595FBF3F36FF018055D4300EB2D
:10D050000510022A01D9D21E00E0093202EB0212A9
:10D0600002EBC2020525921CB2FBF5F222446424B5
:10D07000B0FBF4F540F26D14444304EB9000401B08
:10D08000521E1044174A03FB0200174A831809B1C5
:10D09000886818B915480069C0F30E004A688242D2
:10D0A00001D9002200E0821A4FF47A746243401CD6
:10D0B000B2FBF0F208780E4C40F2537560434C78A6
:10D0C00014FB05F400EB4414887800EB4001C1EB3D
:10D0D000C01004EBC0001044064A0021C3FB02014B
:10D0E00030BD0000B13A02009405F5FF0028004071
:10D0F00080EE3600005C260570B5204DA4B028688F
:10D10000204A1F4910F4407F4FF00104116017D1ED
:10D11000342116A8F3F7E8FC58216846F3F7E4FC3D
:10D12000082600201696CDE91B4016A806F022FA24
:10D13000E0B9600209900096684605F0E9FEA8B9DA
:10D140002868C0F30120022813D10C490E48091D9C
:10D150000A6842F001020A6000E000BF0A68920714
:10D1600001D4401EF9D20868800702D4002024B000
:10D1700070BD064804600120F9E7000070380240E5
:10D1800000280040DCA50020400D03003C0E474273
:10D1900010B5FDF759FA08B1002010BD012010BDEF
:10D1A0007CB50C46050016D0002C14D00A480A4E57
:10D1B000C07D803608B1306801E04FF4FA4001AA22
:10D1C000694600F049F800982860019820600098AE
:10D1D00070630198B0637CBDA854042030B58DB055
:10D1E0000C46050034D0002C32D0002207A9194883
:10D1F00006F046FC00226946164806F01FFC002295
:10D2000001A9144806F03CFC002206A9114806F0CA
:10D2100015FC9DF81E209DF806309A42E5D19DF838
:10D2200002009DF81A108842DFD19DF801009DF898
:10D2300019108842D9D19DF803009DF81B1088422F
:10D24000D3D1142201A92846F3F7F2FB06982060F7
:10D250000DB030BDDCA500202DE9F74F5FEA010BD2
:10D2600082464FF063064FF4A0794FF0FF372FD07E
:10D27000029800282CD0BAF1000F01D14FF4FA4ADD
:10D280007F24621C002390465046194600F024F982
:10D2900005001FD0B5F5004F12D808FB05F0514628
:10D2A000FCF78EFFB84208D301D1B44205D8B8428A
:10D2B00006D1B44204D14D4502D907462646A946B7
:10D2C000641EDED5CBF800600299A9F10100086068
:10D2D000BDE8FE8F0125E0E710B58EB0002877D0BD
:10D2E000002975D00278521E072A71D24278002A8E
:10D2F0006ED0122A6CD88278002A69D01F2A67D88B
:10D30000C278632A64D80A78172A61D84A783B2AF7
:10D310005ED88A783B2A5BD800680390142204A860
:10D32000F3F786FB00208DF813000790089029483A
:10D33000016841F080510160006800F08050009069
:10D3400005F0DAFD002204A9234806F061FD04007F
:10D3500013D1002203A9204806F00EFD04000CD1D1
:10D36000002209A91C4806F08BFB040005D100220D
:10D3700002A9194806F062FB044605F0B1FD34BB72
:10D380009DF808009DF80C10884221D19DF80900F5
:10D390009DF80D1088421BD19DF80A009DF80E10D3
:10D3A000884215D19DF80B009DF80F1088420FD1CF
:10D3B0009DF824009DF81010884209D19DF82500A1
:10D3C0009DF81110884203D101200EB010BDFFE777
:10D3D0000020FAE740380240DCA5002000B58BB001
:10D3E000002206A91F4806F04BFB002269461D4893
:10D3F00006F024FB002201A91A4806F041FB002296
:10D400006946184806F01AFB9DF81A009DF80610A8
:10D410008842E5D1039818B913480069C0F30E009B
:10D420000299814200D90146411A4FF47A72514360
:10D43000401CB1FBF0F19DF804004FF4616210FB59
:10D4400002F29DF80500C0EB001002EB80009DF891
:10D4500006200BB0104400EB4002C2EBC01001EB01
:10D46000C00000BDDCA5002000280040D0F8442109
:10D470000A43C0F84421704738B514490446086887
:10D4800040F080500860086800F08050009005F07F
:10D4900033FDFFF731FE68B1012C0FD0022C0DD007
:10D4A000002212210A4806F02BFA00221321084814
:10D4B00006F026FABDE8384005F012BD054A1221F3
:10D4C000034806F01DFA2246F0E70000403802400B
:10D4D000DCA50020A120E30C70B552EA030407D0BC
:10D4E0005C084FEA320528186141F3F755F870BD22
:10D4F000002070BD00B591B0AD228DF80020102243
:10D500008DF8012001463C220DF10200F3F709FAE3
:10D51000DA208DF83E008DF83F004022694604482D
:10D52000FDF7DEFF0248FEF70FF911B000BD000065
:10D53000089D042010B52C4C206820F001002060CC
:10D540000FF056F9022003F03FFE284808F024FAB5
:10D5500078B100210320FDF7FFF80222012103200A
:10D56000FDF7B2F8BDE810404FF480712048FFF796
:10D570007DBF2068012140F0010020600320FDF7FD
:10D58000EBF80320FDF76AF842F21070194900E049
:10D5900000BF8A68920701D4401EF9D21548164A86
:10D5A0000C301060086820F040000860486840F0C7
:10D5B00002004860086840F04000086008F022F966
:10D5C00070B12068002120F0010020600320FDF7E9
:10D5D000C3F802220321BDE810400846FDF774B8E5
:10D5E000BDE81040F5F710BCB4550420FCA50020A0
:10D5F000C0EA042000300140606402400248007824
:10D6000000F0010070470000B45504200F48C07BB3
:10D61000B8B10F48B0F85C1019B1B0F85C1005292A
:10D620000FD1B0F85E1061B9817C51B9C17C41B9AC
:10D6300090F87D1029B990F87C1011B9B0F8680104
:10D6400008B100207047012070470000A854042052
:10D650008001002010B586B014216846F3F744FA23
:10D660002548B0F89802012843D02448016841F0C9
:10D670000101016000684FF4C05400F00100059002
:10D680004FF44410CDE900400120029069461C4847
:10D6900003F0ECFE19481430016841F48041016048
:10D6A000006800F4804005901648016821F470413C
:10D6B0000160001D016821F00F010160124801683E
:10D6C00041F4C051016010480830016841F4C05174
:10D6D0000160001D016841F4C05101600A48143026
:10D6E000046000220621282004F048FE282004F0CF
:10D6F00037FE06B010BD0000F8340020303802407C
:10D700000000024010380140003C014010B540B11B
:10D7100000F54050B0F89802012802D100F0A8F9B5
:10D7200008B1002010BD012010BD10B500280ED09A
:10D7300000F540510C46D1F83412002907D0FEF70D
:10D74000CBF9D4F83402BDE8104007F0FEBC10BDA0
:10D7500038B5040033D000F0B5F804F54055D5F8DD
:10D76000340200282BD00168C5F830120068002868
:10D7700025D0002923D02046FEF7F1F9D5F8301244
:10D7800059B10868009048688DF800009DF80000C5
:10D79000C86842F220021043C8602046FFF7B6FF77
:10D7A00000280CD041F60C100059002807D0204664
:10D7B00000F08EF82046BDE83840FDF7C5BF38BD03
:10D7C00038B5054612A02C46006800902046FFF7A9
:10D7D0009DFF00281AD004F54054D4F834120029D3
:10D7E00014D00868002811D0D4F8300200280DD0D9
:10D7F000284600F06DF8032269462846FDF770FEC2
:10D80000284600F0FFF82846FDF79EFF38BD0000CF
:10D810003C803E0070B50C4605001DD0002C1BD08E
:10D820002068002818D0002A16D043F29C204251CC
:10D83000284600F04BF821462846FDF75CFB2846B9
:10D84000FFF786FF2846FFF761FF002804D028462F
:10D85000BDE87040FFF7B4BF70BD0000054800216F
:10D860000172C1644173817341728172C1728165B9
:10D87000C1657047A854042000281BD000F5405013
:10D88000D0F83402002815D00168002912D00A48C7
:10D8900000E000BF0A68520601D4401EF9D2074AD0
:10D8A00007489142416802D141F4006101E041F42E
:10D8B0008051416070470000400D0300001401409A
:10D8C0000000024010B50EF0A3FF10BD0EF0A0BF87
:10D8D000094960B100F54050D0F8340238B1006811
:10D8E000064A904203D1486820F4006002E048688C
:10D8F00020F480504860704700000240001401404E
:10D9000070B50E460546FFF701FF00281ED0002E19
:10D910001CD005F54054D4F83422002A16D01068E3
:10D92000002813D0C4F89C62C4F83002284600F0E6
:10D9300069F82846FDF708FF002807DA2846FEF7B1
:10D94000B9F82846BDE87040FDF7FEBE70BD000086
:10D950000C4810B50068002813D0816B002910D046
:10D96000094CD4F83402884203D0A4F54050FDF7A6
:10D97000C2FA0648C4F89C02BDE810400448FFF70C
:10D98000E7BE10BDC0F20420F8340020C0EA042035
:10D99000F804002010B5144CE079002812D0134888
:10D9A000B0F85E1079B990F87C0060B9E07B50B1B6
:10D9B000FFF724FE38B10E49112008F0E3FB28B12F
:10D9C0006FF0010010BD4FF0FF3010BD094890F816
:10D9D000F012074880F8B3113721A0F84811002051
:10D9E0006073E07110BD0000A85404208001002085
:10D9F000C0EA0420C0F204200148C079704700004A
:10DA0000A8540420F8B50646FFF780FE4FF0FF3516
:10DA100058B106F54054D4F89C0230B16A4640F241
:10DA200003213046F8F732F908B12846F8BD0098CE
:10DA30003C214FF4007200F8011B012100F8011B8A
:10DA4000D4F89C12F2F76DFF00993E2081F8020293
:10DA50003046FFF73DFF3046F8F7B9F80028E5D02B
:10DA60003046F8F7BAF93046FFF706FFDDE7000069
:10DA70000348817A11B9007B002800D0012070474B
:10DA8000A85404202DE9F04116460F460446FFF73E
:10DA90003DFE4FF0FF35F0B1EFB1E6B104F5405176
:10DAA000D1F83402B8B10068A8B1D1F8300290B111
:10DAB0002046FFF70DFF324639462046FDF710FDA0
:10DAC00060B12046FDF7F6FF324639462046FDF7A5
:10DAD00007FD90B902E02846BDE8F0812046FDF739
:10DAE00033FE401C07D12046FDF7E4FF2046FDF73A
:10DAF0002BFE401C01D00020EEE72046FFF7BCFEC5
:10DB0000E9E7000038B504460AA0006800908DF8E7
:10DB100002102046FFF7FAFD00280AD02046FFF742
:10DB2000D7FE042269462046FDF7DAFC2046FDF7C1
:10DB30000BFE38BD3C83003E10B5314C206840F0F0
:10DB40000200206001220621072004F017FC0720B4
:10DB500004F006FC206840F0040020600122072148
:10DB6000082004F00BFC082004F0FAFB206840F0C9
:10DB70000800206001220521092004F0FFFB092094
:10DB800004F0EEFB206840F0100020600122072125
:10DB90000A2004F0F3FB0A2004F0E2FB206840F0C6
:10DBA0002000206000220721172004F0E7FB172047
:10DBB00004F0D6FB206840F080002060012207219D
:10DBC000172004F0DBFB172004F0CAFB206840F4A8
:10DBD0008070206001220621172004F0CFFB17205F
:10DBE00004F0BEFB206840F4007020600022072192
:10DBF000172004F0C3FBBDE81040172004F0B0BBB1
:10DC0000003C0140044A1368012181408B431360AA
:10DC10001068084310607047103C014070B569B14E
:10DC20004FF6FF724C080025E0FB02450A462046ED
:10DC300000232946F2F7B0FC80B270BD002070BD11
:10DC4000F0B50D4602F00701D7080446464A47489A
:10DC5000002685B0944207D1026842F001020260BA
:10DC6000006800F001004BE0414A944207D102688D
:10DC700042F002020260006800F0020040E03D4A0B
:10DC8000944207D1026842F004020260006800F08A
:10DC9000040035E0384A944207D1026842F0080295
:10DCA0000260006800F008002AE0344A944207D17C
:10DCB000026842F010020260006800F010001FE0ED
:10DCC0002F4A944207D1026842F0200202600068A5
:10DCD00000F0200014E02B4A944207D1026842F081
:10DCE00040020260006800F0400009E0264A9442C9
:10DCF00007D1026842F080020260006800F08000F4
:10DD0000009099B101291AD0022925D11421684621
:10DD1000F2F7EAFE01200095CDE9010669462046AA
:10DD2000039603F0A3FBCFB1012218E0142168464B
:10DD3000F2F7DAFE03200095CDE9010607E0142191
:10DD40006846F2F7D1FE02200095CDE901606946F0
:10DD50002046039603F08AFB05B0F0BD0022294659
:10DD6000204603F070FCF7E7000002403038024024
:10DD70000004024000080240000C02400010024073
:10DD80000014024000180240001C024061B10E4B1A
:10DD900001290FD0022911D0032914D190F8EF22C4
:10DDA00019151846FFF74CBF90F8EC224FF40051BC
:10DDB0000648F7E790F8ED221021F2E790F8EE22FE
:10DDC0004FF40071EDE77047000002400008024088
:10DDD000042902D2431883F8EC22FFF7D7BF0022B0
:10DDE000C0F8DC22022380F8EC32C0F8E822C0F848
:10DDF0000023A0F80423A0F80623A0F80823A0F825
:10DE00000A23A0F80C2380F80E2380F80F2380F853
:10DE100010230160704700002DE9F04788B00546E7
:10DE200020216846F2F760FE00277E1E002D6AD092
:10DE300095F80F430021524B032C01D3002405E039
:10DE4000022C21D0012C27D0022C27D012204FF4F5
:10DE500080070090012201920492022C22D004201B
:10DE60000290084689464749CDE906108DF815000D
:10DE70008DF81420039098466946586802F018FD02
:10DE8000DFF804A1F0BB0FE0186A38B185F80F1372
:10DE9000002008B0BDE8F0870091DBE73B48009028
:10DEA0004711D7E70720DBE7DAF8041321F4400134
:10DEB0003943CAF804135FB1354836490068B0FBEE
:10DEC000F1F0102802D2102000E000BF401EFCD26A
:10DED0002B48F3F74BF9A8B92948F3F777F988B934
:10DEE0002748F3F743F968B92548F3F76FF948B9BC
:10DEF000B8F814004FF6FF7244B102EA4000012C5A
:10DF00001FD001E02EE038E0022C1FD046F2207135
:10DF1000A0FB010147F6FF73C01841F10001002387
:10DF2000F2F73AFBA0F5FA6141F29512914219D24B
:10DF3000C5F8000340F6E441FFF770FEA5F80803BA
:10DF400008E0A5F80403A5F80A0303E0A5F8060312
:10DF5000A5F80C03641C0026E4B2032C00D30024B3
:10DF600085F80F43DAF8041321F44001CAF80413CA
:10DF70001EB1022C01D185F80F93304689E70000CD
:10DF8000E85B042001000F00002001401200001097
:10DF9000D4740420A08601001CB512A00068019072
:10DFA000EFF31080002815D1EFF3058090B905F04C
:10DFB000A9FF042201A90C4800F03AF80B4864219B
:10DFC0000068B0FBF1F0009001E000BF0846411E80
:10DFD0000091FAD272B6BFF34F8FBFF36F8F11F07B
:10DFE00025FA0000ADABDADAC0F20420D4740420C4
:10DFF0000A4A10B5A2F580610948F5F779FD09488C
:10E000000068002808D0816B002905D0BDE81040C9
:10E01000054A0648FFF7FEBB10BD0000C0EE042015
:10E02000B8790420C0F20420C0EA0420F8040020DB
:10E0300010B50446D0F8C002F7F7B4FDD4F8C0021A
:10E04000BDE81040FDF780BBC0F80013704700002A
:10E050002DE9F0478CB0064614A8984690E80812BF
:10E0600000251C220F4628461F245721414306EB5A
:10E07000C101C1F8A022C1F89C42097A401C0D449C
:10E080000128F2DB7068D0F85C41022084F8B80106
:10E09000C4F82880E362C4F830C0676308FB05F069
:10E0A0004000C117CDE90A01314800224343D81787
:10E0B000CDE9063009FB0CF04000CDE90202780101
:10E0C000C117CDE90001104604EB40010A810A8323
:10E0D000401C0828F8DB67632581DDE90A01DDE9DA
:10E0E0000023F2F759FA208371680A984FF0010A69
:10E0F000C1F89C00A4F80AA0DDE90601DDE90023CF
:10E10000F2F74AFA608371680698C1F8C000A4F873
:10E110000C90DDE90201DDE90023F2F73DFAA0836E
:10E1200071680298C1F8E4001020E081A4F81EA0F4
:10E1300071680098C1F8080140F2E240414680450C
:10E1400000D30846B0FBF7F184F8401140F271218A
:10E15000B0FBF1F184F84111B0FBF7F0E91705EBE2
:10E16000117109114843A4F842010CB0BDE8F087D1
:10E17000007102009FED0E0A002200EB8201521C8A
:10E1800081ED070A81ED080A81ED050A81ED030A98
:10E1900081ED040A81ED060A012AEEDB80ED010A19
:10E1A00080ED020A00218184C184018501807047CD
:10E1B000000000002DE9F04704462DED088B008893
:10E1C00000287DD0DFED54AA012802D0022877D1A3
:10E1D00012E0E08C04EB800080ED0B0AD4ED050A20
:10E1E00040EE2A0AC4ED050AE08C401CE084E08C75
:10E1F000FF2865D9022088E000279FED48AA9FEDFF
:10E20000489B0025B0EE4ABA04EB872604EB87084A
:10E2100006EB8500D8ED050A90ED0B0A30EE600A9A
:10E2200010EE100A14F0F4FE41EC100BB0EE491A97
:10E23000F0EE691A11F09CFBB0EE408AF0EE608AB5
:10E240001BEE100A14F0E4FE53EC182B14F088F8BF
:10E2500014F054F80BEE100A6D1CFF2DD8DD06F1FA
:10E260002C004FF4807100F063F82BEE2A0A10EEB8
:10E27000100A14F0CDFE41EC100B12F00DFA51EC27
:10E28000100B14F03BF80BEE100A9FED278B402586
:10E290004FF0C00A4FF0000906EB8500C06A14F089
:10E2A000B7FE53EC182B14F05BF841EC180B6D1C07
:10E2B00009F101095545EFD3B9F100000DD000E097
:10E2C00024E014F015FB41EC100B51EC180B53EC4F
:10E2D000102B14F001F941EC180B51EC180B14F051
:10E2E0000DF800EE100A7F1C88ED070A96ED8A0AE9
:10E2F000012F88ED080A88ED06BA82DB94ED070A43
:10E30000042084ED020A84ED01AA20802088BDEC5F
:10E31000088BBDE8F08700000000803B0000000093
:10E3200000000000000000400000000000000000AD
:10E3300070B500244E1E14E000220D1B6D1E0DE072
:10E3400000EB820393EC020AB4EEE00AF1EE10FA5D
:10E3500003DDC3ED000A83ED010A521C9542EFD89C
:10E36000641CB442E8D3002070BD0000F0EE400A07
:10E37000F5EEC00AF1EE10FA02D89FED0D0A7047D3
:10E3800010EE900AB0F17E5F02DDB0EE600A01E0AF
:10E39000B7EE000A0020B6EE001AC0EE801A401C4C
:10E3A000062831EE800A20EE010AF6DB70470000F5
:10E3B0000000000090ED010A9FED151AF8EE400AEA
:10E3C0009FED140AC0EE801AD0ED000AF8EE600A44
:10E3D00071EEA00AD1ED011AB8EE612AC2EE001A60
:10E3E00091ED000A0C49B8EE400A31EE800A30EE99
:10E3F000C00A10EE100A884202DD30EE410A704772
:10E4000010EE100A05498842F9D930EE010A70472A
:10E410000000614500401C460000E1440000E1C4EA
:10E4200072B6104845F255510160032141604FF426
:10E430007A7181604AF6AA2101604CF6CC410160F4
:10E44000BFF34F8FBFF36F8FBFF34F8F0648016845
:10E45000064A01F4E06111430160BFF34F8F00BF32
:10E46000FDE70000003000400CED00E00400FA057C
:10E47000002807D0044A0168914203D10022CA60F3
:10E480000068026170470000000001402DE9F04F74
:10E49000FE489DB0D0F8E002DFF8F493C0F34000EE
:10E4A0001490B9F89802012811D002280FD0002149
:10E4B00002280ED000201590F648F74C006A68B18B
:10E4C000006858B1A06A48B1149820B106E0012153
:10E4D000EEE70120EFE709B1012500E00025FAF79A
:10E4E000D1FD17900EF008F9206886B240F2E240A4
:10E4F000864200D20646B4F808A04FF0000B4FEA5F
:10E500005A0716977743B846EDB3206B18B1E34826
:10E51000874200D20746159808B1E14800E0E1487B
:10E5200047B1B0FBF7F464B1B0FBF7F107FB1100A2
:10E5300038B901E00024F6E7B7FBF8F108FB1170E9
:10E5400008B101F059FFD348016A09684A684B686D
:10E5500002F0700223F070034B60016A641E4C618C
:10E56000016A09680C63036A1B68C3F824B0046A73
:10E57000012324686361036A1B68C3F810B0006A52
:10E580000068416800E003E021F070011143416040
:10E590004FF0000BCDF838B0CDF83CB0CDF840B01E
:10E5A0001C216846CDF844B0F2F79EFA142107A862
:10E5B000F2F79AFAB7484469C4E901BB206802F04F
:10E5C0004BF9CDE90C011699002306FB01F0CDE9CA
:10E5D0001A0B1890DDE90C016268521CF1F7DCFFA0
:10E5E000002316901946189AF1F7D6FF401EE060F6
:10E5F000EDB3A848006A006802F02EF9A949B0FB03
:10E60000F1FBA449096A4A691599521C02FB0BF2F5
:10E6100009B1022100E001214A43169BB7FBF8F142
:10E62000A3FB0223A2FB017803FB01814FF0000C46
:10E6300002FB0C11024663463846F1F7ADFF074670
:10E640008846BBF1000F04D00846F91E70F10000A7
:10E6500001D201F0D1FE0920A7FB00C308FB003066
:10E66000002207FB02010A220023604600E00AE0C4
:10E67000F1F792FF0746C01E71F1000001D201F0D0
:10E68000BBFE7F1EE7604FF080080027C4F81880AB
:10E690002046276106F014F808B101F0ADFE2020F5
:10E6A00012908020139012A9204605F093FF08B124
:10E6B00001F0A2FE4FF480500E900EA9204606F005
:10E6C0001EFA08B101F098FE204606F005FC08B1DC
:10E6D00001F092FE70200090E0680022401E019040
:10E6E0000220029069460497204606F08FFB08B18D
:10E6F00001F082FEDDE90C02AE21A0FB01C802FBA5
:10E700000181002300FB0311DFF89CB160465A46EB
:10E71000F1F742FF401C019008226946204606F0AE
:10E7200075FB08B101F068FE60200090DDE90C0285
:10E730009A21A0FB01C802FB0181002300FB031109
:10E740005A466046F1F728FF401CCDE901070C222C
:10E750006946204606F05AFB08B101F04DFE2046FE
:10E7600006F0D4FADFF84481DFF844B1149800B918
:10E7700035BB2068404513D0B0F1804F10D05845CC
:10E780000ED04C4988420BD04B49884208D04B49A7
:10E79000884205D04A49884202D04A4988420ED16F
:10E7A000079707A92046089706F06DFC08B101F00D
:10E7B00023FE45B32068016841F0080127E015B346
:10E7C0002068404513D0B0F1804F10D058450ED08E
:10E7D000384988420BD03849884208D037498842A6
:10E7E00005D03749884202D036498842E2D1062016
:10E7F000CDE9070707A9204606F045FC0028D9D037
:10E8000001F0FAFDD6E72068016821F008010160F7
:10E810001798B6FBF0F101FB0AF1480800D101207E
:10E820001C4C401EE269D060E06905F049FF08B168
:10E8300001F0E2FD3DB3D4F81CA0DAF80000404539
:10E8400013D0B0F1804F10D058450ED019498842EE
:10E850000BD01949884208D01849884205D0184978
:10E86000884202D0174988420DD114216846F2F738
:10E870003BF90720CDE900076946504606F003FC46
:10E8800008B101F0B9FDA246A4691DE0C0F2042060
:10E89000F834002070DF0420C0EA042000E2040005
:10E8A00000C409000088130000CA9A3B0000014020
:10E8B0000004004000080040000C0040000401403B
:10E8C0000040014000180040ECB32068D8B3BDB14F
:10E8D000404513D0B0F1804F10D058450ED05B4961
:10E8E00088420BD05A49884208D05A49884205D0FC
:10E8F000594A904202D0594A904201D1012100E088
:10E9000000215FEA01086CD0B9F89802022869D0AA
:10E910005348CDE900076760A760DDE90001324692
:10E920000023F1F739FE401EC4E903072046A76122
:10E9300005F0C6FE08B101F05FFDB8F1000F0FD081
:10E940001421684600E00BE0F2F7CEF80720CDE98D
:10E9500000076946204606F096FB08B101F04CFD21
:10E96000F5B3B9F8980201286DD107971C216846C4
:10E970000897F2F7B9F8DAF820405546206801F018
:10E980006BFFCDE90A016760A760DDE90A01344A3F
:10E990000023F1F701FE401EC4E90307A7612068C8
:10E9A000416821F070014160204605F089FE08B100
:10E9B00001F022FD202007908020089007A9204622
:10E9C00005F008FE08B101F017FD26480DF058FECD
:10E9D00060200090E0684008CDE901076A8E02E0FF
:10E9E00018E029E02DE06946204606F00FFA08B14C
:10E9F00001F002FD204606F089F92046FFF738FDB8
:10EA0000698E286A06F000FB286A06F04DF8204659
:10EA1000FFF72EFDB9F89802012814D11248B0F87A
:10EA20005E1000290FD190F87C0000280BD11DB09A
:10EA3000BDE8F04F0DF050BF01F00EFFCDE9000131
:10EA400069E70A4865E71DB0BDE8F08F000800409F
:10EA5000000C00400004014000400140001800404C
:10EA600000881300C0F204208001002000C40900C7
:10EA700000B589B0AD208DF800008E208DF8010022
:10EA80000C48806A0B49CDF80200142214310DF1B4
:10EA90000600F1F746FF30208DF81A00DA208DF8D5
:10EAA0001B008DF81C001D2269460348F4F728F965
:10EAB00009B000BD70F50420089D042010B504467F
:10EAC0000C4820604FF49640606000204FF4806155
:10EAD000A060C4E903010C21C4E90510E0612046EF
:10EAE00006F04EFB08B101F087FC2046BDE810405F
:10EAF000FAF70EBE0010014010B504460B48206026
:10EB00004FF4964060600020A0600C21E060C4E9F2
:10EB10000401A061E061204606F032FB08B101F07B
:10EB20006BFC2046BDE81040FAF7F2BD0010014032
:10EB3000007831F9100000EE100AB8EEC00A82ED3C
:10EB4000000A70470378407831F9133031F910002A
:10EB5000181A00EE100AB8EEC00A82ED000A7047DB
:10EB600010B543780478807831F9133031F91440C6
:10EB700031F91000C3EB4403181A00EE100AB8EE86
:10EB8000C00A82ED000A10BDD1F88010064A19B102
:10EB9000012903D0022903D002607047034900E035
:10EBA000034901607047000031EB140845EB14087D
:10EBB00061EB1408F0B540F2E24687B00746B14277
:10EBC00001D2304600E00846002544F6206290421B
:10EBD00001D310250AE042081748102450F82430C9
:10EBE000934201D8254601E0641EF7D5B14200D317
:10EBF0000E46124878600020CDE9000010480068F9
:10EC0000B0B14FF0FF300146CDE90001083706975B
:10EC1000DDE90001CDE9040100200096CDE9010500
:10EC20000823084A084909480AF070F807B0F0BDFF
:10EC3000F8F718F9E8E700003C48160880010020C2
:10EC4000C0EA04200000024004A7002054A60020CF
:10EC500070B514460D4600F013F81DB114B110F54F
:10EC6000005F01D3032070BD00F5005028604FF411
:10EC700000702080002070BD002070470020704789
:10EC800010B500F0B9FB002806D004480078C00792
:10EC900002D00348D0F8100110BD0000B455042084
:10ECA000C0EA04202DE9F05F1F4690468946FFF731
:10ECB000E7FF054610F5005F34D205F50050B9F1C5
:10ECC000000F2FD077B380452CD2A0EB0800B842BC
:10ECD00028D30024DFF850B01FE008EB040609EB4E
:10ECE00044208246AE4210D200F086FBD0B19BF8A1
:10ECF0000000142803D10D480069012812D15146A3
:10ED0000304607F03FFA68B905E00246711B074834
:10ED100000F0DCFC30B1641CA4B2BC42DDD30020A6
:10ED2000BDE8F09F0320FBE74801002090FB042092
:10ED30000020704710B50C46012A0CD100F06CFB86
:10ED400048B9FFF79DFF10F5005F04D2813084427F
:10ED500001D1012010BD002010BD00002DE9F041BF
:10ED60001E4617468846FFF78BFF054610F5005FE5
:10ED70001DD205F50050B8F1000F18D0BEB1874282
:10ED800015D2C01BB04212D300240BE0381908EB97
:10ED90004422A8420BD3411B064800F0F3FC30B1DB
:10EDA000641CA4B2B442F1D30020BDE8F08103207A
:10EDB000FBE7000090FB042003480078102801D0F6
:10EDC0000020704701207047480100202DE9F041E4
:10EDD000154DEC6915480026066086621021C16257
:10EDE000066340F2E2414163F4F750FC771EA0B99C
:10EDF000F7F7A2FF0E4B0F4A0F49284600F096FB8B
:10EE00000E49284600F04CFB01202862EC61102CD2
:10EE100000D9EE61F4F71EFC10B13846BDE8F08170
:10EE2000022028610020F9E790FB0420C0EA0420BA
:10EE300040EA0420C0E9042080E90420D03D0020FD
:10EE400010B500F02DF8124B124A1349134800F088
:10EE50006DFB12484021016241F28831C1610E49C7
:10EE60008A6B6AB10B4A936B53B1094B9B6B3BB1F5
:10EE70004B68B3F5804F03D3526849688A4202D089
:10EE80004FF0FF3010BD02210161002010BD0000D5
:10EE900040EA0420C0E9042080E9042090FB04201B
:10EEA000054841F28831016081620021C16201633D
:10EEB00040F2E24141637047C0EA04202DE9FC477B
:10EEC000DFF8C890D9F80000314C0025C1B2C0F37A
:10EED0000722C0F307434FEA10682570A9F1040622
:10EEE00030682C4FB84238D17E2936D103278DF8AF
:10EEF0000070B0278DF8017032278DF802708DF800
:10EF00000410CE278DF80520FF208DF806308DF8EF
:10EF100003700023EA464FF0070C1AF8031048402C
:10EF20000021070602D58CEA400000E04000491CA1
:10EF3000C0B20829F5D35B1C072BEED340450CD19A
:10EF4000102A09D0112A07D0122A05D0132A03D07B
:10EF5000142A01D0152A00D122700F48016841F00F
:10EF600080510160006800F08050009003F0C4FF01
:10EF70003560C9F80050BFF34F8F03F0B1FF207820
:10EF8000002800D00120BDE8FC8700009428004044
:10EF90004801002003B032CE403802402DE9F04F46
:10EFA000C1B0E14800F0B3FDDF4C676A0425DF4ED5
:10EFB0004FF0FF314FF0090A012813D0022831D059
:10EFC000032876D0042875D0082874D0D849884200
:10EFD00072D00A2871D0062870D009286FD007286F
:10EFE0006ED058E100F04EFA38B1206A402804D1C2
:10EFF000E069A0F59851883903D03078122803D001
:10F000000CE0FFF71DFF07E0206A012806D1E06948
:10F01000102803D8FFF7DAFE002802D0C4F818A0A1
:10F020002561EEE000F02EFADFF8088310B3EFF36D
:10F03000108772B60021C04812F0E4FA0021BF48E0
:10F0400012F0E0FA0021BE4812F0DCFA87F31088D3
:10F05000B948BC49D8F81420436840270397009367
:10F06000CDE90121B549826BB8488B6BB64909F0EF
:10F07000F5F809E03078122806D10021B44812F0E2
:10F08000C1FA02F0E5FA7060A74800F0F3FC2069CD
:10F0900003280DD100F0F6F998B1D8E90612D8F896
:10F0A00014000AF033F9002802D0C4F818A0256132
:10F0B000D0E00CE034E046E0E5E0A4E0A9E0B5E013
:10F0C000C2E03078122801D100F0BEF9C2E0206918
:10F0D000032805D100F0D6F910B100F0CDF91BE0FE
:10F0E0002069032818D13078122815D19848603843
:10F0F000006870B1016861B1C16C51B1096841B17A
:10F10000806C30B1006820B191486038F7F706FA9A
:10F1100002E0C4F818A02561834800F0EDFC99E0F6
:10F1200000F0B0F910B100F0A7F906E0307812282D
:10F1300003D187486038F6F7B9FF7B4800F0C6F97D
:10F140000120206186E0894600F09CF980B32069A7
:10F1500001284DD1DFF8ECB1ABF1980B9BF808001A
:10F16000402845D1FFF76CFE10BB0BF1080080462C
:10F1700009F0CAFC4FF4FA7002F026F8404609F094
:10F1800051F95FEA000933D1DFF8C881024601A9CD
:10F19000F6EE000A0DF1840E0BEB800393ED460AA8
:10F1A000B5EEC00AF1EE10FA03D821F810200FE0F6
:10F1B0001EE010EE103A434502DB4FF6FF7305E008
:10F1C00030EE200ABCEEC00A10EE103A21F81030E2
:10F1D0000BEB4003B3F818C22EF810C0401C4028B7
:10F1E000DAD30097DBF8943072464F4800F01CFCED
:10F1F00000F042F901202061B9F1000F01D0C4F8FC
:10F2000018A0A76247E0606AA062192001F0DCFF45
:10F2100085E0606AC7B2606AA062192001F0D4FF7D
:10F220003846F4F72CF970B30A200BE0606AC7B2D5
:10F23000606AA062192001F0C7FF3846F4F71AF996
:10F2400008B30C20A06125E0206AC7B230781328EB
:10F2500003D0A561606AA0621DE0606AA0623220EE
:10F2600001F0B2FF102F04D0112F07D0122F0BD0B6
:10F270000FE0606AC0B2F4F744F909E0606AC0B216
:10F28000F4F73AF904E043E0606AC0B2F4F72FF90A
:10F29000F0B3A56125613078132804D102F0D8F9C4
:10F2A000B168401A3BD53078142817D12A4890F815
:10F2B0009C02032802D0707818B10FE00120707012
:10F2C0000CE002F0C5F9F168401A07D4606AC0B2D8
:10F2D000F4F7D0F8E0B10A20A06125613078122857
:10F2E0001FD1206903281CD119486038F7F7EBFAC1
:10F2F00002F0AEF904460C4800F0E0F8002810D106
:10F3000013486038008901280BD17068201A00E08A
:10F3100005E006D441B0BDE8F04F00F095B810F01C
:10F32000A9F841B0BDE8F08F90FB0420480100200F
:10F330005000008070DF042080E90420C0E9042030
:10F3400040EA042058F3042004A7002054A600201B
:10F35000D03D002000FF7F47C4AB002070B5204B9C
:10F36000204A2149214800F0E1F821491F4800F0D6
:10F3700097F8204C22781D480121102A14D02278B9
:10F38000132A13D026780022402541F28833142E08
:10F3900014D02678152E07D02678112E18D0237871
:10F3A000122B18D0881E70BD016116E0016102F0B9
:10F3B0004FF94EF660210844A0600EE0C36105627B
:10F3C0000161627002F044F900F5FA60E06004E067
:10F3D000C361056201E0C2610162002070BD0000EE
:10F3E00040EA0420C0E9042080E9042090FB0420C6
:10F3F000D03D00204801002006480178102907D0A0
:10F400000178142904D00078132801D00020704717
:10F4100001207047480100200020704710B5FFF719
:10F420003FFDF4F733F94FF0FF3458B9FDF7DAF93F
:10F4300040B9FFF735FDF4F729F918B9F7F77CFC67
:10F44000002800D0204610BD10B502F001F9044696
:10F45000F4F7B2F80648C16931B1102900D910217A
:10F460004FF47A70B0FBF1F108190249486010BD01
:10F4700090FB042048010020014807C809F098BF0C
:10F4800084DF042005480178112904D0007814286D
:10F4900001D0002070470120704700004801002083
:10F4A000002808D0EFF3108272B6C1600249C0F89C
:10F4B000A01082F3108870470071020020B1D0F8CC
:10F4C0009C0008B1012070470020704770B504000F
:10F4D0002BD0EFF3108572B6A26DE06D616B002644
:10F4E00051187041A165E065A26FE06F216C511861
:10F4F0007041A167E067616B204612F03BFC216C14
:10F50000204612F05BFCD4F89C0040B154F8B80FD0
:10F510006168401C01C441F1000144F8BC196663F4
:10F520002664C4F89C6085F3108870BD2DE9F04115
:10F530000D461F46164604464FF4E871F1F7D4FA1B
:10F5400084E8E00001202061BDE8F08170B500286A
:10F550003CD00169032939D1C268002A36D0916BA9
:10F56000002933D0EFF3108472B65168184B04258C
:10F57000994203D208218161056125E0D0F89C60A1
:10F580006EB150F8B81F4268491C42F10002016098
:10F590004260092140F8A01C40F8A85C14E0B3FBCD
:10F5A000F1F501FB153592680A44521BB2FBF1F5E7
:10F5B00001FB152140F8981F436001694269491C0D
:10F5C00042F100020161426184F3108870BD0000C5
:10F5D000007102002DE9F047040037D020690328AC
:10F5E00034D1002932D0880630D18E09EFF310874C
:10F5F00072B6A56B042D04D20820A06104202061FE
:10F6000022E0606B4FF000093044A84214D9401B3F
:10F61000216B80460246204611F0D4FC206341460F
:10F62000204612F0A7FBA26DE16D12EB080041EB42
:10F630000901A065E16528466063A26CE06C92193F
:10F6400040EB0900A264E06487F31088BDE8F0870E
:10F650002DE9F047040037D02069032834D1002970
:10F6600032D0C80630D14E09EFF3108772B6656C00
:10F67000102D04D20820A0610420206122E0206C1B
:10F680004FF000093044A84214D9401BE16B80467A
:10F690000246204611F08BFCE0634146204612F002
:10F6A0008DFBA26FE16F12EB080041EB0901A0672F
:10F6B000E16728462064A26EE06E921940EB0900D3
:10F6C000A266E06687F31088BDE8F08770B548B1A0
:10F6D00042B1A1F58053B3F5805F05D2114611F018
:10F6E000E7FC4BE0002070BDEFF3108472B691B1DF
:10F6F0004FF40076012912D080291BD082291DD019
:10F7000083291FD0A1F50063B3F5006F1ED2114607
:10F7100011F0B4FD30E0104612F0C6F82CE01546AA
:10F7200031461046F1F7BEF90E2215492846F1F789
:10F73000F8F821E0114612F00BF91DE0104612F026
:10F740000DF819E0114612F06DF815E0A1F50073FF
:10F75000B3F5C06F03D2114611F039FD0CE030292A
:10F7600006D0402904D0502902D084F31088B9E78C
:10F7700031461046F1F796F984F31088012070BDE8
:10F78000844B16082DE9F05F1546040002D00DB138
:10F79000812902D00020BDE8F09FEFF3108B72B6F4
:10F7A000104612F0BDF99F49884201D0012012E0B5
:10F7B0002879012801D002200DE005F5FE7012F035
:10F7C000AFF906464FF4FE7A5146284611F0AAFDDD
:10F7D000864202D00320A06120E16E79EF7905F125
:10F7E000080012F09DF9814605F10C0012F098F91D
:10F7F000014660624FF00008C4F81880012E16D050
:10F80000022E2AD0032E27D0042EFCD0052E33D072
:10F810000522062E53D04FF0040C072E77D0082E69
:10F8200072D00C23092E70D00A2E6FD0ABE0402F7F
:10F8300002D0012F0CD105E0A9F598524846883A2C
:10F8400006D107E0B9F1000004D0B9F1100F01D9D9
:10F85000062056E02762E061DCE02069022801D042
:10F8600007204EE0606B28B9206C18B9D4F89C00D2
:10F8700000286ED00B2044E0002044F8480F606060
:10F88000A060E06020616061A061E0612062606270
:10F89000A062E062024622636063A063E0632066C8
:10F8A0006066A066E0662067606720646064C4F8F4
:10F8B0004880C4F84C8044F8201C483CABE0A87950
:10F8C00047EA0907384301D0012300E00023102054
:10F8D000574608E015F800C0BCF1000F00D0012326
:10F8E000401CB84202D2002BF4D091E04BBB2069FF
:10F8F000012805D1606B18B9206C08B9606940B364
:10F900000A20A06187E002E024E042E067E0A879F5
:10F9100050EA090005D1102F05D0112F03D0122F66
:10F9200001D0012300E00023102008E015F800803A
:10F93000B8F1000F00D00123401C504502D2002B2B
:10F94000F4D065E083BB206901281CD16069D0B97F
:10F9500027625FE0A87947EA0907384301D001230D
:10F9600000E00023102005E02F5C07B10123401CBC
:10F97000504502D2002BF7D04AE0ABB920690128EC
:10F9800001D1606910B1C4F818C044E0C4F8C08067
:10F9900040E0A87947EA0907384301D0012700E091
:10F9A00000271020D44609E032E015F80080B8F1B5
:10F9B000000F00D00127401C604527D2002FF4D053
:10F9C00026E02069012808D1606B30B9206C20B98D
:10F9D000D4F89C0008B96069E0B1A3611BE0A87984
:10F9E00047EA0907384301D0012700E0002710202B
:10F9F000D44608E015F80080B8F1000F00D00127C8
:10FA0000401C604502D2002FF4D001E0002FD8D076
:10FA1000A26100E06661A06900B1A1628BF3108869
:10FA20000120B8E643363451F0B50028059F1FD0B9
:10FA300000291DD0002A1BD0EFF3108672B60024D7
:10FA4000C0F8C04000EB440531F814C0A5F8CCC0A4
:10FA500032F814C0A5F84CC1641C402CF2D3C0F895
:10FA6000C830C0F8C4700121C0F8C01086F31088F7
:10FA7000F0BD0000EFF3108372B60169022933D1A3
:10FA8000016A012907D1C16829B18A6B1AB1496895
:10FA9000184A91420ED2016A402925D1016819B352
:10FAA00042680AB38268FAB1496840291CD3516898
:10FAB000202919D3016A40290BD101688A680263A1
:10FAC00049688909816381688A68C263496849090C
:10FAD00041640021C0F89C10C0F89810C16A491C0C
:10FAE000C1620321016101E00721816183F3108874
:10FAF0007047000000710200EFF3108172B60269D6
:10FB0000032A01D10222026181F310887047EFF3CA
:10FB1000108172B642690023436181F31088104658
:10FB2000704770B5044616466518106804E014F86E
:10FB3000011B80B20FF041FBAC42F8D3306080B2C1
:10FB400000210FF03AFBBDE8704000210FF035BBFB
:10FB5000F0B5002246E002EB420100EB810400EB2D
:10FB60008205D4ED600AD0F84063D5F80013B0EEFA
:10FB7000402A20EE800A8E46012356F8227015E0B6
:10FB800004EB830C04EB8106DCED600A96ED001AB1
:10FB9000D6ED301A491E60EE810A9CED901A41EEB6
:10FBA000610A30EE800A00D539445B1C9F42E7DCD5
:10FBB0000EF1010EC5F800E3D0F8401351F8221001
:10FBC000714501DD714602E00021C5F8001304EB28
:10FBD0008101521C81ED002AD5F8001304EB81014C
:10FBE00081ED300AD0F844139142B4DCF0BD00003E
:10FBF0002DE9F04F994693468A460023DDF824E02C
:10FC000025E003EB430200219FED140A0F4600EBB1
:10FC100083060BEB82050AEB820400EB820C0CEBF3
:10FC2000810205EB810882ED000A82ED300AC6F8F8
:10FC30000073D8ED000A04EB8108C2ED900AD8EDFC
:10FC4000000A491CC2ED600A0329E8DB5B1C4B4536
:10FC5000D7DBC0E9D0E9BDE8F08F0000000000006C
:10FC6000002141634FF4006181627047F0B50DF1EE
:10FC7000140EDDE908549EE8C0104A43426201FBBD
:10FC800003F2026201FB06F34FF47A72B3FBF2F364
:10FC9000C36001FB07F3B3FBF2F3036101FB0CF359
:10FCA0006943B3FBF2F6B1FBF2F1C0E90161B3FBCA
:10FCB000F2F101600021C16280ED060A9FED030AA6
:10FCC000416380ED050A84638162F0BD000000009D
:10FCD00010B50446806A010556D5010454D4810448
:10FCE00046D4C10427D5636A626B9A423CDB216A21
:10FCF0000B4493420CDD00EE901AF8EEE00A80EE21
:10FD0000201A94ED070A31EE000A84ED070A2BE071
:10FD100094ED070AD4ED060A20F4805040F4005018
:10FD200020EE200A84ED050AA0620020E062204651
:10FD3000F4F7CEF818E0626A616B91420CDB20F4B4
:10FD400080409FED160A40F4805084ED070AA062BF
:10FD50002046F4F76FFA07E0410405D440F48040F0
:10FD6000A0622046F4F7ECFA606B401C60630BE085
:10FD7000D4ED050AC10709D0F4EEC00AF1EE10FA7D
:10FD800002DD20F00100A062A06A10BDF4EEC00AFE
:10FD9000F1EE10FAF8D240F00100F4E700000000A4
:10FDA000014801F05BB8000004AB00202DE9F041F0
:10FDB0006249012251F8580F0B7902FA03F383606C
:10FDC0000C79042303FA04F484600D79082404FAFE
:10FDD00005F585600E79202505FA06F68660097915
:10FDE000102606FA01F18160554951F8580F0F7934
:10FDF000BA4082600A79934083600A7994408460B3
:10FE00000A799540856009798E4086604D4C616B1A
:10FE1000A06A2368401AA062E06A0E460844E062C5
:10FE2000616E04F16000A26E3244A266A26E8A4244
:10FE300006D38268B2FBF1F5826805FB112282606D
:10FE4000856A0746C16AAD1941F100018562C16248
:10FE5000002107EB8102183252E8005F354442E886
:10FE6000005CBCF1000FF7D1491C0329F1DBA16A4A
:10FE700021B12046BDE8F0410BF014BD217921F0FD
:10FE8000040121712168096800E000BF8A689207B7
:10FE9000FBD519680A6822F040020A6019684A68AE
:10FEA00022F003024A60D96C09680A6822F0010254
:10FEB0000A60996C09680A6822F001020A601968F0
:10FEC0000A6842F040020A60E16A40F6F41501F661
:10FED000F411E1624168826802F6F412826082687D
:10FEE0008A4206D382688368B2FBF1F202FB1131C9
:10FEF0008160816AC26A40F6F413CB1842F10001B6
:10FF00008362C162002100EB8102183252E8003F97
:10FF10002B4442E80036002EF8D1491C0329F2DBBD
:10FF20002046F5F7DDFFFCF79FFFF5F7CBFF2046F6
:10FF3000BDE8F041032111F061B80000A4AA00203F
:10FF400058750420703D002070470000094810B526
:10FF5000016800290CD0806D002809D00648FBF705
:10FF600049FA002804D1BDE810400348FDF784BCDD
:10FF700010BD0000105D0420F8040020014800F0CE
:10FF80006DBF000044AA002070B50F4EB46D256807
:10FF900096F85C1010208840284205D0A1680143E3
:10FFA000A1600A48F0F7A8FF96F85C10202088406E
:10FFB000284207D0A1680143A160BDE87040034812
:10FFC000F0F79ABF70BD0000B8750420E85B04200C
:10FFD0002249012251F8580F0B799A4082600B791F
:10FFE00004229A4082600B7908229A4082600B7941
:10FFF00020229A4082600A7910219140816018483D
:020000040815DD
:10000000036B426A0168D21A4262C26B1A44C2632D
:10001000826A1AB10FF0E6B800BF00E00868826893
:100020009207F9D50868026822F040020260086869
:10003000426822F003024260C86C0068026822F045
:1000400001020260886C0068026822F0010202600E
:100050000868016841F0400101607047587504204C
:10006000703D00207047000070B50F4DAC6D2668E4
:1000700095F85C1010208840304205D0A1680143FB
:10008000A1600A48F0F738FF95F85C1020208840FE
:10009000304207D0A1680143A160BDE87040034829
:1000A000F0F72ABF70BD0000D0FA0420E85B0420FE
:1000B0007047000010B505F0E5FA0B49002806DD91
:1000C000887C00280FD00846F8F717FD06E00ADA0A
:1000D000887C002807D00448F8F719FDBDE81040D7
:1000E0000320FDF78FBD10BD800100207047000088
:1000F000094810B5016800290CD0806D002809D08E
:100100000648FBF777F9002804D1BDE81040034802
:10011000FDF7B2BB10BD000030FB0420F804002046
:100120000148FBF767B90000089D04200168182307
:10013000CAB2103AB2FBF3F2054B6FF30901032A7E
:100140009B5CC36500D9091D8165084670470000A6
:10015000644B160810B5014600208B698A6A4FF07F
:10016000C07453B1B3F5005F15D072B1012A0CD041
:10017000022A0AD0032A09D104E01AB1012A06D0C2
:10018000022A03D1C96AC90100D5012010BDC96A7C
:10019000A142FAD010BD002AF7D0012AF2D0022ADB
:1001A000F3D0032AF3D010BD30B50468256825F4D8
:1001B00080252560046863608368402B036803D052
:1001C00099600068C26030BD9A600068C16030BD4F
:1001D000704700002DE9F05FFDF700F9DFF8CC80F3
:1001E0000446D8F80000324DDFF8C8A0324E0005B2
:1001F0004FF001074FF000093BD54FF4006BC8F8F2
:1002000000B0B5F8980228B959462C4801F00EFA0A
:1002100000B9B7715946294801F008FA284938B1A0
:1002200096F8360028B30868844205D3201A06E001
:100230000C6086F836701CE0224A101A20440F2801
:1002400013D3DAF8E02222F00402CAF8E02286F89A
:100250000590B5F89802022807D11B48B0F85E2037
:100260001AB990F87C0000B9B770C1F8009086F810
:100270003690D8F800104046C90414D54FF4805188
:100280000160B5F8980200280DD10C4801F0CEF9B4
:10029000002808D1B771DAF8E01221F00401CAF899
:1002A000E01286F80590BDE8F09F0000143C014084
:1002B000F8340020C0F20420A854042000000240BA
:1002C000A8550420005C2605800100200448016830
:1002D000890703D502210160F6F796BC704700003C
:1002E000143C0140114810B5016849071CD5042190
:1002F000016001F0ADF90E49C1F8E4020D4CB4F80B
:10030000B002C00605D5F2F745FB10B10A4901203D
:100310004870F4F77FF8B4F8B002000404D4BDE8E4
:1003200010400648F9F7EDB910BD0000143C01403B
:10033000C0F2042008CD0420A8540420089D042005
:1003400004480168090703D508210160FCF7C6BA13
:1003500070470000143C01400B480168C90611D5E4
:1003600010210160094A41F28831D06F90FBF1F30E
:1003700001FB1301401CD067002903D1044901206F
:1003800081F8100370470000143C014028550420F8
:10039000C0F2042070B5144C2068144D800603D5BB
:1003A0002020206001206876206800060CD580207F
:1003B000206001F04FF80E48D0F8E01221F004015F
:1003C000C0F8E012002068712068C00505D54FF420
:1003D000807020600748F9F797F82068800502D5FB
:1003E0004FF40070206070BD143C0140A8540420FC
:1003F000C0F20420089D04200B48026842F080529D
:10040000026000680948026842F480720260006875
:10041000084A07481060074808380160BFF34F8F4B
:1004200072B6FDF7B9FDFCE74038024000700040AD
:100430002152524584280040002229B101291AD0B6
:1004400002291BD04FF440720E490B6823F440730D
:100450000B600B6813430B600A6822F078020A6095
:100460000A68022303EBC00002430A60086840F4F4
:100470008030086070474FF48072E5E74FF40072F7
:10048000E2E70000103C02401348016889050FD5DF
:10049000016821F400710160016841F400610160AC
:1004A000016821F400610160016841F4007101609C
:1004B000016849050FD5016821F480610160016878
:1004C00041F480510160016821F4805101600168AC
:1004D00041F4806101607047003C024010B586B075
:1004E0000C46B0F1006F20D312498C421DD8A042B7
:1004F0001BD800F021F80346204600F01DF8591CD7
:1005000013D0411C11D00021C01A00910221401CBF
:100510000293CDE9030100F0FDFE05A9684600F055
:1005200065FE044600F0AEFE14B1012006B010BD19
:100530000020FBE7FFFF1708A0F10061B1F5C01F25
:1005400002D34FF0FF3070474FF48042914201D206
:10055000002070472C490144914201D2012070478C
:100560002A490144914201D202207047284901449E
:10057000914201D20320704726490144B1F5803FE2
:1005800001D20420704724494FF4003201449142C3
:1005900001D20520704721490144914201D2062031
:1005A00070471F490144914201D2072070471D49FD
:1005B0000144914201D2082070471B4901449142F5
:1005C00001D20920704719490144914201D20A2001
:1005D000704717490144914201D20B207047A0F1A6
:1005E0000161914201D20C207047124901449142AD
:1005F00001D20D20704710490844904201D20E20CC
:1006000070470F207047000000C0FFF70080FFF721
:100610000040FFF70000FFF70000FEF70000FCF7C6
:100620000000FAF70000F8F70000F6F70000F4F712
:100630000000F2F70000EEF70000ECF72DE9F843B8
:1006400005460F461446800702D00420BDE8F88313
:100650006FB1B5F1006F0AD31C48854207D842B18B
:10066000E21C22F003012944491E814201D90320E2
:10067000ECE700F04FFE4FF0FF3820E0CDF80080AF
:10068000042C01D3042600E026463246394668464B
:10069000F0F747F9002329460220009A00F0FCFDFC
:1006A00010B100F0EFFDE2E728680099884203D01E
:1006B00000F0E8FD0220C9E7A41B37442D1D002CE3
:1006C000DCD100F0DFFD0020C0E70000FFFF1708CD
:1006D00008490A6822F440720A600A6842F004027B
:1006E0000A600A684FF4803343EA002002430A603C
:1006F00070470000103C0240064A136823F4407320
:10070000136013681360136843F0010313600170F2
:1007100070470000103C0240094910B50C6824F4F1
:1007200040740C600C6844F440740C600C6844F035
:1007300001040C600260BFF36F8F436010BD0000C6
:10074000103C0240074A136823F440731360136897
:1007500043F480731360136843F001031360018056
:1007600070470000103C0240074A136823F44073AE
:100770001360136843F400731360136843F00103BC
:100780001360016070470000103C02401C4908687B
:10079000C2061C4805D5C26942F01002C26110228F
:1007A0000A600A68920605D5C26942F00802C26171
:1007B00020220A600A68520605D5C26942F0040286
:1007C000C26140220A600A68120605D5C26942F079
:1007D0000202C26180220A600A68D20506D5C26997
:1007E00042F00102C2614FF480720A600A68920707
:1007F00005D5C26942F02002C2610220086070473C
:100800000C3C0240A874042070B511490446002035
:10081000C86100F01DFF05460E4E09E0601C07D0C0
:1008200024B100F015FF401BA04201D9032070BD88
:100830003068C003F2D43068C00701D001203060B6
:10084000306810F4F970F2D0FFF7A0FF012070BDFE
:10085000A87404200C3C024010B50F490F4C88428C
:100860000BD00F49884208D00E49884205D00E4966
:10087000884202D00D49884205D102F039FE216834
:1008800001F4604104E002F023FE216801F4E0512C
:1008900001B14000002110BD0000014008380240B5
:1008A0000004014000400140004401400048014074
:1008B00070B590F83C206A4C012A19D0012280F8CA
:1008C0003C200A6807250368092A13D9DE680A3A1A
:1008D00002EB42029540AE43DE600A788B680A3A2A
:1008E00002EB420293400268D5682B43D36010E0CC
:1008F000022070BD1E6902EB42029540AE431E61AC
:100900000A788B6802EB42029340026815692B4318
:1009100013610268936B23F4401393630268936B33
:100920000D8A504E06EB05552B4393630A790B7CD9
:10093000D21AD21C02EB82021F2393400268956BED
:100940009D4395630A790B7CD21A0B88D21C02EB6B
:1009500082029BB293400268956B2B4393638A6932
:10096000A2420268936823F470239360026893683C
:100970000CD08C69234393600268936823F440137E
:10098000936002689368CC69234301E023F4401329
:1009900093604A7D002A0268536802D043F4806362
:1009A00001E023F4806353600A7D002A02685368E3
:1009B00002D043F4805301E023F4805353604A682B
:1009C000012A16D0022A1FD0032A026827D0136AF0
:1009D0006FF30B0313620268136ACC68234313623C
:1009E000224B0468204A9C4227D10C68122C20D04C
:1009F00023E0026853696FF30B0353610268536984
:100A0000CC6823435361EBE7026893696FF30B03F0
:100A1000936102689369CC6823439361E0E7D369EB
:100A20006FF30B03D3610268D369CC682343D361AE
:100A3000D6E7546844F48004546004689C420AD1A8
:100A40000968A1F18053123B01D0112903D15168EB
:100A500041F400015160002180F83C10084670BD4F
:100A600001000F000000F0FF0023014000200140C2
:100A700078B50024009490F83C20012A19D0012276
:100A800080F83C200A6807250368092A13D9DE6824
:100A90000A3A02EB42029540AE43DE600A788B6868
:100AA0000A3A02EB420293400268D5682B43D360B6
:100AB00010E0022078BD1E6902EB42029540AE4371
:100AC0001E610A788B6802EB420293400268156946
:100AD0002B4313614A681F25072A13D203685E6BF4
:100AE000521E02EB82029540AE435E630A8893B2C7
:100AF0000A79521E02EB820293400268556B2B4327
:100B0000536327E003680D2A12D21E6BD21F02EB3B
:100B100082029540AE431E630A8893B20A79D21FBF
:100B200002EB820293400268156B2B43136311E0C2
:100B3000DE6A0D3A02EB82029540AE43DE620A881D
:100B400093B20A790D3A02EB820293400268D56AA9
:100B50002B43D3621B4B0568194A9D420AD10D688D
:100B6000122D07D1556825F400055560556845F4E8
:100B70008005556005689D421DD1134D0B68AB4241
:100B800001D0112B17D1536823F4800353605368AD
:100B900043F4000353600968A9420CD10B490C4A85
:100BA0000968B1FBF2F101EB8101490000E0491E47
:100BB00000910029FBD180F83C40002078BD000066
:100BC000002301400020014012000010D4740420D2
:100BD00040420F0070B504000FD0206C40F00200BE
:100BE00020642068816821F00101816020688068AC
:100BF0004FF00005C00702D006E0012070BD20467E
:100C000000F030F86564256484F83C50284670BDD7
:100C100070B504004FF0000603D0206C002510B121
:100C200007E0012070BD204600F03CF8656484F8C0
:100C30003C50206CC00610D4206C20F4885040F04A
:100C4000020020642046F0F75DF86564206C20F017
:100C5000020040F00100206400E0012684F83C50CE
:100C6000304670BD10B500680A49884211D10A4863
:100C7000016821F4807101600121084800F060FBE7
:100C80000121074800F05CFBBDE81040122001F094
:100C900056BB10BD00200140443802400000024015
:100CA0000004024070B586B0044614216846EFF790
:100CB0001BFF1D492068884233D11C48002501686C
:100CC00041F480710160006800F48070059017485D
:100CD0001438016841F001010160016801F001016F
:100CE0000591016841F0020101600068012600F0F1
:100CF000020000960590032469460D48CDE90145A0
:100D000000F0B4FB009669460A48CDE9014500F0C1
:100D1000ADFB00220721122001F030FB122001F070
:100D20001FFB06B070BD00000020014044380240A7
:100D300000000240000402402DE9F0410446876DA6
:100D400000F086FC054694F835000026022806D0FF
:100D50008020606584F834600120BDE8F08120685F
:100D6000016821F0160101602068416921F08001CD
:100D70004161206C08B9A06C20B12068016821F0A5
:100D8000080101602068016821F0010101600CE0A8
:100D900000F05EFC401B052807D920206065032079
:100DA00084F8350084F83460D7E720680068C0070D
:100DB000EED194F85C103F208840B860012084F8A0
:100DC000350084F834600020C7E790F83510022918
:100DD00003D08021416501207047052180F835103E
:100DE0000068016821F0010101600020704770B5C2
:100DF00004002BD094F83500022826D02068016822
:100E000021F001010160206800250560206845602F
:100E1000206885602068C560206805612168212000
:100E200048612046FFF782F9E56325646564A5649F
:100E3000E564256594F85C203F21914081606565FB
:100E400084F8355084F83450002070BD012070BD06
:100E5000406D704790F83500704700002DE9F84369
:100E600004464FF00009CDF8009063484FF4165146
:100E7000A56D0068B0FBF1F72E6894F85C2008219E
:100E800001FA02F030420FD02068026852070BD5F9
:100E9000026822F00402026094F85C008140A960BC
:100EA000606D40F00100606594F85C104FF001083F
:100EB00008FA01F0304208D021684969090604D5D2
:100EC000A860606D40F00200606594F85C1004203A
:100ED0008840304208D021680968890704D5A86095
:100EE000606D40F00400606594F85C10102088404C
:100EF000304218D021680968090714D5A860206815
:100F00000168490304D50068000308D5A16C07E017
:100F10000168C90503D4016821F008010160216C52
:100F200009B12046884794F85C1020208840304260
:100F300031D021680968C9062DD5A86094F835001C
:100F400005282068016806D0490347D500680003DA
:100F50001DD4616C1CE021F016010160206841691C
:100F600021F080014161206C08B9A06C20B120689B
:100F7000016821F00801016094F85C103F2088406E
:100F8000A86084F8358084F83490216D1FE0E16B0F
:100F900009B120468847606D00282BD0606DC007DE
:100FA00014D0052084F835002068016821F0010183
:100FB00001600098401C0090B84203D82068006887
:100FC000C007F6D184F8358084F83490E16C0029AC
:100FD00010D001B02046BDE8F04308470168C905BC
:100FE000D5D4016821F01001016084F8358084F8BF
:100FF0003490CCE7BDE8F883D47404202DE9F041A7
:10100000044600F025FB05465CB1022084F835005B
:10101000002684F834602068016821F00101016035
:101020000DE00120BDE8F08100F012FB401B052817
:1010300005D920206065032084F83500F2E7206898
:101040000068C007F0D121680A6820480240D4E94E
:1010500001031843D4E903352B431843636918434C
:10106000A3691843E3691843236A18431043626A6B
:10107000042A03D1D4E90B231A43104308602068E3
:101080004069656A20F0070128460D4301270428BE
:101090000CD1A06A0543E06A40B12046FFF75AF838
:1010A00020B14020606584F83570BAE7206845615A
:1010B0002046FFF73BF894F85C203F219140816087
:1010C000666584F835700020ACE700003F8010E0D2
:1010D00070B5044690F83400002501280CD001209A
:1010E00084F8340094F835600020012E06D084F88E
:1010F00034000225284670BD022070BD022684F807
:10110000356060652046FFF74FF82068016841F0C0
:1011100001010160EEE72DE9F0410446866D90F88B
:101120003400002501280DD0012084F8340094F803
:1011300035700020012F07D084F83400022528469E
:10114000BDE8F0810220FBE7022784F83570606576
:101150002046FFF729F894F85C103F208840B060E3
:101160002068016841F016010160206C20B1206800
:10117000016841F0080101602068016841F0010147
:101180000160DCE70D4910B56FF49A30086000206B
:101190000860091D0A4A0A6008600849094A1039AE
:1011A0000A600860C022091D0A6008600322091D48
:1011B0000A60086001F08AF8002010BD2038024063
:1011C000F3795703FF10600070B5044600F040FA51
:1011D0000546601C02D004480078044400F038FA48
:1011E000401BA042FAD370BDC87404202DE9F0471B
:1011F000044622480E46017E01290AD0012180467C
:1012000001764CF250394846FFF7FEFA020003D04F
:101210002FE00220BDE8F0874FF0FF3030602068FB
:10122000174F012801D0A5681CE0207C6168FFF7FA
:101230004FFA4846FFF7E8FA0246386820F0040003
:10124000386014E0217C2846FFF7F6F84846FFF79F
:10125000DBFA0200386820F07A00386001D035608F
:1012600005E06D1CD4E902100844A842EAD8FFF753
:101270000BF9002188F818101046CBE7A874042059
:10128000103C02400348016841F000410160002029
:1012900070470000103C02402DE9F0471B4E054608
:1012A0001446307E1F468946012808D0012030763A
:1012B0004CF250384046FFF7A7FA18B114E002206C
:1012C000BDE8F0879DB1012D16D0022D19D0224620
:1012D0003B464846FFF720FA4046FFF795FA0C498F
:1012E0000A6822F001020A6000213176E8E7E1B2E3
:1012F0004846FFF701FAEFE7A1B24846FFF722FAA6
:10130000EAE721464846FFF72FFAE5E7A8740420EC
:10131000103C0240074900200A68002A09DA054A01
:10132000054B0C3A1360054B13600968002900DA7D
:1013300001207047103C024023016745AB89EFCD87
:101340002DE9F04F8946DFF8E4A000214FF0010BB2
:101350004FF00F0C0BFA01F609EA0603B34260D115
:1013600021F003045444D4F808288D072F0F0CFAF9
:1013700007F505EA02082E4A904201D100221EE03C
:101380002C4A904201D1012219E02B4A904201D10E
:10139000022214E0294A904201D103220FE0284A98
:1013A000904201D104220AE0264A904201D105224E
:1013B00005E0254A904201D1062200E00722BA400A
:1013C000424515D1214F3A689A433A603F1D3A6829
:1013D0009A433A601D4F0C373A689A433A603F1F70
:1013E0003A689A433A60D4F80828AA43C4F808280F
:1013F00003684C000322A24093430360CB0800EB38
:1014000083031D6A4C07E70E0CFA07F4A5431D621F
:10141000C3689343C3604368B343436083689343A3
:101420008360491C102995D3BDE8F08F003001403E
:10143000000002400004024000080240000C02408C
:10144000001002400014024000180240003C01401D
:1014500070470000044910B50A68024202D00860D3
:10146000FFF7F6FF10BD0000143C01402DE9F84FD6
:10147000DFF890910022A9F1040B03274FF00F0C25
:1014800009F1040AABF1040E01250B6895402B40CD
:10149000AB426ED10C7904F00304012C01D0022C74
:1014A00015D18668540007FA04F826EA0806D1F830
:1014B0000C8008FA04F848EA0608C0F80880446876
:1014C000AC430D79C5F300159540254345600C7973
:1014D000E443A40708D0C568540007FA04F6B543EE
:1014E0008E68A6402E43C6600C7904F00304022CDB
:1014F00011D1D40800EB8406356A5407E40E0CFAC7
:1015000004F825EA0805D1F8108008FA04F848EA3A
:101510000508C6F820800568540007FA04F6B543AC
:101520000E7906F00306A6402E4306604C6814F4BC
:10153000403F61D0344C256845F4804525602468DF
:1015400022F0030504F480440094304C05EB0408B9
:10155000D8F808589407260F0CFA06F4A5432C4C2B
:10156000A04201D100241FE02A4CA04202D1012454
:101570001AE041E0284CA04201D1022414E0274C9B
:10158000A04201D103240FE0254CA04201D1042444
:101590000AE0244CA04201D1052405E0224CA042DF
:1015A00001D1062400E00724B4402C43C8F80848C1
:1015B000D9F800404D464E689C43F60200D51C43C6
:1015C0002C60DAF8004055464E689C43B60200D5C0
:1015D0001C432C60DBF800405D464E689C43B6031C
:1015E00000D51C432C60DEF8004075464E689C43D5
:1015F000F60300D51C432C60521C102AFFF444AFA4
:10160000BDE8F88F083C01404438024000300140FA
:10161000000002400004024000080240000C0240AA
:101620000010024000140240001802400069084007
:1016300000D001207047426921EA02030A4043EAD0
:101640000241816170470AB1816170470904FBE77B
:101650000148806870470000C87404200148007881
:1016600070470000C874042070B5040004D094F8DA
:101670004100002510B106E0012070BD84F8405003
:10168000204603F011FE242084F841002068C16840
:1016900021F40051C16020460CF026F82068016951
:1016A00021F4904101612068416921F022014161EA
:1016B0002068416941F0080141612068C16841F436
:1016C0000051C1606564202084F8410084F8420024
:1016D0006563002070BD00000349884201D1F9F71D
:1016E000FBBAF1F7B3B8000088A50020704710B529
:1016F000040013D0242084F83D002068016821F004
:1017000001010160204600F01BFD0020206484F8E8
:101710003D0044F8300FA073207310BD012010BDB0
:1017200090F83D10282901D00220704790F83D1014
:1017300090F83E2001F003010A430263202180F863
:101740003D10002180F83E1050F8201B0A6822F45A
:1017500080620A6050F8200C416821F440714160B9
:10176000002070472DE9F041016804464A694E683F
:1017700090F83E000025D743FA0506D4F243D2057F
:1017800003D46FF4807201254A61B90508D4F1438E
:10179000C90505D422686FF4007145F00205516156
:1017A000790525D4F143C90522D4638D94F83D1001
:1017B000226B202808D13BB9212910D029290ED02D
:1017C000282901D1212A0AD022686FF48061516151
:1017D00045F00405102806D0402804D008E0204633
:1017E00008F0C4FC04E02068016841F40071016065
:1017F000380508D4F043C00505D421686FF40060B3
:1018000045F008054861002D07D0206C284320646E
:101810002046BDE8F04108F047B8BDE8F0812DE969
:10182000F047026800215368C66A90F83E4090F87D
:101830003D50102C12D0402C10D0046C002C7DD0C8
:101840005469E443A6077AD4DE43B60577D4036C23
:1018500003B19169BDE8F04708F064BC976951692C
:101860004FF42A0CC9435FEAC1784FF02A4904D0EB
:1018700066452AD04E4528D010E0DE43B6050DD48B
:10188000C16A614501D1012103E0C16A494501D125
:101890000821C162BDE8F04708F0D8BA0E0716D497
:1018A000DE43B60513D4416CC9B21161416B09B175
:1018B000C96B29B9816B002907D0C96B002904D0F5
:1018C0000068416841F400614160BDE8F0878E071F
:1018D00006D4DE43B60503D4BDE8F04708F02ABAC3
:1018E000FE43526876074FEA02521DD4002AECDB11
:1018F0000A0608D4DA43520505D4490705D5BDE8E0
:10190000F04708F0BDB94907DFD4D9438905DCD4D5
:10191000212D05D0402CD8D1BDE8F04708F0DBBA26
:10192000BDE8F04708F06CB9002ACEDB4A060BD4BC
:10193000DA43520508D4490708D501E00DE00EE06E
:10194000BDE8F04708F0E0B84907BED4D94389059F
:10195000BBD4BDE8F04708F06AB8916970E7E106CA
:1019600006D4D943890503D4BDE8F04708F046BC46
:101970002826212D27D0292D25D0610655D4D943DD
:10198000490552D4610752D590F83D10438D002B84
:101990009BD01269436A1A70426A521C4262428D9D
:1019A000521E4285428D002A8FD12A298DD101688D
:1019B0004A6822F480624A602221016380F83D6017
:1019C00000F044FC81E7210623D4D943490520D403
:1019D000610720D590F83D10438D002BF2D0436A6B
:1019E0001B781361426A521C4262428D521E42852C
:1019F000428D002AE6D12929E4D101684A6822F4FF
:101A000080624A602121016380F83D6000F01FFC84
:101A10005BE76107D6D4D9438905D3D4418D00292A
:101A2000D0D0416A097811610AE06107CAD4D9436C
:101A30008905C7D4418D0029C4D01169426A11704B
:101A4000416A491C4162418D491E41853DE70000C4
:101A5000064910B5884208D1012203210520F8F774
:101A600033FEBDE81040F9F737B910BD88A5002056
:101A700070B5040025D094F83D00002520B984F805
:101A80003C50204600F082FB242084F83D00206872
:101A9000016821F0010101602068016841F4004102
:101AA00001602068016821F40041016001F010FD2F
:101AB0004D4B6168994201D84C4900E04C4988423D
:101AC00001D2012070BD4B492268B0FBF1F156688C
:101AD00026F03F060E43566062689A4206D94FF4DC
:101AE000967251434FF47A72B1FBF2F12268491CAD
:101AF000166A26F03F06314311626168994210D898
:101B00004900401EB0FBF1F2521CC2F30B02042A42
:101B100001D2042022E0B0FBF1F0401CC0F30B0026
:101B20001CE0A268F2B301EBC10303EB0116431EF4
:101B3000B3FBF6F35B1C43F480431B0549D092B31F
:101B400001EBC10202EB0111401EB0FBF1F0401CA1
:101B5000C0F30B0040F4804040F400402168CA69A3
:101B60004CF6FF739A431043C861D4E90710014350
:101B70002068026822F0C00211430160D4E9030129
:101B800001432068826848F2FF339A431143816021
:101B9000D4E9051001432068C26822F0FF02114316
:101BA000C16001E00EE016E02068016841F001012B
:101BB00001602564202084F83D00256384F83E50B0
:101BC000002070BD01EB4106431EB3FBF6F35B1C26
:101BD000B3E70120C2E701EB4101401EB0FBF1F089
:101BE000401CC0F30B00B7E7A086010080841E00F4
:101BF00000093D0040420F007047704770470000E9
:101C00000A4910B5884210D1094901208885094840
:101C10000021C1760177F8F73DFD0749BDE8104086
:101C2000142201F11400EEF77CBE10BD88A500203F
:101C30005CF90420A854042054E9042070470000F3
:101C40002DE9FF4F83B09A46DDE91187934604469C
:101C5000DDF84090FFF7FCFC054694F83D00202895
:101C600070D11923012274492046009508F09FFB8A
:101C70000028F5D194F83C00012863D0012084F8B5
:101C80003C0020680168C90703D1016841F00101E7
:101C900001602068016821F400610160222084F85D
:101CA0003D00402084F83E0000262664C4F82490BD
:101CB000A4F82A80608D20856048E062CDE9007537
:101CC00053465A462046049908F05AF9002879D11B
:101CD000208DD0B1012821D00228206824D041696C
:101CE00080690090208D032866D801282BD05449A4
:101CF00002283B464FF00002009557D08846204608
:101D000008F055FB00285DD13AE0206841698169FF
:101D10000091016841F4007101607DE02068016874
:101D200021F480610160F0E7016821F480610160C5
:101D30002068016841F400610160206841698069A0
:101D4000009069E075E02A463946204608F0D0FB4D
:101D500088BB54E02068016841F40071016020688C
:101D60000069616A0870606A401C6062218D491ECA
:101D70002185618D491E618521680969017042E0F4
:101D80002068016821F48061016020680069616A4F
:101D90000870606A401C6062208D401E2085608D46
:101DA000401E60853B46002241460095204608F0D3
:101DB000FEFA00B9CEE705E02A463946204608F08B
:101DC00097FB18B1012007B0BDE8F08F20680069CB
:101DD000616A0870606A401C6062208D401E81B29A
:101DE0002185608D401E608520684269D24352077C
:101DF00012D4032903D1016821F4806101602068B5
:101E00000069616A0870606A401C6062208D401E33
:101E10002085608D401E6085208D00287FF462AF94
:101E2000202084F83D0084F83E6084F83C60002067
:101E3000C9E70220C7E70000020010000000FFFF12
:101E4000040001002DE9FC5F994692468B4604464A
:101E5000DDF83080FFF7FCFB00250746009594F87D
:101E60003D00202828D1664846F2A81120260068A7
:101E7000B0FBF1F000EBC00101EB00100090009806
:101E8000401E009010D020688069C0438007F6D5BE
:101E900094F83C0001280FD0012084F83C00206811
:101EA0000168C9070BD00EE044F8305F6673A57374
:101EB000206940F0200020610220BDE8FC9F0168FD
:101EC00041F0010101602068016821F400610160B6
:101ED000222084F83D00402084F83E002564C4F8A8
:101EE00024800D986085608D20854648E062C4F8A6
:101EF00044B0C4F848A0C4F84C902565208D4FF03C
:101F00002308002863D0A06B00B33F49C163A16BD5
:101F10003E48C864A06B0564A06B4564A06B8564F3
:101F2000A06B05652168238D1031626AA06BFFF7F5
:101F3000F2F8A0B184F83D6084F83E5054F8400FA8
:101F400040F0100044F80409257049E084F83D6031
:101F500084F83E5054F8400F40F08000F2E7CDE99D
:101F600000874B4652465946204608F009F888B18A
:101F7000A06BFEF72AFFA06BC5632068016821F4FF
:101F800080610160258565852068016821F0010177
:101F9000016025E0208D0128206813D0416841F4BC
:101FA00080514160206841698169009184F83C500A
:101FB000416841F4807141602068416841F40061EA
:101FC00041601BE0016821F480610160EAE7CDE92E
:101FD00000874B4652465946204607F0D1FF08B1CC
:101FE00001206AE72068416981690091016841F434
:101FF0000071016084F83D6084F83C5000205CE78B
:10200000D47404200000FFFF819715083D97150840
:102010002DE9FF4F83B09A46DDE9119793460446B8
:10202000DDF84080FFF714FB054694F83D002028BA
:102030007FD11923012240492046009508F0B7F9C5
:10204000002876D194F83C00012872D0012084F851
:102050003C0020680168C90703D1016841F0010113
:1020600001602068016821F400610160212084F88A
:102070003D00402084F83E0000262664C4F82480F9
:10208000A4F82A90608D20852C48E062CDE9007587
:1020900053465A462046049907F0F0FF70B930E0E5
:1020A0002A463946204608F05DFA58B1206C0428CB
:1020B00004D12068016841F400710160012007B07B
:1020C000BDE8F08F606A216800780861626A521C7E
:1020D0006262208D401E80B22085618D491E61851F
:1020E00021684B69DB435B070BD468B1107808614A
:1020F000606A401C6062208D401E2085608D401EFD
:102100006085208D0028CBD12A463946204608F02C
:1021100023F90028CAD154F83D0B016841F400713D
:102120000160202004F81E09E67766770020C6E7E4
:10213000FFE70220C3E70000020010000000FFFFDD
:1021400070B5044600680E49884218D10D480168F0
:1021500021F4001101600C4D81152846FFF7F0F8BD
:1021600069152846FFF7ECF8A06BFEF740FE1F202C
:1021700000F0E5F8BDE87040202000F0E0B870BD48
:1021800000540040403802400004024070B586B060
:10219000064614216846EEF7A7FC274930688842B6
:1021A00048D126480025016841F00201016000681D
:1021B000694600F0020005904FF440700090122034
:1021C00001900120CDE90205042004901C48FFF78E
:1021D0004DF91A481030016841F40011016000689F
:1021E000194C00F400100590164820604FF0007064
:1021F000C4E90105C013C4E903506561A561E56147
:10220000256220466562FEF7F9FE08B1FEF7F4F894
:10221000B463012207211F20A66300F0AFF81F203E
:1022200000F09EF800220721202000F0A7F82020CF
:1022300000F096F806B070BD0054004030380240FF
:10224000000402408860024044AA002070477047A2
:10225000024881680278114481607047C874042084
:10226000094810B5016841F400710160016841F44A
:1022700080610160032000F0A1F8022000F006F860
:1022800000F026F8002010BD003C024070B50D4D56
:1022900004464FF47A712878B1FBF0F00A490968D6
:1022A000B1FBF0F002F055F948B9102C07D200222A
:1022B0002146501E00F062F800206C6070BD0120C5
:1022C00070BD0000C8740420D4740420704700005E
:1022D000134808B5016841F480410160006800F4CA
:1022E000804000900E48001F016841F0805101605D
:1022F000006800F080500090042000F05FF8002299
:102300000721501F00F03AF800220721101F00F0AB
:1023100035F800220721BDE80840901E00F02EB8D5
:1023200044380240002809DB00F01F0201219140DF
:102330004009800000F1E020C0F8801270470028BA
:102340000DDB00F01F02012191404009800000F1E7
:10235000E020C0F88011BFF34F8FBFF36F8F70473D
:10236000002809DB00F01F02012191404009800094
:1023700000F1E020C0F8001170470000F0B40E4BEF
:102380001B68C3F30223C3F10704042C00D90424FF
:102390001D1D072D01D2002300E0DB1E012606FAD9
:1023A00004F56D1E0D409D409E40761E164045EA88
:1023B0000601F0BC0DF02AB80CED00E0064A00F072
:1023C000070110684FF6FF03184040EA0120034957
:1023D00008431060704700000CED00E00000FA05B3
:1023E00001220168C0F8D824002280F8CC24886932
:1023F00040F000608861486D024A10434865002043
:102400007047000003000010704700684162002020
:102410007047F0B50368586A39B19C6A4FF4827509
:1024200000EB144400204E1E0AE040EA024098628D
:102430000FE005EB8007DF59401C04EB1744C0B2E6
:10244000B042F6D344EA02404FF4807202EB8101BD
:1024500058500020F0BDD0F8E0040BF09CBC01EB1C
:10246000C10200EB8202D0F8E004126A0BF0EDBB6F
:1024700001EBC10200EB8202D0F8E004D2F8602246
:102480000BF03FBCD0F8E0040BF087BC0A0601F06B
:102490000F0101EBC10100EB810101D5143101E015
:1024A00001F5157100680CF0D7BC70B504460B0639
:1024B00001F00F0000EBC00104EB81014FF00102BD
:1024C0004FF0000502D54A75143103E081F85552EA
:1024D00001F51571087094F89404012808D084F867
:1024E000942420680CF0D8F984F89454002070BD2E
:1024F000022070BD70B5044601F00F0022799042B1
:1025000001D9012070BD0B0601F00F0101EBC101E3
:1025100004EB81014FF001024FF0000502D54A752E
:10252000143103E081F8555201F515718D70087072
:1025300094F89404012808D084F8942420680CF0BE
:1025400017FB84F89454002070BD022070BD10B5B4
:10255000044690F8940401280AD0012084F89404D9
:10256000080607D501F00F0120680CF0E5FC04E037
:10257000022010BD20680CF0C3FC002084F89404F5
:1025800010BD01F00F0101EBC10100EB8100D0F89B
:10259000680270472DE9F04104460F0601F00F0074
:1025A00000EBC00104EB81014FF001064FF0000584
:1025B00002D54E75143103E081F8555201F51571BD
:1025C000C2F30A0208708A600B714A7802B148832C
:1025D000022B00D14D7194F89404012809D084F89D
:1025E000946420680CF0A6F8284684F89454BDE85A
:1025F000F0810220FBE710B501F00F0404EBC401E9
:1026000000EB8101C1E998230023C1F8683281F809
:10261000553281F85442837901F51571012B00D1AF
:10262000CA61827900680CF0FBFA002010BD70B519
:1026300004460D4601F00F002179884201D901209E
:1026400070BD29064FF000064FF0010206D500EBE1
:10265000C00104EB81014A75143107E005EBC501A7
:1026600004EB810181F8556201F515718A700870DB
:1026700094F89404012807D084F8942420680CF07E
:10268000A3FA280702D007E0022070BDA17904F266
:102690009C4220680CF040FA84F89464002070BDDD
:1026A00010B501F00F0404EBC40100EB8101C1E996
:1026B000082300238B6201234B7501F8144F8379A3
:1026C000012B00D1CA61827900680CF0A9FA0020C0
:1026D00010BD00002DE9F84F0568044628460CF0AF
:1026E00056FC00287DD120680CF07DFC002878D0B5
:1026F000D5F80808C0F30D20C4F8D40420680CF005
:1027000072FC800704D52068416901F00201416133
:1027100020680CF068FCC10604F29C40009034D59F
:102720002068816921F0100181612F6A07F00F0094
:1027300000EBC00004EB8006C7F3434006F51576B6
:10274000022802D0062811D01AE047F6F07007429E
:1027500016D0C7F30A1217462846F1680CF047FC5A
:10276000F0683844F0607069384408E00822284670
:1027700000990CF03CFC7069C7F30A1108447061C1
:102780002068816941F01001816120680CF02BFC08
:1027900000034FF0010A7AD5002620680CF002FCF5
:1027A0008046DFF8B0B46FE05FEAC87069D0F1B27C
:1027B00020680CF010FC0746C00707D005EB461157
:1027C000C1F808AB3146204608F068FE380722D52C
:1027D00005EB46110820C1F8080B2068D0F840909E
:1027E00000E035E200EB4610D0F8082BD94505D9BA
:1027F000110403D54FF40041C0F8081B204600F037
:102800002FFBD94507D9A079012804D120680121DF
:10281000009A0CF081F9F80604D505EB461110205A
:10282000C1F8080BB8071DD56869000605D5D5F8AD
:10283000040840F48061C5F8041806EBC60004EBF8
:10284000800090F8571200F51570012905D100217C
:10285000C170F1B2204600F003FA05EB46110220E8
:10286000C1F8080BB80604D505EB46102021C0F8C6
:10287000081BB80405D505EB46104FF40051C0F80D
:10288000081B4FEA5808761CB8F1000F8CD120685D
:102890000CF0A9FB40036DD520680CF07CFB804652
:1028A000002664E05FEAC8705ED0F1B220680CF0E8
:1028B00080FB0746C00723D006F00F010AFA01F09B
:1028C000D5F834188143C5F8341805EB4610C0F824
:1028D00008A9A07901280FD106EBC60004EB8000FF
:1028E000D0E907211144016236B9606A20B9206835
:1028F0000121009A0CF010F9F1B22046FFF7AFFD6C
:10290000380704D505EB46110820C1F80809F80678
:1029100004D505EB46111020C1F80809780604D546
:1029200005EB46104021C0F80819B80716D5314606
:1029300028460CF001FB06EBC60004EB8000C17DCD
:102940001430012905D10021C170F1B2204600F0F8
:1029500083F905EB46110220C1F80809380603D5B2
:102960003146204608F000FE4FEA5808761CB8F1C0
:10297000000F97D120680CF036FB002811DAD5F84B
:10298000040820F00101C5F8041894F8CC040128CB
:102990003BD0204600F049FA2068416901F000412F
:1029A000416120680CF01FFB00050BD5D5F8080825
:1029B000C00702D0204600F07BFA2068416901F48C
:1029C0000061416120680CF00EFB00010AD520680F
:1029D000416901F00061416194F8CC04E8B12046FE
:1029E00000F066FA20680CF0FEFAC00474D5D5F841
:1029F000040820F00101C5F80418102120680CF02B
:102A00009BFA00214FF67F322DE0002084F8CC04A1
:102A100001462046FFF7F8FCBEE784F8CCA4206806
:102A2000406D0121C0F38300C4F8D0042046FFF7B5
:102A3000EBFCD7E705EB4110C0F80829D0F80039C6
:102A400023F40013C0F80039C0F8082BD0F8003B7D
:102A500023F40013C0F8003BD0F8003B43F00063C0
:102A6000C0F8003B491C20798842E3D8D5F81C08FF
:102A700040F00111C5F81C18E07B002828460DD055
:102A8000D0F8840840F00B01C5F88418D5F8440844
:102A900040F00B012846C5F844180DE0D0F81408A2
:102AA00042F22B010843C5F81408D5F8100840F08D
:102AB0000B012846C5F81018D0F8000820F4FE6174
:102AC000C5F80018A1792068009A0CF025F8206854
:102AD000416901F48051416120680CF084FA80045E
:102AE00015D520680BF066FE20680CF043FAE07103
:102AF00000F0E8FC0146E27920680CF0D7FA2046A5
:102B000000F080F92068416901F4005141612068BA
:102B10000CF069FA000707D5204600F08AF9206812
:102B2000416901F00801416120680CF05CFA00067F
:102B300015D5A86920F08001A96101260CE006EBFB
:102B4000C60004EB800090F85702012803D1F1B2CF
:102B50002046FFF79BFC761C2079B042EFD8206816
:102B60000CF041FAC0021FD50126574614E005EBD0
:102B70004610D0F8001906EBC60004EB8000027E78
:102B8000012A08D1002906DAC775F0B240F08001A9
:102B90002046FFF77BFC761C2079B042E7D82068FE
:102BA000416901F48011416120680CF01CFA800237
:102BB00031D50120534626E005EB4011D1F8001B2A
:102BC00000EBC00204EB820292F85862012E19D188
:102BD000002917DA94F8D464C1F3004106F0010625
:102BE0008E420FD182F85732A96941F08002AA6162
:102BF0006969090606D4D5F8040840F40070C5F8E0
:102C0000040803E0401C21798142D5D8206841693D
:102C100001F40011416120680CF0E5F9400007D58E
:102C20002046FFF718FC2068416901F080414161AE
:102C300020680CF0D8F940070AD520684568680775
:102C400002D52046FFF71EFC2068416829434160F9
:102C5000BDE8F88F0A30544FD0F8E0040BF0F9B813
:102C6000D0F8E0040BF009B9F8B5040005D094F8E9
:102C700095042668002510B106E00120F8BD84F80F
:102C80009454204600F05CF8032084F89504B6F1D3
:102C9000A04F00D1A57120680BF038FF207C8DF883
:102CA000000094E80F000BF093FD0226B0BB00215A
:102CB00020680CF0BBF988BB002101270CE001EB78
:102CC000C10004EB800047750175C1850576C561BB
:102CD0000562491CC9B2456220798842EFD80021BB
:102CE00011E001EBC10004EB800080F8555280F840
:102CF000541280F85852C0F85C52C0F86052491C17
:102D0000C9B2C0F8645220798842EAD8207C8DF894
:102D1000000094E80F000BF043FE10B184F89564B6
:102D2000ABE7657484F89574207B012802D12046B6
:102D3000FFF756FB20680BF025FE0020F8BD0000D1
:102D4000F0B59DB00446142116A8EDF7CDFE58212C
:102D50006846EDF7C9FE2068B0F1A04F4CD1A02025
:102D60000090C02002901020019002250620CDE99D
:102D70000305A80600240C901494684600F0C8F8D7
:102D800008B1FDF739FB1D48016841F00101016000
:102D900000680A2600F001001B904FF400601690B6
:102DA000CDE91754164FCDE9194616A93846FEF756
:102DB0005DFBB814CDE916050320CDE9184016A92E
:102DC0001A963846FEF752FB0C48001D016841F088
:102DD0008001016009481430016841F480410160BC
:102DE0000068002200F480401B9006214320FFF77A
:102DF000C5FA4320FFF7B4FA1DB0F0BD30380240E9
:102E00000000024070B50446C0790125022801D0B7
:102E1000FDF7F2FA2946D4F8E0040BF09DF8D4F857
:102E2000E004BDE870400BF051B8D0F8E0040BF0BE
:102E30007CB8D0F8E0040BF082B810B5044690F8E6
:102E4000940401280AD0012084F894046174206855
:102E50000CF01AF9002084F8940410BD022010BD73
:102E6000D0F8E02400F29C4110460BF081B810B578
:102E70000446006894F89414012909D0012184F8CB
:102E80009414C168490609D5617B012902D005E087
:102E9000022010BD816B41F48031816320680CF009
:102EA00029F820680BF060FD002084F8940410BD20
:102EB00010B50446D0F8E0040BF09CF82068D0F878
:102EC000001E41F00101C0F8001EE07A002804D085
:102ED0000248016841F00601016010BD10ED00E0FC
:102EE000034908B50020086202480068009008BD48
:102EF00000000E4200700040034908B5012008623E
:102F000002480068009008BD00000E4200700040BA
:102F10002DE9F84F044600780025CA4EC00708D0B6
:102F20003068E16920F0C06008433060E06900B9B2
:102F300001252078800708D53068216A20F0C0502C
:102F400008433060206A00B9012520886FF0FF0136
:102F5000800415D53068A26C20F440101043306016
:102F6000A06C18B1B0F5001F02D009E0012507E000
:102F70003068626920F4F85001EB0222104330609F
:102F80002088400415D53068E26C20F440001043DE
:102F90003060E06C18B1B0F5000F02D009E00125F7
:102FA00007E03068626920F4F85001EB0221084321
:102FB000306020784FF0000A00075DD5A1484C38FA
:102FC000016841F0805101600068DFF87C8200F008
:102FD00080500090D8F8001041F48071C8F80010BB
:102FE000FEF736FB074604E0FEF732FBC01B022863
:102FF00076D8D8F80000C005F6D5DFF84882A8F1E9
:103000001C08D8F8000010F4407022D0A18C01F404
:10301000407181421DD0D8F800108C4A012321F460
:1030200040711360C2F800A0C8F80010D8F8000082
:10303000C0070ED0FEF70CFB074641F2883904E0CA
:10304000FEF706FBC11B49454AD8D8F800008007A7
:10305000F6D5606A7B49C0F301228439032A40D047
:10306000086820F4F8100860D8F80010A28CC2F3A9
:103070000B021143C8F800102078DFF8D4B14007E4
:1030800003D594F85410CBF8E0112078DFF8C48110
:10309000C00607D5D8F80010E26A21F440011143B8
:1030A000C8F8001020784FF0006980060BD5D8F8DA
:1030B0000010226B21F000611143C8F80010206B52
:1030C000484500D101252078400607D5D8F80010E2
:1030D000A26A21F080511143C8F8001065B908E0D8
:1030E00078E00A685C4B22F4F812184002430A6048
:1030F000BAE72068802874D15046DFF860A1CAF88A
:103100006800FEF7A5FA4F4D07468C3D04E0FEF738
:103110009FFAC01B02285DD828680001F7D4216DF2
:10312000CBF8D81020684E49C20701D0E2697AB1C5
:10313000820701D5226A5AB1820602D5226B4A451E
:1031400006D040060FD5A06A68B9206B48450AD161
:10315000D4E9010240EA8210227B237C120642EA73
:103160000372104308602068820401D5A26C1AB172
:10317000400415D5E06C98B90868D4E9012342EA07
:103180008312C0F30360237C000640EA037002430D
:103190000A603068A26920F01F00521E10433060A0
:1031A000207800060AD5D4E9010240EA8210227B89
:1031B000237C120642EA0372104308600121CAF818
:1031C0006810FEF745FA074608E0FEF741FAC01B13
:1031D000022803D90320BDE8F88F02E02868000127
:1031E000F3D52088C00505D53068616B20F000401C
:1031F000084330602088800505D53068A16B20F435
:103200000040084330602088400505D53068E16BF8
:1032100020F00040084330602088000505D5306864
:10322000216C20F48040084330602088C00407D51A
:10323000D8F80010626C21F040411143C8F800102A
:103240000020C8E78C38024000700040400E474222
:103250000010474294380240FFFCFF0F0000474235
:10326000843802402DE9F0470D46040065D0DFF8B0
:103270001491D9F80000EFB200F00700A84207D27D
:1032800089F80070D9F8000000F00700A84254D176
:1032900020683D4E810712D5400703D5306840F4C1
:1032A000E05030602078000703D5306840F460407B
:1032B00030603068A16820F0F0000843306020786A
:1032C000C0072DD0304960680839012812D0022883
:1032D00013D0032811D00968890700292DDA316835
:1032E00021F0030101433160FEF7B2F9804641F25B
:1032F000883A0EE009688903EFE709688901ECE77D
:10330000FEF7A6F9A0EB0801514502D90320BDE85C
:10331000F0873068616800F00C00B0EB810FEFD1EE
:10332000D9F80010484601F00701A94207D90770F3
:10333000006800F00700A84201D00120E7E72078EC
:10334000400705D53068E16820F4E050084330605C
:103350002078000706D53068216920F4604040EAF3
:10336000C100306000F0D4F83168084AC1F303119D
:10337000515CC8400649086006480068FEF786FFB1
:103380000020C4E7003C0240083802406C4B16089D
:10339000D4740420CC7404202DE9F041FEF758F9D0
:1033A000434C0546206840F00100206004E0FEF731
:1033B0004FF9401B022846D820688007F7D52068BF
:1033C00040F080002060FEF743F90546384E0020AB
:1033D0000836306041F2883704E0FEF739F9401BC7
:1033E000B84230D8306810F00C0FF6D1FEF730F943
:1033F0000546206820F45020206004E0FEF728F9FC
:10340000401B64281FD820688003F7D4FEF720F9FA
:103410000546206820F08070206004E0FEF718F96F
:10342000401B02280FD820688001F7D4FEF710F95E
:103430000546206820F08060206007E0FEF708F96C
:10344000401B022802D90320BDE8F081206800015A
:10345000F4D417491748091D0860154984310860DC
:1034600013480C30016821F4F8510160016821F41F
:1034700000510160016841F41F010160016841F4DD
:10348000001101600A487430016821F001010160F7
:10349000016841F0807101600849074808600848E8
:1034A0000068FEF7F3FE0028CED00120CCE7000034
:1034B00000380240103000240024F400D4740420AA
:1034C000CC7404200148006870470000D4740420C4
:1034D0000448054900680968044AC1F38221515C27
:1034E000C8407047D4740420083802407C4B16084A
:1034F0000448054900680968044AC1F34231515C37
:10350000C8407047D4740420083802407C4B160829
:10351000154810B5006810F00C01144813D0144B76
:1035200004290FD008290ED10F4C241F216801F067
:103530003F022168490207D52068C0F38810A0FB2C
:10354000030106E0184610BD2168C1F38811A1FBF4
:1035500000010023EDF720F82168C1F30141491C67
:103560004900B0FBF1F010BD083802400024F4001F
:1035700000366E012DE9F84F040075D02078DFF891
:103580004CA3C007AAF1040548D00AF10400016861
:10359000C1F38101012908D00068C0F3810002282D
:1035A0000AD1DAF80000400206D52868800335D534
:1035B00060680028E1D031E06068B0F5803F10D04D
:1035C000B0F5A02F286810D020F48030286028683B
:1035D00020F4802028606068A0B1FEF739F8064624
:1035E0000CE0286840F48030F4E740F48020286044
:1035F000F7E7FEF72DF8801B642871D82868800350
:10360000F7D50BE0FEF724F8064604E0FEF720F8B5
:10361000801B6428F1D828688003F7D42078DFF86D
:10362000B09280074FF0000B3DD5A848001D0168FF
:1036300011F00C0F08D00068C0F3810002280AD1F5
:10364000DAF80000400206D42868800715D5E06843
:10365000012809D111E0E068B8B10120C9F80000E3
:10366000FDF7F6FF064605E02BE1FDF7F1FF801BB5
:103670000228C2D828688007F7D52868216920F079
:10368000F80040EAC10028600DE0C9F800B0FDF77D
:10369000DFFF064604E0FDF7DBFF801B02281FD892
:1036A00028688007F7D42078000722D5874F8948FB
:1036B0006169703771B101210160FDF7C9FF0646EC
:1036C00004E0FDF7C5FF801B022809D83868800791
:1036D000F7D50EE0C0F800B0FDF7BAFF064605E0EA
:1036E00082E0FDF7B5FF801B02287DD8386880078F
:1036F000F7D42078400765D574484FF000083C3077
:103700000068C0000BD471483C30016841F0805122
:10371000016000684FF0010800F0805000906E4F8B
:103720003868C0050FD4386840F480703860FDF701
:103730008FFF064604E0FDF78BFF801B022853D85D
:103740003868C005F7D5614FA0686C3701280FD0E5
:103750000528386810D020F001003860386820F063
:1037600004003860A068B0B1FDF772FF06460EE0B5
:10377000386840F00100F4E740F004003860F7E7F3
:10378000FDF766FF811B41F28830814265D83868B9
:103790008007F5D50DE0FDF75BFF064606E0FDF777
:1037A00057FF811B41F28830814256D83868800724
:1037B000F5D4B8F1000F05D044483C30016821F041
:1037C00080510160A069C8B34049091D0968C1F36F
:1037D0008101022948D00228584606D0C9F8600065
:1037E000FDF736FF04463BE037E04F46C9F860007E
:1037F000FDF72EFF064604E0FDF72AFF801B022896
:103800002BD828688001F7D4F4E907010843E16860
:10381000324A490802EB0141A26841EA8211084399
:10382000217C40EA0160217D40EA0171CAF8001064
:1038300001203866FDF70CFF044605E043E0FDF784
:1038400007FF001B022808D828688001F7D53AE056
:10385000FDF7FEFE001B022802D90320BDE8F88F09
:1038600028688001F4D42EE00128F7D0DAF80000AF
:10387000E26900F48001914223D1226A00F03F0105
:1038800091421ED147F6C071626A0140B1EB821FBE
:1038900017D1A26A4FF0FF3300F4403103EB52021C
:1038A000B1EB024F0DD194F82C2000F07061B1EB18
:1038B000026F06D194F8301000F0E040B0EB017FC9
:1038C00001D00120CAE70020C8E700000438024008
:1038D00000004742800E4742007000400000FFFF9A
:1038E00005484079002806D00448D0F8E01241F09D
:1038F0000401C0F8E0127047A8540420C0F204206C
:103900000068503040F82120704700000648417F91
:10391000022906D0407F012805D141030348FDF765
:103920008ABE012181777047A85404200008024014
:1039300010B5144904464FF40030086021688868C7
:10394000C0040BD5C868C00508D5C86800F0800061
:1039500060F4C070C8602046FFF7D8FF216888680F
:1039600080040BD5C868800508D5C86800F08000C1
:1039700060F42070C8602046FFF7B2FF0120607736
:1039800010BD0000143C01402DE9F0470446007FC3
:10399000012822D04FF0010884F81C8002206077B3
:1039A0002268CA2050622268532050622068002694
:1039B000FF27B1F5807F81684FF0030A4FF47A79D1
:1039C0000ED021F4007181602068816821F40051DB
:1039D0008160FDF73DFE054624E00220BDE8F0874A
:1039E00021F4807181602068816821F480518160B8
:1039F000FDF72EFE054604E0FDF72AFE401B484574
:103A000009D82068C068C007F6D00FE0FDF720FE97
:103A1000401B484506D92068476284F81DA02677D8
:103A20000320DBE72068C0688007EFD52068476285
:103A300084F81D8026770020D0E7000010B50068CC
:103A40000B4641680D480140080CD870C1F30424AE
:103A50005C7001F03F049C70C1F34231197052B99F
:103A600007F0D6FDD870587807F0D2FD58709878D6
:103A700007F0CEFD9870002010BD00003FFFFF0052
:103A800010B50B460168896A596001680969C1F37C
:103A90000E019960006801680D480140C1F30540BE
:103AA0001870C1F306245C7001F07F049C70890DCE
:103AB000D97052B907F0ACFD1870587807F0A8FD1E
:103AC0005870987807F0A4FD9870002010BD000091
:103AD0007F7F7F0010B5040002D0607F10B106E048
:103AE000012010BD00202077204600F041F8022080
:103AF00060772068C168C943C90632D5CA214162CE
:103B0000216853204862204607F096FD20BB2068BC
:103B10008168164A1140816020688168626811439B
:103B2000D4E904231A43114381602168E0680861E5
:103B300020680169228941EA02410161204607F0BB
:103B40009EFD48B921680A6C22F480220A6421682B
:103B50000A6CA3691A430A642268FF21516208B102
:103B600010BD00200121617710BD0000BFFF8FFF55
:103B700010B596B0044658216846ECF7B5FF1249D7
:103B8000206888421AD10820009010480068C0F3CD
:103B90000120022814D00E4809906846FFF7B8F9B2
:103BA00008B1FCF729FC0B4901200860002207211D
:103BB0002920FEF7E3FB2920FEF7D2FB16B010BD4B
:103BC0004FF40070E8E70000002800407038024021
:103BD000000318003C0E47422DE9F843644E0346AB
:103BE0004FF4FA4730680C46B0FBF7F079114843C0
:103BF0000090187F012877D04FF0010983F81C90BE
:103C00000220587718680025002A80684FEA406033
:103C10006CD0002800DBE570A178227894F803C00E
:103C200041EA02416278E069120242EA8C52114391
:103C300094F8202041EA026101436069626801430F
:103C4000A069D3F800C00243CA20CCF82400D3F8FE
:103C500000C05320CCF82400606AFF24B0F5807FB8
:103C600018684FF0030C5CD0D0F8088028F4007876
:103C7000C0F808801868D0F80C8008F0800868F454
:103C80002078C0F80C8030684FF47A76B0FBF7F0FB
:103C9000704300901868009E761E009661D0C6683A
:103CA000B607F8D50162186882641868816841F423
:103CB000007181601868816841F4005181602D486D
:103CC000016841F4003101602A480830016841F47C
:103CD000003101601868446283F81D901D77002050
:103CE000BDE8F88300E001E00220F9E7002800DBEE
:103CF000E570207807F095FC0204607807F091FCED
:103D000042EA0022A07807F08CFC0243E07842EA05
:103D1000805294F8200007F084FC42EA0061E069D8
:103D20008AE7866826F4807686601868C66806F09A
:103D3000800666F4C076C6601868009E761E0096FF
:103D40000FD0C668F607F8D0C161186842641868D9
:103D5000816841F4807181601868816841F4805104
:103D6000ACE7446283F81DC01D770320B8E700006C
:103D7000D4740420003C014070B50446007F0B461B
:103D8000012819D00126267702206077B2B19878F1
:103D9000D97840EA014558781978000240EA413064
:103DA00005432168CA2048622168532048622046A2
:103DB00007F042FCD0B122E0022070BD5878C10665
:103DC00003D500F0EF000A305870D87807F029FCCE
:103DD0000204587807F025FC42EA0022987807F0A0
:103DE00020FC0243187842EA4035DAE707480540EC
:103DF00020684560204607F042FC00B966772268DB
:103E0000FF2151620021217770BD00003FFFFF00BC
:103E10002DE9F0410446007F0D46012823D04FF0E4
:103E2000010884F81C8002206077206800278068E1
:103E30004FEA4060D2B1002800DBEF70A878297803
:103E400040EA01466878E978000240EA815006437A
:103E50002168CA204862216853204862204607F042
:103E6000EBFBB8B12CE00220BDE8F081002800DBBC
:103E7000EF70287807F0D5FB0204687807F0D1FBD3
:103E800042EA0022A87807F0CCFB0243E87842EA35
:103E90008056DDE70D48064020680660206881688E
:103EA00021F480218160D5E90310014320688268F4
:103EB00011438160204607F0E2FB08B984F81D80B9
:103EC0002268FF2151622777CEE700007F7F7F00C5
:103ED00070B505460A482968C860FDF7B9FB044675
:103EE0004FF47A7606E0FDF7B3FB001BB04201D930
:103EF000032070BD2868C0688006F4D5002070BD1E
:103F00005F3F01004FF0E020016941F002010161D3
:103F1000704710B5040011D0022084F851002068C9
:103F2000016821F040010160204600F067F80020A0
:103F3000606584F8510084F8500010BD012010BD68
:103F400070B5040009D0606A002540B12561656143
:103F5000A56294F8510040B10CE0012070BD60688A
:103F6000B0F5827FF4D0E561F2E784F85050204646
:103F700000F096F8022084F851002068016821F0D2
:103F800040010160A088218900F4827001F404419D
:103F90000843A18901F400610843217C01F002017A
:103FA0000843217D01F001010843218B01F40071D8
:103FB0000843217F01F03801084394F8201001F0F4
:103FC00080010843218D01F40051084321680860F5
:103FD000A069042101EA104094F8241001F01001B6
:103FE0000843216848602068C16921F40061C1610B
:103FF0006565012084F85100002070BD70B504464D
:1040000000682049204B214A884208D1186820F4D2
:1040100080501860E0211046FDF792F91AE01A4925
:104020001B4E091F1B4DB04206D1086820F480408A
:1040300008604FF444411CE0174EB0420CD10868B0
:1040400020F40040086038212846FDF779F9E06C3B
:10405000FCF7CDFEA06C10E01049884211D1186821
:1040600020F40050186002211046FDF769F94FF462
:1040700000512846FDF764F9E06CBDE87040FCF79C
:10408000B6BE70BD0030014044380240000002401E
:104090000038004000040240003C00400034014071
:1040A0002DE9F04F87B0044614216846ECF71CFD5B
:1040B000C148DFF80083D4F800C0022103220523A1
:1040C0000615042700254FF4804AC44555D1DFF872
:1040D000E8C20CF1140CDCF8008048F48058CCF8ED
:1040E0000080DCF800C00CF4805CCDF814C0D0F87F
:1040F00000C04CF0010CC0F800C000680DF10409CC
:1041000000F001000590A0200090022090469B4600
:1041100089E821096946A948FDF7A8F94FF0400947
:104120000220CDE900900DF1080C01208CE8010976
:104130006946A248FDF79AF9DFF888B2A0495846C7
:10414000CBF80010C0E90356C0E9055A4FF0C06132
:10415000CBF81C50C0E901190BF12009B10189E825
:104160008201C901CBE90B15FCF748FF08B1FCF748
:1041700043F95846C4F848B057E0DFF84C82DFF8FE
:1041800038E2DFF848B20EF1100E4FF48079C445E2
:104190004FD1DEF8008048F48048CEF80080DEF889
:1041A00000C00CF4804CCDF814C0D0F800C04CF026
:1041B000020CC0F800C0006801A900F002000590E0
:1041C0004FF4044000900220904681E82101052030
:1041D000049069465846FDF749F90220CDE900A050
:1041E0000120CDE902080520049069465846FDF7F4
:1041F0003DF9DFF8E08176494046C0E90015C8F88E
:104200000850C8F818A0C914C8F80C50C0E90461D7
:10421000C0E909758901C8F82C50C8E90791C8F8A8
:104220003050BDE0FCF7E8F8BFE0846307B0BDE8BC
:10423000F08FDFF8A481C44555D1DEF800C04CF4FE
:10424000004CCEF800C0DEF8003003F400430593C4
:10425000036843F002030360006800F00200059069
:1042600038208DE823000620CDE903206946584612
:10427000FDF7FCF8DFF86481554940461839C0E97C
:104280000015C8F80850C0E90356C8F81450C8F81B
:104290001850C8F81C50C0E90857C8F82850C8F88A
:1042A0002C50C8F83050FCF7A9FE08B1FCF7A4F870
:1042B00047484B4EC4F84C806030C8F83840C6E9D7
:1042C00000054020C6E9020535617561C6E9065959
:1042D000356230467562FCF791FE08B1FCF78CF848
:1042E000A664B463A2E7DFF8FC80C4459ED1DFF882
:1042F000C8C00CF1140CDCF8008048F40058CCF86D
:104300000080DCF800C00CF4005CCDF814C0D0F8DC
:1043100000C04CF0010CC0F800C0D0F800C00CF098
:10432000010CCDF814C0D0F800C04CF0020CC0F85D
:1043300000C00068009100F002000590CDE9011571
:104340000320CDE90303884669461C48FDF78EF833
:104350004FF40050CDE900080320CDE902500620BB
:10436000049069465846FDF781F81549DFF87880D2
:1043700048394046C8F80010C905C0E90115C8F819
:1043800018A00914C8F80C50C0E90461C0E9097507
:104390004FF44031C8F82C50C8E90791C8F83050A4
:1043A000FCF72CFE00287FF43DAF4046C4F84C805B
:1043B0003BE700000030014030380240000002407E
:1043C0005864024010FA0420003800400004024003
:1043D00058600240505C0420003C0040A4AA002029
:1043E000587504200034014070FA04202DE9F84F7C
:1043F0001D4617468A460446FDF72AF9064694F8F4
:104400005100012826D1BAF1000F77D0002F75D0C6
:1044100094F8500001281DD04FF0010984F8509005
:10442000032084F851004FF00008C4F85480C4F809
:1044300030A0A786E786C4F83880A4F83C80A4F8AA
:104440003E80C4F84480C4F84080A068B0F5004FB6
:1044500003D00CE00220BDE8F88F2068016821F04D
:10446000400101602068016841F4804101602068DA
:104470000168490603D4016841F040010160E06829
:10448000B0F5006F606803D028B3012F23D03FE060
:1044900008B1012F1BD1206B21680088C86006E09D
:1044A00020688168890709D5216B0988C160206B64
:1044B000801C2063E08E401EE08608E0FDF7C8F80F
:1044C000801BA84202D3681C01D02FE075B3E08E98
:1044D0000028E5D11FE0206B21680078087306E012
:1044E0002068816889070AD5216B09780173206BE0
:1044F000401C2063E08E401EE08609E027E0FDF7C7
:10450000A7F8801BA84202D3681C01D00EE06DB151
:10451000E08E0028E4D132462946204607F0C8FF45
:1045200008B120206065A06830B109E084F851909E
:1045300084F8508003208EE72068C168806800906E
:1045400084F8519084F85080606D002883D0012059
:1045500081E710B5401EB0F1807F01D3012010BD6E
:104560004FF0E02460610F2160170AF04FFF002038
:10457000A06107202061002010BD7047704710B572
:1045800090F83C20012A22D0012280F83C20CA6801
:104590008C6822F4407222434C6822F480622243E9
:1045A0000C6822F4006222430C6922F480522243F8
:1045B0004C6922F400522243C969002322F480424C
:1045C0000A4301684A6480F83C30002010BD022094
:1045D00010BD000070B590F83C20012A32D00125B2
:1045E00080F83C50022280F83D20026853689468AD
:1045F00023F070060B6833435360134B02689A42F2
:1046000014D0B2F1804F11D0104B9A420ED0104B03
:104610009A420BD00F4B9A4208D00F4B9A4205D0CA
:104620000E4B9A4202D00E4B9A4204D1496824F0B4
:1046300080031943916080F83D50002180F83C10C0
:10464000084670BD022070BD00000140000400401B
:1046500000080040000C0040000401400040014000
:104660000018004010B50446022084F83D00206880
:10467000016A41F21112114207D1016A92101142EE
:1046800003D1016821F001010160204600F046F8E5
:10469000002084F8460084F83E0084F83F0084F847
:1046A000400084F8410084F8420084F8430084F814
:1046B000440084F8450084F83D0084F83C0010BDB7
:1046C00010B5040003D094F83D0010B107E00120BC
:1046D00010BD002084F83C00204600F06FF8022056
:1046E00084F83D00211D206808F0F8FD012084F8C1
:1046F000460084F83E0084F83F0084F8400084F8C7
:10470000410084F8420084F8430084F8440084F8AF
:10471000450084F83D00002010BD000010B504469F
:104720000068204A2049904203D1086820F0010027
:1047300021E01D4A121FB0F1804F07D01B4B984259
:1047400013D1106820F00400106015E0106820F00C
:1047500001001060206AFCF74AFBE06AFCF747FBA7
:10476000BDE810401C20FDF7EABD114B984208D16E
:10477000086820F002000860206ABDE81040FCF7DD
:1047800036BB0C4B984204D1086820F48030086096
:1047900010BD09498842FBD1106820F48070106078
:1047A00010BD0000000001404438024000080040F5
:1047B0000004014000400140002000402DE9F84F76
:1047C000704F04463915DFF8B8C1056800204A006B
:1047D0008B1004264FF400594FF4803A4FF0010B30
:1047E00065451CD13D6845F001053D603D68664F5B
:1047F00005F001050095654D05F10C082F604FF09F
:104800004067C5E901706E6288E80702C5E90AB031
:104810002863284629E02562AC63BDE8F88FDFF8FD
:1048200064C1B5F1804FACF1040C27D0DFF8608192
:10483000454552D1DCF8005045F00405CCF8005055
:10484000DCF80050534F05F004050095524D2F60E1
:104850004FF08067C5E9017005F10C076E6287E8CB
:104860000702C5E90AB028632846C5E9073AFCF7FC
:10487000C5FB0028CFD0FBF7BFFDCCE7DCF800502C
:1048800045F00105CCF80050DCF80050414F05F030
:1048900001050095414D783F80C54FF0C06780C548
:1048A000402780C507C5390265E806134FF440313B
:1048B0002962C5E90960E86228633848FCF79EFB75
:1048C00008B1FBF799FD2562E562012202211C2057
:1048D000AC63FDF753FD1C204DE0DFF8C480454577
:1048E00022D13D6845F002053D603D68264F05F048
:1048F000020500952B4D603F05F10C082F604FF02D
:104900006067C5E901706E6288E80702C5E90AB010
:104910002863C5E9073A2846FCF770FB08B1FBF7A6
:104920006BFD2562AC6320E01F4885420ED13868DC
:1049300040F4803038603868002200F48030009005
:1049400011461820FDF71AFD182014E0174885427B
:104950007FF463AFDCF8000040F48070CCF8000016
:10496000DCF8000000F480700090002207212D2068
:10497000FDF704FD2D20BDE8F84FFDF7F1BC000068
:10498000000001404438024088640240B05C0420CA
:1049900000080040A0600240B875042004AB00206D
:1049A00000040140D0FA04200040014000200040F3
:1049B00090F83D10012901D001207047022180F8B4
:1049C0003D1000681149884214D0B0F1804F11D0D9
:1049D0000F4988420ED00F4988420BD00E498842B9
:1049E00008D00E49884205D00D49884202D00D49B1
:1049F000884204D1816801F00701062903D00168CB
:104A000041F00101016000207047000000000140FA
:104A10000004004000080040000C00400004014079
:104A2000004001400018004090F83D10012901D0DD
:104A300001207047022180F83D100168CA6842F0E9
:104A40000102CA6000681149884214D0B0F1804F59
:104A500011D00F4988420ED00E4988420BD00E4922
:104A6000884208D00D49884205D00D49884202D0BD
:104A70000C49884204D1816801F00701062903D05E
:104A8000016841F001010160002070470000014011
:104A90000004004000080040000C004000040140F9
:104AA000004001400018004001680A6A41F21113F9
:104AB0001A4207D10A6A9B101A4203D10A6822F0EF
:104AC00001020A60012180F83D1000207047016852
:104AD000CA6822F00102CA6001680A6A41F2111331
:104AE0001A4207D10A6A9B101A4203D10A6822F0BF
:104AF00001020A60012180F83D100020704770B566
:104B0000044690F83C000025012817D0012684F8BF
:104B10003C60022084F83D002068826822F0770221
:104B200022F47F4282600868502838D00DDC2028AB
:104B30004FD005DC90B3102811D14AE0022070BD9F
:104B4000302846D040280AD13BE060282FD070287A
:104B50000DD0B0F5805F03D0B0F5005F12D0012515
:104B600084F83D60002084F83C00284670BDCB6886
:104B7000D1E90121206808F026FC2068816841F015
:104B8000770109E0CB68D1E90121206808F01BFC1E
:104B90002068816841F480418160E1E719E0CA68DA
:104BA0004968206808F02AFD5021206806E0CA689C
:104BB0004968206808F033FD6021206808F00DFC8A
:104BC000CEE7CA684968206808F018FD40212068CF
:104BD000F4E7226801461046F0E770472DE9F041FE
:104BE00004460068C66805694FF00007A90713D599
:104BF000B10711D5F91E0161012020772068806975
:104C00008007204602D0FFF7E8FF04E000F0CFF86D
:104C1000204600F08FF92777680716D5700714D55E
:104C200021686FF004000861022020772068806905
:104C300010F4407F204602D0FFF7CFFF04E000F0E1
:104C4000B6F8204600F076F92777280715D5300703
:104C500013D521686FF008000861042020772068D0
:104C6000C0698007204602D0FFF7B7FF04E000F0DC
:104C70009EF8204600F05EF92777E80616D5F00684
:104C800014D521686FF01000086108202077206893
:104C9000C06910F4407F204602D0FFF79EFF04E079
:104CA00000F085F8204600F045F92777E80708D09E
:104CB000F00706D021686FF001000861204600F07F
:104CC000E1F9280608D5300606D521686FF0800086
:104CD00008612046FFF751FC680608D5700606D526
:104CE00021686FF040000861204600F0F5F9A80641
:104CF0000AD5B00608D521686FF02000086120466B
:104D0000BDE8F041FFF73ABCBDE8F08110B586B0D0
:104D1000044614216846EBF7E7FE2068B0F1804FA7
:104D200015D10C480021026842F0010202600068BF
:104D300000F001000590082000900220CDE901015B
:104D40000120CDE9031069460348FCF78FFB06B04C
:104D500010BD0000303802400000024070B504462B
:104D600090F83C00002501280FD0012084F83C0079
:104D70006AB1042A0FD0082A11D00C2A13D00125B9
:104D8000002084F83C00284670BD022070BD2068D9
:104D900008F02CFBF4E7206808F058FBF0E72068E7
:104DA00008F08AFBECE7206808F0BAFBE8E77047F8
:104DB00010B5040003D094F83D0010B107E00120C5
:104DC00010BD002084F83C00204600F01EF80220B0
:104DD00084F83D00211D206808F080FA012084F845
:104DE000460084F83E0084F83F0084F8400084F8D0
:104DF000410084F8420084F8430084F8440084F8B9
:104E0000450084F83D00002010BD704770B5044691
:104E100090F83C0000260D4601280FD0012084F8B0
:104E20003C006AB1042A1DD0082A2FD00C2A3FD09A
:104E30000126002084F83C00304670BD022070BD81
:104E4000206808F0D3FA2068816941F00801816187
:104E50002068816921F004018161206881692A69E3
:104E6000114311E0206808F0F1FA2068816941F4EB
:104E7000006181612068816921F48061816120681D
:104E800081692A6941EA02218161D2E7206808F03C
:104E900013FB2068C16941F00801C1612068C16944
:104EA00021F00401C1612068C1692A69114311E040
:104EB000206808F035FB2068C16941F40061C161D8
:104EC0002068C16921F48061C1612068C1692A69D3
:104ED00041EA0221C161ACE710B5040003D094F8A7
:104EE0003D0010B107E0012010BD002084F83C0017
:104EF000204600F01EF8022084F83D00211D2068A5
:104F000008F0ECF9012084F8460084F83E0084F8AB
:104F10003F0084F8400084F8410084F8420084F89F
:104F2000430084F8440084F8450084F83D000020E4
:104F300010BD70477047000010B5044649B1042900
:104F40000AD008290BD094F8410001280AD001208A
:104F500010BD94F83E00F8E794F83F00F5E794F8A8
:104F60004000F2E70220B1B3042938D0082939D033
:104F700084F841000122206808F018FA1B492068D3
:104F80001B4A884201D0904203D1436C43F4004352
:104F900043642068884213D0B0F1804F10D0154987
:104FA00088420DD0144988420AD01449884207D05B
:104FB000904205D01249884202D01249884204D159
:104FC000816801F00701062903D0016841F0010161
:104FD0000160002010BDFFE784F83E00CAE784F8B6
:104FE0003F00C7E784F84000C4E70000000001402C
:104FF000000401400004004000080040000C004094
:10500000004001400018004030B504460D460068DD
:10501000002208F0CBF9194941F2111220689310CF
:10502000884202D01649884209D1016A114206D14C
:10503000016A194203D1416C21F4004141642068A6
:10504000016A114206D1016A194203D1016821F0B7
:105050000101016001203DB1042D08D0082D09D0C7
:1050600084F84100002030BD84F83E00FAE784F85F
:105070003F00F7E784F84000F4E70000000001403B
:1050800000040140704770B5044690F83C000128C8
:1050900010D0012584F83C50022084F83D002046C1
:1050A00008F066FA002138B184F83D5084F83C10CD
:1050B000012070BD022070BD2068C26822F040024D
:1050C000C2602068C26822F48042C26084F83D5009
:1050D00084F83C10002070BD704710B5044600688D
:1050E000406994F84110C0F3C010212911D180B15A
:1050F0002068143050E8001F21F0800140E80012C1
:10510000002AF5D1A06B08B1FBF716FE204608F087
:10511000DCFA2068406994F84210C0F3801022291C
:1051200011D180B12068143050E8001F21F04001F7
:1051300040E80012002AF5D1E06B08B1FBF7FCFD56
:10514000204608F09BFA002010BD10B5040015D0D1
:10515000242084F841002068C16821F40051C16016
:10516000204600F03FF80020606484F8410084F895
:10517000420044F8300F6060207410BD012010BD63
:1051800070B5040004D094F84100002510B106E089
:10519000012070BD84F84050204600F085F824209E
:1051A00084F841002068C16821F40051C1602046A4
:1051B00008F09AFA2068016921F4904101612068A1
:1051C000416921F02A0141612068C16841F4005120
:1051D000C1606564202084F8410084F84200656362
:1051E000002070BD2DE9F04704462A4D0068284F85
:1051F000DFF8A4902E1D4FF48058B8420CD12868D7
:1052000020F40020286041464846FCF799F8A06B3E
:10521000FBF7EDFD342011E02049884210D13068C1
:1052200020F010003060C0211D48FCF789F8E06BC9
:10523000FBF7DDFDA06BFBF7DAFD2520FDF77FF81E
:105240002068B8420FD1286820F400202860414629
:105250004846FCF775F8E06BFBF7C9FDA06BFBF760
:10526000C6FD34200EE00F4988420FD1306820F08F
:1052700020003060C9144846FCF762F8A06BFBF7C9
:10528000B6FD4720BDE8F047FDF759B8BDE8F08707
:10529000004C004040380240000002400010014035
:1052A00000040240001401402DE9F04F87B004468D
:1052B00014216846EBF718FC9A4920689A4E00259D
:1052C0000F154FF0120B4FF0010A4FF040084FF04E
:1052D0000069884239D194481030016841F40021B6
:1052E0000160006800F400200590306840F0010083
:1052F00030603068694600F001000590B014CDE9D7
:10530000000B0320CDE902A00B2004908748FCF796
:10531000ADF888488649C0F80880C0E90357456160
:105320008561C56105624562C0E90019FBF766FE4B
:1053300008B1FBF761F87F48A0630122846305216F
:105340003420FDF71BF8342050E07B4988424FD1D0
:1053500075481430016841F010010160006800F0E8
:1053600010000590306840F002003060306801A9FC
:1053700000F002000590C0200090022081E8210486
:105380000720049069466D48FCF770F86D486C4939
:105390000160C0E90195C0E9035745618561C561B8
:1053A00005624562FBF72AFE08B1FBF725F8654860
:1053B000E0636349846364487831C0F80880C0E9D9
:1053C000035745618561C56105624562C0E9001901
:1053D000FBF714FE08B1FBF70FF85B48A06300224F
:1053E000846303212520FCF7C9FF2520FCF7B8FFC3
:1053F0004C492068884251D14B4800251030016843
:1054000041F400210160006800F40020059030683C
:1054100040F0010030603068694600F001000590FE
:105420004FF48050CDE9000B0320CDE902A00B2002
:1054300004903E48FCF71AF83D48444E303830603E
:10544000C6E90195C6E903577561B561F561356235
:1054500030467562FBF7D2FD08B1FAF7CDFF354D46
:10546000E663B4633248C5F80880C5E90009002046
:10547000C5E903076861A861E86128626862284697
:10548000FBF7BCFD08B1FAF7B7FFA56301220521C0
:105490003420AC63FCF772FF34203DE02C49884295
:1054A0003CD121481430016841F0200101600068BE
:1054B00000F020000590306840F001003060306856
:1054C000694600F0010005904FF400600090CDE9BE
:1054D00001B50820CDE903501448FBF7C7FF184871
:1054E0001C4E60303060C6E903577561B561F561E7
:1054F00035624FF020607562C6E901083046FBF75F
:105500007DFD08B1FAF778FFA66300220521472048
:10551000B463FCF733FF4720FCF722FF07B0BDE878
:10552000F08F0000004C0040303802400000024084
:1055300070600240105D0420001001400004024031
:105540004064024064AB002018760420705D0420A3
:105550000014014030FB04202DE9F043244C40228C
:1055600093002060224E083E3160351F286840F0CD
:1055700001002860BFF34F8F4FF0FF39286810F00B
:10558000010F19D01B4F786840F002007860BFF31C
:105590004F8FDFF85CC0ACF1640CDCF800003268BF
:1055A00000F0746428685FEA841800F0010017D4E2
:1055B0008A4211D2C8B90BE000BF521EDED2286861
:1055C00020F001002860BFF34F8F4846BDE8F0830C
:1055D00032B9200109D403E010B100BF5B1EDCD258
:1055E000786820F002007860E9E70020EEE700002C
:1055F000646402400030014070B50C480068C00788
:1056000005D00A485838006810F040700CD0EFF30D
:10561000108472B600F036F8050002D03B2009F085
:10562000DBFE04B962B6284670BD00005864024033
:105630002DE9F041114F0424104EDFF844804FF063
:105640007465083F3560BFF34F8F3B2009F0C4FEFF
:10565000BFF34F8FBFF36F8F386810F0746F07D1AF
:10566000D8F8000210F0006000D00120002803D01C
:10567000641EE7D24FF0FF30BDE8F08108640240BD
:1056800004E000E070B5204800681F4900F0746035
:105690005C3109681C4A583212681C4C02F0010245
:1056A000E378194D4FF074660835022B06D110F0DF
:1056B000407F03D1030101D501B932B1E478002361
:1056C000022C0DD0E8B12E601BE01148416821F09A
:1056D000020141602E60BFF35F8F0120E07070BD5A
:1056E00010F0407F04D102B911B9040104D519B1F9
:1056F00000F01AF8034604E0400102D54FF0806044
:105700002860184670BD0000006402401456042052
:105710000030014003480021C170816081808170A8
:1057200070470000145604202DE9F0473248002449
:10573000304A4168254621F0020141602F4E306811
:1057400020F00100306000E000BF3068C00701D0E9
:10575000521EF9D230682A4FC0074FF000094FF0AF
:10576000FF3A04D0504687F80390BDE8F0872348FD
:10577000001D0068DFF8848008F1140890B1B98832
:1057800088420FD8BA686AB1336813F4F04F09D170
:10579000D8F800305B0705D4BB78022B02D2091A77
:1057A0008C1885B214B1FFF743FF28B1FFF740FF13
:1057B00087F803905046D8E7306820F00800306042
:1057C000306840F016003060D8F8001021F08001F9
:1057D000C8F80010BC60BD80B878401CB8700220CA
:1057E000F870002229462046FFF7B6FE0028DFD1D8
:1057F000BBE70000A0860100003001405864024071
:105800001456042070B5274D0022EA70264942F252
:105810001070264C00E000BFA3689B0701D4401E17
:10582000F9D2606820F002006060214B186820F017
:105830000100186000E000BF1868C00701D0491ED1
:10584000F9D218684FF0FF36C00701D0304670BD5E
:10585000206820F040002060206840F04000206078
:10586000186820F008001860186840F016001860EA
:105870000F481430016821F0800101600C48001DC0
:105880000260AA60AA80AA70FFF7D2FE0028DDD1CC
:10589000606820F002006060BFF35F8F0120E87055
:1058A000002070BD14560420A08601000030014085
:1058B0005864024030B528B121B1154AD378012B84
:1058C0000BD102E04FF0FF3030BD124B1C68E407F3
:1058D00003D1114C6568AD0702D56FF0010030BDF2
:1058E00090609180002595700225D570BFF35F8F81
:1058F000084A0C3210600748001D0160186840F02B
:1059000001001860606840F002006060002030BD57
:1059100014560420586402400030014010B519A00C
:10592000A4B0D0E90010CDE9201018A0194CD0E99E
:105930000010CDE922100020E060694620A80CF09C
:1059400061FA18B14FF0FF3024B010BD9DF80D0082
:10595000800702D46FF00100F6E710A922A80CF02E
:1059600051FA10B16FF00200EEE79DF8500000F020
:105970000F00012802D06FF00300E5E70120E0608E
:105980000020E1E74600FFFFF10100004680FFFF35
:10599000F1010000145604202DE9F04F8BB0814630
:1059A000FBF756FE81494FF0000A0446C1F80CA0EF
:1059B0004D464FF4827BC5E901BAC9F80CA04FF4FB
:1059C0000071C9F810A0C5E905A13821C5E9071A79
:1059D000C9F824A00A20C9E90AA04846FEF7B0FA8F
:1059E00018B101200BB0BDE8F08F2868016841F0C4
:1059F00040010160DFF8B881D8F8180040F00400D9
:105A0000C8F818006B4B002242F210761868FF2588
:105A1000400603D4186840F040001860304600E0AB
:105A200000BF9968890701D4401EF9D29868C00761
:105A30000AD0D8688DF820009868C00702D0D868CE
:105A40008DF820009DF820001D73314600E000BF56
:105A50009868C00701D1491EF9D29868C00700D0E4
:105A6000D868521C102AD1DB53A00025D0E90010C1
:105A7000CDE9001041F27077D8F8180040F480208A
:105A8000C8F818000A20FBF79FFB684600F0E0FF0B
:105A90006D1C0646642D04DAFBF7DAFD001BB842E4
:105AA00002D30CF0F3FA9CE7012EE5D144A00025C7
:105AB000D0E90010CDE902104FF47A760EE0B5423D
:105AC00004DAFBF7C5FD001BB84203D30CF0DEFA85
:105AD000022087E70120FBF777FB6D1C02A801F08D
:105AE00087FA0128EBD138A00025D0E90010CDE9D4
:105AF00004100EE0B54204DAFBF7AAFD001BB84221
:105B000003D30CF0C3FA03206CE70120FBF75CFB26
:105B10006D1C04A800F0C2FC0028EBD12CA00025CD
:105B2000D0E90010CDE906100EE0B54204DAFBF72B
:105B30008FFD001BB84203D30CF0A8FA042051E7F4
:105B40000120FBF741FB6D1C09A906A801F0F8F83C
:105B50000028EAD1FBF77CFD001BB84202D2FFF718
:105B6000DDFE18B10CF092FA05203BE74C464FF4ED
:105B70000071C4E901BAC9F80CA0C9F810A0C4E9C1
:105B800005A1C9F81CA0C9F820A0C9F824A00A20C2
:105B9000C9E90AA04846FEF7D3F920B92068016890
:105BA00041F04001016000201CE700001456042071
:105BB000000002400030014040000000009500005D
:105BC00048000001AA8700006940000000E50000CD
:105BD0007A000000000100000EB5002102910CA126
:105BE000B0F5800FD1E90021CDE9002100D90A48A4
:105BF0008DF80400010E8DF80110010C8DF80210D3
:105C0000010A8DF80310684600F048FC02900EBDB2
:105C10005700000000010000FFFF3F00FEB5FF2419
:105C20008DF8004042F210731D464B4E2DE0316856
:105C3000FF27490603D4316841F04001316019461D
:105C400000E000BFB268920701D4491EF9D2B168E2
:105C5000C9070AD0F1688DF80410B168C90702D0ED
:105C6000F1688DF804109DF8041037731A4600E0AF
:105C700000BFB168C90701D1521EF9D2B168C90786
:105C800001D0F168C9B28DF800109DF80010FE290E
:105C900001D06D1ECBD29DF80010FE2902D06FF00E
:105CA0000100FEBD31684FF40077490603D4316826
:105CB00041F04001316000211A4600E000BFB568A4
:105CC000AD0705D4521EF9D202E0F2688DF800202B
:105CD000B268D207F9D134731A4600E000BFB56844
:105CE000ED0701D1521EF9D2B268D20704D0F26892
:105CF0004254491CB942DFDB18A002AF0068029091
:105D000030680225400603D4306840F0400030601F
:105D10000020194600E000BFB268920705D4491E72
:105D2000F9D202E0F1688DF80010B168C907F9D125
:105D30003473194600E000BFB268D20701D1491E92
:105D4000F9D2B168C90704D0F1683954401CA8429F
:105D5000DFDB0020FEBD000000300140FFFF00003F
:105D6000F0B587B04924FF228DF80020FE4A9369E0
:105D700043F480239361FD4D2A68520603D42A68B8
:105D800042F040022A6042F21076334600E000BF43
:105D9000AA68920701D45B1EF9D2AA68D2070AD07A
:105DA000EA688DF81420AA68D20702D0EA688DF854
:105DB00014209DF814202C73334600E000BFAA681D
:105DC000D20701D15B1EF9D2AA68D20700D0EA68D7
:105DD0002A680024520603D42A6842F040022A604E
:105DE000374600E000BFAA68920701D47F1EF9D2AF
:105DF000AA68D2070AD0EA688DF81420AA68D207E8
:105E000002D0EA688DF814209DF814202C733246D5
:105E100000E000BFAB68DB0701D1521EF9D2AA68CF
:105E2000D20700D0EA682A68520603D42A6842F0F2
:105E300040022A60334600E000BFAA68920701D4FE
:105E40005B1EF9D2AA68D2070AD0EA688DF814203E
:105E5000AA68D20702D0EA688DF814209DF81420B1
:105E60002C73374600E000BFAA68D20701D17F1E1D
:105E7000F9D2AA68D20700D0EA682A68520603D489
:105E80002A6842F040022A60334600E000BFAA6858
:105E9000920701D45B1EF9D2AA68D2070AD0EA6839
:105EA0008DF81420AA68D20702D0EA688DF8142071
:105EB0009DF814202C73324600E000BFAB68DB076E
:105EC00001D1521EF9D2AA68D20700D0EA682A6826
:105ED000520603D42A6842F040022A60334600E0AA
:105EE00000BFAA68920701D45B1EF9D2AA68D20744
:105EF0000AD0EA688DF81420AA68D20702D0EA68AE
:105F00008DF814209DF814202C73374600E000BF54
:105F1000AA68D20701D17F1EF9D2AA68D20700D0A1
:105F2000EA682B68FF225B0603D42B6843F040032A
:105F30002B60334600E000BFAC68A40701D45B1EB1
:105F4000F9D2AB68DB070AD0EB688DF81430AB6888
:105F5000DB0702D0EB688DF814309DF814302A73FB
:105F6000324600E000BFAB68DB0701D1521EF9D218
:105F7000AA68D20700D0EA68374634464FF0000CD2
:105F80002DE02A68FF26520603D42A6842F0400218
:105F90002A603A4600E000BFAB689B0701D4521E5E
:105FA000F9D2AA68D2070AD0EA688DF81420AA6844
:105FB000D20702D0EA688DF814209DF814202E73C1
:105FC0003A4600E000BFAB68DB0701D1521EF9D2B0
:105FD000AA68D20708D0EA68D2B28DF800209DF8EE
:105FE0000020FF2A02D003E06246F6E7641EC8D212
:105FF0009DF80020FF2A06D09DF8002032B14FF016
:10600000FF3007B0F0BD6FF00100FAE73C462DE02D
:106010002A68FF26520603D42A6842F040022A600A
:106020003A4600E000BFAB689B0701D4521EF9D28C
:10603000AA68D2070AD0EA688DF81420AA68D207A5
:1060400002D0EA688DF814209DF814202E733A4689
:1060500000E000BFAB68DB0701D1521EF9D2AA688D
:10606000D20710D0EA68D2B28DF800209DF8002047
:10607000FE2A01D0641ECBD29DF80020FE2A04D057
:106080006FF00200BDE76246EEE700222B68FF26B4
:106090005B0603D42B6843F040032B603B4600E0D3
:1060A00000BFAC68A40701D45B1EF9D2AB68DB0764
:1060B0000AD0EB688DF80030AB68DB0702D0EB68E4
:1060C0008DF800309DF800302E733C463B4600E0D2
:1060D00000BFAE68F60701D15B1EF9D2AB68DB07E3
:1060E00011D0EB68DBB201AEB354521C102ACDDBE9
:1060F00000262A68FF27520603D42A6842F040028D
:106100002A60234602E06346EDE700BFAA689207D3
:1061100001D45B1EF9D2AA68D2070AD0EA688DF8CA
:106120000020AA68D20702D0EA688DF800209DF806
:1061300000202F73224600E000BFAB68DB0701D1CF
:10614000521EF9D2AA68D20700D0EA68761C022E45
:10615000CFDB9DF80B209DF80C30120442EA03229D
:106160009DF80D301A4303E000000240003001406A
:10617000920202F58062C1F81021FFF70DFC0020A9
:106180003FE70000FCB50346FF208DF80000C14842
:10619000826942F480228261BF4C51262068400609
:1061A00003D4206840F04000206042F2107215468F
:1061B00000E000BFA068800701D46D1EF9D2A0687E
:1061C000C0070AD0E0688DF80400A068C00702D0BC
:1061D000E0688DF804009DF804002673154600E081
:1061E00000BFA068C00701D16D1EF9D2A068C0072A
:1061F00000D0E06820681D0E400603D4206840F0FF
:1062000040002060104600E000BFA668B60701D439
:10621000401EF9D2A068C0070AD0E0688DF80400DB
:10622000A068C00702D0E0688DF804009DF8040063
:1062300025731046154600E000BFA268D20701D1C1
:106240006D1EF9D2A268D20700D0E2682268C3F3BB
:106250000745520603D4226842F0400222600246FB
:1062600000E000BFA668B60701D4521EF9D2A268AA
:10627000D2070AD0E2688DF80420A268D20702D0C3
:10628000E2688DF804209DF804202573054600E09F
:1062900000BFA268D20701D16D1EF9D2A268D20751
:1062A00000D0E2682568C3F307226D0603D4256891
:1062B00045F040052560064600E000BFA568AD0733
:1062C00001D4401EF9D2A068C0070AD0E0688DF85A
:1062D0000400A068C00702D0E0688DF804009DF8B3
:1062E00004002273324600E000BFA068C00701D15D
:1062F000521EF9D2A068C00700D0E0682268D8B268
:10630000520603D4226842F040022260354600E083
:1063100000BFA268920701D46D1EF9D2A268D2070D
:106320000AD0E2688DF80420A268D20702D0E268A1
:106330008DF804209DF804202073304600E000BF53
:10634000A268D20701D1401EF9D2A068C00700D0D0
:10635000E06822680120520603D4226842F040021D
:106360002260354600E000BFA268920701D46D1E8E
:10637000F9D2A268D2070AD0E2688DF80420A26898
:10638000D20702D0E2688DF804209DF80420207323
:106390003546304600E000BFA268D20701D1401E5A
:1063A000F9D2A068C00700D0E0682E462DE0206832
:1063B000FF27400603D4206840F0400020602A46B2
:1063C00000E000BFA068800701D4521EF9D2A06887
:1063D000C0070AD0E0688DF80400A068C00702D0AA
:1063E000E0688DF804009DF8040027732B4600E058
:1063F00000BFA068C00701D15B1EF9D2A068C0072A
:1064000001D0E068C0B28DF800009DF80000FF28C0
:1064100001D1761ECBD29DF80000FF2805D09DF853
:10642000000028B14FF0FF30FCBD6FF00100FCBD53
:106430000846FFF7F3FB8DF800002068FF224006B6
:1064400003D4206840F040002060284600E000BFF0
:10645000A168890701D4401EF9D2A068C0070AD0FC
:10646000E0688DF80400A068C00702D0E0688DF8ED
:1064700004009DF80400227300E000BFA068C0077C
:1064800001D16D1EF9D2A068C00700D0E0689DF868
:106490000000FCBD0000024000300140FCB5FEA140
:1064A0004FF0FF0CD1E900358DF800C0FC49002207
:1064B0008C6944F480248C61FA4CD9B22668760643
:1064C00003D4266846F04006266042F210773E4626
:1064D00000E000BFD4F808E05FEA8E7E01D4761EAB
:1064E000F7D2A668F6070AD0E6688DF80460A668B9
:1064F000F60702D0E6688DF804609DF80460217309
:10650000394600E000BFA668F60701D1491EF9D25E
:10651000A168C90700D0E1682668C3F307217606A1
:1065200003D4266846F0400626603E4600E000BFE1
:10653000D4F808E05FEA8E7E01D4761EF7D2A66812
:10654000F6070AD0E6688DF80460A668F60702D060
:10655000E6688DF804609DF804602173394600E018
:1065600000BFA668F60701D1491EF9D2A168C90784
:1065700000D0E1682668C3F30741760603D4266895
:1065800046F0400626603E4600E000BFD4F808E032
:106590005FEA8E7E01D4761EF7D2A668F6070AD08F
:1065A000E6688DF80460A668F60702D0E6688DF804
:1065B00004609DF804602173394600E000BFA668BE
:1065C000F60701D1491EF9D2A168C90700D0E168D8
:1065D000190E23685B0603D4236843F0400323604D
:1065E0003B4600E000BFA668B60701D45B1EF9D2A7
:1065F000A368DB070AD0E3688DF80430A368DB07E3
:1066000002D0E3688DF804309DF8043021733E46D3
:1066100000E000BFA168C90701D1761EF9D2A168C8
:10662000C90700D0E1682168EBB2490603D42168AC
:1066300041F040012160394600E000BFA668B6077E
:1066400001D4491EF9D2A168C9070AD0E1688DF8C2
:106650000410A168C90702D0E1688DF804109DF804
:10666000041023733B4600E000BFA168C90701D1B5
:106670005B1EF9D2A168C90700D0E1682168C5F3A3
:106680000723490603D4216841F0400121603E46BA
:10669000394600E000BFA568AD0701D4491EF9D214
:1066A000A168C9070AD0E1688DF80410A168C9077C
:1066B00002D0E1688DF804109DF804102373314670
:1066C00000E000BFA368DB0701D1491EF9D2A16831
:1066D0004FF00007C9072FD0E1682DE02168FF25A2
:1066E000490603D4216841F040012160314600E0B1
:1066F00000BFA3689B0701D4491EF9D2A168C9074E
:106700000AD0E1688DF80410A168C90702D0E168D9
:106710008DF804109DF804102573314600E000BF89
:10672000A368DB0701D1491EF9D2A168C90708D0C7
:10673000E168C9B28DF800109DF80010FF2902D061
:1067400005E03946F6E71146521C1029C6D39DF8DC
:106750000010FF2909D001782268520603D422686C
:1067600042F040022260324603E04FF0FF30FCBDB1
:1067700000BFA3689B0701D4521EF9D2A268D207BA
:106780000AD0E2688DF80420A268D20702D0E2683D
:106790008DF804209DF8042021733246314600E034
:1067A00000BFA368DB0701D1491EF9D2A168C90760
:1067B00000D0E16843782168490603D4216841F09C
:1067C00040012160114600E000BFA568AD0701D47B
:1067D000491EF9D2A168C9070AD0E1688DF80410F2
:1067E000A168C90702D0E1688DF804109DF8041073
:1067F0002373164600E000BFA168C90701D1761EC9
:10680000F9D2A168C90700D0E168837821684906F8
:1068100003D4216841F040012160114600E000BF2F
:10682000A568AD0701D4491EF9D2A168C9070AD0ED
:10683000E1688DF80410A168C90702D0E1688DF8FD
:1068400004109DF804102373114600E000BFA368F4
:10685000DB0701D1491EF9D2A168C90700D0E16860
:10686000C3782168490603D4216841F040012160C2
:10687000114600E000BFA568AD0701D4491EF9D25A
:10688000A168C90714D0E1688DF80410A168C90790
:106890000CD0E16808E00000770000000001000073
:1068A00000000240003001408DF804109DF80410F3
:1068B0002373164600E000BFA168C90701D1761E08
:1068C000F9D2A168C90700D0E168057921684906B5
:1068D00003D4216841F0400121601346114600E0D5
:1068E00000BFA268920701D4491EF9D2A168C90766
:1068F0000AD0E1688DF80410A168C90702D0E168E8
:106900008DF804109DF8041025731A4600E000BFAE
:10691000A168C90701D1521EF9D2A168C90700D0E8
:10692000E16841792068400603D4206840F04000C7
:1069300020601E46184600E000BFA268920701D4FE
:10694000401EF9D2A068C0070AD0E0688DF80400A4
:10695000A068C00702D0E0688DF804009DF804002C
:106960002173314600E000BFA068C00701D1491E75
:10697000F9D2A068C00700D0E0688DF800C00023FD
:106980002DE02068FF22400603D4206840F040003C
:106990002060304600E000BFA168890701D4401E96
:1069A000F9D2A068C0070AD0E0688DF80400A0689A
:1069B000C00702D0E0688DF804009DF8040022733F
:1069C000314600E000BFA068C00701D1491EF9D2DE
:1069D000A068C00708D0E068C0B28DF800009DF83C
:1069E0000000FF2802D005E03846F6E718465B1C99
:1069F0001028C6D32068FF22400603D4206840F048
:106A000040002060304600E000BFA168890701D443
:106A1000401EF9D2A068C0070AD0E0688DF80400D3
:106A2000A068C00702D0E0688DF804009DF804005B
:106A3000227300E000BFA068C00701D1761EF9D222
:106A4000A068C00700D0E0689DF80000FCBD000011
:106A50007CB5FF218DF80010B74900228B6943F403
:106A600080238B61B54C03782168490603D42168E3
:106A700041F04001216042F21076354600E000BF4F
:106A8000A168890701D46D1EF9D2A168C9070AD08F
:106A9000E1688DF80410A168C90702D0E1688DF89B
:106AA00004109DF804102373354600E000BFA16870
:106AB000C90701D16D1EF9D2A168C90700D0E168EC
:106AC000417823685B0603D4236843F040032360C6
:106AD000334600E000BFA568AD0701D45B1EF9D2C4
:106AE000A368DB070AD0E3688DF80430A368DB07EE
:106AF00002D0E3688DF804309DF8043021733546E8
:106B000000E000BFA168C90701D16D1EF9D2A168DC
:106B1000C90700D0E168817823685B0603D4236845
:106B200043F040032360334600E000BFA568AD0793
:106B300001D45B1EF9D2A368DB070AD0E3688DF8A5
:106B40000430A368DB0702D0E3688DF804309DF8B9
:106B500004302173314600E000BFA368DB0701D198
:106B6000491EF9D2A168C90700D0E168C17823683D
:106B70005B0603D4236843F040032360354600E0FE
:106B800000BFA3689B0701D46D1EF9D2A368DB0781
:106B90000AD0E3688DF80430A368DB0702D0E3680D
:106BA0008DF804309DF804302173334600E000BFB7
:106BB000A168C90701D15B1EF9D2A168C90700D03D
:106BC000E168017923685B0603D4236843F040033E
:106BD0002360354600E000BFA3689B0701D46D1E0B
:106BE000F9D2A368DB070AD0E3688DF80430A36804
:106BF000DB0702D0E3688DF804309DF80430217380
:106C0000314600E000BFA368DB0701D1491EF9D27D
:106C1000A168C90700D0E16840792168490603D41A
:106C2000216841F040012160354600E000BFA168C5
:106C3000890701D46D1EF9D2A168C9070AD0E1689D
:106C40008DF80410A168C90702D0E1688DF804101E
:106C50009DF8041020733546334600E000BFA0685D
:106C6000C00701D15B1EF9D2A068C0072FD0E06831
:106C70002DE02068FF26400603D4206840F0400045
:106C80002060284600E000BFA168890701D4401EAB
:106C9000F9D2A068C0070AD0E0688DF80400A068A7
:106CA000C00702D0E0688DF804009DF80400267348
:106CB000294600E000BFA068C00701D1491EF9D2F3
:106CC000A068C00701D0E068C0B28DF800009DF850
:106CD0000000FF2803D11046521C1028C9D3206899
:106CE000FF22400603D4206840F040002060284680
:106CF00000E000BFA168890701D4401EF9D2A06856
:106D0000C0070AD0E0688DF80400A068C00702D070
:106D1000E0688DF804009DF80400227300E000BFD5
:106D2000A068C00701D16D1EF9D2A068C00700D0CD
:106D3000E0689DF800007CBD00000240003001408A
:106D4000FCB5FF228DF80020A74A0024936943F484
:106D500080239361A54E4FF0060C3268520603D48F
:106D6000326842F040023260002242F210773B4625
:106D700000E000BFB568AD0705D45B1EF9D202E0A4
:106D8000F3688DF80430B368DB07F9D1835C3373A3
:106D90003D4600E000BFB368DB0702D16D1E6B1CEF
:106DA000F8D1B368DB0735D0F3688DF80430521C96
:106DB0006245DCDB2EE03068FF22400603D43068F9
:106DC00040F0400030603B4600E000BFB068800704
:106DD00002D45B1E581CF8D1B068C0070AD0F06816
:106DE0008DF80400B068C00702D0F0688DF8040088
:106DF0009DF804003273384600E000BFB268D20745
:106E000001D1401EF9D2B068C00701D0F068C0B20D
:106E10008DF800009DF80000FF2803D12046641C77
:106E20001028C8D39DF80000FF2809D0CA78306820
:106E3000400603D4306840F040003060384603E03C
:106E40004FF0FF30FCBD00BFB3689B0701D4401E6C
:106E5000F9D2B068C0070AD0F0688DF80400B068B5
:106E6000C00702D0F0688DF804009DF8040032736A
:106E70003A46384600E000BFB368DB0701D1401E48
:106E8000F9D2B068C00700D0F068887833685B0634
:106E900003D4336843F040033360174600E000BF7B
:106EA000B3689B0701D47F1EF9D2B368DB070AD011
:106EB000F3688DF80430B368DB0702D0F3688DF80F
:106EC00004309DF804303073104600E000BFB36812
:106ED000DB0701D1401EF9D2B068C00700D0F068CE
:106EE000487833685B0603D4336843F0400333606B
:106EF000174600E000BFB3689B0701D47F1EF9D29C
:106F0000B368DB070AD0F3688DF80430B368DB0799
:106F100002D0F3688DF804309DF8043030731046C9
:106F200000E000BFB368DB0701D1401EF9D2B068B2
:106F3000C00700D0F06808783168490603D431688A
:106F400041F040013160174600E000BFB168890799
:106F500001D47F1EF9D2B168C9070AD0F1688DF853
:106F60000410B168C90702D0F1688DF804109DF8CB
:106F700004103073104600E000BFB168C90701D1AA
:106F8000401EF9D2B068C00700D0F0683068FF2119
:106F9000400603D4306840F040003060104600E006
:106FA00000BFB3689B0701D4401EF9D2B068C00788
:106FB0000AD0F0688DF80400B068C00702D0F0680D
:106FC0008DF804009DF804003173174600E000BFFF
:106FD000B068C00701D17F1EF9D2B068C00700D0E9
:106FE000F0689DF80000FCBD000002400030014048
:106FF000FEB56AA109680291FF218DF80010684969
:1070000000238A6942F480228A61664D0627296836
:10701000490603D4296841F040012960002142F269
:107020001076324600E000BFAC68A40705D4521EBB
:10703000F9D202E0EA688DF80420AA68D207F9D1F3
:10704000425C2A733446324600E000BFD5F808C0DF
:107050005FEACC7C01D1521EF7D2AA68D20734D0A5
:10706000EA688DF80420491CB942DADB2DE0286873
:10707000FF22400603D4286840F0400028602046E4
:1070800000E000BFA968890701D4401EF9D2A868B2
:10709000C0070AD0E8688DF80400A868C00702D0CD
:1070A000E8688DF804009DF804002A73214600E08A
:1070B00000BFA868C00701D1491EF9D2A868C0075F
:1070C00001D0E868C0B28DF800009DF80000FF28EC
:1070D00003D118465B1C1028C9D39DF80000FF2877
:1070E0000BD0286802AE0423400603D4286840F081
:1070F000400028600020224603E04FF0FF30FEBD34
:1071000000BFA968890705D4521EF9D202E0EA68D7
:107110008DF80420A968C907F9D1315C297321468B
:1071200000E000BFAA68D20701D1491EF9D2A968C0
:10713000C90705D0E9688DF80410401C9842DADBD5
:107140002868FF22400603D4286840F040002860E9
:10715000204600E000BFA968890701D4401EF9D28B
:10716000A868C0070AD0E8688DF80400A868C007BE
:1071700002D0E8688DF804009DF804002A7300E04E
:1071800000BFA868C00701D1641EF9D2A868C00773
:1071900000D0E8689DF80000FEBD0000FFFFFFFF83
:1071A0000000024000300140FCB5684A0024147021
:1071B0008DF800406748664B816941F48021816108
:1071C000654DFD202968490603D4296841F0400136
:1071D000296042F210773E4600E000BFA9688907A7
:1071E00001D4761EF9D2A968C9070AD0E9688DF8DA
:1071F0000410A968C90702D0E9688DF804109DF849
:1072000004102873394600E000BFA868C00701D108
:10721000491EF9D2A868C00700D0E8682868FF2195
:10722000400603D4286840F0400028603E463846B7
:1072300000E000BFAF68BF0701D4401EF9D2A868C4
:10724000C0070AD0E8688DF80400A868C00702D01B
:10725000E8688DF804009DF804002973304600E0CA
:1072600000BFA968C90701D1401EF9D2A868C007AC
:1072700000D0E86801279DF80000FF2832D05B1E8F
:1072800030D35470304600E000BFA968890701D4AC
:10729000401EF9D2A868800701D4577020E0FF2073
:1072A0002873304600E000BFA968C90701D1401E1D
:1072B000F9D2A868C00708D0287B8DF80000507864
:1072C0000028D8D06FF00100FCBDA868019057706D
:1072D000400605D5287B8DF804009DF80400A868B9
:1072E0002046EAE79DF80000FF2802D04FF0FF306B
:1072F000FCBD2868FF21400603D4286840F0400008
:107300002860304600E000BFAA68920701D4401E02
:10731000F9D2A868C0070AD0E8688DF80000A8680C
:10732000C00702D0E8688DF800009DF800002973BE
:1073300000E000BFA868C00701D1761EF9D2A86896
:10734000C00700D0E8680020FCBD000014560420EF
:107350008038010000000240003001407CB5C14986
:1073600000250D70FF218DF80010BF498A6942F495
:1073700080228A61BD4C59232168490603D42168C3
:1073800041F04001216042F21076324600E000BF39
:10739000A168890701D4521EF9D2A168C9070AD091
:1073A000E1688DF80410A168C90702D0E1688DF882
:1073B00004109DF804102373334600E000BFA16859
:1073C000C90701D15B1EF9D2A168C90700D0E168E5
:1073D0002168020E490603D4216841F04001216072
:1073E000314600E000BFA3689B0701D4491EF9D2D3
:1073F000A168C9070AD0E1688DF80410A168C9071F
:1074000002D0E1688DF804109DF804102273314613
:1074100000E000BFA268D20701D1491EF9D2A168DD
:10742000C90700D0E1682168C0F30742490603D4C8
:10743000216841F040012160314600E000BFA368AF
:107440009B0701D4491EF9D2A168C9070AD0E16897
:107450008DF80410A168C90702D0E1688DF8041006
:107460009DF804102273334600E000BFA168C907ED
:1074700001D15B1EF9D2A168C90700D0E16822687A
:10748000C0F30721520603D4226842F04002226072
:10749000324600E000BFA3689B0701D4521EF9D218
:1074A000A268D2070AD0E2688DF80420A268D20749
:1074B00002D0E2688DF804209DF804202173314643
:1074C00000E000BFA268D20701D1491EF9D2A1682D
:1074D000C90700D0E1682168C0B2490603D4216819
:1074E00041F040012160334600E000BFA1688907F8
:1074F00001D45B1EF9D2A168C9070AD0E1688DF8F2
:107500000410A168C90702D0E1688DF804109DF845
:1075100004102073334600E000BFA068C00701D10B
:107520005B1EF9D2A068C00700D0E0682168012086
:10753000490603D4216841F040012160314600E052
:1075400000BFA268920701D4491EF9D2A168C907F9
:107550000AD0E1688DF80410A168C90702D0E1687B
:107560008DF804109DF804102073304600E000BF31
:10757000A168C90701D1401EF9D2A068C00700D098
:10758000E068002035E00146401C80B2052902D9A0
:107590006FF001007CBD2168FF23490603D42168F8
:1075A00041F040012160314600E000BFA26892072F
:1075B00001D4491EF9D2A168C9070AD0E1688DF843
:1075C0000410A168C90702D0E1688DF804109DF885
:1075D00004102373324600E000BFA168C90701D13F
:1075E000521EF9D2A168C9070DD0E168C9B28DF861
:1075F00000109DF80010FF29C5D09DF8000020B1B3
:107600004FF0FF307CBD2946F1E72068FF2240069D
:1076100003D4206840F040002060304600E000BF06
:10762000A168890701D4401EF9D2A068C0070AD01A
:10763000E0688DF80400A068C00702D0E0688DF80B
:1076400004009DF80400227300E000BFA068C0079A
:1076500001D1761EF9D2A068C00700D0E0689DF87D
:1076600000007CBD145604200000024000300140A0
:107670002DE9F84304F0EAFE04F0E8FE04F0E6FE2B
:1076800000F01F0000272C4A052803D01770781E31
:10769000BDE8F883DFF8A490D9F8048028484FF4B7
:1076A0007A71284C006842F21075B0FBF1FCFA20A8
:1076B0000CFB00FC012600215770284600E000BFAB
:1076C000A3689B0701D4401EF9D2A068800701D4AB
:1076D00056701BE0FF202073284600E000BFA3681F
:1076E000DB0701D1401EF9D2A068C00703D0207B80
:1076F000FF2811D00AE0A06800905670400605D51A
:10770000207B8DF800009DF80000A068507830B113
:1077100017706FF00200BBE716700020B8E7491C35
:107720004029C9D3D9F80400A0EB08006045C2D3B2
:1077300017706FF00100ABE714560420001000E052
:10774000D4740420003001402DE9FC470646FF2098
:107750000C468DF800000AF099FCDFF80884D8F890
:10776000180040F48020C8F81800FF4F58213868EE
:10777000400603D4386840F04000386042F210738D
:10778000184600E000BFBA68920701D4401EF9D243
:10779000B868C0070AD0F8688DF80400B868C00758
:1077A00002D0F8688DF804009DF80400397319467A
:1077B00000E000BFB868C00701D1491EF9D2B8681F
:1077C000C00700D0F8683968300E490603D439681C
:1077D00041F0400139601A4600E000BFB9688907EE
:1077E00001D4521EF9D2B968C9070AD0F9688DF8D8
:1077F0000410B968C90702D0F9688DF804109DF823
:10780000041038731D4600E000BFB868C00701D1FE
:107810006D1EF9D2B868C00700D0F8683968C6F3A1
:107820000740490603D4396841F0400139601A46DF
:1078300000E000BFB968890701D4521EF9D2B968C7
:10784000C9070AD0F9688DF80410B968C90702D0D1
:10785000F9688DF804109DF8041038731A4618461C
:1078600000E000BFB968C90701D1401EF9D2B8686D
:10787000C00700D0F8683868C6F30721400603D473
:10788000386840F040003860104600E000BFBB6838
:107890009B0701D4401EF9D2B868C0070AD0F86827
:1078A0008DF80400B868C00702D0F8688DF80400AD
:1078B0009DF804003973114600E000BFB868C007A6
:1078C00001D1491EF9D2B868C00700D0F8683968FC
:1078D000F0B2490603D4396841F0400139601546D9
:1078E00000E000BFB968890701D46D1EF9D2B968FC
:1078F000C9070AD0F9688DF80410B968C90702D021
:10790000F9688DF804109DF804103873114600E0F2
:1079100000BFB868C00701D1491EF9D2B868C007D6
:1079200000D0F86838680121400603D4386840F078
:1079300040003860104600E000BFBB689B0701D4E0
:10794000401EF9D2B868C0070AD0F8688DF8040064
:10795000B868C00702D0F8688DF804009DF80400EC
:107960003973104600E000BFB968C90701D1401E55
:10797000F9D2B868C00700D0F8681546134600264B
:107980002FE038684FF0FF0C400603D4386840F011
:1079900040003860284600E000BFBA68920701D472
:1079A000401EF9D2B868C0070AD0F8688DF8040004
:1079B000B868C00702D0F8688DF804009DF804008C
:1079C00087F80CC0284600E000BFB968C90701D19C
:1079D000401EF9D2B868C00708D0F868C0B28DF868
:1079E00000009DF80000FF2802D003E03046F6E7D3
:1079F0005B1EC6D29DF80000FF2806D09DF800004F
:107A00004FF0FF39002870D105E00AF03FFB6FF01E
:107A10000100BDE8FC873868FF21400603D43868C0
:107A200040F0400038602A46284600E000BFBB68AE
:107A30009B0701D4401EF9D2B868C0070AD0F86885
:107A40008DF80400B868C00702D0F8688DF804000B
:107A50009DF804003973154600E000BFB868C00700
:107A600001D16D1EF9D2B868C00700D0F868D8F807
:107A7000180040F48020C8F818003968FE20490634
:107A800003D4396841F040013960114600E000BF7D
:107A9000BB689B0701D4491EF9D2B968C9070AD04F
:107AA000F9688DF80410B968C90702D0F9688DF833
:107AB00004109DF8041038731546104600E000BF0E
:107AC000B968C90701D1401EF9D2B868C00700D013
:107AD000F86838684FF4007C400603D4386840F0FA
:107AE0004000386000202A4601E0B0E000BFB968DD
:107AF000890705D4521EF9D202E0F9688DF8041006
:107B0000B968C907F9D1215C3973294600E000BF83
:107B1000BA68D20701D1491EF9D2B968C90705D0A0
:107B2000F9688DF80410401C6045DCDB3868FF21E3
:107B3000400603D4386840F040003860284600E032
:107B400000BFBA68920701D4401EF9D2B868C007D6
:107B500010D0F8688DF80400B868C00708D0F8683D
:107B600004E0000000000240003001408DF80400F5
:107B70009DF8040039732946284600E000BFBA6822
:107B8000D20701D1401EF9D2B868C00700D0F8680A
:107B90003A68FF20520603D43A6842F040023A6045
:107BA0000D4600E000BFBA68920701D46D1EF9D2FD
:107BB000BA68D2070AD0FA688DF80420BA68D207EA
:107BC00002D0FA688DF804209DF804203873084626
:107BD00000E000BFBA68D20701D1401EF9D2B868F0
:107BE000C00700D0F8683868FF22400603D4386820
:107BF00040F040003860084600E000BFBB689B07CB
:107C000001D4401EF9D2B868C0070AD0F8688DF8D0
:107C10000400B868C00702D0F8688DF804009DF829
:107C200004003A73084600E000BFBA68D20701D1E9
:107C3000401EF9D2B868C0070DD0F868C0B28DF800
:107C400000009DF8000000F01F00052805D00AF094
:107C50001DFA4846DDE63046F1E78DF80060224A1D
:107C60002DE03868FF23400603D4386840F0400018
:107C700038600D4600E000BFB868800701D46D1E73
:107C8000F9D2B868C0070AD0F8688DF80400B8685F
:107C9000C00702D0F8688DF804009DF804003B731B
:107CA000084600E000BFBB68DB0701D1401EF9D2E7
:107CB000B868C00707D0F868C0B28DF800009DF81A
:107CC000000010B103E03046F7E7521EC9D29DF81C
:107CD000000018B10AF0DAF900209AE60AF0D6F9A5
:107CE0006FF0020095E60000803801002DE9FC43AA
:107CF0000346F748002789460770DFF8D8C3DCF849
:107D00000000F54CC1074FF0FF386FF0010042F260
:107D1000107626D0F14A314600E000BFA568AD07D5
:107D200001D4491EF9D2616821F002016160DCF8DA
:107D3000001021F00101CCF8001000E000BFDCF8D9
:107D40000010C90701D0521EF8D2DCF80010C90794
:107D500073D1216821F040012160216841F0400188
:107D60002160FF218DF80010DFF874C3DCF81810D3
:107D700041F48021CCF8181022685821520603D40F
:107D8000226842F040022260324600E000BFA5684F
:107D9000AD0701D4521EF9D2A268D2070AD0E26818
:107DA0008DF80420A268D20702D0E2688DF8042082
:107DB0009DF804202173314600E000BFA268D2077D
:107DC00001D1491EF9D2A168C90700D0E168226833
:107DD000190E520603D4226842F040022260324655
:107DE00000E000BFA568AD0701D4521EF9D2A26819
:107DF000D2070AD0E2688DF80420A268D20702D028
:107E0000E2688DF804209DF804202173314600E0DB
:107E100000BFA268D20701D1491EF9D2A168C907E3
:107E200000D0E1682268C3F30741520603D42268F8
:107E300042F040022260324601E0DFE000BFA56868
:107E4000AD0701D4521EF9D2A268D2070AD0E26867
:107E50008DF80420A268D20702D0E2688DF80420D1
:107E60009DF804202173314600E000BFA268D207CC
:107E700001D1491EF9D2A168C90700D0E168226882
:107E8000C3F30721520603D4226842F04002226065
:107E9000324600E000BFA568AD0701D4521EF9D2FA
:107EA000A268D2070AD0E2688DF80420A268D2073F
:107EB00002D0E2688DF804209DF804202173314639
:107EC00000E000BFA268D20701D1491EF9D2A16823
:107ED000C90700D0E1682268D9B2520603D42268EB
:107EE00042F040022260324600E000BFA3689B07D8
:107EF00001D4521EF9D2A268D2070AD0E2688DF8E6
:107F00000420A268D20702D0E2688DF804209DF810
:107F100004202173314600E000BFA268D20701D1DE
:107F2000491EF9D2A168C90700D0E1682168012281
:107F3000490603D4216841F040012160314600E048
:107F400000BFA3689B0701D4491EF9D2A168C907E5
:107F50000AD0E1688DF80410A168C90702D0E16871
:107F60008DF804109DF804102273314600E000BF24
:107F7000A268D20701D1491EF9D2A168C90700D071
:107F8000E168002232E01146521C92B2052935D830
:107F90002168FF25490603D4216841F04001216092
:107FA000314600E000BFA3689B0701D4491EF9D207
:107FB000A168C9070AD0E1688DF80410A168C90753
:107FC00002D0E1688DF804109DF804102573314645
:107FD00000E000BFA368DB0701D1491EF9D2A16808
:107FE000C9070DD0E168C9B28DF800109DF80010E6
:107FF000FF29C8D09DF8000020B14046BDE8FC83B1
:108000003946F1E72068FF21400603D4206840F09C
:1080100040002060304600E000BFA268920701D413
:10802000401EF9D2A068C0070AD0E0688DF80000B1
:10803000A068C00702D0E0688DF800009DF800003D
:108040002173304600E000BFA168C90701D1401E7E
:10805000F9D2A068C00700D0E068DCF8180040F44E
:108060008020CCF818002068FE21400603D4206848
:1080700040F040002060304600E000BFA268920758
:1080800001D4401EF9D2A068C0070AD0E0688DF87C
:108090000000A068C00702D0E0688DF800009DF8DD
:1080A0000000217300E000BFA068C00701D1761E68
:1080B000F9D2A068C00700D0E0684FF400714846CC
:1080C000FDF7F8FB002899D06FF0020096E700005A
:1080D000145604205864024000300140A08601007C
:1080E000000002402DE9F847DFF85CC1824689466E
:1080F000DCF80000554CC107554D4FF0FF386FF0CC
:1081000001004FF0000742F2107629D0514A314663
:1081100000E000BFAB689B0701D4491EF9D2696833
:1081200021F002016960DCF8001021F00101CCF8B7
:10813000001000E000BFDCF80010C90701D0521E9B
:10814000F8D2DCF80010C90702D02770BDE8F88724
:10815000296821F040012960296841F04001296027
:108160003D498A6942F480228A61217849BB002115
:108170004FF0010C6770324600E000BFAB689B0710
:1081800001D4521EF9D2AA68920702D484F801C021
:108190000FE0FF222A73324600E000BFAB68DB0726
:1081A00001D1521EF9D2AA68D20714D02A7BFF2A25
:1081B00007D06278002AC8D1032919D0491C0429A4
:1081C000D8D32868FC22400603D4286840F0400039
:1081D0002860304610E0AA68009284F801C0520678
:1081E000E7D52A7B8DF800209DF80020AA68E0E7FB
:1081F00027704046AAE700BFA968890701D4401E3E
:10820000F9D2A868C0070AD0E8688DF80000A8680D
:10821000C00702D0E8688DF800009DF800002A73BE
:1082200000E000BFA868C00701D1761EF9D2A86897
:10823000C00700D0E86849465046FDF73BFB0028E0
:1082400084D06FF0020081E7586402401456042085
:1082500000300140A0860100000002402DE9F05FDF
:1082600004460BA80D4690E8400C20680A9F9846EB
:108270004168914621F0010141602868416821F080
:1082800001014160E06C00F02BFDE86C00F028FD7E
:10829000F06A00F025FD204600F0FAFC284600F0C8
:1082A000F7FCE16C0968C1F80C80E16C08EB570041
:1082B00009680861E06C0068016841F48021016090
:1082C000E06C0068016821F400210160E16C206825
:1082D00009680C308860E16CB8088046096848601D
:1082E0002068016821F0400101602068416841F088
:1082F000010141602068016841F040010160E06CCB
:108300000068016841F0010101603F49086800060A
:10831000FCD43E4A906940F400209061002000BFE8
:10832000401C3228FBDB38484FF44E43001D0360ED
:1083300008680006FCD4002000BF401C3228FBDB8C
:10834000906940F008009061002000BF401C322876
:10835000FBDB08680006FCD4284600F099FCE96CB9
:108360000968C1F80C90E96C09EB570009680861CD
:10837000E86C0068016841F480210160E86C0068E5
:10838000016821F400210160E96C286809680C305B
:108390008860E96C0968C1F804802868016821F0E8
:1083A000400101602868416841F00101416028688E
:1083B000016841F040010160E86C0068016841F02B
:1083C00001010160F16A0968C1F80CA0F16A206836
:1083D00009680C308860F16A4FEA5B000968486000
:1083E000F06A0068016821F0100101603068C1681E
:1083F00041F40061C160F06A0068016841F0010168
:108400000160BDE8F09F0000083800400000024015
:108410000021CA1CD206D20C20F81120491C2029A8
:10842000F7DB70472DE9F04F04462DED0A8B95B030
:108430004FF00008D0F89C92D0F8A072D0F8B002AB
:108440000890B4F8B40207900A2004F51E74CDF821
:1084500000800E90FBF75CF89FEDFE0A0F9004ED94
:108460007C0AA069A4F51E7480077DD400259FEDC9
:10847000FA9BF3EE04AA9FEDFA8BFB4E9FEDFBAA4D
:1084800068000AF01EFA53EC192B0AF0C7FA09F03B
:1084900035FF00EE900A80EEAA0A10EE100A0AF0EC
:1084A000B7FD41EC100B08F093F853EC182B51EC8E
:1084B000100B0AF0B3FA53EC182B09F051FF09F036
:1084C0001DFF00EE100A10EE100AB04201DD9FED14
:1084D000E80AB5EEC00AF1EE10FA01D2B0EE4A0A8F
:1084E000E449BCEEC00A10EE100A48556D1C142D6C
:1084F000C6DBB4F88600082118220128207844F64B
:10850000206538D0B5FBF0F0CDE900024FF0FF3622
:1085100002910496CDE90564DDE907323946484603
:1085200000F0F4FB3946484600F022FE4920009056
:10853000DDE907210523484600F098FFD4F89002B2
:1085400040F00400C4F890024FF0010A0798CDE90A
:10855000090A0221CDE90B81CDF8348009A90898D8
:10856000F8F784FF002600E0B5E29EB1012E13D09B
:10857000022E14D112E04FF0FF360296CDE90364CB
:10858000B5FBF0F3CDE90021DDE90721484600F015
:10859000E5FCCBE7412002E0492000E059200090B3
:1085A000DDE907210523484600F060FFB24B18685B
:1085B000191F109008680690AF482C380068059085
:1085C000AD4828380068AC4D0490203D28680390E1
:1085D000002008600F9944F62062B1FBF2F1491EB9
:1085E00019602860A44A0121183A1160111F08601F
:1085F000A149083908600546ECE1DFF878A20020BF
:10860000AAF1500A0AEB8001401C81ED00AA14284F
:10861000F8DB05F03F000090DDE90721072348461D
:1086200000F024FF944900201C39086092482C383F
:10863000016841F001010160002204E18F490868EE
:108640000006FCD48E4B986940F40020986100200D
:1086500000BF401C3228FBDB8648007840F4064C03
:108660008648001DC0F800C008680006FCD4002041
:1086700000BF401C3228FBDB986940F0080098617D
:10868000002000BF401C3228FBDBD9F80000C06886
:10869000ADF800003868C068ADF800000868000652
:1086A000FCD4986940F400209861002000BF401C71
:1086B0003228FBDBDFF8C4C1E806C00C0CF1040C67
:1086C0001190CCF8000008688B460006FBD400200F
:1086D00000BF401C3228FBDB6948816941F008017A
:1086E0008161002000BF401C3228FBDB65498E46BB
:1086F0000868C007FBD0D9F80000C068ADF80000DA
:108700003868C068ADF8000000205B491C390B6870
:10871000DB07FAD000230B605B4619680906FCD41E
:108720005749D1F818C04CF4002CC1F818C00021EA
:1087300000BF491C3229FBDB411C4FF0140C91FB9C
:10874000FCF80CFB181C4B49DFF8308111F80C10B9
:1087500008F1040841F4064CC8F800C0196809067D
:10876000FCD4002100BF491C3229FBDBDFF810C11B
:10877000DCF8181041F00801CCF81810002100BFF7
:10878000491C3229FBDBD9F80010C968ADF84C1040
:108790003968C968ADF84C1019680906FCD4384925
:1087A000D1F818C04CF4002CC1F818C0002100BF4B
:1087B000491C3229FBDBDDF844C0C8F800C0196849
:1087C0000906FCD4002100BF491C3229FBDB2C49DF
:1087D0008B6943F008038B61002100BF491C3229DB
:1087E000FBDB71460B68DB07FCD0D9F80010C968C9
:1087F000ADF800103968C968ADF848101F2D0EDDBE
:10880000BDF800104FF6FF7303EA4101ADF8001008
:108810000AEB8001BDF80030D1ED000A05E00AEB5B
:108820008001BDF84830D1ED000A1BB200EE103ACD
:10883000401C1428B8EEC00A30EE800A81ED000A10
:10884000FFF663AF521C0E988242FFF6F7AED34696
:108850001AE0000000007A4344174154FB2109400C
:10886000000000000000604000007F4300000000A6
:1088700000007F43D05B04202C0C004008380040EF
:108880000000024008340140DAF8000080460AF097
:10889000BFFB41EC190B40460AF0BAFB41EC180B48
:1088A000002021E00BEB880ADAF800000AF0B0FBA8
:1088B00053EC192B0AF0B0F905D2DAF800000AF0EF
:1088C000A7FB41EC190BDAF800000AF0A1FB53EC0E
:1088D000182B0AF067F805D2DAF800000AF098FBC6
:1088E00041EC180B08F101000E9980468842D9DB53
:1088F000084609F0E6FF8B4680464BEC1B0B774899
:1089000000EB860ADAF800000AF082FB41EC1C0B4F
:1089100053EC182B51EC190B0AF08CFA53EC1C2B6E
:1089200009F0DAFD9FED6ECB53EC1C2B0AF076F8C4
:108930009FED6D9B53EC192B0AF070F853EC1B2B39
:1089400009F0CAFD09F0DAFC009002AB01AA14217B
:10895000674806F0BBFCDAED000A9DED011A4BEC0E
:10896000188B81EE200A10EE100A0AF051FB53EC2E
:108970001C2B0AF053F853EC192B0AF04FF853EC68
:10898000182B09F0A9FD09F0B9FC00EE100A022E1F
:108990008DED010A0EDA5748574900EB062000EB2F
:1089A000850001EBC61180ED000ABDF8080021F832
:1089B000150009E004EB850004EB450180ED440A55
:1089C000BDF80800A1F810024C48016821F001012F
:1089D00001606D1C2078A8423FF70FAE4749109800
:1089E0002C310860091F0698086044490598086002
:1089F000091D04980860414903980C310860761CF1
:108A0000032EFFF6B0AD0022104630E0394EDFF8FD
:108A1000F0C006EB800300211D68654505DAD3F838
:108A20000031384D0121AB4212DB06EB012303EB91
:108A3000800393ED000A04EB800383ED440A2E4B80
:108A400003EBC11104EB400331F81010A3F810122E
:108A500004EB8001D4ED220A91ED440AB4EEE00A61
:108A6000F1EE10FA00D2521CC4F88C20401C217880
:108A70008142CBDCB4F8860001281CD04FF0FF31D6
:108A8000CDE904110694A288E18860888DE807008A
:108A9000DDE907323946484600F038F9D4F890024B
:108AA00020F00400C4F890020020009015B0BDEC46
:108AB0000A8BBDE8F08F4FF0FF31CDE9021104942D
:108AC000A188E088CDE900016388DDE907214846F7
:108AD00000F044FAE2E74FF0FF30E6E7284B1608D3
:108AE000E72AAB23262C8A3EFCA9F1D24D62503FE7
:108AF000805B042080580420805A0420000C004031
:108B000000007A440000C84230B50446414887B0AE
:108B1000142145696846E7F7E7FF002C77D0002D60
:108B200075D02868002872D0D4F89C0270B1006813
:108B300060B1416821F003014160D4F89C02C06C2F
:108B400000F0CEF8D4F89C0200F0A2F8D4F8A0020D
:108B500070B1006860B1416821F003014160D4F850
:108B6000A002C06C00F0BCF8D4F8A00200F090F8AD
:108B7000E86A00F0B5F82868C16821F40061C160B6
:108B80002868016821F00101016029680020C8609F
:108B900029680861296848621F490A6842F008028A
:108BA0000A60096801F0080105911C490860091D67
:108BB0000860091D0860091D08601849183108601F
:108BC000091D0860091D0860144928310860134A0E
:108BD000411E2C3211601149243108600F4A0121D5
:108BE00014321160121F1060B4F8B4220092CDE963
:108BF000011002200390D4F8B002694604F52C74E9
:108C0000F8F734FCA18801222068F8F71CFD07B0B2
:108C100030BD000070DF042040380240000C0040EE
:108C20002DE9F843804616460F464FF4AA40ADF8AA
:108C30000000002231463846F8F705FD0120F8F71C
:108C4000C3FA4FF47A752B46022269464046FBF779
:108C5000CDFB0020ADF80000012231463846F8F780
:108C6000F2FC0024002231463846F8F7ECFC2B4693
:108C7000022269464046FBF7B9FB012231463846DD
:108C8000F8F7E1FC641CE4B2092CEBD3BDE8F883EF
:108C900008B5002805D00068002802D0C1688068A7
:108CA000009008BD002806D00168002903D00022EA
:108CB0000A6100684262704700B585B008200090E4
:108CC00002200021CDE901010390012004906946B2
:108CD0000248F8F7CBFB05B000BD000000000240E1
:108CE000094900280ED00268002A0BD0136823F02F
:108CF00001031360006800E000BF0268D20701D0E2
:108D0000491EF9D270470000A08601002DE9FF4FEF
:108D10008DB00027DDE91F84DDE91B96DDF868A032
:108D20000F98C4F8B002A4F8B4320D98C4E9A701B2
:108D30000120CDE908070220CDE90A070D469B4630
:108D4000079307A90F98F8F791FB0D9801F035FCF0
:108D50004FF48060C5E901704000C5E903070120B8
:108D600068614002C5E906072F620A206F62C5E903
:108D70000A702846FBF7E4F820B92868016841F03A
:108D80004001016000252B465A460F990D9800F0CE
:108D900047FA04EB450108816D1CEDB2402DF2D37A
:108DA000204609F071FA20B14FF0FF3011B0BDE854
:108DB000F08FB4F884002070A4F802A000EE10AA8E
:108DC0000025B8EE400A10EE100A0AF021F99FEDD6
:108DD0005C1B53EC112B09F021FE9FED5B1B53EC48
:108DE000112B09F079FB09F00FFD024658490020CC
:108DF00051F82030934200D20546401C0928F7DB89
:108E0000DE208DF80400524853492430504A10F8AF
:108E100025008DF805004E48483010F825008DF8E3
:108E2000060002208DF8070040208DF80800494810
:108E30008DF8097010F826008DF80C004548443074
:108E400010F826008DF80D004248883010F82600F2
:108E50008DF80E003F48CC3010F826008DF80F003A
:108E600011F8290064318DF81000643A11F82910C6
:108E700012F8290041EA80108DF81100A4F806903C
:108E8000A680B4F886601E994FEA18600B0A43EA80
:108E90000863DDB20B0CCAB2090E43EA084341EA8B
:108EA0000821DBB2C9B2012E02D0042E25D110E078
:108EB0008DF814308DF815108DF812208DF816707D
:108EC0008DF818708DF813508DF817708DF8197093
:108ED00013E08DF814308DF815108DF816804FEAD8
:108EE00018218DF817104FEA18418DF812208DF8CF
:108EF00018108DF813508DF819001620009001AB52
:108F00005A460F990D9800F099FA00252B465A46BB
:108F10000F990D9800F084F904EB450108816D1C50
:108F2000EDB2402DF2D35A460F990D98FFF778FE17
:108F3000D4F8900240F00100C4F89002002035E718
:108F400000000000000040400000000000408F4092
:108F5000BC4A160880481608904916082DE9FF4FAC
:108F60008DB04FF0000BDDE91D54DDE91A860E9837
:108F7000C4F8B002A4F8B4220D98C4F8A0B2C4F8A2
:108F80009C020121CDE9081B0221CDE90A1B99466B
:108F90009246079207A90E98F8F768FA0D9801F023
:108FA0000CFB0027DDE90D013B46524600F038F985
:108FB00004EB470108817F1CFFB2402FF2D320460B
:108FC00009F062F920B14FF0FF3011B0BDE8F08F29
:108FD000B4F884002070A4F802909FED5F0A00EEC0
:108FE000909A0027F8EE600A20EE800A10EE100A30
:108FF0000AF00EF89FED591B53EC112B09F06CFA97
:1090000009F002FC02465749002051F820309342F3
:1090100000D20746401C0928F7DBDE208DF804004B
:109020005048524924304F4A10F827008DF8050067
:109030004C48DC46483010F827008DF80600022026
:109040008DF8070040208DF8080047488DF809B0DA
:1090500010F826008DF80C004348443010F8260024
:109060008DF80D004048883010F826008DF80E006D
:109070003D48CC3010F826008DF80F0011F828007C
:1090800064318DF81000643A11F8281012F82800A5
:1090900041EA80108DF81100A4F80680A680B4F88B
:1090A00086601C98070C020AC3B247EA0547000E07
:1090B000F9B242EA056240EA05202F0ED2B2C0B2F0
:1090C000012E02D0042E23D110E08DF814108DF85B
:1090D00015008DF812308DF816C08DF818C08DF877
:1090E00013208DF817C08DF819C011E08DF81410F9
:1090F0008DF815008DF81650280A8DF81700280CE9
:109100008DF812308DF818008DF813208DF8197035
:1091100016200090DDE90D0101AB524600F08EF9FA
:109120000025DDE90D012B46524600F079F804EBED
:10913000450108816D1CEDB2402DF2D3DDE90D0132
:109140005246FFF76DFDD4F8900240F00100C4F8DC
:109150009002002039E700000000004200000000FB
:1091600000408F40BC4A16088048160890491608EF
:10917000F8B50C4605004DD0002C4BD028680028CF
:1091800048D02068002845D02846FFF781FD2046BA
:10919000FFF77EFD204B214E002118680006FCD40D
:1091A000B06940F40020B061002000BF401C3228AC
:1091B000FBDB194A0020121D106018680006FCD461
:1091C000002200BF521C322AFBDBB06940F00800CD
:1091D000B061002200BF521C322AFBDB2868826883
:1091E000D207FCD0C068ADF8000020688268D207C2
:1091F000FCD0C068ADF80000BDF80000491CC9B241
:109200000329CAD32846FFF743FD2046BDE8F840AE
:10921000FFF73EBDF8BD00000838004000000240E6
:1092200070B543F0C000364B010218680006FCD44C
:10923000344A906940F400209061002000BF401C37
:109240003228FBDB2E4C241D216018680006FCD45C
:10925000002000BF401C3228FBDB906940F0080072
:109260009061002000BF401C3228FBDB186800061C
:10927000FCD4906940F400209061002000BF401CA5
:109280003228FBDB216018680006FCD4002000BFF8
:10929000401C3228FBDB906940F008009061002000
:1092A00000BF401C3228FBDB174D2868C007FCD0EC
:1092B000154E361D306818680006FCD4906940F4DD
:1092C00000209061002000BF401C3228FBDB2160A1
:1092D00018680006FCD4002000BF401C3228FBDBCD
:1092E000906940F008009061002000BF401C3228C7
:1092F000FBDB2868C007FCD03068C0B270BD00003E
:1093000008380040000002400834014070B515469E
:1093100004001AD0CDB12068B8B12868A8B121B135
:10932000086810B10846FFF7BDFC296800204862B4
:109330002846FFF7B7FC2046FFF7B4FC2846FBF7AA
:1093400073FB28B16FF0010070BD4FF0FF3070BDAE
:10935000FFF7B2FC01220C21206804F027F801225B
:109360000021206804F022F82068416C41F400419B
:1093700041642068816801F007010629016811D065
:1093800041F00101016021688868096800F0070266
:109390006FF00200062A4FEAC17106D00029D6D02C
:1093A000002070BD21F00101ECE70029F8D070BD6C
:1093B00070B515460E46040029D0206838B3204603
:1093C000FBF785FB2068016821F0010101600022A4
:1093D0000C21206803F0EAFF00220821206803F036
:1093E000E5FF00221146206803F0E0FF2068016AD3
:1093F00041F21112114207D1016A9210114203D1B8
:10940000416C21F4004141642046FFF74BFC3EB122
:10941000306828B13046FBF747FB3046FFF742FC87
:10942000002D0AD02868002807D02846FBF74FFBFC
:109430002846BDE87040FFF735BC70BD2DE9F84304
:109440001D461746884681460024089E09E0285D8F
:10945000009023463A464146484600F007F8641C0F
:10946000E4B2B442F3D30020BDE8F88370B503F052
:10947000BF00049940F08000364B41EA0021186893
:109480000006FCD4344A906940F40020906100202A
:1094900000BF401C3228FBDB2E4C241D21601868C5
:1094A0000006FCD4002000BF401C3228FBDB906982
:1094B00040F008009061002000BF401C3228FBDB18
:1094C00018680006FCD4906940F4002090610020E8
:1094D00000BF401C3228FBDB216018680006FCD46A
:1094E000002000BF401C3228FBDB906940F00800E0
:1094F0009061002000BF401C3228FBDB174D28681C
:10950000C007FCD0154E361D306818680006FCD424
:10951000906940F400209061002000BF401C322878
:10952000FBDB216018680006FCD4002000BF401C53
:109530003228FBDB906940F008009061002000BFFA
:10954000401C3228FBDB2868C007FCD03068C0B262
:1095500070BD00000838004000000240083401409F
:1095600070B50446F2F7DCF90C4D286840F0004075
:1095700028600520F7F728FE286840F08040286022
:1095800004F54054B4F8B00240F00800A4F8B0026A
:10959000BDE870400520F7F717BE0000180802402C
:1095A00070B505460A48016841F48041016005F53F
:1095B0004054B4F8B00220F00800A4F8B00205202E
:1095C000F7F702FE2846BDE87040F2F7BDB800008C
:1095D0001808024030B5074D00228B5C002B08D0E4
:1095E0006B6003681C68E4432406FBD4521CD2B2AF
:1095F000F3E730BD0010014070B500F54054B4F8F9
:10960000B00240F40060A4F8B002F8F721F8054673
:1096100004E0F8F71DF8401BC8280CD8D4F88C07D4
:109620000028F6D1F8F714F8054612E0F8F710F81C
:10963000401BC8280DD9B4F8B00240F02000A4F8AF
:10964000B002B4F8B00220F40060A4F8B002012027
:1096500070BDD4F8F00B0028E8D0B4F8B00220F4C4
:109660004060A4F8B002002070BD00000148F8F787
:1096700079B8000088A500200148F8F7D0B80000AC
:1096800088A5002038B5806B002290F83D302A492B
:109690000C6846F2A811B4FBF1F1C1EBC10101EB7A
:1096A0008101009139B1491E00910168096889055D
:1096B00005D50099F6E7016C41F020010164416B8A
:1096C00001B1CA63816B01B1CA6301680C6824F4FB
:1096D00080640C604285416B01B10A65816B01B108
:1096E0000A6501680C6824F001040C6090F83D40A4
:1096F0002021602C0AD0282434EA03030ED080F8FD
:109700003D1080F83E20F8F7A3F938BD80F83D10F1
:1097100080F83E200264F7F7DFFF38BD01680B6870
:1097200043F001030B6001680B6843F480630B6036
:10973000026380F83D40E6E7D474042070B5846B82
:1097400001460025606B00B1C563A06B00B1C56325
:109750000846F7F77DFB022811D02068016821F444
:10976000806101606585202084F83D0084F83E50CA
:10977000206C40F0100020642046F8F769F970BDB5
:109780002DE9F041846B94F83D1094F83E50E06A66
:109790002268536823F440735360626B002302B164
:1097A000D363A26B02B1D363212232EA01074FF0E7
:1097B00022060CD036EA010701D1202D07D094F8FB
:1097C0003E10002921D0618D012920D024E020689D
:1097D000456825F40065456063852820292902D065
:1097E0002A2907D00CE0226384F83D002046F8F7D0
:1097F0002EFD05E0266384F83D002046F8F726FD9F
:109800002068416841F440714160BDE8F081216801
:109810000A6822F480620A6021684A6822F4407271
:109820004A6010F5803F06D0082804D0B0F12A4FD6
:1098300001D0202804D121680A6842F400720A602D
:1098400021684A6822F480524A6021684A6822F4FA
:1098500000624A606385216C19B12046F8F7F8F878
:10986000D3E7202184F83D1094F83E1084F83E3070
:10987000402909D008280CD020280AD012202063C3
:109880002046F8F7BAF9C0E723632046F8F7B8F99D
:10989000BBE72363F4E700684169C943090601D4C3
:1098A00000210161704700002DE9F041044690F865
:1098B0003D0094F83E10102901D0402906D12228FD
:1098C00004D121680A6822F400620A60282131EA82
:1098D00000024FF000054FF0200619D021684968BA
:1098E000090505D4602803D084F83D6084F83E5013
:1098F000256320684168090534D5416821F4006179
:109900004160676B47B197F83500012806D103E045
:10991000256384F83D10ECE7A76BF7B1364838654E
:109920003846F7F752FA70B3A06BB8420AD12068F4
:109930004169C943490605D40069616A0870606AD3
:10994000401C60622068016821F00101016084F818
:109950003D60396D3846884715E084F83D6084F8ED
:109960003E500DE094F83D10602910D04169C94384
:10997000490605D40069616A0870606A401C60622B
:109980002046F8F765F8206CC1071CD115E084F873
:109990003D6025644169C943490605D40069616A8F
:1099A0000870606A401C60622068016821F0010153
:1099B00001602046F7F790FEE5E7810703D44107F1
:1099C00001D4000704D52068416821F4E0614160BA
:1099D00094F83D00216C49070BD5282809D1074888
:1099E000E062256384F83D6084F83E502046F8F735
:1099F00003F9BDE8F0810000859615080000FFFF1F
:109A000001684A69D24352050FD46FF480624A61FB
:109A1000002140F8301F202242738173026942F016
:109A2000040202610173012070470020704710B5E5
:109A3000C26A438D0168042B06D0438D032B08D0E6
:109A4000438D022B1DD012E04A6822F480624A60E6
:109A50000CE04B6823F480634B60042A06D0022A92
:109A600004D001680A6822F480620A60016809690A
:109A7000426A1170416A491C4162418D491E41850B
:109A800010BD012A34D0102A32D0042A34D0022A40
:109A900032D00B6843F400730B6001680969436AB4
:109AA0001970416A491C4162438D5B1E43850368FE
:109AB0001B690B70416A491C4162418D491E4185F9
:109AC00001684B6823F440734B60202180F83D10FF
:109AD00090F83E300021402B80F83E1010D0082A2C
:109AE00002D0202A00D012210163F8F786F810BDB9
:109AF0000B6823F48063CFE70B6843F48063CBE704
:109B00000163F8F77DF810BD38B590F83D102229B3
:109B100010D1C36A418D03290DD901680969426AD0
:109B20001170416A491C4162418D491E4185418D38
:109B3000032906D038BDC26A022A02D0012906D004
:109B400029B10068416821F48061416038BD2B492A
:109B500046F2A812002409682025B1FBF2F101EBBE
:109B6000810100910168009A521E009226D00A6875
:109B70009205F8D40A6822F480620A6001684A6893
:109B800022F4E0624A6001680969426A1170416A20
:109B9000491C4162418D491E418580F83D5090F835
:109BA0003E1080F83E40402921D0082B23D0202BA6
:109BB00021D012210163F8F720F838BD026C42F081
:109BC000200202644A6822F4E0624A60016809697E
:109BD000426A1170416A491C4162418D491E4185AA
:109BE00080F83D5080F83E40F7F732FF38BD0463FF
:109BF000F8F706F838BD0463DDE70000D4740420EC
:109C000010B5C16A90F83D20212A0BD1428D52B186
:109C1000416A026809781161416A491C4162418DBB
:109C2000491E418510BD20230022082912D0202979
:109C300010D011F5803F0DD001684C6824F4E06429
:109C40004C601121016380F83E2080F83D30F7F729
:109C5000D5FF10BD01684C6824F4E0644C600168D5
:109C60000C6844F400740C60026380F83D3090F896
:109C70003E1080F83E204029E9D1F7F7DFFF10BD04
:109C800010B590F83D2090F83E30C16A048DB4B113
:109C9000212A03D0402B11D1222A0FD1418DE9B3C3
:109CA00090F83E10402940D0416A0268097811615D
:109CB000416A491C4162418D491E418510BD212ADE
:109CC000E8D120230022082912D0202910D011F534
:109CD000803F0DD001684C6824F4E0644C60112191
:109CE000016380F83E2080F83D30F7F787FF10BD14
:109CF00001684C6824F4E0644C6001680C6844F42A
:109D000000740C60026380F83D3090F83E1080F8DB
:109D10003E204029E9D1F7F791FF10BDFFE7006829
:109D2000416821F480614160F7E7BDE8104000F030
:109D3000D2B8000078B590F83E40C26A056B90F842
:109D40003D6000230168222E7AD1066D0EB9402CA9
:109D500076D0046D1CB90469B4F5404F09D0448D28
:109D600004B3468D384C012E0ED0458D022D3AD0CD
:109D70005DE04A698A6900920A6842F480720A606A
:109D8000016D491C016578BDA24213D10A6822F415
:109D900080620A6001684A68120503D50A6822F4E5
:109DA000806216E04A698A6900920A6842F4007289
:109DB0000A6039E0082A10D0202A0ED0122D0AD0CD
:109DC000042A03D0022A01D0102AE7D10A6842F4FB
:109DD00080620A6024E0012AE0D00A6822F48062EE
:109DE0000A600168DEE7042A21D0022A1FD0102A67
:109DF0001DD00D6825F480650D6001680D6845F47F
:109E000000650D6001684D682D0509D5A24212D08C
:109E1000012A10D0082A0ED0102A0CD0202A0AD0ED
:109E200001684A6989690091036578BD08E00D6899
:109E300045F48065E5E74A6842F480524A60EFE7FE
:109E4000486988690090F0E70000FFFF90F83E1035
:109E500040290FD00169B1F5804F18D0016DA1B331
:109E6000016D01290FD1416CF12201F4407142EAE8
:109E7000D11106E0016D0029416C05D0C9B241F055
:109E8000010100680161704701F0FE01F9E790F8F7
:109E90003D102129416C09D0C9B241F0010102688D
:109EA0001161416B29B1C96B49B902E001F0FE01B2
:109EB000F5E7816B0029E6D0C96B0029E3D0006883
:109EC000416841F4006141607047FFE7416CF02256
:109ED00001F44071CBE710B590F83D10026D4AB126
:109EE000026D012A14D0026D022A16D0BDE810407E
:109EF000FFF7D1BCC16C0129816C02D0C1F30721ED
:109F000008E00268C9B21161016D891C016510BDCC
:109F1000816CC9B20268116123E022291CD0428DF4
:109F20000AB1212920D0428D002AF0D12129EED179
:109F300001684A6822F4E0624A6001680A6842F4F3
:109F400000720A6000210163202280F83D2080F821
:109F50003E10F7F773FE10BD01680A6842F4807284
:109F60000A60016D491CD1E7416A026809781161F4
:109F7000416A491C4162418D491E418510BD000066
:109F80002DE9F84F0446006889460B9E0168984603
:109F9000174641F4806101602068016841F48071D6
:109FA000016000964FF0011B0022594620460A9B93
:109FB00000F0FDF94FF4007A40B120680068C00558
:109FC00001D5C4F840A00320BDE8F88F216809F04E
:109FD000FE0008613346284920460A9A00F02BFA11
:109FE000F0BB2068416980690090324620460A999A
:109FF00000F0B8FA40B1206C04283AD1206801681A
:10A0000041F40071016034E0FDB2B8F1010F09D0F4
:10A010002168380A0861324620460A9900F0A2FAFF
:10A020000028E8D120680561324620460A9900F0F0
:10A0300099FA0028DFD12068016841F4807101603D
:10A0400000960022594620460A9B00F0B0F90028ED
:10A05000B3D1216809F0FF0040F00100086100E081
:10A0600007E03346044920460A9A00F0E4F9002844
:10A07000AAD00120A8E70000020001002DE9F84362
:10A08000044600680D46DDE90897016898461646C3
:10A0900041F4807101604B4600224FF001112046CF
:10A0A000009700F084F948B120680068C00502D527
:10A0B0004FF4007020640320BDE8F883216805F0A8
:10A0C000FE0008613B464A461549204600F0B3F9B8
:10A0D00088B920684169806900903A46494620461F
:10A0E00000F040FA48B1206C042804D120680168CF
:10A0F00041F4007101600120DEE7F5B2B8F1010F13
:10A1000009D02168300A08613A464946204600F0E5
:10A1100029FA0028E7D1206805610020CCE700007B
:10A120000200010038B50D4690F83D20002128249A
:10A13000944302680B4605D051699169009180F8FB
:10A140003C3038BD546824F480645460EA435407BA
:10A1500000D50121120601D5828900E0028B80F82A
:10A160003C3092B2F7F7C2FA38BD00002DE9F04159
:10A1700090F83D200446C16A002520261E4F006845
:10A180006FF48063082901D0202901D1282A04D046
:10A19000212A17D04361BDE8F081E762416821F4CC
:10A1A000E0614160206843612068016821F48061BA
:10A1B0000160256384F83D6084F83E502046F7F73F
:10A1C0001BFDE8E7E7622121216384F83D6084F804
:10A1D0003E50416821F4E06141602068436120689D
:10A1E000016821F4806101602046FFF754FB20469E
:10A1F000F8F72DF8CFE700000000FFFFF8B590F862
:10A200003D5004460068416821F4E06141602068E7
:10A21000002641690091016841F001010160206858
:10A22000016821F48061016020684168090520D53A
:10A23000474F222D48D02A2D46D0616B09684968C6
:10A240006185618D19B1216C41F00401216441687F
:10A2500021F400614160606BF6F7FCFD012808D035
:10A26000606B0765606BF6F7B0FD10B1606B016D58
:10A270008847608D08B320684169C943490708D4FD
:10A280000069616A0870606A401C6062608D401EEF
:10A29000608520684169C943490608D40069616A3C
:10A2A0000870606A401C6062608D401E6085608D31
:10A2B00018B1206C40F004002064206C00B32046EC
:10A2C000BDE8F840FFF7F0BAA16B096849686185FD
:10A2D000618D19B1216C41F004012164416821F4C0
:10A2E00000614160A06BF6F7B5FD0128C1D0A06BFD
:10A2F0000765A06BF6F769FD0028BAD0A06BB6E73A
:10A300002A2D06D12663282084F83D002046F7F741
:10A310009DFF94F83D10202028290DD0216B222983
:10A3200001D0222D07D1266384F83D0084F83E60D9
:10A330002046F7F78BFFF8BD0649E162266384F8F3
:10A340003D0084F83E602046F7F756FCF8BD00005B
:10A35000859615080000FFFF70B516460D460446A9
:10A360001EE02046FFF74CFB08B1012070BD681CC1
:10A3700016D0F7F76DF9801BA84200D885B9206880
:10A380004069C04340070BD5002044F8300F20211E
:10A390006173A073216941F0200121612073E4E71A
:10A3A00020684069C0434007DBD4002070BD2DE920
:10A3B000F0471E4690460D460446C1F30747DDF8B8
:10A3C000209026E0701C24D0F7F742F9A0EB09009A
:10A3D000B04200D8EEB92068012F16D0806925EA76
:10A3E00000000004000C12D00020404511D10020D4
:10A3F00044F8300F20216173A073216941F02001DE
:10A40000216120730120BDE8F0874069E7E7012062
:10A41000EBE72068012F0AD0806925EA00000004DC
:10A42000000C06D000204045CCD00020EBE740696E
:10A43000F3E70120F7E72DE9F047984616460D4669
:10A4400004464FF000094FF0200AC1F3074723E00C
:10A4500020684069C043400515D42068016841F474
:10A460000071016021686FF480604861C4F8309029
:10A4700084F83DA084F83E90216C41F004012164F1
:10A4800084F83C9020E0701C06D0F7F7E1F8A0EBD0
:10A490000800B04203D816B1012F1ED020E020687A
:10A4A000012F14D0806925EA00000004000C17D0A9
:10A4B00044F8309F84F80DA084F80E90216941F093
:10A4C0002001216184F80C900120BDE8F0874069EB
:10A4D00025EA00000004000CEAD12068406901E090
:10A4E0002068806925EA00000004000CB0D1ECE788
:10A4F0002DE9F04116460D46044600274FF020088E
:10A5000029E04069C043C0060DD454F8301B6FF0F9
:10A510001000486144F80D7B04F81D89A777206A74
:10A520002062277714E0F7F793F8801BA84200D841
:10A530008DB920684069C04340060CD544F8307F8F
:10A5400084F80D80A773206940F0200020612773F4
:10A550000120BDE8F08120684169C9434906D0D493
:10A560000020F6E770B516460D4604461EE020466C
:10A57000FFF746FA08B1012070BD681C16D0F7F746
:10A5800067F8801BA84200D885B920684069C0439D
:10A5900000060BD5002044F8300F20216173A07312
:10A5A000216941F0200121612073E4E720684069BE
:10A5B000C0430006DBD4002070BD10B504464FF444
:10A5C0008270606000204FF40061C4E902018910CC
:10A5D0002061C4E90501E06120626062A0620A2096
:10A5E000E0622046F9F7ACFC08B1012010BD2068FC
:10A5F000016841F040010160002010BDF0B500236A
:10A600000A24302537261F4610E0B4EB107F02D90C
:10A6100005EB107C01E006EB107C01F813C001EBA8
:10A62000430C00015B1C8CF80170DBB29342ECD34D
:10A63000F0BD00002DE9F0410546D0F8D40205EB4D
:10A640008000D0F8C042002C1ED004F580510F4E7F
:10A65000087F38B9886928B1607A18B931782846F6
:10A6600003F0B6FC0A4F2846397803F0B1FC607A53
:10A67000022809D13978284603F0AAFC3178284607
:10A68000BDE8F04103F0A4BCBDE8F0817979042075
:10A69000787904202DE9F0410746D0F8D40207EB81
:10A6A0008000D0F8C042002C60D004F58055686965
:10A6B0006863A869A8632E480178384603F085FBD3
:10A6C0001F280BD12B492869884207D1697F206850
:10A6D000814203D8A87F08B1102808D9697F2023B8
:10A6E0000522384601F057FD022060720AE041F26F
:10A6F0001F002218384601F091F90028207A08DA64
:10A70000052804D03846BDE8F041FFF793BF01218A
:10A7100027E002282AD0012828D0032826D0E6687E
:10A72000F6B1D7F8D412384607EB810104F11002D4
:10A73000D1F8C052002D19D005F580518B69B34274
:10A7400000D333468C6BA41B8C63002481F83C40FF
:10A750000421297208490978BDE8F04103F057BC8B
:10A7600000213846BDE8F04100F0E2B8BDE8F081D4
:10A7700079790420555342437879042010B5044672
:10A78000D0F8D40204EB8000D0F8C002002818D022
:10A79000407A022809D0090613D5012811D0204695
:10A7A000BDE81040012100F0C3B8064801782046FA
:10A7B00003F00EFC044801782046BDE8104003F089
:10A7C00007BC10BD787904207979042010B50446BF
:10A7D000D0F8D40204EB8000D0F8C022002A18D0B0
:10A7E000117A022905D0032901D0042911D10021B1
:10A7F0000AE041F21D00815C801C0244204601F009
:10A800000DF9002805DA01212046BDE8104000F0CE
:10A810008FB810BD10B50446D0F8D40204EB800008
:10A82000D0F8C022002A18D0107A88B1012814D19B
:10A8300041F21D00815C801C0244204601F0EEF8CC
:10A8400000280ADA2046BDE81040012100F070B867
:10A850002046BDE81040FFF71DBF10BDD0F8D41250
:10A8600000EB8100D0F8C002002801D00021017265
:10A870007047000070B50546D0F8D40205EB8000A3
:10A88000D0F8C042002C26D00020207204F5805160
:10A89000607281F8610001F8600F8870D5F8D40209
:10A8A00005EB8000D0F8C4020168002088470A4EFA
:10A8B0002846317803F080FA08480178284603F0EA
:10A8C0007BFA1F2341F21000221831782846BDE898
:10A8D000704003F0F2BA70BD7979042078790420D1
:10A8E00070B50546D0F8D40205EB8000D0F8C04220
:10A8F000002C17D000202072012060720A480178D5
:10A90000284603F090F9094E2846317803F08BF978
:10A910001F2341F21000221831782846BDE870400C
:10A9200003F0CBBA70BD0000787904207979042057
:10A9300070B50546D0F8D40205EB8000D0F8C042CF
:10A94000002C1BD004F580500D4A026380F83C10A7
:10A950000020207241F2300022180A480D230178AD
:10A96000284603F054FB1F2341F21000221806482A
:10A9700001782846BDE8704003F09FBA70BD000022
:10A98000555342537879042079790420F0B5354C39
:10A990008DB0206C10B12046F6F71CF90025089503
:10A9A00009950A95202168460B95E6F79DF8012642
:10A9B00026612D484FF48037A560C4E9000725764D
:10A9C00084F820503007E0624FF01060A062F0027F
:10A9D000E661E06084F8305022486661F6F718F9C5
:10A9E00080BB03200895CDE9096008A91D48F6F74A
:10A9F0003FF838BB1220009030460226042104960E
:10AA0000CDE901011949CDE906158DF815508DF8EC
:10AA10001400694613480395F5F74AFF90B9CDE94C
:10AA2000005669460F48F5F743FF58B9F8F760FD3F
:10AA30000F49884201D8656008E00E49884202D873
:10AA4000676003E006E04FF4003060600548F6F709
:10AA5000DFF808B1F5F7D0FC0748F3F7DDF90DB0E2
:10AA6000F0BD000040A500200020014001000F00C3
:10AA700001A24A0403449508C0F204204F4808B5D7
:10AA80000268002142F400120260026802F400121F
:10AA90000092026842F4800202600068484A00F4B2
:10AAA000800000904748C0E9002180228260920027
:10AAB000C26052000261920042619200C0E9062128
:10AAC0000422C0E908120322C0E90A210163F6F753
:10AAD00095FA08B1F5F790FC002201210C20F7F758
:10AAE0004DFC0C20F7F73CFC002205210D20F7F768
:10AAF00045FC0D20F7F734FC002204210E20F7F767
:10AB00003DFC0E20F7F72CFC002205210F20F7F763
:10AB100035FC0F20F7F724FC002205211020F7F761
:10AB20002DFC1020F7F71CFC002201211120F7F763
:10AB300025FC1120F7F714FC002205212F20F7F740
:10AB40001DFC2F20F7F70CFC002202213820F7F71C
:10AB500015FC3820F7F704FC002201213920F7F713
:10AB60000DFC3920F7F7FCFB012204213A20F7F70E
:10AB700005FC3A20F7F7F4FB012211463B20F7F7DA
:10AB8000FDFB3B20F7F7ECFB002201214420F7F707
:10AB9000F5FB4420F7F7E4FB002205214520F7F7F9
:10ABA000EDFB4520F7F7DCFB002205214620F7F7F7
:10ABB000E5FBBDE808404620F7F7D2BB303802403D
:10ABC00070640240E4A900202DE9F04387B014210D
:10ABD0006846E5F789FF3F480024016841F0040119
:10ABE0000160016801F004010591016841F08001F4
:10ABF0000160016801F080010591016841F00101E7
:10AC00000160016801F001010591016841F0020154
:10AC100001600068304E00F002004FF4604505907E
:10AC2000002229463046F6F70EFDDFF8B0900022EC
:10AC300048F204114846F6F706FDDFF8A48041F219
:10AC40000407002239464046F6F7FDFC0095012531
:10AC5000CDE90154694630460394F6F707FC042019
:10AC6000CDE900050326CDE9025669464846F6F7C8
:10AC7000FDFB4FF4C260CDE90006694602944846E8
:10AC8000F6F7F4FB0220CDE900066946029440463F
:10AC9000F6F7ECFB0097CDE9015469464046039472
:10ACA000F6F7E4FB4FF401400090CDE9015469460A
:10ACB00048460394F6F7DAFBE80200904FF4881058
:10ACC000CDE9010469464846F6F7D0FB07B0BDE878
:10ACD000F0830000303802400008024000000240CB
:10ACE00000040240124810B5416B40F2E24001B945
:10ACF0000146814200D901464FF4AA7041430D48F4
:10AD0000814200D901460D480B4AC0E900210021CB
:10AD100012148160C0E9031241618161C161016265
:10AD2000F6F7A6FE002801D0F5F766FB10BD00007F
:10AD3000C0EA0420801A06000054004088A50020C4
:10AD400070B5524894B00024016841F08051016010
:10AD5000006800F080501290F8F7CEF8F2F7CCF9C6
:10AD600070B36320494D109042F20F70303511904E
:10AD70002868C0F30120022804D044484038006805
:10AD8000800303D411A910A8F2F70AFA14210AA823
:10AD9000E5F7AAFE282168460F94E5F7A5FE286886
:10ADA00000263C4D3A49296001041ED510F4407F2D
:10ADB0001BD000220AA92846F8F762FE18B114E059
:10ADC000F8F78EF85BE000220FA93248F8F736FE5C
:10ADD00058B99DF83D00012806D19DF83E00012894
:10ADE00002D19DF83F0000B101266C601098A86068
:10ADF0001198C5E903046C612648AC61F8F76AFE56
:10AE0000E8BB0125DEB98DF828408DF829408DF882
:10AE10002A408DF83C508DF83D508DF83E500D94F1
:10AE20000E948DF83F4000220AA91A48F8F7F0FF67
:10AE300028BB00220FA91748F8F79EFFF8B98DF834
:10AE400000408DF8014004944FF480708DF802406A
:10AE50000194039409900594069407948DF820506A
:10AE6000002269460B48F8F7B7FE40B94FF400706E
:10AE70000990002269460748F8F7AEFE08B1F5F7D9
:10AE8000BBFAF8F72DF814B070BD0000403802404E
:10AE900000280040DCA500202DE9F047ACB063207D
:10AEA000299040F23F102A900024142123A8E5F7AE
:10AEB0001BFE0025342116A82895E5F715FE58211C
:10AEC0006846E5F711FE47480068C0F301200228F4
:10AED0007DD04548C07D08B9F1F792F82AA929A884
:10AEE000F2F75EF9F6F7B4FB414E8246DFF8FC90CC
:10AEF000002223A93046C6F80090F8F7C1FD88B9B2
:10AF0000002228A93046F8F799FD58B99DF8A1000C
:10AF1000012806D19DF8A200012802D19DF8A300C6
:10AF200000B1012408274FF001081697CDE91B85D1
:10AF300016A8F8F71FFBB801099000976846F7F7C5
:10AF4000E7FF2C49C1F80080C6E900952998B06058
:10AF50002A98C6E9030575612548B561F8F7BAFD79
:10AF600008B1F5F749FA6CB1F6F772FBA0EB0A01EC
:10AF700023A8F1F7E7FF002223A91D48F8F748FFAF
:10AF800098B90CE006208DF8A0008DF8A1808DF80E
:10AF9000A2808DF8A350239526952795EBE70022F4
:10AFA00028A91348F8F7E8FE08B1F5F725FA002CB0
:10AFB00014D11148F3F7DEF81048B0F8981221F0D8
:10AFC000800141F04001A0F898120D4800E005E032
:10AFD000D0F8E01241F00101C0F8E0122CB0BDE859
:10AFE000F087000070380240A85404200028004078
:10AFF000DCA500203C0E47429837002008CD0420F5
:10B00000C0F204200E4810B50C4901604FF4827163
:10B01000416000218160C1604FF400720161C0E9AC
:10B020000512C1610162416281620A21C162F8F7C1
:10B0300087FF002801D0F5F7DFF910BD003001408F
:10B04000FCA500200F4810B50D4901604FF4827136
:10B05000416000214FF40062C0E9021292100161C8
:10B06000C0E90512C1610162416281620A21C162C7
:10B07000F8F766FF002801D0F5F7BEF910BD000013
:10B080000038004054A600200E4810B50C4901605D
:10B090004FF48271416000218160C1604FF4007201
:10B0A0000161C0E90512C1610162416281620A2148
:10B0B000C162F8F745FF002801D0F5F79DF910BDF2
:10B0C000003C0040ACA600200E4810B50C490160C1
:10B0D00000214FF48062C0E901125200C0E903214F
:10B0E00001224261016252024162826181620A214F
:10B0F000C162F8F725FF002801D0F5F77DF910BDF2
:10B100000034014004A700200A4810B50849016036
:10B11000002141F2BF224160C0E902120161816158
:10B12000F9F7CEFA002801D0F5F766F910BD000056
:10B1300000200040C4A8002030B595B000240F9432
:10B1400010941194129413941C2108A81494E5F7F8
:10B15000CBFC20216846E5F7C7FC254D2348C5E90F
:10B1600000044FF49670C5E902402C616C612846DA
:10B17000AC61F9F7A5FA80BB4FF480500F900FA98E
:10B180002846F9F7BCFC40BB2846F9F711FE20BB66
:10B19000202013908020149013A92846F9F71AFA5A
:10B1A000D8B93220CDE908400A940B940C940D9440
:10B1B000002208A928460E94F9F7D0FD68B900943A
:10B1C0004FF40050CDE90440029401940394694681
:10B1D00028460794F9F7D3F908B1F5F70DF928686F
:10B1E000C4602868046115B030BD00000000014053
:10B1F0005CA7002010B592B000240C940D940E941E
:10B20000142107A80F94E5F76FFC10941C216846E1
:10B210001194E5F769FC27484FF08041C0E900141C
:10B2200040F22B11C0E9024104618461F9F748FA48
:10B23000C8BB4FF480500C900CA91E48F9F75FFC76
:10B2400088BB1C48F9F748FE68BB0420CDE9070419
:10B2500007A91848F9F717FF28BB20201090802075
:10B26000119010A91348F9F7B5F9E0B960200090E2
:10B2700014200190022002900022694604940D4897
:10B28000F9F7C4FD78B91E20CDE90104082269460A
:10B290000848F9F7BBFD30B90C226946054801940E
:10B2A000F9F7B4FD08B1F5F7A7F80248F9F72EFD54
:10B2B00012B010BDA4A7002010B58EB0142107A8AD
:10B2C000E5F712FC00240C941C2168460D94E5F768
:10B2D0000BFC1B481949C0E900144FF49671C0E9F2
:10B2E000024104618461F9F7EBF918BB1448F9F7DE
:10B2F0005FFDF8B90720CDE9070407A91048F9F761
:10B30000C2FEB8B92020CDE90C040CA90C48F9F70D
:10B3100061F978B9602000900120CDE9010403941F
:10B32000049405940C22694605480694F9F76EFDCD
:10B33000002801D0F5F760F80EB010BD00080040FD
:10B34000ECA7002010B588B014216846E5F7CCFBC7
:10B3500000241348059411490694C0E900144FF4E1
:10B360009671C0E90241046144618461F9F7A8F96A
:10B3700078B90720CDE9000469460948F9F783FE4A
:10B3800038B9059405A906480694F9F723F9002869
:10B3900001D0F5F731F808B010BD000000040140FD
:10B3A00034A8002010B586B014216846E5F79CFB50
:10B3B0000D480C490024C0E90014FF21C0E90241F6
:10B3C00004618461F9F77CF940B90720CDE90004F4
:10B3D00069460548F9F757FE002801D0F5F70CF843
:10B3E00006B010BD004001407CA800200C4810B5FC
:10B3F0000A4901604FF496414160002181600C22AE
:10B40000C160C0E904128161C161F9F7B9FE08B1F8
:10B41000F4F7F2FF0248EEF77BF910BD001001408F
:10B4200054A9002010B500220F49104802F0E8FB93
:10B4300008B1F4F7E1FF0E490C4802F06DFF08B1C6
:10B44000F4F7DAFF0B49094802F0D2FE08B1F4F72D
:10B45000D3FF064802F0E4FF002803D0BDE8104007
:10B46000F4F7CABF10BD000058010020C4AB002093
:10B47000405804201858042070470B20EBF732FD89
:10B48000F2F7CEFF0920EBF72DFDF2F7C9FF000020
:10B490000148F7F71FB90000586E04202DE9F0416C
:10B4A000066805460C46306C06EB4411D1F8083BA3
:10B4B00095F806C04FF400474FF0200E05F29C426D
:10B4C000BCF1010F08D0DFF898C0604538D11804EE
:10B4D00031D5C1F8087B3FE0224E5FEA037C04D5FA
:10B4E000B04239D91804F4D436E05FEA836C02D54F
:10B4F000C1F808EB30E013F0280F2DD1B04201D98C
:10B500001804E6D404EBC40005EB8000D1F8101B4E
:10B51000D0F87432C1F31201591AC0F8681200F55C
:10B520001570ACB903691BB1C2681144C1600FE06A
:10B53000012128680AE098060AD5C1F808EB07E05F
:10B5400034B9D5F8640218B90021304603F0E4FAA2
:10B55000E1B22846F6F78CFF0020BDE8F08100003C
:10B560000A31544F0A30544F2DE9F84F0E4601EB83
:10B57000C60100EB81048146D0F80080D4E90910AF
:10B580001434884202D90120BDE8F88F081AA16856
:10B59000814200D20846C01C870808EB461A15E015
:10B5A000451AA068A84200D20546E81C870899F809
:10B5B00006000090ABB2F2B24046E16803F0EAFD4B
:10B5C000E0682844E060606928446061DAF818099E
:10B5D00080B2B84205D3D4E90401814201D20028E7
:10B5E000DED1D4E90401884208D806F00F01012019
:10B5F0008840D8F834188143C8F834180020C3E7CD
:10B60000704700000148F8F793B90000DCA500205E
:10B61000010901EB810100F00F0000EB4100C0B215
:10B620007047002102E00A38C0B2491C0A28FAD249
:10B63000090740EA116070472DE9F04105460068AE
:10B640000024C168490617D4C16841F08001C16077
:10B65000F5F7FEFF06464FF47A78042706E0F5F783
:10B66000F7FF801B404501D96F7701242868C06827
:10B67000400601D4002CF2D02046BDE8F08170B520
:10B68000044600680025C16821F08001C16020687F
:10B690008068800606D42046F8F71AFC10B1042012
:10B6A00060770125284670BD70B50C460546EBF75E
:10B6B000C1F86C632C68E06C0068016821F001013E
:10B6C0000160A06C0068016821F001010160206840
:10B6D000016821F0400101602068416821F0030108
:10B6E00041602846EAF7A6FCE16C37480968C86063
:10B6F000E16C206809680C308860E16C686B09684F
:10B700004860E06C0068016821F4A2610160A16CEE
:10B710002D480968801CC860A16C206809680C303D
:10B720008860A16C686B09684860A06C006801685B
:10B7300021F4A26101602068016821F040010160EC
:10B740002068416841F001014160E06C00680168D7
:10B7500041F001010160A06C0068016841F0010145
:10B7600001602068416841F0020141602068016881
:10B7700041F040010160A06C006841680029FCD1E3
:10B7800021688868000601D500BFFAE7086820F044
:10B79000400008602068416821F003014160E06CCE
:10B7A0000068016821F001010160A06C0068016877
:10B7B00021F0010101602846EAF73CFC206801689D
:10B7C00041F04001016070BD2856042010B50446C8
:10B7D000EBF730F8A06A4FF6FF71B0FBF1F2B0FB67
:10B7E000F1F301FB130101B101211144B0FBF1F0B0
:10B7F00060630020E0622168C86C0068026822F083
:10B8000001020260886C0068026822F00102026096
:10B810000868426822F003024260CA6CA06B12689A
:10B82000D060CA6C606B12685060C86C00680268B7
:10B8300022F484720260C86C0068026842F482627A
:10B8400002608A6C16481268D0608A6C606B12685D
:10B850005060886C0068026822F4A3620260086885
:10B86000426842F001024260C86C0068026842F01F
:10B8700001020260886C0068026842F00102026006
:10B880000868426842F002024260207940F00400F9
:10B8900020710868016841F04001016010BD00009E
:10B8A000245604200168CA6C1268136823F001034F
:10B8B00013608A6C1268136823F0010313600A682E
:10B8C000536823F003035360C36A826B1A44CB6C42
:10B8D0001B68DA60CB6C426B1B685A60CA6C1268DA
:10B8E000136823F484731360CA6C1268136843F4FA
:10B8F000826313608B6C426B1B685A608A6C12689F
:10B90000136823F4A36313600A68536843F00103C8
:10B910005360CA6C1268136843F0010313608A6CA9
:10B920001268136843F0010313600A68536843F018
:10B9300002035360027942F0040202710868016850
:10B9400041F0400101607047054909680160044900
:10B95000091D096841600249083109688160704722
:10B96000107AFF1F70B5D0F8D44241F2640600EBA4
:10B970008404D4F8C04204EB01152E444FF0FF3587
:10B980003CB11A4473689A4205D92123052200F07C
:10B9900002FC284670BD002070BD00002DE9F0417A
:10B9A0000446D0F8D402134604EB80064FF0FF356E
:10B9B000D6F8C00280B100F5805297697FB15F78F8
:10B9C000FF0715D0997869B180290ED0517F2423C3
:10B9D0000522204600F0DFFB2846BDE8F081517FBC
:10B9E0002023F5E706220B490FE008220A490CE064
:10B9F000D6F8C42201EBC1011B79126A02EB810166
:10BA00000A79521D934200D81A4600F023FC002008
:10BA1000E3E70000740100200A7504202DE9F041DD
:10BA20001446D0F8D4224FF0FF3600EB8202D2F851
:10BA3000C072002F55D02378DFF8E4810025252B34
:10BA400074D011DC1B2B32D007DC0BB3032B24D0BA
:10BA5000122B27D01A2B19D15BE01C2B67D01E2B81
:10BA60004AD0232B12D192E09E2B6ED008DC282BDB
:10BA70006CD02A2B6BD02F2B6AD05A2B06D168E0C2
:10BA8000A02B73D0A82B72D0AA2B71D0202325E035
:10BA90002246BDE8F04100F0ADBB2246BDE8F041D2
:10BAA00000F036BB2246BDE8F041FFF777BF3A46CB
:10BAB00007F5805797F86230012B04D1237903F002
:10BAC0000303022B7ED0207900F0030101290DD061
:10BAD000022907D0C043800708D009E0052200F002
:10BAE0005AFB89E0022087F8620001E087F8625083
:10BAF0002846D560BDE8F081207930B141F262007E
:10BB00000121C1552846FD60F4E741F26200C555A8
:10BB1000F8E70846D2F8C4120426C968884738B145
:10BB20004048817841F08001817007E034E06AE0AC
:10BB300098F8020020F0800088F80200207904289C
:10BB400000D80646324637491DE02AE02EE037E0AD
:10BB500042E00846D2F8C4120826C968884700287F
:10BB600098F8030005D040F0800004E046E022E0B1
:10BB70002DE020F0800088F80300207A082800D803
:10BB8000064627493246384600F064FB45E0224627
:10BB9000BDE8F04100F049BA2246BDE8F04100F0AE
:10BBA000A3B92246BDE8F04100F0E3B92246BDE862
:10BBB000F04100F0E7B82246BDE8F04100F03AB9A4
:10BBC000224600E010E0BDE8F04100F053BB224601
:10BBD000BDE8F04100F0BEBB07EB011241F2640387
:10BBE0001A4463789B0701D5242377E7D3689268CA
:10BBF000FFF7B8FE002885DA30467BE72246BDE82D
:10BC0000F04100F057BAB4F8031038464ABA22B1EE
:10BC1000082A00D908220449B6E728466AE7000046
:10BC2000AA790420A6790420785804202DE9F04749
:10BC30000746D0F8D402894607EB800041F264023F
:10BC4000D0F8C0524FF0FF3805EB09118C18E5B160
:10BC50002188E6684FF480524E43964200D3164640
:10BC6000B6FBF1F1D0F8C4028BB205F11001D0F8A7
:10BC700010C0A2688A464846E047002808DA112327
:10BC800004224946384600F086FA4046BDE8F0876F
:10BC90000E48334652460178384602F0B8F92088FB
:10BCA000A168B6FBF0F00844A0602088E168B6FB0C
:10BCB000F0F0081AE06005F58050816B891B816304
:10BCC000E06808B9032028720020DFE778790420B3
:10BCD0002DE9F05F8A46D0F8D412804600EB81004F
:10BCE00041F26402D0F8C0524FF0FF3905EB0A115F
:10BCF0008C18E5B12188E6684FF480574E43BE4268
:10BD000000D33E46B6FBF1F1D0F8C4028BB205F188
:10BD10001001D0F814C0A2688B465046E0470028B6
:10BD200008DA032304225146404600F034FA48461C
:10BD3000BDE8F09F2088A168B6FBF0F00844A06041
:10BD40002088E168B6FBF0F0081A05F58055E06040
:10BD5000A86B801BA863E36863B120884343BB42A0
:10BD600000D33B4606485A460178404602F0A5F803
:10BD70000020DDE700214046FEF7DAFDF8E700008D
:10BD8000797904202DE9F0470746D0F8D40290468F
:10BD900007EB80008946D0F8C04241F2640204EB10
:10BDA00009118D184FF0FF3A5CB3217AB1BB04F54D
:10BDB0008056317F09062DD596F86210022905D0EC
:10BDC000D0F8C40281684846884730B13A2302223D
:10BDD0004946384600F0DFF913E0D8F8020098F839
:10BDE000051000BA20F0FF000843A860B8F807006B
:10BDF000494643BAEB603846AA68FFF7B3FD00280E
:10BE000002DA5046BDE8F0872988E8684843B169FE
:10BE1000884204D02023717F0522DAE701E0022066
:10BE200020724FF48050E06049463846BDE8F04744
:10BE3000FFF7FCBE2DE9F0478946D0F8D4128046C2
:10BE400000EB81001746D0F8C04241F2640204EBD7
:10BE500009118D184FF0FF3A6CB3217AC1BB04F57C
:10BE60008056317F09062FD596F86210022905D039
:10BE7000D0F8C40281684846884730B13A2302228C
:10BE80004946404600F087F915E057F8020F00BA1E
:10BE9000F97820F0FF000843A8607868494600BAA6
:10BEA00020F0FF03F8790343EB604046AA68FFF7F0
:10BEB00059FD002802DA5046BDE8F0872988E86875
:10BEC0004843B169884204D02023717F0522D8E716
:10BED00001E0022020724FF48050E0604946404665
:10BEE000BDE8F047FFF7A2BE2DE9F0410646D0F8C5
:10BEF000D402884606EB800041F26402D0F8C042CA
:10BF00004FF0FF3704EB08118D1844B1D0F8C4028C
:10BF10002A46291D43684046984718BB02E0384628
:10BF2000BDE8F08141F26200005D02281AD0686825
:10BF3000401E000E20746868401E000C6074A888C3
:10BF4000401E000AA0742879401EE074002020756D
:10BF500060752888000AA0752878E0750820E060E0
:10BF60000020DDE73A2302224146304600F013F973
:10BF7000D5E72DE9F0470746D0F8D402164607EB7F
:10BF800080008946D0F8C04241F2640204EB0911F6
:10BF90008D184FF0FF3844B1D0F8C4022A46291D4D
:10BFA00043684846984798B902E04046BDE8F087A4
:10BFB00041F26200005D02280AD0D6F80A00717BC7
:10BFC00000BA20F0FF000843E0600020014609E0CD
:10BFD0003A2302224946384600F0DDF8E5E7221808
:10BFE000401C1174E2688242F9D86868401E000E55
:10BFF00020756868401E000C6075A888401E000A05
:10C00000A0752879401EE075217661762888000A9F
:10C01000A0762878E076D6F80A00717B00BA20F086
:10C02000FF000843E0600020C0E72DE9FC41054621
:10C03000D0F8D4020F4605EB80004FF0FF36D0F861
:10C04000C04244B1D0F8C4026A4601A943683846E8
:10C05000984738BB02E03046BDE8FC8141F26200FF
:10C06000005D02281ED0002001462218401C80B22C
:10C0700011740C28F9D30820E0740198401E020EB8
:10C080002275020C6275020AA275E0750220207604
:10C090006176BDF80000010AA176E0760C20E06030
:10C0A0000020D9E73A2302223946284600F073F8E7
:10C0B000D1E7000010B5D0F8D41200EB8100D0F821
:10C0C000C04284B118211148E4F7ECFC2068C2009A
:10C0D0000E480832110E0170110C4170110A817066
:10C0E000C270002107E04FF0FF3010BD00EBC1032C
:10C0F0005972491CC9B223688B42F7D2083292B2F6
:10C100000249204600F0A6F8002010BD60FF042080
:10C1100070B5D0F8D4124FF0FF3400EB8101D1F8A4
:10C12000C01231B301F580539D6925B30020044648
:10C130000D18401CC0B22C741228F9D3702008745A
:10C140000C20C87593F8600093F86150A8421AD08B
:10C1500001EBC00505F58255401C2E788E742E79B2
:10C160000E776D79C0B24D7783F86000042808D04F
:10C1700009E0204670BD597F2023052200F00BF80E
:10C18000F7E783F860401220C8601079122800D8C1
:10C19000C860002070BD10B5D0F8D41200EB81004B
:10C1A000D0F8C002002824D000F5805191F86140F9
:10C1B00000EBC40404F5805484F8402091F8612019
:10C1C00000EBC20202F5805282F8443091F86130EF
:10C1D000002200EBC30000F5805080F8452091F864
:10C1E0006100401CC0B281F86100042801D181F8CF
:10C1F000612010BD2DE9F0410546D0F8D4028846F3
:10C2000005EB80014FF0FF36D1F8C042E4B104F5F0
:10C210008050826932B1417F202305222846FFF7F2
:10C22000BAFF11E090F862000527022805D0D1F886
:10C23000C40281684046884748B13A2302224146F9
:10C240002846FFF7A8FF27723046BDE8F08100209E
:10C25000E060FAE710B508B1C26007E04FF0FF30C8
:10C2600010BD521E92B284188B5C2374002AF8D140
:10C27000002010BD2DE9F05F8B46D0F8D412804627
:10C2800000EB81009146D0F8C05241F2640205EB08
:10C290000B11D0F8C4728C184FF0FF3A65B3287AAE
:10C2A00028B159464046BDE8F05FFFF711BD05F5DE
:10C2B0008056B069A0B3307F000631D4B9685846C3
:10C2C000884728B13A2330E04046FFF764FF13E087
:10C2D000D9F8020099F8051000BA20F0FF000843D1
:10C2E000A060B9F80700594643BAE3604046A26827
:10C2F000FFF738FB002802DA5046BDE8F09FF968E6
:10C300005846884730B1BB6973B1D4E90212584628
:10C31000984748B12088E3684343B069984207D002
:10C320002023717F0522CFE7272302225946CBE73E
:10C330004FF48050834200D3034601202872044802
:10C3400005F110020178404601F0B7FD0020D4E766
:10C35000797904202DE9F74FD0F8D412814600EB0B
:10C3600081000199D0F8C042174604EB011141F257
:10C3700064028D18D0F8C4824FF0FF3B002C61D0CE
:10C38000207A30B1019903B04846BDE8F04FFFF77D
:10C390009FBC04F58056B06910B1307F000606D509
:10C3A000717F202305224846FFF7F5FE4AE0D8F8C2
:10C3B0000810019888474FF0050A08B13A233AE07F
:10C3C00057F8020F00BAF97820F0FF000843A86080
:10C3D000786800BA20F0FF03F8790343EB60AA689D
:10C3E00048460199FFF7BEFA00282BDBD8F80C105D
:10C3F0000198884738B1D8F81830DBB1D5E9021276
:10C4000001989847B0B12888EB684343B0699842D7
:10C41000C6D14FF48050834200D3034601202072DE
:10C42000094804F110020178484601F046FD002059
:10C43000BDE8FE8F2723022248460199FFF7ABFE95
:10C4400084F808A05846F3E77979042018B5174A0C
:10C45000FF241068400603D4106840F040001060CC
:10C4600042F21071084600E000BF93689B0701D4B8
:10C47000401EF9D29068C0070AD0D0688DF800003D
:10C480009068C00702D0D0688DF800009DF80000C9
:10C49000147300E000BF9068C00701D1491EF9D2B3
:10C4A0009068C00701D0D068C0B218BD003001400C
:10C4B000F8B515460E460B460092044601220221AD
:10C4C00000F04CF8A0B9134813490068B0FBF1F034
:10C4D0004FF47A71484300906068B0F5827F0DD1C7
:10C4E0003346002280212046009500F037F870B1D5
:10C4F000606D40F0200060650320F8BD009830B109
:10C50000401E009020688068C0430006F6D50020D9
:10C51000F8BD0000D474042000366E0108B502682E
:10C5200010688368DB439B0714D4017300201268F2
:10C5300006E0401C642803DD11736FF0010008BDA4
:10C540009368DB43DB07F4D1107B8DF800009DF886
:10C55000000008BD4FF0FF3008BD00002DE9F84392
:10C560001E46914688460446089DF5F771F8401B23
:10C57000351AF5F76DF8074626480068C0F3CB304A
:10C5800068430AE0701C09D0F5F762F8C01BA842A6
:10C590000FD275B10098B8B3401E00902068816832
:10C5A00038EA010033D000204845EBD10020BDE837
:10C5B000F8832068416821F0E00141606068B0F5CF
:10C5C000827F0BD1A068B0F5004F02D0B0F5806F2C
:10C5D00004D12068016821F040010160A06AB0F533
:10C5E000005F09D12068016821F4005101602068D2
:10C5F000016841F400510160012084F851000020DD
:10C6000084F850000320D2E7FFE70025C6E70120A9
:10C61000CAE70000D474042070470178407841EAEA
:10C62000002070470648016821F4C05101600449A8
:10C630004FF4C050143108602820F5F780BE000088
:10C64000003C0140054810B5006810B10348F4F7FC
:10C65000C1FABDE81040FEF799B9000040A50020DE
:10C66000054810B5006810B10348F8F76EFDBDE845
:10C670001040FEF7BBBE000054A90020FEF7FEB933
:10C6800000B585B04FF40060009002200021CDE994
:10C69000010103900120049069460348F4F7E6FE87
:10C6A00005B0002000BD000000000240054810B5A4
:10C6B000006810B10348F5F71AF8BDE81040FEF71E
:10C6C00011BB000088A500200A4810B5006810B111
:10C6D0000848F7F71EFC0748B030006818B1054855
:10C6E000B030F7F716FCFEF7ADFCBDE81040FEF7E2
:10C6F000EBBC000054A6002010B5FEF77BFDFEF752
:10C7000003FDBDE81040FEF74DBE000010B5044625
:10C71000F1F7A4F8044901222046A1F8982200F07C
:10C7200005F8002010BD0000F83400200A4910B5BB
:10C73000084888639030F8F708FD06489030F8F70D
:10C7400051FD00F065F8FEF7F7FC00F0C5F8002099
:10C7500010BD00000CA9002070DF042010B50446B5
:10C76000F1F77CF8044902222046A1F8982200F053
:10C7700005F8002010BD0000F834002000B587B097
:10C7800014216846E4F7B0F91649154888639038D3
:10C79000F8F7DBFC12489038F8F724FD00F038F881
:10C7A0001148016841F0010101600068032100F0B7
:10C7B000010005904FF4805000900220019001206C
:10C7C000CDE90201049069460848F4F74FFE00F0F5
:10C7D0001FFD002801D04FF0FF3007B000BD000062
:10C7E0009CA9002070DF0420303802400000024085
:10C7F00010B5F8F78FFF0548006810B10348F7F748
:10C8000088FBBDE81040FEF7FDBB0000FCA5002042
:10C810002DE9F0410F20F5F792FD4520F5F78FFD4A
:10C820003420F5F78CFD4720F5F789FD2448D0F832
:10C83000341229B1D0F8300210B12248EFF73EF897
:10C840002148224C0025806B0C274FF4E136A04292
:10C8500016D1206810B12046F8F777FC1C482060FC
:10C86000C4E90165E560C4E90457A5611748E561BD
:10C87000F4F7FAFED0B94720F5F772FD45201BE02A
:10C88000124C903C206810B12046F8F75EFC11482D
:10C890002060C4E90165E560C4E90457C013C4E938
:10C8A00006500A489038F4F7DFFE08B1F3F7A4FD0C
:10C8B0003420F5F755FD0F20BDE8F041F5F750BDE8
:10C8C000F8340020F804002070DF04209CA9002028
:10C8D00000140140004C004070B586B01421684639
:10C8E000E4F702F90E480025016841F001010160FA
:10C8F00000680C4E00F001004FF4006405902A46D9
:10C9000021463046F4F79FFE01200094CDE9010551
:10C91000694630460395F4F7A9FD06B070BD0000E6
:10C920003038024000000240002000F003B801202F
:10C93000AFF300802DE9F14F4FF0000A86B0614857
:10C94000CDF808A0CDF800A001685246D146574660
:10C9500056465446534641F0010101600068DFF835
:10C96000688100F001000190D8F800100491D8F817
:10C970000C100391049921F07071C8F8001003990C
:10C9800021F0707141F0A071C8F80C10BFF34F8F07
:10C990004E48DFF83CC1C8210068B0FBFCF54D43B0
:10C9A0004FF47A718D4200D20D464A49B0FBF1FE38
:10C9B000BEF1100F01D24FF0100ED8F81000C0F3E6
:10C9C000003B45480068C00105D544480068C007E1
:10C9D00001D0012000E00020019029014FF4006007
:10C9E000814201D2014602E0614500D961463B48DF
:10C9F000406805903DE0019840B13848D0F804C047
:10CA00000598ACEB0000A84237D204E02046641C35
:10CA1000B0F5806F31D2DFF8B0C0DCF81000DCF880
:10CA200010C0C0F30030CCF3C02CBCF1000F00D01C
:10CA30007F1C70B3521C58451BD0DDF804C0BCF1FC
:10CA4000000F15D0DFF894C0DCF804B0DDF800C0AA
:10CA5000BCF1000F06D0DDF80880ABEB0808F0450C
:10CA600000D8761C4FF0010CCDF800C0CDF808B00E
:10CA7000834618465B1C8842BDD313480399C160A6
:10CA800004990160BFF34F8FB9F1100F0BD34AB176
:10CA900009E0FFE70AF1010ABCF1000FCBD109F16F
:10CAA0000109C8E75FB1069818B1BAF1100F00D3B9
:10CAB0000AB1042E03D3012007B0BDE8F08F002097
:10CAC000FAE700003038024000000240D47404202D
:10CAD00040420F0090D00300FCED00E0001000E0A9
:10CAE00010B5F5F7B5FBBDE810400420F1F78AB8A2
:10CAF00030B593B034216846E3F7F6FF14210DA852
:10CB0000E3F7F2FF1B480024016841F08051016007
:10CB1000006800F0805012901748016821F44041ED
:10CB200041F4804101600068012500F4404012900A
:10CB3000032000904FF4803003950190EDF7ACFB9B
:10CB4000049006946846F6F715FD50B90F20CDE91C
:10CB50000E540D90109400210DA81194F6F782FB4D
:10CB600008B1F3F749FCEDF7D3FBEFF749FA13B03F
:10CB700030BD00004038024000700040012100F04C
:10CB800001B800002DE9F04F95B00D0001D000F084
:10CB900031F90021012000F075F8374801273C03E6
:10CBA000016821F480710160032012904FF00C0A9B
:10CBB000602634216846E3F797FF14210DA8E3F7B8
:10CBC00093FF2E48016841F080510160006800F039
:10CBD000805013902A48016841F440410160006888
:10CBE0004FF0010800F4404013902001CDE900808F
:10CBF0004FF00F0B80014FF00209AFB1CDE9069065
:10CC00000420CDE90A90CDE908A66846CDF8309019
:10CC1000F6F7B0FC08B1F3F7EFFB0020CDE90F0405
:10CC20001190CDE90DB916E0CDE906800C200890F1
:10CC30006020CDE90909CDF82C906846CDF83090F8
:10CC4000F6F798FC08B1F3F7D7FB0020CDE90F0405
:10CC50001190CDE90DB80DA81299F6F703FB08B1B4
:10CC6000F3F7CAFBEAF7E8F8002D01D000F08CF8E2
:10CC700015B0BDE8F08F0000003C02404038024093
:10CC800000700040F0B5B5B00D46060004D1F0F7D5
:10CC90007FFA08B1EFF7B4F90DB100F0ABF8342129
:10CCA00016A8E3F721FF142130A8E3F71DFF33484E
:10CCB0000024016841F080510160006800F080505C
:10CCC00000902F48016821F4404141F48041016007
:10CCD0000068012700F44040009002201690294887
:10CCE0001997806F1A901C9416A8F6F743FC08B1A8
:10CCF000F3F782FB0F20CDE930044FF48050CDE9EB
:10CD00003240002130A83494F6F7ACFA08B1F3F7BA
:10CD100073FB34216846E3F7E7FE68460697009404
:10CD2000F6F728FC08B1F3F767FBFEB9F0F730FA25
:10CD3000E0B1FEF7B1F8342123A8E3F7D5FECDE941
:10CD4000237423A82897F6F715FC08B1F3F754FBD2
:10CD500058216846E3F7C8FE08200090800109903A
:10CD60006846F6F7D5F808B1F3F746FBEAF764F83A
:10CD7000002D01D000F008F835B0F0BD4038024079
:10CD800000700040A8540420164808B5B0F8B0025E
:10CD9000C0061BD51448ECF7BBFC144991F82B00D6
:10CDA00000281DD012480268009242680092C268B2
:10CDB00042F40052C260C26842F02002C260002009
:10CDC00081F82B00BDE80840E6F784B8FFF756FC71
:10CDD0000020E9F755F8BDE808400348ECF798BC97
:10CDE00008BD000008CD042054A90020A854042048
:10CDF00000100140144810B5B0F8B002C0061ED5AE
:10CE0000E6F768F800211148E6F718F8104948B12C
:10CE1000002081F82B0001220221BDE810400620ED
:10CE2000EDF752BC0B48C26822F40052C260BFF357
:10CE30004F8FBFF36F8F012081F82B0010BDBDE82D
:10CE40001040E9F70FB8000008CD0420089D042029
:10CE5000A85404200010014070B5194D2868194BE2
:10CE6000194910F00C0004D0184E042803D00828EB
:10CE700003D00B601BE00E6019E0114A121F10680E
:10CE8000C0F38054106800F03F0014B1B6FBF0F01E
:10CE900001E0B3FBF0F013681268C3F38813584342
:10CEA000C2F30142521C5200B0FBF2F00860286845
:10CEB000074AC0F30310105C0A68C2400A6070BDE4
:10CEC000083802400024F400D474042000366E01B7
:10CED0006C4B16080448016841F470010160024976
:10CEE000024880390860704788ED00E000021408AD
:10CEF0002DE9F05FB3480169C9070DD0016921F040
:10CF000001010161B0480078DFF8C082B04F002510
:10CF100020B13D80A8F80050BDE8F09FAE4EAD486E
:10CF200096F840114268890183680B4483608368E6
:10CF3000934206D383688468B3FBF2F303FB124287
:10CF40008260836AC26A5B186A418362C26200229D
:10CF500000EB8203183353E8004F0C4443E8004CC5
:10CF6000BCF1000FF7D1521C032AF1DB96F8400107
:10CF700081019A48F2F72EFB994841F66A039A4AD2
:10CF8000816D491C816597494888401C80B2488062
:10CF9000984203D34D80012082F810039348836B9D
:10CFA00080681C183068E8B30020824692F80E03AF
:10CFB00002EB4003B3F80893401CC0B2032800D32F
:10CFC0000020934682F80E038148B8F8006043467B
:10CFD0000288A8463243028085481D80BAF1000FBE
:10CFE000C38942EA03422260028A438A42EA034238
:10CFF00062607DD07749002604F1080788693546CC
:10D00000402827D3C868896B0E187A49896B0D1898
:10D01000704940234A68C8684030904205D3B0FB4D
:10D02000F2FC00E014E00CFB1200C860086BD1F8C1
:10D0300034C0402282184CF100000A634863183162
:10D0400051E8000FC01A41E80002002AF8D105E0BB
:10D050000120AAE700215F4804F0F8FA664B00209F
:10D060001A5CFF2A0DD066B15DB102F01F01202AC3
:10D0700003D2A1F1010101F01F0105D236F911100F
:10D0800007E027F8108006E035F811104FEA41015B
:10D0900009B227F8101000F101000828E0D3BAF116
:10D0A000000F03D0A4F81890A4F81A80DBF8F80257
:10D0B000A083000CE0834D4820254168826820321F
:10D0C000826082688A4206D382688368B2FBF1F28A
:10D0D00002FB11318160816AC26A2031444642F10B
:10D0E00000028162C262002100EB8102183200E07E
:10D0F00021E052E8003F2B4442E80036002EF6D1F2
:10D10000491C0329F0DB20213448F2F7A1FA3B4AFD
:10D110002F4910880B88184310800C800120F0F7ED
:10D1200071FDEDF7EDFD00283FF4F6AEBDE8F05FD0
:10D130000520F0F767BD324F324DDFED330A97ED32
:10D14000000A10EE102AAA4201DDB0EE600A10EECD
:10D15000102A4FF047469FED2D1AB24201D9B0EE8A
:10D16000410ABDEEC00A10EE102A97ED010A13B273
:10D1700010EE102AAA4201DDB0EE600A10EE102A6D
:10D18000B24201D9B0EE410A05894689BDEEC00A16
:10D1900045EA0646A6608589068810EE102A45EA0B
:10D1A0000645E5604588808845EA0040206188881A
:10D1B000461C8E8049EA0040606198B240EA024015
:10D1C000A06173E700400140B9540420EC540420EE
:10D1D000E854042080E90420C0EA042090FB0420E5
:10D1E0008001002040010020C0F2042040EA042019
:10D1F00068E90420C0E90420D8550420EA5404203A
:10D20000B879042000FEFF4600FEFF46000000C77C
:10D2100070B58CB014216846E3F766FC00242448FE
:10D22000059406940794089409940A94016841F0BF
:10D23000010101600068012600F001000B904FF42D
:10D24000805000900220CDE901060320CDE90306BD
:10D2500069461848F4F70AF9184D1748C5E900045B
:10D26000C5E902462C616C612846AC61F7F728FAE3
:10D27000661E98B94FF40050CDE90504079405A93E
:10D2800028460894F7F73BFC40B9202009908020FD
:10D290000A9009A92846F7F79DF910B130460CB05D
:10D2A00070BD2868C460286804610020F7E70000AA
:10D2B0003038024000000240000001405CA700201E
:10D2C0000148F7F78BBC0000A4A7002002496FF0CB
:10D2D000010008617047000000200040F0B50268BE
:10D2E000274D284E284FDFF8A4C0294B4FF0804E21
:10D2F000A84209D0704507D0B04205D0B84203D04B
:10D30000604501D0984203D122F070044A6822435C
:10D31000A8421BD0704519D0B04217D0B84215D0E2
:10D32000604513D0984211D01A4CA0420ED01A4C2E
:10D33000A0420BD0194CA04208D0194CA04205D0F5
:10D34000184CA04202D0184CA04203D122F44074E1
:10D35000CA6822434C6922F0800222438C68C4626E
:10D360000C688462A84201D0984201D10969016326
:10D37000016841F004010160012141610260F0BDDA
:10D38000000001400004004000080040000C004084
:10D3900000040140004001400044014000480140B9
:10D3A00000180040001C00400020004010B501F0B3
:10D3B0001F010123046A8B409C430462036A8A4074
:10D3C0001343036210BD10B5846842EA032224F4BB
:10D3D0007F440A432243826010BD826822F07002BB
:10D3E0000A4342F00701816070470000F0B5026A0D
:10D3F000036A23F00103036243688469114E24F039
:10D4000073050C68104F2C4322F002058A682A43EA
:10D41000B04201D0B84205D122F00805CA682A43BB
:10D4200022F00402B04201D0B84205D14D6923F484
:10D4300040731D438B692B4343608461496841639A
:10D440000262F0BD0000014000040140F0B5026A34
:10D45000036A23F010030362436884690D6824F4AF
:10D46000E64444EA05248D6822F0200242EA0512CF
:10D470000F4D104EA84201D0B04206D1CF6822F025
:10D48000800242EA071222F04002A84201D0B042D4
:10D4900007D14D6923F4406343EA85038D6943EA6C
:10D4A000850343608461496881630262F0BD0000C6
:10D4B0000000014000040140F0B5026A036A23F451
:10D4C000807303624368C46922F4007224F0730518
:10D4D0000C68124E2C438D6842EA05220E4DA8427C
:10D4E00001D0B04206D1CF6822F4006242EA07229E
:10D4F00022F48062A84201D0B04207D14D6923F4E2
:10D50000405343EA05138D6943EA05134360C46140
:10D510004968C1630262F0BD00000140000401409F
:10D5200030B5036A026A22F4805202624268C4691A
:10D530000D6824F4E64444EA05248D6823F400537E
:10D5400043EA0533084DA84202D0084DA84204D151
:10D550004D6922F4804242EA85124260C461496802
:10D560000164036230BD000000000140000401407E
:10D5700070B50268002493684D6823F070031D4362
:10D580000B6825F007052B4393604A6812F00F0FD4
:10D5900031D11211082A2ED2DFE802F02E2E2E2EC3
:10D5A0000B2127040B69D1E902210068FFF70BFF6B
:10D5B00022E00A68052A10D00268156A136A23F06F
:10D5C0000103136202689369096923F0F00343EAD7
:10D5D00001119161006805620EE0012070BD0A69C9
:10D5E0008968006800F00AF806E00A69896800683E
:10D5F00000F015F800E00124204670BD10B5046A63
:10D60000036A23F001030362836923F0F00343EA12
:10D61000021324F00A020A438361026210BD10B5AE
:10D62000036A046A24F010040462846923F0A003EE
:10D6300024F4704444EA023243EA01118261016237
:10D6400010BD00000A4810B5016821F020010160FA
:10D650000848EDF7B1FCEEF737FA20B10648E9F7D4
:10D6600053FBF0F7DDFEBDE810400220F0F7CABA28
:10D6700080E90420F80400203452534901680C3139
:10D6800051E8002F22F4907241E80023002BF5D1DD
:10D690000168143151E8002F22F0010241E8002313
:10D6A000002BF5D1016B012909D101680C3151E83A
:10D6B000002F22F0100241E80023002BF5D1202199
:10D6C00080F8421000210163704701680C3151E875
:10D6D000002F22F0C00241E80023002BF5D12021C9
:10D6E00080F841107047000070B504460068016979
:10D6F000E26821F4405111430161A1682069E269A7
:10D7000001436069104301432068C26849F20C6319
:10D710009A430A43C26020684169A26921F44071BA
:10D720001143416134492068884208D03349884216
:10D7300005D03349884202D03249884202D1F5F7F8
:10D74000D7FE01E0F5F7C4FEE26900231921642544
:10D750003226B2F5004F626828D0A0FB0101930F7A
:10D760009200E2F719FF0146B0FBF5F06FF01802E6
:10D77000504301EB800006EB0010B0FBF5F000F029
:10D78000F002B1FBF5F002EB0012B1FBF5F06FF027
:10D790001803584301EB800006EB0010B0FBF5F0D6
:10D7A00000F00F0021681044886070BDA0FB0101EB
:10D7B00092185B41E2F7F0FE0146B0FBF5F0020182
:10D7C000B1FBF5F06FF01803584301EB800006EB56
:10D7D000C000B0FBF5F000F0F80002EB4002B1FB36
:10D7E000F5F0584301EB800006EBC000B0FBF5F00C
:10D7F00000F00700D6E700000010014000140140CF
:10D8000000180140001C014010B5F6F77BFB1B48D7
:10D81000016821F0200101604FF480411848F3F7BE
:10D8200005FF0028174809D0EBF748FEEEF74CF942
:10D8300058B11548E9F768FAF0F7F2FDEBF7B0FDDB
:10D84000BDE810400F48EBF723BF1048D0F838125E
:10D85000C9030CD4D0F83012C96809060CD5D0F829
:10D86000340220B1806B10B10068002804D1BDE8FB
:10D8700010400448EDF786BE10BD000080E904208A
:10D8800000080240089D04204252534908CD04205C
:10D890000D4810B5016821F0200101600B48EDF73B
:10D8A0008BFBEEF711F920B10948E9F72DFAF0F7F3
:10D8B000B7FD0848016841F020010160BDE8104053
:10D8C0000220F0F79FB9000080E90420F80400204E
:10D8D000365253490C14014010B5D0F8B822002438
:10D8E0005268904700B10324204610BD00207047C5
:10D8F00000207047134610B50A46002100F0DDFAFB
:10D90000002010BD134610B50A46002100F07FFB31
:10D91000002010BD10B50446802100F059FB2046C0
:10D92000BDE81040002100F053BB10B50521C0F840
:10D93000941200231A46194600F0BFFA002010BDC9
:10D9400010B50223C0F894324261826113464162ED
:10D950000A46002100F05BFB002010BD10B5042139
:10D96000C0F8941200231A46194600F050FB00201C
:10D9700010BD000010B50A46024903A000F00DF9E1
:10D98000004810BD60FD04204D534320436F6E6678
:10D99000696700001220088000487047DC7404208A
:10D9A00010B50A46024903A000F0F7F8004810BD80
:10D9B00060FD04204D534320496E746572666163B7
:10D9C000650000000420088000487047D8740420D7
:10D9D00010B50A46024903A000F0DFF8004810BD68
:10D9E00060FD042053544D6963726F656C65637408
:10D9F000726F6E696373000010B50A46024903A096
:10DA000000F0CBF8004810BD60FD042053544D33A6
:10DA100032204D6173732053746F7261676500002B
:10DA200010B51A2008800A480168001D0468001D0E
:10DA30000068081809D008220649FCF7DFFD0549EF
:10DA4000042210312046FCF7D9FD0248801E10BD8B
:10DA5000107AFF1FF2740420F8B504460020ADF8D8
:10DA6000000048880D46010A08295FD2DFE801F06E
:10DA70005E0409175E5E3D45D4F8B412207C0A6846
:10DA800019E0207C02260028D4F8B80205D0C16A2B
:10DA9000684688470146467039E0816AF8E7C0B2B7
:10DAA000062843D2DFE800F0030B1115191DD4F846
:10DAB000B402426806E069469047014627E0D4F880
:10DAC000B40282688AB3207CF5E7D4F8B402C26855
:10DAD000F8E7D4F8B4020269F4E7D4F8B402426972
:10DAE000F0E7D4F8B4028269ECE7207CE8B9D4F816
:10DAF000B802416B68468847DFE7207CA8B9D4F8B4
:10DB0000B802016B68468847014607204870EA88DA
:10DB10008AB1BDF8000040B1824200D90246ADF89A
:10DB200000202046FFF70CFFF8BDFFE729462046FE
:10DB3000FFF7F0FEF8E72046FFF710FFF4E778B5AF
:10DB40000E4642880178002405468A4212D9ADF873
:10DB500000100AE0694600F019F84178052904D15F
:10DB600081780446B14205D000246988BDF80020C0
:10DB70009142EFD8204678BD002102E0491CC9B28D
:10DB8000401C0278002AF9D1084670470A880378B9
:10DB90001A440A8001780844704770B516460D464D
:10DBA000002820D00446FFF7E7FF022101EB4001E7
:10DBB0004FF40070814204D82046FFF7DDFF40009B
:10DBC000801C30803078287003206870022000228A
:10DBD00006E02954401CC0B22A54401CC0B2641C48
:10DBE00021780029F5D170BD01004FF0000004D06C
:10DBF000012901D0022901D003207047012070477C
:10DC000078B10023C0F8B832C0F8C432C0F8D032BE
:10DC100009B1C0F8B412012180F89C12027000F022
:10DC2000D9B80320704710B5D0F8C802F4F762FCE9
:10DC3000BDE81040FFF7D8BF10B5D0F8C802F4F720
:10DC400034FCBDE81040FFF7CFBF70B50446002597
:10DC500021B194F89C02032846D050E0D4F89412E5
:10DC600004F11400022939D1818942688A420AD913
:10DC7000511A41608289016911440161426820465C
:10DC8000FFF740FE0FE0914214D10068884211D3A3
:10DC9000D4F8981288420DD2002211462046FFF790
:10DCA00031FEC4F8985200231A461946204600F067
:10DCB00004F913E094F89C02032808D1D4F8B802C0
:10DCC000C16821B1C4F8D452C16820468847802178
:10DCD000204600F07DF92046FFF727FE94F8A002C9
:10DCE00068B184F8A0520AE0D4F8B802426932B1AF
:10DCF000C4F8D452426920469047002800D1002041
:10DD000070BD10B50446002221B194F89C0203288E
:10DD100034D03EE0D4F8941204F5AA70032938D127
:10DD20008389416899420ED9C91A416001699AB242
:10DD300011440161426898B2824200D802462046EE
:10DD4000FFF7D8FD25E094F8AA0210F01F0003D0D9
:10DD5000012802D0022800D0002294F89C02032857
:10DD600008D1D4F8B802016921B1C4F8D4220169FC
:10DD7000204688472046FFF7F1FD0AE0D4F8B802B4
:10DD8000836933B1C4F8D4228269204690470028C1
:10DD900000D1002010BD0020704710B500240121E3
:10DDA00080F89C12D0F8B82222B1526801799047CD
:10DDB00000B10324204610BD10B5D0F8C802F4F716
:10DDC000C6FBBDE81040FFF70FBFD0F8C802F4F75C
:10DDD000D8BB000010B5017841BB15490222C1F83B
:10DDE000E004C0F8C8124FF0A04008600620087197
:10DDF000CA71002088714A728872C87208734873A9
:10DE00008873C8730846F4F72FFF08B1F2F7F4FAE5
:10DE100080210748F4F7F9FA402200210448F4F77A
:10DE2000F8FA802201210248F4F7F3FA002010BD2D
:10DE3000586E04200A0601F07F01D0F8C80201EBF9
:10DE4000C10100EB810001D5807D704790F856023A
:10DE5000704710B5D0F8D42200EB8202D2F8B82275
:10DE600022B190F89C32032B02D004E0032010BDB5
:10DE7000126A02B19047002010BD10B5D0F8D4222C
:10DE800000EB8202D2F8B82222B190F89C32032B28
:10DE900002D004E0032010BD526A02B19047002076
:10DEA00010BD10B51C461346D0F8C8022246F4F740
:10DEB00071FBBDE81040FFF797BE10B5D0F8C8025F
:10DEC000F4F799FBBDE81040FFF78EBE2DE9F04155
:10DED00000250126044680F89C62C4F894526560CF
:10DEE000C4F8A45280F8A052D0F8B80230B1426809
:10DEF00022B100212046904700B103250022402393
:10DF000011462046FFF7CDFF402784F86361A4F84F
:10DF100060713B46002280212046FFF7C2FF84F853
:10DF2000236027842846BDE8F08190F89C120429DC
:10DF300003D190F89D1280F89C120020704710B514
:10DF400090F89C12032905D1D0F8B81211B1C96913
:10DF500001B18847002010BD01740020704710B542
:10DF6000D0F8C802F4F769FFBDE81040FFF73CBEE7
:10DF700070B5044600F2AA20054600F0B5F901206C
:10DF8000C4F89402B4F8B002C4F8980294F8AA2233
:10DF900012F01F000AD001280ED0022812D020460D
:10DFA000BDE8704002F0800100F012B8294620461A
:10DFB000BDE8704000F036BA29462046BDE8704002
:10DFC00000F079BB29462046BDE8704000F0C0BA99
:10DFD00010B5D0F8C802F4F72AFBBDE81040FFF7EF
:10DFE00003BE10B5D0F8C802F4F741FFBDE81040F9
:10DFF000FFF7FABD90F89C12042903D090F89C1208
:10E0000080F89D12042180F89C120020704710B502
:10E01000D0F8C802F4F744FBBDE81040FFF7E4BDB8
:10E0200010B5FCF7D3FB002010BD10B5FCF7F2FBD8
:10E03000002010BD70B51C4D04466978FFF7FCFD4B
:10E040006878002600F00F0000EB800004EB8000F1
:10E0500080F8636129782046FFF7EEFD287800F00C
:10E060000F0000EB800004EB800080F82360D4F800
:10E07000D40204EB8000D0F8C00290B12046FCF737
:10E08000EDFBD4F8D40204EB8000D0F8C00200F01D
:10E090004BFBD4F8D40204EB8000C0F8C062C4F893
:10E0A000BC62002070BD0000787904200A21018044
:10E0B000004870479C79042070B5054681210848C6
:10E0C000FFF73DFD044601210548FFF738FD4021DB
:10E0D00004B1A18000B1818020202880004870BD5B
:10E0E0007C79042070B5054681210948FFF727FD9A
:10E0F000044601210648FFF722FD4FF4007104B1E8
:10E10000A18000B1818020202880014870BD0000DE
:10E110007C79042070B5054681210848FFF70FFD82
:10E12000044601210548FFF70AFD402104B1A18002
:10E1300000B1818020202880004870BD7C790420B7
:10E140002DE9F041044641F2840000F0EFFA78B383
:10E15000D4F8D412254D04EB81010126C1F8C00288
:10E16000C4F8BC02207C68B34023022269782046B0
:10E17000FFF797FE6878402300F00F0000EB800067
:10E1800004EB800080F86361022229782046FFF7C3
:10E1900088FE287800F00F0000EB800004EB800080
:10E1A00080F823602046FCF765FB0020BDE8F08185
:10E1B000FFE7D4F8D412002004EB8101C1F8C002BB
:10E1C0000220F3E74FF400773B46022269782046AD
:10E1D000FFF767FE68783B4600F00F0000EB800019
:10E1E00004EB800080F86361CEE7000078790420BA
:10E1F00039B1D0F8D42200EB8200C0F8C41200205C
:10E20000704703207047F8B50646D0F8D4020C4694
:10E2100006EB80010025D1F8C072ADF8005037B18F
:10E22000207810F0600226D0202A43D101E003209C
:10E23000F8BD6278FE2A02D0FF2A3BD111E0628845
:10E240009ABBE288012A35D1000633D5D1F8C40241
:10E25000C0698047022800D902200122394638606F
:10E260001FE0618809BBE188F9B9000622D4304675
:10E27000FCF736FB23E0607830B1012824D00A286F
:10E2800009D00B2816D111E096F89C02032811D171
:10E290000222694605E096F89C0203280AD1012271
:10E2A000391D3046FFF74CFB09E003E096F89C026D
:10E2B000032806D021463046FFF72CFB03252846CD
:10E2C000F8BDA0787860FAE796F89C020328F6D1AA
:10E2D00060880028F3D121793046FFF76DFD217960
:10E2E0003046FCF74BFAEAE770B5044611F8010B2B
:10E2F000207011F8010B60700D460846FEF78DF98D
:10E30000A91C60800D460846FEF787F9A080A81C6E
:10E31000FEF783F9E08070BD38B504460020ADF803
:10E320000000A1B1C4F8B812D4F8D40204EB800004
:10E33000D0F8B802C16A19B168468847C4F8D0025B
:10E34000D4F8D802401CC4F8D802002038BD0320FD
:10E3500038BD03460020D3F8B822002A02D0126844
:10E3600018461047704700002DE9F04188462B4EB3
:10E370008978002504463170012906D94146204696
:10E38000FFF7C8FA0320BDE8F08194F89C02022749
:10E3900002280CD003281DD041462046FFF7BAFAC8
:10E3A00031782046FFF798FA03252846EBE789B332
:10E3B00020466160FFF7CDFF050004D041462046AE
:10E3C000FFF7A8FA1DE02046FFF7C8FA032084F8FB
:10E3D0009C02EAE7C1B1606888421BD0C1B2204606
:10E3E000FFF77AFA317820466160FFF7B2FF050047
:10E3F00010D041462046FFF78DFA21792046FFF7DD
:10E400006BFA84F89C72D0E784F89C7220466160B5
:10E41000FFF762FA2046FFF7A1FAC6E73C5804204E
:10E42000FFF7DFBD2DE9F0410A78002612F0600207
:10E430000CD0202A01D0402A7DD1D0F8D42200EB84
:10E440008202D2F8B8229268904731E04A780023DD
:10E4500001250A2A6FD2DFE802F041666E586E0885
:10E46000056E2D29FFF7F8FA67E004468888D8B9C9
:10E47000C888C8B94888802816D200F07F0794F869
:10E480009C02032810D084F89E7239462046FFF77C
:10E4900066FD2046FFF762FA1FB1022084F89C0255
:10E4A0004BE084F89C5248E0204644E0FFF75CFFD4
:10E4B000064642E0CA88012A3DD190F89C22012AF2
:10E4C00004D0022A02D0032A35D104E0012200F14F
:10E4D0000801836016E00122011D13E090F89C22E0
:10E4E000012A03D0022A01D0032A24D1CA88022A91
:10E4F00021D1C560D0F8A41209B10321C160022264
:10E5000000F10C01FFF71CFA17E04A88012A02D03B
:10E51000022A03D00FE0C0F8A45216E08988090A45
:10E5200080F8A01211E090F89C22012A08D0022A5B
:10E5300006D0032A04D0FFF7EDF93046BDE8F0819C
:10E5400049880129F9D1C0F8A432FFF707FAF4E7A6
:10E550002DE9F041054608780C790E464FF0000889
:10E5600010F060000BD0202801D040286BD121464C
:10E570002846FFF7BBF9FF2800D0D8B398E07078A1
:10E58000C8B3012824D003285DD195F89C02022845
:10E5900002D0032857D10CE0002C54D0802C52D04C
:10E5A00021462846FFF714FD80212846FFF710FD7D
:10E5B0007EE0708840B93CB1802C05D0C88818B97D
:10E5C00021462846FFF704FD2846FFF7C7F96FE00C
:10E5D00095F89C020228DFD0032866D1708888BB9A
:10E5E000600603D021462846FFF71DFB2846FFF7AB
:10E5F000B5F9BCE700E00AE0C5F8D402D5F8B802E6
:10E600008268FAB1314628469047804650E095F836
:10E610009C020027022802D0032846D114E00CB146
:10E62000802C42D1200604F07F0000EB800005EB37
:10E63000800101D5143101E001F5AA71022201F82F
:10E640000E7F2EE034E030E0200604F00F0000EBF7
:10E65000800005EB80000AD590F8230028B304F071
:10E660007F0000EB800005EB800614360AE090F88E
:10E670006301D0B104F07F0000EB800005EB800661
:10E6800006F5AA764CB1802C07D021462846FFF724
:10E69000D1FB10B10120B07300E0B773022206F184
:10E6A0000E012846FFF74CF902E02846FFF732F941
:10E6B0004046BDE8F08170B50546087800240E4656
:10E6C00010F0600003D0202801D0402827D195F811
:10E6D0009C02012803D0022801D003281FD1B08852
:10E6E000C1B201291AD8C1B22846FFF701F9FF28A3
:10E6F0000CD058B9D5F8B8128A683AB1C5F8D40226
:10E700008A68314628469047044600E00324F08892
:10E71000204307D12846FFF721F903E03146284678
:10E72000FFF7F8F8204670BD7047000000487047BA
:10E73000D05D042070B50A78012302F00F054E78F1
:10E74000AB401B4CD0F81C58012E17D045EA0343B0
:10E75000C0F81C3800EB4210D0F8002B12040BD488
:10E76000D0F8002B0B890979C3F30A031A4344EA52
:10E7700081410A43C0F8002B002070BD9BB21D43AD
:10E78000C0F81C5800EB4210D0F800391B04F3D439
:10E79000D0F800390D890979C5F30A0589042B439E
:10E7A00041EA82510B432343C0F80039E4E70000FB
:10E7B00000800010D0F800196FF30A01C0F80019AA
:10E7C000D0F8041841F48071C0F804180020704794
:10E7D00070B50D460446C2F3072004991E46012871
:10E7E0001BD0E06840F04000E060204600F032F8C6
:10E7F000C6F307210029A16B26D021F48031A16343
:10E80000C5F30741012907D1A16841F00601A160C4
:10E81000A16841F02001A16070BDA06B20F48030A0
:10E82000A063E0680A4A1040E060E06820F440100D
:10E83000E060C8B2012803D1E06840F48010E060D5
:10E84000204600F007F8DBE741F48031D7E700000D
:10E85000BFFFBDFF08B500214FF070620091009925
:10E86000491C0091914210D801690029F7DA0A2168
:10E870000091491E0091FCD1016941F00101016143
:10E880000099491C0091914201D9032008BD0169FA
:10E89000C907F5D1002008BD70B54C780A7801236E
:10E8A00000EB4212012C2DD0D2F8004B002C0BDAD9
:10E8B000D2F8004B44F00064C2F8004BD2F8004B91
:10E8C00044F08044C2F8004BD0F83C480D781E4616
:10E8D00005F00F05AB4024EA0343C0F83C38D0F8FC
:10E8E0001C48097801F00F0106FA01F324EA0341FC
:10E8F000C0F81C18D2F8000B19490840C2F8000BE8
:10E90000002070BDD2F80049002C0BDAD2F8004983
:10E9100044F00064C2F80049D2F8004944F0804451
:10E92000C2F80049D0F83C480D7805F00F061D46A6
:10E93000B3409BB29C43C0F83C48D0F81C480978CF
:10E9400001F00F0105FA01F399B28C43C0F81C489D
:10E95000D2F8000903490840C2F80009D0E70000D6
:10E960000078F3EF007833ECD0F8001E21F00301BB
:10E97000C0F8001ED0F8041821F00201C0F80418F5
:10E9800000207047D0F8001E21F00301C0F8001EDF
:10E99000D0F8041841F00201C0F8041800207047B4
:10E9A0002DE9F04F002604460F4692463046354684
:10E9B00004EB8001C1F80451401C0F28F8D3C3F3C5
:10E9C00007405FEA000B204610D0806B40F4001136
:10E9D0002046A163C0F8005ECAF30720012819D0C1
:10E9E000D4F80018204641F003011AE0D0F80408DA
:10E9F00040F00201C4F80418A06B20F40011A163D8
:10EA0000206840F040012160206840F080012046ED
:10EA10002160DFE7380ED4F80018204601D041F01D
:10EA20000101C0F80018102100F086FA00B101269B
:10EA3000204600F065FA00B10126C4F81058C4F869
:10EA40001458C4F81C5800204FF0006C4FF090434D
:10EA50004FF67F39FAB214E004EB4011D1F8008987
:10EA6000B8F1000F06DA10B1C1F8003904E0C4F8BB
:10EA700000C901E0C1F80059C1F81059C1F808995E
:10EA8000401C8242E8D8002014E004EB4011D1F889
:10EA9000008BB8F1000F06DA10B1C1F8003B04E0BA
:10EAA000C4F800CB01E0C1F8005BC1F8105BC1F80D
:10EAB000089B401C8242E8D8D4F8100820F48071EA
:10EAC000C4F81018A5616FF080406061C7F307407B
:10EAD00018B9A06940F01000A061A0690949084375
:10EAE000A061CAF3074018B1A06940F00800A06116
:10EAF000BBF1010F03D1A06903490843A06130466F
:10EB0000BDE8F08F00383C8004000040816821F0AF
:10EB1000010181600020704710B5036C134CA342C3
:10EB200003D9D0F8003B002B1EDB0023C0F8103BBC
:10EB3000D0F8103B43F40023C0F8103BD0F8103B52
:10EB400043F01803C0F8103BD0F8103B43F0C0432B
:10EB5000C0F8103B012907D1C0F8142BD0F8001BD6
:10EB600041F08021C0F8001B002010BD0A30544F36
:10EB70004A780B78012A00EB43100BD0D0F8002B19
:10EB800022F40012C0F8002B0979032914D00229BD
:10EB900012D017E0D0F8002922F40012C0F80029A2
:10EBA0000979032901D002290CD1D0F8001941F0CC
:10EBB0008051C0F8001905E0D0F8001B41F08051E9
:10EBC000C0F8001B002070470A784B78D1B200EBE8
:10EBD0004110012B12D0D0F8001B002906DB2AB10E
:10EBE000D0F8001B21F08041C0F8001BD0F8001BBA
:10EBF00041F40011C0F8001B00207047D0F8001944
:10EC0000002906DB2AB1D0F8001921F08041C0F8B4
:10EC10000019D0F8001941F40011C0F80019EBE711
:10EC2000F8B50C784F788B4DE3B26FF0604600EB8F
:10EC30004313012F29D0D3F8107B6FF31207C3F8C9
:10EC4000107BD3F8107B2F40C3F8107B002C7DD0B5
:10EC50000D69002D7BD08C6825446D1EB5FBF4F545
:10EC6000ADB26C430C62D3F8104B06EAC5452C4399
:10EC7000C3F8104BD3F8104B0D6AC5F312052C43A3
:10EC8000C3F8104B012A70D0CBE00F69EFB1D3F875
:10EC900010796FF31207C3F81079D3F810792F4069
:10ECA000C3F810790CB30F698D682F447F1EB7FB32
:10ECB000F5F5D3F81079ADB206EAC5463743C3F887
:10ECC00010790E79012E1CD02AE0D3F810692E405D
:10ECD000C3F81069D3F8105945F40025C3F810594A
:10ECE000D3F810596FF3120520E00E698D68AE421B
:10ECF00000D90D61D0F8105945F40026C0F810690C
:10ED00000EE0D3F8106926F0C046C3F81069D3F8B6
:10ED100010694FF0C04707EA45752E43C3F81069E4
:10ED2000D3F810590E69C6F312063543C3F81059CB
:10ED3000012A1BD000EB4413D3F8004944F00444EB
:10ED4000C3F800490C79012C31D001E044E057E0D0
:10ED50000A695AB3D0F83428097801F00F03012169
:10ED600099400A43C0F8342871E056E0CA691AB1E4
:10ED700000EB4413C3F81429097901290ED1D0F806
:10ED80000818C90500EB4411D1F8002902D442F05B
:10ED9000005201E042F08052C1F8002900EB44101B
:10EDA000D0F8001941F00441C0F800194FE0D0F844
:10EDB0000848E405D3F8004902D444F0005401E0C7
:10EDC00044F08054C3F8004900920A8A93B20A784A
:10EDD000C96800F0DFF93AE00C690CB18C680C618D
:10EDE0008C680C62D0F8105BC4F312042543C0F8A1
:10EDF000105BD0F8104B44F40024C0F8104B41E7EE
:10EE0000D3F8104B8D68C5F312052C43C3F8104B93
:10EE1000D3F8104B44F4002432E7CA680AB1C3F8AF
:10EE2000142B097901290CD1D0F80808C005D3F8B2
:10EE3000000B02D440F0005001E040F08050C3F8D5
:10EE4000000BD3F8000B40F00440C3F8000B002087
:10EE5000F8BD0000FFFF07E038B5002200920B78F4
:10EE60004D7800EB431442F21073012D19D0D4F801
:10EE7000005B002D3CDAD4F8005B45F00065C4F877
:10EE8000005B0C7800EB4414D4F8005B45F080453F
:10EE9000C4F8005B009C641C00949C4221D90122B0
:10EEA00026E0D4F80059002D22DAD4F8005945F0B4
:10EEB0000065C4F800590C7800EB4414D4F80059EC
:10EEC00045F08045C4F80059009C641C00949C42A5
:10EED000E5D80C7800EB4414D4F80049002CF3DB9F
:10EEE00006E00C7800EB4414D4F8004B002CD1DB86
:10EEF000104638BD816841F00101816000207047F3
:10EF000008B500234FF0706200930099491C0091EE
:10EF100091420AD801690029F7DA102100930161B2
:10EF20000099491C0091914201D9032008BD016953
:10EF3000C906F5D4002008BD18B500244FF0706351
:10EF40000094009A521C00929A420CD80269002A3E
:10EF5000F7DA202242EA8111009401610099491CEC
:10EF60000091994201D9032018BD01698906F5D4A1
:10EF7000002018BDD0F8080810F0060004D00228C0
:10EF800003D0062801D00F20704702207047406947
:10EF900000F001007047D0F81818D0F81C0808409D
:10EFA00080B27047D0F81818D0F81C080840000C40
:10EFB000704710B5D0F81038D0F8342801F00F049D
:10EFC00000EB4110E24002F00102D0F8080943EAE8
:10EFD000C212104010BD00EB4111D1F8081BD0F84F
:10EFE000140808407047416980690840704730B58F
:10EFF00003460846940802F00301002203F58053FB
:10F0000003E01D6840F8045B521CA242F9D30029BA
:10F010000BD01C680022D50024FA05F3491E521CAF
:10F02000090400F8013B090CF5D130BD70B5054667
:10F03000C068002420F0C040E860012901D079B107
:10F0400020E0E86840F00050E8600A20F2F7BCF8E1
:10F0500068690A3410F0010F10D1C82CF5D30DE007
:10F06000E86840F08040E8600A20F2F7ADF868698F
:10F070000A3410F0010F01D0C82CF5D3C82C01D0F0
:10F08000002070BD012070BDD0F8002822F4FE627F
:10F09000C0F80028D0F800284FF4FE6303EA0111FD
:10F0A0000A43C0F80028002070470000022A3ED121
:10F0B000264A274B0A449A4201D20F2138E0254ABA
:10F0C000254B0A449A4201D20E2131E0234A244BB7
:10F0D0000A449A4201D20D212AE0224A224B0A44D4
:10F0E0009A4201D20C2123E0204A214B0A449A4241
:10F0F00001D20B211CE01F4A1F4B0A449A4201D245
:10F100000A2115E01D4A1E4B0A449A420FD31D4A9C
:10F110001D4B0A449A4201D2082109E01B4A1144BE
:10F120001B4A914201D2072102E0062100E0092199
:10F13000C26822F47052C260C2684FF4705303EA8E
:10F1400081210A43C260002070470000405327FF1E
:10F1500000350C00401E1BFF40420F0000DC0BFF7F
:10F16000804F1200808CF9FE20D6130060B6E5FEB9
:10F1700060E3160000D3CEFE40771B00C05BB3FEF9
:10F18000C091210000CA91FE20753800E05459FE5C
:10F19000E09C410010B5029C6CB9DB1C9C0800EBA4
:10F1A0000230002300F5805003E051F8042B026088
:10F1B0005B1CA342F9D3002010BD41F4807141F2E1
:10F1C000210240004900CB0500D5401CC30300D5F7
:10F1D0005040CB03F5D580B270470D20E7F782FE93
:10F1E000EFF71EF970B50546E7F738FB686AB0F52A
:10F1F000803F01D34FF6FF7028632C68E06C0068F5
:10F20000016821F001010160A06C0068016821F033
:10F21000010101602068016821F04001016020685F
:10F22000416821F0030141602846E6F703FFE16CE5
:10F2300025480968C860E16C206809680C3088605E
:10F24000E16C286B09684860E06C0068016821F493
:10F25000A2610160A16CE86B0968C860A16C2068BC
:10F2600009680C308860A16C286B09684860A06C44
:10F270000068016841F482610160A06C0068016867
:10F2800021F4807101602068016821F04001016073
:10F290002068416841F001014160E06C006801684C
:10F2A00041F001010160A06C0068016841F00101BA
:10F2B00001602068416841F00201416020680168F6
:10F2C00041F04001016070BD2C5604202DE9F04151
:10F2D00005462DED068B94B000201C469FED2F8A2D
:10F2E0009FED2F9B1646F0EE488A18800746B3EE36
:10F2F00004AAE846780003F0E4FA53EC192B03F073
:10F300008DFB02F0FBFF00EE900A80EE8A0A10EE01
:10F31000100A03F07DFE41EC100B01F059F951EC9D
:10F32000100B02F0EBFF48F827007F1CC446142F97
:10F33000E0DB0020B0EE481A1422B0EE418A002132
:10F340000B1893FBF2F702FB17330CEB830393EDDF
:10F35000000A05EB8103491CD3ED000A142900EED5
:10F36000808AEDDBF2EE040A88EE200AF4EEC08A11
:10F37000F1EE10FA09D24FF4B471414391FBF2F16E
:10F3800086ED000AF0EE408A2180401C1428D4DB70
:10F3900014B0BDEC068BBDE8F08100000000000059
:10F3A00044174154FB21094003B4019841000098DF
:10F3B00050EAC12018BF04204A0D18BF40F00100D8
:10F3C00040F2FF72B2EB515F08BF40F0020001282B
:10F3D00008BF052002B07047002809DB00F01F02BB
:10F3E000012191404009800000F1E020C0F8801226
:10F3F0007047002809DB00F01F02012191404009FD
:10F40000800000F1E020C0F8801270470907090E63
:10F41000002804DB00F1E02080F80014704700F0C1
:10F420000F0000F1E02080F8141D7047BFF34F8FEC
:10F4300005480168054A01F4E06111430160BFF32A
:10F440004F8F00BFFDE700000CED00E00400FA055F
:10F45000BFF34F8F05480168054A01F4E06111438D
:10F460000160BFF34F8F00BFFDE700000CED00E02F
:10F470000400FA05BFF34F8F05480168054A01F4FF
:10F48000E06111430160BFF34F8F00BFFDE7000053
:10F490000CED00E00400FA0570B59B482DED020B61
:10F4A0002DED068B079D25F00044A04218DC9748FF
:10F4B000844202DC0AD1069840B19DED060BBDECFA
:10F4C000068B02B0BDE8704001F026BD002DCCBF18
:10F4D0009FED8F0B9FED900BBDEC068B02B070BDC6
:10F4E0008F48A04215DD8F48A042D8BF4FF0FF34AF
:10F4F00058DD9DED060B51EC100BFFF755FF04286E
:10F5000008BF01F03DFD9DED060BBDEC068B02B082
:10F5100070BD9DED060B51EC100B02F013F9CDE917
:10F52000060181489FED828BA0423CDD8248A042CB
:10F530001FDD00249FED82AB9DED060B53EC1A2BD3
:10F5400051EC100B02F00CFF9DED060B41EC190B7A
:10F5500053EC1A2B51EC100B03F060FA53EC182B00
:10F5600003F068FC53EC192B02F0B6FFCDE906015D
:10F5700049E09DED060B012453EC182B51EC100BC8
:10F5800002F0EEFE9DED060B41EC190B53EC182B2F
:10F5900051EC100B03F04EFC53EC192B02F09CFFC6
:10F5A000CDE906012FE06848A0421FDD02249FED4F
:10F5B000689B9DED060B53EC192B51EC100B03F0DF
:10F5C0002DFA53EC182B02F0CBFE9DED060B41EC0F
:10F5D000180B53EC192B51EC100B03F02BFC53ECD4
:10F5E000182B02F079FFCDE906010CE09DED060B2A
:10F5F000032453EC102B9FED580B51EC100B02F031
:10F600006BFFCDE906019DED060B53EC102B51EC81
:10F61000100B03F003FA41EC180B53EC182B03F01A
:10F62000FDF941EC190B4E480621B0EE490AF0EE07
:10F63000690A784401F044FB53EC182B51EC100B91
:10F6400003F0ECF941EC180B4648B0EE490AF0EE35
:10F65000690A0521784401F033FB53EC192B51EC76
:10F66000100B03F0DBF941EC100B51EC180B53ECD1
:10F67000102B002C0EDA02F073FE9DED061B53ECEE
:10F68000112B03F0CBF99DED061B53EC112B03F06E
:10F69000F9FA35E002F064FE9DED061B53EC112BE8
:10F6A00003F0BCF941EC100B2F48784400EBC40088
:10F6B00090ED001B51EC100B53EC112B03F0BAFB37
:10F6C0009DED061B53EC112B03F0B4FB41EC100B2A
:10F6D0002648784400EBC40090ED001B51EC100B61
:10F6E00053EC112B03F0CEFA41EC100B002DA2BF0E
:10F6F000BDEC068B02B070BD51EC100B02F0F2FDB8
:10F7000041EC100B01E70000000010440000F07F06
:10F71000182D4454FB21F93F182D4454FB21F9BF07
:10F720000000DC3F0000203E0000F33F000000002E
:10F73000000000000000F03F0000E63F0000000075
:10F7400000000000000000400080034000000000B6
:10F75000000000000000F83F000000000000F0BFC3
:10F760007256000028560000B25500006A5500008D
:10F7700070B56F4E2DED040B2DED048B82B0DDF8CE
:10F7800024C0DDE907235C422CF000411C4341EA20
:10F79000D474069D22F00040B44205D86C422C433C
:10F7A00040EAD474B4420BD99DED081B9DED060BC5
:10F7B00002B0BDEC048B04B0BDE8704001F0B6BBF4
:10F7C000ACF14054A4F17F641C430BD0022404EA42
:10F7D000AC7444EAD27405439FED578B9FED582BD0
:10F7E00007D015E09DED060B51EC100B01F0F5FB79
:10F7F00042E0002C11BF012C9DED060B02B0BDECC8
:10F80000048B04BF04B070BD022C38D0032C3BD055
:10F810000B439FED4D1B9FED4E0B0AD0B14218D10B
:10F82000B04209D121F0804120F080400991079039
:10F830000FE0002A15DA10E0474B7B44002C08BF8C
:10F8400093ED000B0DD0012C10D0022C17D0032CFF
:10F850001AD0B0421DD1002A03DAB0EE410AF0EE10
:10F86000610A02B0BDEC048B04B070BD93ED000BD7
:10F8700051EC100B02F036FD41EC100BF1E7B0EE4D
:10F88000480AF0EE680AECE7B0EE420AF0EE620ACF
:10F89000E7E7401A00159FED329B3C28C8BF8DED6D
:10F8A000000B17DCBCF1000FBCBF10F13C0F8DED5D
:10F8B000009B0FDB9DED080B53EC102B9DED060B11
:10F8C00051EC100B02F008FE01F03CFF01F085FB4B
:10F8D000CDE90001B4B1012C10D0022C9FED220B18
:10F8E00053EC102B9DED000B51EC100B19D003F0D5
:10F8F000A1FA53EC182B03F09DFABDE7019880F0B4
:10F90000004001909DED000B53EC192B51EC100BB6
:10F9100002F03EFF04BF0220E1F715F99DED000B58
:10F920009FE703F087FA53EC182B03F0ABF9A3E73A
:10F930000000F07F00000000182D4454FB21094016
:10F94000182D4454FB2109C0182D4454FB21F9BF44
:10F95000182D4454FB21F93FCA5400000000000058
:10F960000000000000000000075C143326A6A13C44
:10F970002DE9F04D2DED040B2DED0E8B94B0DDE94E
:10F980002350259CDDF888A025F0004624F000488F
:10F99000BAF1000F14BF0121002101EB4502FC491F
:10F9A00053184A1093422AD3002814BF012300237E
:10F9B00003EB44030B44F7498B4220D358EA000180
:10F9C0009FEDF5AB76D0DFF8D8B35D4503D1BAF142
:10F9D000000F05D188E0BAF1000F08BF002100D068
:10F9E000012101EB450111F5001F08D8002814BFC3
:10F9F0000121002101EB440111F5001F0BD99DED00
:10FA0000241B9DED220B14B0BDEC0E8B04B0BDE8A1
:10FA1000F04D01F08BBA0027002DBCBFE1498845AD
:10FA200021DAE1498845A8BF02271CDAC3451ADC60
:10FA3000DE4901EB2851142908DDC1F1340220FA16
:10FA400002F101FA02F282420DD108E058B9C1F187
:10FA5000140228FA02F101FA02F2424503D101F040
:10FA60000101C1F1020756EA0A0124D1002C22DA71
:10FA7000002D18BF022F01D0012F0AD00220E1F77C
:10FA800062F814B0BDEC0E8B04B0BDE8F04D01F08F
:10FA90002BBA0220E1F757F801F026FA51EC100BCF
:10FAA00002F020FC41EC100B14B0BDEC0E8B04B046
:10FAB000BDE8F08D18E09FEDBE9B9FEDBF8B002849
:10FAC00071D1B848804522D105F1804010F58010F1
:10FAD00008BFBAF1000F07D0B3450ADC002CA8BF5D
:10FAE0009DED240BE0DA0DE0B0EE4A0AF0EE6A0A72
:10FAF000DAE7002C06DA9DED240B51EC100B02F036
:10FB0000F1FB6FE0AE48784490ED000BCCE7D845B0
:10FB10004DD1002C48DA2EB186423AD1BAF1000F0D
:10FB200042D126E0BAF1000F13D00220E1F70BF822
:10FB300001F016FA8DED020B9DED220B8DED000B01
:10FB400010EE900A039961F31E0003909DED020BE5
:10FB5000AAE78DED029B9DED220B19EE901A10EE97
:10FB6000900A8DED000B61F31E0003909DED020BDA
:10FB70009AE78DED028B9DED220B18EE901A10EE98
:10FB8000900A8DED000B61F31E0003909DED020BBA
:10FB90008AE709DA9DED220B51EC1A0B53EC102B7E
:10FBA00002F09AFC1EE020E09DED220B7CE78642ED
:10FBB0001BDAB4F1804F0DD0A4F10050B0F1FF502A
:10FBC00013D1002D11DB9DED220B51EC100B02F037
:10FBD000CFFA07E09DED220B53EC102B51EC100BEC
:10FBE00000F0CABC41EC100B5EE79DED220B51EC1E
:10FBF000100B01F0A7FDBAF1000FCDE90A0142D1C7
:10FC00009FED710B46B3A6F1E040B0F17F600CD0E0
:10FC10005E4538D1002D00DAA7B3022F0CBF0120BA
:10FC20004FF0FF3002F04DFEDCE7002D01DD002C2F
:10FC30000DDA002D01DD002C1FDB002D16DA002C63
:10FC400014DB012F08BF9FED620B3FF42DAFB0EE28
:10FC5000490AF0EE690A27E7022F18BF002D0CD0E1
:10FC6000012F0AD1002DFFF61FAF06E0002DB8BF0F
:10FC7000002C08DA012F3FF417AFB0EE480AF0EE7F
:10FC8000680A11E71BE0012000EBE57050EA07016C
:10FC900015D0791EB0EE4A8AF0EE6A8A084308BF92
:10FCA0009FED4D8B4E480025804570DD4D494E48F7
:10FCB000884514DDB0420DDB002C19DB2FE001205C
:10FCC000E0F741FF14B0BDEC0E8B04B0BDE8F04D81
:10FCD00001F036B9B34502DC002C09DC1FE0864296
:10FCE00002DA002C1BDA03E05E452BDD002C16DD6A
:10FCF0000220E0F728FF01F033F98DED020B53EC01
:10FD0000192B51EC180B02F089FECDE90001039983
:10FD1000019861F31E0003909DED020BC4E60220E2
:10FD2000E0F711FF01F02CF910EE901A18EE900A8E
:10FD30008DED020B8DED008B61F31E0003909DEDA8
:10FD4000020BB1E69DED0A0B53EC1A2B51EC100B94
:10FD500003F070F89FED260BCDE90A0153EC102B50
:10FD60009DED0A0B51EC100B02F058FE9FED221B8B
:10FD700053EC112B02F086FF9DED0A1B53EC112B67
:10FD800002F04CFE9FED1E1B53EC112B3CE08CE06F
:10FD9000FFFF1F00FFFF0F00000000000000F03F0A
:10FDA0000000F03F0000F07F0000404301FCFFFF37
:10FDB000000000000000F07F0000000000000000D4
:10FDC000FE51000000000000000000000000008064
:10FDD000000000000000F0FF000000000000F0BF85
:10FDE0000000E0410000F043FFFFEF3F0000000093
:10FDF000000000000000D03F555555555555D53FE2
:10FE0000000000000000E03F02F03CFF9DED0A0B07
:10FE100041EC190B53EC102B51EC100B02F0FEFDD2
:10FE200053EC192B02F0FAFD9DED0A0B41EC1B0B74
:10FE300053EC102B9FEDFE0B51EC100B02F0EEFD7E
:10FE400041EC190B9FEDFC0B51EC1B0B53EC102BF1
:10FE500002F0E4FD41EC1B0B9FEDF90B53EC102B72
:10FE60009DED0A0B51EC100B02F0D8FD53EC1B2B4F
:10FE700002F0E0FF41EC1B0B51EC190B53EC1B2B78
:10FE800002F06EFA0490CDE904519DED040B53ECA1
:10FE9000192B51EC100B02F0CDFF53EC1B2B02F091
:10FEA000F1FE41EC100B00F0A9B90020B6F5801F5F
:10FEB0000EDA9FEDE50B53EC102B9DED0A0B51EC88
:10FEC000100B02F0ABFDCDE90A016FF034000E46D5
:10FED00000EB2650A0F2FF37C6F31300DC4940F0D8
:10FEE0007F6646F040568842D8BF002408DDD949D5
:10FEF0008142C8BF012403DC0024A6F580167F1CC4
:10FF0000D548784400EBC4080B9698ED000B53ECF1
:10FF1000102B9DED0A0B51EC100B02F08BFF98EDAE
:10FF2000000B41EC1B0B53EC102B9DED0A0B51EC1D
:10FF3000100B02F015FA41EC100B51EC1A0B53ECBC
:10FF4000102B02F0C9FA41EC1C0B51EC1B0B53ECCB
:10FF50001C2B02F063FD41EC190BC0488DED0E9B8C
:10FF600078440E9590ED000B4FF0005040EA66008B
:10FF700000EB84408DED120B00F50020139098EDFE
:10FF8000000B53EC102B9DED120B51EC100B02F0FB
:10FF900051FF9DED0A1B53EC112B02F073FE41EC57
:10FFA000100B53EC102B9DED0E0B51EC100B02F0CF
:10FFB00035FD9DED120B41EC1D0B53EC102B9DED0F
:10FFC0000E0B51EC100B02F029FD53EC1B2B02F031
:10FFD00059FE53EC1D2B02F02DFF53EC1C2B02F0AD
:10FFE0001DFD41EC1C0B53EC192B51EC190B02F0CD
:10FFF00015FD41EC1B0B9A480621B0EE4B0AF0EEC2
:020000040816DC
:100000006B0A784400F05CFEB0EE401AF0EE601A25
:10001000B0EE41DAF0EE61DA53EC1B2B51EC1B0B26
:1000200002F0FCFC53EC1D2B02F0F8FC9DED0E0BD6
:1000300041EC1B0B53EC192B51EC100B02F090F917
:1000400053EC1C2B02F0EAFC53EC1B2B02F088F95A
:100050009DED0E0B41EC1B0B53EC102B51EC100BD8
:1000600002F0DCFC41EC1D0B53EC1D2B9FED7EEBF5
:1000700051EC1E0B02F074F953EC1B2B02F070F9DB
:100080001290CDE912519DED120B53EC1E2B51EC49
:10009000100B02F0CFFE53EC1D2B02F0CBFE53EC05
:1000A0001B2B02F0EFFD9DED120B41EC1D0B53ECF1
:1000B000102B9DED0E0B51EC100B02F0AFFC41EC40
:1000C0001B0B53EC192B51EC1D0B02F0A7FC9DED03
:1000D000120B41EC190B53EC102B51EC1C0B02F0E2
:1000E0009DFC53EC192B02F03BF941EC190B51EC40
:1000F0001B0B53EC192B02F033F90490CDE904519A
:100100009DED040B53EC1B2B51EC100B02F092FEF7
:1001100053EC192B02F0B6FD9DED040B41EC190BCD
:1001200053EC102B9FED520B51EC100B02F076FCB0
:1001300041EC1B0B9FED500B51EC190B53EC102BAA
:1001400002F06CFC9DED040B41EC190B53EC102BF1
:100150009FED4B0B51EC100B02F060FC53EC192B94
:1001600002F0FEF841EC100B4748784400EBC40065
:1001700090ED001B51EC100B53EC112B02F0F0F83A
:1001800041EC190B384602F09CFBCDE90A0153EC17
:10019000192B51EC1B0B02F0E3F841EC100B3B4820
:1001A000784400EBC40451EC100B94ED001B53ECAD
:1001B000112B02F0D5F89DED0A1B53EC112B02F028
:1001C000CFF80490CDE904519DED0A0B53EC102BB0
:1001D0009DED040B51EC100B02F02CFE94ED001B76
:1001E00053EC112B02F026FE53EC1B2B02F022FEE7
:1001F00053EC192B02F046FD41EC100B9DED241B36
:1002000053EC102B8DED001B00959DED240B51EC54
:10021000100B02F003FC9DED000B41EC190B53ECAD
:10022000102B9DED240B51EC100B02F003FE2FE080
:10023000000000604715F73FFE822B654715F73F2A
:1002400044DF5DF80BAE543E000000000000404368
:100250008E9803007AB60B00B24C0000A44D00004B
:10026000E24B000000000000000000000000084019
:10027000000000E009C7EE3FFD033ADC09C7EE3F8E
:10028000F5015B14E02F3EBE6A4A0000244A0000DC
:100290009DED041B53EC112B02F0C0FB53EC192B0A
:1002A00002F05EF89DED040B41EC190B53EC102BA2
:1002B0009DED000B51EC100B02F0B0FBCDE90401F9
:1002C0009DED040B51EC190B53EC102B02F048F888
:1002D000CDE902010C46AA498C422FDB611A084382
:1002E00018D19DED040B53EC102B9DED020B51EC3E
:1002F000100B02F09FFD41EC1B0B9FEDA30B51EC8B
:10030000190B53EC102B02F02BF853EC1B2B02F0C3
:1003100083FC2DD20220E0F716FC00F021FE10EE47
:10032000901A18EE900A8DED020B8DED008B61F3A3
:100330001E0003909DED020BFFF7B6BB944A24F01C
:100340000041914214D39349214408437FF4E7AC20
:100350009DED040B53EC102B9DED020B51EC100B9B
:1003600002F068FD53EC192B02F056FC7FF6D7AC77
:1003700024F000408849894A002601EB205182423E
:100380002BDA481C4FF4801121FA00F02044844AF3
:10039000C0F30A517A44A1F2FF3192ED000B814A79
:1003A0008DED0A0BCA4020EA0202C0F3130040F4AC
:1003B0008010C1F1140120FA01F60B92002CB8BF95
:1003C00076429DED0A0B53EC102B9DED040B51EC86
:1003D000100B02F02FFDCDE904019DED040B51EC53
:1003E000190B53EC102B01F0BBFF9FED6F0B0A9024
:1003F000CDE90A5153EC102B9DED0A0B51EC100B7B
:1004000002F00CFB41EC1B0B9FED690B53EC102B26
:100410009DED0A0B51EC100B02F000FB9DED040B5F
:1004200041EC1C0B53EC102B9DED0A0B51EC100B07
:1004300002F000FD53EC192B02F024FC9FED5E1B33
:1004400053EC112B02F0EAFA53EC1C2B01F088FF5D
:1004500041EC190B51EC1B0B53EC192B01F080FFF5
:10046000CDE902019DED020B53EC1B2B51EC100B5F
:1004700002F0E0FC53EC192B02F004FC9DED020BA2
:1004800041EC190B53EC102B51EC100B02F0C6FA97
:10049000CDE90A014A489DED0A0B0521784400F098
:1004A0000FFC9DED0A1B51EC100B53EC112B02F0CD
:1004B000B5FA9DED021B53EC112B02F0E3FBCDE9E5
:1004C00004019DED020B53EC192B51EC100B02F0C3
:1004D000A5FA53EC192B01F043FF9FED3B0B41ECC8
:1004E000190B53EC102B9DED040B51EC100B02F08B
:1004F000A1FC9DED040B41EC1B0B53EC102B9DED6F
:10050000020B51EC100B02F089FA53EC1B2B01F09B
:10051000E3FF53EC192B02F08DFC9DED021B53EC15
:10052000112B02F087FC53EC1A2B02F0ABFBCDE948
:10053000020101EB065001150029C8BF039015DC2C
:100540009DED020B324651EC100B02F081FEFEF7DE
:100550002BFF042808BF00F013FD32469DED020B6F
:1005600051EC100B02F074FECDE902019DED020B7F
:1005700051EC180B53EC102B02F050FAFFF732BB82
:100580000000904000000000FE822B654715973C5C
:1005900000CC904000346F3F01FCFFFF0000E03FC3
:1005A00070490000FFFF0F0000000000432EE63FEF
:1005B000396CA80C615C20BEEF39FAFE422EE63F92
:1005C000784700000000000000000000000000402C
:1005D00010B52F499FED2C1B2DED020B84B0059813
:1005E00020F000408842DCBF00209DED040B32DD8E
:1005F0002849884209D1049840B94FF00100E0F73A
:10060000A2FA00F09DFC06B010BD05DB9DED040BC9
:1006100000F082FC06B010BD68469DED040B00F0B2
:100620007BF810F0030011D0012818D09DED021BBB
:100630009DED000B02281AD000F08AFA51EC100B45
:1006400001F050FE06B041EC100B10BD9DED021BF9
:100650009DED000B012000F0AFFB06B010BD9DED3D
:10066000021B9DED000B00F073FA06B010BD0120D7
:1006700000F0A2FB51EC100B01F034FE06B041EC8F
:10068000100B10BD00000000000000000000000082
:10069000FB21E93F0000F07F00B52DED048BB0EEAB
:1006A000409AF0EE609A83B051EC190B02F0F6FA22
:1006B00041EC180B18EE100A18EE901A8DED008B15
:1006C000002818BF0120084320F00040C0F17F60DF
:1006D00000F1E040C00F14D019EE101A19EE900A84
:1006E0008DED009B002918BF0121084320F0004038
:1006F000C0F17F6000F1E040C00F04BF0120E0F7CF
:1007000022FAB0EE480A03B0F0EE680ABDEC048BA2
:1007100000BD0000000000002DE9F14F04462DED62
:10072000020B2DED088B8AB09FEDE70B80ED020BDD
:10073000139EE74826F0004585420ADC9DED120B2A
:10074000002084ED000B0AB0BDEC088B03B0BDE8BF
:10075000F08FE0489FEDE0AB9FEDE1BBA84247DDA5
:10076000E14F9FEDE39B9FEDE48B9DED120B53EC6E
:100770001A2B51EC100B002E1CDD02F05BFB41EC40
:10078000100BBD4208D053EC1B2B51EC100B02F0A8
:1007900051FBC4E900010BE053EC192B51EC100B99
:1007A00002F048FB53EC182B02F044FBC4E90001B3
:1007B0000120C8E701F0D4FD41EC100BBD4208D088
:1007C00053EC1B2B51EC100B01F0CAFDC4E90001E6
:1007D0000BE053EC192B51EC100B01F0C1FD53EC65
:1007E000182B01F0BDFDC4E900014FF0FF30AAE76E
:1007F000C348A84279DB9DED120B51EC100B00F0C1
:10080000A1FF41EC180B9FEDC00B53EC102B02F035
:1008100005F99FEDBF1B53EC112B01F0A1FD01F079
:10082000F3FF074602F04DF841EC190B53EC1A2B7D
:1008300002F0F4F853EC182B02F024FA41EC180BF8
:1008400053EC1B2B51EC190B02F0E8F8DFF8C8A2AF
:1008500041EC100B4FEA15580125FA4453EC102BCC
:1008600051EC180B02F0E6FA032DC4E900013DD06B
:10087000C1F30A5005EB4511A8EB00001139814284
:1008800034DA0AEB051BB0EE48AA9BED000BF0EE44
:1008900068AA53EC102B51EC190B02F0BFF841EC95
:1008A0001B0B51EC1A0B53EC1B2B02F0C3FA41EC5F
:1008B000180B51EC1A0B53EC182B02F0BBFA53EC4B
:1008C0001B2B02F0B7FA9BED020B41EC1A0B53EC19
:1008D000102B51EC190B02F0A1F853EC1A2B02F07B
:1008E000A9FA41EC100B6D1CB8E70EE0002EA8BF72
:1008F0003846BFF628AF94ED000B51EC100B01F019
:10090000F1FCC4E9000178421DE7C6F3130040F48E
:10091000801EC6F30A50A0F2F530471100F01F0503
:10092000C5F12000DDF848B008900020069007903F
:100930000520EC467949002D07EB0002794408BFF9
:1009400051F8221009D051F8223001EB8201AB405E
:100950004A68089922FA01F11943A1FB0E26A1FB6E
:100960000B131A449A4234BF0123002303EB0608F9
:100970000CEB8003D3E901A60E448E4234BF012163
:10098000002192448A4411B1924502D903E0924574
:1009900001D2012100E00021C3E901A641444CF845
:1009A0002010011EA0F10100C4DC029800F10050EB
:1009B000850F0298DDE903678000DDF8148001F0FF
:1009C00080FF41EC1A0B304601F092FF9FED541B63
:1009D00053EC112B02F022F841EC1B0B384601F0CE
:1009E00087FF9FED511B53EC112B02F017F841ECE0
:1009F000180B404601F07CFF9FED4D1B53EC112B73
:100A000002F00CF841EC190B51EC180B53EC192BBC
:100A100001F0A6FC53EC1B2B01F0A2FC53EC1A2BAB
:100A200001F09EFCCDE90801002008909DED080B27
:100A300053EC1A2B51EC100B02F0FCF953EC1B2B6E
:100A400002F0F8F953EC182B02F0F4F953EC192BDF
:100A500002F018F99FED381B53EC112B01F0DEFF6B
:100A60009FED370B41EC180B53EC102B9DED080B51
:100A700051EC100B01F0D2FF53EC182B01F070FC7D
:100A80009FED310B41EC180B53EC102B9DED080B37
:100A900051EC100B01F0C2FF53EC182B01F060FC7D
:100AA00041EC100B139810F0004F06D06D4251EC42
:100AB000100B01F017FC41EC100B284684ED000BE5
:100AC00041E60000000000000000000000000000FF
:100AD000FB21E93F7CD9024000004054FB21F93F53
:100AE0003163621A61B4D03DFB21F93F0000000080
:100AF0000000601A61B4D03D7370032E8A19A33BC5
:100B0000FB2139410000000083C8C96D305FE43F1C
:100B1000000000000000E03FB2440000004400007C
:100B2000000000000000103E000000000000103C2B
:100B3000000000000000103A182D4454FB21F93D3C
:100B40003326A611460B113C00000054FB21F93D51
:100B500010B52DED040B2DED088B82B0B0EE419A4F
:100B6000F0EE619A0B9820F000449FED4BABB4F18E
:100B7000795F11DA9DED0A0B51EC100B01F044FE88
:100B8000002801BFB0EE4A0AF0EE6A0A02B0BDECDE
:100B9000088B04BF04B010BD9DED0A0B53EC102B65
:100BA00051EC100B01F03AFF41EC180B3C480621C8
:100BB000B0EE480AF0EE680A784400F081F853EC91
:100BC000182B51EC100B01F029FF9DED0A0B41ECA5
:100BD0001B0B53EC192B51EC100B01F01FFF41ECD8
:100BE000190B53EC1B2B51EC180B01F017FF53ECB6
:100BF000192B02F01FF99FED2C0B41EC190B53EC54
:100C0000102B51EC180B01F009FF41EC100B284898
:100C1000844210DA53EC192B51EC100B02F00AF954
:100C200053EC1A2B02F02EF841EC100B02B0BDEC85
:100C3000088B04B010BD1F48A042BCBF9FED1E1B17
:100C40008DED001B06DBA4F5001001900020009044
:100C50009DED001B51EC100B53EC112B02F0EAF848
:100C60009DED000B41EC180B53EC102B51EC1A0BC3
:100C700002F0E0F841EC1A0B53EC192B51EC180B75
:100C800002F0D8F853EC1A2B01F0FCFF41EC100BEA
:100C9000CCE7000000000000000000000000F03F72
:100CA0001C41000000000000000000000000E03FC8
:100CB0003333D33F0000E93F000000000000D23F83
:100CC00070B504462DED028B4D1E00EBC500B0EE55
:100CD000408AF0EE608A90ED000B35F0060017D0E8
:100CE00053EC182B51EC100B01F098FE41EC100B5B
:100CF0006D1E04EBC50090ED001B51EC100B53EC86
:100D0000112B01F02DFB41EC100B35F00600E7D163
:100D1000022D36D0042D1CD0062D1CBFBDEC028B3D
:100D200070BD53EC182B51EC100B01F077FE94EDD5
:100D30000A1B53EC112B01F013FB53EC182B01F0A1
:100D40006DFE94ED081B53EC112B01F009FB41ECF7
:100D5000100B53EC182B51EC100B01F05FFE94EDCF
:100D6000061B53EC112B01F0FBFA53EC182B01F08E
:100D700055FE94ED040B53EC102B01F0F1FA41EC0D
:100D8000100B53EC182B51EC100B01F047FE94EDB7
:100D9000021B53EC112B01F0E3FA53EC182B01F07A
:100DA0003DFE94ED001B53EC112B01F0D9FABDEC84
:100DB000028B41EC100B70BD31B504462DED040BD8
:100DC0002DED0A8BB0EE41BAF0EE61BA0B989DEDB5
:100DD0000A0B20F00040B0F1795F0DDA51EC100BF6
:100DE000FEF7E2FA042808BF00F0CAF89DED0A0BEE
:100DF000BDEC0A8B05B030BD53EC102B51EC100B41
:100E000001F00CFE41EC180B9DED0A0B53EC182B76
:100E100051EC100B01F002FE41EC190B2C48B0EE26
:100E2000480AF0EE680A05217844FFF749FF9FED74
:100E30002ACBB0EE40AAF0EE60AA9CB353EC1C2B78
:100E400051EC190B01F0EAFD41EC1C0B53EC1A2B91
:100E500051EC190B01F0E2FD9FED210B41EC190B58
:100E600053EC102B51EC1B0B01F0D8FD53EC192B5C
:100E700001F0E0FF53EC182B01F0D0FD53EC1B2BDD
:100E800001F0D8FF53EC1C2B01F0D4FF9DED0A1BA1
:100E900053EC112B01F0F6FEBDEC0A8B05B041ECD2
:100EA000100B30BDFFE753EC1A2B51EC180B01F07F
:100EB000B5FD53EC1C2B01F053FA53EC192B01F048
:100EC000ADFD9DED0A1B53EC112B01F049FAE3E750
:100ED000B43F000000000000495555555555C5BFA9
:100EE000000000000000E03F9FED070B10B553EC41
:100EF000102B9FED070B51EC100B01F0EDFA41ECBC
:100F0000100B10BD000000000000000000000000F9
:100F1000000000000000F03F10B553EC102B51EC26
:100F2000100B01F01DFA41EC100B10BD10B553EC85
:100F3000112B51EC100B01F013FA41EC100B10BD0A
:100F40009FED050B10B553EC102B51EC100B01F07D
:100F5000C3FA41EC100B10BD0000000000000000BF
:100F60009FED050B10B553EC102B51EC100B01F05D
:100F700055FD41EC100B10BD00000000000000709A
:100F80009FED050B10B553EC102B51EC100B01F03D
:100F900045FD41EC100B10BD0000000000000010EA
:100FA00030380A2801D2012070470020704780683D
:100FB000436801EB4210984203D3B0FBF3F103FB0B
:100FC00011007047006893014268C818904203D32B
:100FD000B0FBF2F102FB1100704710B541EC100BB1
:100FE000FEF75AFA51EC100B10BD002905D08A7893
:100FF00002814968002900D00847704730B403894E
:10100000082B1FD2DFE803F00406090C0F12141797
:101010000D4A12E00C4A38320FE00B4A70320CE0F5
:10102000094AA83209E0084AE03206E0074A04E02B
:10103000064A383201E0054A703230BC02EBC10189
:10104000FFF7D3BF30BC70475856042070570420B8
:101050003EB5E8F721F80546E8F714F8104C216B87
:10106000D9B1104AE16A01B110210F4B1B791B075E
:1010700000D50021C4F8B4510123CDE90013029238
:10108000216840228BB281B20848ECF7E1FFE0F71B
:10109000CDFCA8B2606300203EBD0022E2E7000064
:1010A000C0EA042000710200703D0020C0F204205C
:1010B0002DE9F047044600688A4647684FF40071FE
:1010C0005046DFF7EFFCEFF3108872B62069032873
:1010D00003D02069022804D022E0606B04281FD3CB
:1010E00002E0666B042E00D90426256B32462946A1
:1010F0002046FFF767FF2063606B801B606331460B
:10110000204600F037FE216D606D891940F1000026
:101110002165606588F3108800234FF6FF7953E05E
:10112000206E616E401C41F100012066616688F30B
:101130001088BDE8F08720680AEBC31101F1400276
:10114000806B4FF0400C284403E010F8018B01F84D
:10115000018BBCF1010CF8D2A7F1820085426068D6
:10116000816B05F1020001444FF000000FD811F827
:1011700010C001EB400898F801804CEA082C09EAFD
:101180004C0C22F810C0401C2028F0D317E011F8B6
:1011900010C001EB400898F801804CEA082C09EADD
:1011A0004C0C22F810C0401C1F28F0D36068806BE4
:1011B0000178407841EA002109EA4100D0874035B2
:1011C000BD4200D100255B1CB342B4D3B1E72DE989
:1011D000F0410E4604464FF4007739463046DFF7BB
:1011E00061FC2069032802D0206902280ED1E06842
:1011F00060B1816B51B1D4F89C1039B14168D4F819
:101200009C50BD4200D93D46002014E0206E616E26
:10121000401C41F1000120666166BDE8F081D4F810
:1012200098200244B2FBF1F301FB1322E3689B6BAD
:101230009A5C3254401CA842F1D3D4F89800284458
:10124000B0FBF1F201FB1200C4F89800D4F89C0046
:10125000401BC4F89C00D4F89C000028DDD154F851
:10126000B00F6168401C41F100012060616054F8DA
:10127000A40CBDE8F041002100F0C4B92DE9F0470D
:1012800004468068894647684FF400714846DFF796
:1012900009FC2069032803D02069022804D00AE051
:1012A000206C102807D302E0266C102E00D91026DF
:1012B000E16B002523E054F8800F6168401C41F188
:1012C000000120606160BDE8F0876B0100200A1812
:1012D000B2FBF7FC07FB1C22D4F808C0DCF838C0CE
:1012E0001CF802C003EB0008401C09F808C02028C5
:1012F000EDD301222046FFF75AFE01466D1CB54290
:10130000E3D3E163206C801B20643146204600F06B
:1013100055FD216F606F891940F1000021676067FA
:10132000D1E7000030B54FF0FF32094C0CE010F867
:10133000013B5A400023D50702D084EA520200E064
:1013400052085B1C082BF6D3491EF0D2D04330BDA7
:101350002083B8ED2DE9F0471646984604004FF07B
:10136000FF3A26D029BB606818B3EFF3108572B638
:10137000A76AE06A236B616BFA1A70EB010216D35D
:10138000B7EB030960EB010CB9EB06027CEB080C30
:101390000DD313EB060C41EB0801B7EB0C026768A9
:1013A00060EB010091460023BA1A834104D205B9CB
:1013B00062B65046BDE8F087C4F830C06163626829
:1013C00000236046DFF7E8F8E260C4F8189056EAB8
:1013D000080603D0206840F40070206005B962B6AA
:1013E0000020E7E7426081630021016000F00AB954
:1013F000426081630021016000F004B92DE9FF5FC4
:1014000082B00023DDE910A2129C994698460AB1E9
:10141000C2E9003314B10022C4E900224FF0FF32C8
:10142000D8B1D1B94168C1B1BAF1000F02D0436857
:10143000534501D24FF0010AEFF31081019172B6CA
:10144000876AC66A016B436B8B46791A009376EB09
:10145000030106D2019800B962B6104606B0BDE895
:10146000F09F1A46B7EB0B0366EB02020CB1C4E91E
:10147000003244680021E41A71EB020421D2426870
:101480008846BC1A66EB08010D46524600232046EA
:10149000DFF782F852EA030005D0BAEB020168EBED
:1014A00003000C194541381B76EB050001D23C4680
:1014B0003546009AB4EB0B0965EB02083B1B66EB63
:1014C0000502DDE90445B9EB040078EB050104D21F
:1014D000B4EB090065EB080101E000200146C41AE5
:1014E00071EB020401D31846114605460C465246DC
:1014F0000023DFF751F8A81A119A64EB030132B107
:1015000019EB0003119848EB0102C0E90032019881
:1015100000B962B659EA080001D001209EE7002018
:101520009CE72DE9FF5F9046039B0E9A13B10024C0
:10153000C3E9004412B10023C2E900334FF0FF3386
:10154000D8B1D1B94168C1B1B8F1000F02D0446837
:10155000444501D24FF00108EFF3108B72B6876A51
:10156000C66A016BD0F834A08946791A76EB0A0175
:1015700007D2BBF1000F00D162B6184604B0BDE837
:10158000F09FB7EB090366EB0A010AB1C2E900312B
:1015900042684FF0000CD21A7CEB010105D3BBF17D
:1015A000000F00D162B60020E8E740683C1A66EB05
:1015B0000C054046B8F1010F0FD902460023204622
:1015C0002946DEF7E9FF52EA030006D00020B8EB17
:1015D000020160EB03000C194541381B76EB050056
:1015E00001D23C463546039830B10398B4EB09026A
:1015F00065EB0A05C0E90025BBF1000F00D162B61A
:101600000120BBE730B500281FD04268002A1CD05B
:101610004268B1FBF2F302FB1312EFF3108472B6CF
:10162000826000258262C56202634563294600EB41
:101630008103DA609D61491C0329F8DB016821F40C
:1016400000710160002C00D162B630BD2DE9F0417F
:101650000D46040018D0032D16D26068002813D060
:10166000EFF3108672B6A06AE16A0DB92063616378
:10167000626800273B46DEF78FFF04EB8500C260FF
:101680008761002E00D162B6BDE8F0812DE9F84FE8
:10169000050036D02848016841F080710160DFF80C
:1016A0009C80D8F8000040F00100C8F80000D8F88D
:1016B0000000DFF88C90C0F300004FF47A7A4FF40A
:1016C0007A5B58B1EFF7C4FF0746D8F804603C4690
:1016D000D9F80010B1FBFAF0A8B115E0D9F8001064
:1016E000B1FBFAF000B958460021C30807E00093A7
:1016F00000E000BF0098421E0092FAD2491CA942A5
:10170000F5D3BDE8F88F5846A91C00FB01F90CE0A1
:10171000EFF79EFFA04203D00446D8F8046004E02F
:10172000D8F80400811B4945EBD8EFF791FFC01BA7
:10173000A842EDD3E5E70000FCED00E0001000E07A
:10174000D474042082B0CDE9000121F00040019062
:101750009DED000B02B051EC100B704710B5044624
:101760004FF40071DFF79EF92A49204600F0E0FAB5
:1017700001202071802104F1080000F0D9FA042131
:1017800004F10C0000F0D4FA234904F1100000F039
:10179000CFFA402104F1140000F0CAFA41F2883176
:1017A00004F1180000F0C4FA202104F11C0000F03C
:1017B000BFFA102104F1200000F0BAFA40F2E24131
:1017C00004F1240000F0B4FA144904F1280000F0F8
:1017D000AFFA102104F12C0000F0AAFA40F23911FE
:1017E00004F1300000F0A4FA832104F1340000F089
:1017F0009FFA0B48017804F1380000F099FA4FF491
:10180000806104F13C0000F093FA2046BDE81040EE
:1018100000F074BC4336344300350C000071020004
:10182000480100202DE9F0470D460646EFF31089E8
:1018300072B64FF400712846DFF734F9194928468B
:1018400000F076FA0120287140216971D6F8C010A5
:1018500001B1A871D6F8C41005F1080000F068FACB
:10186000D6F8C81005F10C0000F062FA002406EB6F
:1018700044008046B0F8CC1005EB440707F1100097
:1018800000F052FAB8F84C1107F1900000F04CFA51
:10189000641C402CEBD389F310882846BDE8F04740
:1018A00000F02CBC4336345A70B54FF40075044632
:1018B0002946DFF7F7F82549204600F039FA0120DC
:1018C000207160710020A0710220E071010304F119
:1018D000080000F02DFA802104F10C0000F028FA35
:1018E000812104F1100000F023FA822104F1140098
:1018F00000F01EFAE90004F1180000F019FA41F6B0
:10190000FF7104F11C0000F013FA012104F1200022
:1019100000F00EFAA90004F1240000F009FA40F6E4
:10192000FF7104F1280000F003FA294604F12C00AD
:1019300000F0FEF940F2FF7104F1300000F0F8F918
:101940002046BDE8704000F0D9BB00004336344D5E
:1019500070B50C4605464FF400712046DFF7A2F83B
:101960004E49204600F0E4F9012020712869607199
:10197000A96904F1080000F0DBF9A96A04F10C0080
:1019800000F0D6F9E96A04F1100000F0D1F9E96934
:1019900004F1140000F0CCF9296A04F1180000F0F9
:1019A000C7F9286AE969012875D0A0FB0110491818
:1019B00040410022D1F1FF33824101D24FF0FF318B
:1019C00004F11C0000F0B4F9696B04F1200040350B
:1019D00000F0AEF9AA68EB6804F1280000F0B0F955
:1019E0002A696B6904F1300000F0AAF9AA69EB6971
:1019F00004F1380000F0A4F92A6A6B6A04F140008F
:101A000000F09EF9296804F1480000F091F9AA6AF3
:101A1000EB6A04F1500000F093F92A6B6B6B04F150
:101A2000580000F08DF9AA6BEB6B04F1600000F038
:101A300087F92A6C6B6C04F1680000F081F9AA6CDC
:101A4000EB6C04F1700000F07BF9296D04F1780073
:101A500000F06EF9696D04F17C0000F069F9E96D40
:101A600004F1800000F064F9AA6EEB6E04F18800C6
:101A700000F066F92A6F6B6F04F1900000F060F9D6
:101A8000AA6FEB6F04F1980000F05AF92046BDE808
:101A9000704000F033BB0248414391E74336345372
:101AA0000071020000290AD0B0F868218A78A0F8F5
:101AB00068214968002902D0B0F8682108477047BA
:101AC00010B504460020B4F86821062A1FD2DFE8CA
:101AD00002F003050E11191C0F4801E00E483830C2
:101AE00000EBC1012046BDE81040FFF7DBBF0A480C
:101AF000703001E00848A83000EBC1012046FFF734
:101B0000D1FF06E00448E030F6E70448F4E7002897
:101B100001D0B4F8680110BD287804204079042071
:101B2000C178006861F31F60704700001FB5F2F7CD
:101B3000E9F962B66A48016841F08071016069485C
:101B400000254560016841F001010160BFF34F8F3E
:101B5000BFF36F8FF0F784FBFAF7CAFF40F2011072
:101B6000DFF762FE61486049614C0160A0F19C01B1
:101B700061644831C4E90F1078306060B030A06013
:101B8000A0F58470206000F5F87060624830A062B3
:101B9000903860610C20A0850821E1852186554997
:101BA000A1614839E161A1F590712162608601F57A
:101BB000FC7060634838A06321464F48ECF70FF98A
:101BC0004FF48170DFF730FEF8F7FEFFF8F756FFAD
:101BD00040F20310DFF728FE4748012680F8F06244
:101BE00046480570F9F768FBF9F704FBF9F78CFA3A
:101BF000F9F7D8FBF9F7A6FB4148424A818BC06848
:101C000089B2CDE90201CDE900263849D4E909239A
:101C10009C393D48DFF7AAF93C4B3D4A00213D483D
:101C20000095E5F75BFB00233B4A01213948E5F7C6
:101C300041FB354A0023283202213648E5F73AFBBA
:101C40000023364A03213348E5F734FBEAF796FBD5
:101C5000EAF76CFB21462848ECF7C1F8002207217F
:101C60002920F0F78BFB2920F0F77AFB2C4801683C
:101C700041F400510160EDF721F9F8B1FAF7D2FC17
:101C80000520FAF77BFFF9F75BF8264C207811283E
:101C900009D02078142806D02078102807D0207882
:101CA000132804D007E0EDF7B9FB38B903E0E4F7F7
:101CB00077FFEBF73FFCEDF751FB08B1FDF7C8FBF1
:101CC000F9F7B0FB2078152806D1EAF78BFDE4F789
:101CD00061FE0120E4F7D4F8EDF760F930BFFBE7CF
:101CE000FCED00E0001000E000280040DCA5002032
:101CF00070DF0420C4A80020C0F20420A8540420EF
:101D00008054042000710200E85B0420C0E9042034
:101D100080E9042080010020D03D002040EA04201A
:101D200018080240480100200170090A41707047FC
:101D300001700A0A42700A0C8270090EC170704765
:101D400070B511461D460446FFF7F2FF2946201DD7
:101D5000BDE87040FFF7ECBF0EB54FF47A738DE825
:101D60000E0002460123D1210148EFF769FF0EBDA5
:101D700088A5002010B500291FD00268002A1CD0B9
:101D80005068002819D08B015168D06818448842E7
:101D900003D3B0FBF1F404FB1100D060146B506B63
:101DA000E41840F1000014635063183252E8000F49
:101DB000C01A42E800010029F8D110BD10B5002971
:101DC0001FD08268002A1CD05068002819D04B010F
:101DD0005168D0681844884203D3B0FBF1F404FB87
:101DE0001100D060146B506BE41840F100001463D4
:101DF0005063183252E8000FC01A42E8000100296F
:101E0000F8D110BDF8B50D46044600F03FF99D49E4
:101E1000886940F4802088619B490627086840064D
:101E200003D4086840F040000860002242F21076B7
:101E3000334600E000BF8868800706D45B1E581C4C
:101E4000F8D102E0C8688DF800008868C007F9D1B1
:101E5000A05C0873304600E000BF8B68DB0701D14F
:101E6000401EF9D28868C00705D0C8688DF8000008
:101E7000521CBA42DCDB324600240868FF234006CD
:101E800003D4086840F040000860304600E000BF1E
:101E90008F68BF0701D4401EF9D28868C0070AD0F6
:101EA000C8688DF800008868C00702D0C8688DF83F
:101EB00000009DF800000B73B44600E000BF886886
:101EC000C00702D1BCF1010CF8D28868C0070AD063
:101ED000C868C0B2FF2808D002B148B100F0D6F8F7
:101EE0004FF0FF30F8BD2046F4E7521EC5D1F5E7AC
:101EF000334637460A68FF20520603D40A6842F088
:101F000040020A603E4600E000BF8A68920701D4A2
:101F1000761EF9D28A68D2070AD0CA688DF80020E6
:101F20008A68D20702D0CA688DF800209DF8002088
:101F30000873384600E000BF8A68D20701D1401E0E
:101F4000F9D28868C0070BD0C868C0B2FF2809D092
:101F50000BB1FE2809D000F099F86FF00100F8BD30
:101F60002046F3E75B1EC5D1F5E700200A68FF2392
:101F7000520603D40A6842F040020A603E4600E07E
:101F800000BF8A68920701D4761EF9D28A68D20708
:101F90000AD0CA688DF800208A68D20702D0CA68C1
:101FA0008DF800209DF800200B733A4600E000BF3A
:101FB0008B68DB0701D1521EF9D28A68D2070FD095
:101FC000CA68D2B22A54401C4028CFD30868FF23E5
:101FD000400603D4086840F040000860384602E03C
:101FE0002246EFE700BF8A68920701D4401EF9D26B
:101FF0008868C0070AD0C8688DF800008868C007E4
:1020000002D0C8688DF800009DF800000B733846B8
:1020100000E000BF8A68D20701D1401EF9D288686B
:10202000C00700D0C8680868FF23400603D40868CA
:1020300040F040000860384600E000BF8A68920720
:1020400001D4401EF9D28868C0070AD0C8688DF84C
:1020500000008868C00702D0C8688DF800009DF8AD
:1020600000000B7300E000BF8868C00701D17F1E2D
:10207000F9D28868C00700D0C86800F007F80020CF
:10208000F8BD0000000002400030014018B51948BA
:10209000816941F004018161174AFF2410684006FC
:1020A00003D4106840F04000106042F210710846FE
:1020B00000E000BF93689B0701D4401EF9D29068EE
:1020C000C0070AD0D0688DF800009068C00702D021
:1020D000D0688DF800009DF80000147300E000BF88
:1020E0009068C00701D1491EF9D29068C00700D09E
:1020F000D06818BD000002400030014010B5044611
:102100004FF4FE71FFF70EF9014604F5FE70BDE8CD
:102110001040FFF70DBE000070B5144E1C4606EBD4
:102120004105002A00DB2A81002C0ADB082908D29D
:1021300006EB8100846229B1E6F7A4FFB4FBF0F05E
:10214000288370BD3589E6F79DFF420105B940251A
:1021500052B1A4FB0501001849410023DEF71CFA27
:1021600080B23083346070BD0020FAE7C0EA0420FA
:1021700000B52DED048B83B041EC190B00F08EFD02
:1021800041EC180B18EE100A18EE901A8DED008B2A
:10219000002818BF0120084320F00040C0F17F60F4
:1021A00000F1E040C00F14D019EE101A19EE900A99
:1021B0008DED009B002918BF0121084320F000404D
:1021C000C0F17F6000F1E040C00F04BF0120DEF7E6
:1021D000BAFC51EC180B03B0BDEC048B00BD70B51C
:1021E0000D46044600F018F85002E2611A4600233A
:1021F0001946DEF7D1F9208401202074256070BDD6
:1022000070B51E46154604463246049BFFF7E7FFAD
:1022100002202074656070BD002101764176416125
:102220007047000070EE600A10B510EE900A2DEDB8
:10223000028B11499FED118B884208DB10EE100ACA
:1022400000F0E6FE53EC182B00F0F4FD0CE010EE6D
:10225000900A0C4988420BD910EE100A00F0D8FE03
:1022600053EC182B00F07CF800F048F800EE100A50
:10227000BDEC028B10BD0000DB0F4940112D445412
:10228000FB211940DB0F49C01CB50BA1D1E900218E
:10229000CDE9002100216A4600EB4103B3F8583034
:1022A000545CA34202D04FF0FF301CBD491C0529ED
:1022B000F2DB00201CBD0000494E54414E000000DE
:1022C00013B584B04FF47A74012305A98DE81A0080
:1022D0000246D0210248EFF79BFE06B010BD000079
:1022E00088A5002081F00041704780F000407047D1
:1022F00021F00041704720F00040704721F000427B
:1023000001F00043A2F16052B2F5801F28BFD2F164
:102310007F6C0BD95FEA001C43EAC20242EB5070AB
:1023200018BF704728BF20F001007047B2F5801F2A
:10233000BCBF184670474FEA410C1CF5001F02D283
:10234000084600F0E3BE70B500F012FC0000008902
:10235000FFF7F6BF4FF00040A0F580007047000087
:1023600010B591EA030F48BF83F0004300F16A857E
:10237000841A71EB030C05D2121943EB0C03001BFA
:1023800061EB0C014FEA1154A4EB135CDFF81CE184
:102390001EEA430F18BF9EEA445F00F0748021EAF2
:1023A000045123EA0E0343F48013DCF1200E32D3F0
:1023B00022FA0CFE10EB0E0023FA0CFE41EB0E018C
:1023C000CCF1200E03FA0EFE10EB0E00CCF1200E25
:1023D00051F10001B1F5801F32D201EB045112FA24
:1023E0000EF2BDE8104058BF7047401C38BF5FEA8E
:1023F000420218BF7047002814BF20F0010041F1CD
:1024000000014FEA410313F5001F38BF7047A1F1E7
:10241000C04100F0FBBB012A43EB0302ACF1200CEE
:10242000DCF11F0E32BF4FF0000E23FA0CF310EB5D
:10243000030041EB0451B4EB115FD0D0A1EB045188
:1024400001F58011490801EB04515FEA30000ED319
:1024500050F1000038BF12FA0EFE08D1BDE810405E
:10246000C9E7401C38BF5FEA4202CAD1C3E7BDE8F2
:1024700010404FEA410313F5001F38BF7047A1F128
:10248000C04100F0C3BB9EEA445F08D011EA5E0F72
:10249000BDE8104004BF01F0004100207047BDE8D6
:1024A000104070B500F064FB64FBBE3E0000E0FF2E
:1024B00002494FF0000000F099BE00BF0000F87F15
:1024C000491058BFC1F140415B1058BFC3F14043B0
:1024D0008B42EFF3008070472DE9C04130B4DFF844
:1024E000A8C23CEA111418BF3CEA131400F0F080B3
:1024F0001CEA111481EA030544EAD57418BF1CEAEA
:10250000131500F0CB80A4EB050404F17F7404F5EF
:1025100000344FF0004545EAC12145EAC32341EAB2
:10252000505143EA52534FEAC0204FEAC222994227
:1025300008BF904200F0A0804FEA13650FF24816E2
:10254000765D4FEA134506FB05F7C7F1807706FB7A
:1025500007F74FEAD737A7FB03687642A7FB06CEFB
:10256000C8F5803838BFA8F1010807FB08E6A6FBCC
:10257000028C4FF0000EE6FB03CED8F100086FEAA4
:102580000C0C5CF1000C6FEA0E0E4EF1004EA6FB37
:102590000C584FF00007E6FB0E87A1FB08C6A0FB16
:1025A00007CE16EB0E064FF0000545F10005E1FBE6
:1025B000076515F1E04E7EBFA4F580345FEA46065C
:1025C0006D4116F1800745F100054FEA172747EAEC
:1025D00005674FEA15254FEA0666A6F1DE46B6F115
:1025E000805F20D9384605EBC47124F0010C01EB63
:1025F0000C11BCF1FE6F02D8F0BCBDE80081244292
:102600005CBF01F5801E9EEAC47F02D4F0BCBDE829
:102610000081244200F13980A1F1C041F0BCBDE845
:10262000004100F0F3BA4FEAD02040EA41504FEAAF
:10263000D1214FEAD22242EA43524FEAD323A7FBE9
:10264000028607FB036605FB02661EEA0E0F58BFF3
:10265000A6EB0056B6EB00564FEA520E4EEAC37E8A
:1026600018EB0E0E56EB530EBCD518EB02085E416C
:102670007F1C55F10005B5E74FF480154FF00007BA
:102680004FF000064FF00008ACE701F1C04101F047
:1026900000414FF00000F0BCBDE800810CEA1315CA
:1026A00011EA0C1F00D00CE013EA0C1F00F025808B
:1026B0004FF0000081EA030101F00041F0BCBDE8E9
:1026C0000081F0BCBDE8004181EA030100F09EBA40
:1026D000F0BCBDE8004170B500F04AFA097EFC3E4E
:1026E00000F007B84FF0000081EA030101F000415B
:1026F000704781EA030100F089BAF0BCBDE80041EF
:1027000022494FF000007047FFFDFBF9F7F5F4F2A6
:10271000F0EEEDEBE9E8E6E4E3E1E0DEDDDBDAD87C
:10272000D7D5D4D3D1D0CFCDCCCBCAC8C7C6C5C4DA
:10273000C2C1C0BFBEBDBCBBBAB9B8B7B6B5B4B3F1
:10274000B2B1B0AFAEADACABAAA9A8A8A7A6A5A4DC
:10275000A3A3A2A1A09F9F9E9D9C9C9B9A999998A0
:102760009797969595949393929191908F8F8E8E43
:102770008D8C8C8B8B8A89898888878786858584D0
:1027800084838382828181800000FF070000F87FBC
:1027900051EA030C17D41CF5801F58BFBCF5801FED
:1027A00000F10680994218BF704708BF90427047F9
:1027B00007D711F5801F58BF13F5801F19D4994210
:1027C0007047894270471CF5801F08D5BCF5801FF3
:1027D000F7D58B4218BF704708BF824270474FF44D
:1027E000001C1CEB410F38BF1CEB430F01D28B4286
:1027F000704770B500F0BCF9922449004FF00051C9
:102800004FF08053FFF75CBE4FEA41034FEA53534A
:10281000A3F58063D3F11E03C8BFD3F1210C0CDDF7
:102820004FF0004242EAC12242EA505232FA03FC1F
:102830008CEAE17CACEBE1707047102BC4BF002048
:10284000704703F5787CBCF1FF3F04D06FF0004285
:1028500082EA2100704770B500F08AF9499224801D
:1028600000207047F2E700004FEA1153A3F58063A0
:10287000D3F11E03A8BFD3F1200C08DB4FF00042B8
:1028800042EAC12252EA505232FA03F0704709423A
:102890000BD4102BC4BF0020704703F5787CBCF12B
:1028A000FF3F05D04FF0FF3070474FF000007047FA
:1028B00070B500F05DF900BF499224800020704798
:1028C000F0E710F0004248BF4042B0FA80F310FA3F
:1028D00003F10AD0C3F11D0303F5806302EB035239
:1028E0004FEA415002EBD12170474FF00000704792
:1028F000B0FA80F310FA03F10AD0C3F11D0303F517
:1029000080634FEA03524FEA415002EBD1217047F6
:102910004FF0000070470000B1FA81F30B3B20D369
:10292000994010D1B0FA80F310FA03F108BF704754
:10293000C3F11D0303F580634FEAD1224FEA4150F2
:1029400002EB03517047C3F1200C20FA0CFC41EA62
:102950000C019840C3F1320303F5806301EB03518E
:102960007047C3F1320C0CF5806210B5C3F100045E
:10297000C4F1200E01FA0EFC21FA04F100FA0EF364
:10298000E04040EA0C00BDE8104001EB025138BFC6
:102990007047401C41F100015B0008BF20F00100BE
:1029A0007047000051EA030C17D41CF5801F58BF74
:1029B000BCF5801F00F10680994218BF704708BF20
:1029C0009042704707D711F5801F58BF13F5801F3D
:1029D00019D499427047894270471CF5801F08D569
:1029E000BCF5801FF7D58B4218BF704708BF8242E5
:1029F00070474FF4001C1CEB410F38BF1CEB430F1A
:102A000001D28B42704770B500F0B2F892244900B1
:102A10004FF000514FF08053FFF752BD70B5DFF813
:102A200048C11CEA111E1EBF1CEA13159EEA0C0FBA
:102A300095EA0C0F00F06F8081EA03044EEAD47E21
:102A4000AE4421EA4C1123EA4C1341F4801143F4C3
:102A50008013AEF17F7EA1FB024CA0FB036536190B
:102A600055EB0C05A1FB034C4CF10003A0FB021C31
:102A700016EB0C06654153F10003094218BF46F0FE
:102A8000010613F4007F0BD14FEA03314FEA053002
:102A900041EA155140EA165034036FF003020AE090
:102AA0004FEAC3214FEAC52041EA555140EA56504A
:102AB000F4026FF0020202EB2E4201EB025585EAAE
:102AC000CE710AD05FEA440C18BF24F0004450F1E4
:102AD000000041F1000120EAD47040F2FE7C624522
:102AE00000D270BDA84214BF4FF080444FF0404464
:102AF000002E08BF0024BEF1806FA8BFA1F1C04125
:102B0000BDE8704080F2828001F1C04101F00041D7
:102B10004FF0000070470CEA13159EEA0C0F18BF27
:102B200095EA0C0F06D081EA030E4FF000000EF07C
:102B3000004170BD00F01CF88900013E00F007B8AC
:102B400000F009B84FEA430C5FEA5C5C08D081EA08
:102B5000030100F05BB84FEA410C5FEA5C5CF6D120
:102B600002494FF0000070470000FF070000F87FA7
:102B70000EF1020E2EF0030E5EF8046B364205D401
:102B8000012A43EB030515F5001F12D8012841EB7C
:102B9000010C1CF5001F0CD80ED14FEAD17C0CEBB8
:102BA0004C0C0CF1020C15F5001F08BF4CEBD37C4C
:102BB00004E04FF0080C01E04FEAD37C0CEB4C052D
:102BC00026FA05F606F00706B6F1040C06D20EEB5F
:102BD000860CBDE870404CF0010C6047DFE80CF05B
:102BE000090B02024FF00041A1F500214FF0000057
:102BF00070BD19461046012851EB010418BFD4F5E9
:102C0000001484BF002001F0004170BD0808A0F549
:102C100000114FEA3101704753EA010C17D41CF53B
:102C2000801F58BFBCF5801F00F106808B4218BF83
:102C3000704708BF8242704707D713F5801F58BFFF
:102C400011F5801F19D48B4270479B4270471CF5C9
:102C5000801F08D5BCF5801FF7D5994218BF704773
:102C600008BF904270474FF4001C1CEB430F38BF65
:102C70001CEB410F01D2994270470FB40CBC03BC4E
:102C8000FFF7C1BE10B591EA030F81F000413FF597
:102C90006FAB83F0004300F0D5B800002DE9F041A0
:102CA00001F5801CBCF5001FC0F2A9804FEA115C41
:102CB00021EA0C5141F480110CF1FD0C5FEA5C0C2F
:102CC0000CF5C07C01D340004941890241EA905192
:102CD00087022EA48E0EA45D0A0C04FB04F602FBF0
:102CE00006F6C6F14046A4FB0662F60D46EA422609
:102CF00006FB06F4A4FB01235242C3F1404338BF54
:102D00005B1EA6FB02420024E6FB0324D20B42EA30
:102D10004446A6FB0623A1FB02E2A3FB07E4E3FB78
:102D200061426442C2F1404E38BFAEF1010EA6FBD3
:102D300004234FF00002E6FB0E32A2FB03463400F0
:102D4000E2FB6264A1FB06E6A4FB07E8E4FB616822
:102D50007642C8F1405838BFA8F10108A2FB06E44A
:102D6000A3FB08E5E2FB6854A1FB05E6A7FB04E82A
:102D7000E1FB648618F1200556F10006A80940EA37
:102D80008660B109A8F11B0808F03F08B8F10A0FE6
:102D90001CD901EB0C51BDE8F08100BFFCF5EEE859
:102DA000E2DDD8D3CFCBC7C3C0BDB9B6B4B1AEACEA
:102DB000A9A7A5A3A19F9D9B9A9896959392908F62
:102DC0008D8C8B898887868584838281A0FB0068AF
:102DD00000FB01F208EB4208B8EB872807D534184E
:102DE00058EB0104D5D5401C51F10001D1E7341A4C
:102DF00078EB0104CDD4401E71F10001C9E75FEA10
:102E00004C0C5FEA9C5C0DD105D301F000414FF002
:102E10000000BDE8F081BDE8F04170B5FFF7A8FE05
:102E20006DDBFFBEBDE8F04101494FF00000704787
:102E30000000F87F10B591EA030F48BF83F000430C
:102E40003FF596AA841A71EB030C07D28CF0004C64
:102E5000121943EB0C03001B61EB0C014FEA1154F8
:102E6000A4EB135CDFF8A4E11EEA430F18BF9EEA4F
:102E7000445F00F0B48021EA045123EA6E03524219
:102E8000C3EB6E0338BF5B1EDCF1200E25D322FAA4
:102E90000CFE10EB0E0043FA0CFE41EB0E01CCF1E0
:102EA000200E03FA0EFE10EB0E00CCF1200E51F1B5
:102EB000000129D401EB045112FA0EF2BDE81040D2
:102EC00058BF7047401C1CBFB2F1004F704700282C
:102ED0000CBF491C20F00100704712EB020E43EBBF
:102EE000030218BF4FF0010E4EEA4202ACF1200C73
:102EF000DCF11E0E56D943FA0CFE10EB0E00CCF19D
:102F00001E0E51F1FF31D5D50EF1010E12FA0EFE53
:102F1000404141EB010101EB445C5FEA5C5C10D98C
:102F200001EB045110EBDE7038BFBEF1004FBDE87D
:102F3000104018BF704700280CBF491C20F001004A
:102F4000704734D24FEAD42C24F4006411F50011F8
:102F50001BD0B1FA81F20B3AA41AA41ED2F12003BD
:102F6000914030FA03F31943904001EBCC7101EB2F
:102F70000451002CBDE81040A8BF704701F1C041CA
:102F800001F000414FF000007047B0FA80F310FAF2
:102F900003F102D1BDE810407047E41A173C480520
:102FA000C90AE2E701EB0451BDE81040704749103F
:102FB0004FEA300001EB0451BDE8104002E04FF051
:102FC000000170474A0008BF0042F8D0B2F5001F68
:102FD00028BF704701F000414FF0000070479EEAA3
:102FE000445F07D011EA5E0FBDE8104004BF002126
:102FF00000207047BDE8104070B5FFF7B9FD00BF75
:1030000040DFF63E104683F0004170470000E0FFCD
:1030100043004FEAD30C4FEA3C0C43401FBF40072C
:103020000CF1605113F0FE4F70471CF0006F03D19C
:103030000CF00041002070470CF0004343EA507050
:1030400040EACC0010B500F00EF800BF000000927E
:103050004FEA0001FFF7DABD4FF00041A1F5002172
:103060004FF0000070470EF1020E2EF0030E5EF8D6
:10307000044B244204D44FEA4102B2F17F4F11D8ED
:103080004FEA4003B3F17F4F0CD80ED14FEAD07C0A
:103090000CEB4C0C0CF1020CB2F17F4F08BF4CEB67
:1030A000D17C04E04FF0080C01E04FEAD17C0CEB3E
:1030B0004C0324FA03F404F00704B4F1040C06D220
:1030C0000EEB840CBDE810404CF0010C6047DFE8CB
:1030D0000CF0070802024FF00040A0F5800010BD80
:1030E0000846420018BFD2F1807288BF00F000404D
:1030F00010BDF1EE100A4FF6FF71C0F2C03120EAA8
:10310000010040F04070E1EE100A7047FF2141EAF3
:10311000D050C005704700000A154FEAC12343EAAA
:1031200050534FEAC02C18BF43F000431BD4A2F207
:103130004E02D2F57C72C0F22080502AA8BF5022E5
:1031400023FA02F12CFA02F0D2F1200260B484BF1B
:1031500003FA02F52843C2F100029CBF23FA02F5EC
:10316000284360BC704701F1804212F5801F04DAE9
:103170004FF000004FF00001704770B5FFF7F8FC0A
:1031800049922480002001E06FEAE1700146704717
:10319000C2154FEA002318BF43F000430ED4D2F10A
:1031A000BE0215D323FA02F1B2F1200C2EBF23FA8E
:1031B0000CF0C2F1200C03FA0CF070474FEA400CFF
:1031C000BCF1FE4F04D24FF000004FF000017047F9
:1031D00010B5FFF748FF00BF922449804FF000016F
:1031E000002070476FEAE070014670470CF00F0353
:1031F000092B08BF082000F059800A2B0BD0082BA0
:1032000018BF704708BF1CF0400F0AD04FF00000F5
:103210004FF0000170471CF0400F18BF4FF0004006
:1032200070471CF0100F08D000F07F4220F0704370
:1032300042EAD3014FEA4370704700F0604021F04A
:103240007F4242EA000201F07F4040EA727070471C
:103250004FF0FF0C4CF4E06C1CEA11531CBF9CEACD
:10326000030C9445C2BFDA4201EB02517047002BB8
:103270000DD0BCF1000F0FD001F00041002AA4BF17
:1032800041F0E04141F07F614FF00000704701F0F4
:1032900000414FF00000704750EA01334FF09B0CA3
:1032A00018BF4CF0806C7FF403A970471CF4801F9A
:1032B00011D01CF4E02F03D06FEACC3149007047E5
:1032C0004FF04050EFF3008222F0704242EA0002D9
:1032D00082F3008870474FF0000070470100000043
:1032E00003000000010000000000000000000000DA
:1032F00000000000000000000000000000000000CE
:1033000040530A3C00000000000000000000803F25
:10331000000000400000803F0000803F00000000EF
:10332000000000000000803F0000000000000000DE
:103330000000803F7AA5DCBFCCEE413F0000803F1B
:103340000000000000000000010000000300000079
:10335000010000000000000000000000000000006C
:103360000000000000000000000000003064F53C98
:1033700000000000000000000000803F000000404E
:103380000000803F0000803F0000000000000000BF
:103390000000803F00000000000000000000803FAF
:1033A0003A23BABF99F5123F0000803F00000000A9
:1033B0000000000001000000030000000100000008
:1033C00000000000000000000000000000000000FD
:1033D0000000000000000000C3F2C73D0000000034
:1033E000000000000000803F000000400000803F1F
:1033F0000000803F00000000000000000000803F4F
:1034000000000000000000000000803FFF5B71BF73
:103410003BAAAA3E0000803F000000000000000020
:103420000100000003000000010000000000000097
:10343000000000000000000000000000000000008C
:1034400000000000AEF5953E000000000000000006
:103450000000803F000000400000803F0000803FEF
:103460000000000000000000010000000300000058
:10347000010000000000000000000000000000004B
:103480000000000000000000000000000000803F7D
:1034900000000000000000000000803F000000402D
:1034A0000000803F0000803F00000000000000009E
:1034B0000000803F00000000000000000000803F8E
:1034C000000000400000803F0000803F000000003E
:1034D00000000000000000000000000000000000EC
:1034E00000000000000000000000000000000000DC
:1034F00000000000000000000000000000000000CC
:1035000000000000000000000000000000000000BB
:1035100000000000000000000000000000000000AB
:10352000000000000000000000000000000000009B
:10353000000000000000000000000000000000008B
:10354000000000000000000000000000000000007B
:10355000000000000000000000000000000000006B
:10356000000000000000000000000000000000005B
:10357000000000000000000000000000000000004B
:10358000000000000000000000000000000000003B
:10359000000000000000000000000000000000002B
:1035A000000000000000000000000000000000001B
:1035B000000000000000000000000000000000000B
:1035C00000000000000000000000000000000000FB
:1035D00000000000000000000000000000000000EB
:1035E00000000000000000000000000000000000DB
:1035F00000000000000000000000000000000000CB
:1036000000000000000000000000000000000000BA
:1036100000000000000000000000000000000000AA
:10362000000000000000000000000000000000009A
:10363000000000000000000000000000000000008A
:10364000000000000000000000000000000000007A
:10365000000000000000000000000000000000006A
:10366000000000000000000000000000000000005A
:10367000000000000000000000000000000000004A
:10368000000000000000000000000000000000003A
:10369000000000000000000000000000000000002A
:1036A000000000000000000000000000000000001A
:1036B000000000000000000000000000000000000A
:1036C00000000000000000000000000000000000FA
:1036D000000000003C485645523E003C52455345D0
:1036E000543E00003C313E00AD900000AD000000B3
:1036F00080E90420C0E904203031323334353637D4
:10370000383941424344454600303132333435364E
:1037100037383941424344454600000081000000EB
:1037200000000000000000000000000080E904200C
:10373000C0E9042040EA0420105C0420D03D0020B1
:10374000AD5100000000000000000000000000007B
:103750000000000000000000000000000000000069
:103760000000000000000000000000000000000059
:103770000000000000000000000000000000000049
:103780000000000000000000000000000000000039
:103790000000000000000000000000000000000029
:1037A0000000000000000000000000000000000019
:1037B0000000000000000000000000000000000009
:1037C0000000DADAAD530000000000000000000045
:1037D00000000000000000000000000000000000E9
:1037E00000000000000000000000000000000000D9
:1037F00000000000000000000000000000000000C9
:1038000000000000000000000000000000000000B8
:1038100000000000000000000000000000000000A8
:103820000000000000000000000000000000000098
:103830000000000000000000000000000000000088
:10384000000000000000DADAAD52000000000000C5
:103850000000000000000000000000000000000068
:103860000000000000000000000000000000000058
:103870000000000000000000000000000000000048
:103880000000000000000000000000000000000038
:103890000000000000000000000000000000000028
:1038A0000000000000000000000000000000000018
:1038B0000000000000000000000000000000000008
:1038C000000000000000000000000000DADA000044
:1038D00000001008FFFF130801000000000014089A
:1038E000FFFF1708020000000102030001000100B1
:1038F000000102030A0B0C0D000102030A0B0C0D60
:103900000102030405060708090000000100000089
:1039100003000000010000000000000000000000A3
:103920000000000000000000000000000000000097
:103930009613233C00000000000000000000803FC0
:1039400000000000000080BF0000803F0000000079
:10395000000000000000803F0000000000000000A8
:103960000000803F5D6DFDBF2EE77A3F0000803F85
:103970000000000000000000010000000300000043
:103980000100000000000000000000000000000036
:103990000000000000000000000000009613233C1F
:1039A00000000000000000000000803F0000000058
:1039B000000080BF0000803F000000000000000009
:1039C0000000803F00000000000000000000803F79
:1039D000B459FDBF2EE77A3F0000803F0000000091
:1039E00000000000010000000300000001000000D2
:1039F00000000000000000000000000000000000C7
:103A0000000000000000000082574B3C0000000056
:103A1000000000000000803F00000000000080BFA8
:103A20000000803F00000000000000000000803F18
:103A300000000000000000000000803F287EFCBF66
:103A400065A5793F0000803F0000000000000000F5
:103A50000100000003000000010000000000000061
:103A60000000000000000000000000000000000056
:103A70000000000091EE273D000000000000000063
:103A80000000803F00000000000080BF0000803F79
:103A900000000000000000000000803F0000000067
:103AA000000000000000803F014DF4BF0C026B3F9E
:103AB0000000803F00000000000000000100000046
:103AC00003000000010000000000000000000000F2
:103AD00000000000000000000000000000000000E6
:103AE00024B4E53D00000000000000000000803F1D
:103AF00000000000000080BF0000803F00000000C8
:103B0000000000000000803F0000000000000000F6
:103B10000000803FF163DCBFF792463F0000803F2A
:103B20000000000000000000010000000300000091
:103B30000100000000000000000000000000000084
:103B4000000000000000000000000000B130443D13
:103B500000000000000000000000803F00000000A6
:103B6000000080BF0000803F000000000000000057
:103B70000000803F00000000000000000000803FC7
:103B80002B18E5BFA779673F0000803F00000000C9
:103B90000000000001000000030000000100000020
:103BA0000000000000000000000000000000000015
:103BB000000000000000000076A7BB3D00000000F0
:103BC000000000000000803F00000000000080BFF7
:103BD0000000803F00000000000000000000803F67
:103BE00000000000000000000000803F14D0CCBFA7
:103BF000DF15513F0000803F000000000000000082
:103C000001000000030000000100000000000000AF
:103C100000000000000000000000000000000000A4
:103C200000000000C764313D0000000000000000FB
:103C30000000803F00000000000080BF0000803FC7
:103C400000000000000000000000803F00000000B5
:103C5000000000000000803F36CDF3BF46D3693F2F
:103C60000000803F00000000000000000100000094
:103C70000300000001000000000000000000000040
:103C80000000000000000000000000000000000034
:103C9000137E893E00000000000000000000803F0D
:103CA00000000000000080BF0000803F0000000016
:103CB000000000000000803F000000000000000045
:103CC0000000803FA67E76BF8A02ED3E0000803F66
:103CD00000000000000000000100000003000000E0
:103CE00001000000000000000000000000000000D3
:103CF0000000000000000000000000000534513EFC
:103D000000000000000000000000803F00000000F4
:103D1000000080BF0000803F0000000000000000A5
:103D20000000803F00000000000000000000803F15
:103D30003C4E99BFFE65173F0000803F0000000029
:103D4000000000000100000003000000010000006E
:103D50000000000000000000000000000000000063
:103D600000000000000000000000803F0000000094
:103D7000000000000000803F000000000000000084
:103D80000000803F00000000000000000000803FB5
:103D900000000000000000000000803F0000000064
:103DA000000000000000803F000000000000000054
:103DB00001000000030000000100000000000000FE
:103DC00000000000000000000000000000000000F3
:103DD000000000009613233C0000000000000000DB
:103DE0000000803F0000803F000000000000803F96
:103DF00000000000000000000000803F0000000004
:103E0000000000000000803F2EE77ABF00000000A5
:103E10000000803F000000000000000001000000E2
:103E2000030000000100000000000000000000008E
:103E30000000000000000000000000000000000082
:103E40009613233C00000000000000000000803FAB
:103E50000000803F000000000000803F00000000E4
:103E6000000000000000803F000000000000000093
:103E70000000803F2EE77ABF000000000000803F76
:103E8000000000000000000001000000030000002E
:103E90000100000000000000000000000000000021
:103EA0000000000000000000000000005DE2C83CCF
:103EB00000000000000000000000803F0000803F84
:103EC000000000000000803F000000000000000033
:103ED0000000803F00000000000000000000803F64
:103EE0001D7273BF000000000000803F0000000052
:103EF00000000000010000000300000001000000BD
:103F000000000000000000000000000000000000B1
:103F100000000000000000008BDF143D00000000E6
:103F2000000000000000803F0000803F0000000013
:103F30000000803F00000000000000000000803F03
:103F400000000000000000000000803F30646DBFF2
:103F5000000000000000803F0000000000000000A2
:103F6000010000000300000001000000000000004C
:103F70000000000000000000000000000000000041
:103F800000000000E4D78F3D0000000000000000AA
:103F90000000803F0000803F000000000000803FE4
:103FA00000000000000000000000803F0000000052
:103FB000000000000000803F280A5CBF00000000F5
:103FC0000000803F00000000000000000100000031
:103FD00003000000010000000000000000000000DD
:103FE00000000000000000000000000000000000D1
:103FF00076A7BB3D00000000000000000000803FED
:104000000000803F000000000000803F0000000032
:10401000000000000000803F0000000000000000E1
:104020000000803FDF1551BF000000000000803F0E
:10403000000000000000000001000000030000007C
:10404000010000000000000000000000000000006F
:1040500000000000000000000000000082574B3C00
:1040600000000000000000000000803F0000803FD2
:10407000000000000000803F000000000000000081
:104080000000803F00000000000000000000803FB2
:1040900065A579BF000000000000803F000000001F
:1040A000000000000100000003000000010000000B
:1040B0000000000000000000000000000000000000
:1040C00000000000000000004B1FFA3D000000004F
:1040D000000000000000803F0000803F0000000062
:1040E0000000803F00000000000000000000803F52
:1040F00000000000000000000000803FD57841BFB4
:10410000000000000000803F0000000000000000F0
:10411000010000000300000001000000000000009A
:10412000000000000000000000000000000000008F
:104130000000000024B4E53D000000000000000085
:104140000000803F0000803F000000000000803F32
:1041500000000000000000000000803F00000000A0
:10416000000000000000803FF79246BF0000000002
:104170000000803F0000000000000000010000007F
:104180000300000001000000030000000100000027
:10419000030000000100000000000000000000001B
:1041A000000000000000000000000000000000000F
:1041B00000000000000000000000000000000000FF
:1041C00000000000000000000000000000000000EF
:1041D0008E1E1FBE00000000000000000000803F97
:1041E00023DB81BF000000000000803F00000000D2
:1041F000000000000000803FC65016BFF853774013
:104200000000803F00000000000000000000803F30
:10421000CA3204C0AEB6E23F0000803F000000009A
:10422000000000000000803F0000000000000000CF
:104230000000803F410E6ABF000000000000803F88
:1042400000000000000000000000803F2D43BCBFC4
:10425000598B273F0000803F000000000000000055
:104260000000803FF0BF6DBF5EF4353F0000803F2F
:10427000000000000000000001000000030000003A
:104280000100000003000000010000000300000026
:10429000010000000000000000000000000000001D
:1042A000000000000000000000000000000000000E
:1042B00000000000000000000000000000000000FE
:1042C0000000000000000000000000006A4DF3BD87
:1042D00000000000000000000000803F2CD482BFDE
:1042E000000000000000803F00000000000000000F
:1042F0000000803FB5E045BDDE7172400000803FA8
:1043000000000000000000000000803F583900C09D
:1043100071ACF33F0000803F00000000000000008F
:104320000000803F00000000000000000000803F0F
:10433000DE9367BF000000000000803F0000000027
:10434000000000000000803F36ABAEBFA6D5183F8E
:104350000000803F00000000000000000000803FDF
:10436000F44F38BF09FE273F0000803F00000000E7
:104370000000000001000000030000000100000038
:104380000300000001000000030000000100000025
:10439000000000000000000000000000000000001D
:1043A000000000000000000000000000000000000D
:1043B00000000000000000000000000000000000FD
:1043C0000000000000000000E201E5BD0000000068
:1043D000000000000000803FA30184BF0000000037
:1043E0000000803F00000000000000000000803F4F
:1043F000BB0F283FF24163400000803F00000000F7
:10440000000000000000803F6C78F2BF857C044013
:104410000000803F00000000000000000000803F1E
:1044200000000000000000000000803F49D764BF8A
:10443000000000000000803F0000000000000000BD
:104440000000803F1FF49CBFBD3A073F0000803F43
:1044500000000000000000000000803F740CE8BE77
:10446000AA43163F0000803F00000000000000004B
:104470000100000003000000010000000300000034
:10448000010000000000000000000000000000002B
:10449000000000000000000000000000000000001C
:1044A0000000000000000000000000001F1153BECB
:1044B00000000000000000000000803FA4DF86BF75
:1044C000000000000000803F00000000000000002D
:1044D0000000803F2F8692BE418286400000803FD0
:1044E00000000000000000000000803F000000000D
:1044F000000000000000803F6F4758BF0000000030
:104500000000803F00000000000000000000803F2D
:1045100014ED5ABFE76FE23E0000803F000000004C
:104520000000000001000000030000000100000086
:10453000000000000000000000000000000000007B
:104540000000000000000000B6DB2EBF00000000ED
:10455000000000000000803FC66D9CBF000000000E
:104560000000803F00000000000000000000803FCD
:1045700000000000000000000000803F43E25EBF3A
:10458000000000000000803F00000000000000006C
:104590000100000003000000010000000300000013
:1045A000010000000000000000000000000000000A
:1045B00000000000000000000000000000000000FB
:1045C000000000000000000000000000115312BFB6
:1045D00000000000000000000000803FB81E4D3FBA
:1045E000000000000000803F00000000000000000C
:1045F0000000803F4BC8EFBF1591393F0000803F5E
:1046000000000000000000000000803F00000000EB
:10461000000000000000803FF569953D00000000AB
:104620000000803F00000000000000000000803F0C
:10463000A39292BF0B419E3E0000803F000000000D
:104640000000000001000000030000000100000065
:10465000000000000000000000000000000000005A
:104660000000000000000000AEBB79BF00000000A9
:10467000000000000000803F3B01F5BF3867343F79
:104680000000803F00000000000000000000803FAC
:1046900000000000000000000000803FC6166ABF56
:1046A0005DDC063E0000803F0000000000000000CE
:1046B00001000000030000000100000003000000F2
:1046C00001000000000000000000000000000000E9
:1046D00000000000000000000000000000000000DA
:1046E000000000000000000000000000809F51BE9C
:1046F00000000000000000000000803FA4DF86BF33
:10470000000000000000803F0000000000000000EA
:104710000000803F2F8692BE418286400000803F8D
:1047200000000000000000000000803F00000000CA
:10473000000000000000803F6F4758BF00000000ED
:104740000000803F00000000000000000000803FEB
:1047500014ED5ABFE76FE23E0000803F000000000A
:104760000000000001000000030000000100000044
:104770000000000000000000000000000000000039
:104780000000000000000000CC0B68BF000000002B
:10479000000000000000803F3B01F5BF3867343F58
:1047A0000000803F00000000000000000000803F8B
:1047B00000000000000000000000803FC6166ABF35
:1047C0005DDC063E0000803F0000000000000000AD
:1047D00001000000030000000100000000000000D4
:1047E00000000000000000000000000000000000C9
:1047F0000000000030646DBF0000000000000000F9
:104800000000803F3B01F5BF3867343F0000803F28
:1048100000000000000000000000803F00000000D9
:10482000000000000000803FC6166ABF5DDC063E47
:104830000000803F00000000000000006400000055
:1048400096000000C8000000FA0000002C010000E3
:10485000F4010000EE020000E8030000DC050000A7
:10486000D0070000C4090000B80B00008813000046
:104870004C1D000010270000983A0000204E000058
:10488000260000002C000000180000002A00000094
:10489000060000001E000000290000002E0000009D
:1048A000010000001B0000000D00000003000000DC
:1048B0002100000016000000110000000B000000A5
:1048C000080000001A000000110000000D000000A8
:1048D0000A000000090000000500000003000000BD
:1048E00002000000020000000100000001000000C2
:1048F00001000000000000000000000000000000B7
:10490000000000000000000005000000080000009A
:104910000700000005000000020000002B0000005E
:10492000240000001E000000170000002C00000002
:10493000190000000D000000250000001700000015
:104940001000000008000000040000001F0000002C
:1049500015000000100000000D0000000B0000001A
:104960000600000004000000030000000200000038
:104970000100000001000000010000000000000034
:104980000000000000000000000000000000000027
:1049900010000000380000000100000023000000AB
:1049A000310000002C000000090000000800000099
:1049B0002A0000001400000028000000120000007F
:1049C000050000003E00000036000000300000003E
:1049D0002C000000220000001C0000001900000054
:1049E0001500000012000000110000000F00000080
:1049F0000D0000003C000000360000002800000010
:104A00001100000009000000060000000400000082
:104A1000030000000200000002000000010000008E
:104A20000100000001000000000000000000000084
:104A30000000000000000000000000000000000076
:104A40000000000000000000000000000000000066
:104A50000000000000000000010000000000000055
:104A60000000000000000000000000000000000046
:104A70000000000000000000000000000000000036
:104A80000000000000000000000000000000000026
:104A90000000000000000000000000000000000016
:104AA0000000000000000000000000000000000006
:104AB000000000000000000000000000780000007E
:104AC0008C000000AF000000DC00000018010000B6
:104AD0005E010000B80100000D020000BC020000F1
:104AE0002000000010000000080000000800000086
:104AF00008000000040000000300000003000000A4
:104B0000020000002800000028000000280000002B
:104B1000200000001A000000120000001000000039
:104B200007000000040000003FE8D02F27918231E9
:104B3000713523333FE8D02F2791823171352333EC
:104B40003FE8D02F27918231713523335000000088
:104B5000A0000000F000000050000000F000000085
:104B6000900100000006101600061016000000005C
:104B7000000000000102030406070809000000000D
:104B800001020304434536342053747265616D2B72
:104B9000534400008002021F00000057494C443675
:104BA00034202020202020202020202020202020F1
:104BB0002020203030303100000000000000F03FA5
:104BC000000000000000F83F0000000000000000AE
:104BD0000000004003B8E23F0000000000000000B9
:104BE00006D0CF43EBFD4C3E033333333333E33F47
:104BF000FFAB6FDBB66DDB3F4D268F515555D53F73
:104C000001411DA96074D13F65DBC9934A86CD3F40
:104C1000EF4E454A287ECA3F3E5555555555C53F2E
:104C200093BDBE166CC166BF2CDE25AF6A56113F20
:104C3000F16BD2C541BDBBBED0A4BE726937663E22
:104C40004FBB610567ACDD3F182D4454FB21E93FA4
:104C50009BF681D20B73EF3F182D4454FB21F93F93
:104C6000E2652F227F2B7A3C075C143326A6813C19
:104C7000BDCBF07A8807703C075C143326A6913CC4
:104C8000C4EB98999999C9BF711623FEC671BCBF30
:104C90006D9A74AFF2B0B3BF9AFDDE522DDEADBF98
:104CA0002F6C6A2C44B4A2BF0D5555555555D53FB0
:104CB000FF8300922449C23F6E204CC5CD45B73FCB
:104CC000513DD0A0660DB13FEB0D76244B7BA93F43
:104CD00011DA22E33AAD903F4C5555555555A53F55
:104CE0007751C1166CC156BF9015CB19A001FA3E81
:104CF000AD529C804F7E92BEC4B1B4BD9EEE213EAB
:104D0000D43888BEE9FAA8BD000000000000000009
:104D100000004054FB21F93F3163621A61B4D03D79
:104D20000000601A61B4D03D7370032E8A19A33B52
:104D30000000002E8A19A33BC14920259A837B39A4
:104D400000000000000000006E83F9A22915444E07
:104D5000D15727FCC0DD34F5999562DB4190433C87
:104D6000AB6351FE61C5BBDE3A6E24B7E0D24D4263
:104D7000EA2E49061C92D1091CEB1DFE3EA729B163
:104D8000F53582E88444BB2E26709CE9417E5FB4F1
:104D900039D69139F43953838B5F849C3B28F9BD14
:104DA000FF97F81F0F9805DE8B112FEF1F6D0A5A22
:104DB000CF7E366DB709CB27663F464F2DEA5F9E03
:104DC000C7BA27757BF1E5EBF739073DEA92528ABE
:104DD000B15FFB6B085D8D1F46300356000000007D
:104DE000A6F810111111813FD561C119A0012ABF88
:104DF0007DFEB157E31DC73EEB9C2B8AE6E55ABE0C
:104E00007CD5CF5A3AD9E53D984E160800000020CF
:104E1000800100003C041408C04E1608A854042069
:104E2000D80300003C04140800501608A87404209D
:104E300070000000980414087050160800780420D0
:104E4000B80100003C041408C04E16088001002080
:104E500080B20000B8041408C04E160880B40020C8
:104E600024A00300B8041408005016088058042039
:104E7000A01B0000B8041408705016081875042010
:104E800060010000B804140850511608B8790420D5
:104E9000C0850000B804140801281AFF0101FF01B1
:104EA0002D1E95D91508C5041AD1041AF9041E211E
:104EB000DA150875081AA104311202628000000098
:104EC000012772017AFF05013F42102324F4021FDB
:104ED0007D2924C1193032636A3F9229901901015A
:104EE00070074A43453634585F23D80332052904F6
:104EF000011E59F95907117202194051720469498A
:104F00006A062F4931140101025F19661408010273
:104F1000105A03085A04081305011B1D652059384F
:104F20005A02611A023839081302034F0D67140838
:104F30000203715A02703C020506385A02385A03BD
:104F4000915B03010819295EDD60140803385A03D8
:104F5000385A03385A03385A04C15B040108130253
:104F6000055EE564140804315B04040859385A04EA
:104F7000385A05F15B05010819381AD7205A05E09F
:104F80005A05E05A05381907511A0602390859F12D
:104F90001A06C11A99701A06A72A950859A85A061E
:104FA000315A0638120749504C070107085A0208BF
:104FB0005A03085A040859385A07381E79EC14085D
:104FC00051041E31ED1408B9041AA50C1A5D081A13
:104FD00035041A7D0C45934B1608380C41E1150831
:104FE00035E0150807E21510411A21101A2B04C1EB
:104FF0001AE5101AB9041A15309AAD1C0000000009
:1050000000000000000000000000000000000000A0
:10501000010000000000000000000000000000008F
:105020000100000010000000000000000024F40057
:1050300004030904120100020000004083042A57FF
:1050400000020102030100001A030000000000003A
:105050000000000000000000000000000000000050
:105060000000008000082020202000000000000038
:10507000012A120115298014081301021BBB7B08A9
:1050800072027203720472056A06364A0108193800
:105090001008018514080102011B5972081303014D
:1050A0001B1B89081304011BFD88085A0528593861
:1050B000192E4908193839081302023808097314DF
:1050C00008020302383C02040238140205041B954E
:1050D000870859385A03384B0301993C030203707F
:1050E0005A03385A03385A03385A03385A04C15BF2
:1050F0000401083B0204381A04471BDB7E0859E010
:105100001A0438390859385A05704B0501F95B05FE
:1051100002085A03081970390859705A05381A815B
:1051200037140902201F010104C0320954200B0268
:105130000806500507058102402C07050107130AE0
:1051400006293D1B4001D631593A6100000000009C
:04000005080002B538
:00000001FF
