:020000040800F2
:2000000050180020790200083D5D000839550008395D0008D10500089B7E00080000000000
:200020000000000000000000000000003D6200080F0B000800000000AF5F00085162000826
:200040009302000893020008930200089302000893020008930200089302000893020008B8
:200060009302000893020008930200081B0A0008930200081D0A00081F0A0008210A00084C
:20008000230A0008930200086F040008930200089302000893020008930200089302000802
:2000A00093020008930200081D630008930200089302000893020008930200084D55000860
:2000C0003D550008930200089302000893020008930200086D6500089302000893020008FE
:2000E00093020008B15F00089302000823630008930200082563000893020008250A00081F
:2001000093020008930200081F63000893020008930200089302000893020008216300081B
:20012000270A000893020008290A00082B0A00082D0A00089302000893020008930200085B
:20014000930200089302000893020008415D000893020008930200082F0A0008930200080A
:200160009302000893020008930200089302000893020008930200080000000000000000D1
:20018000930200089302000893020008930200089302000893020008000000009302000814
:2001A0009302000893020008000000000000000093020008000000000000000093020008CB
:2001C00093020008930200089302000893020008930200089302000800F002F800F03CF863
:2001E0000AA090E8000C82448344AAF10107DA4501D100F031F8AFF2090EBAE80F0013F02B
:20020000010F18BFFB1A43F001031847207D0000407D0000103A24BF78C878C1FAD8520721
:2002200024BF30C830C144BF04680C60704700000023002400250026103A28BF78C1FBD891
:20024000520728BF30C148BF0B6070471FB507F057FE1FBD10B510BD00F0CFF81146FFF7B2
:20026000F5FF07F039FE00F0EDF803B4FFF7F2FF03BC00F0F5F8000009488047094800479D
:20028000FEE7FEE7FEE7FEE7FEE7FEE7FEE7FEE7FEE7FEE704480549054A064B704700007B
:2002A00009630008D90100085010002050180020501400205014002053EA020C00F06980B4
:2002C0002DE9F04B4FF00006002B1FBFB3FA83F503FA05F424FA05F65E4012BF1643B2FAD7
:2002E00082F502FA05F4C5F120051EBF22FA05FC44EA0C04203556EA044C4FEA144418BF32
:20030000641C4FF000084FF00009904271EB030C39D3002919BFB1FA81F701FA07F6B0FABF
:2003200080F700FA07F6C7F120071EBF20FA07FC46EA0C062037B6FBF4FCA7EB0507103F4F
:2003400007F01F0BCBF120060CFA0BFB2CFA06F644BFB3460026202FA4BF5E464FF0000BAA
:200360005BEA060C08BF4FF0010B19EB0B09ABFB027C48EB0608C01B06FB02CC0BFB03CC18
:2003800071EB0C01C1E70B46024641464846BDE8F08B13B54FF000004FF00001AFF3008015
:2003A000BDE81C4070474FF0000200B5134694469646203922BFA0E80C50A0E80C50B1F1DC
:2003C0002001BFF4F7AF090728BFA0E80C5048BF0CC05DF804EB890028BF40F8042B08BF13
:2003E000704748BF20F8022B11F0804F18BF00F8012B7047704770477047754600F02CF884
:20040000AE4605006946534620F00700854618B020B5FFF73FFFBDE820404FF000064FF05F
:2004200000074FF000084FF0000B21F00701AC46ACE8C009ACE8C009ACE8C009ACE8C009A5
:200440008D46704710B50446AFF300802046BDE81040FFF70ABF000000487047EC0F0020AD
:2004600001491820ABBEFEE7260002007047704755494A6822F440324A604A6843681A43DA
:200480004A600268526822F4807203685A6002685368026943EA022203685A600268526837
:2004A00022F0407203685A600268526883681A4303685A600268926822F4006203689A6081
:2004C00002689268C3681A4303689A603F4B826A9A4218D00268926822F0706203689A60E4
:2004E00002689268836A1A4303689A600268926822F0405203689A6002689268C36A1A438E
:2005000003689A600BE00268926822F0706203689A600268926822F0405203689A60026807
:20052000926822F0020203689A6002689368027E43EA420203689A602022125CA2B102681E
:20054000526842F4006203685A600268526822F4604203685A6002685368426A521E43EAB5
:20056000423203685A6005E00268526822F4006203685A600268D26A22F470020368DA6267
:200580000268D36A828B521E43EA02520368DA620268926822F4007203689A600268936859
:2005A00090F8302043EA422203689A600268926822F4806203689A6002689368426943EA6F
:2005C000822203689A607047002301400100000F00BFFEE702460248086000207047000072
:2005E0000000010870B505460C46054800F0FEFA0021A161E1612146284600F047F970BD64
:20060000000002082DE9F04FADF6340D4FF40070CDF810080DF61401081DFFF7DBFFDDF825
:2006200014088769032F01D9012000E000200FB9012100E00021084300B103270327884876
:20064000006840F40050864908608648006840F4805084490860642001F006F8824803F0D8
:20066000D9FD002873D100BF00E000BF7F48806800F002000228F8D17C480C307C49086019
:200680007A48006820F04000784908600846406840F0020048600846006840F04000086059
:2006A00000BF0DF581614FF4805003F0B7FE02AA0DF581610DF6180000F0DEF8032F74D1F4
:2006C000DDF8100408B1012000E00020DDF8181409B1012100E000210840BDF81C14DDF877
:2006E0001428928A914201D0012100E000210840604ADDF81414914201D1012100E0002124
:200700000840002851D00DF5816000F043F900287DD1DDF81804440ADDF81804C0F30800D8
:2007200000B1641C00200190DDF81894054606461CE04FF480516A18501C0DF5C26103F0A9
:200740006DFEB9F5007F03D94FF4007001E06DE048468246A9EB0A0901AA51460DF5C260E1
:2007600000F03CF980466D1C46F10006291B76F10000DED3BDF81C0440454FD10DF581610E
:200780000DF61800FFF72EFFDDF818A400252DE005F58051481C0DF5C26103F03FFEBAF525
:2007A000007F03D94FF4007001E03EE050460646AAEB060AF01706EB9070831069020DF5AD
:2007C000C2620DF6180000F0F9F828B14FF0FF300DF6340DBDE8F08F4FF4005120481838FE
:2007E00001F010F91E2000F03FFF6D1CA542CFD301210020CDF82014CDF824040DF5816175
:200800000DF6180000F042F80DF6180000E006E000F0A8F86002CDF8240800BF00BF1048F9
:20082000006840F000500E49086000BF0DF61401081DFFF7CFFEDDF81408D0E9061000236F
:2008400059405840014309D00548006840F00050034908600DF6180000F084F80020B7E71C
:200860001808024018040240C80100200030014060640240434536340346034818610869E8
:20088000D8601A6070470000000002082DE9F04387B081460C4600F0A9FF4FF00008124813
:2008A00000F0C0FA1149086001201149086000200190022005900D4800680390084600687B
:2008C000049006A901A800F0E3FE804600F03CFF80252646044F32462946384600F00AF8AF
:2008E00007B0BDE8F08300000000010800000020040000202DE9F04104460F46164604F0A6
:20090000030010B10420BDE8F08100F06FFF00251CE056F825C0624600232146022000F0E3
:200920001DFF50B956F825102068884203D000F00BFF0220E7E7241D07E000F0FFFE804625
:2009400000F002FF48F00300DDE76D1CBD4202D203488442DDD300F0F7FE0020D3E70000CB
:20096000FFFF17082DE9F0410746084C2568666802F0F4F900F052FE72B6284680F308885F
:2009800000BF03480460B047BDE8F0810000020808ED00E010B50146064C074BD1E9002073
:2009A00062405840024301D1002010BD4FF0FF30FBE7000044414F4C544F4F422DE9F0410E
:2009C00004460D4617461E46206900EB05083A4631464046FFF78EFFBDE8F0812DE9F041DB
:2009E00005460F461646346805EB070805E015F8011BA0B207F038FA04464545F7D33460A5
:200A0000A0B2002107F030FA04462046002107F02BFA04462046BDE8F0817047704770476A
:200A2000704770477047704770477047704770470146087810381823B0FBF3F20848805CF8
:200A4000C865032A05D908686FF30900001D886503E008686FF309008865886D7047000022
:200A60000A7F0008014600208A6A8B69CBB932B1012A0DD0022A03D0032A10D10EE000BF6D
:200A8000CB6A03F08073B3F1807F00D1012007E0CB6AB3F1C07F00D1012001E000E000BF35
:200AA00034E08B69B3F5005F1AD132B1012A07D0022A03D0032A11D10AE000BF01200EE091
:200AC000CB6A03F08073B3F1807F00D1012006E0CB6AB3F1C07F00D1012000E000BF15E0E2
:200AE00032B1012A05D0022A04D0032A0CD103E000BF00BF012008E0CB6A03F08073B3F1E0
:200B0000807F00D1012000E000BF00BF7047704772B600BFFEE7000010B5002201B909E0C2
:200B2000012901D10A0205E0022901D10A0201E04FF440720E4B1B6823F440730C4C236068
:200B400023461B681343236023461B6823F07803236023461B68022444EAC0042343044C19
:200B6000236023461B6843F48033236010BD0000103C02401C48006800F40070B0B11A484B
:200B8000006820F400701849086000BF0846006840F4006008600846006820F4006008609D
:200BA00000BF0846006840F4007008600E48006800F48060B0B10C48006820F480600A49BE
:200BC000086000BF0846006840F4805008600846006820F48050086000BF0846006840F421
:200BE0008060086070470000003C0240F0B587B00746002600F0FAFD0D4800F085F9044635
:200C00000C4800F081F9051B00200190022005900394049506A901A800F03AFD064600F0A3
:200C200093FD16B1012007B0F0BD0020FBE7000000000208FFFF17080A4A126822F4407219
:200C4000084B1A601A46126842F004021A601A4612684FF4803343EA00231A43014B1A60F8
:200C600070470000103C0240074A126822F44072054B1A601A4612681A601A46126842F072
:200C800001021A6001707047103C024010B50A49096821F44071084C21602146096841F4F0
:200CA000407121602146096841F0010121600260BFF36F8F436010BD103C0240084A12689A
:200CC00022F44072064B1A601A46126842F480721A601A46126842F001021A600180704744
:200CE000103C0240084A126822F44072064B1A601A46126842F400721A601A46126842F0FF
:200D000001021A6001607047103C02402A48006800F0100040B12948C06940F0100027499B
:200D2000C8611020244908602348006800F0200040B12248C06940F008002049C861202014
:200D40001D4908601C48006800F0400040B11B48C06940F004001949C86140201649086066
:200D60001548006800F0800040B11448C06940F002001249C86180200F4908600E480068F4
:200D800000F4807048B10D48C06940F001000B49C8614FF48070084908600748006800F0B7
:200DA000020040B10548C06940F020000349C86102200149086070470C3C024018000020B8
:200DC00070B50446002500201449C86100F02AFE054609E0601C38B124B100F023FE401BE7
:200DE000A04201D9032070BD0D48006800F480300028EFD10A48006800F0010010B1012011
:200E0000074908600648006800F4F97018B1FFF77DFF0120E7E70020E5E7000018000020B9
:200E20000C3C0240014600202C4A914203D2B1F1006F00D350E02A4A914204D2274A91422E
:200E400001D3012048E0274A914204D2244A914201D3022040E0244A914204D2214A9142AF
:200E600001D3032038E0214A914204D21E4A914201D3042030E01E4A914204D21B4A9142C3
:200E800001D3052028E01B4A914204D2184A914201D3062020E0184A914204D2154A9142D7
:200EA00001D3072018E0154A914204D2124A914201D3082010E0124A914204D20F4A9142EB
:200EC00001D3092008E00F4A914204D20C4A914201D30A2000E00B207047000000400008FA
:200EE0000080000800C00008000001080000020800000408000006080000080800000A0853
:200F000000000C0800000E08014600202C4A914203D2B1F1006F00D350E02A4A914204D2F1
:200F2000274A914201D3012048E0274A914204D2244A914201D3022040E0244A914204D2C8
:200F4000214A914201D3032038E0214A914204D21E4A914201D3042030E01E4A914204D2DC
:200F60001B4A914201D3052028E01B4A914204D2184A914201D3062020E0184A914204D2F0
:200F8000154A914201D3072018E0154A914204D2124A914201D3082010E0124A914204D204
:200FA0000F4A914201D3092008E00F4A914204D20C4A914201D30A2000E00B207047000035
:200FC000004000080080000800C0000800000108000002080000040800000608000008083C
:200FE00000000A0800000C0800000E0830B50246864C8869A04200D000BF00BF92F83C00CF
:20100000012801D1022030BD012082F83C0000BF0868092816D91068C0680C780A3C04EB47
:2010200044050724AC40A0431468E0600C780A3C04EB44048868A0401468E4682043146839
:20104000E06013E0106800690C7804EB44050724AC40A043146820610C7804EB440488681E
:20106000A040146824692043146820611068806B20F440101468A0631068846B088A401E8A
:2010800044EA00501468A0630879C01C0C7C001B00EB80041F20A0401468A46B84431068FB
:2010A00084630879C01C0C7C001B00EB8004088880B2A0401468A46B20431468A063534C2C
:2010C0008869A04218D01068806820F470201468A060106880688C6920431468A060106829
:2010E000806820F440101468A06010688068CC6920431468A0600BE01068806820F47020C5
:201100001468A0601068806820F440101468A060487D30B11068406840F4806014686060FD
:2011200005E01068406820F4806014686060087D30B11068406840F480501468606005E0CF
:201140001068406820F48050146860604868012804D002280FD0032827D119E0106840695C
:201160006FF30B001468606110684069CC6820431468606126E0106880696FF30B00146880
:20118000A06110688069CC6820431468A06119E01068C0696FF30B001468E0611068C06974
:2011A000CC6820431468E0610CE01068006A6FF30B00146820621068006ACC6820431468AD
:2011C000206200BF00BF124B124C1068A04206D10868122803D1586840F4800058600D4C20
:2011E0001068A0420AD10C4C0868A04202D00868112803D1586840F40000586000BF002036
:2012000082F83C0000BF00BFFDE6000001000F0000230140002001401200001038B502468B
:201220000020009000BF92F83C00012801D1022038BD012082F83C0000BF0868092816D941
:201240001068C0680C780A3C04EB44050724AC40A0431468E0600C780A3C04EB4404886845
:20126000A0401468E46820431468E06013E0106800690C7804EB44050724AC40A0431468A1
:2012800020610C7804EB44048868A040146824692043146820614868072817D21068406BEE
:2012A0000C79641E04EB84051F24AC40A04314686063088880B20C79641E04EB8404A0403E
:2012C0001468646B20431468606331E048680D2817D21068006B0C79E41F04EB84051F241C
:2012E000AC40A04314682063088880B20C79E41F04EB8404A0401468246B20431468206312
:2013000016E01068C06A0C790D3C04EB84051F24AC40A0431468E062088880B20C790D3C8F
:2013200004EB8404A0401468E46A20431468E0621E4B1F4C1068A0420AD10868122807D1E0
:20134000586820F400005860586840F480005860174C1068A04222D1164C0868A04202D09F
:20136000086811281BD1586820F480005860586840F4000058600F4C0868A0420FD10E483D
:2013800000680E4CB0FBF4F000EB80004000009002E00098401E009000980028F9D100BF10
:2013A000002082F83C0000BF00BF41E70023014000200140120000104400002040420F00D5
:2013C00070B5044600250CB9012070BD1549A06A884200D000BF206C30B9204600F024F8BE
:2013E0000020606484F83C00206C00F0100088B9206C20F4885040F0020020642046FFF7FA
:2014000037F800206064206C20F0020040F00100206400E0012500BF002084F83C0000BF0A
:201420002846D2E70100000F10B586B00446142101A8FEF7B8FF2F492068884258D100BFF4
:20144000002000902C48006840F480702A4908600846006800F48070009000BF00BF00BF9A
:201460000020009024481438006840F001002249143908600846006800F00100009000BF55
:2014800000BF01200190032002900020039001A91A4800F0C5F91A481A49086000204860C4
:2014A000002118488160C1604FF48061016149004161C90081618911C1610902016204213E
:2014C0004162012181620021C162016300F030F808B1FFF71DFB00BF0A48A063846300BF23
:2014E00000220721122000F0A7FB122000F090FB06B010BD0020014044380240000002404D
:201500007064024094000020014691F83500022803D08020486501207047052081F8350007
:201520000868006820F001000A6810600020F3E72DE9F0410446002500F074FA074614B9B8
:201540000120BDE8F081606A00B100BF022084F8350000BF002084F8340000BF2068006809
:2015600020F00100216808600AE000F05BFAC01B052805D920206065032084F83500E0E7B4
:201580002068006800F001000028EED12068056821480540D4E901010843E16808432169B8
:2015A000084361690843A1690843E1690843216A08430543606A042803D1D4E90B010843E5
:2015C0000543206805602068456925F00705606A0543606A04280DD1A06A0543E06A48B104
:2015E0002046FFF73FFA28B140206065012084F83500A6E7206845612046FFF719FA064610
:2016000094F85C103F208840B06000206065012084F83500002094E73F8010E010B56FF472
:201620009A300E490860002008600D48091D0860002008600B480949103908600020086050
:20164000C020091D0860002008600320091D08600020086000F0A4FA002010BD2038024046
:20166000F3795703FF10600070B5044600F0DAF906462546681C10B104480078054400BF3B
:2016800000F0D0F9801BA842FAD370BD400000202DE9F04104460F46002600BF2548007EFC
:2016A000012802D10220BDE8F08101202149087600BF4CF25030FFF783FB0546002D31D182
:2016C000401E3860206801280FD1207C6168FFF7B3FA4CF25030FFF773FB05461648006848
:2016E00020F00400144908601AE0A66812E0217C3046FFF711FA4CF25030FFF761FB0546A8
:201700000D48006820F07A000B4908600DB13E6005E0761CD4E902100844B042E7D800BF68
:20172000FFF728FA00BF00200249087600BF2846B9E7000018000020103C02400148C069E4
:2017400070470000180000200348006840F000400149086000207047103C02402DE9F04119
:201760000646884614461D4600BF1E48007E012802D10220BDE8F08101201A49087600BFFA
:201780004CF25030FFF71CFB07461FBB26B9E1B24046FFF769FA12E0012E04D1A1B2404637
:2017A000FFF78CFA0BE0022E04D121464046FFF799FA04E022462B464046FFF767FA4CF26F
:2017C0005030FFF7FDFA07460748006820F001000549086000BF00200249087600BF3846EC
:2017E000C8E7000018000020103C024000200949096801F0004159B10749064A0C3A1160FE
:20180000064911600349096801F0004101B1012070470000103C024023016745AB89EFCD41
:20182000F8B502460B460025002400200021D1E0012606FA01F51E6806EA0504AC4274D158
:201840001E7906F00306012E04D01E7906F00306022E13D190684F000326BE40B0434F0095
:20186000DE68BE4030439060506801268E40B0431E79C6F300168E40304350601E7906F03D
:201880000306032E09D0D0684F000326BE40B0434F009E68BE403043D0601E7906F0030608
:2018A000022E13D1CF0802F1200656F827004E07F70E0F26BE40B0434F07FF0E1E69BE4047
:2018C0003043CF0802F1200646F8270010684F000326BE40B0431E7906F003064F00BE407C
:2018E000304310605E6806F44036002E71D000BF00260096394E366846F48046374F3E609C
:201900003E46366806F48046009600BF00BF344E8F0856F827008E07370F0F26BE40B04342
:20192000304EB24202D100261FE052E02E4EB24201D1012619E02D4EB24201D1022614E04C
:201940002B4EB24201D103260FE02A4EB24201D104260AE0284EB24201D1052605E0274E1D
:20196000B24201D1062600E007268F073F0FBE4030431B4E8F0846F82700214E3068A043C4
:201980005E6806F4801606B120431D4E3060361D3068A0435E6806F4001606B12043184EB8
:2019A000361D3060164E361F3068A0435E6806F4003606B12043124E361F3060361F3068CE
:2019C000A0435E6806F4803606B120430C4E083E3060491C1029FFF42BAFF8BD4438024086
:2019E00008380140000002400004024000080240000C024000100240001402400018024044
:201A0000083C014010B5426921EA020302EA010443EA0443836110BD0AB1816101E00B041E
:201A20008361704701480068704700003800002070472DE9F84F0446206847692068D0F865
:201A40000480002594F83E90C7F3002040B1C8F3002028B145F001056FF480702168486144
:201A6000C7F3402040B1C8F3002028B145F002056FF4007021684861C7F3802070B3C8F32E
:201A8000002058B3CA46B4F82AB094F83D60206B0090BAF1200F0FD1BBF1000F0CD1212EA0
:201AA00006D0292E04D0282E06D10098212803D1204603F0A9FE11E06FF4806021684861DD
:201AC00045F00405B9F1100F02D0B9F1400F05D12068006840F4007021680860C7F3C0203F
:201AE00040B1C8F3002028B145F008056FF40060216848612DB1206C28432064204603F058
:201B0000ADFDBDE8F88F70477047704703480068034909780844014908607047380000203D
:201B20004000002010B50A48006840F40070084908600846006840F480600860032000F024
:201B4000B9F8002000F006F800F02CF8002010BD003C024070B504460E4800784FF47A71DC
:201B6000B1FBF0F00C490968B1FBF0F5284602F06EFA08B1012070BD102C07D20022214615
:201B8000501E00F059F80548046001E00120F2E70020F0E740000020440000203C000020F3
:201BA0007047000008B500BF002000901748006840F48040154908600846006800F4804057
:201BC000009000BF00BF00BF00200090081F006840F08050091F08600846006800F08050F3
:201BE000009000BF00BF042000F064F800220721501F00F021F800220721101F00F01CF828
:201C000000220721901E00F017F808BD443802400146084600280DDB00BF00BF00F01F0315
:201C200001229A4043099B0003F1E023C3F8002100BF00BF00BF70472DE9F05F80460D467B
:201C40001646002706F02CF9074639462A46334601F00700C0F1070ABAF1040F02D94FF09F
:201C6000040A01E0C0F1070AD14600F1040ABAF1070F02D24FF0000A01E0A0F1030AD44626
:201C80004FF0010A0AFA09FAAAF1010A0AEA020A0AFA0CFA4FF0010B0BFA0CFBABF1010B44
:201CA0000BEA030B4AEA0B042146404606F000F9BDE8F09F00BF00F00702064B19684FF6FF
:201CC000FF031940044B0B4343EA0221014B196000BF70470CED00E00000FA05704710B52D
:201CE0000446D4F8E00404F051FF10BD70B504460D4605EBC50304F1140101EB8301CA68B3
:201D00002946D4F8E00404F034FE70BD70B504460D4605EBC50304F5157101EB8301CA68B6
:201D20002946D4F8E00404F0ACFE70BD10B50446D4F8E00404F02DFF10BD2DE9F04104467C
:201D40000D4605F08000802808D105F00F0000EBC00104F1140000EB810607E005F00F0024
:201D600000EBC00104F5157000EB81063146206805F0A8FE07463846BDE8F08170B50446DD
:201D80000E4606F00F002179884201D9012070BD06F0800080280AD106F00F0000EBC001B4
:201DA00004F1140000EB81050120687009E006F00F0000EBC00104F5157000EB8105002007
:201DC00068700020A87006F00F00287000BF94F89404012801D10220D9E7012084F8940461
:201DE00000BF2946206805F0F9FB00BF002084F8940400BF00BFCAE72DE9F04705460E4636
:201E000090461F464FF0000906F0800080280AD106F00F0000EBC00105F1140000EB81041B
:201E20000120607009E006F00F0000EBC00105F5157000EB81040020607006F00F002070A3
:201E4000C8F30A00A0602771607808B120786083022F01D10020607100BF95F89404012818
:201E600002D10220BDE8F087012085F8940400BF2146286805F0FEFA00BF002085F8940484
:201E800000BF4846EEE72DE9F04105460E461746984606F00F0000EBC00105F5157000EBE4
:201EA0008104E760C4F8108000206061607006F00F002070A879012800D1E761AA792146D7
:201EC000286805F01FFC0020BDE8F08170B504460D4605F00F002179884201D9012070BDDA
:201EE00005F0800080280AD105F00F0000EBC00104F1140000EB81060120707007E005EBE7
:201F0000C50104F5157000EB8106002070700120B07005F00F00307000BF94F8940401281A
:201F200001D10220DBE7012084F8940400BF3146206805F09AFB05F00F0028B9A17904F279
:201F40009C42206805F012FB00BF002084F8940400BF00BFC3E72DE9F04105460E461746BB
:201F6000984606F00F0000EBC00105F1140000EB8104E760C4F810800020606101206070F3
:201F800006F00F002070A879012800D1E761AA792146286805F0B6FB0020BDE8F0812DE93D
:201FA000FE4F0446D4F800B05E46206805F03DFE002874D1206805F077FE08B9BDE8FE8F60
:201FC00040F608008059C0F30D20C4F8D404206805F06AFE00F00200022805D1206840696E
:201FE00000F0020021684861206805F05DFE00F01000102845D12068806920F0100021687D
:202000008861DBF8209009F00F0000EBC00104F5157000EB810AC9F3434002281AD147F61B
:20202000F07009EA000030B3C9F30A125846DAF80C1005F03EFEC9F30A11DAF80C000844D4
:20204000CAF80C00C9F30A11DAF814000844CAF8140010E0C9F3434006280CD1082204F279
:202060009C41584605F025FEC9F30A11DAF814000844CAF814002068806940F010002168B4
:202080008861206805F010FE00F40020B0F5002F7BD10025206805F0D7FD029072E003E358
:2020A000029800F00100002868D0E9B2206805F0EEFD804608F0010048B1012106F53060CD
:2020C00000EB451081602946204603F073FE08F00800082809D1082106F5306000EB4510A8
:2020E00081602946204603F033FE08F01000102805D1102106F5306000EB4510816008F01B
:202100000200022824D1DBF8140000F08000802807D140F60400805940F4806140F6040065
:20212000815105EBC50104F5157000EB810A9AF80300012806D100208AF80300E9B22046E8
:2021400000F0BDFA022106F5306000EB4510816008F02000202805D1202106F5306000EB1C
:202160004510816008F40050B0F5005F06D14FF4005106F5306000EB451081606D1C02989F
:2021800040080290029800288AD1206805F08CFD00F48020B0F5802F7DD1206805F04AFD48
:2021A000029000259AE0029800F00100002873D0E9B2206805F052FD804608F00100F0B32F
:2021C00005F00F0101208840019040F634008159019821EA000040F634018851012106F537
:2021E000106000EB45108160A079012824D105EBC50104F1140000EB810005EBC502C1680C
:2022000004F1140000EB82008068014405EBC50204F1140000EB8200C1606DB905EBC501F1
:2022200004F1140000EB8100006928B904F29C420121206805F09AF9E9B2204600E001E017
:20224000FFF754FD08F00800082805D1082106F5106000EB4510816008F01000102805D166
:20226000102106F5106000EB4510816008F04000402805D1402106F5106000EB451081603E
:2022800008F0020002281DD12946584605F090FC05EBC50101E025E01CE004F1140000EB12
:2022A000810A9AF80300012806D100208AF80300E9B2204600F0FAF9022106F5106000EBFC
:2022C0004510816008F08000802803D12946204603F012FE6D1C029840080290029800283D
:2022E0007FF461AF206805F0DFFC00F00040B0F1004F1CD140F60400805920F0010140F69B
:202300000400815194F8CC04012807D1002084F8CC0400212046FFF7E1FC02E0204600F08C
:20232000E9F92068406900F0004021684861206805F0BAFC00F40060B0F5006F0ED140F678
:202340000800805900F0010010B1204600F004FA2068406900F4006021684861206805F062
:20236000A3FC00F00060B0F1006F19D12068406900F000602168486194F8CC0468B9012023
:2023800084F8CC042068406DC0F38300C4F8D00401212046FFF7A2FC02E0204600F0DCF9CD
:2023A000206805F081FC00F48050B0F5805F7ED140F60400805920F0010140F6040081515B
:2023C0001021206805F0F4FB002732E04FF67F3106F5106000EB4710816006F5106000EB4E
:2023E0004710006820F4001106F5106000EB471001604FF67F3106F5306000EB4710816048
:2024000006F5306000EB4710006820F4001106F5306000EB4710016006F5306000EB471067
:20242000006840F0006106F5306000EB471001607F1C2079B842C9D840F61C00805940F04B
:20244000011140F61C008151E07B70B1D6F8840840F00B01C6F8841840F64400805940F057
:202460000B0140F6440081510FE040F61400805942F22B01084340F614018851081F805923
:2024800040F00B014FF401608151D6F8000820F4FE60C6F80008A17904F29C42206805F011
:2024A00065F82068406900F48050216800E000E04861206805F0F8FB00F40050B0F5005F20
:2024C00017D1206805F03EF8206805F09BFBE07100F000FD0090E2792068009905F02EFCE5
:2024E000204600F0F5F82068406900F4005021684861206805F0D8FB00F00800082808D1A1
:20250000204600F0FEF82068406900F0080021684861206805F0C8FB00F08000802818D1D3
:20252000DBF8180020F08000CBF8180001250DE005EBC50104F5157000EB8100C078012831
:2025400003D1E9B22046FFF7F8FB6D1C2079A842EED8206805F0A8FB00F48010B0F5801F03
:202560002DD1012522E006F5106000EB4510D0F8009005EBC50104F1140000EB810000798E
:20258000012812D109F00040B0F1004F0DD1012105EBC50204F1140000EB8200C170E8B20E
:2025A00040F080012046FFF7C8FB6D1C2079A842D9D82068406900F480102168486120681F
:2025C00005F072FB00F40010B0F5001F44D1012538E006F5306000EB4510D0F8009005EB6B
:2025E000C50104F5157000EB81000079012828D109F00040B0F1004F23D194F8D40400F01F
:202600000100C9F3004188421BD1012105EBC50204F5157000EB8200C170DBF8180040F0F6
:202620008000CBF81800DBF8140000F0800040B940F60400805940F4007140F6040081512B
:2026400003E06D1C2079A842C3D800BF2068406900F4001021684861206805F025FB00F03D
:202660008040B0F1804F08D12046FFF738FB2068406900F0804021684861206805F014FB23
:2026800000F0040004280FD12068D0F8049009F00400042802D12046FFF748FB206840688B
:2026A00040EA09002168486000BF87E470B504460D462946D4F8E00404F09AFA70BD70B5D1
:2026C00004460D462946D4F8E00404F0B5FA70BD70B504460125E079022801D0FEF718FA7E
:2026E0002946D4F8E00404F051FBD4F8E00404F0F7FA70BD10B50446D4F8E00404F027FBE4
:2027000010BD10B50446D4F8E00404F02BFB10BD70B504460D4600BF94F89404012801D1A6
:20272000022070BD012084F8940400BF65742946206805F0EEFA00BF002084F8940400BFF7
:2027400000BFEEE710B5044604F29C41D4F8E00404F033FB10BD000010B50446D4F8E004A5
:2027600004F079FB2068D0F8000E40F001002168C1F8000EE07A28B10348006840F00600F6
:202780000149086010BD000010ED00E02DE9F8430446002500260027A846207800F0010059
:2027A00058B1FE48006820F0C060E1690843FB490860E06908B94FF00108207800F0020015
:2027C00002280BD1F548006820F0C050216A0843F2490860206A08B94FF00108208800F486
:2027E0000050B0F5005F19D1EC48006820F44010A16C0843E9490860A06C08B94FF0010894
:20280000A06CB0F5001F09D1E448006820F4F8516069401E41EA0020E0490860208800F47E
:202820008040B0F5804F19D1DC48006820F44000E16C0843D9490860E06C08B94FF0010823
:20284000E06CB0F5000F09D1D448006820F4F8516069401E41EA0020D0490860207800F042
:20286000080008287ED100BF00200090CB484C38006840F08050C9494C39086008460068AE
:2028800000F08050009000BF00BFC548006840F48070C3490860FFF7C5F8054607E0FFF782
:2028A000C1F8401B022802D90320BDE8F883BC48006800F480700028F1D0B8481C380068C7
:2028C00000F440764EB3A08C00F44070B04224D0B2481C38006820F440760120B149086094
:2028E00000200860AD481C380660006800F0010098B1FFF797F8054608E0FFF793F8401B6B
:2029000041F28831884201D90320CEE7A3481C380068C0F340000028EFD000BFA08C00F4EF
:202920004070B0F5407F0CD19C488438006820F4F8109D4A616A114008439849843908602E
:2029400007E096488438006820F4F81093498439086092481C380068A18CC1F30B010843A3
:202960008E4900E002E01C39086000BF207800F00400042803D194F854008C490860207801
:2029800000F01000102809D184480830006820F44000E16A0843814908310860207800F0DC
:2029A000200020280FD17D480830006820F00060216B0843794908310860206BB0F1006F25
:2029C00001D14FF00108207800F04000402809D172480830006820F08050A16A08436F498B
:2029E00008310860B8F1010F02D0206880287DD100206F498866FFF715F8054606E0FFF73D
:202A000011F8401B022801D903204EE763488C380068C0F3C0600028F1D16649206D0860BE
:202A2000207800F0010008B1E069D0B1207800F00200022801D1206A98B1207800F0200089
:202A4000202803D1206BB0F1006F0AD0207800F04000402812D1A06A80B9206BB0F1006FF4
:202A60000CD1D4E9011041EA8011207B41EA0061207C41EA0070494908390860208800F4BA
:202A80000050B0F5005F01D1A06C38B1208800F48040B0F5804F1BD1E06CC8B93F480838CB
:202AA0000068C0F30367D4E9011041EA801040EA0761207C41EA0070384908390860374896
:202AC000006820F01F00A169491E084333490860207800F0800080280ED1D4E9011041EA37
:202AE0008011207B41EA0061207C00E019E041EA00702A490839086001202D498866FEF778
:202B000091FF054606E0FEF78DFF401B022801D90320CAE621488C380068C0F3C0600028B1
:202B2000F1D0208800F48070B0F5807F07D11B48006820F00040616B084318490860208829
:202B400000F40070B0F5007F07D11448006820F40040A16B084311490860208800F4806068
:202B6000B0F5806F07D10D48006820F00040E16B08430A490860208800F40060B0F5006F7A
:202B800007D10648006820F48040216C084303490860208800F480500EE000008C380240E7
:202BA00000700040400E4742FFFCFF0FE011474200004742D8104742B0F5805F07D1054868
:202BC000006820F04040616C08430249086000206BE600009438024070B504460D460CB92C
:202BE000012070BD5848006800F00700A84209D255490D700846006800F00700A84201D040
:202C00000120EEE7207800F0020002281DD1207800F00400042805D14C48006840F4E0502E
:202C20004A490860207800F00800082805D14748006840F46040454908604448006820F03E
:202C4000F000A168084341490860207800F00100A8B36068012807D13C4808380068C0F3B2
:202C60004040B8B90120BCE76068022802D06068032807D1354808380068C0F3406048B997
:202C80000120AEE7314808380068C0F3400008B90120A6E72D48006820F0030061680843F7
:202CA0002A490860FEF7BEFE064609E0FEF7BAFE801B41F28831884202D9032091E707E0F8
:202CC0002248006800F00C006168B0EB810FEDD11D48006800F00700A84209D91A490D7004
:202CE0000846006800F00700A84201D0012078E7207800F00400042807D11448006820F484
:202D0000E050E168084311490860207800F00800082808D10D48006820F46040216940EA6F
:202D2000C1000A49086000F0FBF808490968C1F30311074A515CC840064908600648006837
:202D4000FEF708FF00204CE7003C024008380240127F0008440000203C00002010B5FEF711
:202D600061FE04465648006840F001005449086006E0FEF757FE001B022801D9032010BD2F
:202D80004F48006800F002000028F2D04C48006840F080004A490860FEF744FE0446002010
:202DA00047490831086008E0FEF73CFE001B41F28831884201D90320E1E74148083000680C
:202DC00000F00C000028EFD1FEF72CFE04463C48006820F450203A49086006E0FEF722FE50
:202DE000001B642801D90320C9E73548006800F400300028F2D1FEF715FE04463048006859
:202E000020F080702E49086006E0FEF70BFE001B022801D90320B2E72948006800F00070DB
:202E20000028F2D1FEF7FEFD04462548006820F080602349086006E0FEF7F4FD001B0228C3
:202E400001D903209BE71E48006800F000600028F2D11C481A49091D086019498431086016
:202E600017480C30006820F4F85015490C3108600846006820F4005008600846006840F484
:202E80001F0008600846006840F4001008600C487430006820F0010009497431086008462B
:202EA000006840F08070086007480849086008480068FEF74FFE08B1012060E700205EE79A
:202EC00000380240103000240024F400440000203C00002001480068704700004400002070
:202EE00000B5FFF7F7FF04490968C1F38221034A515CC84000BD000008380240227F000832
:202F000000B5FFF7E7FF04490968C1F34231034A515CC84000BD000008380240227F000851
:202F20002DE9F047002400250026A1462548006800F00C0020B1042805D008283AD105E02B
:202F4000DFF8849039E0DFF8849036E01D48001F006800F03F041B48001F006800F48000EF
:202F600078B11A481749091F0968C1F38811A0FB01700146224600233846FDF79DF905464F
:202F80000EE011480F49091F0968C1F38811A0FB01700146224600233846FDF78DF905468B
:202FA0000848001F0068C0F30140401C4600B5FBF6F902E0DFF8109000BF00BF4846BDE8FB
:202FC000F0870000083802400024F40000366E01F8B504460CB90120F8BD207800F0010020
:202FE000002874D0F748006800F00C0004280DD0F448006800F00C00082813D1F148001FAD
:20300000006800F48000B0F5800F0BD1ED4808380068C0F34040002859D06068002856D14C
:203020000120D9E700BF6068B0F5803F08D1E5480838006840F48030E249083908601EE060
:203040006068B0F5A02F0DD1DE480838006840F48020DC49083908600846006840F480304C
:2030600008600CE0D7480838006820F48030D549083908600846006820F48020086000BF19
:20308000606890B1FEF7CEFC054606E0FEF7CAFC401B642801D903209EE7CA480838006859
:2030A000C0F340400028F1D011E0FEF7BBFC054606E0FEF7B7FC401B642801D903208BE728
:2030C000C04808380068C0F340400028F1D1207800F0020002285FD1BA48006800F00C00D9
:2030E00058B1B848006800F00C0008281CD1B548001F006800F48000B0B9B2480838006843
:20310000C0F3400020B1E068012801D0012063E7AC480838006820F0F800216940EAC10025
:20312000A8490839086037E0E06800B30120A6490860FEF777FC054606E0FEF773FC401B13
:20314000022801D9032047E79E4808380068C0F340000028F1D09B480838006820F0F8001D
:20316000216940EAC10097490839086014E0002095490860FEF756FC054606E0FEF752FC3C
:20318000401B022801D9032026E78E4808380068C0F340000028F1D1207800F00800082885
:2031A0002CD16069A8B1012088490860FEF73AFC054606E0FEF736FC401B022801D9032091
:2031C0000AE780486C300068C0F340000028F1D014E000207D490860FEF724FC054606E0CE
:2031E000FEF720FC401B022801D90320F4E675486C300068C0F340000028F1D1207800F03C
:203200000400042870D100276E483830006800F0805090B900BF002000906A483830006896
:2032200040F080506749383108600846006800F08050009000BF00BF01276548006800F458
:203240008070B0B96248006840F4807060490860FEF7E8FB054606E0FEF7E4FB401B02286C
:2032600001D90320B8E65A48006800F480700028F2D000BFA068012808D152486830006878
:2032800040F001004F49683108601DE0A06805280DD14C486830006840F004004949683161
:2032A00008600846006840F0010008600CE045486830006820F001004249683108600846F3
:2032C000006820F00400086000BFA068A8B1FEF7A9FB054609E0FEF7A5FB401B41F2883141
:2032E000884202D9032077E626E0364868300068C0F340000028EED013E0FEF793FB05468B
:2033000008E0FEF78FFB401B41F28831884201D9032061E62B4868300068C0F34000002863
:20332000EFD1012F07D127483830006820F0805024493831086000BFA069002850D02148EF
:20334000006800F00C00082860D0A069022848D100201D490866FEF765FB054606E0FEF7EE
:2033600061FB401B022801D9032035E6154808380068C0F340600028F1D1D4E90701084302
:20338000616A40EA81110122A06AC2EB500041EA00412C20005D41EA00613020005D41EA03
:2033A00000700849091F0860012007490866FEF739FB05460EE0FEF735FB401B022809D9EF
:2033C000032009E60838024000004742800E47420070004028480068C0F340600028EAD0FC
:2033E00048E0002025490866FEF71CFB054606E0FEF718FB401B022801D90320ECE51E48AB
:203400000068C0F340600028F2D133E0A069012800D1E1E51848001D0668A069012827D016
:2034200006F48001E069814222D106F03F01206A81421DD147F6C0703040616AB0EB811FBE
:2034400016D106F440310122A06AC2EB5000B1EB004F0DD106F070612C20005DB1EB006FAC
:2034600006D106F0E0413020005DB1EB007F01D00120B1E50020AFE5003802400000474257
:203480007047704710B504464FF400301749086020688068C0F3003078B12068C068C0F395
:2034A000002050B12068C06800F0800060F4C0702168C8602046FFF7E4FF20688068C0F334
:2034C000403078B12068C068C0F3402050B12068C06800F0800060F420702168C860204674
:2034E000FFF7CEFF0120607710BD0000143C014070B504460CB9012070BD607F20B9002059
:203500002077204600F04EF8022060772068C068C0F3001000283CD100BFCA2021684862FB
:2035200053202168486200BF204602F056FD0546EDB9206880681A49084021688860216974
:203540006068084361690843216889680843216888602168E068086120680169208941EA0D
:20356000004021680861204602F05CFD05465DB92068006C20F48020216808642068006C76
:20358000A16908432168086400BFFF202168486200E000250DB9012060772846ACE700000C
:2035A000BFFF8FFF10B596B0044658216846FCF7FAFE0D492068884214D1082000900B48C0
:2035C00009906846FFF7E2F808B1FDF7A1FA012007490860002211462920FEF72DFB29208B
:2035E000FEF716FB16B010BD00280040000318003C0E47422DE9F84103460C4615468348CC
:20360000006840094FF47A71B0FBF1F0484300900026002700BF187F012802D10220BDE8BE
:20362000F8810120187700BF0220587755BB1868806800F0400000B102E00020E07000BF47
:20364000E06900B900E000BF207802F0B9FC4FEA0048607802F0B4FC48EA0028A07802F02B
:20366000AFFC48EA0008E07848EA805894F8200002F0A6FC48EA0060E1690843616940EAA8
:2036800001061FE01868806800F0400000B102E00020E07000BFE06900B900E000BF207891
:2036A0000004617840EA0120A1780843E17840EA815094F8201040EA0160E1690843616984
:2036C00040EA0106A169606840EA010700BFCA201968486253201968486200BF606AB0F515
:2036E000807F37D11868806820F48070196888601868C06800F0800060F4C0701968C860A9
:2037000000BF0098401E0090009860B900BFFF201968486200BF0320587700BF002018778B
:2037200000BF03207BE71868C06800F001000028E7D01868C661186847641868806840F45F
:203740008070196888601868806840F48050196888603FE01868806820F4007019688860C7
:203760001868C06800F0800060F420701968C8602648006840094FF47A71B0FBF1F0484340
:20378000009000BF0098401E0090009860B900BFFF201968486200BF0320587700BF00200A
:2037A000187700BF03203AE71868C068C0F340000028E7D018680662186887641868806842
:2037C00040F40070196888601868806840F40050196888600E48006840F400300C490860A8
:2037E0000B480830006840F4003009490831086000BFFF201968486200BF0120587700BF08
:203800000020187700BF00BF09E7000044000020003C01402DE9F04105460C4617464FF02A
:20382000000800BF287F012802D10220BDE8F0810120287700BF022068774FB9607800F096
:203840001000102804D1607800F0EF000A30607087B9E07802F0B4FB0304607802F0B0FBD5
:2038600043EA0023A07802F0ABFB0343207843EA403809E0E0780004617840EA0120A17843
:203880000843217840EA413800BFCA202968486253202968486200BF284602F09EFB06460B
:2038A00046B90B4808EA000029684860284602F0B9FB06460EB90120687700BFFF202968F5
:2038C000486200BF00BF0020287700BF3046ADE73FFFFF002DE9F04104460D4617464FF07B
:2038E000000800BF207F012802D10220BDE8F0810120207700BF02206077CFB920688068C6
:2039000000F0400000B102E00020E87000BF287802F056FB0304687802F052FB43EA002354
:20392000A87802F04DFB0343E87843EA805812E02068806800F0400000B102E00020E870E5
:2039400000BF28780004697840EA0120A9780843E97840EA815800BFCA20216848625320B9
:203960002168486200BF204602F037FB0646B6B9124808EA0000216808602068806820F44F
:20398000802021688860D5E90301084321688968084321688860204602F044FB06460EB929
:2039A0000120607700BFFF202168486200BF00BF0020207700BF304698E700007F7F7F0098
:2039C00070B5044600250B482168C860FEF72AF8054607E0FEF726F8401BB0F57A7F01D920
:2039E000032070BD2068C06800F020000028F1D00020F6E75F3F010010B504460CB901203D
:203A000010BD606A38B96068B0F5827F00D105E00021E16102E00021216161610021A1622C
:203A200094F8510028B9002084F85000204600F047F8022084F851002068006820F0400018
:203A400021680860A08800F48270218901F404410843A18901F400610843217C01F00201DC
:203A60000843217D01F001010843218B01F400710843217F01F0380108432021095D01F015
:203A800080010843218D01F400510843216808600421A06901EA104094F8241001F01001FF
:203AA0000843216848602068C06920F400602168C86100206065012084F8510000209FE73A
:203AC00010B586B00446142101A8FCF76CFCE2492068884266D100BF00200090DF480068B6
:203AE00040F48050DD4908600846006800F48050009000BF00BF00BF00200090D7481438D2
:203B0000006840F00100D549143908600846006800F00100009000BF00BFA0200190022011
:203B2000029000200390032004900520059001A9CB48FDF775FE40200190022002900120E5
:203B40000390032004900520059001A9C448FDF767FEC448C44908604FF0C0604860402169
:203B6000C14881600021C1604FF480610161002141614FF4804181610021C1614FF48031B3
:203B8000016204214162032181620021C1620163FDF7CEFC08B1FCF7BBFF00BFB248A0646A
:203BA000846357E1B1492068884265D100BF00200090AA48001F006840F48040A749091F70
:203BC00008600846006800F48040009000BF00BF00BF00200090A1481438006840F00200C7
:203BE0009E49143908600846006800F00200009000BF00BF4FF40440019002200290002087
:203C00000390032004900520059001A99848FDF707FE4FF480400190022002900120039021
:203C2000032004900520059001A99148FDF7F8FD9048914908600020486000218E488160ED
:203C4000C1604FF48061016149004161C90081618911C161490201620421416200218162F1
:203C6000C1620163FDF764FC08B1FCF751FF00BF8148E0648463EDE080492068884271D190
:203C800000BF002000907548001F006840F400407249091F08600846006800F40040009038
:203CA00000BF00BF00BF002000906C481438006840F002006949143908600846006800F070
:203CC0000200009000BF00BF382001900220029000200390032004900620059001A96448BC
:203CE000FDF79EFD634818386549086000204860002163488160C1604FF4806101610021E7
:203D000041618161C1614FF44031016200214162FDF70EFC08B1FCF7FBFE00BF5848E064DC
:203D2000846300BF5348603056490860002048604021544881600021C160016141618161DD
:203D40004FF48071C1610902016200214162FDF7EFFB08B1FCF7DCFE00BF4A48A06484633B
:203D600078E0FFE748492068884273D100BF002000903A48006840F40050384908600846CA
:203D8000006800F40050009000BF00BF00BF0020009032481438006840F001002F491439D6
:203DA00008600846006800F00100009000BF00BF00BF002000900846006840F00200086027
:203DC0000846006800F00200009000BF00BF022001900290002003900320049005200590C4
:203DE00001A91F48FDF71CFD4FF4005001900220029000200390032004900620059001A9FE
:203E00001B48FDF70DFD1748483820490860C005486000211D488160C1604FF48061016116
:203E200049004161002181614FF48071C1614FF4403101620421416200218162C1620163D4
:203E4000FDF776FB08B1FCF763FE00BF0F48E064846300BF06B010BD00300140443802403E
:203E600000000240586402402803002000380040000402405860024088030020003C0040D8
:203E8000E80300204804002000340140A80400202DE9F84304460F4616461D46FDF7C2FD08
:203EA0008046B14694F85100012802D00220BDE8F88307B10EB90120F9E700BF94F8500010
:203EC000012801D10220F2E7012084F8500000BF032084F85100002060652763A686E68649
:203EE000A063A087E08760642064A068B0F5004F0BD12068006820F0400021680860206858
:203F0000006840F48040216808602068006800F04000402805D02068006840F0400021680E
:203F20000860E068B0F5006F37D1606810B1B9F1010F09D1206B00882168C860206B801CAD
:203F40002063E08E401EE08623E02068806800F0020002280AD1206B00882168C860206BF3
:203F6000801C2063E08E401EE08612E0FDF75AFDA0EB0800A84201D3681C00B94DB90120FE
:203F800084F8510000BF002084F8500000BF03208DE7E08E0028D8D136E0606810B1B9F1CB
:203FA000010F09D1206B007821680873206B401C2063E08E401EE08623E02068806800F011
:203FC000020002280AD1206B007821680873206B401C2063E08E401EE08612E0FDF722FD32
:203FE000A0EB0800A84201D3681C00B94DB9012084F8510000BF002084F8500000BF0320B2
:2040000055E7E08E0028D8D142462946204602F065F808B120206065A06850B900BF0020CB
:2040200000902068C068009020688068009000BF00BF012084F8510000BF002084F8500099
:2040400000BF606D08B1012031E700202FE770B504462546681EB0F1807F01D301200FE0C8
:20406000681E4FF0E02148610F214FF0FF3003F01FFF00204FF0E021886107200861002029
:2040800070BD10B504460CB9012010BDA06900B100E000BF94F8410028B9002084F840004E
:2040A000204600F029F8242084F841002068C06820F400502168C860204602F035F92068B5
:2040C000006920F49040216808612068406920F02A00216848612068C06840F40050216847
:2040E000C86000206064202084F8410084F842000020606300BFC8E710B586B0044614212E
:2041000001A8FCF750F93D492068884273D100BF002000903A48006840F01000384908601C
:204120000846006800F01000009000BF00BF00BF0020009032481438006840F00200304973
:20414000143908600846006800F00200009000BF00BFC020019002200290002003900120FB
:2041600004900720059001A92648FDF759FB2648264908604FF00060486000212348816096
:20418000C1604FF480610161002141618161C16101624162FDF7CCF908B1FCF7B9FC00BFD2
:2041A0001A48E063846300BF17487830184908604FF0006048604021154881600021C160BC
:2041C0004FF480610161002141618161C16101624162FDF7ADF908B1FCF79AFC00BF0C489D
:2041E000A063846300BF002205212520FDF724FD2520FDF70DFD06B010BD0000001001405D
:2042000044380240000402404064024060070020C0070020F0B58BB00746384601F03BFF70
:2042200000260AE027A0006801904FF47A73012201A93846FFF72CFE761C41F288308642CE
:20424000F0DB21A103C9CDE909010025002412E01F48806940F480201D4988610A20FDF779
:2042600003FA09A800F094FD0546641C052C02DD01200BB0F0BD012DEAD116A103C9CDE989
:20428000070100BF07A801F085F80128FAD113A103C9CDE9050100BF05A800F069FA002823
:2042A000FAD110A103C9CDE9030100BF02A903A800F00EFF0028F9D1384601F0CAFE0020A1
:2042C000D7E70000FF00000040000000009500000000024048000001AA87000069400000E7
:2042E00000E500007A000000000100003EB50146FF20029031E0FF22464B1B6803F04003F7
:20430000402B05D0434B1B6843F04003414C236000E000BF3F4B9B6803F00203022BF8D1AC
:2043200003E03C4BDB68DBB200933A4B9B6803F00103002BF5D1374B1A73002001E000BF71
:20434000401C344B9B6803F0010313B9B0F5FA5FF5DB304BDB68DBB202939DF80800FE284B
:20436000C9D10A464FF40073002021E000E000BF284CA46804F00204022CF8D103E0254C18
:20438000E468E4B20094234CA46804F00104002CF5D1FF241F4D2C7300E000BF1D4CA468FF
:2043A00004F00104002CF8D01A4CE4681454401C9842DBDB00BF18A00068019001AA0223CA
:2043C000002021E000E000BF124CA46804F00204022CF8D103E00F4CE468E4B200940D4CB5
:2043E000A46804F00104002CF5D1FF24094D2C7300E000BF074CA46804F00104002CF8D0C3
:20440000044CE4681454401C9842DBDB00BF00203EBD000000300140FFFF000013B582B069
:204420000C46FF200190D048806940F48020CE4988615121CD4A126802F04002402A05D02F
:20444000CA4A126842F04002C84B1A6000E000BFC64A926802F00202022AF8D103E0C34A49
:20446000D268D2B20092C14A926802F00102002AF5D1BE4A1173002001E000BF401CBB4A55
:20448000926802F0010212B9B0F5FA5FF5DBB74AD2689DF80B10B54A126802F04002402A92
:2044A00005D0B24A126842F04002B04B1A6000E000BFAE4A926802F00202022AF8D103E069
:2044C000AA4AD268D2B20092A84A926802F00102002AF5D1A54A1173002001E000BF401C38
:2044E000A24A926802F0010212B9B0F5FA5FF5DB9E4AD2689DF80A109C4A126802F04002E3
:20450000402A05D0994A126842F04002974B1A6000E000BF954A926802F00202022AF8D1CC
:2045200003E0924AD268D2B20092904A926802F00102002AF5D18D4A1173002001E000BF98
:20454000401C8A4A926802F0010212B9B0F5FA5FF5DB864AD2689DF80910844A126802F0B1
:204560004002402A05D0814A126842F040027F4B1A6000E000BF7D4A926802F00202022A3B
:20458000F8D103E0794AD268D2B20092774A926802F00102002AF5D1744A1173002001E079
:2045A00000BF401C714A926802F0010212B9B0F5FA5FF5DB6D4AD2689DF808106B4A1268D0
:2045C00002F04002402A05D0684A126842F04002664B1A6000E000BF644A926802F0020260
:2045E000022AF8D103E0614AD268D2B200925F4A926802F00102002AF5D15C4A1173002016
:2046000001E000BF401C594A926802F0010212B9B0F5FA5FF5DB554AD2680121534A126861
:2046200002F04002402A05D0504A126842F040024E4B1A6000E000BF4C4A926802F0020247
:20464000022AF8D103E0494AD268D2B20092474A926802F00102002AF5D1444A11730020FD
:2046600001E000BF401C414A926802F0010212B9B0F5FA5FF5DB3D4AD26831E0FF213B4AB4
:20468000126802F04002402A05D0384A126842F04002364B1A6000E000BF344A926802F0B9
:2046A0000202022AF8D103E0304AD268D2B200922E4A926802F00102002AF5D12B4A117304
:2046C000002001E000BF401C284A926802F0010212B9B0F5FA5FF5DB244AD268D2B2019205
:2046E0009DF80400FF28C9D09DF8040018B14FF0FF3004B010BD2046FFF7F8FDC0B20190BC
:20470000FF211A4A126802F04002402A05D0174A126842F04002154B1A6000E000BF134A03
:20472000926802F00202022AF8D103E00F4AD268D2B200920D4A926802F00102002AF5D1D2
:204740000A4A1173002001E000BF401C074A926802F0010212B9B0F5FA5FF5DB034AD26805
:204760009DF80400C5E7000000000240003001403FB50146F9A309CBCDE90203FF2001902B
:204780000022F848806940F48020F64B98619DF80830F54C246804F04004402C05D0F24C6F
:2047A000246844F04004F04D2C6000E000BFEE4CA46804F00204022CF8D103E0EA4CE468F1
:2047C000E4B20094E84CA46804F00104002CF5D1E54C2373002001E000BF401CE24CA46867
:2047E00004F0010414B9B0F5FA5FF5DBDE4CE4689DF80930DC4C246804F04004402C05D0B4
:20480000D94C246844F04004D74D2C6000E000BFD54CA46804F00204022CF8D103E0D24C01
:20482000E468E4B20094D04CA46804F00104002CF5D1CD4C2373002001E000BF401CCA4C0E
:20484000A46804F0010414B9B0F5FA5FF5DBC64CE4689DF80A30C44C246804F04004402C4B
:2048600005D0C14C246844F04004BF4D2C6000E000BFBD4CA46804F00204022CF8D103E032
:20488000B94CE468E4B20094B74CA46804F00104002CF5D1B44C2373002001E000BF401CF1
:2048A000B14CA46804F0010414B9B0F5FA5FF5DBAD4CE4689DF80B30AB4C246804F040048B
:2048C000402C05D0A84C246844F04004A64D2C6000E000BFA44CA46804F00204022CF8D194
:2048E00003E0A14CE468E4B200949F4CA46804F00104002CF5D19C4C2373002001E000BF52
:20490000401C994CA46804F0010414B9B0F5FA5FF5DB954CE4689DF80C30934C246804F059
:204920004004402C05D0904C246844F040048E4D2C6000E000BF8C4CA46804F00204022C00
:20494000F8D103E0884CE468E4B20094864CA46804F00104002CF5D1834C2373002001E032
:2049600000BF401C804CA46804F0010414B9B0F5FA5FF5DB7C4CE4689DF80D307A4C246878
:2049800004F04004402C05D0774C246844F04004754D2C6000E000BF734CA46804F0020425
:2049A000022CF8D103E0704CE468E4B200946E4CA46804F00104002CF5D16B4C23730020CD
:2049C00001E000BF401C684CA46804F0010414B9B0F5FA5FF5DB644CE46831E0FF23624CAA
:2049E000246804F04004402C05D05F4C246844F040045D4D2C6000E000BF5B4CA46804F087
:204A00000204022CF8D103E0574CE468E4B20094554CA46804F00104002CF5D1524C2373D1
:204A2000002001E000BF401C4F4CA46804F0010414B9B0F5FA5FF5DB4B4CE468E4B2019411
:204A40009DF80400FF2805D11046521C42F210739842C3D30B78444C246804F04004402C92
:204A600005D0414C246844F040043F4D2C6000E000BF3D4CA46804F00204022CF8D103E0B0
:204A8000394CE468E4B20094374CA46804F00104002CF5D1344C2373002001E000BF401C6F
:204AA000314CA46804F0010414B9B0F5FA5FF5DB2D4CE4684B782C4C246804F04004402CA9
:204AC00005D0294C246844F04004274D2C6000E000BF254CA46804F00204022CF8D103E098
:204AE000214CE468E4B200941F4CA46804F00104002CF5D11C4C2373002001E000BF401C57
:204B0000194CA46804F0010414B9B0F5FA5FF5DB154CE4688B78144C246804F04004402C50
:204B200005D0114C246844F040040F4D2C6000E000BF0D4CA46804F00204022CF8D103E07F
:204B4000094CE468E4B20094074CA46804F00104002CF5D1044C2373002009E077000000DA
:204B600000010000000002400030014000BF401C864CA46804F0010414B9B0F5FA5FF5DBF4
:204B8000824CE468CB78814C246804F04004402C05D07E4C246844F040047C4D2C6000E0E3
:204BA00000BF7A4CA46804F00204022CF8D103E0764CE468E4B20094744CA46804F0010493
:204BC000002CF5D1714C2373002001E000BF401C6E4CA46804F0010414B9B0F5FA5FF5DB1A
:204BE0006A4CE4680B79694C246804F04004402C05D0664C246844F04004644D2C6000E0A2
:204C000000BF624CA46804F00204022CF8D103E05E4CE468E4B200945C4CA46804F001047A
:204C2000002CF5D1594C2373002001E000BF401C564CA46804F0010414B9B0F5FA5FF5DBE9
:204C4000524CE4684B79514C246804F04004402C05D04E4C246844F040044C4D2C6000E061
:204C600000BF4A4CA46804F00204022CF8D103E0464CE468E4B20094444CA46804F0010462
:204C8000002CF5D1414C2373002001E000BF401C3E4CA46804F0010414B9B0F5FA5FF5DBB9
:204CA0003A4CE468FF20019031E0FF23374C246804F04004402C05D0344C246844F0400433
:204CC000324D2C6000E000BF304CA46804F00204022CF8D103E02D4CE468E4B200942B4C68
:204CE000A46804F00104002CF5D1284C2373002001E000BF401C254CA46804F0010414B954
:204D0000B0F5FA5FF5DB214CE468E4B201949DF80400FF2805D11046521C42F210739842F6
:204D2000C3D3FF23194C246804F04004402C05D0164C246844F04004144D2C6000E000BF5F
:204D4000124CA46804F00204022CF8D103E00F4CE468E4B200940D4CA46804F00104002CBA
:204D6000F5D10A4C2373002001E000BF401C074CA46804F0010414B9B0F5FA5FF5DB034C23
:204D8000E4689DF8040004B030BD0000003001403CB50146FF2001900023CB48806940F4E1
:204DA0008020C94A90610A78C84C246804F04004402C05D0C54C246844F04004C34D2C6003
:204DC00000E000BFC14CA46804F00204022CF8D103E0BE4CE468E4B20094BC4CA46804F0BF
:204DE0000104002CF5D1B94C2273002001E000BF401CB64CA46804F0010414B9B0F5FA5F34
:204E0000F5DBB24CE4684A78B04C246804F04004402C05D0AD4C246844F04004AB4D2C6034
:204E200000E000BFA94CA46804F00204022CF8D103E0A64CE468E4B20094A44CA46804F0A6
:204E40000104002CF5D1A14C2273002001E000BF401C9E4CA46804F0010414B9B0F5FA5F03
:204E6000F5DB9A4CE4688A78984C246804F04004402C05D0954C246844F04004934D2C60F4
:204E800000E000BF914CA46804F00204022CF8D103E08E4CE468E4B200948C4CA46804F08E
:204EA0000104002CF5D1894C2273002001E000BF401C864CA46804F0010414B9B0F5FA5FD3
:204EC000F5DB824CE468CA78804C246804F04004402C05D07D4C246844F040047B4D2C60B4
:204EE00000E000BF794CA46804F00204022CF8D103E0764CE468E4B20094744CA46804F076
:204F00000104002CF5D1714C2273002001E000BF401C6E4CA46804F0010414B9B0F5FA5FA2
:204F2000F5DB6A4CE4680A79684C246804F04004402C05D0654C246844F04004634D2C6072
:204F400000E000BF614CA46804F00204022CF8D103E05E4CE468E4B200945C4CA46804F05D
:204F60000104002CF5D1594C2273002001E000BF401C564CA46804F0010414B9B0F5FA5F72
:204F8000F5DB524CE4684A79504C246804F04004402C05D04D4C246844F040044B4D2C6032
:204FA00000E000BF494CA46804F00204022CF8D103E0464CE468E4B20094444CA46804F045
:204FC0000104002CF5D1414C2273002001E000BF401C3E4CA46804F0010414B9B0F5FA5F42
:204FE000F5DB3A4CE46831E0FF22384C246804F04004402C05D0354C246844F04004334D4F
:205000002C6000E000BF314CA46804F00204022CF8D103E02D4CE468E4B200942B4CA46896
:2050200004F00104002CF5D1284C2273002001E000BF401C254CA46804F0010414B9B0F578
:20504000FA5FF5DB214CE468E4B201949DF80400FF2805D118465B1C42F210729042C3D3BA
:20506000FF221A4C246804F04004402C05D0174C246844F04004154D2C6000E000BF134C51
:20508000A46804F00204022CF8D103E00F4CE468E4B200940D4CA46804F00104002CF5D10F
:2050A0000A4C2273002001E000BF401C074CA46804F0010414B9B0F5FA5FF5DB034CE4685B
:2050C0009DF804003CBD000000000240003001407CB50246FF200190AC48806940F48020B1
:2050E000AA4B986113460624002022E000E000BFA74DAD6805F00205022DF8D103E0A44DAD
:20510000ED68EDB20095A24DAD6805F00105002DF5D11D5C9E4E357300E000BF9C4DAD686A
:2051200005F00105002DF8D0994DED68EDB20095401CA042DADB00BF31E0FF23944C2468BF
:2051400004F04004402C05D0914C246844F040048F4D2C6000E000BF8D4CA46804F002040F
:20516000022CF8D103E08A4CE468E4B20094884CA46804F00104002CF5D1854C23730020B7
:2051800001E000BF401C824CA46804F0010414B9B0F5FA5FF5DB7E4CE468E4B201949DF8CF
:2051A0000400FF28C9D0CB78794C246804F04004402C05D0764C246844F04004744D2C600B
:2051C00000E000BF724CA46804F00204022CF8D103E06F4CE468E4B200946D4CA46804F0A8
:2051E0000104002CF5D16A4C2373002001E000BF401C674CA46804F0010414B9B0F5FA5FCD
:20520000F5DB634CE4688B78614C246804F04004402C05D05E4C246844F040045C4D2C602B
:2052200000E000BF5A4CA46804F00204022CF8D103E0574CE468E4B20094554CA46804F08F
:205240000104002CF5D1524C2373002001E000BF401C4F4CA46804F0010414B9B0F5FA5F9C
:20526000F5DB4B4CE4684B78494C246804F04004402C05D0464C246844F04004444D2C606B
:2052800000E000BF424CA46804F00204022CF8D103E03F4CE468E4B200943D4CA46804F077
:2052A0000104002CF5D13A4C2373002001E000BF401C374CA46804F0010414B9B0F5FA5F6C
:2052C000F5DB334CE4680B78314C246804F04004402C05D02E4C246844F040042C4D2C60AB
:2052E00000E000BF2A4CA46804F00204022CF8D103E0274CE468E4B20094254CA46804F05F
:205300000104002CF5D1224C2373002001E000BF401C1F4CA46804F0010414B9B0F5FA5F3B
:20532000F5DB1B4CE468FF23194C246804F04004402C05D0164C246844F04004144D2C600B
:2053400000E000BF124CA46804F00204022CF8D103E00F4CE468E4B200940D4CA46804F046
:205360000104002CF5D10A4C2373002001E000BF401C074CA46804F0010414B9B0F5FA5F0B
:20538000F5DB034CE4689DF804007CBD00000240003001403EB5014664A000680290FF20C6
:2053A00001906348806940F48020614A90610A460623002022E000E000BF5E4CA46804F074
:2053C0000204022CF8D103E05A4CE468E4B20094584CA46804F00104002CF5D1145C554D24
:2053E0002C7300E000BF534CA46804F00104002CF8D0504CE468E4B20094401C9842DADBDA
:2054000000BF31E0FF224B4B1B6803F04003402B05D0484B1B6843F04003464C236000E08B
:2054200000BF444B9B6803F00203022BF8D103E0404BDB68DBB200933E4B9B6803F00103D9
:20544000002BF5D13B4B1A73002001E000BF401C384B9B6803F0010313B9B0F5FA5FF5DB15
:20546000344BDB68DBB201939DF80400FF28C9D002AA0423002022E000E000BF2D4CA468D7
:2054800004F00204022CF8D103E02A4CE468E4B20094284CA46804F00104002CF5D1145C71
:2054A000244D2C7300E000BF224CA46804F00104002CF8D01F4CE468E4B20094401C9842BF
:2054C000DADB00BFFF221B4B1B6803F04003402B05D0184B1B6843F04003164C236000E0B7
:2054E00000BF144B9B6803F00203022BF8D103E0104BDB68DBB200930E4B9B6803F00103A9
:20550000002BF5D10B4B1A73002001E000BF401C084B9B6803F0010313B9B0F5FA5FF5DBB4
:20552000044BDB689DF804003EBD0000FFFFFFFF000002400030014000BFFEE710B50248E3
:20554000FCF777FA10BD0000F400002070470000F8B5054600200090AC6B94F83D603948E6
:2055600000681921B0FBF1F04FF47A71B0FBF1F0C0EBC00000EB8000009000BF009820B9AD
:20558000206C40F02000206409E00098401E00902068006800F40070B0F5007FEED000BF47
:2055A000606B10B10020616BC863A06B10B10020A16BC8632068006820F480602168086050
:2055C00000206085606B10B10020616B0865A06B10B10020A16B08652068006820F001007B
:2055E0002168086094F83D0060280AD1202084F83D00002084F83E0020642046FCF718FACC
:205600001EE006F02800282811D12068006840F00100216808602068006840F4806021689D
:20562000086000202063282084F83D0005E0202084F83D00002084F83E002046FCF763FAF0
:20564000F8BD00004400002001684969C1F3C01111B1002102681161704700002DE9F041D4
:20566000044694F83D6094F83E70102F01D0402F07D1222E05D12068006820F40060216813
:20568000086006F02800282805D100202063282084F83D0010E02068406800F40060B0F5A1
:2056A000006F07D0602E05D0202084F83D00002084F83E00002020632068406800F4006047
:2056C000B0F5006F40D12068406820F4006021684860606B90F83500012814D04848616BDF
:2056E0000865606BFBF710FF00285BD02068006820F0010021680860202084F83D00606B68
:20570000016D88474EE03E48A16B0865A06BFBF7FBFE002846D020684069C0F3801030B196
:2057200020680069616A0870606A401C60622068006820F0010021680860202084F83D0062
:20574000A06B016D88472DE094F83D0060281AD1202084F83D000020206420684069C0F337
:20576000801030B120680069616A0870606A401C60622068006820F0010021680860204644
:20578000FCF756F90EE020684069C0F3801030B120680069616A0870606A401C6062204602
:2057A000FCF7B1F9256C05F0010058B905F00200022807D005F00400042803D005F00800C7
:2057C000082805D12068406820F4E0602168486094F83D60206C00F0040004280ED1282E04
:2057E0000CD10848E06200202063202084F83D00002084F83E002046FCF786F9BDE8F081D6
:20580000515500080000FFFF70B5044694F83D50E66A082E01D0202E1FD1282D1DD1234811
:20582000E0622068406820F4E060216848606FF48060216848612068006820F4806021688F
:20584000086000202063202084F83D00002084F83E002046FCF758F926E0212D20D1134820
:20586000E06221202063202084F83D00002084F83E002068406820F4E060216848606FF437
:205880008060216848612068006820F48060216808602046FFF7D8FE2046FCF736F903E084
:2058A0006FF480602168486170BD00000000FFFF00B58DB0002009900A900B900C9020218B
:2058C00001A8FAF770FD2248224908604FF48030486000211F4881600161017680F82010FF
:2058E0004FF08051C162491081620914C1600121C16180F830104161FBF762FD08B1FBF761
:2059000007F90020099001200A9003200B9009A91048FBF783FC08B1FBF7FAF8122001907A
:2059200001200290059003200390002008900A48079000208DF819008DF81800049001A92F
:205940000448FBF753FB08B1FBF7E2F80DB000BD002001404C00002001000F0008B500BF63
:20596000002000904948006840F40010474908600846006800F40010009000BF00BF00BFBB
:20598000002000900846006840F4800008600846006800F48000009000BF00BF3C483D4943
:2059A00008600020486080213A4881608900C1604900016189004161890081610021C16185
:2059C000016204214162032181620021C1620163FBF7AEFD08B1FBF79BF8002201210B20A3
:2059E000FCF72AF90B20FCF713F9002204210D20FCF722F90D20FCF70BF9002204210E204C
:205A0000FCF71AF90E20FCF703F9002207210F20FCF712F90F20FCF7FBF80022062110205E
:205A2000FCF70AF91020FCF7F3F8012202212F20FCF702F92F20FCF7EBF80022042138201B
:205A4000FCF7FAF83820FCF7E3F8012204213A20FCF7F2F83A20FCF7DBF8012211463B20C7
:205A6000FCF7EAF83B20FCF7D3F8012205213C20FCF7E2F83C20FCF7CBF800220521462006
:205A8000FCF7DAF84620FCF7C3F808BD30380240286402402008002000B587B0142102A8DD
:205AA000FAF781FC00BF002001904948006840F00400474908600846006800F004000190A8
:205AC00000BF00BF00BF002001900846006840F0800008600846006800F08000019000BF94
:205AE00000BF00BF002001900846006840F0010008600846006800F00100019000BF00BF72
:205B000000BF002001900846006840F0020008600846006800F00200019000BF00BF0022EC
:205B20004FF460412B48FBF777FF002248F204112948FBF771FF00224FF480512748FBF7CB
:205B40006BFF4FF4604002900120039000200490059002A91F48FBF763FE0420029001202D
:205B6000039004900320059002A91B48FBF758FE4FF4C2600290032003900020049002A9E4
:205B80001548FBF74DFE07200290032003900020049002A91148FBF743FE4FF4805002906C
:205BA0000120039000200490059002A90B48FBF737FE4FF401400290012003900020049045
:205BC000059002A90448FBF72BFE07B000BD0000303802400008024000000240000402402E
:205BE00000B591B014210CA8FAF7DDFB00200B90282101A8FAF7D7FB2E482F490860002017
:205C0000486063212C48816042F20F71C1600021016141618161FDF76BFC08B1FAF778FFAB
:205C200000208DF830008DF831008DF832000F90109000220CA92048FDF74CFE08B1FAF7BC
:205C400067FF01208DF82C008DF82D008DF82E0000208DF82F0000220BA91748FDF7DAFDD3
:205C600008B1FAF755FF00208DF804008DF805008DF80600029004900590069007900890E8
:205C800001208DF8240000020A90002201A90A48FDF7B0FC08B1FAF73BFF4FF400700A90AF
:205CA000002201A90448FDF7A5FC08B1FAF730FF11B000BD00280040A801002010B50E4894
:205CC0000E4908604FF48270486000210B488160C160016141614FF4007181610021C161D5
:205CE0000162416281620A21C162FDF785FE08B1FAF70EFF10BD000000300140C801002018
:205D000010B50B480B4908604FF496404860002108488160C16001610C2141610021816147
:205D2000C161FEF7AEF908B1FAF7F2FE10BD0000001001401807002000BFFEE700BFFEE766
:205D400010B50248FCF72BF910BD0000800800202DE9F04704460D4626683746D6F8408025
:205D600007F5306000EB4510D0F80890104880450BD909F40040B0F5004F06D14FF400416A
:205D800007F5306000EB451081602046FCF7DAFC0748804508D9A079012805D104F29C4246
:205DA0000121206801F0E2FB0020BDE8F08700000A30544F2DE9F04705460C46D5F800900B
:205DC0004E46D9F840A006F5306000EB4410D0F80880A879012855D108F0080008280FD1E4
:205DE000434882450BD908F40040B0F5004F7BD14FF4004106F5306000EB4410816073E06F
:205E000008F02000202806D1202106F5306000EB4410816068E008F02800002864D134481E
:205E200082450CD908F40040B0F5004F07D14FF4004106F5306000EB4410816054E004EB5C
:205E4000C40105F5157000EB810706F5306000EB4410396A0069C0F31200081A786164B9D8
:205E6000386930B905F29C420121286801F07EFB03E07969F8680844F860E1B22846FBF7EB
:205E800045FF31E01B4882451BD108F40040B0F5004F07D14FF4004106F5306000EB441041
:205EA000816021E008F02000202805D1202106F5306000EB44108160E1B22846FBF726FFC6
:205EC00012E06CB904EBC40105F5157000EB8100006928B905F29C420021286801F046FB0A
:205EE000E1B22846FBF712FF0020BDE8F08700000A30544F0A31544F2DE9F84F07460E46A9
:205F0000D7F80090C84606EBC60107F1140000EB8104D4E90410884202D90120BDE8F88F1D
:205F2000D4E90401451AA068A84200D2A568E81C4FEA900A17E0D4E90401451AA068A8428E
:205F400000D2A568E81C4FEA900AB879ABB2F2B200904846E16801F065FFE0682844E060A9
:205F600060692844606108F5106000EB4610806980B2504506D3D4E90410884202D22069FC
:205F80000028D8D1D4E9040188420ED806F00F01012000FA01FB40F6340050F8080020EADD
:205FA0000B0040F6340141F808000020B6E7704710B50248FDF766FA10BD0000A8010020BD
:205FC0000146002203E0521CA1F10A00C1B20A29F9D2100741EA1060704770B504460026FC
:205FE00000252068C06800F04000C8B92068C06840F080002168C860FBF714FD064608E0D3
:20600000FBF710FD801BB0F57A7F02D90420607701252068C06800F0400008B9012DEFD1BD
:20602000284670BD70B5044600252068C06820F080002168C8602068806800F0200030B9D7
:206040002046FDF7BDFC10B1042060770125284670BD10B504464FF4827060600021A1608A
:20606000E160216161614FF40071A1610021E16121626162A1620A21E1622046FDF7BCFCB9
:2060800008B1012010BD2068006840F04000216808600020F6E710B504464FF48270606007
:2060A0000021A160E160216161614FF40071A1613821E161002121626162A1620A21E16210
:2060C0002046FDF799FC08B1012010BD2068006840F04000216808600020F6E77CB5044661
:2060E0000E4615463346012202212046009500F039F828B1606D40F02000606503207CBDFF
:20610000164800681821B0FBF1F01549B0FBF1F04FF47A71484301906068B0F5827F0DD174
:206120003346002280212046009500F01BF898B1606D40F0200060650320E0E700BF0198B8
:2061400000B908E00198401E019020688068C0F3C0100028F3D100BF0020D0E7440000203D
:2061600040420F002DE9F84F04460D4690461E46DDF82890FBF756FCA0EB0900371AFBF7B2
:2061800051FC82462C480068C0F3CB307843009046E0701C002843D0FBF744FCA0EB0A0061
:2061A000B84200D2A7BB2068406820F0E000216848606068B0F5827F0DD1A068B0F5004F18
:2061C00003D0A068B0F5806F05D12068006820F0400021680860A06AB0F5005F0DD100BF9E
:2061E0002068006820F40050216808602068006840F400502168086000BF012084F8510048
:2062000000BF002084F8500000BF0320BDE8F88FFFE7009808B9002702E00098401E0090F7
:20622000206880682840A84201D1012000E000204045AED10020E9E744000020704730B5B5
:2062400001460A461378521C147843EA042030BD10B5FBF75BFC10BD00B593B0342106A80E
:20626000FAF7A1F8142101A8FAF79DF82448006840F480002249086000BF002000902048FE
:206280003C30006840F080501D493C3108600846006800F08050009000BF00BF00BF00208C
:2062A00000901848006820F4404040F48040154908600846006800F44040009000BF00BF00
:2062C000012006900004079000200C9006A8FCF77FFE08B1FAF71CFC0F200190012002905D
:2062E000002003904FF48050049000200590002101A8FCF771FC08B1FAF70AFC13B000BD35
:2063000004380240007000400348006840F47000014908607047000088ED00E070477047CC
:2063200070477047704700002DE9F84F04462068006920F44050E1680843216808612169EC
:20634000A068084361690843E169084300902068C06849F20C618843009908432168C860F8
:206360002068406920F44070A1690843216848617A49206888420BD079492068884207D0C6
:2063800078492068884203D077492068884203D1FCF7B6FD814602E0FCF7A2FD8146E06940
:2063A000B0F5004F6BD102206168A0FB015003461920A9FB007001462A463846F9F77CFFA0
:2063C0006421B0FBF1F04FEA001A02206168A0FB01510B461920A9FB00712A463846F9F704
:2063E0006BFF834602206168A0FB015003461920A9FB00712A463846F9F75EFF6421B0FB91
:20640000F1F000EBC00101EB0010ABEB8000322101EBC0006421B0FBF1F000F0F8000AEBF0
:20642000400A02206168A0FB015003461920A9FB00712A463846F9F73FFF834602206168D4
:20644000A0FB015003461920A9FB00712A463846F9F732FF6421B0FBF1F000EBC00101EB01
:206460000010ABEB8000322101EBC0006421B0FBF1F000F007005044216888606CE004207A
:206480006168A0FB01510B461920A9FB00712A463846F9F711FF824604206168A0FB015018
:2064A00003461920A9FB007001462A463846F9F703FF6421B0FBF1F000EBC00101EB001066
:2064C000AAEB8000322101EB00106421B0FBF1F000F0F00A04206168A0FB017003461920E2
:2064E000A9FB005001463A462846F9F7E5FE6421B0FBF1F00AEB001A04206168A0FB0151A6
:206500001920A9FB007080462A460B4638464146F9F7D2FE834604206168A0FB01500346F7
:206520001920A9FB007001462A463846F9F7C4FE6421B0FBF1F000EBC00101EB0010ABEBD8
:206540008000322101EB00106421B0FBF1F000F00F00504421688860BDE8F88F00100140DA
:206560000014014000180140001C0140704770B504460D460026D4F8B8022946426820466C
:20658000904700B10326304670BD70B504460D4694F89C02012804D0022803D003280CD1B9
:2065A00001E000BF00BF6888012805D10020C4F8A402204600F051F804E02946204600F0C3
:2065C00021F800BF00BF70BD02460020704702460020704770B506460C4615462B462246C2
:2065E0000021304600F064FB002070BD70B506460C4615462B4622460021304600F039FCB5
:20660000002070BD70B504460D468021204600F00FFC0021204600F00BFC70BD10B50446AF
:206620000520C4F8940200231A461946204600F03FFB002010BD70B504460E461546022044
:20664000C4F8940265616662A5612B4632460021204600F00EFC002070BD10B5044604206A
:20666000C4F8940200231A461946204600F001FC002010BD70B504460D46E888012804D077
:2066800029462046FFF7BEFF1EE094F89C02012804D0022803D0032810D109E000BF00207C
:2066A000A060012204F108012046FFF7C4FF0AE00122211D2046FFF7BEFF04E0294620467D
:2066C000FFF7A0FF00BF00BF70BDF8B504460E46002000900027002570880012082875D2B2
:2066E000DFE800F0C7040C20C7C7A5B5207CD4F8B4120A68694690470746C1E0207C40B95B
:20670000D4F8B802816A6846884707460220787007E0D4F8B802C16A6846884707460220B0
:206720007870ADE0B078062878D2DFE800F00316293C5063D4F8B402406838B1207CD4F8E1
:20674000B4124A6869469047074605E031462046FFF758FF681CC5B267E0D4F8B402806833
:2067600038B1207CD4F8B4128A6869469047074605E031462046FFF745FF681CC5B254E012
:20678000D4F8B402C06838B1207CD4F8B412CA6869469047074605E031462046FFF732FF4A
:2067A000681CC5B241E0D4F8B402006938B1207CD4F8B4120A6969469047074605E0314619
:2067C0002046FFF71FFF681CC5B22EE051E0D4F8B402406938B1207CD4F8B4124A69694661
:2067E0009047074605E031462046FFF70BFF681CC5B21AE0D4F8B402806940B1207CD4F8FA
:20680000B4128A6969469047074606E006E031462046FFF7F7FE681CC5B206E0314620469A
:20682000FFF7F0FE681CC5B200BF00BF28E0207C30B9D4F8B802416B68468847074605E08D
:2068400031462046FFF7DEFE681CC5B218E0207C40B9D4F8B802016B68468847074607201E
:20686000787005E031462046FFF7CCFE681CC5B206E031462046FFF7C5FE681CC5B200BF7D
:2068800000BF05B1F8BDF088C0B1BDF8000080B1F088BDF80010884202DDBDF8000000E084
:2068A000F0880090BDF8002039462046FFF7C3FE07E031462046FFF7A5FE02E02046FFF7C4
:2068C000CCFE00BFDEE770B504460D4694F89C02012804D0022803D003281AD101E000BFCE
:2068E00000BFE888022804D029462046FFF78AFE14E00120E060D4F8A40218B1E06840F010
:206900000200E060022204F10C012046FFF793FE04E029462046FFF775FE00BF00BF70BD55
:206920000146002031B1012906D0022906D0032908D105E0002007E0032005E0012003E010
:20694000032001E0032000BF00BF70472DE9F04104460D46002600272946D4F8C802FBF7B3
:206960000DFA06463046FFF7DBFF07463846BDE8F0812DE9F04705460F469146002F5AD17F
:2069800005F11404D5F8940202284AD1A1896068884213D9A1896068401A6060A1892069DA
:2069A00008442061284662682169FFF71FFE00231A461946284600F07BF932E0A08961687D
:2069C000884217D1A1892068884213D32068D5F8981288420ED2002211462846FFF706FE19
:2069E0000020C5F8980200231A461946284600F05FF916E095F89C0203280BD1D5F8B802D9
:206A0000C06838B10020C5F8D402D5F8B802C168284688478021284600F00AFA2846FFF75E
:206A2000FDFD95F8A00250B3284600F055FA002085F8A00223E047F080012846FFF7C4FD5E
:206A40000646FF2E1BD0D6B995F89C02032816D105F52E7050F82600406980B1C5F8D46233
:206A600005F52E7050F8260039464269284690478046B8F1000F02D04046BDE8F08700208F
:206A8000FBE72DE9F04705460F4691464FF00008002F55D105F5AA76D5F89402032873D1C8
:206AA000B1897068884214D9B1897068401A7060B189306908443061B3897068984201D959
:206AC000706800E0B089024628463169FFF782FD5AE095F8AA0200F01F0020B1012804D0B0
:206AE000022812D109E0002411E040F2AE20415D2846FFF76CFD044609E040F2AE20415D4F
:206B00002846FFF761FD044601E0002400BF00BF94B995F89C0203280ED105F52E7050F884
:206B20002400006940B1C5F8D44205F52E7050F824000169284688472846FFF78EFD23E067
:206B400007F07F012846FFF73FFD0446FF2C1BD0D4B995F89C02032810D105F52E7050F81A
:206B60002400806950B1C5F8D44205F52E7050F8240039468269284690478046B8F1000F03
:206B800002D04046BDE8F0870020FBE701460020704770B504460025012084F89C02D4F8C6
:206BA000B80238B12179D4F8B80242682046904700B10325284670BD10B50246D2F8C832E6
:206BC00001F08000802809D101F07F0000EBC00403F1140000EB8400807810BD01F07F00F7
:206BE00000EBC00403F5157000EB84008078F4E770B504460D4604F52E70D4F8D41250F8D4
:206C0000210008B9032070BD94F89C02032811D104F52E70D4F8D41250F82100006A48B1F6
:206C200004F52E70D4F8D41250F821002946026A204690470020E6E770B504460D4604F5E2
:206C40002E70D4F8D41250F8210008B9032070BD94F89C02032811D104F52E70D4F8D412EA
:206C600050F82100406A48B104F52E70D4F8D41250F821002946426A204690470020E6E711
:206C80002DE9F04704460F4615461E464FF00008C1462B4632463946D4F8C802FBF7ACF867
:206CA00080464046FFF73CFE81464846BDE8F0872DE9F04704460D4616461F464FF00008F5
:206CC000C1463B4632462946D4F8C802FBF7DBF880464046FFF724FE81464846BDE8F08715
:206CE00070B504460025012084F89C020020C4F894026060C4F8A40284F8A002D4F8B8028D
:206D000058B1D4F8B802406838B12179D4F8B80242682046904700B1032540230022114697
:206D20002046FFF7ADFF012140F2631001554021C01E01534023002280212046FFF7A0FF7A
:206D400001212320015540212184284670BD014691F89C02042803D191F89D0281F89C022A
:206D60000020704710B5044694F89C0203280BD1D4F8B80240B1D4F8B802C06920B1D4F839
:206D8000B802C16920468847002010BD02461174002070472DE9F04104460D460026002718
:206DA0002946D4F8C802FBF7B3FC06463046FFF7B7FD07463846BDE8F08170B504460D461E
:206DC000294604F2AA2000F06CF80120C4F894024FF42C70005BC4F8980294F8AA0200F005
:206DE0001F0020B1012809D0022815D10DE004F2AA21204600F04EF9064616E004F2AA2143
:206E0000204600F0E0FA06460FE004F2AA21204600F097F9064608E094F8AA0200F0800183
:206E2000204600F005F8064600BF00BF304670BD2DE9F04104460D46002600272946D4F826
:206E4000C802FBF743F806463046FFF769FD07463846BDE8F081014691F89C02042803D0CF
:206E600091F89C0281F89D02042081F89C02002070472DE9F04704460D4616461F464FF0D7
:206E80000008C1463B4632462946D4F8C802FBF762F880464046FFF743FD81464846BDE81D
:206EA000F08770B505460E46344620782870641C20786870641C2046FFF7C1F96880641CFF
:206EC000641C2046FFF7BBF9A880641C641C2046FFF7B5F9E88070BD01460020704770B518
:206EE00004460D46A88810BBE88800BB688880281DD2A87800F07F0694F89C02032804D189
:206F000029462046FFF77EFB15E084F89E6231462046FFF73FFF2046FFF79FFB1EB10220C4
:206F200084F89C0207E0012084F89C0203E029462046FFF767FB70BD70B504460D460026F0
:206F4000D4F8B80230B1D4F8B80229460268204690470646304670BD70B504460E46002557
:206F6000B0783D49087008460078012805D931462046FFF747FB032070BD94F89C02022865
:206F800002D0032859D11FE033480078C0B1324800786060304801782046FFF7CDFF054651
:206FA0003DB131462046FFF72DFB022084F89C0209E02046FFF751FB032084F89C0202E0FC
:206FC0002046FFF74AFB43E02348007870B9022084F89C022048007860601F4801782046BF
:206FE000FFF7C5FA2046FFF738FB25E01A490978606888421DD021792046FFF7B8FA1648DF
:2070000000786060144801782046FFF795FF05465DB131462046FFF7F5FA21792046FFF762
:20702000A6FA022084F89C0206E02046FFF715FB02E02046FFF711FB0AE031462046FFF71B
:20704000E1FA054801782046FFF791FA032500BF00BF284690E700004800002070B5054645
:207060000C466088012805D1C5F8A4022846FFF7F4FA0EE06088022807D1A088001285F893
:20708000A0022846FFF7E9FA03E021462846FFF7B9FA70BD70B504460D460026287800F001
:2070A000600088B1202802D0402842D100E000BF04F52E70D4F8D41250F8210029468268F8
:2070C00020469047064639E068780A282AD2DFE800F01A24291F290A0529150F2946204669
:2070E000FFF7F3FA23E029462046FFF7F8FE1EE029462046FFF730FF064618E029462046D8
:20710000FFF7B8FA13E029462046FFF7DCFB0EE029462046FFF7A2FF09E029462046FFF724
:2071200034FA04E029462046FFF76CFA00BF00BF04E029462046FFF765FA00BF00BF30468C
:2071400070BD2DE9F04705460F464FF000093C79387800F06000F8B1202802D040287DD19F
:2071600000E000BF21462846FFF72EFA0646FF2E11D086B9C5F8D46205F52E7050F82600EB
:20718000806840B105F52E7050F826003946826828469047814612E1787800287AD001281D
:2071A0002FD003286ED195F89C02022802D0032820D110E054B1802C08D021462846FFF7DF
:2071C00037FE80212846FFF733FE03E039462846FFF718FA13E0788840B93CB1802C05D012
:2071E000F88818B921462846FFF722FE2846FFF734FA04E039462846FFF704FA00BF00BF7E
:20720000D6E095F89C02022802D003283BD110E054B1802C08D021462846FFF709FE80216E
:207220002846FFF705FE03E039462846FFF7EAF92EE0788820BB04F07F0018B12146284644
:20724000FFF784FB2846FFF708FA21462846FFF7BBF90646FF2E13D096B900E0AAE0C5F802
:20726000D46205F52E7050F82600806840B105F52E7050F82600394682682846904781467E
:2072800006E007E08FE039462846FFF7BBF900BF00BF8DE095F89C02022802D003287BD192
:2072A00027E034B1802C04D039462846FFF7AAF977E004F08000802808D104F07F0000EB32
:2072C000800105F1140000EB810007E004F07F0000EB800105F5AA7000EB8100804600208B
:2072E00088F80E00022208F10E012846FFF7A3F957E004F0800080280ED104F00F0000EBB4
:20730000800105F1140000EB8100C07B98B939462846FFF777F944E004F00F0000EB800104
:2073200005F5AA7000EB8100C07B20B939462846FFF768F935E004F08000802808D104F077
:207340007F0000EB800105F1140000EB810007E004F07F0000EB800105F5AA7000EB810086
:2073600080460CB1802C03D1002088F80E000CE021462846FFF720FC20B1012088F80E0009
:2073800003E009E0002088F80E00022208F10E012846FFF750F904E039462846FFF732F9A8
:2073A00000BF00BF04E039462846FFF72BF900BF00BF04E039462846FFF724F900BF00BF84
:2073C0004846BDE8F0872DE9F04105460E460027307800F0600030B1202802D0402840D18A
:2073E00000E000BF00BF95F89C02012804D0022803D003282ED101E000BF00BF30790128AF
:2074000023D831792846FFF7E2F80446FF2C14D09CB905F52E7050F82400806858B1C5F829
:20742000D44205F52E7050F824003146826828469047074602E0032700E00327F08840B9B8
:207440003FB92846FFF709F903E031462846FFF7D9F804E031462846FFF7D4F800BF00BF36
:2074600004E031462846FFF7CDF800BF00BF3846BDE8F08170B504460B46224619785878ED
:2074800001282CD140F61C0080581D7805F00F060125B540ADB2284340F61C05A85002F5D2
:2074A000106000EB4110006800F40040F0BB1889C0F30A001D7940EA854040EA815040F0CB
:2074C000805040F4004002F5106505EB41152D68284302F5106505EB411528602DE040F639
:2074E0001C0080581D7805F00F060125B540144E06EA0545284340F61C05A85002F5306001
:2075000000EB4110006800F4004078B91889C0F30A001D7940EA854040F0805040F400400B
:2075200002F5306505EB41152D6800E005E0284302F5306505EB41152860002070BD00000D
:207540000000FFFF01460A464FF410608058C30ADB024FF41060835040F60400805840F495
:20756000807340F6040083500020704770B503460C4619461D6C1848854209D94FF43060B0
:20758000405800F00040B0F1004F01D1002070BD0026C1F8106BD1F8100B40F40026C1F8C3
:2075A000106BD1F8100B40F01806C1F8106BD1F8100B40F0C046C1F8106B012C09D1C1F8DC
:2075C000142B4FF43060405840F080264FF4306046500020DBE700000A30544F30B50446D4
:2075E0000B4622461978587801281ED102F5106000EB4110006820F4001502F5106000EBD3
:20760000411005601879032802D0187902282AD102F5106000EB4110006840F0805502F569
:20762000106000EB411005601DE002F5306000EB4110006820F4001502F5306000EB411025
:2076400005601879032802D0187902280BD102F5306000EB4110006840F0805502F53060E9
:2076600000EB41100560002030BD30B504460B46224619785878012821D102F5106000EBA6
:207680004110006800F0004060B959B102F5106000EB4110006820F0804502F5106000EBAC
:2076A0004110056002F5106000EB4110006840F4001502F5106000EB4110056020E002F5C1
:2076C000306000EB4110006800F0004060B959B102F5306000EB4110006820F0804502F52C
:2076E000306000EB4110056002F5306000EB4110006840F4001502F5306000EB41100560BD
:20770000002030BD2DE9F84381460E4690464D463478707801287DD1306920BB05F510609E
:2077200000EB44100069E649084005F5106101EB4411086105F5106000EB4410006940F4CF
:20774000002105F5106000EB4410016105F5106000EB44100069C10CC90405F5106000EBFC
:20776000441001616FE005F5106000EB44100069C10CC90405F5106000EB4410016105F553
:20778000106000EB44100069CD49084005F5106101EB4411086194B9B1683069884201D9BB
:2077A000B068306105F5106000EB4410006940F4002105F5106000EB4410016135E0B16880
:2077C00030690844401EB0FBF1F087B205F5106000EB44100069BA49C94301EAC741084342
:2077E00005F5106101EB44110861307901281CD105F5106000EB4410006920F0C04105F598
:20780000106000EB4410016105F5106000EB4410006900E099E04FF0C04101EA47710843BE
:2078200005F5106101EB4411086105F5106000EB441000693169C1F31201084305F510610A
:2078400001EB44110861B8F1010F36D1F06928B105F5106000EB4410F16941613079012815
:207860001ED140F60800405900F4807060B905F5106000EB4410006840F0005105F5106049
:2078800000EB441001600BE005F5106000EB4410006840F0805105F5106000EB4410016041
:2078A00005F5106000EB4410006840F0044105F5106000EB44100160FEE005F5106000EB05
:2078C0004410006840F0044105F5106000EB44100160307901280FD030690028ECD040F609
:2078E00034004059317801F00F0201219140084340F634014851DFE040F60800405900F444
:20790000807060B905F5106000EB4410006840F0005105F5106000EB441001600BE005F5DD
:20792000106000EB4410006840F0805105F5106000EB44100160CDF80080308A83B2327847
:207940004846F16800F06EFAB6E005F5306000EB44100069C10CC90405F5306000EB4410BD
:20796000016105F5306000EB441000695449084005F5306101EB4411086104BB306908B148
:20798000B0683061B068306205F5306000EB44100069316AC1F31201084305F5306101EB3E
:2079A0004411086105F5306000EB4410006940F4002105F5306000EB4410016143E030699B
:2079C000D0B905F5306000EB44100069B168C1F31201084305F5306101EB4411086105F592
:2079E000306000EB4410006940F4002105F5306000EB4410016126E0B16830690844401E6D
:207A0000B0FBF1F087B2B0687843306205F5306000EB441000692A49C94301EAC74108434D
:207A200005F5306101EB4411086105F5306000EB44100069316AC1F31201084305F53061A7
:207A400001EB44110861B8F1010F07D1F06828B105F5306000EB4410F16841613079012824
:207A60001ED140F60800405900F4807060B905F5306000EB4410006840F0005105F5306007
:207A800000EB441001600BE005F5306000EB4410006840F0805105F5306000EB44100160FF
:207AA00005F5306000EB4410006840F0044105F5306000EB441001600020BDE8F8830000B6
:207AC000FFFF07E078B503460024009400201A464C78012C35D10C7802F5106505EB4414E4
:207AE000246804F00044B4F1004F60D10C7805EB4414246844F000660C7805EB4414266059
:207B00000C7805EB4414246844F080460C7805EB4414266000BF009C641C009442F2107599
:207B2000009CAC4201D901200AE00C7802F5106505EB4414246804F00044B4F1004FEAD02C
:207B400035E00C7802F5306505EB4414246804F00044B4F1004F2AD10C7805EB44142468AD
:207B600044F000660C7805EB441426600C7805EB4414246844F080460C7805EB4414266075
:207B800000BF009C641C009442F21075009CAC4201D901200AE00C7802F5306505EB4414F6
:207BA000246804F00044B4F1004FEAD000BF78BD08B502460020009000BF0098401C009067
:207BC0000098B0F1706F01D9032008BD106900F000400028F1D000200090202040EA81108E
:207BE000106100BF0098401C00900098B0F1706F01D90320E9E7106900F020002028F1D05A
:207C00000020E2E710B501460B4640F60804E45804F006020AB9002006E0022A01D0062AAE
:207C200001D1022000E00F2010BD0146486900F00100704701460B4640F61800C258001DB7
:207C4000C058024090B2704701460B4640F61800C258001DC0580240100C704770B502461A
:207C600013464FF40166F45840F63406F55801F00F0625FA06F606F0010644EAC61403F5DA
:207C8000106606EB4116B66806EA040070BD10B50246134603F5306404EB4114A06840F673
:207CA0001404E458204010BD014648698A69104070472DE9F04104460D46274628464FEA59
:207CC000920C02F0030300210AE04FF4805858F80780C0F80080401C401C401C401C491C04
:207CE0006145F2D39BB100214FF4805858F8076000BF4FEAC10826FA08F880F80080491C9C
:207D0000401CA3F101081FFA88F3002BF1D1BDE8F08110B502460B461146D1F8000820F439
:207D2000FE60C1F80008D1F800084FF4FE6404EA03142043C1F80008002010BD30B503466A
:207D40001446022C49D12D48814204D32C48814201D20F2245E02A48814204D329488142D2
:207D600001D20E223DE02748814204D32648814201D20D2235E02448814204D3234881425E
:207D800001D20C222DE02148814204D32048814201D20B2225E01E48814204D31D4881427A
:207DA00001D20A221DE01B48814204D31A48814201D2092215E01848814204D31748814296
:207DC00001D208220DE01548814204D31448814201D2072205E0062203E00CB9092200E0E7
:207DE0000922D86820F47050D860D8684FF4705505EA82252843D860002030BDC0ACD8003A
:207E0000C0E1E4000024F40080730601A0491A01002D310140A44C0100366E0120ABA60120
:207E20000048E8012DE9F04304460D461E46DDF81CC0A0462946BCF1000F12D1F01C870887
:207E400000230CE0D1F8009008F5805000EB0230C0F80090491C491C491C491C5B1CBB4280
:207E6000F0D30020BDE8F08310B503460C46194644F4807200BF4900520002F4807000B12D
:207E8000491C01F4803010B141F22100414002F480300028EFD088B210BD00BFFEE700000A
:207EA00002480068C0F30220704700000CED00E010B5002804DB0A07130E054A135406E011
:207EC0000A07140E034A00F00F031B1FD45410BD00E400E018ED00E0F9F724FEFEF7BCF98C
:207EE000FDF7DAFDFDF73AFDFDF7E8FEFDF708FFFDF776FEFDF7DCFCF8F784FB00BFFEE771
:207F00004FF04070E1EE100A70470006101600061016000000000000000001020304060763
:207F20000809000000000102030400004C7F0008000000204C00000014020008987F0008AA
:207F40004C000020041800003002000800000000000000000000000000000000000000005F
:207F6000000000000000000000000000000000000000000001000000000000000000000000
:187F8000000000000000000010000000010000000024F40000000000C0
:020000040802F0
:2000000030FF042009030208E19603086F7D0308DD960308690E02081DB203080000000025
:20002000000000000000000000000000159C030891F2020800000000E396030831A4030813
:20004000230302082303020823030208230302082303020823030208230302088DF30208C6
:20006000A5F3020801F4020819F4020823030208EDED0208F9ED020899EF02089DEF02089C
:20008000DDEF0208E9EF0208350C02082303020823030208230302082303020871F402082E
:2000A000DDA70308230302082303020823030208D5AB03082303020823030208817D03082D
:2000C000757D03082303020823030208230302082303020889B103082303020823030208BE
:2000E000B5F20208E5960308230302082303020823030208E1AB03082303020831F0020847
:200100002303020823030208230302082303020859AF03082303020823030208230302087C
:20012000C5F00208C9F0020835F1020839F102082303020823030208230302082303020819
:20014000230302082303020823030208230302087DF1020881F10208C1F10208CDB10308A6
:2001600023030208230302082303020823030208230302082303020800000000000000005F
:2001800023030208230302082303020823030208230302082303020800000000230302080F
:2001A00023030208230302080000000000000000230302080000000000000000230302087F
:2001C00023030208230302082303020823030208230302082303020800F002F800F06AF8C3
:2001E0000AA090E8000C82448344AAF10107DA4501D100F05FF8AFF2090EBAE80F0013F0FD
:20020000010F18BFFB1A43F001031847BC020200DC0202000A444FF0000C10F8013B13F0CC
:20022000070408BF10F8014B1D1108BF10F8015B641E05D010F8016B641E01F8016BF9D1C3
:2002400013F0080F1EBF10F8014BAD1C0C1B09D16D1E58BF01F801CBFAD505E014F8016BF6
:2002600001F8016B6D1EF9D59142D6D3704700000023002400250026103A28BF78C1FBD8BE
:20028000520728BF30C148BF0B607047632900F0DC83732900F0E183002070471FB51EF080
:2002A000C0FB9DE8030000F05FFB00F00CFA1FBD10B510BD00F03CFC1146FFF7EFFF1DF0DD
:2002C00007F800F05AFC03B4FFF7F2FF03BC00F08BFC00000B49D1F800C04A685CF8043BE3
:2002E0001068184442F8040B8C4528BFA1F1DC0C8A4228BFA1F1DC02C1F800C04A6020F059
:20030000004070475C3601200948804709480047FEE7FEE7FEE7FEE7FEE7FEE7FEE7FEE75B
:20032000FEE7FEE704480549054A064B70470000CDA70308D901020830F7042030FF042001
:2003400030FB042030FB042070B5064600F0F0FA056806F10B0020F00704B4429CBF0020B9
:2003600070BD2B466A68BAB11068A04210D304F1080188423CBF5068586007D35168101976
:2003800041601168091B016058601460101D70BD13465268002AE7D12146284600F0D0FAB4
:2003A0000028DED170BD70B50446051F00F0C0FA0068002C14BF446870BD002C18BFAC42CB
:2003C0003CBF20466468F8D301680A18AA4218BF456003D12A6805461144016028684119E1
:2003E000A1421CBF6C6070BD6168696021680844286070BD53EA020C00F069802DE9F04BB5
:200400004FF00006002B1FBFB3FA83F503FA05F424FA05F65E4012BF1643B2FA82F502FA73
:2004200005F4C5F120051EBF22FA05FC44EA0C04203556EA044C4FEA144418BF641C4FF0A4
:2004400000084FF00009904271EB030C39D3002919BFB1FA81F701FA07F6B0FA80F700FACC
:2004600007F6C7F120071EBF20FA07FC46EA0C062037B6FBF4FCA7EB0507103F07F01F0B5E
:20048000CBF120060CFA0BFB2CFA06F644BFB3460026202FA4BF5E464FF0000B5BEA060C33
:2004A00008BF4FF0010B19EB0B09ABFB027C48EB0608C01B06FB02CC0BFB03CC71EB0C01C5
:2004C000C1E70B46024641464846BDE8F08B13B54FF000004FF00001AFF30080BDE81C403C
:2004E0007047B2F120030AD5C2F1200301FA02F120FA03F300FA02F041EA0301704700FA00
:2005000003F14FF0000070470FB41CB50C0007AA009001D02044401E074B7B44694601902C
:20052000069800F068FA002C03D06946002000F075FA1CBC5DF814FB0905000070B50C46DD
:200540000546012A05D02878800600D5EA69002302E0012305E05B1C934202D2E05C002870
:20056000F9D1A869E618C01AA861286A184428622846AFF3008004E0D5E9012114F8010BDB
:200580009047B442F8D32846AFF3008070BD2DE9F0474FF0000A89460446C0F820A0204679
:2005A000E1688847002876D0252806D0D4E901219047206A401C2062F1E7E16820460025C8
:2005C0008847C4F81CA006460027C4F818A02A2E09D030461CF044FD38B304EB8708303E22
:2005E000C8F8186019E059F8041B204604EB87029161E1688847012F064618D1E06900289C
:2006000020DA25F020051DE0D8F8180000EB800006EB40003038C8F818002046E168884767
:2006200006461CF01DFD0028EED1012F0AD02E2E08D12046E16888477F1C0646022F45F057
:200640002005C4DBA069002803DA404245F00105A061E80701D025F01005B6B1A6F14100E1
:20066000192802D8203645F400654A463146204625604D46FFF70AFE58B1012806D0ED1DD6
:2006800025F0070000F1080989E704E005F1040985E730468AE7206ABDE8F0870B4910B5D3
:2006A000A1F17C020A4CC2E93712372106E000EB104342F82130074B00FB03400B1EA1F18E
:2006C0000101F4DC10BD0120E8E70000FC350120E119D666CD0D010010B5431C02E010F81A
:2006E000011B71B18107FAD14FF0013202C88C1A8C4314EAC211F9D0C01A0A0603D0C01E83
:2007000010BDC01A10BD0A0401D0801E10BD0902FCD0401E10BD032A40F2308010F0030CFB
:2007200000F0158011F8013BBCF1020F624498BF11F801CB00F8013B38BF11F8013BA2F15C
:20074000040298BF00F801CB38BF00F8013B11F0030300F06780083AC0F0088051F8043B6D
:20076000083A51F804CBA0E80810F5E7121D5CBF51F8043B40F8043BAFF30080D20724BF7C
:2007800011F8013B11F801CB48BF11F8012B24BF00F8013B00F801CB48BF00F8012B704746
:2007A000431A28BF9A427FF6B6AF032A1044114440F2268010F0030F1EBF11F8013D521EEB
:2007C00000F8013D10F0030F7FF4F6AF11F0030300F05A81083AC0F00B8051F8043D083A9E
:2007E00051F804CD40F8043D40F804CDFFF7F3BF121D5CBF51F8043D40F8043DAFF3008046
:20080000D20724BF11F8013D11F801CD48BF11F8012C24BF00F8013D00F801CD48BF00F8E3
:20082000012C704710B5203AC0F00B80B1E81850203AA0E81850B1E81850A0E81850BFF48B
:20084000F5AF5FEA027C24BFB1E81850A0E8185044BF18C918C0BDE810405FEA827C24BF7E
:2008600051F8043B40F8043B08BF7047D20728BF31F8023B48BF11F8012B28BF20F8023B5D
:2008800048BF00F8012B704702F0FF0343EA032242EA024200F002B84FF000020429C0F0F8
:2008A000128010F0030C00F01B80CCF1040CBCF1020F18BF00F8012BA8BF20F8022BA1EB4E
:2008C0000C0100F00DB85FEAC17C24BF00F8012B00F8012B48BF00F8012B70474FF0000282
:2008E00000B5134694469646203922BFA0E80C50A0E80C50B1F12001BFF4F7AF090728BF1F
:20090000A0E80C5048BF0CC05DF804EB890028BF40F8042B08BF704748BF20F8022B11F03A
:20092000804F18BF00F8012B7047704770477047004870476C360120704770477047704773
:2009400038B504460A4600206946AFF30080002808BF38BD02460099204600F0C7F8012024
:2009600038BD012000F0DCB8F8B5AFF30080054600200C46102000BF0646A819A0420DD98D
:20098000324669460020AFF30080070008BF00F0C7F80098A04218BF0546C419FFF7C8FF3B
:2009A00005600746F01D20F007004619284600F00AF8B44208BFF8BDA21B31463868BDE8B7
:2009C000F84000F093B800210160C0E9011070471020704710B500F085F8006810BD10B59E
:2009E000044600F07FF8046010BD000001694A1C02610878704700B58FB0CDE901310021AE
:200A0000059105497944CDE9031011466846FFF7BEFD0FB000BD0000E5FFFFFF0A6802F8EC
:200A2000010B0A607047D1E900239A4202D2531C0B601070704710B5436913B1AFF3008094
:200A400001E0FFF77BFD012010BD127800F124010A7000224A700122EDE711684FF0FF3283
:200A6000E9E7431A28BF9A427FF6DCAE104410F0030F11441EBF11F8013D521E00F8013D02
:200A800010F0030F7FF4F6AF103AC0F00A8010B531E91850103A20E91850BFF4F9AFBDE8A6
:200AA0001040530724BF31E9081020E9081044BF51F8043D40F8043D12F0030F08BF7047BE
:200AC000D20728BF31F8023D48BF11F8012C28BF20F8023D48BF00F8012C70470048704791
:200AE000643601200048704764360120034640688C46002818BF88423CBF03464068F8D33E
:200B000018681844884207D00CF1030020F00700001D411A521A0146081D0A60FFF743BC92
:200B200010B500F039F8BDE8104000F02FB870477546FFF7D3FFAE4605006946534620F078
:200B40000700854618B020B5FFF7ECFBBDE820404FF000064FF000074FF000084FF0000B28
:200B600021F00701AC46ACE8C009ACE8C009ACE8C009ACE8C0098D46704710B50446AFF3BB
:200B800000802046BDE81040FFF79DBB002801D000F02AB87047000010B5012805D00021C6
:200BA00003A000F027F8012010BD09A1F8E7000053494752544D454D3A204F7574206F661D
:200BC0002068656170206D656D6F7279000000003A2048656170206D656D6F727920636F1B
:200BE000727275707465640001491820ABBEFEE72600020070B505460C460A2000E06D1CA2
:200C000000F011F835B128780028F8D102E0641C00F009F814B120780028F8D1BDE870406E
:200C20000A20AFF3008008B569468DF800000320ABBE08BD104810B50268002111600168A4
:200C40008A6822F001028A600068C06B46F2207180B2A0FB010147F6FF72801841F10001FF
:200C60004FF6FF720023FFF7C5FB0146BDE8104002480CF071BF0000DC2A0120A4B900208F
:200C8000464910B54A6822F440324A604A6843681A434A6001684A6822F480724A60016882
:200CA0004A68036942EA03224A6001684A6822F040724A6001684A6883681A434A6001681C
:200CC0008A6822F400628A6001688A68C3681A438A60816A6FF07062D14201688A6822F057
:200CE00070628A6001688A680CD0836A1A438A6001688A6822F040528A6001688A68C36A5C
:200D00001A4301E022F040528A6001688A6822F002028A6001688A68037E42EA43028A6075
:200D200090F82010002901684A680FD042F400624A6001684A6822F460424A6001684A68FE
:200D4000174C436A04EB43331A4301E022F400624A600168CA6A22F47002CA620168CA6AD0
:200D6000838B104C04EB03531A43CA6201688A6822F400728A6001688A6890F8303042EAFF
:200D800043228A6001688A6822F480628A6001688A68406942EA8020886010BD00230140DE
:200DA00000E0FFFF0000F0FF18B50023009303098DF8003000F00F008DF8010000206C46CB
:200DC000235C0A2B01D2303300E037330B54401C0228F5DB02201080002018BD1E4C08B55C
:200DE000656810F09BFD0FF009FA4FF0E02100200861486188611948016841F02061016054
:200E000072B60020421E810001F1E021C1F88021C1F88022401C0828F5D31148016841F4B6
:200E200080410160006800F4804000900D48016821F003010160016841F001010160074864
:200E4000001D0460BFF34F8FBFF36F8F206880F3088862B6A847FEE70000FF1F04ED00E06B
:200E600044380240003801401AF0F2FAF0B500F12401C06A42088868CB681344CB60CB683E
:200E8000834206D3CB68CC68B3FBF0F303FB1043CB60002301EB830505F1200454E8006FE4
:200EA000164444E80067002FF8D12C6A844204D928620C6844F400740C605B1C032BE9DB95
:200EC000F0BD00002DE9F04F85B015461C460A460646DDE91010DDE90E733762C6E90341C9
:200EE000C6E901250246B37706F124001CF026F96648DFF89C91006A38B1006828B1B9F86E
:200F0000940201281DD002281BD000208046002D7ED0DFF880A128684FEA074BF0B3F7B34F
:200F20000EF00EFDB8F1000F0ED05B4A2968914201D0514508D1B9F894125848022902D0D5
:200F400002E00120E2E75648B0FBFBF1491C07FB01F2B0FBF2F0491E69600021401EC5E94C
:200F600002102846296111F0C7FE4B492868884201D050452DD14B4A904215D0B0F1804F93
:200F800012D0494A90420FD088420DD0474988420AD0504508D04649884201E019E016E0BA
:200FA00002D04449884214D114216846FFF796FC5FEA080000D00720009000200190694680
:200FC000284612F08CFB20B10EF0A4FA01E00020B060ECB12068D8B1F7B30EF0B1FCB8F1F0
:200FE000000F0BD02C4A2168914201D0514505D1B9F894122948022900D14010B0FBFBF14D
:20100000491C4F43B0FBF7F0491E0025401E00E038E06160C4E902502046256111F06CFE4E
:201020001D492068884201D050452BD11D4A904214D0B0F1804F11D01B4A90420ED0884249
:201040000CD01A49884209D0504507D01849884204D01849884200E012E013D1142168467F
:20106000FFF73CFC5FEA080000D00720CDE900056946204612F033FB20B10EF04BFA01E005
:201080000020F06005B00020BDE8F08FC0A50020F89E002000040140000800400088130084
:2010A00000C409000000014000040040000C0040004001400018004038B1406828B10068E7
:2010C00018B18168C90703D018E04FF0FF307047816841F0010181600B490C4A0968B1FBDA
:2010E000F2F1102901D20F2105E0B1F5006F03D900BF40F2FE7100BF491EFCD2816841F489
:201100008001816000207047D0050020400D030030B54FF0FF33A0B14168096889B1002234
:201120004CF250340FE08D68ED070AD01546521CA54208D9086820F0080008606FF001005A
:2011400030BD184630BD0D686D07ECD5CA6B82820A6CC2824A6C02838A6C4283086820F044
:201160000C000860002030BD00BF704778B505004FF0FF361BD0686801688868C0070AD11C
:20118000886840F0010088600020009000BF401C00900A28FADB00242846FFF7B9FF00287C
:2011A00006D02846FFF788FF641C032CF4D3304678BD000010B50446006A00286DD0204609
:2011C000FFF7D2FF61684FF488500968486060680068816840F2011211438160E068016807
:2011E00001B9A068006A0068016821F00101016000E000BF0168C907FBD1294981602169FD
:20120000C160E16A49084160A1680A68D2B300215162A2681268136923F001031361E268C7
:20122000126842B15162E16809680A6922F001020A61E16800E0A1680968CA6842F48072E4
:20124000CA60016841F019010160A168154A0868904204D1016A41F4805101620CE0124AB4
:20126000904210D1016A41F001010162A0680068416C41F400414164A0680068016841F078
:201280000101016002E0084611F0C2FEE068006818B1016841F001010160002010BD000097
:2012A0004C200140000800400000014010B5040016D06068A0B1006890B1A06800F03AF85D
:2012C000E06820B1A168884201D000F033F8616801B3E06838B102682AB1006A58B902E0E6
:2012E0004FF0FF3010BDA06818B102680AB1006A08B9886B70B1006860B1016821F0180172
:201300000160016821F00101016000E000BF0168C907FBD1606800688168054A1140816051
:2013200060680068016821F01E010160002010BDFEFEBFBF00281CD00168002919D0CA685B
:2013400022F48072CA6001680A6822F001020A60084A0168914203D10A6A22F4805205E05E
:20136000054A914203D10A6A22F001020A6211F0CBBE70470008004000000140002903D0BC
:201380000844401E491E884370472DE9FF4F81B01F461546040010D000F0BEF904F58A71E6
:2013A0000091029800F012FC060009D0204601F005F9304605B0BDE8F08F4FF0FF30F9E733
:2013C000D4F81401416B006B00F099FD00287ED0D4F81401C16B806B00F091FD002876D035
:2013E000D4F81401416C006C00F089FD00286ED0D4F8140100F0AFF9002869D0002D67D0D9
:20140000874265D305EB07080027C4F80C71D4F814112E46B946886D60B34D6D2021FFF70F
:20142000ADFF0746B54253D305EB070AC2454FD8D4F81411C86DFF2804D98A6DC969831879
:201440008B4205D9204601F0B9F86FF00300B1E7D4F81C1101EB000B11462846FFF71CFA1E
:20146000D4F814015946826D2846FFF754F9A81B07445546D4F81401406B90B12021FFF79F
:201480007DFF284440455CD8C4F8DC50D4F814110546871B4A6BC4F8E020096BC4F8E41050
:2014A00005E0C4F8DC90C4F8E090C4F8E490D4F81401C06BA8B12021FFF760FF28444045D7
:2014C0003FD8C4F80051D4F81411CA6B01E03EE037E0C4F80421896B0546871BC4F8081115
:2014E00005E0C4F80091C4F80491C4F80891D4F81401406C90B12021FFF740FF28444045DF
:201500001FD8C4F8F450D4F814110546871B4A6CC4F8F820096CC4F8FC1005E0C4F8F4900A
:20152000C4F8F890C4F8FC90D4F8DC0078B1D4F8F40060B1D4F81401A8EB0506C06A86420C
:201540000BD2204601F03AF86FF0040032E7204601F034F86FF007002CE72021FFF70EFF69
:2015600000EB070804F59870814600F01DFA482104F5B270FFF7B2F9D4F81401476917F4E1
:20158000706F03D1029900F04EFB07434FF00110E4E959074946C4E9025654F8880C206108
:2015A00054F8840C606154F8640CA06154F8600CE06154F8700C206254F86C0C606244F8CC
:2015C000588CA4F5B274009800F04AFA050004D0204600F0A1F82846ECE601206080002073
:2015E000E8E600002DE9F05F434A4FF000084FF0FF3610684149884204D04149884278D133
:20160000002700E001274FF0000B91461046C2F820B0C2F818B0C2F81CB052688568394C66
:20162000022A02D36FF0010054E06FF0040A102D10D807B175B10121104600F0DBFED0BBD9
:20164000D4F8DC0040B1D4F8F41029B1D4F8E010A94204D250463DE04FF0FF303AE0FFF799
:201660001BF9F4E93D01FFF717F9E068F43C18B1D4F80411FFF710F957B11F48D4F8DC10ED
:20168000243003E010F8012B01F8012B6D1EF9D21C4801F0ADF8060000D40020D4F8F8802C
:2016A000B8F1100F01D94FF01008134943463431D4F8F42004E00DE012F8015B01F8015B7B
:2016C0005B1EF9D2B8F1040F04D3D4F8F4100968C9F81C10C9F80C00C9F81060D4F810012A
:2016E000C9F81400C9F818800748C9F82000C9F800B0BDE8F09F0000C836012049414543B6
:201700004B4F4D53ACBC0020434541490149086070470000C436012010B504000ED06088E2
:20172000012806D1D4F8140118B104F58A7000F016F92046BDE8104000F040BF10BD0128CD
:2017400005D0022802D0032803D000207047042070470120704770B5040019D02021606B12
:20176000FFF70CFE05462021E06BFFF707FE05442021606CFFF702FE05442021A06DFFF7BE
:20178000FDFD05442021E06AFFF7F8FD284470BD002070BD10B500F0D7FC40B90548016873
:2017A000491C01D1007D10B14FF4803010BD002010BD00008802002070B500B10120134C07
:2017C0000025207560B100F0BFFC70B1104801F03CF80F48FFF7A0FF25756FF0070012E017
:2017E0000B4801F032F8256104E02068401C05D000F0CCFDBDE8704000F044BF044801F01A
:2018000024F86FF001002061F4E7000088020020ACBC002030B5184CC1B00546022802D3BA
:201820006FF0010005E01548B0F8520018B16FF00700206105E06A46284600F030F92061BF
:2018400020B1284600F0E3FE41B030BD2068A84208D109484FF4807269461830FEF7E2FFFC
:2018600000F094FD284600F0D2FE2068A842EBD100F008FFE8E700008802002008290020CA
:2018800070B50546144C4FF0FF3604F11800FF2D03D0022D08D3700018E04FF480712660CC
:2018A000FFF71CF8002005E00146284600F0FCFA40B126602061094800F0C7FF0748FFF73A
:2018C0002BFF04E0217D284600F094FD2061BDE8704000F0D7BE000088020020ACBC0020E0
:2018E00010B500F031FC00280ED0084800F0ADFF0648FFF711FF06480168491C02D06FF073
:20190000070101610021017510BD0000ACBC00208802002001F0010252420A4203D0FF29F8
:2019200001D9814202D36FF0030070470020704730B5002A0FD0084C11F8013B5840002303
:20194000C50702D084EA500000E040085B1C082BF6D3521EF0D130BD2083B8ED704718B1AA
:201960008069002802D000474FF0FF30704708B5694600F05BF810B16FF0010008BD0098EB
:2019800003C80DF01FFE0028F8D06FF0050008BD012805D0022802D0032803D0002070477A
:2019A000042070470120704710B504000DD03421FEF794FF4FF001102060012060600348F5
:2019C000A0600348E0600348206110BD2D070308410203085D19020818B1012804D00020F0
:2019E00070474FF4805070474FF490507047002809D0806811B1096901B10846012803D073
:201A0000022804D0002070474FF4807070474FF40060704708B5694600F008F808B1002078
:201A200008BD009803C8081A401C08BD09B1022802D36FF001007047034A00EB400002EB06
:201A40008000086000207047C8EF030808B56946FFF7ECFF08B1002008BD0098006808BD55
:201A600010B58EB0040004D02069002803D021B107E04FF0FF300EB010BD6846FFF794FF1E
:201A800069460868B0F1011F02D14868012802D06FF00700EFE7226908469047EBE72DE914
:201AA000F74FADF5427D0C46C0A9C298FFF7BEFF00280DD1C2981CB9FFF78EFF04000BD020
:201AC0006946204612F042FC6FF0020B38B158460DF5457DBDE8F08F6FF00100F8E74FF454
:201AE0008072694680A8FEF79DFE80A8C29900F0E1F80028ECD1C298FFF739FF0028E7D1F4
:201B0000C098879E4FF0FF39D0F800A006F2FF10470A00252EE045B16019694612F016FCAC
:201B200018B1C09800F040F8D1E74FF40070864200D8304680461DB102466946484606E0DC
:201B4000B8F5807F06D9A8F58072484640A9FFF7EFFE81464246694650460DF0E3FD28B1C7
:201B6000C09800F021F86FF00500B1E7C244A6EB08066D1CBD42CED393996FEA09008142E9
:201B800005D0C09800F010F86FF00600A0E7C499C29800F089F9040004D0C09800F004F8EF
:201BA000204695E7002093E71CB500210091019148B10068082269460DF0B4FD002801D0B3
:201BC0006FF005001CBD4FF0FF301CBD38B50C00054623D06946FFF729FF00281DD1002146
:201BE000284600F061F9002817D100980168C4E9001500980268A2604268E2600A6A0AB13B
:201C000003681A44226102684B6A1A446261896A39B100680844A061002038BD4FF0FF3023
:201C200038BD0020F7E738B50A46040004D069461046FFF7FBFE08B1002038BDA08A10F4AC
:201C40007060FAD121460098FFF7D1FE38BD30B450B149B142693AB10B68B3F1011F06D0AE
:201C60006FF0070030BC70474FF0FF30FAE78B686FF00404CBB10068CB68C56AAB4214D398
:201C8000436B23B10D6985B14D699D420DD3C36B23B18D694DB1CD699D4206D3406C30B130
:201CA0000B6A13B14B6A834201D22046DAE730BC084610472DE9F04FC1B00D46040016D0E3
:201CC00040A92846FFF7B2FE002812D14098724E724BD0E90021891A01F10108D4E9002151
:201CE000724059406FF003090A4371D104E04FF0FF3041B0BDE8F08FA1686FF00706012999
:201D000069D1E168B1F1011F65D1A16C012962D1216911B18068814264D1207DC00757D027
:201D200029462046FFF77FFF054621464098FFF75EFE4FF40067B84201D14FF460600542BE
:201D400050D0681E05424DD14FF4007B4FF4807A5D4504D0B5F5806F01D0BD421ED1206B24
:201D6000FFF716FE98B3616B89B3B1FBF0F200FB121272BB5D4502D100EB400006E0B5F5FC
:201D8000806F09D0BD4209D100EBC000B1FBF0F200FB1210E8B906E0C000F7E7554502D1BA
:201DA000606E40283DD2E06B0028A06B12D0FFF7EFFD60B1E16BB1FBF0F200FB121232B9A7
:201DC000C000B1FBF0F200FB121010B905E002E049E026E008B130468BE74099A0690968E5
:201DE000884202D06FF0010083E7E069FF2818D9404516D8A16D0546B1B1294A636D1A444D
:201E0000B2F5703F2FD2E56DFF2D2CD985422AD25A18934205D8234B9A4202D829448142AD
:201E200006D96FF0040064E7616DE1B9E16DD1B9616AFFF76FFD0028CED1606AA84212D249
:201E4000216A09B1A9420ED2A06A08B1A8420AD219B1E069FFF75EFD28B9A16A29B1E06976
:201E6000FFF758FD08B1484643E75546524621466846FEF7D7FC002014902A466946401E55
:201E8000FFF756FD216DC043814202D06FF006002FE700202DE70000474D49413233454319
:201EA000804BFFDF80740420F8B50D4606466946FFF7BCFD002818D10098314604682046C5
:201EC000FFF7F8FE002810D10098E26901684FF0FF3001F58071A2F58072FFF729FDE16C7A
:201EE000C043814202D06FF00600F8BD2DB14FF4807221462846FEF795FC0020F8BD00B538
:201F000051B100280AD0FFF71AFC30B1B1FBF0F200FB121008B902E008B1002000BD0120CB
:201F200000BD000002480078C0F3400070470000ACBC002070B5040022D0FFF72BFC024670
:201F4000B0F5703F00D900224FF470300D4D00590119E960C5E901120B481BF0EFF80B48E0
:201F6000844207D1D5E9010108440949884201D8012000E000206875BDE8704000F006BABF
:201F800070BD00008802002058BE002080B4002080740420002903D00844401E491E8843F0
:201FA000704700002DE9F04105002DD01948417D51B3D0E901400619A86D6FF0040750B165
:201FC000696D08442021FFF7E5FF696DA1421ED3B0421CD804462021686BFFF7DBFF0444BE
:201FE0002021E86BFFF7D6FF04442021686CFFF7D1FF04442021E86AFFF7CCFF2044B0426D
:2020000005D80020BDE8F0816FF00700FAE73846F8E700008802002070B504462021FEF7BA
:202020003BFC3048314D008820802F48C1896180018AA180418AE1800189218141896181F9
:202040008189A1810188E1814188218280886082D5F800034FF6FF71A0FB010140F6E44295
:202060005310C018002641F100013346FEF7C2F91F4BA082E68293ED000A1E4910EE100AA6
:202080009FED1D1ADFED1D0A4FF04742884202DDB0EE410A05E010EE100A904201D9B0EEE9
:2020A000600ABDEEC00A10EE100A208393ED010A10EE100A884202DDB0EE410A05E010EE6E
:2020C000100A904201D9B0EE600ABDEEC00A10EE100A6083D5F8F802A083D5F8F802000C05
:2020E000E08370BDB40100203CB00020A4B90020D805002000FEFF4600FEFF46000000C7A8
:202100007FB50E4800240294406803904FF48C710B48FEF7E3FB0A48651E012305600094E8
:2021200003AA02A90748019400F0FCFA054800F08CFB04480565C0F810417FBDE0EF0308E4
:2021400088020020ACBC00200448406820B1D0F8B00008B10120704700207047A4B900202B
:202160000AB1084402E000207047801A9042FCD2704712B900207047891A9142FCD28842FE
:2021800001D3401A7047081A101A70472DE9F05F0C465FEA000A93464FF0FF3824D01046B4
:2021A000FFF7CDFA00B3B4FBF0F100FB1141D9B9B4FBF0F5DDB372B62849CB682848C768B1
:2021C0008A68866862B6896B71B1806B60B1402A0AD3402E08D32348006828B12248D0F887
:2021E0001401446E402C02D34046BDE8F09F40211846FFF7BEFF8146324640213846FFF797
:20220000B8FF202C01D2154E00E0154E02D300BFA4F12004A04600D24846B2684FEA8511C6
:20222000A1F14001FFF7A5FF0746002412E013E007EB4801304600F091F803B222465946F5
:20224000504600F03BF9B26840213846FFF788FF0746641CAC42EBD30020C6E750B00020E8
:2022600094B00020A4B10020ACBC00202DE9FF4F89B00024169D09989A460E46671E60B11E
:20228000BAF1000F09D045B10B98FFF758FA20B1B6FBF0F100FB116119B138460DB0BDE850
:2022A000F08FB6FBF0F62EB37019401EB0FBF5F972B62949C868D1F808B062B6896B19B186
:2022C0005946BBF1200F16D26846FFF7A5FE6F460EE000BFB4FBF5F005FB104122461AF894
:2022E00001000B9937F91030099800F0E7F8641CB442EFD32DE00A462021FFF73AFF4FEA1B
:2023000049115A462039FFF734FF009000201DE000270FE01AF80700009901EB40010E4849
:2023200000F01CF803B222460B99099800F0C6F8641C7F1CAF4201D2B442EBD35A46202115
:202340000098FFF70DFF009008F1010080464845DED30020A2E700001CB1002010B520B129
:20236000826B12B18368022B01D2002010BD8368B1FBF3F003FB1010411CB1FBF3F403FB4F
:202380001411105C515C40EA012010BD70B5174800F05BFA1548FFF7BFF9154C6FF0070547
:2023A0002068401C607D07D020B1A06810B1FFF7CBFE28B1256170BD0028FBD00025F9E7A8
:2023C0000B481830FFF7EEFD28B9D4E9023207482168FEF7DAFF20610028ECD1207D0028DE
:2023E000E9D0BDE87040014800F028BAACBC0020880200202DE9F0470E46284980468946DB
:20240000FFF752FD254C05004FF0FF37A4F1180402D0276025612EE0C4F80080FFF794FE2A
:202420000546607D10B1A06800B185B11C4800F00CFA1B48FFF770F96FF007002061002E93
:2024400003D0002D01D000212175BDE8F0874846FFF7A8FD206130B9D4E902321048216873
:20246000FEF793FF206105000DD04FF4807148462760FEF733FA0A4800F0E7F90848FFF79F
:202480004BF92846E1E7064826B100F0D7F901202075F6E700F0D9F9F3E70000A0020020EC
:2024A000ACBC0020002806D0002904D00A46014601480BF0CDBA7047A4B90020012906D003
:2024C00002290DD0032901D1190A8154704700EE103A00EB8200B8EEC00A80ED000A704704
:2024E00020F8123070470000F8B5324C4FF0FF3005466188012935D1D4F81421002A31D0A2
:20250000D4F8DC1000292DD0D4F8E010002929D0D4F818111046DC34FFF785FB074674E885
:202520003701FEF7B9F90826B7F5807F09D0B7F5007F0DD0B7F5806F15D0B7F5006F10D186
:2025400018E0DC3494E80700DC3CFFF71FFE06E00320DC34009094E80700174B11E0050041
:2025600013D02846F8BDDC34009694E80700124B103306E00920DC34009094E807000E4B01
:202580001833DC3CFFF772FEE9E7D4F8000170B1D4F8041159B1FEF77FF904F580740096D9
:2025A000054B94E807000833FFF760FEF8BD0020F8BD0000ACBC0020E0EF030810B50446BE
:2025C0001C2100F58A70FEF789F9342104F59870FEF784F9482104F5B270FEF77FF900207F
:2025E0009CB104F19C02C4F8DC2003214023C4E93831C4E93F10C4F804015032C4F80801A2
:202600000823C4F80C01C4E93D23608010BD70B5CAB0064628216846FEF760F93046FFF770
:2026200015FA05463046FFF7F5F904460AA93046FFF73AFC18B30021AD228DF800209B222A
:202640008DF801208DF802608DF803100394CDE9010549B1119804900F9805901F98069042
:202660001598079017980890DA208DF824008DF8250026216846FFF715FF4AB070BD01213A
:20268000DAE7000010B588B020216846FEF726F9224900204A7D02B101200A68531C01D0A1
:2026A00040F002000B7D0BB140F004001C4B1C78A40701D540F008005B88012B01D140F0AB
:2026C0001000AD238DF8003099238DF801308DF80200022A01D2D0B200E0FF208DF8030064
:2026E000086901904868029088680D49039001F18000D1F8E0100491806F05900848D0F861
:2027000010010690DA208DF81C008DF81D001E216846FFF7C7FE08B010BD000088020020FE
:20272000ACBC00202DE9F05F9B46DDE90A8615460F4604004FF0FF3A58D0EFB3E5B3FEF7F2
:20274000EBFF20784FF00009C00706D0D4F8E80018B1FDF728FEC4F8E890A4F8009038885B
:20276000A0807888E080288820816888608184F854B0A4F8568000201EB1404501DA315CE9
:2027800000E000212218401C11744028F4DB2046FFF714FF402204F19C0104F158001AF02C
:2027A000CDFC002049462218401C82F89C104028F9DB0020221800E018E0401C82F8EC10A5
:2027C0000828F7DBA08840B1E28832B15043FDF7BBFDC4F8E80048B101E0C4F8E810208878
:2027E00040F0010020800020BDE8F09F5046FBE770B5040002D02078800702D44FF0FF30DE
:2028000070BD0D4E75686088012807D016F065FF7068401BC4F81001206D70BD04F5B2712B
:2028200004F58A70FFF713FA7168491BC4F810110028F2DB206570BD001000E0002803D0F6
:20284000018841F0020101807047002803D0018821F00201018070471FB51B4C206808B137
:20286000002000E001204FF48071CDE90210174B4A00CDE90023164A1649174806F0C8FCDE
:20288000B8B14021104809F0C3FC206BC8B1134913480123828BC06892B2CDE90202CDE996
:2028A000001310481049D0E909231048FEF70AFB1FBD06F0BDFE14220D49074806F0F6FDCC
:2028C000E3E70021E4E70000A4B1002000040240E02F0120242B012024C20020007102006E
:2028E0000CF70420C0A50020DC2A01209CC2002028B000202DE9F0411E4F3878002834D0FF
:202900001D4E0024B6F89402012830D01B4D012185F8F0121A48A5F8044380F88C10C16B2C
:20292000C0E910148464284617F0CAFC08B10CF0F1FD286870B1816B61B1D6F83402884287
:2029400002D0104806F068FF0F48C6F898020D480AF083F807480DA180300A6840F83C2FB5
:202960008988818084713C700120BDE8F0813C700020FAE798010020F89E0020A4B90020D4
:2029800008A60020F86E0020A4B1002043453634585F000070B5002100B10170114AD2E947
:2029A0000243A3421BD9B3F5004F18D9156CA54215D3A3F500439C4211D21A1B0FD02B1BCB
:2029C000934200D9134608B10124047064245008E3FB04010023FDF70DFDC0B270BDFF20FC
:2029E00070BD0000082900202DE9F0418046474886B00025016841F002010160016801F00A
:202A000002010591016841F0040101600068142100F0040005906846FDF760FF4FF48044EF
:202A200001260094CDE90165394F6946384603950DF07CFD6000CDE900060320CDE90250B5
:202A4000694638460DF072FD0122214638460DF068FE3048006808B917F0D0FB2E4CD4F8B9
:202A6000B00218B94FF49640C4F8B00284F8B55228492A4806F0D0FE294805F026FA29482B
:202A800005F023FA2748322227497A38FDF743FEB8F1000F07D064200DF0D2FB1F4805F0D1
:202AA00085FC00B325E01A481830016841F480410160B4F8AC1221F00801A4F8AC1201682C
:202AC00041F000410160B4F8AC0220F08000A4F8AC02D4F8340204F52B740BF073FF208840
:202AE00040F00200208010481438016841F0020101600E48C16841F02001C160C16821F432
:202B00000051C16006B0BDE8F08100003038024000080240F02E0120905C0020902C00205C
:202B200024640020C05F00205402002000100140064810B5016841F0004101600DF0F6FDA8
:202B400042F2107108440249886610BD180802409801002010B50DF0E9FD194941F60C12F4
:202B600052582AB901F54051D1F83812490401D5012200E000221349B1F8521049B9124922
:202B8000D1F8DC3213F0020F03D1D1F8E012890700D001210D4B9B6E0BB1C01A0ED411430C
:202BA00003D0BDE81040FFF7C3BF09480068002804D10848016841F40041016010BD0000C2
:202BC000902C002008290020A4B9002098010020A4B1002018080240F0B5154EADF5017D93
:202BE0000446022821DA4FF4007739466D4601A8FDF774FE0F483A464068009004F19100D6
:202C00008DF80100DA208DF802028DF803020A4800EB4421A81CFDF77EFD3A1D69463046D0
:202C200002F008FB304606F0BAFF0DF5017DF0BD902C002004EE0308A4B5002070B5ADF534
:202C4000816D4FF40075184E2A46184981A8FDF7E9FD174C0DF204422046218A03F09AFE50
:202C6000E068DDF80414401AC59029466C4601A8FDF734FE0F482A4681A900680090DA209D
:202C80008DF802028DF80302A01CFDF744FD2A1D6946304602F0CEFA002802D1304606F0A3
:202CA0007EFF0DF5816D70BD902C0020A4B100200829002004EE03082DE9F04139480068AB
:202CC0003849091D0968C0F3015101EB8101C0F3034202EB4102C0F3023101EB8101C0F33A
:202CE000032303EB4101C0F3021303EB830300F00F0000EB43004FF4616312FB03F2C1EB60
:202D0000011102EB81010C182748D0F8DC02274D10F0020F264E4FF0010001D028743EE035
:202D2000297C0029FAD0E86F201A3044B0FBF6F106FB11004AF6C00188422ED21D48B0F87A
:202D4000AC1240F60842114227D1D0F8381211F4844F22D1A0F50051D1F80C1900291CD123
:202D6000D0F82412002918D1D0F88817002914D1D0F8EC0B002810D10F4807460AF0F8FC74
:202D8000082239460D4805F055FC40B114F10104B4FBF6F006FB1040E867BDE8F0810C3469
:202DA000F6E7000000280040A4B900209801002080510100905C00208A5F0020902C0020D5
:202DC0000848D0F84C0100B90748D0F81011074AB1FBF2F20649A1F89A220089A1F89E0256
:202DE0007047000008290020A4B1002080841E00905C002010B5044600F016F8002C12D00D
:202E0000002810D0017B890702D5416901B12181017B490701D581696160017B090702D519
:202E2000C069C4F8A40010BD10B50748074C084BD0E90021624059400A4302D1816801293A
:202E400000D0002010BD000000C0000847464344323345430C4808B5016841F0805101600F
:202E6000006800F0805000900EF0E6FA074A102107480FF00CF80122112105480FF007F848
:202E80000EF0CEFA002008BD4038024007B032CE782B01200A48416EC26F01EB4101890861
:202EA0008A4204D3C16F426ED243914206D30089012803D1012102481AF0EAB87047000079
:202EC00010C300201FB50F48C06A4FF0FF34A0B100F022F80C4820210822CDE90002CDE9B0
:202EE00002010A490B488B698A68094902F084FC002800D0204604B010BD064802F0F4FB71
:202F0000F8E70000A4B10020000402400CF70420482C012010C3002016F0F2B92DE9F04170
:202F20001AF0DEF80026294A35463046D2F8042031468C2400EBC00304EB8303D3589E190D
:202F40004D41401C0628F5DB3046294600F046F81F4C0746E06A10B9FEF7E4FF00B10527F6
:202F600031461C4E31607560B7602168F160E16A3161216B7161FEF7D5FFE16A01B10121F6
:202F800041EA4000F06107F08DF910B106F07AF848B1206868B1206840F2E241884208D8AE
:202FA000E06A20B105E0002017F03EFB04E0206B00B1384617F08AFA17F0CAFB0648006806
:202FC000B0610BF05FF90020BDE8F081A4B90020A4B10020ACA70020D0050020124B00227E
:202FE0001B1A8A4101D300207047104B00221B1A8A4101D3012070470D4B00221B1A8A4183
:2030000001D3022070470B4B00221B1A8A4101D303207047084B0022181A8A4101D3042073
:203020007047052070470000A2170F00831F1400452F1E00073F28008B5E3C0010B504464B
:203040002DED028B403091ED000A0BF0A9FDB0EE408A84ED008A04F562700BF0A1FDA06A5F
:20306000012820D0F0EE408A41F23871B0EE680A60180BF095FD84ED010A84ED048AC4ED72
:20308000058A002104F5D4500BF048FE41F6A820005DC0070AD0BDEC028B2046BDE8104094
:2030A000002100F001BEF0EEC08ADDE7BDEC028B10BD704770B504462DED028B0D4691EDB3
:2030C000000A40300BF06CFD606A012801D1B0EEC00A41F2F031F0EE408A60180BF060FD19
:2030E00084ED000A95ED010A04F562700BF058FDA06A012834D0B0EE408A00BF41F2387173
:20310000B0EE480A60180BF04BFD84ED010AC4ED048A84ED058A94ED000A002104F5D45080
:203120000BF0FCFD41F6BC2094ED010A012120440BF0F4FD04F5805595F8A80AC00703D0E3
:203140000021204600F0B0FD95F8E40AC0070AD0BDEC028B2046BDE87040012100F0A4BDCB
:20316000B0EEC08ACAE7BDEC028B70BD2DE9F04704462DED0A8B0D46403091ED000A0BF0C7
:203180000FFD41F2F030F0EE408A20440BF008FDB0EE409A95ED010A04F562700BF000FDFC
:2031A00041F23870B0EE408A20440BF0F9FC69EE090AF0EE409A48EEA80A10EE900A1BF0CB
:2031C000BFFB41EC100B19F0C7FA51EC100B1AF0D3FC69EEA90A206048EE080A10EE900A88
:2031E0001BF0AEFB41EC100B19F0B6FA51EC100B1AF0C2FC6060C4ED048A84ED058A94ED7A
:20320000000A002104F5D4500BF088FD41F6BC2294ED010A0121A0180BF080FD04F5805723
:20322000002697F8A80AC00700D0012618EE900A1BF086FB41EC1A0B19EE100A1BF080FB44
:2032400041EC100BB0EE4A1AF0EE6A1A18F080FA51EC100B1AF090FC09EE100AE06A594D51
:203260004FF0010890ED5D0AD0ED618AB4EEC09AF1EE10FA02DA0026C5F808809FED52ABC5
:203280009FED53BBF4EEC08AF1EE10FA21D218EE900A1BF055FB53EC1A2B1AF09FFC1AF05E
:2032A0006BFC08EE900AA86840001AF04CFF53EC1B2B1AF0F5FF41EC1C0B19EE100A1BF06F
:2032C0003FFB53EC1C2B1AF089FC1AF055FC09EE100A4FF00009B4EEE89AF1EE10FA03DB00
:2032E000002000F0F1FC06E02EB10021204600F0DBFCC5F8089097F8E40A0026C00700D02F
:20330000012618EE100A1BF01BFB41EC180B19EE900A1BF015FB41EC100BB0EE481AF0EE13
:20332000681A18F015FA51EC100B1AF025FC08EE900AE06A90ED5D0A90ED618AF4EEC08A1F
:20334000F1EE10FA02DA0026C5F80C80B4EEC08AF1EE10FA21D218EE100A1BF0F1FA53EC1C
:203360001A2B1AF03BFC1AF007FC08EE100AE86840001AF0E8FE53EC1B2B1AF091FF41ECDE
:20338000190B18EE900A1BF0DBFA53EC192B1AF025FC1AF0F1FB08EE900AF4EEC88AF1EE42
:2033A00010FA06DB012000F08FFCBDEC0A8BBDE8F087002EF9D00121204600F075FCC5F88F
:2033C0000C90F2E700000020112D4454FB211940112D4454FB21094070B504462DED028BBC
:2033E0000D4691ED000A40300BF0DAFB606A012801D1B0EEC00A41F2F031F0EE408A601811
:203400000BF0CEFB84ED000A95ED010A04F562700BF0C6FBA06A012830D0B0EE408A00BFFF
:2034200041F23871B0EE480A60180BF0B9FB84ED010AC4ED048A84ED058A94ED000A002132
:2034400004F5D4500BF06AFC41F6BC2094ED010A012120440BF062FC04F5805090F8A81A5D
:20346000C9070ED090F8E40AC0070AD0BDEC028B2046BDE87040002100F016BCB0EEC08ACB
:20348000CEE7BDEC028B70BD2DE9F05F04462DED028B00F58059C162002004F50056C9F89D
:2034A000F82A9FED3A8A93468846A6F82C030546824600BF04EB4507F88B20F40060F883A7
:2034C000A08B052809D90BEB4520D0F884100A2903D250F8841F18310160284600F0F2FB13
:2034E0002946204600F0D2F92946204600F054F804EB8501012007F580574862A7F818AFB2
:20350000A7F81CAFB6F82411C01EA8400140A6F82411B6F828110140A6F82811002004EB76
:20352000052100BF01EB800202F50052401C82ED4B8A4028F6DB6D1C022DBBDBE06A90F8F6
:2035400040016083D8F87021D8F86C11204600F017FAC4F82C80D8F8A400A083A4F822A0D5
:20356000AD2189F8201FAE2189F8211FDA2086F8220186F823010648E06306480068BDEC00
:20358000028BBDE8F05FFDF789B80000000000009D3D0208282800402DE9F84306460F460F
:2035A000C06A40F2E24108B1406B00B9084680B2B0FBF1F1C7EB0710C0EBC00006EBC00578
:2035C00005F5DA6005F5566404294AD004DC012972D002292FD15AE0082915D010292AD1C1
:2035E000DFF80081032308F14802A2F12401CDF800800BF025FB08F1480220460323A2F190
:203600002401CDF8008014E0DFF8D880032308F16C0808F14802A2F12401CDF800800BF04F
:203620000FFB08F1480220460323A2F12401CDF800800BF005FB41F6F820805900EB47223D
:2036400041F2F030291805F1400006F071FCC7EB071006EB8000BDE8F84300F5D4500BF00F
:2036600025BBDFF88080032308F1D80808F14802A2F12401CDF800800BF0E2FA08F148023A
:2036800020460323A2F12401CDF80080D1E7DFF858800323A8F1FC0202F59071CDF8008040
:2036A0000BF0CEFAA8F1FC022046032302F59071CDF80080BDE7FFE7DFF82C80032308F1BB
:2036C000480808F14802A2F12401CDF800800BF0B7FA08F1480220460323A2F12401CDF862
:2036E0000080A6E7FCEB030840ED03082DE9FC4789460446002500F5805600BF04EB8508F6
:20370000D6F8F80AD8F8303000EB452001AA49469847C5EB0510C0EBC00004EBC00000F56C
:20372000DA6007469DED010A0BF03AFA88ED020AD6F8F80A6A4600EB452049460BF05EF90C
:2037400038469DED000A0BF02BFA6D1C8DED000A022DD3DB208B618B884227D10020208331
:20376000014604F5005000BF04EB0122B0F82C339DED000A02EB830202F50052491C82EDBE
:203780004B0A0229F0DB90F82C13491C01F03F01A0F82C1304F10801A26B0D46204690470F
:2037A000E26B294620469047BDE8FC87401C2083FAE710B500F5D8510446D1E90223521E8C
:2037C00043F1FF33C1E90223D14371EA030107D100F008F82046BDE81040002100F064BAEF
:2037E00010BD00002DE9F04100252DED028BC16A09B1496B09B940F2E2418FB200F5D854D7
:20380000FCF768FD00EE100ADFED170AD4E90060B8EEC00A801B60EE200A00EE100AB8EE0D
:20382000400A20EE800A10EE100A1BF041F936184D4138461AF09EFC9FED0C1B53EC112B1D
:203840001AF088FA41EC180B304629461AF0A6FC53EC182B1AF024FD1BF0EEF8C4E90201AD
:20386000BDEC028BBDE8F08100000030000000000000244004490A8C22F4805242F4005215
:203880000A8408F0E1BE0000980100202DE9F043C56A85B00E4604464FF000090DB1686B26
:2038A00008B940F2E2401FFA80F841F6F820678B005900EB462104EB860030300BF0CAF8E4
:2038C00005EB860006F0FF0CD0F8E830D0F8D82050F8A81F0DF1040E8EE80E100169009123
:2038E00090ED160A016C016B01680069D5F8FC30D5F8F820C6EB061004EB8000414600F5F0
:20390000D4500BF0D9F931462046FFF745FEE06AD0F8A40080B2A0836783A4F81890082837
:2039200009D2DFE800F004060F11131517190B4800E00B48A0630B48006805B0BDE8F043A2
:20394000FCF7ACBE0848F5E70848F3E70848F1E70848EFE70848EDE70848EBE7B330020833
:20396000C539020828280040B53002083D300208D9330208B3370208293A02086D3102082A
:2039800000F5805303F5306306C3FFF72BBF000030B442F22412002311521A465FF00105A2
:2039A00005FA02F40C4200D00123521C022AF7DB1BB10349C16330BC704730BC00F0CCB924
:2039C000D13C020810B504462DED028B403091ED000A0BF0E5F8606A01281ED0B0EE408A01
:2039E00041F2F031B0EE480A60180BF0D9F884ED000A84ED048A002104F5D4500BF08EF905
:203A000041F6A820005DC0070AD0BDEC028B2046BDE81040002100F047B9B0EEC08ADFE759
:203A2000BDEC028B10BD000070B504462DED068B403091ED000A0BF0B3F841F2F030B0EEDA
:203A4000408A20440BF0ACF8B0EE409A69EE090A48EE080A10EE900A1AF072FF41EC100B14
:203A600018F07AFE51EC100B1AF086F8206084ED048A18EE100A1AF063FF41EC1A0B19EE82
:203A8000100A1AF05DFF41EC100BB0EE4A1AF0EE6A1A17F05DFE51EC100B1AF06DF808EEDB
:203AA000900A18EE100A1AF04BFF41EC1A0B19EE100A1AF045FF41EC100BB0EE4A1AF0EE0F
:203AC0006A1A17F045FE9FED311B51EC100B53EC112B1AF03FF99FED2F9B53EC192B1AF048
:203AE000DFFB53EC192B1AF079F81AF045F86060606194ED000A002104F5D4500BF00EF95B
:203B000041F6A8200025005DC00700D00125E06A90ED5D9A90ED618AB4EEC98AF1EE10FA63
:203B20000DD218EE100A1AF00BFF9FED1C1B53EC112B1AF053F81AF01FF808EE100A194E47
:203B400035B1F4EEC98AF1EE10FA01DBC6ED018AD6ED010AB0EE680A19F0A2FFB4EEC80A4B
:203B600086ED010AF1EE10FA05DB002000F0ACF8BDEC068B70BD002DFAD0BDEC068B20464C
:203B80000021BDE8704000F08FB80000112D4454FB21094000000000004CCD40112D44540E
:203BA000FB2119400000002010B5838B00F5D45141F6BC244FF400622044082B06D2DFE891
:203BC00003F005040606060404068A6210BD8A62826210BD0348018C21F4005141F480512F
:203BE000018470479801002070B52B4C0500A08B02D0012D06D102E040F0010001E040F009
:203C00000400A0832548D0F8A00001283FD10CF08DFD214B0021AC3353F82520861A71EBF1
:203C200001060E4606D2821A66EB0101521E41F1000102E0821A66EB010143F825000A2361
:203C400000209A1A884122D21548418801290DD1007880070AD5FEF747FC18B91048FEF771
:203C6000C7FD18B1A08B40F400600FE0A08B20F40060A0830120A840C1B20A4809F080FA06
:203C800035B1012D03D1A08B40F00800A08370BDA08B40F00200F9E798010020A4B100201E
:203CA000ACBC0020F86E002010B500F500500123B0F826218B401A43A0F826210846FFF78E
:203CC00093FF10BD00BF704700BF704700BF704730B51F4900F580520C88B2F8183F641CFA
:203CE000A4B20C80022C32D100240C8090ED020A00EB430404F58054BDEEC00A10EE101ADC
:203D0000A4F8181B00F5005191F82641E4071AD0B2F81C4F651CA2F81C5F802C13D3B1F8E3
:203D2000264124F00104A1F82641B1F8244124F00104A1F82441074CC463B1F8280140F062
:203D40000100A1F828015B1CD8B2A2F8180F30BD000000209D3D020870B50F490022C1632A
:203D60001346951E00F5005100EB420404F58054A4F8183FA4F81C3FB1F8246105FA02F4E6
:203D80002640A1F82461B1F82861521C2640A1F82861022AE8DB70BD9D3D020800BF704701
:203DA0002DE9F04100F50055044695F828010026012710F0010F2BD004F580510022B1F884
:203DC000180FA1F8182FA1F81C2F114604EB462202EB400304EB410C03F580530CF5805C36
:203DE000401CB3F8183B491CACF8223FC0B2FF29EEDD4FF4017204F5F951304600F00CF837
:203E0000B5F82801B740B843A5F828010148E063BDE8F081D13C0208084810B5D0F8DC02A0
:203E200000F00200401C07D0054805F03BFEBDE81040034805F0B3BE10BD0000A4B90020F2
:203E4000902C00202DE9F04FFF482DED088BADF5137DFE4D869005F5C0508E90FC48DFF867
:203E6000F483F6EE008A9FEDFC8A9FEDFC9ADFEDFC9A919005F5DA604FF0010ADFF8E493DA
:203E8000F94E05F5805B9290BBE200BFFEF750FE0CF04CFCF54FC7F8E802849C20788928AB
:203EA00073D04ADC302871D022DC13286FD010DC0428E9D006DC01286AD0022869D00328E4
:203EC000E2D1E8E00528DFD0112874D01228DBD15DE1202870D004DC14286ED01528D3D127
:203EE00099E121286AD0222869D02328CCD14CE250287BD010DC402879D006DC312877D04A
:203F0000322876D03328BFD1B1E2412872D0422871D04328B8D112E380286DD006DC512804
:203F20006BD060286AD06128AED127E3812866D0822865D08428A7D195E39D287AD017DC16
:203F4000A0F18A0012289FD2DFE810F0DA035B02000439045B02E8047105740576057A0527
:203F6000A305B005B805E205EB05F4055B02F705AE287DD015DCA1287BD00BDC9E2879D0E0
:203F80009F2896D0A0289BD1FEE370E33AE20EE11DE050E0AB286ED0AC286DD0AD288FD1FD
:203FA000F3E3F12869D00BDCBA2867D0BB2866D0F02885D1EAE3A4E069E109E186E1AAE1DB
:203FC000F2287DD0F3287CD0F42888D1F6E34FF40072A7496846FCF725FC94F89130694662
:203FE0008DF8903091204FF488720AE0ACE25CE218E220E266E274E2C6E2AEE2B2E2DEE2B2
:20400000F4E223185B780B54401C9042EDDB084601F073FF002887D14FF4007269469448F6
:20402000FCF700FC934A92498848FFF72DFA09F0EFFC15E2FDE34FF400726846611C01F060
:2040400063FF684601F01BFF00289CD18A488090884882908098CDF80CD200214161809856
:204060004FF400748161809880218160809807E0FEE3FEE3FEE3FEE3FEE3FEE3FEE3FEE306
:204080000CF02EF828B9DDE98221234680980CF091F8002128E04FF400726846611C01F0B4
:2040A00033FF684601F0EBFE00288ED172488090CDF808D291984FF400740021839001E061
:2040C000FEE3FEE3809841618098816180988021816080980CF004F828B9DDE9821223461C
:2040E00080980CF067F801215848FFF7CFFB09F08FFC00BFD7F8DC0240F00800C7F8DC0206
:20410000C2E6607800F00F00042805D8607800F00F015748C0F8A4105548D0F8A41029B939
:20412000DBF8A81A41F40062CBF8A82AD0F8A41002290BD1DBF8A81A41F40062CBF8A82A7A
:20414000DBF8E41A41F40062CBF8E42AD0F8A41004290BD1DBF8A81A41F40062CBF8A82AE0
:20416000DBF8E41A41F40062CBF8E42AD0F8A4000328C5D1DBF8A80A40F40061CBF8A81A3A
:20418000DBF8E40A40F40061CBF8E41A7CE6012103AA0020849B5B5C1354491C401CC9B23E
:2041A0000428F7DB32480399C0F814116CE6012103AA0020849B5B5C1354491C401CC9B254
:2041C0000228F7DB2A48BDF80C10C0F820119DE063780221022B93D26A460020849C645CFA
:2041E0001454491C401CC9B20428F7DB13B1012B86D106E08E989DED000A80EDA50A1348BF
:2042000042E08E989DED000A80EDB40A1B4800BF08F01AFA38E66278022AB7D269460020ED
:20422000849B03449B780B54401C0428F8DBC2EB021005EB80009DED000A00F5C05181ED14
:20424000A60AD1EDA70A1BE0902C0020D8050020A4B7002094A10020000000006666663F2A
:20426000CDCCCC3D98010020F89E0020A4B90020A4B10020A4B50020802F0120942000201E
:2042800020EE200A81EDA50A00F5D450C0E714216846FCF723FB1422611C684601F034FE91
:2042A000FE480099CBF8841AC0F8D8100199CBF8881AC0F8E8100299CBF88C1AC0F8B810EB
:2042C0000399CBF8901A40F8A81F1DE014216846FCF704FB1422611C684601F015FEEF4868
:2042E0000099CBF8C01AC0F8DC100199CBF8C41AC0F8EC100299CBF8C81AC0F8BC10039995
:20430000CBF8CC1A40F8AC1F04990162E349E44808F060FCB8E51C2187A8FCF7DFFA8F9F42
:20432000012F29D97F1E1C2F00D91C273A46611C87A801F0E9FD4FF400742246D949684655
:20434000FCF770FA8798239088982190899820908A988DF800008B988DF801008C988DF893
:2043600002001C2F02D38D988DF80300684601F086FD0028CED101E00027D7E722466946A8
:20438000C848FCF74FFA002138E01C2187A8FCF7A5FA8F9F012F29D97F1E1C2F00D91C2736
:2043A0003A46611C87A801F0AFFD4FF40074224668469199FCF736FA879823908898219077
:2043C000899820908A988DF800008B988DF801008C988DF802001C2F02D38D988DF8030044
:2043E000684601F04CFD002894D101E00027D7E7224669469198FCF715FA0121AA48FFF736
:20440000CBF87DE2A9A10522D1E90001CDE900016946869800F00EFF869805F0C0FB06F009
:204420009FFF6DE206F0DAFFA2A00522D0E90010CDE900102BE30020ADF800000222684623
:20444000611C01F061FDBDF8003044F62060834200DD03464FF0FF320021984819F09AFAF8
:20446000D7F8E00240F04000C7F8E00242E600200090019002900C226846611C01F044FDF4
:20448000009944F62060814200D80846834988620198102800D91020C8628948029A8242F5
:2044A00000D8104608638B6AD4E7D7F8DC0240F00200C7F8DC028348016841F00041016030
:2044C00081A006E0D7F8DC0220F00200C7F8DC027EA00322006800906946714808F013FECD
:2044E0000EE260780006607800F07F000FD4402887D2EFF3108772B661786848C0F81811F8
:20450000002189F80C100121A0F5AA700DE0102887D2EFF3108772B661786048C0F818118B
:20452000002189F80C100121883806F04EF95B48CC3806F021F9002FD2D162B6E0E1617863
:204540005948FFF725FADBE1614801680906FCD55249D1F81C114160D2E1D7F8E00240F031
:20456000020028E36478E00702D00020FFF73CFBA007B5D50120FFF737FBC1E16178A2783D
:204580004E4809F0EDF8BBE14E48016841F0004101604F4801680906FCD54EA001220068E0
:2045A00000906946869800F045FE869805F0F7FAB8F8001041F00801A8F80010A0E14148B3
:2045C000016841F000410160414801680906FCD5414B0FCB8DE80F00404801680868CDF8BD
:2045E0000100886ACDF805000D2250E23548016841F000410160B8F80010404649072DD54C
:2046000090ED020AD0ED010A90ED061A30EE600AD0ED030AC08CADF81400AD208DF8000003
:2046200082208DF8010010EE100A8DF802A0CDF8030011EE100A6946CDF8070010EE900A1F
:20464000CDF80B00BDF81400ADF80F00DA208DF811008DF8120013222148B8E3D7F8E002FC
:2046600040F00100A7E2E07805F072FF48E11D4809F000FBA8F800A089ED098A89ED0A8AED
:2046800089ED0B8AD7F8E00240F00100C7F8E0021549B1F8940220F0800027E0A4B10020E3
:2046A000F86E0020A4B50020D80500205A5A30A5A50000005A5A31A5A5000000A4B9002024
:2046C00000710200180802403C403E003C413E00001001408000000014EE0308782B0120EE
:2046E000902C002094A10020905C002040F04000A1F89402B6F894020128B7D1FAA0E8E681
:20470000042205A8611C01F0FFFB849914226846491D01F0F9FBB8F8000044460428A5D037
:2047200089ED098A89ED0A8A89ED0B8A002205A9EE480DF035FE00226946EC4807F00EFC1F
:20474000EB4809F097FAA4F800A0D9E008220DA8611C01F0D9FB849908220FA8093101F05D
:20476000D3FB0DA90FA809F051FCE24880ED020A90ED020ADE4809F097FA002208A9DB48E6
:204780000DF092FC002202E00EE286E222E307A9D6480DF067FC3C208DF800008A208DF8EF
:2047A00001000798CDF80200142208A90DF10600FBF7B1FF3E208DF81A00A1E0F0E308228A
:2047C00009A8611C01F0A0FB849908220BA8093101F09AFB849908220DA8113101F094FBA7
:2047E000C24F0024224604A938460DF05DFC22460FA938460DF036FC9DF811009DF8121071
:20480000C0EB001001EB80000290059942F20F70401A039009A90BA809F0F8FBF0EE40BA78
:2048200002A90DA809F0F2FBB0EE40BA3BEE8B0A00E091E160EE28AA09A902A809F0E6FB34
:20484000B0EE40AA0BA90DA809F0E0FB3AEE40AAB5EEC0AAF1EE10FA25DD1AEE100AA64978
:20486000884220DAB0EE6A0AA14809F01DFA07E030E2A3E190E1C8E1DEE1E7E246E271E2CF
:2048800099ED090A4846B5EEC00AF1EE10FA04D9B4EEC0AAF1EE10FA05D280ED09AAC0ED25
:2048A0000ABA89ED0BBAB5EEC0AAF1EE10FA84DDD8ED040A2AEE280A4046F5EEC00A01E071
:2048C000F8E236E3F1EE10FA06D9D0ED040AF4EEC00AF1EE10FA01DD80ED040A90ED030ADA
:2048E000B5EEC00AF1EE10FA90ED040A06D9D0ED030AF4EEC00AF1EE10FA02DD80ED030A40
:20490000BBE3D0ED030A9FED7D1A60EE810A9FED7C1A40EE010AC0ED030AAEE300200590D8
:204920000422611C05A801F0EFFA0598C7F8F8026E4C0022694620460DF0B6FB002208A985
:2049400020460DF08FFB9DF801009DF80210C0EB001001EB8001019A42F20F70801A0A22F1
:20496000B0FBF2F001EB4102C2EBC11100EBC100C0F313010091059C210D02910099C7F83E
:20498000FC12AD218DF80C108F218DF80D10CDF80E00DA208DF812008DF81300082203A976
:2049A000584800F047FC869805F0F9F8029960180099C0F31300081AB0F5002F02DDA0F544
:2049C000801004E010F5002F01DA00F5801000EE100AF8EEC00A9FED4C1AB9F81A004C46C8
:2049E00080EE810A002843481CD0D0ED030A60EE890A40EE290AC0ED030A3E48D0ED030A09
:204A000070EE600A90ED040A20EE090A60EEA00A00EEA90A80ED040A09F0D4FA608B401C00
:204A200060832AE380ED030A80ED048AE5E7FEF705F922E3002000E00120FEF7CDF81CE373
:204A40003248016841F00041016060780228E8D2AD218DF8001093218DF801108DF80200B0
:204A6000C0EB001005EB8000A0F26C5000F500500168CDF803104168CDF807108068CDF805
:204A80000B00DA208DF80F008DF81000112269469CE18F980021032803D36178A07841EA24
:204AA0000021A9F8181089F80AA0E6E2607800B9012089F8080089F807A0DEE200208F99AE
:204AC0000090022901D3647800E0FF24062905D3849904226846891C01F016FA20460099CB
:204AE000FCF798FEC9E200003C893E00782B012094A10020180200200000404052B87E3FE5
:204B00000AD7A33B902C002000007A44180802408F98022801D3607800E0FF20FCF7B0FE3D
:204B2000ABE28F98022801D3607800E00020FCF743FEA2E2FDF7A6FD9FE28F98022804D3F3
:204B40006078FF2801D0607803E00020FDF75FFD0120FDF75CFD90E2FE48016841F0004159
:204B60000160AD208DF800009D208DF80100FA48018BADF80C10408BADF8080088B2ADF859
:204B80000200BDF80800ADF80400DA208DF806008DF8070008227AE7607810B106F02CFD59
:204BA0006BE206F04FFD68E260780A2885D1D7F8E00240F00400C7F8E0025EE264781CB14D
:204BC000012C01D0022C8DD1B6F89402012817D1012C02D0022C02D012E0022000E00120E2
:204BE000DEA10422096801918DF8060001A9DC4808F089FADA4805F099F802200BF020FB59
:204C0000204607F0BBFCA12079E06078BA2887D1B6F8940201280DD1D2A004220068009079
:204C20006946CF4808F06FFACD4805F07FF802200BF006FBAB2062E06078CA288BD1B6F8CD
:204C4000940201280DD1C8A00422006800906946C34808F058FAC24805F068F802200BF0B1
:204C6000EFFAC249AC20486001200BF0E9FAB94C206840F08040206014200BF0E1FABCA169
:204C8000BE4813F031F864200BF0DAFA206840F480402060FCF7A2F8EFE16078DA288CD1FF
:204CA00014216846FBF71AFE684614F0BFFEB4A0022200680590B3A005A900680690869806
:204CC00000F0B8FA12226946869800F0B3FA022206A97BE0B6F8940201280DD1AAA00322AC
:204CE0000068009069469E4808F00DFA9C4805F01DF802200BF0A4FAFEF7ACF8AE209B4934
:204D0000486001200BF09CFA16F090FB9F48B0F8500010F0050F7CD000270422611C87A870
:204D2000879701F0F1F8AD208DF80400BA208DF80500879801ACCDF80600A11D0FF006FB6C
:204D400088AA4FF40071A01D889709F011FFADF80A02DA208DF80C028DF80D0240F20A2258
:204D600001A933E08948B0F8500010F0050F50D0849900240422829482A8491C01F0C4F8C0
:204D800084994FF400773A466846491D01F0BCF88499ADF80042022280A801F2052101F0A9
:204DA000B3F883AA39466846839409F0E1FEBDF80012884203D16946829810F0B7FD74A009
:204DC00087AB07C883E80700092287A9869800F031FA4FE16A464FF40171869800F09EFA91
:204DE000B8B90098AD2100F8011BF02100F8011B00242746CDF80000ADF8087084980222F0
:204E000000EB440102A8491C01F07EF8BDF9080000E061E000EE100A9298B8EEC00A09F072
:204E2000BFFEBDEEC00A0098641C10EE101A00F8011B090A00F8011B0090FF2CDCDDDA2156
:204E400000F8011B00F8011B009010E16A464FF40171869800F062FAF0BB0098AD2100F8D1
:204E6000011BF12100F8011B00242746CDF80000ADF808708498022200EB440102A8491CFE
:204E800001F042F8BDF9080000EE100A9298B8EEC00A09F085FEBDEEC00A0098641C10EE80
:204EA000101A00F8011B090A00F8011B0090FF2CDEDDC4E702AA4FF40171869800F02EFAD5
:204EC00050B90298AD2100F8011BF22100F8011B02900024314800E063E02746CDF8100092
:204EE0008498ADF80C7000EB4401022203A8491C01F00AF8BDF90C0000EE100A0498B8EE12
:204F0000C00A09F04DFEBDEEC00A0298641C10EE101A00F8011B090A00F8011B0290FF2CD4
:204F2000DEDD0299DA2001F8010B01F8010B02919DE002AA4FF40171869800F0EFF980BB75
:204F40000298AD2100F8011BF32100F8011B0024029027E01808024010C300203CA1003E80
:204F6000F86E00203CABBA3E3CACCA3E001001403C504556454E3E0000000000F02E012054
:204F8000ADDA0000DADA00003CAE3E0008290020ADBB0000000000DADA000000F00F002022
:204FA00028E06AE03C482746CDF800008498ADF80C7000EB4401022203A8491C00F0A4FFB5
:204FC000BDF90C0000EE100A0098B8EEC00AB0EEC00A09F0E5FDBDEEC00A0298641C10EE2F
:204FE000101A00F8011B090A00F8011B0290FF2CDCDD36E002AA4FF40171869800F08EF9CA
:20500000D8BB0298AD2100F8011BF42100F8011B0290002421482746CDF800008498ADF846
:205020000C7000EB4401022203A8491C00F06CFFBDF90C0000EE100A0098B8EEC00AB0EEC5
:20504000C00A09F0ADFDBDEEC00A0298641C10EE101A00F8011B090A00F8011B0290FF2C34
:20506000DCDDDA2100F8011B00F8011B0290869800F0F5F8869804F092FD8FAA84A98698A2
:2050800004F011FC00283EF401AF0DF5137DBDEC088BBDE8F08F0000C8190020101D0020C5
:2050A00070B500F58053D3F80C499CB3D3F8086900EB860505F58055D5F84C4800EB460081
:2050C00000F58050B0F8346811B1D5F804580D6002B11460D3F80819491C0C29D3F80819D6
:2050E00001D2491C00E00B39C3F80819D3F80C19491EC3F80C19B3F87C182144A3F87C186E
:20510000B3F87C183144A3F87C180021A0F83418084670BDFFE74FF0FF30FAE730B500F51D
:205120008053D3F80C29A2B393F8FC280024C2B9D3F8082900EB820202F58052D2F80428CF
:20514000C3F8F028D3F8082900EB820202F58052D2F84C28C3F8F828C3F8F448012283F89A
:20516000FC28D3F8F428D3F8F0581544521CC3F8F4282A780A70D3F8F418D3F8F8289142C2
:2051800005D383F8FC4800221146FFF789FF002030BDFFE74FF0FF30FAE700F58050D0F8B2
:2051A000F818D0F8F408081A704730B500F58053D3F80C594FF0FF340C2D39D2B3F87C5830
:2051C000954235DBD3F8004900EB840404F58054C4F80418D3F8001900EB810101F58051A4
:2051E000C1F84C28D3F80049002100EB440000F58050A0F83418B3F87C08801AA3F87C088D
:20520000D3F80009401C0C28D3F8000901D2401C00E00B38C3F80009D3F80C09401CC3F849
:205220000C09D3F81009401CC3F81009002030BD204630BDF8B514460D4606466A46214628
:2052400000F06CF810B14FF0FF30F8BD224629460098FBF760FA304600F001F8F8BDF0B5A2
:2052600000F5805191F8EC284FF0FF36BAB1D1F80C290C2A13D2D1F80049D1F8E05800EBD5
:20528000440303F580532A1A921EB3F8343892B2B1F87C78D1F8E8C89C44674501D23046C2
:2052A000F0BD00EB840000F58050C0F80458D1F8E848C0F84C48B1F87C08D1F8E848234427
:2052C000C01AA1F87C08D1F8E8081044B0F5C05FD1F8E80801D3A2F5C0521044C1F80409B6
:2052E000D1F80009401C0C28D1F8000901D2401C00E00B38C1F80009D1F80C09401CC1F873
:205300000C09D1F81009401CC1F81009002081F8EC08C1F8E808C1F8E408F0BD2DE9F04199
:2053200000F580549046D4F8042986B092B2C2F5C0539DB200235E1EB1F5C05F48DCD4F8EE
:205340000C790C2F44D2A94201DB2B460022B4F87C58CF18BD423BDB0244921CC4F8E028E9
:20536000C4F8E8180025C4F8E458012184F8EC18D4F8001900EB410101F58051A1F83438D4
:20538000D4F80019134F00EBC1062A466946384604F50E6406F5C4560CF086FE2A4605A959
:2053A00038460CF05FFE9DF801109DF80200C1EB011100EB81003060019842F20F71081AB0
:2053C000706021680020C8F8001006B0BDE8F0813046FAE7782B012000F58050D0F8E42804
:2053E000D0F8E8389A420AD2D0F8E428D0F8E0381344521CC0F8E428197000207047D0F8A8
:20540000E418491CC0F8E4184FF0FF307047A0F21C7000F500500021017241600160016BED
:20542000491C01630020704700F58050D0F8E818D0F8E408081A704710B500F58053D3F85A
:205440000C499CB1D3F8084900EB840404F58054D4F804480C60D3F8081900EB810000F57D
:205460008050D0F84C081060002010BD4FF0FF3010BD00F58050D0F80C09704710B5044640
:2054800041F61811FBF72AFA04F580544FF4C050A4F87C08002010BD10B504480EF083F9DE
:2054A000BDE81040024807F0C5BA0000F02E0120F86E002010B5044614F0A0FE2046FDF767
:2054C00093FAFDF735FB0C4804F00DFD0B48C16841F40051C160084804F061FB084800684E
:2054E000002808D0816B002905D0BDE81040054A054807F00DBB10BD902C00200010014078
:20550000A4B90020A4B10020F86E002000BF704700BF70472DE9F04F534986B003AD1CC96B
:205520008DE81C000EC985E80E004E4F002634464FF0FF3EF0B3D0F820C0BCF1000F3CD0BC
:205540000023EA46A9464FF00C0B5AF82310002201EB8108C8EBC1110BEB810859F8221010
:2055600041444D1CBD420AD21CF801101CF8055001F07F0145EA012106EB5116641C521CCC
:20558000032AEBD35B1C032BDFD39CB1B6FBF4F3A3F50072D117A0F8483002EB117190F8EB
:2055A0004A2002EB21143149026DCD699A4208D26D1C00E001E0CD6116E0704606B0BDE80B
:2055C000F08F2A4A466D92699E4201D9521C0AE0002D01DC002500E06D1ECD61002A01DC49
:2055E000002200E0521E8A610023FF2C03DDFF2280F84A2006E0002C02DA80F84A3001E05C
:2056000080F84A40CA69202A06DD90F84B2002B1521E80F84B20CB618A69202A07DD90F85A
:205620004B20032A00D0521C80F84B208B6190F84D2090F84A309207120E42EA032290F83C
:205640004B30017E03F0030342EA031290F84C3001F0030103F0030342EA83020A430283A1
:205660000020ABE70C67020044020408A403002070B50168CA6C92F85C30916D202202FAD4
:2056800003F38B600368DB6C93F85C40082303FA04F48C600468E46C94F85C50102404FA1E
:2056A00005F58D600568ED6C95F85C60012505FA06F68E6001688E6CB16D96F85C60B24028
:2056C0008A600268926C92F85C2093408B600268926C92F85C2094408C600068806C90F8AA
:2056E0005C0085408D6070BD10B500210171C18000F002F8002010BD10B504480CF01FFFD4
:205700000348016841F48021016010BD482C0120180402402DE9F04106460BF007F8716C74
:20572000401A11494862304600F054FB304600F030FAB08B022101EB00144FF4F670444338
:20574000CF034FF6FF780AE0BC4201D3404600E0204685B22946304614F018F8641B002C58
:20576000F2D10020BDE8F081A40300202DE9F04186B004460E46808A009001A901200027C2
:205780004FF0030881E881016946E0680AF0CEFEA18A0022E0680AF0C4FF01200AF050FD5D
:2057A000002518E0A18A0122E0680AF0BAFF00BF00BF022000BF401C0528FBDBA18A002278
:2057C000E0680AF0AEFF00BF00BF022000BF401C0528FBDB6D1CB542E4D3A08A009001A981
:2057E000022081E88101062004906946E0680AF09DFE06B0BDE8F0812DE9FC4108AF1E461C
:205800001546044697E80D10002727712160E060A2822361A4F816C000F042F82068006893
:20582000016841F040010160A783E76229004FF0FF3721620BD01748864208D3324604F14E
:205840005C0017F07BFC204600F0BAF830B1207940F0080020713846BDE8FC8120790EA13B
:2058600040F001002071D1E90001CDE90001206A00990160BDF8041081800220E080002103
:20588000204617F005FC0121204617F001FC0020E2E7000000710200434533324300000082
:2058A000094810B5016841F00401016032200AF0C7FC0648006810B104480CF040FEBDE821
:2058C000104013F01DBD000018040240482C01202DE9FC470446D0F820800020009001905C
:2058E000A08340F6DF2020836420608301212046FFF73CFF208B902141EAD0318DF8001070
:20590000C0098DF80100207E922140008DF80200608B4FF47A7641EAD0308DF80300608B64
:205920003346C0098DF80400A07E032240008DF805006946204600F079FA33460322204613
:205940000DF1030100F072FA01200AF079FC0A212046FFF70BFF0C212046FFF707FF4FF4F6
:20596000F6773A465521204600F0EAF94FF0FF3528B97A005521204600F0E2F910B12846E7
:20598000BDE8FC872046FFF7C5FEB946DFF828A000254FF4A07753464A464146204600F09D
:2059A0004AF86D1CBD42F6DB33460C220349204600F041F80020E3E7A086010004C30020D2
:2059C00010B5044600F07FF810B14FF0FF3010BD2046FFF77DFF10B16FF0010010BD00206F
:2059E00084F84A00012084F84B00022084F84C0084F84D004FF4B370606540F299202065AB
:205A000098202083207F4FF4097100F00F0041EAC02060832068C26C016812680C3191601B
:205A20000168C06C0C3100688160002010BD002070470020704770B514460D46064600F0A2
:205A4000C9F9304600F0A5F806E00021304614F065F805F8010B641E002CF6D170BD70B5D3
:205A600016460D46044600F0B5F9204600F091F8A6622046A563BDE8704013F019BF00000A
:205A800010B504460AF052FE616C401A08498862204600F09FF9204600F07BF8054A42F211
:205AA00010732046216AFFF7DAFF002010BD0000A40300200C67020010B500F0B7F8FFF720
:205AC00025FD002010BDF0B587B00446C08A029002200025CDE9030503200590062006903C
:205AE00002A920690AF022FD00950195A58340F6DF2020836620608301212046FFF736FE13
:205B0000208B902141EAD0318DF80010C0098DF80100207E922140008DF80200608B6F4661
:205B200041EAD0308DF80300608B4FF47A76C0098DF80400A07E40008DF8050001212046D2
:205B4000FFF714FE334603226946204600F06EF933460322F91C204600F068F96D1CFF2D14
:205B6000ECDD01200AF06CFB07B00020F0BD10B5816A59B9016809684968C90703D0FFF770
:205B800077FD002010BD032117F082FA4FF0FF3010BD08B50068002102689160006802E0D7
:205BA000017B8DF800108168C943C907F8D008BD7CB504460AF0BAFD05460AF0BDFD4FF414
:205BC0007A7110FB01F0616C6564691AB0FBF1F0A065002000900190608B902120F0020045
:205BE0006083208B41EAD0318DF80010C0098DF80100207E922140008DF80200608B41EAD9
:205C0000D0308DF80300608BC0098DF80400A07E40008DF80500FFF77BFC4FF47A73062212
:205C20006946204600F002F900207CBD10B50279046822F004020271226842F210715368DA
:205C400023F003035360E26C1268136823F001031360A26C1268136823F0010313600268B4
:205C6000126800E000BF93689B0701D4491EF9D221680A6822F040020A60E16C09680A687E
:205C800022F484720A60A16C09680A6822F48C720A60FFF7EDFC2068016841F0400101607D
:205CA00010BD00002DE9F04782460AF03FFDDAF84410DFF88880411AC8F82010504600F0F6
:205CC00089F85046FFF765FF002540F2D7392E462C462F460021504613F020FF7F1C26B146
:205CE000B0420DD000260025F4E7552805D0AA2801D00446F7E7AA2600E055260125E9E771
:205D00006D1C4D45E6D3AA21FF20D8F810504646002200BF04EA00038B4205D049084008FC
:205D2000521C6D1C082AF5DD29465046FFF71EFDF76235630020BDE8F0870000A40300205E
:205D40002DE9F0471446824600F044F85046FFF720FF0025A4F101082E462C462F464CF2A1
:205D600050391DE00021504613F0D8FE26B1B0420DD0002600250BE0552805D0AA2801D03C
:205D80000446F7E7AA2600E05526012500E06D1C38467F1C484503D94FF0FF30BDE8F08715
:205DA0004545DFD30A49AA22FF2049695FF0000304EA0005954205D052084008491C5B1C48
:205DC000082BF5DD5046FFF7D1FC0020E6E70000A403002000B5017985B08A070CD521F0CA
:205DE00002010171C18A00910021019102210291006969460AF09AFB05B000BD00B50179A1
:205E000085B08A0710D441F002010171C18A00910221019100210291032103910621049179
:205E2000006969460AF082FB05B000BD2DE9F04114460D4607460668FFF7E0FF3846FFF769
:205E4000A8FE05E02978384613F068FE641E6D1C002CF7D130688168C943890701D500BF7E
:205E6000F9E7BDE8F08110B5B0F90610022902D00222C28089B217F00BF9002010BD4FF0D3
:205E8000FF3278B30021435CFF2B02D0435C402B31D2491C8029F6DBD0F8801002292AD879
:205EA000D0F88C10F1B1D0F88C10B1F5007F22D8D0F884100A291ED2D0F888100A291AD25B
:205EC000D0F8801021B1012904D0022913D10AE0007803E00178FF290DD04078FF280AD00F
:205EE0000020704707E00178FF2904D04178FF2901D08078F2E71046F3E708B1002070472C
:205F00004FF0FF307047000004E000BF11F8013B00F8013B521EF9D27047B0F80402084256
:205F200001D0002070474FF0FF30704770B586B001F05AFE5E4C206A0CF0B0FE60690CF04D
:205F4000ADFEE0690CF0AAFEA0690CF0A7FE606A0CF0A4FEA06A0CF0A1FE206A0CF0FAFE74
:205F600060690CF0F7FEE0690CF0F4FEA0690CF0F1FE606A0CF0EEFEA06A0CF0EBFE4D4806
:205F80000AF01AFE012108024B4B4200CDE90201CDE90023494A4749494803F039F910B9B7
:205FA000474803F075FB43480AF04DFC41480BF0E9F84448FFF798FB43480CF0C0FA4248DC
:205FC0000CF032FB41480CF0BAFA40480CF02CFB3F480CF0B4FA3E480CF026FB3D4C002235
:205FE000082120460AF09DFB3B480CF0A8FA3A480CF01AFB0022042120460AF092FB142163
:206000006846FAF76BFC08200326CDE9000600256946029520460AF089FA14216846FAF74B
:206020005DFC0420CDE900066946029520460AF07DFA2A480DF0B7FB28480DF001FC28480F
:206040000DF0B1FB26480DF0FBFB264809F036FE244809F07BFE14216846FAF73FFCF002BC
:20606000CDE900066946029520460AF05FFAA06940F40040A061A06940F08070A0610E4867
:206080001830016841F080510160016841F4802101601548016821F0010101601348A0F81F
:2060A00058511348016841F00051016006B070BDC0A50020242B012000040240E02F012042
:2060C00024C2002010C30020F02B0120482C0120A02C012000000240982B0120A82E0120EC
:2060E000382F0120DC2A012040020020082900201808024010B586B001F076FD142168469A
:20610000FAF7ECFB0420009001200190029003200E4C0390694620460AF008FA14F060F832
:2061200014F092F814F034F914F09CF807F03EF8A06940F48070A06164200AF081F804486A
:20614000016841F48051016006B010BD000002401804024010B54FF4807106480BF028FFE3
:206160000549002008710548016841F40051016010BD0000782B01209801002018080240EF
:206180004FF4007101480BF013BF0000782B01202DE9F0432F48A1B0808B002856D02E4F8A
:2061A0007868002852D1012078602C4EB06A840906F5AA7090F8401119B190F840010428ED
:2061C00000D20420254DE946083584423AD9044638E0F369B06A402836D320494FF04008D9
:2061E0008A68C8694030904203D3B0FBF2FC0CFB1200C86105F1200050E8001FA1EB080187
:2062000040E80012002AF7D1B06B4946C21813484430806B0344002032F810C021F810C0CA
:20622000401C2028F8DB002001EB400C33F81020401C5200ACF840202028F5DB694605486E
:20624000FDF754FA641EC4D20020786021B0BDE8F0830000D80500201802002050B00020AC
:206260000248006800F0010070470000F0ED00E000B50D498BB00120087101028DF820007F
:20628000800707904FF0803005904FF070600690002009918DF803000246019069460348A2
:2062A0000BF0AEFF0BB000BD98010020782B012030B58FB0054614216846FAF70FFB2821AB
:2062C00005A8FAF70BFB00244FF000400894CDE9094001208DF834000B940C9422466946AC
:2062E00017480BF0E1FE9DF801002844C0B28DF801003C2807D33C388DF801009DF800009E
:20630000401C8DF800009DF80000182801D38DF800409DF800008DF814009DF801008DF8E5
:2063200015009DF802008DF816004FF400700E90002205A902480BF063FF0FB030BD0000A2
:20634000782B01202DE9FF412B4C606BC4F8B401206881B204F5006008F090FB04F018F9D4
:2063600004F69800054610F039F9A4F6E4304023416900F529608268CDE90021CDE9025309
:2063800000F14401826B8B6B1C491D4810F042F822680020CDE9000004F500630146D3F812
:2063A00004308C2700EBC00407EB8404DDE900561C59651941EB0604CDE90054401C0428F6
:2063C000F0DB104BE81A74F1000001D2012100E0002144F62060824200D300210A4800F086
:2063E00011FC0A4A04490A48FDF74EF804B00848BDE8F041FDF7D8BBA4B10020A02C0120A0
:20640000F02B0120C0C62D0008290020A4B50020D80500202DE9F0435948DFF86091C3B0A1
:206420000168B0F808808EB200F50067D7F8E00280077CD55348B0F85801012877D044F658
:20644000206340220021384617F0A4FA022014F03DF807F017FF04F0E3FEFFF773FF4FF42B
:20646000FA7009F0EDFEFCF763FB07F10805284610F064FC284610F0BBF8842242496846AA
:20648000FAF7D0F900206A4605EB800191ED440ABCEEC00A10EE101AADF8841002EB400132
:2064A000BDF88430401C4B804028EDDB842269464846FEF7BFFE484603F071FB3249842279
:2064C00084316846FAF7AEF90020694605EB4002B2F81022ADF8842001EB4002BDF8843004
:2064E000401C53804028F1DB842269464846FEF7A1FE484603F053FB00242BE0802122A859
:20650000FAF7ECF9A1B222AA284610F077FC88221E496846FAF786F9ADF80240002022AAA3
:206520004FEA0D0132F81030ADF8083100E022E001EB4003BDF808C1401CA3F804C040281A
:20654000F0DB862269464846FEF774FE484603F026FB641C2878A042D0DC00F0D7FD334697
:20656000424600210A4817F015FAD7F8E00220F00200C7F8E00243B0BDE8F083902C0020BF
:20658000A4B100200829002038EE030840EF0308A4B900200448016841F4C0610160BFF32F
:2065A0004F8FBFF36F8F7047003C02402DE9F05F5FEA03080A9D92460F46064639D0002D09
:2065C00037D0022E35D200242DE01B4800EB4620005DFF282DD0042C01D3002829D0834629
:2065E000B8F1000F1ED0EDB1B9F1080F1AD25946D34517D20A4601200021F9F772FFD8E956
:20660000002302400B401A430CD1DFF830C00CF809B02A68521C2A60D8E9002302430B430B
:20662000C8E90023641CBC4203D2286881460828CBD3BDE8F09F0000A4B500204C020020F3
:2066400070B50C46050021D04FF40071FAF746F9FF2280212846FAF717F92C70601C402838
:20666000204600D2401C6870A01C402800D2A41CAC70FF2005F8030F0020C5F87D00C5F897
:206680008100C5F885000120C5F8890070BD000010B50446807C90B10D480068A8B9B4F88D
:2066A0005C00411CA4F85C100A280ED90321204616F0E2FD0221204616F0DEFD05E094F8B6
:2066C0006E0010B90220A4F85801002010BD00005C64024070B51C461546062902D94FF052
:2066E000FF3070BD01EBC10100EB8100002322462946703017F0B1F9002070BD38B51C463D
:20670000049B1546062902D94FF0FF3038BD01EBC101002200EB81000092224629467030CD
:2067200017F0ACF9002038BD2DE9F0410446807C00285DD1206FDC210A59036A8668012149
:20674000474D0027B3420AD36B784BB9006AB0F5801F00D3434868602970697000E06F70C0
:20676000414E307818B1B4F84000C00438D0E07CA8B3B4F9600000EBC00004EB8000006F14
:20678000006AB0F5806F38D200204FF4007200BF00EBC00304EB8301D1F8841091422CD20E
:2067A000401C0628F4DBB4F8540008B3002006464FEA000101EBC10304EB8302D2F88C2085
:2067C00010187E41491C0629F4DBD4F84C110A6844F620639A4217D2C96AA9B90FE029E0C5
:2067E0000121204600F074FF18B1022000F040F832E03770E06960622EE02F611FE01B49D6
:20680000401A76F1000005D3142609F08FFF296919B104E0002609F089FF28611EB129694D
:20682000401AB04218D3E07C10B10EF0BFFDE7742F6111E02F61106AA16D884203D3204650
:2068400000F0DCFE08E0012104F5B070FFF765FB10B9204600F00CFA0020BDE8F08100009A
:2068600010000020FFFF0F00A301002080841E0070B5374C374D216A491C21624FF4806132
:2068800008282BD2DFE800F02A043B2A172A1E04314805F0BDFC31A1334803F05AF93248EA
:2068A00003F07DF995F86F00C0B9B5F85200A8B104F094FD12E04FF48071274805F0A8FCEF
:2068C0002AA105E04FF40061234805F0A1FC29A1254803F03EF9244803F061F9206A052896
:2068E00035DD606A002832D1012666620EF05EFD0022EA74AA7442F21071214807E04FF463
:206900000071154805F084FC1EA1E1E700BF83689B0701D4491EF9D21D490B6823F001036A
:206920000B6000E000BF0B68DB07FBD1016821F040010160416821F002014160016841F018
:20694000400101600248803846722262626270BD1802002008290020A4B1002043617264EC
:206960002046756C6C000000902C00204E6F204361726400534420466F726D617400000011
:206980000030014043617264204572726F7200005864024010B5038A8B420ED33F23491E1B
:2069A00091FBF3F403FB1411D0F85001042303EB810140581060002010BD4FF0FF3010BD61
:2069C0002DE9FC470446DDE90A89B0F852001D4616460F4618B14FF0FF30BDE8FC872046E8
:2069E00000F07EF8C4F854811120C4F85C7160604FF40050A060E060C4E953650025E56282
:206A0000E56125626563E564A574A56184F86E50204600F018FD204600F06CF800F040F8F2
:206A20000EB1706B08B940F2E240A0870220A4F85A01C4F86053A4F86453B4F8541020462F
:206A400000F0E0F80020CDE9000000BF00EBC00104EB8101DDE90032D1F88C10CB1845EB4C
:206A60000201CDE90031401C0428EFDB1020A0FB0367002202FB037200FB0120810241EA47
:206A80009650401C4FEA4030A062B9F1000F04D00520A4F85000A4F8585100209DE7000082
:206AA00010B50C48FCF7A6F90A482F21A0F84811094991F89712A0F84A1100F58E710748DE
:206AC000826E8A64B0F86C00A1F84C00BDE81040FFF738BCA4B10020905C0020105F0020F0
:206AE000704710B5044600F0D6F8204600F06AFA002010BD70B5044600F0A4F81120D4F873
:206B00004C110DF023FC28B14FF40071D4F84C0105F07EFBD4F84C0100F0CAFED4F84C11EE
:206B20002F20A1F848011220D4F854110DF00EFC4FF4803548B10021D4F85401FFF780FD14
:206B40002946D4F84C0105F063FB0021D4F8540100F059FED4F85411132001F500710DF009
:206B6000F5FB58B1D4F85401202100F50070FFF767FD2946D4F84C0105F04AFBD4F8540118
:206B8000202100F5007000F03EFE0025258280352846D4F850110DF0D9FBD4F85001218A6E
:206BA00002681144218200683F28F1D0A564D4F84C11D4F85C010DF0CDF9D4F84C01D0F8E4
:206BC000101131B1D0F81011D0F81001A0F50040E06000F005F8204600F035FC002070BD1A
:206BE00016F07EBA10B5B0F8522000210AB1A0F8521081610521A0F8501000F087FA002011
:206C000010BD000010B5044689B10120A4F85400D4F8DC00806817F0ADFA9FED081B53EC21
:206C2000112B17F03DFB17F061FAA06510BD0020A4F854004FF48060F7E700009A9999992F
:206C40009999E93F10B5074CD4F8DC02000708D5054800F02FF8D4F8DC0220F00800C4F852
:206C6000DC0210BDA4B9002008290020FBF7F4BD10B50446C07C18B10EF098FB0020E074DF
:206C800004F5B071D4F860030DF060FB0220A4F86403002010BD10B5FCF740F904F0C0FAA2
:206CA000BDE81040FCF70EB910B5FFF7F4FF002010BD00002DE9F041002407462646651EE3
:206CC0001120D7F84C110EF031FE30B1022E00D12C46761CF6B2032EF2D300261220D7F87F
:206CE00054110EF023FE30B1022E00D12C46761CF6B2032EF2D30026D7F85411132001F509
:206D000000710EF013FE30B1022E00D12C46761CF6B2032EF0D30026074920200EF006FEB9
:206D200030B1022E00D12C46761CF6B2032EF3D32046BDE8F081000094A100207CB51A4D65
:206D4000287800282ED01948B0F8AC02C00629D5174C41F60C100059082823D268684F217E
:206D60008DF8001000216B46C1F10402920020FA02F202F00F020A2A01D2303200E037329F
:206D80005E18491C72700529EEDB00268DF806601946204602F0DDFE002803D1204602F048
:206DA000FEFE2E707CBD000010000020905C0020902C00202DE9FF5F6C48016841F00051D5
:206DC00001606B4F0025012078706A4E06F1140007C810F071FE6848FAF768FA04F0CCF9AD
:206DE000664C306AAB46A8B1006898B1C0F824B0306A0068016921F001010161306A07F04E
:206E000033FAB4F89402022804D1306A0CF000F900B10125B879B94690B1B4F894020228C1
:206E20000ED004F045F900B1012599F8060038B1B4F89402022803D004F098FB00B101254E
:206E400004F09AF94E4A7169A2F6EC1040278368B2460DF10408009388E8860000F1440192
:206E6000826B8B6B474948480FF0D4FA4749D1E90201CDE90001EFF3108872B60022EE4646
:206E800014264FF0200C59465EF82230D960002006EB8007D9510CEB8007D951401C0328DC
:206EA000F6D3521C022AEFD3B8F1000F00D162B688464F4689F801100AF11400564607C89D
:206EC00010F0D4FD3248006B10B12B48FAF772F9306A80B1016871B1B4F8941201290AD1BF
:206EE00007F0C2F9718E306A0CF056FB00B10125306A07F0B9F9B879A8B9264900220C466B
:206F000025480BF0D1F823490022143122480BF0A9F8224800F51861C96B0163142221465A
:206F20003430F9F77FFC16499839C1F8F4820120C7F87080787307F095FB1948FCF734FE5B
:206F400004F00EF93DB10121114805F061F915A1184802F0FEFD18A1164802F0FAFD04B0C7
:206F60001448BDE8F05F02F01ABE00001808024098010020C0A500209CC20020F89E002023
:206F80003CBA0020A02C0120F02B012004EE0308A4B1002068BC0020782B0120C0B20020A6
:206FA000D805002053594E432054494D2045525200000000902C00205265632053746172D4
:206FC000740000002DE9F0410446B0F85200ADF5007D01282FD0002202EBC20004EB80002B
:206FE000703016F057FD521C062AF5DBFFF73EFE208A4FF03F08401E414690FBF1F790FBE4
:20700000F8F3D4F8505108FB130104D2A0682064E06860640CE005EB810250682064D2F82E
:207020000021626441F6FF7210446FF30C002064002631B112E04FF0FF300DF5007DBDE8EF
:20704000F0812E60206C6860606CC5F80001A06C294638440EF06AFC0028F8D1E664208A13
:207060004146401C80B22082401E90FBF1F790FBF8F208FB1200411C29603F2807D17F1C3E
:20708000A06C694638440EF051FC0028F8D1D4F84C0100F5A871081F04F0ACF878B9D4F89A
:2070A0004C110022184801F5A8710AF0FDFFD4F84C110022144801F5A6710AF0D3FFD4F8A0
:2070C0004C11206C0EF032FC0028F8D1206CD4F85411401C0EF02AFC0028F7D1206CD4F825
:2070E0005411801C01F500710EF020FC0028F5D154F8400F00F50050206001206082268215
:20710000FFF758FE002098E7782B0120F8B5294D05F1140007C810F0CFFC2748FAF7C6F8DB
:20712000264C286A58B1016849B1B4F89412012902D1698E0CF094FA286A0BF0E5FF204F2F
:2071400000267E73B4F8940201280AD11DA003220068009069461C4805F0D5FF1A4802F0C8
:20716000E5FDFEF7E3FEB4F89402022802D0012802D003E0154800E01548A86315480068D1
:2071800070B1816B61B1D4F83402884202D00E4802F042FB1048C4F898020B4805F05DFC5E
:2071A0000EA1114802F0D5FC0F4802F0F8FC7E70F8BD0000C0A500209CC20020F89E00206B
:2071C000980100203C313E00F86E0020382F0120A82E0120A4B90020A4B10020526563201A
:2071E00053746F7000000000902C00202DE9F0410446012084F86E000025184F2E4607E08A
:207200002046FFF745FA6D1CBD4201D9A67402E0A07C0028F4D1E07C10B10EF0C7F8E67438
:207220000025A66106E00220FFF722FB6D1CEDB2032D0AD20021204600F04AFA0028F2D12D
:20724000032D02D22046FFF735FD84F86E600320A4F85A010020BDE8F081000080841E00E0
:2072600010B50021817481610820FFF701FB002010BD00002DE9F0418569044605B90125E7
:207280000026A674E168206C884205D30520A4F850000720FFF7ECFA0EF0F4FA0028E07CB3
:2072A0000CD010B10EF082F8E674606B401C6063A4F85060A6610020BDE8F081012802D1F0
:2072C000606928446061B4F95E00401C4DD0B4F85E000428B4F95E0000EBC00004EB8000D9
:2072E00028D090F880207030012A3FD0017E521E91427DD1067601684FF400738F684A693F
:2073000002F50072BA4203D3B2FBF7FC0CFB17224A61203151E8002FD21A41E80027002F83
:20732000F8D1B4F95E10B4F96020914261D1B4F9601059E0006F6A02836841691144994241
:2073400003D3B1FBF3F707FB1311416110F1200050E8001F891A40E80013002BF8D1206A25
:2073600028442062606C284460644FE001686B028F684A691A44BA4203D3B2FBF7FC0CFB9D
:2073800017224A6111F1200151E8002FD21A41E80027002FF8D1B4F95E10B4F9602091422F
:2073A00010D1B4F9600009E000EBC00104EB810151F8842F8B8903FB05220A60401C0628B0
:2073C000F2DB1DE041696A4201EB422114E000BF01EBC10204EB820290F810C052F8843F04
:2073E000978907FB0C331360491C0629F0DB07E004E04169A1F50071416101E0491C01767F
:20740000E0692844E061206C28442064A661A4F85060B4F8580104283FF44DAFA07C002803
:207420007FF449AF0220A4F858012046FFF77CF941E70021817490F86E10002902D1032195
:20744000A0F85A1170472DE9F041002506462C46A84604EBC40006EB8007D7F88C0070B1B3
:2074600015B90546A6F86040D7F88C002A46C10D40020023F8F7BEFFA7F8900001E0A7F85C
:207480009080D6F84C1104F2D5100C54D6F84C2104F5F57197F890005054641C062CD8DBB4
:2074A000D6F84C11062081F8D401D6F84C11022081F8B801BDE8F0812DE9F0410446C07CCB
:2074C00017460D46002610B10DF070FFE67465610120A061A074394628460EF027FA20B176
:2074E0004FF0FF30A661BDE8F0810320A4F85A010020F8E72DE9FF5F0F46044613B11D46AE
:20750000012B00D901250026A4F85C60E07C4FF003094FF0FF3B4FF001084BB14FF4800A91
:20752000B8B36069B84239D1206CC10432D04BE010B10DF03BFFE6746761C4F8188084F8AB
:207540001280A4F85891384602990EF0C7FC08B1A66135E042F21071264800E000BF8268B9
:20756000920701D4491EF9D2016821F040010160416841F0020141601F490A6842F00102C2
:207580000A60016841F040010160002004B0BDE8F09F03E0A16B401A504515D3E07C10B15A
:2075A0000DF004FFE674B4F8540018B950460CF013FC20B93846A7630DF0D4FF10B1A674F3
:2075C0005846E3E784F813806761A56184F81280B4F85801022801D1A4F858914FF6FF701E
:2075E00000EA452102980EF04BFE0028CED0A661E5E70000003001405864024070B500220B
:20760000B0F9603000F17001012403EBC30301EB830365021E7C012E0BD91E7E4EB1196854
:20762000096AA9423ED3B0F86010A0F85E101A4623E0002303EBC30601EB86067669AE4239
:2076400004D3A0F85E3003EBC30214E05B1C062BF0DB94B1B0F9602002EBC20251F8222069
:20766000126AAA421ED3B0F86020A0F85E20B0F95E2002EBC20201EB8202C368016CA3F5FB
:20768000004399421FD2137E52F82340137C012B0AD9B0F95E30B0F96050AB4204D1126833
:2076A000526902E0032070BD62690123A0F85030A46B2244FFF71EFF0028F4D00220FFF74A
:2076C000D7F8022070BD0720FFF7D2F8012070BD2DE9F05F4FF0030A8B460446A0F850A003
:2076E000C76935484668DFF8D490D9F80810D9F80C00A7EB0108351A1BD013F029F800EE47
:20770000108ADFED2F0A2F48B8EE400A20EE200A00EE905AB8EE601AD0ED000AF8EE601A0C
:20772000C1EE210A80EE201A9FED270A21EE000A01E09FED260A84ED0C0AC9E90276E07C47
:2077400018B10DF033FE0020E074218A3F22491E91FBF2F091FBF2F302FB1312216C41F686
:20776000FF750D4494F86E60D4F850316FF30C0506B1256403EB82025160616CC2F800112F
:207780004FF0FF35A4F85E50A4F850A0A16CD4F850210144BBF1000F4FF00003204602D0DC
:2077A000FFF7A8FE01E0FFF787FE401C02D00020BDE8F09F2846FBE7001000E010000020DF
:2077C00000000044D0050020000080350000000010B590F86F10022251B1B0F8581104298B
:2077E00006D0002180F86F10A0F85A21052106E0B0F95A11022902D0A0F85A2189B215F018
:207800003BFD002010BD70B50D4604004FD0E0780123FF22002130B90420265C1EB9401C28
:207820008028FAD3E2700020265CFF2E03D0265C402E00D32254401C8028F5D3D4F880008E
:20784000022801D9C4F88010D4F884000A2801D3C4F88410D4F888000A2801D3C4F8881084
:20786000D4F88C0020B1D4F88C00B0F5007F01D9C4F88C30D4F88000401CC2B2002009E0EC
:20788000215CFF2905D12918C9B2402900D329462154401C9042F3D32046FEF7F0FA002830
:2078A00005D029462046BDE87040FEF7C9BE70BD10B5002842D0036844F620620021934204
:2078C00000D90160836A934201D903688362C36A102B00D9C162036B194CA34200D9016329
:2078E000436B934202D940F2E2424263826A002A026801D012B103E0826201E0826A026025
:20790000D0F8A420042A01D9C0F8A410D0F8A020012A01D9C0F8A010D0F81821120607D57D
:20792000D0F8181101F07F01102907D3802103E0D0F81821402A01D3C0F8181110BD000061
:207940000071020070B5044691B10025206820B1A18811B12A4608F0E4FEA068002809D047
:20796000A189002906D02A46BDE8704008F0D9BE0125EBE770BD70B504460068012530B187
:20798000A18821B108F0C0FE012809D00025A06840B1A18931B108F0B7FE012802D004E07E
:2079A0000125F4E70DB1012070BD002070BD000070B50C4C0C260C4D4FF0FF300021625C18
:2079C0005040002200F001035B422B40521C83EA5000082AF6D3491CB142F0D3C04300D1E4
:2079E000012070BD107AFF1F2083B8ED08B5002810D00949094A0968B1FBF2F141430091CA
:207A0000042903D20420009000E000BF0098411E0091FAD208BD0000D005002000127A0077
:207A200030B5040085B04FF0FF3033D02168002930D0A18800292DD0A16841B10021A2896F
:207A40003AB10022914225D1E06B20B106E00121F5E70122F6E7FFF7ABFFE063A0880090B5
:207A600011200125CDE90105032003906946206808F05CFDA06830B1A08920B10090694693
:207A8000A06808F053FD00212046FFF75BFF84F88D50002005B030BD30B504002DD021603D
:207AA000A2800025A560A581C82020614FF496704FF448716061C4E906014FF4FA71216200
:207AC0000E496162A1620E49C4E90B104FF47A706063202084F83800FFF76AFFC4E90F0566
:207AE00065640020C4F8485004EB8001401CCD641028F9D304F88C5F657030BD400D03004F
:207B0000C0D4010070B51D460446049EFFF7C4FF002C01D0A560A68170BD70B504004FF0E5
:207B2000000511D094F88D0070B101212046FFF709FF206BFFF75AFF00212046FFF702FF47
:207B400000F015F8064608E0002070BD2046FFF712FF50B13220FFF749FF00F008F8616BED
:207B6000801B8842F2D3284670BD0125FBE710B508F0DCFD4FF47A71484310BD70B5134E96
:207B80000446002535B1012D0CD0022D0ED0032D13D116E094F8EC224FF400510C4805F0F8
:207BA00097FB012594F8ED22102103E094F8EE224FF40071304605F08BFB6D1C042DE1DBA7
:207BC00070BD94F8EF224FF48061F3E700000240000802400348406B002801D140F2E2400D
:207BE00070470000A4B1002010B54FF0E0200169C90701D0406910B9002009F069FBBDE8B6
:207C000010400AF095BC70B5D0F8583473B3D0F8544400EB8405D5F8103400EB4406B6F862
:207C20000C4411B1D5F804540D6002B11360D0F85414491C0229D0F8541401D2491C00E072
:207C4000491EC0F85414D0F85814491EC0F85814B0F818141944A0F81814B0F818142144B0
:207C6000A0F818140020A6F80C0470BDFFE74FF0FF30FAE77CB50446D0F858040E46A0B3CA
:207C800094F84804002578B96A4601A9204600F006F90198C4F83C040098C4F84404C4F81A
:207CA0004054012084F84804D4F84004D4F8441488421BD2D4F84004D4F83C140144401C8F
:207CC000C4F8400408783070D4F84004D4F84414884208D384F84854C4F8405400221146CA
:207CE0002046FFF790FF00207CBDFFE74FF0FF30FAE710B50446002211462046FFF783FFA5
:207D00000028F8D0002010BDF8B514460D4606466A46214600F068F810B14FF0FF30F8BD95
:207D2000224629460098F8F7F6FC304600F001F8F8BDF0B590F838144FF0FF35B1B1D0F8C9
:207D40005814022912D2D0F84C34D0F82C4400EB4302211A891EB2F80C2489B2B0F81864DD
:207D6000D0F834741744BFB2BE4201D22846F0BD00EB8303C3F80444D0F83444C3F8104416
:207D8000B0F81834D0F8344422449A1AA0F81824D0F834240A44B2F5806FD0F8342401D3C9
:207DA000A1F580611144C0F85014D0F84C14491C0229D0F84C1401D2491C00E0491EC0F8C4
:207DC0004C14D0F85814491CC0F85814D0F85C14491CC0F85C14002180F83814C0F83414DC
:207DE000C0F830140846F0BDF0B5D0F850349CB2C4F580639DB200235E1EB1F5806F25DC2D
:207E0000D0F85874022F21D28FB2AF4201D32B460024B0F81854CF18BFB2BD4216D3044473
:207E2000A41CC0F82C44C0F834140021C0F83014012180F83814D0F84C1400EB4101A1F869
:207E40000C34D0F82C0410600020F0BD3046F0BDD0F83024D0F834349A420AD2D0F830246A
:207E6000D0F82C341344521CC0F83024197000207047D0F83014491CC0F830144FF0FF30CE
:207E80007047002180F83814C0F83414C0F83014D0F86014491CC0F8601400207047D0F8DE
:207EA00058347BB1D0F8543400EB8303D3F804340B60D0F8541400EB8100D0F810041060F3
:207EC000002070474FF0FF30704710B5044640F26441F8F703FD4FF48060A4F818040020D6
:207EE00010BD00002DE9F84343F2947100F540544518D4F830024FF0FF36C168890679D5CC
:207F00000068800676D508F011FC8046D4F83002016821F020010160D4F830024068C7B244
:207F2000D4F83802DFF8D490800554D5D9F81410A8EB0100B0F5FA7F08D92846FFF7A1FFC6
:207F4000D4F8380220F40071C4F8381295F8380428B96A464FF400712846FFF745FFD5F80D
:207F60003404D5F8301488420BD52846FFF789FFD4F8380220F40070C4F838026FF001063C
:207F800036E03E2F06D039462846FFF761FF401C17D02DE0D5F83004C5F834042846FFF79B
:207FA000C8FE2846FFF76DFFD4F8380220F40071C4F83812B4F8AC0240F48060A4F8AC02E2
:207FC00015E02846FFF75DFFD4F8380220F40070C4F838020CE03C2F0AD1D4F8380240F400
:207FE0000070C4F8380208F0A1FBC9F814000026C9F814803046BDE8F88300007801002008
:2080000008B54FF0FF31009100F540510A46D1F83012CB689B060CD50B689B0609D50B68A8
:2080200023F020030B60D2F830124968C9B201F0BFFC009808BD00002DE9FF47064641F67F
:208040001810371843F24820DFF834914FF0000806F54055341863E04FF0000A08F066FB68
:208060000246D9E90630D21A78EB0001CDE90221084604D5511E40F10000CDE90210029B6B
:20808000014641F288320020D21A884101DA4FF0010A41F6EC00C05D48B99DF8000001F0EB
:2080A0001DFB011E06DD01AA3846FDF737F9BAF1000F09D03846FDF7AAF9D5F8380220F496
:2080C0000070C5F8380227E09DF800103846FDF783F9401C24D19DF800003E2809D03846FC
:2080E000FDF795F9D5F8380220F40070C5F8380216E0304601F0DCFBD5F8380220F40070BD
:20810000C5F83802B5F8AC0240F01000A5F8AC02304600F0A1F803E09DF800003C2822D0B5
:20812000206A002828D0A0686269A16B895C8DF800106269521C62616169814202D3616914
:20814000091A616104F120005FF0010150E8002F521A40E80023002BF8D143F2382080595C
:208160008005D9D578E708F0E1FAC9E90608D5F8380240F40070B9E704B0BDE8F0870000BF
:208180007801002018B5044643F23031621804F540544FF0FF30D4F83012CB681B0613D5DA
:2081A0000B681B0610D5D2F85804002814DD69461046FFF75FFD0028D4F8300205D0C1688C
:2081C00021F08001C160002018BD01680906FCD59DF800104160F6E7C86820F08000C860A3
:2081E000F1E700F54050D0F83002C16842F288021143C160704701F0D2BC10B501F063FD80
:20820000002010BD70B504001CD00F492068884218D10E4EF068002814D00D496060C1F83A
:20822000B00209F023FC0546F16800F0B9FDA0F110014FF6EF72914204D821688860054974
:2082400008618D6170BD00000010014078010020905C0020702C0020022005F00DB800000C
:208260002DE9F04105460027FFF7C7FF80BB05F54054D4F83002C1680906FCD428460FF04D
:20828000F9FCD4F8380220F40070C4F8380212A63046F8F721FA024643F230303146284471
:2082A000FFF732FD2846FFF79CFF28460FF02EFD002243F2947011462844FFF7A4FC2846E0
:2082C0000FF0F8FCB4F8AC0220F40040A4F8AC023846BDE8F08100003C444953424F4E44E0
:2082E0003E00000070B592B0044634216846F8F7F5FA14210DA8F8F7F1FAACB31E480168BC
:2083000001F00C01042920D0082920D000212160016801F0F0016160016801F4E051A160E3
:20832000006800F46040E06014480068002500F0070020612575012630040695CDE90060FA
:20834000684609F0D5FB78B903E00121DFE70221DDE70F20CDE90E650D90109500210DA853
:20836000119509F041FA10B1012012B070BD12F0EFF926750020F8E708380240003C0240CE
:20838000A0F13001092901D808467047A0F14101052901D837387047A0F16101052901D811
:2083A000573870474FF0FF3070470000F8B5064606F540540020A4F8AC02B4F8AC0220F0F6
:2083C0008000A4F8AC02D4F8340206F0FBFA1C4B4FF400754FF47A773A46A3F57A7130461A
:2083E000009500F09FF9D8B1154B3A46A3F57A713046009500F096F990B1D4F8340206F0B1
:20840000C3FA0F4B3A46A3F57A713046009500F089F928B1D4F8340206F0D4FA0120F8BD50
:20842000D4F8340206F0CEFA3046FFF719FFB4F8AC0240F00200A4F8AC020020F8BD00004D
:20844000F86C00202DE9F0410446C06B00254FF480668560E06BC560E06B0661E06B456196
:20846000E06B8561E06BC561E06B0562E06B07F037FE6F1EA0B9E06B8463A16B40208860C5
:20848000A06BC560A06B0661A06B4561A06B8561A06BC561A06B0562A06B07F021FE10B113
:2084A0003846BDE8F081A06B002203218463252008F078FF252008F068FF2068C16841F4B2
:2084C0000051C1602068C16841F02001C1602068C16821F08001C16094F8420020F02200A2
:2084E00084F842000020DCE72DE9FF4790460D4604004FF000064FF0FF394DD0B8F1000FC1
:208500004AD0E5B3002009E0215C20395F2904D3062D08D0072D09D002E0401CA842F3D365
:208520000027EA461CE04046216802E054F8011F40460160A188818038E0E05DFFF720FF10
:2085400000280CDB102E06D30F220AF101016846F8F726F90F26E15D0AF80610761C7F1C53
:20856000AF42EAD30C2E17D30AEB060547460C3D12D027B15FF0000415F8140000E00BE05A
:20858000FFF7FEFE064605EB44004078FFF7F8FE002E01DB002803DA484604B0BDE8F08758
:2085A00040EA06103855641C062CE5D30020F4E72DE9F0479846914604000D464FF0FF36BC
:2085C0002DD065B30846F8F787F8022827D329783C2924D1284410F8010C3E281FD104F5DB
:2085E0004050D0F8381221F40071C0F8381243F2947020440746FFF77CFB2846F8F76CF839
:20860000024643F2303029462044FFF77DFB30B92046FFF7E6FD20460FF078FB10B1304605
:20862000BDE8F087424649463846BDE8F047FFF7EABA00002DE9F04F91B005004FF0000039
:20864000ADF840004FF0FF3016468A46804661D0BAF1000F01D1002E5CD128460FF00AFB4B
:2086600005F54050D0F8381221F40071C0F8381243F2947028448146FFF73BFB402168462F
:20868000F8F72CF93C208DF8000024A00A240168CDF801108088ADF8050041208DF8070015
:2086A00043208DF808004520EB468DF809000A2E02D30A27002602E0374600260BE00BEBDC
:2086C00004011AF8060010AAF8F76EFBBDF84000761C0444F6B2BE42F1D33E210BF80410BA
:2086E00043F23030621C69462844FFF70DFB68B92846FFF776FD28460FF008FB30B90022DB
:2087000011464846FFF77FFA4FF0000828460FF0D1FA404611B0BDE8F08F000041445644FC
:20872000415441002DE9F04300F540550446D5F834021F469DB0836B249E1B685B68009308
:20874000C06B0068436843F6F830204414F00AFDD5F83402816B096849680091C06B0068D6
:20876000436843F63C4032463946204414F0FAFC20460FF07FFAD5F83402FFF763FE2046A6
:2087800000F048F943F23030204407228B490646FFF7BAFA2046FFF724FD4FF4FA7007F09B
:2087A0004FFD4FF00008CDF84480CDF84880CDF8008001AB6A4682A12046CDF80480FFF7A7
:2087C000F7FE04F54A5728B9DDE9000111AAFFF78BFEE8B34046C7F8688000BFA7F86C0096
:2087E0000020221804EB400102F5405201F5405192F8E83281F8FA3292F8E822401C81F82D
:20880000FB220628EDDBCDF86080CDF86480CDF8688000270DF16009CDF86C80E01900F51D
:20882000405009EB470190F8E8021CAAF8F7BCFA7F1C062FF2DB142113A8F8F74FF8CDF807
:20884000008001AB6A4660A12046CDF8048000E009E0FFF7ADFE58B120460FF02BFA01206E
:208860001DB0BDE8F0831198B866BDF84800B5E7009961B1019A042A09D9101F122801D91A
:20888000122200E0121F13A8091DF7F744FF4FF00108002713A8F7F71FFF82B2002013AB39
:2088A0000EE0111A194411F8011C3039092906D801FB0871CFB208EB88014FEA4108401C53
:2088C0009042EEDB85F89772342104A8F8F706F843F2B621214431233E22CDE90031CDE9C7
:2088E00002923C233AA2322104A8F7F70DFE04A8F7F7F2FE024604A93046FFF705FA204661
:20890000FFF76FFC20460FF001FA43F294700022204411460746FFF776F90A2007F090FC21
:2089200014222FA16846F7F77DFF6846F7F7D4FE024669463046FFF7E7F92046FFF751FCBF
:2089400020460FF0E3F9002211463846FFF75BF928A08046F7F7C0FE024641463046FFF720
:20896000D3F92046FFF73DFC20460FF0CFF9002211463846FFF747F921A08046F7F7ACFE1D
:20898000024641463046FFF7BFF92046FFF729FC20460FF0BBF9002211463846FFF733F931
:2089A0001B48016841F480410160B5F8AC0220F00800A5F8AC02002052E70000FBED03088A
:2089C0003C4D41433E0000003C485645523E000025634E414D45252E2A73257325630000E4
:2089E0003C464143436F6D706163742045706879733E00003C444953424F4E443E000000C6
:208A00003C4144564741503530303E0000000000180802402DE9F04F0027BB46A5B0064614
:208A2000D946C846182104A8F7F758FF142110A8F7F754FFD249087840B1C86818B100200C
:208A400025B0BDE8F08F4FF0FF30F9E7CC49CD4C4FF0010A81F800A0C4F800A046B106F5F0
:208A60004055D5F8340218B10168C748814201D0E12014E0D5F8380220F40070C5F8380212
:208A800043F294703044FFF734F943F230303044FFF72FF904A8FFF725FC10B1E4202060D7
:208AA000D1E708F0E3FF4FF4964100F079F9A0F110014FF6EF72914209D8D5F834224FF446
:208AC00096415160B14AC2F8B012AF498860AE48C1680B91C16821F02001C160AC48006824
:208AE0002290AB48001D00682190A948083000680A90A7480C3000682090A5482030006888
:208B00001F90A44800681E90A248001D00681D90A048083000681C909E480C3000681B901F
:208B20009C48183000681A909A482030006819909848283000680E9096482C3000680D9037
:208B40009448243000680C9093485E46016841F002010160006800F0020002908E48103062
:208B600000688D4940F0040010310860086810A900F004000290802010900220CDE91106FC
:208B800013901490824807F0D1FC82480660001D0660001D0660001D06607E4820300660CB
:208BA0007C498015183108607A482830066079494FF6FF702C3108607648243006607548BA
:208BC00010300660011DC1F800A07249B0202031086070490120086008F038FF6E492839AB
:208BE000096811F4E05F00D0400082466B49D5F834020FF079F807F099FD06462FE065482C
:208C00001030016849072AD562493831096815AA22F817104FF6FB3101607F1C022F1ED348
:208C20005FEA0A0220D0BDF85600BDF85410401A0604360C18D0032370085946EAFB030117
:208C400032460023F7F7D6FBE061A0F58C41503940F6C412914207D8B146804604E007F038
:208C600065FD801BFA28CAD35E46DFF828B10BF1200BCBF80060474806601E2007F0E0FA96
:208C800044491D98091D0860091D1C980860091D1B9808603F491A98183108601998CBF822
:208CA00000003C490E9828310860091D0D9808600BF104010C9808603648103006603549E6
:208CC0001E980860324922980860091D21980860091D0A980860091D209808602C491F98F0
:208CE00020310860284E30680290706802900B98F06014210AA8F7F7F1FD9DF8240078B119
:208D00000F200A9004980B9005980C9006980D9007980E900AA8089908F066FD11F018FDDE
:208D2000C4F804A05FEA0900A06067611AD04046C4F80C80A8F58C41503940F6C51291422E
:208D400012D3E320206008F091FE4FF4964100F027F8A0F110014FF6EF7291423FF6A0AE5D
:208D6000B06070E6E220EDE70549C860C5F8B002D5F83402FFF746FA46F20D0020605EE690
:208D800078010020702C002000100140905C0020000402400008004030380240F4ED0308FD
:208DA00010B50A0007D053081818002149410023F7F720FB10BD002010BD884201D3401AF9
:208DC0007047081A7047000010B500F00FF80549086305490A6822F0F80242EAC00008606E
:208DE00010BD000098010020003802401F2800D91F207047124910B5002008600A1D10601E
:208E0000121D1060131D18600D4B183318601B1D18601B1D18600A4B28331860084C431EB3
:208E20002C342360064B24331860054B10331860034C01231434236015231360086010BD06
:208E4000000C00400148006B70470000980100202DE9F84F4FF0000591460C0082462E46E2
:208E6000A84601D000271AE0012400275046FFF7ABFF40464FF40061CDF8008000BF401C06
:208E800000908842FAD347F230525100484601F013FA411C0FD02D1846EB08067F1CA742CF
:208EA000E4D36008401948EB060122460023F7F7A1FABDE8F88F4FF0FF30FAE72DE9F04F1C
:208EC000A1B0582104A8F7F709FD614D00204FF0FF371B90B946286BFFF788FF0646044695
:208EE0004AF6C870E8632C646E64AF640120E864DFF86081002008F18002BA4648F82070AA
:208F0000934642F82070401C1F28F6D9524801684FF00210884301D0022019E04E489430D7
:208F2000006800F040401E904B484030016801F008011D91006800F400701C904FF480500C
:208F400004908004159004A808F0B2FA28B10320E864286B21B0BDE8F08F3F4840300168D4
:208F600041F400710160016801F400710191016841F008010160006800F008000190374815
:208F800000682090FFF736FF31480421C164002504212846209AFFF75BFF411C05D04AF697
:208FA000C871884207D3411A06E02A4941F825004BF825A01CE0091A8846264941F8250000
:208FC0004BF82580C8450BD312D131462846FFF7F4FE074631462046FFF7EFFE874207D25F
:208FE00001201B901A482C46C1464564C0F848806D1C1F2DCCD91B9800B934462046FFF7E5
:20900000E3FE13484464C0F848900521C16413490020103908601149209808600E489430D0
:2090200001681E9A21F04041114301601D9828B909484030016821F0080101601C9828B9F8
:2090400005484030016821F400710160204681E798010020ACA6002000380240202400400C
:2090600010B5064A064B00211468044201D0012010BD491C9942F7D3002010BD002400408D
:2090800020A107000448016821B9C16A11B9006B002800D001207047A4B1002070B50D00A2
:2090A00006464FF000044FF0B60100D1641E7E2014F044FD0F2014F06DF81CB929463046A3
:2090C00000F01DF8204670BD10B50A2014F062F811217E2014F032FD322014F05BF81521C9
:2090E0007E2014F02BFD642014F054F819217E2014F024FD0A2014F04DF8002010BD022053
:20910000C87509224A7515230B7500238B75C8734A73102008730320887348688860486943
:209120008861C868086118467047000010B586B0044618216846F7F7D1FB172269460420A6
:2091400014F01AFCBDF90000BDF9021000EE100ABDF90420F8EEC00A9FED2C0A60EE800A4B
:20916000C4ED120A00EE901AF8EEE00A60EE800AC4ED130A00EE902AF8EEE00A20EE800A04
:2091800084ED140ABDF9081094ED0F0A00EE901ABDF90A00BDF90C20F8EEE00A60EE200A56
:2091A000C4ED1A0A00EE900AF8EEE00A60EE200AC4ED1B0A00EE902AF8EEE00A20EE200A84
:2091C00084ED1C0ABDF90E0094ED0E0A00EE900ABDF91010BDF91220F8EEE00A002060EE17
:2091E000200AC4ED160A00EE901AF8EEE00A60EE200AC4ED170A00EE902AF8EEE00A20EE3C
:20920000200A84ED180A06B010BD00009A99993E2DE9FF410DF12808044698E8E10084F859
:209220002A7004F11408656288E80E00208426850026B620A6858DF80C0035464FF0640811
:209240000127204600F070F900F05AF903A98DE8820101237E22D021606907F0FBFE60B1C1
:20926000681C042803D3012004B0BDE8F0810A2013F090FF6D1C042DE3D326639FED160A1C
:20928000682084ED0E0A9FED150A84ED0F0A84F8400094F82A0038B10128204611D000F0CD
:2092A00027F9A6850020DFE72046FFF70DFF204600F016F8204600F053F8204600F0B4F80E
:2092C00004E000F08DF8204600F00AF82046FFF72DFFA785E6E70000B3CC1C3AF8C1F93B9A
:2092E00010B5044690F82A0058B1882141F02001402014F023FC0221204600F005F8002090
:2093000010BD0921F2E7000010B59FED110A29B1012907D002290FD0032913D080ED0E0A98
:20932000032104E09FED0B0A052180ED0E0A412014F004FC002010BD9FED070A082180ED54
:209340000E0AF4E79FED050A0C2180ED0E0AEEE7E5FF1F3AE5FF9F3A1000203BFAFF9F3BC0
:2093600010B504462921422014F0E8FB0021204600F002F8002010BD10B59FED140A052950
:2093800020D2DFE801F019130D1F03009FED100A042180ED0F0A432014F0D0FB002010BD58
:2093A0009FED0C0A022180ED0F0AF4E79FED0A0A012180ED0F0AEEE79FED080A002180ED3E
:2093C0000F0AE8E780ED0F0A0321E4E7F8C1F93BF8C1793B8DC1793C8DC1F93C8DC1793D4C
:2093E00010B5044600F059F8642013F0D3FE204600F01AF8642013F0CDFE12217E2014F036
:209400009DFB642013F0C6FE17217E2014F096FB642013F0BFFE1B217E2014F08FFB6420CE
:2094200013F0B8FE002010BD10B580214C2014F085FB322013F0AEFE01214F2014F07EFB21
:209440004B214E2014F07AFB04214F2014F076FB51214E2014F072FB0E214F2014F06EFB54
:2094600052214E2014F06AFB02214F2014F066FB4C214E2014F062FB42214D2014F05EFB42
:209480000821442014F05AFB03214C2014F056FB322013F07FFE002010BD10B5416CFFF7DA
:2094A000FDFD40B2002800D0012010BD1CB50446808D012802D04FF0FF301CBD94F82A00BA
:2094C00070B10620012312220E31CDE90010D121064807F051FD0028EFD10221A1851CBD59
:2094E000CDE9001201230422F1E70000242B012010B5FFF7D2FF642013F04CFE002010BDC8
:2095000010B5074807F09FF90648016841F400110160016821F40011016010F095FE10BDFA
:20952000242B01202038024010B50446018D86B0406A012207F0F5F814216846F7F7CEF905
:20954000208D218C08430090012001900290022003906946606A06F0E9FF218C0022E0696E
:2095600007F0DFF8218D0022606A07F0DAF8012006F066FE218D0122606A07F0D2F80120C2
:2095800006F05EFE218D0022606A07F0CAF8012006F056FE218D0122606A07F0C2F801204E
:2095A00006F04EFE218C0122E06907F0BAF8012006F046FE002001906946606A06F0B6FF77
:2095C00006B010BD0948B0F8521011B990F86E0008B100F011B80649002088850548D0F8EA
:2095E000E01241F02001C0F8E01270470829002024C20020A4B900200A480B4A016891420F
:209600000CD14A6822F4E0624A60202180F83D10002180F83E1001644185018503490120AE
:2096200088857047242B01200054004024C200200248016841F0200101607047003C0140C2
:209640001048416B09B940F2E2410F48002390F82A200E481AB1012A03D0038010E0C82227
:2096600000E064228A4201D3038007E003881A4492B202808A4203D3511A01800120704765
:2096800000207047A4B1002024C200209C05002010B504460020A0852046FFF729FF606916
:2096A00007F0EAF82046BDE81040FFF73DBF10B5044641F61810204400F58050D0F8E41829
:2096C000C0F8E818204600F0F3F804F54054D4F8380220F40070C4F8380210BD0146002050
:2096E000822919D04BDC302939D027DC142975D013DC10297BD009DC40F20122012903D01E
:20970000022901D0032900D11046704711297DD0122979D01329F8D16CE0212906D007DCE4
:20972000152977D018296FD02029EED115207047222901D02329FAD11D207047422965D069
:209740000EDC34295CD006DC312961D0322959D03329F2D150E040295AD04129EDD157E064
:2097600061294FD006DC432950D0512950D06029E3D14BE080294BD08129DED142E09329D5
:2097800044D00EDCA1F183011029D6D2DFE801F03E323438080840380836383E3C40404008
:2097A000CBE7A12932D00EDC9E292FD006DC942928D095292AD09D29BFD129E09F2923D012
:2097C000A029BAD122E0AE2922D009DCAB291DD0AC291BD0AD29B0D1892070471AE006E06D
:2097E000BA2917D0BB29F8D140F20720F5E73D20F3E709E00420F0E72120EEE71120ECE788
:209800001920EAE70320E8E70520E6E70220E4E70120E2E70620E0E770B5040026D000294E
:2098200024D00868002821D0EFF3108572B604F54050C0F834120968C0F830120021C0F841
:20984000381241F618102044FBF718FE2046FBF715FE41F61A10211843F248204FF4C052FC
:20986000204413F06BFC002D00D162B670BDB0B13E2914D100F5805090F8EC1879B1D0F8E7
:20988000E01861B1D0F8E8281D2A08D1D0F8E408192804D10878222803D0232801D0002023
:2098A00070470120704741F618131844FBF7F8BB41F618110844FBF7D2BC41F618121044D5
:2098C000FBF78ABD2DE9F84341F6181100F5405480464718D4F830024FF0FF35C1688906C7
:2098E0005AD50168890657D5016821F020010160D4F830024068C6B2304600F081F810B15B
:209900002A4901200870D4F83802800542D541F6EC00C05DD0B93046FFF7E0FE002812DD6F
:209920003046FFF7DBFE01466A463846FBF7F6FC60B13846FBF76BFDD4F8380220F4007016
:20994000C4F8380228E03846FBF761FD3846FBF76BFD002814DD31463846FFF788FF18B10F
:209960004046FFF7A4FE09E031464046FFF7A5FF401C11D13846FBF74AFD06E000250BE05E
:209980003E2ED6D14046FFF793FFD4F8380220F4007008E03C2E02D02846BDE8F883D4F89E
:2099A000380240F40070C4F83802E7E7A003002070B543F2482202449368D568946B61554B
:2099C000D168491CD160D168994202D3D168C91AD160002102EB81030125203353E8004FED
:2099E0002C4443E80046002EF8D1491C0329F1DB00F002F8002070BD082003F03DBC0000E7
:209A0000124910B54C7801233CB10022012C07D0022C0ED0032C09D110E03C2813D006E0F9
:209A2000AB2801D1022007E03C280CD04A70002010BDBA28F8D103204870F8E73E28F3D102
:209A40004A70012010BD4B70F1E70000A00300207CB504004FF0FF3519D004F54050D0F826
:209A60003812490413D5D0F8381221F48041C0F8381201AA69462046FBF712FB204600F068
:209A80008EF820B1204600F0EBF900207CBD28467CBD10B500221146FBF702FB002010BD1B
:209AA000FBF73CBBF8B514460D4606004FF0FF3707D035B1002C04DD6A462146FBF72EFCEB
:209AC00008B13846F8BD224629460098F6F723FE3046FBF7C4FB0028304602D0FBF797FC01
:209AE000EFE700F002F80020F8BD00F058B838B500F540540546D4F830024FF0FF31C26879
:209B0000120624D50068000621D52846FBF7B1FC002804DD69462846FFF7C2FF30B1D4F839
:209B20003002C16821F08001C1600FE0D4F8300201680906FCD59DF8001041602846FBF73B
:209B40002CFB002802DC2846FFF7A3FF0021084638BD30B589B00C46054624216846F6F7D3
:209B6000BDFEAD208DF8000085208DF801002046F6F7B2FD202800DD2020024621460DF199
:209B80000200F6F7C8FDDA208DF822008DF82300242269462846FFF785FF09B030BD7CB514
:209BA00005004FF0FF364BD005F54054D4F8300280B3D4F83802400444D42846FBF759FC3B
:209BC00000283DDD01AA69462846FBF735FCD4F8340200B3806BF0B10168E1B1D4F830021E
:209BE000426922F080024261086820F0010008600098C86001984860086840F01000086081
:209C0000D4F8380240F48040C4F83802284600F04BF913E014E0D4F8380240F00200C4F8D7
:209C20003802D4F83002C16842F20C021143C160D4F83002C16841F08001C16000207CBDB9
:209C400030467CBDD4F8340240B1806B30B1006820B1406810B92846FFF7FAFE6FF0010030
:209C60007CBD10B500F54051D1F8342213685C69240604D40AE0936B1B685B681BB1D1F83C
:209C800038325B04F7D400F0EBF81AE05B691B0605D4B0B13AB1926B2AB112681AB1BDE897
:209CA000104000F010B8D1F8300250B1C26822F08002C260D1F8380244F202029043C1F8F7
:209CC0003802002010BD70B560B300F5405444F20205D4F83412B9B18A6BAAB112689AB1CE
:209CE0000B685B691B0602D408E0516819B1D4F838124904F9D400F0B3F811E0084609F0C8
:209D00001AFDD4F8300202E0D4F8300250B1C16821F08001C160D4F83802A843C4F838028A
:209D2000002070BD4FF0FF3070BD00002DE9F05F00F540550446D5F834020068C16842F23A
:209D40000800884303D04FF0FF30BDE8F09F06F0EDFC8046002C65D0D5F83402002861D059
:209D6000806BE8B30068D8B34FF6FF7B002604F580573EE0D5F83402806BD0F800902046EB
:209D8000FFF70DFFD5F83802800705D5D5F8340200684069000602D4204600F04FF8D5F8FF
:209DA000380240041AD5D9F8040080B25FEA000AD9F8000000F0010902D12046FFF748FE9C
:209DC000B9F1000F02D05146DA4517D11A48761CD346864203D9204600F030F8002600E025
:209DE00020E006F0A3FCA0EB0800B0F5FA6F14D800BFD7F80C090028BCD1A6E700268B4665
:209E0000EDE72046FFF7CBFE2046FFF770FE06F08DFCA0EB0800B04202D96FF0010094E7C5
:209E200000BF03E04FF4FA6604F58055D5F80C090028E6D189E70000400D030010B504467F
:209E400000F051F82046BDE81040FFF7A8BE00000249087800220A7070470000A003002031
:209E600000F54051D1F8382244F202039A43C1F83822002817D0D1F83402002813D0806B0A
:209E8000002810D0006800280DD0D1F83012026822F010020260026822F0010202604869C0
:209EA00020F080004861704700F54051D1F8382242F00202C1F83822002813D0D1F83402B6
:209EC00000280FD0806B00280CD00068002809D0D1F83012026842F001020260486940F036
:209EE000800048617047002821D000F54050D0F8341200291BD0896B002918D00968002923
:209F000015D0D0F83002C268920402D502681206FCD5021D8A60C16821F40051C160416915
:209F200041F080014161C16841F40051C16070472DE9F74FD2F884C081B0CE4DCE4905F183
:209F4000D80205F16C0602F16C0902F1D80702F5D87302F5227A02F5A27B02F53D7E02F2F6
:209F60005464BCF1220F12D2DFE80CF0112132425364738597A8B0BF111111111111111119
:209F800011111111CEDFF7F5F4F3F2F1F0EFB94A03234832A2F12401009504F051FEB74809
:209FA000032300F1480200F1240100905CE1B14A0323B432A2F12401009604F041FEAF48DE
:209FC0006C30032300F1480200F1240100904BE10092AB4A0323A2F1240104F031FEA7483B
:209FE000D830032300F1480200F1240100903BE1A34A03236C32A2F12401CDF8009004F084
:20A000001FFEA048032300F1480200F1240100902AE19B4A0323D832A2F12401009704F0D1
:20A020000FFE98486C30032300F1480200F12401009019E1944A00930323A2F1240104F053
:20A04000FFFD9248032300F1480200F1240100900AE18A4A0323903AA2F12401CDF800A057
:20A0600004F0EEFD8948D830032300F1480200F124010090F8E0844A03236C3AA2F12401F7
:20A08000CDF800B004F0DCFD80486C38032300F1480200F124010090E6E0784A0323243AFF
:20A0A000A2F12401CDF800E004F0CAFD7848032300F1480200F124010090D5E0724903232B
:20A0C000243101F14802009124311AE00B882BB10A1D009201F58272443112E06C4A0323BA
:20A0E000903AA2F124010094BEE0B1F8C431002BF4D0614901F5E472009201F5327201F507
:20A10000027104F09DFDE9E75A4A03234832A2F12401009504F094FD5D486C30072300F1FC
:20A12000A80200F1540100909EE0554A03236C3AA2F12401009604F083FD5648072300F13B
:20A14000A80200F1540100908EE07CE069E056E044E034E022E010E0FFE70092484A0323DC
:20A16000A2F1240104F06CFD4A48FC30072300F1A80200F15401009076E0414A03236C32CC
:20A18000A2F12401CDF8009004F05AFD4248052300F1780200F13C01009065E0384A03239F
:20A1A000D832A2F12401009704F04AFD3A48B430032300F1480200F12401009054E0324AEE
:20A1C00000930323A2F1240104F03AFD3348032300F1480200F12401009045E0274A0323A5
:20A1E000903AA2F12401CDF800A004F029FD2C48032300F1480200F12401009034E0224A63
:20A2000003236C3AA2F12401CDF800B004F018FD2248B438052300F1780200F13C01009095
:20A2200022E0164A0323243AA2F12401CDF800E004F006FD1A486C30032300F1480200F194
:20A240002401009010E010490323243101F148020091243104F0F4FC10486C30052300F172
:20A26000780200F13C010090029804F0E9FCBDE8FF8F000004F003089CBE00203CF403084C
:20A2800024F1030880F50308D4F20308C4F6030808F8030870F9030868FB03083CFD030857
:20A2A0005CFE03080348406B08B100207047012070470000A4B100202DE9F84315464FF07B
:20A2C000FF3841B13DB18D4205D24FF48032914201D2954202D34046BDE8F8832C4A1368E3
:20A2E00043F400731360136823F400731360294A40F008001060274C0026103C2660201F04
:20A300000660001F0660234F7F201C3F386001202060009600BF0098401C00908028F9D360
:20A320001C48083801601020FEF79AFE40B31020386018480C3805600820FEF791FEF8B142
:20A340000B203860144D286820F001002860124F24373E60104810300660286840F0010097
:20A360002860206840F0020020600220FEF778FE40B13868296821F0010129602660ABE7B8
:20A380002660A8E7286820F001002860F8E700002038024020240040000C00402DE9F04FE1
:20A3A000ABB0342116A8F6F799FA58216846F6F795FA644D0120686600262E65801E686548
:20A3C000686BA8656048006880070AD4082016900120CDE91B0616A807F08AFB08B102204D
:20A3E00096E007F033FB044657486C38006810F4E05F00D06400AA4628462C65DCB1524840
:20A4000020300068504D00F04040343D2990286800F008002890286800F400702790A814A6
:20A420000090C0041190684607F042F828B104215046416673E00321FBE72968AB4641F4FD
:20A4400000712960296801F400712391296841F008012960286800F0080023903B48D0F87D
:20A460000090FEF7C7FC4FF4006024904010042700252E46A8462390DDE923214846FFF7FA
:20A480001BFF411C24D02D1846F1000608F10108B845F1D37808401946F100013A46002358
:20A4A000F5F7A8FF02465546CAF8542027490020103908602549C1F80090234820300168D4
:20A4C000299B21F0404119430160289818B108E04FF0FF32E7E7DBF8001021F00801CBF8FA
:20A4E0000010279828B9DBF8001021F40071CBF80010501C11D0A10DA002002302F096F830
:20A50000A0F59C41203947F2315291420AD306206866686B2BB0BDE8F08F05206866DAF879
:20A520003400F7E701216863A97026AA25A901F0D5FC686BA8652599E96526992966072141
:20A540006966E7E79801002074380240202400400021C20700D01021820701D541F0200197
:20A56000420701D541F04001020701D541F08001C20601D541F48071800601D541F40071F3
:20A580000248028C0A43028470470000980100207FB52A480068F6F781F8294900206A46EA
:20A5A00000EBC00301EB8303D3F88C3042F82030401C0428F4DB1146224800F083FC224C75
:20A5C0006069850AAD024FF48050854200D205466E0832461D48616812F0B0FD6068324672
:20A5E00000EB55011948443012F0A8FD1848A269A16812F0A3FD1748E269E16812F09EFDF8
:20A60000206A420A5202202A00D202460F482169CC3012F093FD10494FF4006201F50C60DD
:20A6200012F08CFD09491022383901F5A47012F085FD0448F7F77EFC7FBD0000282800408C
:20A64000082900200C3701200CF7042050B000206CC30020C0C2002018A800202DE9F041E6
:20A660001D46069E17468846040038D0002D36D0002E34D033462A4600F090FB012F2ED99C
:20A68000A06800282BD02868B0FBF7F107FB1100002824D0391A3068884204D841462046BF
:20A6A00000F093F813E0A36804EB880250690844984203D3B0FBF3F707FB13005061203246
:20A6C00052E8000F401A42E80003002BF8D133462A4641462046BDE8F04100F05FBBBDE85B
:20A6E000F08100002DE9F84F1D460A9F904689464FF0FF3AA0B1B9F1000F11D081684669E0
:20A7000080290DD348060BD1700609D106F18000884205D86A468C211648FAF7FFFD10B1AF
:20A720005046BDE8F88F009CAD2009EB06012070607084F802804FEA1820E0702571280A0C
:20A740006071280CA071280EE0712772380A60720A3480222046F5F7DEFFDA2004F8800F1B
:20A7600060700448FAF77BFD0028DAD00148FAF74EFED5E7902C002030B5002822D0EFF383
:20A78000108372B6C16882680025E2B1914203D3B1FBF2F402FB141111F07F0405D0C4F1C8
:20A7A00080042144914200D3891AC1605FF0000200EB820461612562521C032AF8D3002BAA
:20A7C00000D162B630BD2946EFE700280DD003290BD2EFF3108272B6C36800EB8100436179
:20A7E00000210162002A00D162B670472DE9F04F85B0FE48F9F7D4FAFD4CFE4D607B0028E6
:20A800007DD005F093FF0646206F08B1301A03D400F05AFE64362667F748B0F8AC02C006E5
:20A820002DD5D5F8DC0210F0020F28D0D5F8F402E16E884223D0D5F8000302F029FDADF806
:20A840001000EE48AD21C0698DF80010AF218DF80110EB49896DCDF802100290DA20BDF87E
:20A8600010108DF80C00ADF806108DF80D000E226946E448FAF7DEFCD5F8F402E066DD48D6
:20A88000D0F8DC02E04C10F0020FA4F1A80B7DD004F1AC00D0F818114FF0000609065FD427
:20A8A00000F0DEF9A4F1200000F08EFA0028EED0DBF800005D46400568D4A4F12000006AA8
:20A8C000B0F5006F15D9A4F120024FF480609368516901F58061994203D3B1FBF3F707FBC7
:20A8E0001311516154E8001F091A44E80013002BF8D1286840F480602860BE4800E012E0CD
:20A90000D0F8000302F0C4FC02B2BC48B84FBF491E37C3693888009001F50C60FFF7E2FEEA
:20A92000002875D102E04FF0FF30A7E73E80B548FFF735F9B449203980228B6848698030A0
:20A94000984203D3B0FBF3F606FB1300C1F8140054E8000F801A44E80003002BF8D106E1E3
:20A96000A948AC30D0F81801402500F07F00039000200190029001A80090A34802AB20226C
:20A9800001212430FFF76AFE019800E0D1E080287ED34038B0FBF5F69B4824308068DFF8BC
:20A9A00068A2B0FBF5F0301A0AF1480A002827DDDBF80010490523D4AAF1240380019A68CD
:20A9C00099690144914203D3B1FBF2F606FB12119961514651E8002F121A41E80023002B33
:20A9E000F8D1894801AB02AA0121243000F0D6F90198A84203D3401BB0FBF5F600E00026E0
:20AA00008148029A243080684FEA500E002034E0D1E0002000EB520103980844704501D34B
:20AA2000A0EB0E0078492431896B31F8101076482038C768836BD953C168891CC160C168B3
:20AA400003691940C160002300EB83010227203151E800CFBC4441E800C8B8F1000FF7D18B
:20AA60005B1C032BF0DB68482A4424308168914201D88068121A09F101008146B042C8D3FC
:20AA80006149243175438A6888692844904200E00DE003D3B0FBF2F303FB1200886150461C
:20AAA00050E8001F491B40E80012002AF8D15648203800F089F9E0B3DBF800005D464005F8
:20AAC00059D451482038006AB0F5006F15D94E494FF4806220398B68486900F58060984284
:20AAE00003D3B0FBF3F606FB1300486154E8000F801A44E80003002BF8D1286840F4806083
:20AB000028604148AC30D0F8180100F07F0007283848D0F8000359D202F0BAFB02B2374879
:20AB2000334E3A491E36C3693088009001F50C6000E020E0FFF7D6FDE8BB00203080314852
:20AB4000FFF72DF83049203980228B6848698030984203D3B0FBF3F606FB1300C1F81400ED
:20AB600054E8000F801A44E80003002BF8D1286820F480602860DBF800105846490522D5FB
:20AB80002349096800291ED12149091F0968C90719D0016821F4806101601B4820388023E6
:20ABA000826841698031914203D3B1FBF2F505FB1211416100E018E054E8000FC01A44E826
:20ABC00000010029F6D105B0BDE8F08F02F060FB02B20A48064E0D491E36C36930880090E6
:20ABE00001F50C60FFF77EFDE0B113E0D805002098010020A4B90020905C0020082900206E
:20AC000040BC0020902C0020F8B0002018A80020BC6402401048FFF7AFFD286820F48060B4
:20AC20002860D0E7002030800C48FEF7B8FF0A488022836841698031994203D3B1FBF3F685
:20AC400006FB1311C0F8141054E8000F801A44E80003002BF8D18AE7D8B00020902C0020F6
:20AC60002DE9F0474A49087B002824D0494CD4F81801002300F07F07402F1BD2A4F5AA7231
:20AC8000D2F838C0BCF1000F14D002F14400806B80B194F841516DB194F84141A40109D037
:20ACA000EFF3108672B6D2F80C90956806B962B6A54202D20B73BDE8F0870B733E46202F14
:20ACC00001D3203E00E0604680463248CC38016A8068891C814203D92E48CC38FFF74CFD28
:20ACE000484615B900210AE0641BAC42FCD2A04202D3A9EB040102E0A4EB0901691A6808F4
:20AD000006EB5101814200D3091A224838F81110202FA0F1CC001AD2C368826BD152C16880
:20AD2000891CC160C16802691140C1605FF0000100EB81020223203252E8004F1C4442E8FF
:20AD40000045002DF8D1491C0329F1DB1AE0C368826B4900D152C168891CC160C16802695A
:20AD60001140C1605FF0000100EB81020223203252E8004F1C4442E80045002DF8D1491C79
:20AD80000329F1DBBDE8F04701210348FFF71DBD98010020A4B1002050B0002010B5002867
:20ADA00011D0002A0FD0002B0DD003290BD2EFF3108472B600EB810041691160006A186091
:20ADC000002C00D162B610BD10B548B38168802926D38168490623D1416982688A421FD9C2
:20ADE00011F07F0117D0026AC1F180018A4217D3836842690A449A4203D3B2FBF3F404FB6D
:20AE00001322426100F1200252E8003F5B1A42E80034002CF8D1006A802801D3012010BD32
:20AE2000002010BD70B586B014216846F5F756FD0E480024016841F00101016000680C4E6F
:20AE400000F001004FF48075059022462946304605F067FC01200095CDE9010469463046F9
:20AE6000039405F063FB06B070BD0000303802400000024070B586B014216846F5F72EFDC4
:20AE80000E480024016841F00201016000680C4E00F002004FF4805505902246294630468C
:20AEA00005F03FFC01200095CDE9010469463046039405F03BFB06B070BD0000303802407D
:20AEC000000402402DE9F04F91B00D4604464FF400664FF48058F6F75DFCB0F5703F04D3C4
:20AEE0006FF0020011B0BDE8F08F04F57031C0F5703008600020844604EB800202F57032C1
:20AF0000401CC2F804C0C2F814C00428F4DB686808B1654B00E0002307AA26E028B30128D7
:20AF200026D0374642F82070401C0428F6DB00231E46581E52F8267037B11F3323F01F032F
:20AF40003B440F68BB42CDD8761C042EF2DB0E680027A6EB030BCDF830C0CDF834C0CDF859
:20AF600038C03B46CDF83CC006E00120CDF81C801F46D7E7012B10D055F8236016B18642A1
:20AF800000D230465B1C042BF4DB431C0DF1300E15D00023A0F1010903E00223ECE7012BAF
:20AFA00038D055F823603EB14E44B6FBF0F606B901264EF8236037445B1C042BEFDB0026E1
:20AFC000BA4633464FEA020959F82320C2B31F3626F01F061046012B3ED055F8237087B371
:20AFE000BAF1000F38D05EF8237004974FB307FB0BF7B7FBFAF727F01F07D019002B0CD035
:20B000004FF40077A7F1010720EA070008D14FF47F3706E04FF00203C3E74FF48067F1E71D
:20B02000224FB84200D938460BB96FF309004FF40077B84200D23846824203D2821A02E004
:20B0400027E009E000225F465A4500D93A46ABEB020B049AAAEB020A0A683718974206D9E6
:20B06000B24201D9901B00E0002020F01F0080B104EB8302A71902F5703206445760506178
:20B080005B1C042BA0DB0868B0420BD26FF0010028E704EB830000F57030C0F804C0C0F8A6
:20B0A00014C0EDE700201DE700710200FEFF010070B590B028216846F5F710FC254DA8796C
:20B0C000002815D00FA90AA800F0CAFE0AA90FA800F030FE04460E461F4905F1380000F095
:20B0E00029FE201A76EB010204D301206871002010B070BD4FF480763146184806F058FF50
:20B100001548002401788DF8001041788DF8011081788DF80210406801908DF80340039429
:20B120004FF070600494CDE905400A480794383080788DF820000220099628716C712246DC
:20B140006946064807F05CF80028D1D02C71601ECEE700009801002098A60020782B012033
:20B1600004490020887148710A79022A00D108717047000098010020F0B585B014221B49D3
:20B180006846F5F74FFB72B60021DFF864E00C466B4614254FF0200C53F82120D068724545
:20B1A0000BD19668B6F5007F07D300F2FF106FF30800B04200D3801BD060002253F82160C8
:20B1C00005EB8207F05153F821600CEB8207F451521C032AF2D3491C0529DDD304484438B9
:20B1E000FFF7CAFA62B605B0F0BD000024EE03081CB100200B46084910B58A7952B148B1AB
:20B2000043B1896B0160142204491846F5F70AFB012010BD002010BD9801002098A6002021
:20B220001CB542F20100F6F771FAFAF763FFFEF7FFF9164890F8F002154981F8B301642089
:20B2400004F0FEFFFFF7A4F942F20200F6F75EFAF6F7C8F942F20300F6F758FA01F094FA4C
:20B2600042F20400F6F752FA0A480021CDE90001A0F50073064A08490848FBF7A1FBBDE807
:20B280001C4042F20500F6F741BA0000A4B90020A4B10020A4B50020982B01200829002091
:20B2A00030B5234C87B0204601F0FAFE4FF0FF3588BB2046FEF773FC401C03D02046FEF7AA
:20B2C00035FD18B11A4801F041FC24E0184801F03DFCC82004F0B4FF40F6C41000F02EF8A6
:20B2E00014488179B9B13C218DF8001034218DF80110806BCDF8020014220F490DF106006D
:20B30000F5F709FA3E208DF81A001B226946084801F0F9FE10B1284607B030BD2046FEF7EF
:20B3200005FD0028CED1024801F010FC0020F3E7F86E00209801002098A6002010B586B06B
:20B34000044605A9684600F08BFD2246694605A800F0EAFA694605A800F08AF806B010BDE6
:20B3600070B5154CB4F85801012806D0B4F8580118B1BDE8704003F075B91048B0F8940269
:20B38000012811D1FFF78CFF70B1FFF7E9FE01210B4800F03DFF0BA10E48FEF7DAFBBDE811
:20B3A00070400C48FEF7FBBB0B4801254570FFF7E3FEA4F85A5170BD08290020F89E00205E
:20B3C000A4B1002053594E43205354415254204552520000902C0020980100200C4810B556
:20B3E000B0F8583101210B4A012B03D0B0F8583103B1517080F86F1000205073F7F71EFC1E
:20B400000548D0F81C1121F00301C0F81C1110BD0829002098010020A4B100202DE9F0415D
:20B42000114C0120E073A17B00291BD1A0730F4F002600BF05F07AF90546E673606F08B120
:20B44000281A03D403F038F90A3565670748FCF7BFF9B7F8520008B9FBF770FCE07B002807
:20B46000E8D1A673BDE8F081980100200829002070B504000E461ED0002E1CD00E4D206872
:20B480001422A8630D48F5F7CDF90120A871002068710B482168C163142231462830F5F740
:20B4A000C1F90848216801633146BDE8704014223430F5F7B7B970BD9801002098A600208F
:20B4C00040BC0020C0B2002070B58CB0002205A9234806F0E9FD00220BA9214806F0C2FD52
:20B4E000002269461E4806F0DFFD00220AA91C4806F0B8FD9DF816009DF802108842E5D18D
:20B500009DF82E009DF82A108842DFD19DF82D009DF829108842D9D19DF82F009DF82B1087
:20B520008842D3D10F4901F1140000F003FC04460D4669460AA800F0FDFB0B4E021B71EB98
:20B54000050208D3001B61EB05014FF47A720023F4F750FF00E00020C6F8F4020CB070BD73
:20B56000782B012068BC0020A4B900202DE9F0471E4C86B0A079002827D01D4904F138008E
:20B5800000F0D8FB05460E4605F0D0F8804600274FF4807A41F294191DE005A9684600F039
:20B5A0005FFC694605A800F0C5FB401BB14115D205F0BCF8A0EB0801494509D951460D4857
:20B5C00006F0F6FC27714FF0FF3006B0BDE8F087012004F035FE60790028DED051460548D0
:20B5E00006F0E6FC277167710020EEE79801002098A60020782B01200F48104990F8C03704
:20B600008B63A0F5C0421079C8634FF0FF30042B10D0136A23B1082228219F2000F038B811
:20B6200000230B60D2F894204A60054A93688B609269CA607047000010230120CCA700205C
:20B640000CF704200F48104990F8C0378B63A0F5C0421079C8634FF0FF30042B10D0136A61
:20B6600023B10222A021AC2000F012B800230B60D2F894204A60054A93688B609269CA607B
:20B680007047000010230120CCA700200CF704202DE9F05F0C464A4983469146086A4FF04A
:20B6A000FF3330B12CB1A02C03D8601D85B2A52D02D91846BDE8F09F09EB49004608601EF7
:20B6C00009FB00F202EB8207C7EBC2120E2707EB820200FB06283B483B4F804503D238497C
:20B6E0004A6E824204D2C7F82080486E7862E0E74946204600F088F882463148016A396098
:20B70000D0F89410796031498A68BA608969F960416E3961017979610189B961C06AF8614F
:20B72000C7F82080C7F824A0BE622948D0F80C09F8622848D0F83802386304F0F7FF78638D
:20B7400000202EE009FB00F101EB8103C3EBC1131B4900FB05F28F184FF0AD0C87F8A0C000
:20B7600087F8A1B002EB050C87F8A2008C44DA278CF89E708CF89F700AEB830300270C3303
:20B780000CE000BFD1F820C002EB070807FB06CC884413F80CC088F8A3C07F1CA742F1D3B7
:20B7A000401CA042CED30C48002141808480C58080F808B080F8099004210170002079E7D4
:20B7C00010C3002000710200CCA700200CF70420903C0020905C0020D02A0120094A92F859
:20B7E000C00702280DD192F8C80700B9AC20B2F8C41701B9A02192F8C92702B90222FFF74D
:20B8000047BF7047102301202DE9FE478A46054601EB4A0100204FEA51092249009001902B
:20B820000290D1F820C0BCF1000F02D00024694624E00020BDE8FE870AFB04F202EB8203B1
:20B84000C3EBC2120C2303EB820700220023BE180EE000BF03FB09681CF808805FEA086834
:20B8600005D551F8228008F1010841F822800833AB42EFD3521C032AE8D30834AC42DBD30E
:20B88000094C002251F8223044F8223051F82050AB4200D9D0B2521C032AF3D3034981F8E1
:20B8A0006E00C7E710C300200CA800201802002070B5184C184994F8C0278A63B4F8C207AC
:20B8C000C863042A02D04FF0FF3070BD1349D1F80C19E1B9B4F8C4170825884215D2B4F8AD
:20B8E000C6270F4900FB02110E48F9F75EFC70B90C48FEF754F9B4F8C207401C80B2A4F8F7
:20B90000C207B4F8C417884201D384F8C057002070BD000010230120CCA70020903C002086
:20B92000B0C30020902C0020FEB514460D46060052D0002D50D000F0FDF9001941F1000191
:20B94000264A0023F4F756FD1446074602AB01AA694600F08BF92248B4FBF0F12970B4FBB2
:20B96000F0F100FB11404EF66021B0FBF1F26A70B0FBF1F201FB12004FF47A72B0FBF2F114
:20B98000A970B0FBF2F102FB1100AC681CB915490969C1F30E04611CA0FB01010023F4F74B
:20B9A00029FDA04200D92046201AC5E901040098FF1CA0F5FA60F070019870700298B0701E
:20B9C000072097FBF0F100FB1171C91D91FBF0F200FB1210401C3070FEBD0000005C2605A1
:20B9E00080EE3600002800402DE9F041884605005DD0A8682F49041E02D10A69C2F30E043D
:20BA000002D10869C0F30E006968814200D90146401A4FF47A77A0FB0701661C324600231F
:20BA2000F4F7E8FCB84200D3781E2978224A40F2537351436A7812FB03F201EB4211AA78F6
:20BA400002EB4203C3EBC21201EBC20108441B494044B0FBF1F201FB120017491822B0FB6E
:20BA6000F1F1B1FBF2F302FB131129704EF66021B0FBF1F23C21B2FBF1F301FB13226A704D
:20BA80003A46B0FBF2F3B3FBF1F701FB1731A970B0FBF2F102FB1100A0FB06010023F4F757
:20BAA000A9FCA04200D92046201AC5E90104BDE8F08100000028004080EE3600005C26052A
:20BAC0002DE9F04106462DED0A8BB0EE408A016800209FED5ECB4FF000479FED5EAB11B1A1
:20BAE0000869C0F30E000446401C12F043FB41EC190B18EE100A12F023FF53EC192B41ECE9
:20BB0000180B00259FED550B51EC100B12F022F953EC182B12F088FB11D253EC192B9FED83
:20BB2000510B51EC100B12F015F953EC182B12F0B5FC04D20020BDEC0A8BBDE8F08153EC83
:20BB40001C2B51EC180B12F0A9FC38D812E000223946304606F0A0F90500ECD1B0EE4A0A3B
:20BB6000F0EE6A0A53EC102B51EC180B12F0FEFD41EC180B53EC1A2B51EC180B12F08EFCDC
:20BB8000E5D953EC1C2B51EC180B12F087FC5AD253EC182B51EC1A0B12F0E8FD53EC192B02
:20BBA00012F07EFB41EC100B0FF0CAFE002800DA0020A04200DD2046024639463FE051EC91
:20BBC000180B11F0CDFF41EC180B204612F0D2FA53EC192B12F0BEF841EC1B0B0EE022460D
:20BBE0000021304606F058F90500A4D153EC1B2B51EC180B12F0BAFD41EC180B53EC1A2B7B
:20BC000051EC180B12F04AFCE9D953EC1C2B51EC180B12F043FC16D253EC192B51EC180BC8
:20BC200012F03EFB41EC100B0FF08AFE002800DA0020A04200DD2046020004D00021304646
:20BC400006F02AF90546284675E700000000000000000000000000000000F03F0000000087
:20BC60000000E0BF000000000000E03FF0B5284C0419284802D494FBF0F003E0264D25445C
:20BC800095FBF0F0244D48F6AC666D1E05FB004540F2B454B5FBF4F4B5FBF6F62C1B344476
:20BCA0001C4E761EB5FBF6F6A41B40F26D16B4FBF6F400EBC00606EB001004EB00166420A2
:20BCC000B4FBF0F740F26D10604300EB9400C01B2C1A04EB84009925801CB0FBF5F000EB94
:20BCE000001505EBC5050527AD1CB5FBF7F5641B641C1C600A2801D2C01C00E009381060F7
:20BD0000022801D8012000E0002030440860F0BD6CFA0A00B13A020050C5FDFF0448006854
:20BD2000C0F30120032801D000207047012070477038024030B5C3784278847803F5FA636F
:20BD4000022A01D8012000E000201B1A4FF4C87002D493FBF0F003E0A3F28F1595FBF0F03D
:20BD60006FF01805454303EB0513022A01D9D21E00E0093202EB021202EBC2020525921C1E
:20BD8000B2FBF5F222446424B3FBF4F540F26D145C4304EB93035B1B521E1A44174B00FB12
:20BDA0000320174A024409B1886818B915480069C0F30E004B68834201D9002300E0C31A85
:20BDC0004FF47A746343401CB3FBF0F00B780E4C40F2537563434C7814FB05F4897803EB6A
:20BDE000441301EB4104C4EBC11103EBC1010844064B0021C2FB030130BD0000B13A020031
:20BE00009405F5FF0028004080EE3600005C260510B5FEF747FA10B1FDF734F908B100204C
:20BE200010BD012010BD00007CB50D46060014D0002D12D0094CA07808B1606B01E04FF4B5
:20BE4000FA4001AA694600F049F800983060019828600098E065019820667CBD98010020E6
:20BE600030B58DB00C46050034D0002C32D0002205A9194806F018F900220BA9164806F0B5
:20BE8000F1F800226946144806F00EF900220AA9114806F0E7F89DF816009DF80210884270
:20BEA000E5D19DF82E009DF82A108842DFD19DF82D009DF829108842D9D19DF82F009DF863
:20BEC0002B108842D3D1142269462846F4F7AAFC0A9820600DB030BD782B01202DE9F05FE0
:20BEE00093465FEA010A07464FF063084FF4A0794FF0FF362FD0BBF1000F2CD00FB94FF48D
:20BF0000FA477F24651C00232A463846194600F08DFB38B1B0F5004F15D84543BD4203D3AD
:20BF2000E91B02E00120F8E7791BB14208D301D1444505D8B14206D1444504D1484502D9F1
:20BF40000E46A0468146641EDCD5A9F10100CAF80080CBF80000BDE8F09F00002DE9F05F74
:20BF60000546007F0F46012828D04FF0010B85F81CB0022068772868002680684FEA406075
:20BF8000FAB1002800DBFE70B878397840EA01447878F978000240EA014004432968CA20A5
:20BFA000486229685320486228460DF0B5FB4FF0FF084FF0040A002865D116E00220BDE860
:20BFC000F09F002800DBFE7038780DF09AFB040478780DF096FB44EA0024B8780DF091FB8E
:20BFE0000443F87844EA0044D8E72F480440286804602E490FB1BA6812B90869C0F30E0252
:20C0000028684FF00004B0F1000902D00069C0F30E040FB1B86810B90869C0F30E000FB108
:20C02000796800E00021814200D90146401A904200D910460AB1944204D12146A04212D946
:20C04000084610E0631C521C074671084FEA3200E7FB03014FF00003F4F7CCF9221A76EB0F
:20C06000010100D22046211AC9F828102868816821F4802181602868806880060BD42846F7
:20C0800006F03AFA38B12968C1F8248085F81DA02E77012093E72968C1F8248085F81DB0ED
:20C0A0002E7700208BE700007F7F7F0000280040FEB516460C4605005AD0002C58D0FFF78A
:20C0C00039FE0022331A72EB010303D2801B61EB020101E000200146264A0023F4F78AF951
:20C0E0001646074602AB01AA6946FFF7BFFD2248B6FBF0F12170B6FBF0F100FB11604EF60F
:20C100006021B0FBF1F26270B0FBF1F201FB12004FF47A72B0FBF2F1A170B0FBF2F102FB49
:20C120001100A6681EB915490969C1F30E06711CA0FB01010023F4F75DF9B04200D93046A2
:20C14000301AC4E901060098FF1CA0F5FA60E870019868700298A870072097FBF0F100FB2F
:20C160001171C91D91FBF0F200FB1210401C2870FEBD0000005C260580EE3600002800408A
:20C1800000B58BB0002269461F4805F08DFF00220AA91D4805F066FF002205A91A4805F03B
:20C1A00083FF00220AA9184805F05CFF9DF802009DF816108842E5D1079818B91348006972
:20C1C000C0F30E000699814200D90146411A4FF47A725143401CB1FBF0F09DF814104FF41A
:20C1E000616211FB02F19DF81520C2EB021201EB82019DF816200BB0114401EB4102C2EBCC
:20C20000C11100EBC10000BD782B012000280040D0F844210A43C0F8442170472DE9F04F14
:20C22000C94887B0B0F8AC02C84CC0F30017002627B1607C10B9F6F75DFB0646DFF81083E4
:20C240000025B8F89402012825D16FB3DFF8FC92607C09F1800968B900F0C0FE0EB100F0F0
:20C260005DFE00F087FE0220A07404F05FFA5030C9F80000A07C70B104F058FAD9F80010C6
:20C280000646401A07D400F075FEA07C401EA0747836C9F800606774E078AE4FAE4E78B108
:20C2A000B6F8520010B10BE0A574F4E796F86E0030B9E570D7F8E00240F02000C7F8E00202
:20C2C000D7F8E0024FF0010A800623D5D7F8E00220F02000C7F8E002B6F8520010B996F80C
:20C2E0006E0010B184F803A014E09C494FF480709B4B91F82A104200CDE90201CDE9002367
:20C30000984A99499548FCF783FFC8B180219748FFF77EFFD7F8E0024FF0AD0BC0071BD041
:20C32000DFF84C92B9F80000400715D4F6F700FCB8F89402022809D0FFF76AFD08B325E018
:20C3400014228C498548FDF7B1F8E3E7D7F8E00220F00100C7F8E002D7F8E002400607D568
:20C36000D7F8E00220F04000C7F8E002F6F7D6FDD7F8DC02B846000760D5B6F85200E0B3E1
:20C380005CE0FFF7CBFC08B90CF098FE02F0B8F999ED020AD9ED010AB9F8260030EE601ADC
:20C3A000D9ED060A99ED030AADF814008DF800B082208DF8010011EE100A8DF802A0CDF8F9
:20C3C000030010EE900A1322CDF8070010EE100A6946CDF80B00BDF81400ADF80F00DA20B3
:20C3E0008DF811008DF812006348F8F723FF0028ACD16148FDF7D3FBA8E7FFE796F86E00D3
:20C40000E0B9B07CD0B9F07CC0B900F0F9F960B1F9F770FE022003F013FF00F0B5F94E483D
:20C42000FAF748FCF9F782FD02E04B48FAF742FCD8F8DC1221F00801C8F8DC12607AA1466D
:20C4400068B396F86E0050BB72B689F8095062B6B6F8520010B100F009FA1EE0002700F0D7
:20C46000CFF928B10127F9F745FE022003F0E8FE3B4C1834206840F080502060142003F0C3
:20C48000DFFE206840F480502060142003F0D8FE00F07AF90FB1F9F749FDF6F7CFFB99F815
:20C4A00007004C46C0B3B6F85200A8BB96F86E0090BB002700F0A4F938B10127F9F71AFEF9
:20C4C000022003F0BDFE00F05FF9F07C10B108F06DFFF574B07C00B1B57472B6207AE5712C
:20C4E00062B600F0D1F88DF800B095218DF80110CDF80200DA208DF806008DF807000822E8
:20C5000069461D48F8F796FE1B48FDF748FBF6F795FB0FB1F9F70AFDA07A48B1D8F8E002F1
:20C52000C00705D172B6208BA57262B600F0ECF9FFF7BEF9F9F76EFFF6F7BEFB07B0BDE87B
:20C54000F04FF6F707BB0000905C002098010020F89E0020A4B900200829002024C200209E
:20C5600000040240E02F0120242B0120A4B1002094A1002028B00020902C0020F0B5044648
:20C580002548A3B00026016841F080510160006800F08050009004F04FFF1F4830300068C0
:20C5A0001F4A1E4910F4407F4FF00105116016D1342116A8F4F792F958216846F4F78EF929
:20C5C00008271697CDE91B5616A805F091FAB0B9680209900097684604F06AFF78B9114882
:20C5E0000560012C10D0022C0ED0002212210C4805F04DFC00221321094805F048FC23B023
:20C60000BDE8F04004F00CBF074A1221044805F03EFC2246EFE70000403802400028004027
:20C62000782B01203C0E4742A120E30C70B552EA030407D05C084FEA320528186141F3F7D4
:20C64000D9FE70BD002070BD00B591B0AD218DF8001010218DF8011001463C220DF10200C4
:20C66000F4F759F8DA208DF83E008DF83F00402269460448FDF716FA0248FDF790FA11B013
:20C6800000BD0000902C00202DE9F047DFF8F0900446ADF5806DB9F81070B9F85200002828
:20C6A00069D1384D2878C00704D100F06DF82878C00760D004B90124BC4200D9FCB2002C00
:20C6C00059D04FF4007A3C1B4FF00008554651466846F4F703F9294680A8F4F7FFF8CCB119
:20C6E000601E3F21B0FBF1F2B0FBF1F501FB120616F10106D9F84810802901D3A1F180085B
:20C70000D9F8501149B1A84507D152466846F9F7FBFB08E000252E46ECE7694605F1800083
:20C7200000F094F838BB00963F2E01D3012000E000207F902CB9D9F808100191D9F80C0046
:20C74000409005F180006946064600F031F990B980A905F1810000F02BF960B9A9F8104077
:20C76000C9F84860D9F850014D4618B152466946F4F758F82F8A0DF5806D3846BDE8F0870E
:20C78000082900204002002010B5194C206820F0010020600DF0FCFD022003F051FD1548ED
:20C7A00007F058FA002821D1206842F2107140F001002060104800E000BF8268920701D4D9
:20C7C000491EF9D20C490D4A0C311160016821F040010160416841F002014160016841F099
:20C7E00040010160BDE81040F6F7EABA10BD000040020020982B0120003001406064024087
:20C800000020042100E0401C21FA00F2D20713D0102813D20B4909684000C14001F00300B7
:20C8200003280DD000200849096841F30031491C20B119B1012070471028E4D3002070470B
:20C840000120F0E7000002401404024070B50D46064600242946304607F078FD002804D00F
:20C86000641C042CF6D34FF0FF3070BD70B508F09DFD214C0020E074A07442F210711F48DC
:20C8800000E000BF8268920701D4491EF9D21C490A6822F001020A6000E000BF0A68D2072F
:20C8A000FBD1016821F040010160416821F002014160016841F040010160124D286840F0D7
:20C8C00080502860142003F0BBFC286840F480502860142003F0B4FCFFF756FFB4F85200E6
:20C8E000002808D094F86E00002804D10220A4F85801A4F85A0170BD082900200030014044
:20C9000058640240180402402DE9F041ADF5816D04464FF4017841466846F3F7DFFFAD2014
:20C920008DF800001F4994208DF80100886C6D464FF4007280280AD3803880B2A04206D14C
:20C94000D1F8501119B1A81CF9F7DEFA18E01646114681A8F3F7C2FF134F3878C00704D12A
:20C96000FFF712FF3878C0070AD081A904F18000FFF76CFF20B9324681A9A81CF3F7CBFE6D
:20C98000DA208DF802028DF80302424669460748F8F750FC0548FDF702F90DF5816DBDE8F8
:20C9A000F08100000829002040020020902C002070B50D46064600242946304608F0B6FFFD
:20C9C000002804D0641C042CF6D34FF0FF3070BD1CB5040024D043F29420005B02281FD120
:20C9E0001048807958B91048B0F85811012902D0B0F8580118B940F6C410FEF79FFC0BA158
:20CA00000522D1E90001CDE9000169462046F8F711FC2046FDF7C3F8BDE81C40FEF7A0BC05
:20CA20001CBD000098010020082900205A5A30A5A500000010B500280ED000F540510C4642
:20CA4000D1F83412002907D0FDF70AFAD4F83402BDE8104006F0A7BE10BD38B5050031D0BD
:20CA600000F09AF805F54054D4F83402002829D00168C4F830120068002823D0002921D07F
:20CA80002846FDF730FAD4F8300278B141688DF80010016821F0200101609DF80000D4F848
:20CAA0003002C16842F220021143C160D4F82402002807D0284600F075F82846BDE8384009
:20CAC000FDF76DB838BD000038B504000FA0006800901AD004F54051D1F83402002814D031
:20CAE0000068002811D0D1F8300200280DD0204600F058F8032269462046FCF7D3FF2046BA
:20CB000000F0CEFA2046FDF74AF838BD3C803E0070B50D46040018D0002D16D028680028A3
:20CB200013D0002A11D043F298200251204600F037F829462046FCF76FFE2046FFF78DFF25
:20CB40002046BDE87040FFF7BFBF70BD00281BD000F54050D0F83402002815D00168002944
:20CB600012D00A4800E000BF0A68520601D4401EF9D2074A07489142416802D141F4006195
:20CB800001E041F48051416070470000400D0300001401400000024010B50DF007FC10BDDD
:20CBA0000DF004BC094960B100F54050D0F8340238B10068064A904203D1486820F4006067
:20CBC00002E0486820F4805048607047000002400014014070B500281ED000291CD000F5A4
:20CBE00040540546D4F83422002A15D01268002A12D0C4F83022C4F8981200F051FA284682
:20CC0000FCF7CDFF002807DA2846FDF717F92846BDE87040FCF7C3BF70BD00002DE9F04F20
:20CC200091B0DFF8CC820DAA02A94046FCF73BFE002845D108F5405AAE4EBAF8942200271A
:20CC4000022A00D137700299AB4CDFF8B0920878AB4D4FF0040B832874D042DC402872D008
:20CC600031DC302829D031287FD0342828D104220EA8491CF9F748F90299142203A8491D05
:20CC8000F9F742F90E980F90142203A908A8F3F7C9FD40F6C41208A90FA8FFF709FA002253
:20CCA0000FA9984805F07CFB002208A99548FFF755F903A90EA8FEF7DBFB4046FFF788FE4D
:20CCC00011B0BDE8F08F412868D080286FD08228F6D10D9A002903D0042A01D3822867D0F0
:20CCE000D2E0DFF82482A1287ED02EDC86287CD089285ED08A28E3D104226846491CF9F77C
:20CD000003F90299142204A8491DF9F7FDF8002269467C4805F044FB002204A97948FFF700
:20CD20001DF9A9F800B0D4F8E00220F00100C4F8E002B5F8940220F0400040F08000A5F84F
:20CD40009402BDE7BBE022E00FE0AB287AD0AC28B6D14878CA28B3D1AC21C8F8041001209D
:20CD600003F06EFAF4F73AF8AAE7022AA8D1FEF735FB66A10522D1E90001CDE9030103A991
:20CD80004046F8F757FA4046FCF709FF98E7022A96D1D4F8DC0240F0020005E0022A8FD1ED
:20CDA000D4F8DC0220F00200C4F8DC0288E74AE061E0524800F05EFF0120A9F800009FED0E
:20CDC000550A86ED090A86ED0A0A86ED0B0AD4F8E01241F00101C4F8E012B5F8941221F05C
:20CDE000800141F0400101E06DE01BE0A5F89412BAF894120229A4D13C218DF80010822147
:20CE00008DF801108DF8020041208DF803008DF804703E208DF8050006226946344800F0E8
:20CE200072F94DE704226846491CF9F76DF80299142203A8491DF9F767F803A96846FEF745
:20CE400017FB3DE749E0707800288DD13248B0F85210002988D190F86E10002984D1B0F8D3
:20CE60005811012903D0B0F8580100288ED1204800F016F924E74878532805D188785228C7
:20CE800002D1C878012891D0ADF800704888ADF80000B5F89402BDF8001020F0C00001F0A2
:20CEA000C0021043A5F894020806BAD5A9F800B0D4F8E00220F00100C4F8E00200E7487838
:20CEC000FDF746FBFCE6487818B1012801D00228A7D1FFF753FBA12103E04878BA28A0D11A
:20CEE000AB21C8F80410012003F0AAF90EF09EFAF86E002098010020A4B9002094A1002034
:20CF0000905C0020782B0120001001405A5A31A5A5000000000000000829002038B510A0D3
:20CF2000006800900F48B0F89402012817D10E480E49806B884212D1192003F081F9002444
:20CF4000042269460A4800F0DEF80948FCF7EEFE502003F075F9641CE4B2022CF0D338BDE7
:20CF60003CA1023EF89E0020C0A50020A82E0120F86E002000B516488DB0B0F89402012825
:20CF800023D1002208A9134805F08EF8002207A9104805F067F83C208DF800008A208DF866
:20CFA00001000798CDF80200142208A90DF10600F3F7B1FB3E208DF81A001B226946064852
:20CFC00000F0A1F80448FCF7B1FE0DB000BD0000F89E0020782B0120F86E002070B586B005
:20CFE00014216846F3F77AFC264CB4F89402012845D125482549806B884240D12448407B33
:20D0000000283CD1084606F0CEFB204806F018FC20480021026842F00102026000684FF427
:20D02000805500F00100009505900120CDE90101194E03916946304603F078FA0122294610
:20D04000304603F06EFB022003F0FAF800222946304603F066FB282003F0F2F801222946E5
:20D06000304603F05EFB022003F0EAF80DF09EF90A48C4F89802A4F54050FFF7EEFC06B0FC
:20D0800070BD0000F89E0020C0A50020A82E0120980100203038024000000240A4B1002017
:20D0A000F8B504004FF0FF360BD004F54055D5F8980230B16A4640F203212046F8F72EF918
:20D0C00008B13046F8BD00983C214FF4007200F8011B012100F8011BD5F89812F3F71BFB01
:20D0E00000993E2081F802022046FFF75BFD2046F8F7B5F80028E5D02046F8F788F92046ED
:20D10000FFF724FDDDE72DE9F04115460E4604004FF0FF371ED0EEB1E5B104F54050D0F851
:20D120003412B9B10968A9B1D0F8300290B12046FFF738FD2A4631462046FCF7B3FC60B1A8
:20D140002046FCF77BFE2A4631462046FCF7AAFC90B902E03846BDE8F0812046FCF71FFDE3
:20D16000401C07D12046FCF769FE2046FCF717FD401C01D00020EEE72046FFF7E7FCE9E71D
:20D1800038B5040008A0006800908DF802100AD02046FFF707FD042269462046FCF782FC81
:20D1A0002046FCF7FCFC38BD3C83003E10B5314C206840F00200206001220621072004F04B
:20D1C000F1F8072004F0E1F8206840F00400206001220721082004F0E5F8082004F0D5F809
:20D1E000206840F00800206001220521092004F0D9F8092004F0C9F8206840F01000206092
:20D20000012207210A2004F0CDF80A2004F0BDF8206840F02000206000220721172004F040
:20D22000C1F8172004F0B1F8206840F08000206001220721172004F0B5F8172004F0A5F8BE
:20D24000206840F48070206001220621172004F0A9F8172004F099F8206840F40070206024
:20D2600000220721172004F09DF8BDE81040172004F08BB8003C014004490B68012282401F
:20D2800093430B600868104308607047103C01404FF6FF71A0FB010143F290325310C0185A
:20D2A00010B541F100010023F3F7A4F880B210BD4FF6FF71A0FB010140F6E4425310C018E5
:20D2C00010B541F100010023F3F794F880B210BDF0B50E4602F00701D7080446464A474883
:20D2E000002585B0944207D1026842F001020260006800F001004BE0414A944207D10268FE
:20D3000042F002020260006800F0020040E03D4A944207D1026842F004020260006800F06A
:20D32000040035E0384A944207D1026842F008020260006800F008002AE0344A944207D106
:20D34000026842F010020260006800F010001FE02F4A944207D1026842F0200202600068A7
:20D3600000F0200014E02B4A944207D1026842F040020260006800F0400009E0264A94427F
:20D3800007D1026842F080020260006800F08000009099B101291AD0022925D1142168466B
:20D3A000F3F79CFA01200096CDE9010569462046039503F0BBF8CFB1012218E014216846A9
:20D3C000F3F78CFA03200096CDE9010507E014216846F3F783FA02200096CDE901506946C9
:20D3E0002046039503F0A2F805B0F0BD00223146204603F096F9F7E70000024030380240F5
:20D400000004024000080240000C0240001002400014024000180240001C024061B10E4B63
:20D4200001290FD0022911D0032914D190F8EF2219151846FFF74CBF90F8EC224FF4005176
:20D440000648F7E790F8ED221021F2E790F8EE224FF40071EDE7704700000240000802409C
:20D4600010B5F8F7FDFE04461A48016841F00051016000200DF0D8F800F086F80120F8F79A
:20D4800017FF05F090FB1449486814B140F0030001E020F00700486003F0BCFF0F480168E3
:20D4A00041F00401016003F0AFFF0D49086820F400700860086820F4806008604FF0010175
:20D4C00008461CB1BDE8104003F0C2BFBDE8104003F0D0BF18080240002004E0007000403B
:20D4E000003C024010B5172003F03EFF0CF086FE0CF092FE1B4C1C49B4F89402022802D06C
:20D50000012802D003E0194800E0194888631948006870B1816B61B1D4F83402884202D01A
:20D520001548FCF779F91548C4F898021248FFF794FA1348FCF7D7FC1248C16841F400516E
:20D54000C16000220721172003F02CFF172003F01CFFB4F89402012803D1BDE81040FFF79C
:20D560003DBD10BDF89E0020C0A50020382F0120A82E0120A4B90020F86E0020A4B10020B2
:20D58000902C0020001001402DE9F04786B0F8F7CDFC6748406B0126002548B96548B0F827
:20D5A000520028B96448D0F8DC0210F0020F6CD0002080466148016841F0010101600068A5
:20D5C000142100F0010005906846F3F787F95C485D4F5D4CB0F894225A4814374FF4C051E0
:20D5E000012A54D05FEA0802DFF860818A4608F10409009165D00321CDE90115694602F0A4
:20D6000095FF206820F4C0502060D8F8001021F4C051C8F80010D9F8001021F4C051C9F8AC
:20D62000001050463860282003F09EFE4848016841F400410160474806F0B5F8454806F050
:20D64000FFF840200090CDE90165434C69462046039502F06BFF01224021204603F061F8F9
:20D66000802000904FF40410CDE901066946204602F05CFF00220721172003F093FE1720C8
:20D6800003F083FE06B0BDE8F087012091E70091CDE90165884600224FF40061814603950B
:20D6A00003F03FF801221103484603F03AF86946484602F03BFF206820F4C050206040463B
:20D6C000B0E74FF44411CDE90116694602F02EFF1A481430016841F480410160006800F4BE
:20D6E000804005901D48016821F470410160001D016821F00F010160206840F4C05020608C
:20D70000D8F8001041F4C051C8F80010D9F8001041F4C051C9F80010C7F800A00022062173
:20D72000282003F03FFE282003F02FFE7EE70000A4B1002008290020A4B9002030380240B7
:20D74000F89E002000000240003C0140083C014018080240F02E012000040240103801405F
:20D76000042902D2431883F8EC22FFF757BE0000F8B54FF0000104004FF010058DF80010DF
:20D7800048D0216061602448F3F7F0FC234800F089F82348B0F8521011B990F86E0000B12B
:20D7A00011251E4ED6F8DC0210F0020F01D045F002056846F5F7EEF89DF8001009B145F0E9
:20D7C0000405D6F8F412B1F1807F01D36FF07F41D6F800230A23B2FBF3F292B2B2F57A7F44
:20D7E00001D340F2E732257061700D0AA570090CE17020716420B2FBF0F06071B2FBF3F00F
:20D80000B0FBF3F103FB1100A071B2FBF3F003FB1020E071F8BD00009CC20020A4B900209A
:20D82000082900200022C0F8DC22022380F8EC32C0F8E822C0F8002301607047D0F8DC02A9
:20D8400000F0020070470000134810B5016841F400710160016841F48061016000200CF093
:20D8600035FE002003F034FD04F062FEFFF73AFE0A48016841F000410160016841F4005132
:20D880000160322002F0DCFC0548D0F8E01241F00101C0F8E01210BD003C0240180802407A
:20D8A000A4B900202DE9FC4705460020009001903F48F3F75BFC4FF0FF3900286BD13D4CDA
:20D8C000E07C022806D23A48F3F750FC10B9E07C401CE074364C60680768F86B46F2207871
:20D8E00080B2A0FB080147F6FF7280184FF6FF7641F1000132460023F2F77CFD0090386CEE
:20D9000043F2903780B2A0FB07017210801841F1000132460023F2F76DFD019000984FF48F
:20D92000FA61884209D3024641F66410824204D8019A8A4201D3824221D91D48F3F716FCF9
:20D94000E8B960680468E06B47F6FF7280B2A0FB0801801841F1000132460023F2F74AFD8D
:20D960000090206C47F6FF7280B2A0FB0701801841F1000132460023F2F73CFD0190009857
:20D9800048B10146019A41F27070914208D9814204D9104608E04846BDE8FC87084603E020
:20D9A00011468242FAD90098C5F800030020F3E79CC20020980100201CB512A00068019074
:20D9C000EFF31080002815D1EFF3058090B904F0AFFD042201A90C4800F03AF80B48642159
:20D9E0000068B0FBF1F0009001E000BF0846411E0091FAD272B6BFF34F8FBFF36F8F0DF094
:20DA000015FD0000ADABDADAA4B90020D00500200A4A10B5A2F580610948F5F735FD094825
:20DA20000068002808D0816B002905D0BDE81040054A0648FFF76CB810BD0000A4B50020A2
:20DA4000D8050020A4B90020A4B10020F86E002010B50446D0F8C002F7F7ECFBD4F8C00255
:20DA6000BDE81040FCF79BB870B5F8F7F9FB214D0446286840F00050286001200CF0D4FD25
:20DA80000520F8F715FC05F08EF81B49486814B140F0010001E020F00100486003F0B4FC9F
:20DAA000164C206820F400702060206820F4806020600121084603F0CBFC206840F4007026
:20DAC0002060206840F48060206000200CF0FEFC04F02EFD00F014F8286840F000402860F1
:20DAE000286840F400502860BDE87040322002F0A7BB000018080240002004E0003C0240AB
:20DB0000074810B5006828B1816B19B1054A0648FEF7FEFFBDE810400148FAF72FB8000055
:20DB2000A4B90020A4B10020F86E002070B5094D04460022286804F5A871006C04F0B4FAD6
:20DB4000286804F5A6710022006CBDE8704004F089BA0000A4B90020C0F80013704700000C
:20DB60002DE9F04788B005461E46DDE910091C230F46129A0021C5F8A0321F23C5F89C32D5
:20DB800095F808806B68D3F84C41022384F8B831A662E0622263676306FB08F35B004FEA92
:20DBA000E37CCDE9063C324B5843C317CDE9040309FB02F04000CDE902017801C217CDE968
:20DBC0000002002004EB400211811183401C0828F8DB6763A4F80880DDE90601DDE90023C9
:20DBE000F2F708FC2083696806984FF0010AC1F88C00A4F80AA0DDE90401DDE90023F2F7B4
:20DC0000F9FB608369680498C1F8B000A4F80C90DDE90201DDE90023F2F7ECFBA0836968A9
:20DC20000298C1F8D4001020E081A4F81EA069680098C1F8F80040F2E240864200D206467E
:20DC4000B6FBF7F084F8400140F27120B6FBF0F084F84101B6FBF7F14FEAE87208EB1270BC
:20DC600000114143A4F8421108B0BDE8F0870000007102009FED0B0A002180ED070A80ED2C
:20DC8000080A80ED050A80ED030A80ED040A80ED060A80ED010A80ED020A8184C1840185C3
:20DCA00001807047000000002DE9F04704462DED088B008800287DD09FED51AA012802D069
:20DCC000022877D112E0E08C04EB800080ED0B0AD4ED050A40EE0A0AC4ED050AE08C401CE9
:20DCE000E084E08CFF2865D9022083E00020DFED458A0546B0EE688A9FED439B04EB8026D5
:20DD000004EB800806EB8500D8ED050A90ED0B0A30EE600A10EE100A10F012FE41EC100BB8
:20DD2000B0EE491AF0EE691A0DF08AFEB0EE40BAF0EE60BA18EE100A10F002FE53EC1B2BC7
:20DD40000FF04CFF0FF018FF08EE100A6D1CFF2DD8DD06F12C004FF4807100F015F928EE7E
:20DD60000A0A10EE100A10F0EBFD41EC100B0EF0F3FC51EC100B0FF0FFFE08EE100A402591
:20DD80009FED239B4FF0C0095FF0000706EB8500C06A10F0D5FD53EC192B0FF01FFF41EC9C
:20DDA000190B6D1C7F1C4D45F0D377B1384610F0E1F900E01FE041EC100B51EC190B53EC7F
:20DDC000102B0FF0C7FF41EC190B51EC190B0FF0D3FE00EE100A042088ED070A96ED8A0AF8
:20DDE00088ED080A88ED068A94ED070A84ED020AC4ED018A20802088BDEC088BBDE8F087AC
:20DE00000000803B000000000000000000000040000000000000000070B50C468CB0054609
:20DE20000026324605A9204604F03EF932460AA9204604F017F99DF815109DF81600C1EB5F
:20DE4000011100EB8100069942F20F72511AAD228DF800208C228DF80120CDF80200CDF831
:20DE60000610DA208DF812008DF81300142269462846FBF717FE0A4C58B1208D401C80B26F
:20DE80002085032801D3082020804FF0FF300CB070BD2846FBF783FE00202085F7E700003B
:20DEA00094A1002038B50546AD208DF800008B208DF80100DA208DF802008DF80300042223
:20DEC00069462846FBF7EEFD094C50B1208D401C80B22085032801D3082020804FF0FF30DD
:20DEE00038BD2846FBF75BFE0020208538BD000094A1002070B50C468EB0054600263246C7
:20DF000007A9204604F0D0F832460CA9204604F0A9F89DF81D109DF81E00C1EB011100EBE9
:20DF20008100089942F20F72511AAD228DF800208D228DF80120CDF80200CDF80610102103
:20DF40000DF10A00F2F7A8FCDA208DF81A008DF81B001C2269462846FBF7A4FD094C58B1A7
:20DF6000208D401C80B22085032801D3082020804FF0FF300EB070BD2846FBF710FE002013
:20DF80002085F7E794A1002070B500234E1E14E00022CD1A6D1E0DE000EB820494EC020A83
:20DFA000B4EEE00AF1EE10FA03DDC4ED000A84ED010A521C9542EFD85B1CB342E8D3002082
:20DFC00070BD0000F0EE400AF5EEC00AF1EE10FA02D89FED0D0A704710EE900AB0F17E5F0C
:20DFE00002DDB0EE600A01E0B7EE000A0020B6EE001A00BFC0EE801A401C062831EE800A92
:20E0000020EE010AF6DB70470000000090ED010ADFED150AB8EE401A9FED140AC1EE001A79
:20E0200090ED001AB8EE411A31EE811AD1ED011AB8EE612AC2EE001A91ED000A0C49B8EE37
:20E04000400A31EE800A31EE400A10EE100A884202DD30EE600A704710EE100A0549884234
:20E06000F9D930EE200A70470000614500401C460000E1440000E1C42DE9F04705462DED0B
:20E08000088BADF5806DB0EE40BA008801285ED1EC8C8C425BD3B4F5807F58D89FED608B23
:20E0A0000026B0EE48AAF0EE68AA0CE005EB8600C06A10F045FC53EC1A2B0FF08FFD41ECB1
:20E0C0001A0B761CB6B2A642F0D3204610F052F8884648EC110B074653EC112B51EC1A0B7E
:20E0E0000FF038FE41EC190BB0EE48AAF0EE68AA002616E005EB8600C06A10F021FC53EC02
:20E10000192B10F033FB41EC110B53EC112B10F0C7F853EC1A2B0FF061FD41EC1A0B761C45
:20E12000B6B2A642E6D348EC107B51EC1A0B53EC102B0FF00FFE0FF01FFD82466BEE0B0ADE
:20E1400000EE10AAB4EEE00AF1EE10FA06DD00200DF5806DBDEC088BBDE8F0870020E94609
:20E160000AE000BF05EB800191ED0B0A09EB8001401C81ED000A80B2A042F3D321464846DA
:20E18000FFF702FFA708E01B86B2BE4201D800272646002080460FE059F8270010F0D0FB22
:20E1A00053EC182B0FF01AFD41EC180B08F1010080B27F1C8046BFB2B742EDD3B8F1000F08
:20E1C0000BD00FF0D7FF41EC100B51EC180B53EC102B0FF0BFFD41EC190B51EC190B0FF001
:20E1E000CBFC00EE100A610809EB810085ED070A90ED000A85ED080A00EE10AAFFF7E2FE66
:20E2000085ED060A95ED070A042085ED020A9FED060A85ED010A288001200DF5806D99E7F6
:20E2200000000000000000000000000072B60D4845F255510160C1688907FCD103214160D8
:20E240004FF47A718160C1688907FCD14AF6AA2101604CF6CC410160BFF34F8FBFF36F8FCD
:20E260000DF0F6F800300040002807D0044A0168914203D10022CA60006802617047000018
:20E28000000001402DE9F04FE84CA1B0206A18B1006808B1012700E00027E5481290B0F849
:20E2A000940202287ED000208146F9F793FC01900BF0F0FFDF4801688DB240F2E2418D427C
:20E2C00000D20D46B0F808804FF0000ACDF830A0CDF834A0CDF838A01C2104A8CDF83CA04B
:20E2E000F2F7FCFA142115A8F2F7F8FACF484669C6E901AA306801F023FBCDE9100102469C
:20E300000B46CD480021F2F775F804464FEA580005FB00FBCDE91EBA0290DDE91001726879
:20E320000023521CF2F766F800235A4619461090F2F760F8401EF0602FB1B9F1000F02D0E9
:20E340004FF6FF70F0604FF0800BC6F818B03046C6F810A004F0D0FC08B101F0DBF8202008
:20E360001A9080201B901AA9304604F04FFC08B101F0D0F84FF480500C900CA9304604F0F0
:20E38000EEFE08B101F0C6F8304605F0D5F808B101F0C0F870200490F068401E05900220FE
:20E3A000002200E04BE0069004A9CDF820A0304605F05CF808B101F0ADF8AE20B0FBF4F0FD
:20E3C000401C0590082204A9304605F04FF808B101F0A0F8602004909A20B0FBF4F0401CC8
:20E3E000CDE9050A54460C2204A9304605F03EF808B101F08FF8304604F0B8FFDFF83CA23B
:20E40000DFF83CB23FB38F493068884212D0B0F1804F0FD050450DD058450BD08A49884253
:20E4200008D08A49884205D08949884202D08949884210D1B9F1000F03D0042002E00120F4
:20E4400032E70620CDE9150415A9304605F047F908B101F05FF83068016821F008010160C8
:20E460000198DFF8C891B5FBF0F0D9F81C2000FB08F04FF0FF3101EB5001D160D9F81C0079
:20E4800004F03AFC08B101F045F8EFB3D9F81C60DFF8B0813068404512D0B0F1804F0FD026
:20E4A00050450DD058450BD06749884208D06749884205D06649884202D0664988420DD12F
:20E4C000142101A8F2F70AFA0720CDE9010401A9304605F004F908B101F01CF8D9F8186076
:20E4E0003068404514D0B0F1804F11D050450FD058450DD0544988420AD05449884207D05D
:20E500005349884204D000E00DE0524988420CD100215148CDE9040174604FF001082A46B1
:20E520000B46B4600EE0D9F818604FF00008306801F006FACDE904017460B460DDE9040101
:20E540002A460023F1F756FF401EC6E903043046B46104F0D1FB08B100F0DCFFB8F1000F50
:20E560000DD0142102A8F2F7B9F90720CDE9020402A9304605F0B3F808B100F0CBFF002FFE
:20E5800050D01298B0F8940202284BD008941C2101A80994F2F7A2F9D9F820504E46286826
:20E5A00001F0CEF9CDE90A016C60AC60DDE90A012A4A0023F1F71EFF401EC5E9030428461C
:20E5C000AC6104F099FB08B100F0A4FF202008908020099008A9284604F018FB08B100F07A
:20E5E00099FF1F480BF01AFE60200190E86801A94008CDE90204728E284604F037FF08B1A9
:20E6000000F088FF284604F0B1FE2846FFF72CFE718E306A05F024F8306A04F075FD2846CC
:20E62000FFF722FE21B0BDE8F08F0000C0A50020F89E0020A4B1002000CA9A3B000400403C
:20E640000008004000000140000C004000040140004001400018004000C40900008813005F
:20E66000A4B9002000B589B0AD208DF800008E208DF801000E48C06B0D49CDF802001422D5
:20E6800028310DF10600F2F746F830208DF81A00DA208DF81B008DF81C001D226946054891
:20E6A000FBF700FA0348FBF77AFA09B000BD000040BC0020902C002010B502F037F80E4912
:20E6C00042F210724B7B33B10C4BB3F8523013B18B6F2BB106E00023CB721044886710BD66
:20E6E00083188B67C41AFAD40124CC721344C41AFCD58B6710BD00009801002008290020AF
:20E700002DE9F04F2DED028B8DB002F00FF805464EF6602A9FED958A954CA0F10809AB468F
:20E72000B4F826800027F7F7A3FD2088042824D185E000BF01F0FAFF064657B9A6EB090005
:20E74000082806D38B48FFF7ADFB08B90127B346B146E18C414502D0B4F8268004E027B193
:20E76000A6EB0B00C82800D30027711B514501D3082020802088082869D020880028D9D0CB
:20E780004FF0000901F0D2FF0646B346B4F826803FE000BF01F0CAFFE18C074641450CD024
:20E7A0002088012809D1B4F826804FF000094021B0EE480A6E48FFF75FFC208804282BD0ED
:20E7C000B9F1000F05D0A7EB0B00C82819D34FF00009B81B082814D3E08C48B9781B41F2CD
:20E7E0008831884204D964496248FFF715FB03E061496048FFF77EFB10B94FF00109BB46A5
:20E800003E46791B514501D308202080208808281DD020880428BDD15FF0000594ED020AA6
:20E82000D4ED010A544830EE600AFDF749F930B1022001F005FD6D1CEDB2032DEED34F480C
:20E8400001258226B0F89402012807D059E00DB0BDEC028BBDE8F04FF7F77CBC002207A9A4
:20E86000454803F021FC00220CA9434803F0FAFB00270322694642480097FEF744FC4048D8
:20E88000FBF754FA192001F0DBFC4FF03C088DF800808A208DF801000C98CDF802001422DE
:20E8A00007A90DF10600F1F736FF4FF03E098DF81A901B2269463248FEF725FC3048FBF7EC
:20E8C00035FA0C2001F0BCFC1B2269462C48FEF71AFC2B48FBF72AFA8DF800808DF8016055
:20E8E0008DF8025081208DF803008DF804708DF80590062269462248FEF705FC2048FBF774
:20E9000015FA94ED020AD4ED010A94ED031AE08C30EE600AD4ED060AADF81400AD208DF821
:20E9200000008DF8016010EE100A8DF80250CDF8030010EE900A1322CDF8070011EE100A88
:20E940006946CDF80B00BDF81400ADF80F00DA208DF811008DF812000648F6F76BFC0548A5
:20E96000FBF71DF90748FFF7E1F870E76F12833A94A10020902C0020782B0120F89E002031
:20E98000F86E0020A4B1002010B504460C4820604FF49640606000204FF48061A060C4E9CF
:20E9A00003010C21C4E90510E061204604F016FF08B100F0AFFD2046BDE81040F9F722BC36
:20E9C0000010014010B504460B4820604FF4964060600020A0600C21E060C4E90401A061EB
:20E9E000E061204604F0FAFE08B100F093FD2046BDE81040F9F706BC00100140007831F94B
:20EA0000100000EE100AB8EEC00A82ED000A70470378407831F9133031F91000181A00EE44
:20EA2000100AB8EEC00A82ED000A704710B543780478807831F9133031F9144031F9100003
:20EA4000C3EB4403181A00EE100AB8EEC00A82ED000A10BDD1F8802005493AB1012A02D032
:20EA6000022A03D101E0034900E0034901607047FDE9020811EA02082DEA02082DE9F04FBA
:20EA8000804640F2E240020187B00C46814202D20446002604E00026944201D310260BE0F4
:20EAA00062082C4B102500BF53F82540944201D82E4601E06D1EF7D5814201D2044600E0B6
:20EAC0000C4625490020C8F80410CDE90000234801684FF0000919B14FF0FF30014623E02E
:20EAE0000021CDE9021107894FF0040BCDF804900FB1402F00D94027FF2208211848F1F7F4
:20EB0000C3FE00250DF1040A02AB3A4659462846CDF800A0F7F74AFD6D1C022D02D201980A
:20EB20000828F1D3DDE90201CDE9000108F108000690DDE90001CDE90401CDE9004908231E
:20EB4000084A02960849094808F0D4FC07B0BDE8F08F000034FF030808290020A4B1002082
:20EB60004C02002000000240A02C0120F02B012070B5044615466618106804E014F8011BF0
:20EB800080B20CF03BFBB442F8D3286080B200210CF034FBBDE8704000210CF02FBB0000EE
:20EBA000F0B5002247E000BF02EB420100EB810500EB820395ED601AD0F84073D3F8001342
:20EBC000F0EE400A21EE000A0E46012457F8227016E000BF05EB840E05EB810C9EED601AE1
:20EBE000DCED001A9CED302A491E21EE211ADEED901A01EEC21A31EE000A00D53944641C63
:20EC0000A742E7DC761CC3F80063D0F8401351F82210B14201DD314602E00021C3F80013E9
:20EC200005EB8101521CC1ED000AD3F8001305EB810181ED300AD0F844139142B4DCF0BD15
:20EC40002DE9F04F93468A460022DDF824E025E002EB420400219FED140A894600EB820775
:20EC60000BEB84060AEB840500EB840C0CEB810406EB810884ED000A84ED300AC7F80093AD
:20EC8000D8ED000A05EB8108C4ED900AD8ED000A491CC4ED600A0329E8DB521C9A42D7DBA7
:20ECA000C0E9D0E3BDE8F08F00000000002141634FF4006181627047F0B50DF1140EDDE946
:20ECC00008549EE8C0104A43426201FB03F2026201FB06F34FF47A72B3FBF2F3C36001FB26
:20ECE00007F3B3FBF2F3036101FB0CF36943B3FBF2F6B1FBF2F1C0E90161B3FBF2F101605A
:20ED00000021C16280ED060A9FED030A416380ED050A84638162F0BD0000000010B50446F3
:20ED2000806A010556D5010454D4810446D4C10427D5636A626B9A423CDB216A0B449342EF
:20ED40000CDD00EE901AF8EEE00A80EE201A94ED070A31EE000A84ED070A2BE094ED070AE0
:20ED6000D4ED060A20F4805040F4005020EE200A84ED050AA0620020E0622046F4F77AFD76
:20ED800018E0626A616B91420CDB20F480409FED160A40F4805084ED070AA0622046F4F7D0
:20EDA00019FF07E0410405D440F48040A0622046F4F78CFF606B401C60630BE0D4ED050ABF
:20EDC000C10709D0F4EEC00AF1EE10FA02DD20F00100A062A06A10BDF4EEC00AF1EE10FA9F
:20EDE000F8D240F00100F4E700000000014801F0A7B80000803201202DE9F04163490122BB
:20EE000051F8580F0B7902FA03F383600C79042303FA04F484600D79082404FA05F58560D5
:20EE20000E79202505FA06F686600979102606FA01F18160564951F8580F0F79BA408260E7
:20EE40000A79934083600A79944084600A799540856009798E4086604E4C616BA06A2368D0
:20EE6000401AA062E06A0E460844E062626E04F15C00A16E3144A166A16E914206D3C1687A
:20EE8000B1FBF2F5C16805FB1215C5605FF0000500EB850707F1200151E800CFB44441E85D
:20EEA00000CEBEF1000FF7D1396A914204D93A62016841F4007707606D1C032DE8DBA16A0C
:20EEC00021B12046BDE8F0410AF05EBD217921F0040121712168096800E000BF8A689207A9
:20EEE000FBD519680A6822F040020A6019684A6822F003024A60D96C09680A6822F0010260
:20EF00000A60996C09680A6822F001020A6019680A6842F040020A60E16A40F6F41601F6CD
:20EF2000F411E1628168C26802F6F412C260C2688A4206D3C268C368B2FBF1F202FB113262
:20EF4000C260002200EB820505F1200353E8007F374443E8007CBCF1000FF7D12B6A8B4220
:20EF600004D92962036843F400730360521C032AE8DB2046F6F7CEFAFCF730FCF6F7C6FA6C
:20EF80002046BDE8F04103210EF082B8003101206031012010C30020704700000D4910B510
:20EFA0000868002815D0886D002812D011F85C3F20229A4082600A78102191408160064880
:20EFC000FAF746FD002804D1BDE810400248FDF7BDBD10BDA0330120F86E0020014800F0D3
:20EFE000AFBF0000E02F012070B50F4EB46D256896F85C1010208840284205D0A1680143C5
:20F00000A1600A48F1F732FF96F85C1020208840284207D0A1680143A160BDE87040034853
:20F02000F1F724BF70BD0000E03201209CC200202248012250F8581F03799A408A6003791F
:20F0400004229A408A60037908229A408A60037920229A408A600279102090408860184817
:20F06000036B426A0168D21A4262C26B1A44C263826A1AB10CF0D4B800BF00E00868826895
:20F080009207F9D50868026822F0400202600868426822F003024260C86C0068026822F08E
:20F0A00001020260886C0068026822F0010202600868016841F04001016070476031012099
:20F0C00010C300207047000030B599B0352217496846F1F7A7FB154C94F835008DF835008D
:20F0E0001C2204F138010EA8F1F79CFB606D1590A06DE16D16901791169C25681799102035
:20F100008840284205D0A1680143A1600848F1F7ADFE179920208840284205D0A168014373
:20F12000A1600348F1F7A2FE19B030BD403301209CC20020704700000D4810B5806C00680E
:20F14000016821F0010101600A48202250F8581F03799A408A60027910209040886006488E
:20F16000F8F767F9BDE810400320FEF785B80000982B012040300120082900207047000079
:20F180000D4910B5086888B1886D78B111F85C3F20229A4082600A78102191408160074837
:20F1A000FAF756FC10B90548FDF7D0FCBDE81040014800F0C5BE0000C0340120F86E0020EA
:20F1C00008498A6B92F85C30906D20229A408260896B91F85C201021914081600248FAF7C1
:20F1E00037BC0000F02E0120902C002001681823CAB2103AB2FBF3F2054B6FF30901032A1C
:20F200009B5CC36500D9091D81650846704700005C02040810B5014600208B698A6A4FF028
:20F22000C07453B1B3F5005F15D072B1012A0CD0022A0AD0032A09D104E01AB1012A06D0C3
:20F24000022A03D1C96AC90100D5012010BDC96AA142FAD010BD002AF7D0012AF2D0022A37
:20F26000F3D0032AF3D010BD30B50468256825F480252560046863608368402B036803D02A
:20F2800099600068C26030BD9A600068C16030BD70470000064908684A688968504048405D
:20F2A0006421B0FBF1F201FB120000F0C9BF0000107AFF1F2DE9F041FCF762FF2D4E0546AC
:20F2C00030682D4C000546D5F7143760D4F8E00240F01000C4F8E0022848B0F894020228F7
:20F2E0000BD1D4F8E002400707D5D4F8E00220F00400C4F8E002F6F743FF3946204801F0FA
:20F3000003FA204F010007F1800007D0B97D11B38046C06985420DD3281A0EE0C56101202A
:20F32000B875D4F8E00220F00400C4F8E002F6F727FF10E01449081A28440F2807D3D4F875
:20F34000E00220F00400C4F8E002F6F719FF0020C8F81C00B8753068C00408D54FF480509F
:20F360003060D4F8E00240F01000C4F8E002BDE8F0810000143C0140A4B90020F89E002097
:20F380000000024098010020005C260504480168890703D502210160F6F7FABE70470000EE
:20F3A000143C0140124810B5016849071FD50421016001F0BBF90F49C1F8E4020E4CB4F8C8
:20F3C000AC02C00606D5F3F795FA18B1FDF706FEFDF7A4FDFDF722FCF4F734FDB4F8AC0287
:20F3E000000404D4BDE810400448F8F704BF10BD143C0140A4B90020905C0020902C00207B
:20F4000004480168090703D508210160FCF706B870470000143C0140114810B50168C90676
:20F420001DD5102101600F4941F28832886990FBF2F302FB1302401C8861002A0FD10A48EF
:20F44000F1F73AFE0948FEF72DFA0748016A002905D140680068816821F00101816010BDAC
:20F46000143C0140180200209CC20020A4B9002070B5224E3068800621D5202030602048E5
:20F480000025204C808D012802D002280ED005E014221D491A48FAF709F820B1207D401C2C
:20F4A000C0B2207506E02575657508E0607D401CC0B26075052802D9FAF784F8F3E730689C
:20F4C00000060AD58020306001F024F80F48D0F8E01221F00401C0F8E0123068C00505D502
:20F4E0004FF4807030600A48F8F7A6FD3068800502D54FF40070306070BD0000143C014070
:20F5000024C200209801002028B00020A4B90020902C002072B600BFFEF74EFAFCE70000D4
:20F52000002229B101291AD002291BD04FF440720E490B6823F440730B600B6813430B607D
:20F540000A6822F078020A600A68022303EBC00002430A60086840F48030086070474FF499
:20F560008072E5E74FF40072E2E70000103C02401348016889050FD5016821F4007101603B
:20F58000016841F400610160016821F400610160016841F400710160016849050FD5016857
:20F5A00021F480610160016841F480510160016821F480510160016841F4806101607047DD
:20F5C000003C024010B586B00C46B0F1006F20D312498C421DD8A0421BD800F021F8034618
:20F5E000204600F01DF8591C13D0411C11D00021C01A00910221401C0293CDE9030100F0C0
:20F60000C5FE05A9684600F02DFE044600F076FE14B1012006B010BD0020FBE7FFFF17087A
:20F62000A0F10061B1F5C01F02D34FF0FF3070474FF48042914201D2002070472C4901441D
:20F64000914201D2012070472A490144914201D20220704728490144914201D203207047BF
:20F6600026490144B1F5803F01D204207047244942184FF400318A4201D205207047214AA2
:20F6800002448A4201D2062070471F4A02448A4201D2072070471D4A02448A4201D2082008
:20F6A00070471B4A02448A4201D209207047194A02448A4201D20A207047174A02448A42CD
:20F6C00001D20B207047A0F101628A4201D20C207047124A02448A4201D20D207047104A80
:20F6E0001044884201D20E2070470F207047000000C0FFF70080FFF70040FFF70000FFF7F6
:20F700000000FEF70000FCF70000FAF70000F8F70000F6F70000F4F70000F2F70000EEF77B
:20F720000000ECF72DE9F84304460E461546800702D00420BDE8F8836EB1B4F1006F0AD3EF
:20F740001C48844207D842B1EA1C22F003012144491E814201D90320ECE700F017FE4FF0EE
:20F76000FF3820E0CDF80080042D01D3042700E02F463A4631466846F0F7CDFF00232146A6
:20F780000220009A00F0C4FD10B100F0B7FDE2E720680099884203D000F0B0FD0220C9E7A1
:20F7A000ED1B3E44241D002DDCD100F0A7FD0020C0E70000FFFF170808490A6822F44072A1
:20F7C0000A600A6842F004020A600A684FF4803343EA002002430A6070470000103C024002
:20F7E000064A136823F44073136013681360136843F001031360017070470000103C024038
:20F80000094910B50C6824F440740C600C6844F440740C600C6844F001040C600260BFF32C
:20F820006F8F436010BD0000103C0240074A136823F440731360136843F480731360136830
:20F8400043F001031360018070470000103C0240074A136823F440731360136843F400730A
:20F860001360136843F001031360016070470000103C02401C490868C2061C4805D5C26944
:20F8800042F01002C26110220A600A68920605D5C26942F00802C26120220A600A68520681
:20F8A00005D5C26942F00402C26140220A600A68120605D5C26942F00202C26180220A6028
:20F8C0000A68D20506D5C26942F00102C2614FF480720A600A68920705D5C26942F020027E
:20F8E000C2610220086070470C3C0240A405002070B5114904460020C86100F017FF0646ED
:20F900000E4D09E0601C07D024B100F00FFF801BA04201D9032070BD2868C003F2D428682D
:20F92000C00701D001202860286810F4F970F2D0FFF7A0FF012070BDA40500200C3C024091
:20F9400010B50F490F4C88420BD00F49884208D00E49884205D00E49884202D00D49884287
:20F9600005D102F083F8216801F4604104E002F06DF8216801F4E05101B14000002110BD5B
:20F9800000000140083802400004014000400140004401400048014070B590F83C206A4D10
:20F9A000012A19D0012280F83C200A6807230468092A13D9E6680A3A02EB420293409E439E
:20F9C000E6600A788B680A3A02EB420293400268D4682343D36010E0022070BD266902EB2A
:20F9E000420293409E4326610B788A6803EB43039A4003681C6922431A610268936B23F4B6
:20FA0000401393630268936B0C8A504E06EB0454234393630A790B7CD21AD21C02EB820207
:20FA20001F2393400268946B9C4394630A790B7CD21AD21C02EB82030A8892B29A40036801
:20FA40009C6B22439A638A69AA420268936823F470239360026893680CD08C6923439360CD
:20FA60000268936823F44013936002689368CC69234301E023F4401393604A7D002A02682B
:20FA8000536802D043F4806301E023F4806353600A7D002A0268536802D043F4805301E09E
:20FAA00023F4805353604A68012A16D0022A1FD0032A026827D0136A6FF30B031362026871
:20FAC000136ACC6823431362224B0468204A9C4227D10C68122C20D023E0026853696FF354
:20FAE0000B03536102685369CC6823435361EBE7026893696FF30B03936102689369CC689A
:20FB000023439361E0E7D3696FF30B03D3610268D369CC682343D361D6E7546844F480043B
:20FB2000546004689C420AD10968A1F18053123B01D0112903D1516841F400015160002129
:20FB400080F83C10084670BD01000F000000F0FF002301400020014078B50024009490F835
:20FB60003C20012A19D0012280F83C200A6807230568092A13D9EE680A3A02EB4202934058
:20FB80009E43EE600B788A680A3B03EB43039A400368DD682A43DA6010E0022078BD2E6939
:20FBA00002EB420293409E432E610B788A6803EB43039A4003681D692A431A614A681F2381
:20FBC000072A13D205686E6B521E02EB820293409E436E630A8893B20A79521E02EB820228
:20FBE00093400268556B2B43536327E005680D2A12D22E6BD21F02EB820293409E432E6315
:20FC00000B790A88DB1F92B203EB83039A4003681D6B2A431A6311E0EE6A0D3A02EB820264
:20FC200093409E43EE620B790A880D3B92B203EB83039A400368DD6A2A43DA621B4B0568A2
:20FC4000194A9D420AD10D68122D07D1556825F400055560556845F48005556005689D42EF
:20FC60001DD1134D0B68AB4201D0112B17D1536823F480035360536843F4000353600968C0
:20FC8000A9420CD10B490C4A0968B1FBF2F101EB8101490000E0491E00910029FBD180F8F6
:20FCA0003C40002078BD0000002301400020014012000010D005002040420F0070B50400DD
:20FCC0000FD0206C40F0020020642068816821F001018160206880684FF00005C00702D051
:20FCE00006E0012070BD204600F030F865642564284684F83C5070BD70B504004FF00005F0
:20FD000003D0206C002610B107E0012070BD204600F03CF8666484F83C60206CC00610D4C6
:20FD2000206C20F4885040F0020020642046F0F7A7FF6664206C20F0020040F00100206485
:20FD400000E0012584F83C60284670BD10B500680A49884211D10A48016821F4807101609C
:20FD60000121084800F028FB0121074800F024FBBDE81040122001F0F7BA10BD0020014087
:20FD800044380240000002400004024070B586B0044614216846F0F7A1FD1D492068884258
:20FDA00033D11C480024016841F480710160006800F48070059017481438016841F001019F
:20FDC0000160016801F001010591016841F0020101600068012500F00200009505900326FF
:20FDE000CDE9016469460C4800F0A0FB0095CDE901646946094800F099FB002207211220AA
:20FE000001F0D0FA122001F0C0FA06B070BD000000200140443802400000024000040240C0
:20FE20002DE9F0410446876D00F080FC064694F835000025022806D08020606584F834503A
:20FE40000120BDE8F0812068016821F0160101602068416921F080014161206C08B9A06C32
:20FE600020B12068016821F0080101602068016821F0010101600CE000F058FC801B0528E8
:20FE800007D920206065032084F8350084F83450D7E720680068C007EED194F85C103F201E
:20FEA0008840B860012084F8350084F834500020C7E790F83510022903D08021416501208F
:20FEC0007047052180F835100068016821F0010101600020704770B504002BD094F8350087
:20FEE000022826D02068016821F00101016020680025056020684560206885602068C56024
:20FF0000206805612168212048612046FFF76EF9E56325646564A564E564256594F85C203F
:20FF20003F2191408160656584F8355084F83450002070BD012070BD90F8350070470000D5
:20FF40002DE9F84304464FF00009CDF8009063484FF41651A56D0068B0FBF1F72E6894F8E5
:20FF60005C10082000FA01F131420FD021680A6852070BD50A6822F004020A6094F85C108F
:20FF80008840A860606D40F00100606594F85C104FF0010808FA01F0304208D02168496916
:20FFA000090604D5A860606D40F00200606594F85C1004208840304208D0216809688907D5
:20FFC00004D5A860606D40F00400606594F85C1010208840304218D021680968090714D53D
:20FFE000A86020680168490304D50068000308D5A16C07E00168C90503D4016821F0080116
:020000040803EF
:200000000160216C09B12046884794F85C1020208840304231D021680968C9062DD5A860BD
:2000200094F8350005282068016806D0490347D5006800031DD4616C1CE021F016010160F5
:200040002068416921F080014161206C08B9A06C20B12068016821F00801016094F85C10AC
:200060003F208840A86084F8358084F83490216D1FE0E16B09B120468847606D00282BD028
:20008000606DC00714D0052084F835002068016821F0010101600098401C0090B84203D854
:2000A00020680068C007F6D184F8358084F83490E16C002910D001B02046BDE8F0430847BD
:2000C0000168C905D5D4016821F01001016084F8358084F83490CCE7BDE8F883D00500201B
:2000E0002DE9F041044600F021FB06465CB1022084F83500002584F834502068016821F010
:20010000010101600DE00120BDE8F08100F00EFB801B052805D920206065032084F83500E0
:20012000F2E720680068C007F0D12268116820480140D4E901031843D4E9033633431843DF
:2001400063691843A3691843E3691843236A18430843616A042903D1D4E90B1319430843E9
:20016000106020684069666A20F0070130460E43012704280CD1A06A0643E06A40B120460A
:20018000FFF748F820B14020606584F83570BAE7206846612046FFF729F894F85C203F215D
:2001A00091408160656584F835700020ACE700003F8010E070B5044690F8340000250128C7
:2001C0000CD0012084F8340094F835600020012E06D084F834000225284670BD022070BD6B
:2001E000022684F8356060652046FFF73DF82068016841F001010160EEE700000D4910B5FB
:200200006FF49A30086000200860091D0A4A0A6008600849094A10390A600860C022091DAE
:200220000A6008600322091D0A60086001F070F8002010BD20380240F3795703FF106000BA
:2002400070B5044600F072FA0546601C02D004480078044400F06AFA401BA042FAD370BDA3
:20026000C40500202DE9F047044622480F46017E01290AD00121804601764CF25039484608
:20028000FFF736FB020003D02FE00220BDE8F0874FF0FF3038602068174D012801D0A6681B
:2002A0001CE0207C6168FFF787FA4846FFF720FB0246286820F00400286014E0217C30464C
:2002C000FFF72EF94846FFF713FB0200286820F07A00286001D03E6005E0761CD4E9021016
:2002E0000844B042EAD8FFF743F9002188F818101046CBE7A4050020103C024003480168F0
:2003000041F000410160002070470000103C02402DE9F0471B4E05461446307E1F46894668
:20032000012808D0012030764CF250384046FFF7DFFA18B114E00220BDE8F0879DB1012D63
:2003400016D0022D19D022463B464846FFF758FA4046FFF7CDFA0C490A6822F001020A6057
:2003600000213176E8E7E1B24846FFF739FAEFE7A1B24846FFF75AFAEAE721464846FFF7DF
:2003800067FAE5E7A4050020103C0240074900200A68002A09DA054A054B0C3A1360054B42
:2003A00013600968002900DA01207047103C024023016745AB89EFCD2DE9F04F0022DFF8E2
:2003C0002CB101264FF00F0906FA02F401EA0403A3427DD122F003075F44D7F808889507ED
:2003E0004FEA157C09FA0CFA0AEA0805DFF80081404502D14FF000082BE0DFF8F880404553
:2004000002D14FF0010824E0DFF8EC80404502D14FF002081DE0DFF8E480404502D14FF00A
:20042000030816E0DFF8D880404502D14FF004080FE0DFF8D080404502D14FF0050808E047
:20044000DFF8C480404502D14FF0060801E04FF0070808FA0CF8A84522D12C4DD5F800C0C1
:200460002CEA030CC5F800C02D1DD5F800C02CEA030CC5F800C0254D0C35D5F800C02CEA0B
:20048000030CC5F800C02D1FD5F800C02CEA030CC5F800C0D7F8085825EA0A05C7F80858E9
:2004A000056857000323BB409D430560D50800EB8507D7F820C055074FEAD56809FA08F53D
:2004C0002CEA050CC7F820C0C5689D43C56000E005E04568A543456084689C438460521C08
:2004E000102AFFF471AFBDE8F08F000000300140000002400004024000080240000C0240FA
:20050000001002400014024000180240003C014070470000044910B50A68024202D00860A3
:20052000FFF7F6FF10BD0000143C01402DE9F84FDFF8ACA10022012403254FF00F090AF130
:20054000040BAAF1040E00BF0B6804FA02F63340B3426ED10F7907F00307012F01D0022F55
:2005600016D187684FEA420805FA08FC27EA0C07D1F80CC00CFA08FC4CEA070CC0F808C093
:200580004768B7430E79C6F3001696403E4346600E79F643B6070AD0C6684FEA420C05FA54
:2005A0000CF7BE438F6807FA0CF73743C7600E7906F00306022E10D1D60800EB8608D8F8DD
:2005C000206057074FEAD76C09FA0CF7BE430F6907FA0CF73743C8F8207006684FEA420C7F
:2005E00005FA0CF7BE430F7907F0030707FA0CF7374307604E6816F4403F6BD0394E3768EA
:2006000047F480473760366822F0030706F480460096354E07EB060CDCF8086897074FEA8F
:20062000177809FA08F7BE43304FB84202D100271FE04FE02E4FB84201D1012719E02D4FA1
:20064000B84201D1022714E02B4FB84201D103270FE02A4FB84201D104270AE0284FB84287
:2006600001D1052705E0274FB84201D1062700E0072707FA08F73743CCF80878DAF800602A
:200680005746D1F804C09E435FEACC2C00D51E433E60DBF800605F46D1F804C09E435FEAAB
:2006A0008C2C00D51E433E60DEF800607746D1F804C09E435FEA8C3C00D51E433E60084F11
:2006C000083F3E68D1F804C09E435FEACC3C00D51E433E60521C102AFFF436AFBDE8F88FEE
:2006E000083C01404438024000300140000002400004024000080240000C024000100240D4
:2007000000140240001802400069084000D001207047426921EA02030A4043EA0241816179
:2007200070470AB1816170470904FBE70148806870470000C4050020014800787047000076
:20074000C405002090F84010012912D0012100F8401F2421417050F8401CCA6822F00C0267
:2007600042F00402CA602021417000210170084670470220704790F84010012912D00121AF
:2007800000F8401F2421417050F8401CCA6822F00C0242F00802CA6020214170002101702C
:2007A000084670470220704770B5040004D094F84100002510B106E0012070BD84F840506B
:2007C000204603F09FF8242084F841002068C16821F40051C16020460AF00CFC2068016996
:2007E00021F4904101612068416921F0220141612068416941F0080141612068C16841F4B5
:200800000051C1606564202084F8410084F842006563002070BD0000074988420AD1074988
:20082000002088850648D0F8E01241F02001C0F8E0127047F2F710B8242B012024C20020A9
:20084000A4B90020704710B5040013D0242084F83D002068016821F001010160204600F000
:2008600091FC0020206484F83D0044F8300FA073207310BD012010BD90F83D10282901D0BB
:200880000220704790F83D1090F83E2001F003010A430263202180F83D10002180F83E1030
:2008A00050F8201B0A6822F480620A6050F8200C416821F440714160002070472DE9F0413F
:2008C000016804464A694E6890F83E000025D743FA0506D4F243D20503D46FF480720125C0
:2008E0004A61B90508D4F143C90505D422686FF4007145F002055161790525D4F143C90513
:2009000022D4638D94F83D10226B202808D13BB9212910D029290ED0282901D1212A0AD0D4
:2009200022686FF48061516145F00405102806D0402804D008E0204607F0F2FE04E020680E
:20094000016841F400710160380508D4F043C00505D421686FF4006045F008054861002DD9
:2009600007D0206C284320642046BDE8F04107F073BABDE8F0812DE9F0470268002153681C
:20098000C66A90F83E4090F83D50102C12D0402C10D0046C002C7DD05469E443A6077AD4DA
:2009A000DE43B60577D4036C03B19169BDE8F04707F092BE976951694FF42A0CC9435FEA48
:2009C000C1784FF02A4904D066452AD04E4528D010E0DE43B6050DD4C16A614501D10121B6
:2009E00003E0C16A494501D10821C162BDE8F04707F006BD0E0716D4DE43B60513D4416C38
:200A0000C9B21161416B09B1C96B29B9816B002907D0C96B002904D00068416841F40061A9
:200A20004160BDE8F0878E0706D4DE43B60503D4BDE8F04707F058BCFE43526876074FEA3F
:200A400002521DD4002AECDB0A0608D4DA43520505D4490705D5BDE8F04707F0E9BB490736
:200A6000DFD4D9438905DCD4212D05D0402CD8D1BDE8F04707F00ABDBDE8F04707F096BB73
:200A8000002ACEDB4A060BD4DA43520508D4490708D501E00DE00EE0BDE8F04707F00CBB81
:200AA0004907BED4D9438905BBD4BDE8F04707F096BA916970E7E10606D4D943890503D465
:200AC000BDE8F04707F074BE2821212D27D0292D25D0650655D4DD436D0552D4640752D55A
:200AE00090F83D30448D002C9BD01269446A2270426A521C4262428D521E4285428D002A21
:200B00008FD12A2B8DD10268536823F4806353602222026380F83D1000F0BAFB81E725064A
:200B200023D4DD436D0520D4640720D590F83D30448D002CF2D0446A24781461426A521C4B
:200B40004262428D521E4285428D002AE6D1292BE4D10268536823F48063536021220263B8
:200B600080F83D1000F095FB5BE76107D6D4D9438905D3D4418D0029D0D0416A0978116156
:200B80000AE06107CAD4D9438905C7D4418D0029C4D01169426A1170416A491C4162418D6D
:200BA000491E41853DE700000249884201D1F8F723BD7047242B012070B5040025D094F85D
:200BC0003D00002520B984F83C50204600F000FB242084F83D002068016821F0010101601F
:200BE0002068016841F4004101602068016821F40041016000F02AFF4D4A6168914201D860
:200C00004C4900E04C49884201D2012070BD4B492368B0FBF1F15E6826F03F060E435E6003
:200C20006368934206D94FF4967359434FF47A73B1FBF3F12368491C1E6A26F03F06314346
:200C400019626168914210D84900401EB0FBF1F2521CC2F30B02042A01D2042022E0B0FB5E
:200C6000F1F0401CC0F30B001CE0A268F2B301EBC10303EB0116431EB3FBF6F35B1C43F473
:200C800080431B0549D092B301EBC10202EB0111401EB0FBF1F0401CC0F30B0040F480406D
:200CA00040F400402168CA694CF6FF739A431043C861D4E9071001432068026822F0C00219
:200CC00011430160D4E9030101432068826848F2FF339A4311438160D4E9050108432168D3
:200CE000CA6822F0FF021043C86001E00EE016E02068016841F0010101602564202084F8A5
:200D00003D00256384F83E50002070BD01EB4106431EB3FBF6F35B1CB3E70120C2E701EBC5
:200D20004101401EB0FBF1F0401CC0F30B00B7E7A086010080841E0000093D0040420F00AF
:200D400070477047704700000649884208D10649012014228885054901F11400EFF7DBBCF8
:200D600070470000242B012024C2002028B00020704700002DE9FF4F83B09A46DDE91187C2
:200D800093460446DDF84090FFF7D0FC054694F83D00202870D11923012274492046009515
:200DA00007F0E0FD0028F5D194F83C00012863D0012084F83C0020680168C90703D1016876
:200DC00041F0010101602068016821F400610160222084F83D00402084F83E0000262664F2
:200DE000C4F82490A4F82A80608D20856048E062CDE9007553465A462046049907F09AFBCE
:200E0000002879D1208DD0B1012821D00228206824D0416980690090208D032866D8012810
:200E20002BD0544902283B464FF00002009557D08846204607F096FD00285DD13AE02068BC
:200E4000416981690091016841F4007101607DE02068016821F480610160F0E7016821F403
:200E6000806101602068016841F400610160206841698069009069E075E02A4639462046AA
:200E800007F016FE88BB54E02068016841F40071016020680069616A0870606A401C6062BC
:200EA000218D491E2185618D491E618521680969017042E02068016821F4806101602068DE
:200EC0000069616A0870606A401C6062208D401E2085608D401E60853B46002241460095DF
:200EE000204607F03FFD00B9CEE705E02A463946204607F0DDFD18B1012007B0BDE8F08F1B
:200F000020680069616A0870606A401C6062208D401E81B22185608D401E6085206842696E
:200F2000D243520712D4032903D1016821F48061016020680069616A0870606A401C606281
:200F4000208D401E2085608D401E6085208D00287FF462AF202084F83D0084F83E6084F8C9
:200F60003C600020C9E70220C7E70000020010000000FFFF04000100F8B50024DDE906760D
:200F8000009490F83D50202D5ED1304D46F2A81C2D68B5FBFCF505EBC50C0CEB0515009516
:200FA0006D1E009506D00568AD69ED43AD070BD4009DF5E740F8304F20214173847301696F
:200FC00041F0200101613FE090F83C50012D3BD0012580F83C500568D5F800C05FEACC7C3C
:200FE00005D1D5F800C04CF0010CC5F800C00568D5F800C02CF4006CC5F800C0222580F806
:201000003D50402580F83E50046447624685458D05850F4DC56241648264C3640465016899
:201020000A6842F480620A6001680A6842F480720A6080F83C40018D21B10068416841F4B5
:20104000E06141600020F8BD0220F8BDD00500200000FFFF2DE9FF4F83B09A46DDE911972A
:2010600093460446DDF84080FFF760FB054694F83D0020287FD119230122404920460095D8
:2010800007F070FC002876D194F83C00012872D0012084F83C0020680168C90703D1016874
:2010A00041F0010101602068016821F400610160212084F83D00402084F83E000026266410
:2010C000C4F82480A4F82A90608D20852C48E062CDE9007553465A462046049907F0A8FA12
:2010E00070B930E02A463946204607F019FD58B1206C042804D12068016841F400710160C7
:20110000012007B0BDE8F08F606A216800780861606A401C6062218D491E89B22185628DD2
:20112000521E628522685369DB435B070BD469B100781061606A401C6062208D401E208518
:20114000608D401E6085208D0028CBD12A463946204607F0DBFB0028CAD154F83D0B01680C
:2011600041F400710160202004F81E09E67766770020C6E7FFE70220C3E70000020010003A
:201180000000FFFF70B5044600680E49884218D10D48016821F4001101600C4D81152846CE
:2011A000FFF70AF969152846FFF706F9A06BFEF792FE1F2000F0D8F8BDE87040202000F041
:2011C000D3B870BD00540040403802400004024070B586B0064614216846EFF77FFB274969
:2011E0003068884248D126480025016841F0020101600068694600F0020005904FF4407052
:201200000090122001900120CDE90205042004901C48FFF78BF91A481030016841F40011B6
:2012200001600068194C00F400100590164820604FF00070C4E90105C013C4E9035065610E
:20124000A561E561256220466562FEF749FF08B1FEF760F9B463012207211F20A66300F0B0
:20126000A1F81F2000F091F800220721202000F099F8202000F089F806B070BD00540040EA
:20128000303802400004024088600240E02F012070477047024881680278114481607047FC
:2012A000C4050020094810B5016841F400710160016841F480610160032000F093F8002021
:2012C00000F006F800F026F8002010BD003C024070B50D4D04464FF47A712878B1FBF0F084
:2012E0000A490968B1FBF0F001F049FC48B9102C07D200222146501E00F054F800206C6033
:2013000070BD012070BD0000C4050020D005002070470000134808B5016841F480410160E5
:20132000006800F4804000900E48001F016841F080510160006800F080500090042000F0F4
:2013400051F800220721501F00F02CF800220721101F00F027F800220721BDE80840901E0A
:2013600000F020B84438024000280DDB00F01F02012191404009800000F1E020C0F88011D0
:20138000BFF34F8FBFF36F8F7047002809DB00F01F02012191404009800000F1E020C0F8D4
:2013A00000117047F0B40E4B1B680C46C3F30223C3F10705042D00D90425191D072901D28C
:2013C000002300E0DB1E012606FA05F1491E214099409E40761E16403143F0BC0AF016B8A3
:2013E0000CED00E0064900F0070208684FF6FF03184040EA0220034A1043086070470000B2
:201400000CED00E00000FA05014901204862704700000E42014901208862704700000E427C
:20142000034908B50020086202480068009008BD00000E4200700040034908B5012008627E
:2014400002480068009008BD00000E42007000400748026822F004020260012905D0032927
:2014600001D040BF20BF20BF704730BF7047000010ED00E00C4A136823F003030343136001
:201480000A48026842F004020260012909D0032901D040BF20BF20BF016821F00401016059
:2014A000704730BFF8E700000070004010ED00E02DE9F84F044600780027C34DC00708D025
:2014C0002868E16920F0C06008432860E06900B901272078800708D52868216A20F0C050CE
:2014E00008432860206A00B90127208881046FF0FF0015D52968A26C21F440111143296057
:20150000A16C19B1B1F5001F02D009E0012707E02968626921F4F85100EB022211432960BF
:201520002188490415D52968E26C21F4400111432960E16C19B1B1F5000F02D009E001270A
:2015400007E02968626921F4F85100EB02200143296020784FF00009000755D59A484C3899
:20156000016841F0805101600068DFF8608200F080500090D8F8001041F48071C8F8001058
:20158000FFF7D4F8064604E0FFF7D0F8801B02286FD8D8F80000C005F6D58B4E1C3E306864
:2015A00010F440701FD0A18C01F4407181421AD03068012220F4407185480260C0F8009011
:2015C00031603068C0070ED0FFF7B0F8804641F2883A05E0FFF7AAF8A0EB0801514548D81D
:2015E00030688007F6D5616A7748C1F301228438032A36D0016821F4F81101603068A18C04
:20160000C1F30B01084330602078DFF8C8A1400703D594F85410CAF8E01120786E4EC0067B
:2016200005D53068E16A20F440000843306020784FF00068800609D53068216B20F0006087
:2016400008433060206B404500D101272078400605D53068A16A20F080500843306067B970
:2016600008E002685D4B22F4F81219400A430260C4E773E02068802877D1DFF864B1CBF823
:201680006890FFF753F8504F81468C3F06E000BFFFF74CF8A0EB090002285FD8386800016B
:2016A000F6D4216DCAF8D81020684E49C20701D0E2697AB1820701D5226A5AB1820602D5A4
:2016C000226B424506D040060FD5A06A68B9206B40450AD1D4E9010240EA8210227B237C28
:2016E000120642EA0372104308602068820401D5A26C1AB1400415D5E06C98B90868D4E9C1
:20170000012342EA8312C0F30360237C000640EA037002430A602868A26920F01F00521EA3
:2017200010432860207800060AD5D4E9010240EA8210227B237C120642EA03721043086025
:201740000120CBF86800FEF7F1FF80460AE000BFFEF7ECFFA0EB0800022803D90320BDE8A8
:20176000F88F02E038680001F2D52088C00505D52868616B20F000400843286020888005A5
:2017800005D52868A16B20F40040084328602088400505D52868E16B20F0004008432860E6
:2017A0002088000505D52868216C20F48040084328602088C00405D53068616C20F04040A3
:2017C000084330600020CAE78C38024000700040400E47420010474294380240FFFCFF0F20
:2017E00000004742843802402DE9F0470E46050065D0DFF81481D8F80000F7B200F00700AB
:20180000B04207D288F80070D8F8000000F00700B04254D128683D4C810712D5400703D588
:20182000206840F4E05020602878000703D5206840F4604020602068A96820F0F0000843FD
:2018400020602878C0072DD0304968680839012812D0022813D0032811D0096889070029CC
:201860002DDA216821F0030101432160FEF75EFF814641F2883A0EE009688903EFE70968BE
:201880008901ECE7FEF752FFA0EB0901514502D90320BDE8F0872068696800F00C00B0EB70
:2018A000810FEFD1D8F80010404601F00701B14207D90770006800F00700B04201D00120EC
:2018C000E7E72878400705D52068E96820F4E050084320602878000706D52068296920F4E1
:2018E000604040EAC100206000F0D0F82168084AC1F30311515CC840064908600648006860
:20190000FFF7E6FC0020C4E7003C02400838024064020408D0050020C80500202DE9F04189
:20192000FEF704FF444C0546206840F00100206005E000BFFEF7FAFE401B022847D82068DE
:201940008007F7D5206840F080002060FEF7EEFE0546394E00200836306041F2883704E005
:20196000FEF7E4FE401BB84231D8306810F00C0FF6D1FEF7DBFE0546206820F45020206013
:2019800005E000BFFEF7D2FE401B64281FD820688003F7D4FEF7CAFE0546206820F080709A
:2019A000206004E0FEF7C2FE401B02280FD820688001F7D4FEF7BAFE0546206820F080605E
:2019C000206007E0FEF7B2FE401B022802D90320BDE8F08120680001F4D417491748091D2C
:2019E000086015498431086013480C30016821F4F8510160016821F400510160016841F477
:201A00001F010160016841F4001101600A487430016821F001010160016841F08071016076
:201A200008490748086008480068FFF751FC0028CED00120CCE7000000380240103000242B
:201A40000024F400D0050020C80500200448054900680968044AC1F38221515CC840704708
:201A6000D005002008380240740204080448054900680968044AC1F34231515CC840704719
:201A8000D00500200838024074020408154810B5006810F00C02144813D01449042A0FD00C
:201AA000082A0ED10F4C241F2268236802F03F025B0207D52068C0F38810A0FB010106E0A0
:201AC000084610BD2168C1F38811A1FB00010023EEF790FC2168C1F30141491C4900B0FB0C
:201AE000F1F010BD083802400024F40000366E012DE9F84F04006ED02078DFF86093C00731
:201B0000A9F104054AD009F104000168C1F38101012908D00068C0F3810002280AD1D9F8F7
:201B20000000400206D52868800337D560680028E1D033E06068B0F5803F10D0B0F5A02F35
:201B4000286810D020F480302860286820F4802028606068A8B1FEF7E9FD06460DE0286838
:201B600040F48030F4E740F480202860F7E700BFFEF7DCFD801B642873D828688003F7D58E
:201B80000CE0FEF7D3FD064605E000BFFEF7CEFD801B6428F0D828688003F7D42078DFF8A8
:201BA000C08280074FF0000A3ED5AC48001D016811F00C0F08D00068C0F3810002280BD1F0
:201BC000D9F80000400207D42868800716D5E068012800D112E03CE1E068B8B10120C8F832
:201BE0000000FEF7A3FD064605E000BFFEF79EFD801B0228C0D828688007F7D52868216976
:201C000020F0F80040EAC10028600DE0C8F800A0FEF78CFD064604E0FEF788FD801B02280F
:201C20001FD828688007F7D42078000722D58B4E8C486169703671B101210160FEF776FD0B
:201C4000074604E0FEF772FDC01B022809D830688007F7D50EE0C0F800A0FEF767FD074632
:201C600005E082E0FEF762FDC01B02287DD830688007F7D42078400768D5DFF8E0B10027DA
:201C80000BF13C0BDBF80000C0000BD4DBF8001041F08051CBF80010DBF80000012700F0EC
:201CA00080500090704E3068C00510D4306840F480703060FEF73AFD009005E0FEF736FDB0
:201CC0000099401A022850D83068C005F6D5634EA0686C3601280FD00528306810D020F07F
:201CE00001003060306820F004003060A068B8B1FEF71CFD00900FE0306840F00100F4E775
:201D000040F004003060F7E7FEF710FD0099411A41F28830814268D830688007F4D50EE067
:201D2000FEF704FD009007E0FEF700FD0099411A41F28830814258D830688007F4D42FB1AB
:201D4000DBF8001021F08051CBF80010A069D8B34249091D0968C1F3810102294CD002288E
:201D6000504607D0C8F8600000E03EE0FEF7DEFC04463DE04746C8F86000FEF7D7FC0646E1
:201D800005E000BFFEF7D2FC801B02282DD828688001F7D4F4E907010843E168334A4908EF
:201DA00002EB0141A26841EA82110843217C40EA0160217D40EA0171C9F8001001203866EF
:201DC000FEF7B4FC044606E045E000BFFEF7AEFC001B022809D828688001F7D53BE000BFCE
:201DE000FEF7A4FC001B022802D90320BDE8F88F28688001F4D42EE00128F7D0D9F8000037
:201E0000E26900F48001914223D1226A00F03F0191421ED147F6C071626A0140B1EB821F05
:201E200017D1A26A4FF0FF3300F4403103EB5202B1EB024F0DD194F82C2000F07061B1EB96
:201E4000026F06D194F8301000F0E040B0EB017F01D00120CAE70020C8E700000438024053
:201E600000004742800E4742007000400000FFFF0348D0F8E01241F00401C0F8E012704778
:201E8000A4B900200068503050F8210070470068503040F8212070472DE9F05F0446007F77
:201EA00092468B46012813D04FF0010884F81C80022060772068CA21416221685320486258
:201EC000FEF734FC00250746FF264FF47A790EE00220BDE8F09F00BFFEF728FCC01B48458C
:201EE00005D920684662032060772577F1E72068C0680007F0D4206881684FF00407C90661
:201F00000BD44AEA0B01C16220688068800609D4204600F0F1FA28B12068466267772577E8
:201F20000120D6E72068466284F81D8025770020CFE7000006480179022906D0007901289D
:201F400005D141030348FEF7E4BB012141717047980100200008024010B5144904464FF44B
:201F60000030086020688168C9040BD5C168C90508D5C16801F0800161F4C071C16020462F
:201F8000FFF7D8FF2068816889040BD5C168890508D5C16801F0800161F42071C1602046FA
:201FA000FFF766FF0120607710BD0000143C01402DE9F0470446007F012822D04FF00108F7
:201FC00084F81C80022060772268CA20506222685320506220680025FF26B1F5807F8168BB
:201FE0004FF0030A4FF47A790ED021F4007181602068816821F400518160FEF797FB07468E
:2020000024E00220BDE8F08721F4807181602068816821F480518160FEF788FB074604E0B6
:20202000FEF784FBC01B484509D82068C068C007F6D00FE0FEF77AFBC01B484506D920687E
:20204000466284F81DA025770320DBE72068C0688007EFD52068466284F81D80257700201E
:20206000D0E7000010B500680B4641680D480140080CD870C1F304245C7001F03F049C70A8
:20208000C1F34231197052B907F032FBD870587807F02EFB5870987807F02AFB987000200D
:2020A00010BD00003FFFFF0010B50B460168896A596001680969C1F30E0199600068016883
:2020C0000D480140C1F305401870C1F306245C7001F07F049C70890DD97052B907F008FBDB
:2020E0001870587807F004FB5870987807F000FB9870002010BD00007F7F7F0010B504008D
:2021000002D0607F10B106E0012010BD00202077204600F041F8022060772068C168C9437D
:20212000C90632D5CA214162216853204862204607F0F2FA20BB20688168164A114081606E
:202140002168886862681043D4E904231A43104388602168E068086120680169228941EA6B
:2021600002410161204607F0FBFA48B921680A6C22F480220A6421680A6CA3691A430A646C
:202180002268FF21516208B110BD00200121617710BD0000BFFF8FFF10B596B0044658215B
:2021A0006846EEF79BFB1249206888421AD10820009010480068C0F30120022814D00E48AE
:2021C00009906846FFF774F908B1FDF7A3F90B4901200860002207212920FFF7E3F8292082
:2021E000FFF7D3F816B010BD4FF40070E8E700000028004070380240000318003C0E4742C9
:202200002DE9F843644E03464FF4FA4730680C46B0FBF7F0791148430090187F012877D0C6
:202220004FF0010983F81C900220587718680025002A80684FEA40606CD0002800DBE57019
:20224000A078227894F803C040EA02406278E169120242EA8C52104394F8202040EA026024
:2022600008436169A26908436168D3F800C01143CA22CCF82420D3F800C05322CCF824204F
:20228000626AFF24B2F5807F1A684FF0030C5CD0D2F8088028F40078C2F808801A68D2F839
:2022A0000C8008F0800868F42078C2F80C8032684FF47A76B2FBF7F2724300921A68009E0E
:2022C000761E009661D0D668B607F8D51062186881641868816841F40071816018688168AB
:2022E00041F4005181602D48016841F4003101602A480830016841F40031016018684462D2
:2023000083F81D901D770020BDE8F88300E001E00220F9E7002800DBE570207807F0F1F92D
:202320000204607807F0EDF942EA0022A07807F0E8F90243E07842EA805294F8200007F066
:20234000E0F942EA0060E1698AE7966826F4807696601A68D66806F0800666F4C076D66057
:202360001A68009E761E00960FD0D668F607F8D0D061186841641868816841F4807181606B
:202380001868816841F48051ACE7546283F81DC01D770320B8E70000D0050020003C014065
:2023A00070B50446007F0B46012819D00126267702206077B2B19878D97840EA014558780B
:2023C0001978000240EA413005432168CA204862216853204862204607F09EF9D0B122E04D
:2023E000022070BD5878C10603D500F0EF000A305870D87807F085F90204587807F081F932
:2024000042EA0022987807F07CF90243187842EA4035DAE70748054020684560204607F09D
:202420009FF900B966772268FF2151620021217770BD00003FFFFF002DE9F0410446007FDE
:202440000D46012823D04FF0010884F81C80022060772068002780684FEA4060D2B1002899
:2024600000DBEF70A878297840EA01466878E978000240EA815006432168CA2048622168C3
:2024800053204862204607F047F9B8B12CE00220BDE8F081002800DBEF70287807F031F9B2
:2024A0000204687807F02DF942EA0022A87807F028F90243E87842EA8056DDE70D4806408D
:2024C000206806602068816821F480218160D5E90301084321688A6810438860204607F0E6
:2024E0003FF908B984F81D802268FF2151622777CEE700007F7F7F0070B504460B48216852
:20250000C860FEF713F905464FF47A7607E000BFFEF70CF9401BB04201D9032070BD206875
:20252000C0688006F4D5002070BD00005F3F01004FF0E020016941F002010161704710B57D
:20254000040011D0022084F851002068016821F040010160204600F067F80020606584F8ED
:20256000510084F8500010BD012010BD70B5040009D0606A002540B125616561A56294F8C2
:20258000510040B10CE0012070BD6068B0F5827FF4D0E561F2E784F85050204600F096F86E
:2025A000022084F851002068016821F040010160A088218900F4827001F404410843A18921
:2025C00001F400610843217C01F002010843217D01F001010843218B01F400710843217FA5
:2025E00001F03801084394F8201001F080010843218D01F40051084321680860A06904218F
:2026000001EA104094F8241001F010010843216848602068C16921F40061C161656501200C
:2026200084F85100002070BD70B5044601682048204A214B814208D1106820F48050106002
:20264000E0211846FDF7B8FE1AE01A481B4E001F1B4DB14206D1016821F4804101604FF478
:2026600044411CE0174EB1420CD1016821F40041016038212846FDF79FFEE06CFDF72BFCC5
:20268000A06C10E01048814211D1106820F40050106002211846FDF78FFE4FF400512846F1
:2026A000FDF78AFEE06CBDE87040FDF714BC70BD0030014044380240000002400038004023
:2026C00000040240003C0040003401402DE9F04F87B0054614216846EEF700F9C148DFF84B
:2026E0000083D5F800C00221032205230615042700244FF4804AC44555D1DFF8E8C20CF136
:20270000140CDCF8008048F48058CCF80080DCF800C00CF4805CCDF814C0D0F800C04CF020
:20272000010CC0F800C000680DF1040900F001000590A0200090022090469B4689E8110967
:202740006946A948FDF7F2FE4FF040090220CDE900900DF1080C01208CE801096946A248BB
:20276000FDF7E4FEDFF888B2A0495846CBF80010C0E90346C0E9054A4FF0C061CBF81C40AF
:20278000C0E901190BF12009B10189E88201C901CBE90B14FDF7A4FC08B1FCF7BBFE584677
:2027A000C5F848B057E0DFF84C82DFF838E2DFF848B20EF1100E4FF48079C4454FD1DEF86E
:2027C000008048F48048CEF80080DEF800C00CF4804CCDF814C0D0F800C04CF0020CC0F8AA
:2027E00000C0006801A900F0020005904FF4044000900220904681E811010520049069468E
:202800005846FDF793FE0220CDE900A00120CDE902080520049069465846FDF787FEDFF8E6
:20282000E08176494046C0E90014C8F80840C8F818A0C914C8F80C40C0E90461C0E9097498
:202840008901C8F82C40C8E90791C8F83040BDE0FCF760FEBFE0856307B0BDE8F08FDFF822
:20286000A481C44555D1DEF800C04CF4004CCEF800C0DEF8003003F400430593036843F0E6
:2028800002030360006800F00200059038208DE813000620CDE9032069465846FDF746FE7D
:2028A000DFF86481554940461839C0E90014C8F80840C0E90346C8F81440C8F81840C8F844
:2028C0001C40C0E90847C8F82840C8F82C40C8F83040FDF705FC08B1FCF71CFE47484B4E3D
:2028E000C5F84C806030C8F83850C6E900044020C6E9020434617461C6E90649346230463B
:202900007462FDF7EDFB08B1FCF704FEAE64B563A2E7DFF8FC80C4459ED1DFF8C8C00CF17D
:20292000140CDCF8008048F40058CCF80080DCF800C00CF4005CCDF814C0D0F800C04CF0FE
:20294000010CC0F800C0D0F800C00CF0010CCDF814C0D0F800C04CF0020CC0F800C0006816
:20296000009100F002000590CDE901140320CDE90303884669461C48FDF7D8FD4FF4005058
:20298000CDE900080320CDE902400620049069465846FDF7CBFD1549DFF878804839404667
:2029A000C8F80010C905C0E90114C8F818A00914C8F80C40C0E90461C0E909744FF4403132
:2029C000C8F82C40C8E90791C8F83040FDF788FB00287FF43DAF4046C5F84C803BE7000023
:2029E000003001403038024000000240586402404030012000380040000402405860024033
:202A0000A0300120003C0040003101206031012000340140C03101202DE9F84F9846164627
:202A20008A460446FDF782FE814694F8510001281ED1BAF1000F73D0002E71D094F8500004
:202A4000012815D0012784F85070032084F8510000256565C4F830A0A686E686A563A587CD
:202A6000E58765642564A068B0F5004F03D00CE00220BDE8F88F2068016821F040010160EB
:202A80002068016841F48041016020680168490603D4016841F040010160E068B0F5006F3F
:202AA000606803D048B3012E27D047E008B1012E1FD1206B21680088C86006E02068816840
:202AC000890709D5216B0988C160206B801C2063E08E401EE0860CE0FDF728FEA0EB0901D3
:202AE000414503D3B8F1FF3F03D035E0B8F1000F32D0E08E0028E1D123E0206B216800781A
:202B0000087306E02068816889070AD5216B09780173206B401C2063E08E401EE0860DE06A
:202B20002BE0FDF703FEA0EB0901414503D3B8F1FF3F03D010E0B8F1000F0DD0E08E0028CF
:202B4000E0D14A464146204606F0B2FF08B120206065A06830B109E084F8517084F85050B7
:202B6000032086E72068C1688068009084F8517004F8505F60680028F3D0012079E710B5BB
:202B8000401EB0F1807F01D3012010BD4FF0E02460610F21601708F039FC0020A061072055
:202BA0002061002010BD4FF0E020016921F00201016170477047704710B590F83C20012A8F
:202BC00022D0012280F83C20CA688C6822F4407222434C6822F4806222430C6822F40062BC
:202BE00022430C6922F4805222434C6922F400522243C969002322F480420A4301684A649B
:202C000080F83C30002010BD022010BD70B590F83C20012A32D0012480F83C40022280F809
:202C20003D2003685A689D6822F070060A6832435A60134B02689A4214D0B2F1804F11D001
:202C4000104B9A420ED0104B9A420BD00F4B9A4208D00F4B9A4205D00E4B9A4202D00E4BD4
:202C60009A4204D1496825F080031943916080F83D40002180F83C10084670BD022070BD69
:202C8000000001400004004000080040000C004000040140004001400018004010B50446EE
:202CA000022084F83D002068016A41F21112114207D1016A9210114203D1016821F0010115
:202CC0000160204600F046F8002084F8460084F83E0084F83F0084F8400084F8410084F8B3
:202CE000420084F8430084F8440084F8450084F83D0084F83C0010BD10B5040003D094F8EC
:202D00003D0010B107E0012010BD002084F83C00204600F06FF8022084F83D00211D2068AA
:202D200007F066FF012084F8460084F83E0084F83F0084F8400084F8410084F8420084F82C
:202D4000430084F8440084F8450084F83D00002010BD000010B504460068204A20499042ED
:202D600003D1086820F0010021E01D4A121FB0F1804F07D01B4B984213D1106820F004006E
:202D8000106015E0106820F001001060206AFDF7A2F8E06AFDF79FF8BDE810401C20FEF7C2
:202DA000E3BA114B984208D1086820F002000860206ABDE81040FDF78EB80C4B984204D1BE
:202DC000086820F48030086010BD09498842FBD1106820F48070106010BD000000000140A8
:202DE00044380240000800400004014000400140002000402DE9F84F0446D0F800C07948B7
:202E0000774A00210315C514861504274FF400594FF4803A4FF0010B944525D1026842F0CA
:202E2000010202600068DFF8C48100F0010000906D4A4046C8F800204FF04062C0E901215F
:202E400008F10C02C8F8247082E82A02C0E90AB1C8E9076AC8F830102DE000BFC4F82080D3
:202E6000C8F83840BDE8F88F5E4A121FBCF1804F28D0DFF87C81C4455BD1106840F00400EC
:202E800010601068DFF8708100F004000090594A4046C8F800204FF08062C0E9012108F110
:202EA0000C0CC8F824708CE82A02C0E90AB1C8E9076AC8F83010FDF713F90028CED0FCF7C7
:202EC00029FBCBE7106840F0010010601068494A00F00100DFF824810090783AC8F8002069
:202EE0004FF0C062C8F8042040464022C8F81030C0E902211202C0E90552C0E909714FF45F
:202F00004032C8F82C10C8E90762C8F83010FDF7E7F808B1FCF7FEFAC4F82080C4F82C80EE
:202F2000012202211C20C8F83840FEF73BFA1C2051E0DFF8CC80C44529D1026842F002027A
:202F400002600068DFF8BC8000F002000090264842466038C8F800004FF06060C2E9010118
:202F600008F10C0CC8F824708CE82A02C2E90AB1C8E9076A4046C8F83010FDF7B1F808B1E8
:202F8000FCF7C8FAC4F82080C8F838401DE01E498C450ED1016841F480310160006800229A
:202FA00000F48030009011461820FEF7FBF9182011E0164884457FF455AF106840F4807002
:202FC0001060106800F480700090002207212D20FEF7E8F92D20BDE8F84FFEF7D6B900006B
:202FE0000000014044380240886402402032012000080040A0600240E032012080320120A1
:203000000004014040330120004001400020004090F83D10012901D001207047022180F8B3
:203020003D1000681149884214D0B0F1804F11D00F4988420ED00F4988420BD00E49884264
:2030400008D00E49884205D00D49884202D00D49884204D1816801F00701062903D001686E
:2030600041F001010160002070470000000001400004004000080040000C00400004014087
:20308000004001400018004090F83D10012901D001207047022180F83D100168CA6842F0FA
:2030A0000102CA6000681149884214D0B0F1804F11D00F4988420ED00E4988420BD00E49CF
:2030C000884208D00D49884205D00D49884202D00C49884204D1816801F00701062903D08F
:2030E000016841F00101016000207047000001400004004000080040000C0040000401409E
:20310000004001400018004001680A6A41F211131A4207D10A6A9B101A4203D10A6822F09B
:2031200001020A60012180F83D10002070470168CA6822F00102CA6001680A6A41F2111356
:203140001A4207D10A6A9B101A4203D10A6822F001020A60012180F83D100020704770B518
:20316000044690F83C000025012817D0012684F83C60022084F83D002068826822F07702F5
:2031800022F47F4282600868502838D00DDC20284FD005DC90B3102811D14AE0022070BD7F
:2031A000302846D040280AD13BE060282FD070280DD0B0F5805F03D0B0F5005F12D00125E4
:2031C00084F83D60002084F83C00284670BDCB68D1E90121206807F080FD2068816841F0B6
:2031E000770109E0CB68D1E90121206807F075FD2068816841F480418160E1E719E0CA6833
:203200004968206807F084FE5021206806E0CA684968206807F08DFE6021206807F067FDCC
:20322000CEE7CA684968206807F072FE40212068F4E7226801461046F0E770472DE9F04147
:2032400004460068C66805694FF00007A90713D5B10711D5F91E0161012020772068806902
:203260008007204602D0FFF7E8FF04E000F0CFF8204600F08FF92777680716D5700714D5E1
:2032800021686FF004000861022020772068806910F4407F204602D0FFF7CFFF04E000F01C
:2032A000B6F8204600F076F92777280715D5300713D521686FF00800086104202077206829
:2032C000C0698007204602D0FFF7B7FF04E000F09EF8204600F05EF92777E80616D5F006D6
:2032E00014D521686FF010000861082020772068C06910F4407F204602D0FFF79EFF04E0A2
:2033000000F085F8204600F045F92777E80708D0F00706D021686FF001000861204600F0D2
:20332000DDF9280608D5300606D521686FF0800008612046FFF73EFC680608D5700606D598
:2033400021686FF040000861204600F0F3F9A8060AD5B00608D521686FF0200008612046A3
:20336000BDE8F041FFF727BCBDE8F08110B586B0044614216846EDF7B1FA2068B0F1804FD9
:2033800015D10C480021026842F001020260006800F001000590082000900220CDE9010151
:2033A0000120CDE9031069460348FDF7BFF806B010BD0000303802400000024070B50446A0
:2033C00090F83C00002501280FD0012084F83C006AB1042A0FD0082A11D00C2A13D00125A9
:2033E000002084F83C00284670BD022070BD206807F086FCF4E7206807F0B2FCF0E72068A3
:2034000007F0E4FCECE7206807F014FDE8E7704710B5040003D094F83D0010B107E00120BE
:2034200010BD002084F83C00204600F01EF8022084F83D00211D206807F0DAFB012084F871
:20344000460084F83E0084F83F0084F8400084F8410084F8420084F8430084F8440084F87F
:20346000450084F83D00002010BD704770B5044690F83C0000260D4601280FD0012084F859
:203480003C006AB1042A1DD0082A2FD00C2A3FD00126002084F83C00304670BD022070BD53
:2034A000206807F02DFC2068816941F0080181612068816921F004018161206881692A6967
:2034C000114311E0206807F04BFC2068816941F4006181612068816921F480618161206825
:2034E00081692A6941EA02218161D2E7206807F06DFC2068C16941F00801C1612068C169BE
:2035000021F00401C1612068C1692A69114311E0206807F08FFC2068C16941F40061C16175
:203520002068C16921F48061C1612068C1692A6941EA0221C161ACE710B5040003D094F851
:203540003D0010B107E0012010BD002084F83C00204600F01EF8022084F83D00211D2068B3
:2035600007F046FB012084F8460084F83E0084F83F0084F8400084F8410084F8420084F808
:20358000430084F8440084F8450084F83D00002010BD70477047000010B50446022249B126
:2035A00004290ED0082913D094F84100012816D0012010BD94F83E000128F9D184F83E208B
:2035C0000FE094F83F000128F2D184F83F2008E094F840000128EBD184F8402001E084F898
:2035E00041200122206807F06BFB16492068164A884201D0904203D1436C43F4004343640A
:203600002068884213D0B0F1804F10D00F4988420DD00F4988420AD00E49884207D0904260
:2036200005D00D49884202D00C49884204D1816801F00701062903D0016841F001010160EE
:20364000002010BD00000140000401400004004000080040000C0040004001400018004046
:2036600030B504460D460068002207F029FB194B41F2111120688A10984202D0164B984261
:2036800009D1036A0B4206D1036A134203D1436C23F4004343642068036A0B4206D1016AF5
:2036A000114203D1016821F00101016001203DB1042D08D0082D09D084F84100002030BD16
:2036C00084F83E00FAE784F83F00F7E784F84000F4E700000000014000040140704770B5BD
:2036E000044690F83C00012812D0012584F83C50022084F83D00204607F0C4FB01004FF04C
:20370000000007D084F83D5084F83C00012070BD022070BD2168CA6822F04002CA602168B2
:20372000CA6822F48042CA6084F83D5084F83C00002070BD704710B504460068406994F8E4
:203740004110C0F3C010212911D180B12068143050E8001F21F0800140E80012002AF5D159
:20376000A06B08B1FCF75CFB204607F034FC2068406994F84210C0F38010222911D180B1FE
:203780002068143050E8001F21F0400140E80012002AF5D1E06B08B1FCF742FB204607F0F9
:2037A000F3FB002010BD10B5040015D0242084F841002068C16821F40051C160204600F0F1
:2037C0003FF80020606484F8410084F8420044F8300F6060207410BD012010BD70B50400A0
:2037E00004D094F84100002510B106E0012070BD84F84050204600F085F8242084F841002E
:203800002068C16821F40051C160204607F0F2FB2068016921F4904101612068416921F0A9
:203820002A0141612068C16841F40051C1606564202084F8410084F842006563002070BDCA
:203840002DE9F04704462A4D0068284FDFF8A4902E1D4FF48058B8420CD1286820F400206F
:20386000286041464846FCF7A7FDA06BFCF733FB342011E02049884210D1306820F01000D7
:203880003060C0211D48FCF797FDE06BFCF723FBA06BFCF720FB2520FDF766FD2068B84238
:2038A0000FD1286820F40020286041464846FCF783FDE06BFCF70FFBA06BFCF70CFB3420B3
:2038C0000EE00F4988420FD1306820F020003060C9144846FCF770FDA06BFCF7FCFA47207A
:2038E000BDE8F047FDF740BDBDE8F087004C004040380240000002400010014000040240C0
:20390000001401402DE9F04F87B0044614216846ECF7E4FF9A4920689A4E00250F154FF0F8
:20392000120B4FF0010A4FF040084FF00069884239D194481030016841F400210160006879
:2039400000F400200590306840F0010030603068694600F001000590B014CDE9000B0320F0
:20396000CDE902A00B2004908748FCF7DFFD88488649C0F80880C0E9035745618561C561FE
:2039800005624562C0E90019FCF7AAFB08B1FBF7C1FD7F48A0630122846306213420FDF713
:2039A00001FD342050E07B4988424FD175481430016841F010010160006800F010000590CD
:2039C000306840F002003060306801A900F002000590C0200090022081E8210407200490E9
:2039E00069466D48FCF7A2FD6D486C490160C0E90195C0E9035745618561C5610562456204
:203A0000FCF76EFB08B1FBF785FD6548E0636349846364487831C0F80880C0E9035745615C
:203A20008561C56105624562C0E90019FCF758FB08B1FBF76FFD5B48A0630022846301217C
:203A40002520FDF7AFFC2520FDF79FFC4C492068884251D14B4800251030016841F40021EE
:203A60000160006800F400200590306840F0010030603068694600F0010005904FF480509B
:203A8000CDE9000B0320CDE902A00B2004903E48FCF74CFD3D48444E30383060C6E9019515
:203AA000C6E903577561B561F561356230467562FCF716FB08B1FBF72DFD354DE663B4631C
:203AC0003248C5F80880C5E900090020C5E903076861A861E861286268622846FCF700FBCD
:203AE00008B1FBF717FDA563012205213420AC63FDF758FC34203DE02C4988423CD12148E5
:203B00001430016841F020010160006800F020000590306840F0010030603068694600F0A8
:203B2000010005904FF400600090CDE901B50820CDE903501448FCF7F9FC18481C4E603081
:203B40003060C6E903577561B561F56135624FF020607562C6E901083046FCF7C1FA08B1C8
:203B6000FBF7D8FCA663002205214720B463FDF719FC4720FDF709FC07B0BDE8F08F00006C
:203B8000004C0040303802400000024070600240A03301200010014000040240406402402A
:203BA00000340120603401202035012000140140C03401202DE9F843044690F841009846D9
:203BC00016460D46202802D00220BDE8F88385B17EB100206064212084F84100FCF7A6FDFD
:203BE000A6848146E684A0682027B0F5805F02D003E00120E9E7206910B12E4600250EE020
:203C000000260CE08021204607F084FAA8B9C6B116F8010B21684860E08C401EE084E08C59
:203C20004B464FF00002CDF800800028EAD14FF04001204607F06EFA40B184F84170032004
:203C4000C3E735F8020BC0F30800E3E784F841700020BAE72DE9F04704468EB04FF48276FD
:203C60000025C4E90165C56005614FF40078C4E905583820C4E907054FF00A096562C4E9E5
:203C80000A592046FEF772FC18B101200EB0BDE8F0872068016841F040010160AA46444DEF
:203CA000A86940F00400A8614248002342F2107102684FF0FF0C520603D4026842F0400293
:203CC00002600A4600E000BF8768BF0701D4521EF9D28268D2070AD0C2688DF80020826878
:203CE000D20702D0C2688DF800209DF8002080F80CC00A4600E000BF8768FF0701D1521E2B
:203D0000F9D28268D20700D0C2685B1C102BCFDB29A10027D1E90001CDE90201A86940F415
:203D20008020A8610A20FCF78BFA02A800F08CFF7F1C052FA9DC0128F0D121A1D1E9000158
:203D4000CDE9040104A801F053FA0128FAD11EA0D0E90010CDE9061006A800F077FC00283E
:203D6000FAD11BA1D1E90001CDE908010AA908A801F0E4F80028F9D1C4E9016AC4F80CA0A0
:203D8000C4F810A0C4E905A8C4F81CA0C4F820A0C4F824A0C4E90AA92046FEF7E7FB20B973
:203DA0002068016841F04001016000206EE700000000024000300140400000000095000042
:203DC00048000001AA8700006940000000E500007A000000000100000EB500210CA202913B
:203DE000D2E90012CDE90012B0F5800F00D90A488DF80400010E8DF80110010C8DF80210FD
:203E0000010A8DF80310684600F020FC02900EBD5700000000010000FFFF3F00F0B585B079
:203E2000FF248DF8004042F2107248492EE00D68FF236D0603D40D6845F040050D601646AC
:203E400000E000BF8D68AD0702D4761E751CF8D18D68ED070AD0CD688DF800508D68ED07A0
:203E600002D0CD688DF800509DF800500B73154600E000BF8B68DB0701D16D1EF9D28B6819
:203E8000DB0701D0CB68DBB28DF800309DF80030FE2BCCD10B684FF400775B0603D40B6897
:203EA00043F040030B600023154600E000BF8E68B60705D46D1EF9D202E0CD688DF8105026
:203EC0008D68ED07F9D10C73154600E000BF8E68F60701D16D1EF9D28D68ED0704D0CD68A9
:203EE000C5545B1CBB42DFDB19A003AF0068039008680226400603D4086840F04000086018
:203F00000023104600E000BF8D68AD0705D4401EF9D202E0C8688DF810008868C007F9D1B6
:203F20000C73154600E000BF8868C00702D16D1E681CF8D18868C00704D0C868F8545B1C28
:203F4000B342DEDB05B00020F0BD000000300140FFFF0000F0B589B04924FF228DF81C2095
:203F6000F84A936943F480239361F74A13685B0603D4136843F04003136042F210731D46C3
:203F800000E000BF9668B60701D46D1EF9D29568ED070AD0D5688DF800509568ED0702D0FC
:203FA000D5688DF800509DF8005014731C4600E000BF9568ED0701D1641EF9D29468E4078B
:203FC00000D0D468156800246D0603D4156845F0400515601D4600E000BF9668B60701D4EC
:203FE0006D1EF9D29568ED070AD0D5688DF800509568ED0702D0D5688DF800509DF80050D4
:2040000014731D4600E000BF9668F60701D16D1EF9D29568ED0700D0D56815686D0603D42F
:20402000156845F0400515601D4600E000BF9668B60701D46D1EF9D29568ED070AD0D56824
:204040008DF800509568ED0702D0D5688DF800509DF8005014731D4600E000BF9668F6074D
:2040600001D16D1EF9D29568ED0700D0D56815686D0603D4156845F0400515601D4600E0A4
:2040800000BF9668B60701D46D1EF9D29568ED070AD0D5688DF800509568ED0702D0D5689E
:2040A0008DF800509DF8005014731D4600E000BF9668F60701D16D1EF9D29568ED0700D0D9
:2040C000D56815686D0603D4156845F0400515601D4600E000BF9668B60701D46D1EF9D288
:2040E0009568ED070AD0D5688DF800509568ED0702D0D5688DF800509DF8005014731C4640
:2041000000E000BF9568ED0701D1641EF9D29468E40700D0D4681468FF25640603D41468A0
:2041200044F0400414601C4600E000BF9668B60701D4641EF9D29468E4070AD0D4688DF833
:2041400000409468E40702D0D4688DF800409DF8004015731C4600E000BF9568ED0701D144
:20416000641EF9D294684FF0000CE40730D0D4682EE01468FF26640603D4146844F04004A0
:2041800014601C4600E000BF9568AD0701D4641EF9D29468E4070AD0D4688DF80040946819
:2041A000E40702D0D4688DF800409DF8004016731D4600E000BF9468E40701D16D1EF9D2D2
:2041C0009468E4070FD0D4685FFA84F48DF81C409DF81C40FF2CCCD09DF81C40A4B34FF0EC
:2041E000FF3009B0F0BD6446F0E71568FF246D0603D4156845F0400515601D4600E000BF51
:204200009668B60701D46D1EF9D29568ED070AD0D5688DF800509568ED0702D0D5688DF856
:2042200000509DF8005014731C4600E000BF9568ED0701D1641EF9D29468E40713D0D468AB
:204240005FFA84F48DF81C409DF81C40FE2CCCD100251468FF27640603D4146844F04004F8
:2042600014601C4602E06446ECE700BF9668B60701D4641EF9D29468E4070AD0D4688DF8EB
:2042800000409468E40702D0D4688DF800409DF8004017731C461E4600E000BF9768FF075B
:2042A00001D1761EF9D29668F60711D0D668F6B203AF7E556D1C102DCBDB00251368FF2655
:2042C0005B0603D4136843F040031360234602E06646EDE700BF9768BF0701D45B1EF9D2DA
:2042E0009368DB070AD0D3688DF800309368DB0702D0D3688DF800309DF8003016732346C1
:2043000000E000BF9668F60701D15B1EF9D29368DB0700D0D3686D1C022DCFDB9DF81320DB
:204320009DF81430120442EA03229DF815301A43920202F58062C1F81021FFF78BFC002012
:204340004FE7000000000240003001407FB5FF228DF80820BB4A936943F480239361BA4C9D
:2043600051232268520603D4226842F04002226042F210752A4600E000BFA668B60701D428
:20438000521EF9D2A268D2070AD0E2688DF80020A268D20702D0E2688DF800209DF80020DD
:2043A00023732B4600E000BFA268D20701D15B1EF9D2A268D20700D0E2682368020E5B0665
:2043C00003D4236843F0400323602B4600E000BFA668B60701D45B1EF9D2A368DB070AD0C7
:2043E000E3688DF80030A368DB0702D0E3688DF800309DF8003022732A4600E000BFA3688A
:20440000DB0701D1521EF9D2A268D20700D0E2682268C0F30743520603D4226842F04002FC
:2044200022602A4600E000BFA668B60701D4521EF9D2A268D2070AD0E2688DF80020A2685A
:20444000D20702D0E2688DF800209DF8002023732A4600E000BFA368DB0701D1521EF9D26E
:20446000A268D20700D0E2682268C0F30723520603D4226842F0400222602A4600E000BF1A
:20448000A668B60701D4521EF9D2A268D2070AD0E2688DF80020A268D20702D0E2688DF811
:2044A00000209DF8002023732A4600E000BFA368DB0701D1521EF9D2A268D20700D0E2688B
:2044C000C2B22068400603D4206840F040002060284600E000BFA3689B0701D4401EF9D293
:2044E000A068C0070AD0E0688DF80000A068C00702D0E0688DF800009DF800002273284640
:2045000000E000BFA268D20701D1401EF9D2A068C00700D0E06820680122400603D42068E7
:2045200040F040002060284600E000BFA3689B0701D4401EF9D2A068C0070AD0E0688DF85D
:204540000000A068C00702D0E0688DF800009DF800002273284600E000BFA268D20701D101
:20456000401EF9D2A068C0072FD0E0682DE02268FF20520603D4226842F0400222602A4627
:2045800000E000BFA3689B0701D4521EF9D2A268D2070AD0E2688DF80020A268D20702D05E
:2045A000E2688DF800209DF800202073284600E000BFA268D20701D1401EF9D2A068C0070A
:2045C00001D0E068C0B28DF808009DF80800FF28CDD09DF8080018B14FF0FF3004B070BDAD
:2045E0000846FFF71BFC8DF808002068FF21400603D4206840F040002060284600E000BF89
:20460000A268920701D4401EF9D2A068C0070AD0E0688DF80000A068C00702D0E0688DF815
:2046200000009DF80000217300E000BFA068C00701D16D1EF9D2A068C00700D0E0689DF83F
:204640000800CBE70000024000300140F0B5FFA187B0D1E90053FF268DF81060FD490024E0
:204660008A6942F480228A61FB49EFB20A68520603D40A6842F040020A6042F2107294461E
:2046800000E000BFD1F808E05FEA8E7E02D4BCF1010CF6D2D1F808C05FEACC7C0ED0D1F854
:2046A0000CC08DF808C0D1F808C05FEACC7C03D0D1F80CC08DF808C09DF808C00F731746CE
:2046C00000E000BFD1F808C05FEACC7C01D17F1EF7D28F68FF0700D0CF68D1F800C0C5F39C
:2046E00007275FEA4C6C05D4D1F800C04CF0400CC1F800C0944600E000BFD1F808E05FEAB5
:204700008E7E02D4BCF1010CF6D2D1F808C05FEACC7C0ED0D1F80CC08DF808C0D1F808C0C2
:204720005FEACC7C03D0D1F80CC08DF808C09DF808C00F73174600E000BFD1F808C05FEA7E
:20474000CC7C01D17F1EF7D28F68FF0700D0CF68D1F800C0C5F307475FEA4C6C05D4D1F8A3
:2047600000C04CF0400CC1F800C0944600E000BFD1F808E05FEA8E7E02D4BCF1010CF6D2A1
:20478000D1F808C05FEACC7C0ED0D1F80CC08DF808C0D1F808C05FEACC7C03D0D1F80CC0AD
:2047A0008DF808C09DF808C00F73174600E000BFD1F808C05FEACC7C01D17F1EF7D28F6880
:2047C000FF0700D0CF680F682D0E7F0603D40F6847F040070F60174600E000BFD1F808C0CD
:2047E0005FEA8C7C01D47F1EF7D28F68FF070AD0CF688DF800708F68FF0702D0CF688DF89F
:2048000000709DF800700D73154600E000BF8F68FF0701D16D1EF9D28D68ED0700D0CD6896
:204820000F68DDB27F0603D40F6847F040070F60174600E000BFD1F808C05FEA8C7C01D4FF
:204840007F1EF7D28F68FF070AD0CF688DF800708F68FF0702D0CF688DF800709DF80070EF
:204860000D73154600E000BF8F68FF0701D16D1EF9D28D68ED0700D0CD680D68C3F3072356
:204880006D0603D40D6845F040050D60154600E000BF8F68BF0701D46D1EF9D28D68ED07A7
:2048A0000AD0CD688DF800508D68ED0702D0CD688DF800509DF800500B73134600E000BFF4
:2048C0008D68ED0701D15B1EF9D28B684FF0000CDB0731D0CB682FE00B68FF275B0603D4A5
:2048E0000B6843F040030B609646134600E000BF8D68AD0701D45B1EF9D28B68DB070AD01F
:20490000CB688DF800308B68DB0702D0CB688DF800309DF800300F7300E000BF8B68DB0765
:2049200002D1BEF1010EF8D28B68DB0709D0CB685FFA83F38DF810309DF81030FF2B02D0D6
:2049400005E06346F6E72346641C9342C4D39DF81030FF2B09D003780C68640603D40C681B
:2049600044F040040C60154604E04FF0FF3007B0F0BD00BF8C68A40701D46D1EF9D28C68C5
:20498000E4070AD0CC688DF800408C68E40702D0CC688DF800409DF800400B73144600E022
:2049A00000BF8B68DB0701D1641EF9D28B68DB0700D0CB6843780C68640603D40C6844F054
:2049C00040040C60144600E000BF8D68AD0701D4641EF9D28C68E4070AD0CC688DF80040B1
:2049E0008C68E40702D0CC688DF800409DF800400B73134600E000BF8C68E40701D15B1E98
:204A0000F9D28B68DB0700D0CB6884780B685B0603D40B6843F040030B60134600E000BF00
:204A20008D68AD0701D45B1EF9D28B68DB070AD0CB688DF800308B68DB0702D0CB688DF8BE
:204A400000309DF800300C73144608E07700000000010000000002400030014000BF8B68C3
:204A6000DB0701D1641EF9D28B68DB0700D0CB68C3780C68640603D40C6844F040040C6015
:204A8000144600E000BF8D68AD0701D4641EF9D28C68E4070AD0CC688DF800408C68E407C1
:204AA00002D0CC688DF800409DF800400B73144600E000BF8B68DB0701D1641EF9D28B68F8
:204AC000DB0700D0CB6803790C68640603D40C6844F040040C60144600E000BF8D68AD07C6
:204AE00001D4641EF9D28C68E4070AD0CC688DF800408C68E40702D0CC688DF800409DF8A3
:204B000000400B73134600E000BF8C68E40701D15B1EF9D28B68DB0700D0CB6843790868E6
:204B2000400603D4086840F040000860104600E000BF8C68A40701D4401EF9D28868C007C7
:204B40000AD0C8688DF800008868C00702D0C8688DF800009DF800000B73104600E000BF80
:204B60008B68DB0701D1401EF9D28868C00700D0C8688DF8106000242EE00868FF234006AF
:204B800003D4086840F040000860104600E000BF8D68AD0701D4401EF9D28868C0070AD0C9
:204BA000C8688DF800008868C00702D0C8688DF800009DF800000B73134600E000BF886807
:204BC000C00701D15B1EF9D28868C00709D0C8685FFA80F08DF810009DF81000FF2802D03C
:204BE00005E06046F6E72046641C9042C5D30868FF23400603D4086840F0400008601046B0
:204C000000E000BF8C68A40701D4401EF9D28868C0070AD0C8688DF800008868C00702D089
:204C2000C8688DF800009DF800000B7300E000BF8868C00701D1521EF9D28868C00700D0C2
:204C4000C8689DF8100092E670B585B0FF218DF80810B84900238A6942F480228A61B64917
:204C600005780A68520603D40A6842F040020A6042F21072144600E000BF8E68B60701D48F
:204C8000641EF9D28C68E4070AD0CC688DF800408C68E40702D0CC688DF800409DF8004096
:204CA0000D73144600E000BF8D68ED0701D1641EF9D28C68E40700D0CC6845780C686406F5
:204CC00003D40C6844F040040C60144600E000BF8E68B60701D4641EF9D28C68E4070AD01E
:204CE000CC688DF800408C68E40702D0CC688DF800409DF800400D73144600E000BF8D68CE
:204D0000ED0701D1641EF9D28C68E40700D0CC6884780D686D0603D40D6845F040050D6086
:204D2000154600E000BF8E68B60701D46D1EF9D28D68ED070AD0CD688DF800508D68ED07E5
:204D400002D0CD688DF800509DF800500C73154600E000BF8C68E40701D16D1EF9D28C681E
:204D6000E40700D0CC68C4780D686D0603D40D6845F040050D60154600E000BF8E68B60740
:204D800001D46D1EF9D28D68ED070AD0CD688DF800508D68ED0702D0CD688DF800509DF8C1
:204DA00000500C73144600E000BF8D68ED0701D1641EF9D28C68E40700D0CC6805790C684E
:204DC000640603D40C6844F040040C60144600E000BF8E68B60701D4641EF9D28C68E4078D
:204DE0000AD0CC688DF800408C68E40702D0CC688DF800409DF800400D73144600E000BFE8
:204E00008D68ED0701D1641EF9D28C68E40700D0CC6844790868400603D4086840F040007D
:204E20000860104600E000BF8D68AD0701D4401EF9D28868C0070AD0C8688DF80000886838
:204E4000C00702D0C8688DF800009DF800000C73104600E000BF8C68E40701D1401EF9D221
:204E60008868C0072FD0C8682DE00868FF24400603D4086840F040000860104600E000BF52
:204E80008D68AD0701D4401EF9D28868C0070AD0C8688DF800008868C00702D0C8688DF8E7
:204EA00000009DF800000C73104600E000BF8C68E40701D1401EF9D28868C00701D0C86857
:204EC000C0B28DF808009DF80800FF2803D118465B1C9042C9D30868FF23400603D40868D9
:204EE00040F040000860104600E000BF8C68A40701D4401EF9D28868C0070AD0C8688DF802
:204F000000008868C00702D0C8688DF800009DF800000B7300E000BF8868C00701D1521EA8
:204F2000F9D28868C00700D0C8689DF8080005B070BD00000000024000300140F0B586B0E2
:204F4000FF228DF80C20A84A0026936943F480239361A64A4FF0060E13685B0603D413682C
:204F600043F040031360002542F210731C4600E000BF9768BF0705D4641EF9D202E0D46862
:204F80008DF814409468E407F9D1445D14731C461F4600E000BFD2F808C05FEACC7C01D104
:204FA0007F1EF7D29768FF0734D0D7688DF814706D1C7545DADB2DE01068FF27400603D47A
:204FC000106840F040001060204600E000BF9568AD0701D4401EF9D29068C0070AD0D068F4
:204FE0008DF800009068C00702D0D0688DF800009DF800001773204600E000BF9568ED07C9
:2050000001D1401EF9D29068C00701D0D068C0B28DF80C009DF80C00FF2803D13046761C26
:20502000A042C9D39DF80C00FF2809D0CC781068400603D4106840F040001060184604E0DE
:205040004FF0FF3006B0F0BD00BF9568AD0701D4401EF9D29068C0070AD0D0688DF80000BB
:205060009068C00702D0D0688DF800009DF800001473184600E000BF9468E40701D1401EB2
:20508000F9D29068C00700D0D0688C781068400603D4106840F040001060184600E000BF90
:2050A0009568AD0701D4401EF9D29068C0070AD0D0688DF800009068C00702D0D0688DF89D
:2050C00000009DF800001473184600E000BF9468E40701D1401EF9D29068C00700D0D0680E
:2050E00048781468640603D4146844F0400414601C4600E000BF9568AD0701D4641EF9D2F7
:205100009468E4070AD0D4688DF800409468E40702D0D4688DF800409DF80040107318465D
:2051200000E000BF9468E40701D1401EF9D29068C00700D0D06809781068400603D4106899
:2051400040F040001060184600E000BF9468A40701D4401EF9D29068C0070AD0D0688DF877
:2051600000009068C00702D0D0688DF800009DF800001173184600E000BF9168C90701D130
:20518000401EF9D29068C00700D0D0681068FF21400603D4106840F0400010601C4600E0D0
:2051A00000BF9068800702D4641E601CF8D19068C0070AD0D0688DF800009068C00702D02D
:2051C000D0688DF800009DF80000117300E000BF9068C00701D15B1EF9D29068C00700D0F6
:2051E000D0689DF80C002DE70000024000300140F0B56BA187B009680491FF218DF80C1060
:20520000684900258A6942F480228A61664A06271168490603D4116841F040011160002406
:2052200042F210710B4600E000BF9668B60705D45B1EF9D202E0D3688DF818309368DB072A
:20524000F9D1035D13730B460E4600E000BFD2F808C05FEACC7C01D1761EF7D29668F6070D
:2052600034D0D6688DF81860641CBC42DADB2DE01068FF21400603D4106840F040001060A2
:20528000184600E000BF9468A40701D4401EF9D29068C0070AD0D0688DF800009068C00757
:2052A00002D0D0688DF800009DF800001173184600E000BF9168C90701D1401EF9D290688D
:2052C000C00701D0D068C0B28DF80C009DF80C00FF2803D128466D1C9842C9D39DF80C0051
:2052E000FF280BD0106804AC0425400603D4106840F0400010600021184604E04FF0FF3015
:2053000007B0F0BD00BF9668B60705D4401EF9D202E0D0688DF814009068C007F9D1605CB5
:2053200010731E4600E000BF9068C00701D1761EF9D29068C00705D0D0688DF81400491C2D
:20534000A942D9DB1068FF21400603D4106840F040001060184600E000BF9468A40701D428
:20536000401EF9D29068C0070AD0D0688DF800009068C00702D0D0688DF800009DF80000CB
:20538000117300E000BF9068C00701D15B1EF9D29068C00700D0D0689DF80C00B0E7000016
:2053A000FFFFFFFF0000024000300140F0B5694C85B0002323708DF808306848664D8169EF
:2053C00041F4802181616648FD260168490603D4016841F04001016042F210710A4600E094
:2053E00000BF8768BF0701D4521EF9D28268D2070AD0C2688DF800208268D20702D0C268FE
:205400008DF800209DF8002006730A4600E000BF8668F60701D1521EF9D28268D20700D03F
:20542000C2680668FF22760603D4066846F0400606600E4600E000BF8768BF0701D4761EFF
:20544000F9D28668F6070AD0C6688DF800608668F60702D0C6688DF800609DF8006002736F
:205460000A4600E000BF8668F60701D1521EF9D28268D20700D0C2685FF001079DF8082074
:20548000FF2A33D06D1E31D363700A4600E000BF8668B60701D4521EF9D28268920701D47C
:2054A000677021E0FF2202730A4600E000BF8668F60701D1521EF9D28268D20709D0027B7E
:2054C0008DF808206278002AD8D06FF0010005B0F0BD826800926770520605D5027B8DF82A
:2054E00000209DF8002082681A46E9E79DF80820FF2A02D04FF0FF30E9E70268FF235206E3
:2055000003D4026842F0400202600A4600E000BF8468A40701D4521EF9D28268D2070AD041
:20552000C2688DF800208268D20702D0C2688DF800209DF80020037300E000BF8268D207AB
:2055400001D1491EF9D28168C90700D0C0680020BDE70000A2030020803801000000024012
:205560000030014070B5C44985B000230B70FF218DF80810C1498A6942F480228A61C04A2E
:2055800059251168490603D4116841F04001116042F210710C4600E000BF9668B60701D45C
:2055A000641EF9D29468E4070AD0D4688DF800409468E40702D0D4688DF800409DF800404D
:2055C00015730C4600E000BF9568ED0701D1641EF9D29468E40700D0D4681468050E640656
:2055E00003D4146844F0400414600C4600E000BF9668B60701D4641EF9D29468E4070AD0DD
:20560000D4688DF800409468E40702D0D4688DF800409DF8004015730C4600E000BF956884
:20562000ED0701D1641EF9D29468E40700D0D4681468C0F30745640603D4146844F04004B4
:2056400014600E4600E000BF9468A40702D4761E741CF8D19468E4070AD0D4688DF80040B7
:205660009468E40702D0D4688DF800409DF8004015730C4600E000BF9568ED0701D1641EDD
:20568000F9D29468E40700D0D4681468C0F30725640603D4146844F0400414600C4600E016
:2056A00000BF9668B60701D4641EF9D29468E4070AD0D4688DF800409468E40702D0D46897
:2056C0008DF800409DF8004015730C4600E000BF9568ED0701D1641EF9D29468E40700D0F0
:2056E000D4681468C0B2640603D4146844F0400414600C4600E000BF9568AD0701D4641EDE
:20570000F9D29468E4070AD0D4688DF800409468E40702D0D4688DF800409DF800401073EA
:20572000084600E000BF9468E40701D1401EF9D29068C00700D0D06810680124400603D419
:20574000106840F040001060084600E000BF9568AD0701D4401EF9D29068C0070AD0D06884
:205760008DF800009068C00702D0D0688DF800009DF800001473084600E000BF9468E40766
:2057800001D1401EF9D29068C00700D0D068002438E02046641CA4B2052803D96FF0010066
:2057A00005B070BD1568FF206D0603D4156845F0400515600D4600E000BF9668B60701D433
:2057C0006D1EF9D29568ED070AD0D5688DF800509568ED0702D0D5688DF800509DF80050DC
:2057E00010730D4600E000BF9068C00702D16D1E681CF8D19068C0070ED0D0685FFA80F02C
:205800008DF808009DF80800FF28C2D09DF8080020B14FF0FF30C3E71846F1E71068FF234F
:20582000400603D4106840F040001060084600E000BF9468A40701D4401EF9D29068C007A2
:205840000AD0D0688DF800009068C00702D0D0688DF800009DF80000137300E000BF9068B1
:20586000C00701D1491EF9D29068C00700D0D0689DF8080094E70000A20300200000024077
:2058800000300140F8B504F0DFF804F0DDF804F0DBF80023224AE52802D01370581EF8BD73
:2058A0000025204842F21071012753700C4600E000BF8668B60701D4641EF9D28468A40766
:2058C00001D457701BE0FF2404730C4600E000BF8668F60701D1641EF9D28468E40703D0F2
:2058E000047BFF2C11D00AE0846800945770640605D5047B8DF800409DF8004084685478D7
:2059000034B113706FF00200F8BD17700020F8BD054C6D1CA542C8D313706FF00100F8BDB9
:20592000A203002000300140400D0300F0B585B0FF228DF80820FE4CA26942F48022A26109
:20594000FC4A582613685B0603D4136843F04003136042F210731D4600E000BF9768BF07EE
:2059600001D46D1EF9D29568ED070AD0D5688DF800509568ED0702D0D5688DF800509DF8B5
:20598000005016731E4600E000BF9568ED0701D1761EF9D29568ED0700D0D5681668050E7A
:2059A000760603D4166846F0400616601E4600E000BF9768BF0701D4761EF9D29668F6072D
:2059C0000AD0D6688DF800609668F60702D0D6688DF800609DF8006015731D4600E000BF5B
:2059E0009668F60701D16D1EF9D29568ED0700D0D5681668C0F30745760603D4166846F002
:205A0000400616601E4600E000BF9768BF0701D4761EF9D29668F6070AD0D6688DF80060D6
:205A20009668F60702D0D6688DF800609DF8006015731D4600E000BF9668F60701D16D1E9F
:205A4000F9D29568ED0700D0D5681668C0F30725760603D4166846F0400616601E4600E019
:205A600000BF9768BF0701D4761EF9D29668F6070AD0D6688DF800609668F60702D0D6686B
:205A80008DF800609DF8006015731D4600E000BF9668F60701D16D1EF9D29568ED0700D0BE
:205AA000D568C5B21068400603D4106840F040001060184600E000BF9668B60701D4401E5A
:205AC000F9D29068C0070AD0D0688DF800009068C00702D0D0688DF800009DF8000015733A
:205AE000184600E000BF9568ED0701D1401EF9D29068C00700D0D06810680125400603D43B
:205B0000106840F040001060184600E000BF9668B60701D4401EF9D29068C0070AD0D068A6
:205B20008DF800009068C00702D0D0688DF800009DF800001573184600E000BF9568ED0787
:205B400001D1401EF9D29068C00700D0D06800252F4639E028466D1CADB2052803D96FF012
:205B6000010005B0F0BD10684FF0FF0C400603D4106840F040001060184600E000BF966890
:205B8000B60701D4401EF9D29068C0070AD0D0688DF800009068C00702D0D0688DF80000A6
:205BA0009DF8000082F80CC0184600E000BF9668F60701D1401EF9D29068C00718D0D06838
:205BC0005FFA80F08DF808009DF80800FF28C1D09DF808504FF0FF30002DC2D11668FF255D
:205BE000760603D4166846F0400616601E4602E03846E7E700BFD2F808C05FEA8C7C01D4D9
:205C0000761EF7D29668F6070AD0D6688DF800609668F60702D0D6688DF800609DF800604A
:205C200015731D4600E000BF9668F60701D16D1EF9D29568ED0700D0D568A56945F48025CD
:205C4000A5611568FE246D0603D4156845F0400515601D4600E000BF9668B60701D46D1ECC
:205C6000F9D29568ED070AD0D5688DF800509568ED0702D0D5688DF800509DF8005014733B
:205C80001C4600E000BF9568ED0701D1641EF9D29468E40700D0D46814684FF4007C64065B
:205CA00003D4146844F04004146000251C4600E000BF9668B60705D4641EF9D202E0D46880
:205CC0008DF80C409468E407F9D14C5D14731C4600E000BF9668F60701D1641EF9D29468FB
:205CE000E40705D0D4688DF80C406D1C6545DDDB1168FF24490603D4116841F040011160CE
:205D0000194600E000BF9568AD0701D4491EF9D29168C9070AD0D1688DF800109168C90793
:205D200002D0D1688DF800109DF80010147303E00000024000300140194600E000BF946807
:205D4000E40701D1491EF9D29168C90700D0D1681168FF24490603D4116841F04001116064
:205D6000194600E000BF9568AD0701D4491EF9D29168C9070AD0D1688DF800109168C90733
:205D800002D0D1688DF800109DF800101473194600E000BF9468E40701D1491EF9D2916855
:205DA000C90700D0D1681168FF24490603D4116841F040011160194600E000BF9568AD073D
:205DC00001D4491EF9D29168C9070AD0D1688DF800109168C90702D0D1688DF800109DF84D
:205DE00000101473194600E000BF9468E40701D1491EF9D29168C9070CD0D1685FFA81F17A
:205E00008DF808109DF80810E5297FF4AAAE8DF808702DE03946F3E7002803DB106840F04E
:205E200040001060184600E000BF9468A40701D4401EF9D29068C0070AD0D0688DF80000BA
:205E40009068C00702D0D0688DF800009DF800001173184600E000BF9168C90701D1401EE5
:205E6000F9D29068C00714D0D068C0B28DF808009DF808004FF0FF01002810684FEA406028
:205E8000CAD0002803DB106840F040001060184602E03846EAE700BF9468A40701D4401EE2
:205EA000F9D29068C0070AD0D0688DF800009068C00702D0D0688DF800009DF8000011735A
:205EC00000E000BF9068C00701D15B1EF9D29068C00700D0D068002043E60000F0B5E44A6B
:205EE00085B000271770FF228DF80820E14CA26942F48022A261E04A582613685B0603D483
:205F0000136843F04003136042F210731D4600E000BFD2F808C05FEA8C7C01D46D1EF7D258
:205F20009568ED070AD0D5688DF800509568ED0702D0D5688DF800509DF8005016731D46DE
:205F400000E000BF9668F60701D16D1EF9D29568ED0700D0D5681568060E6D0603D4156829
:205F600045F0400515601D4600E000BFD2F808C05FEA8C7C01D46D1EF7D29568ED070AD059
:205F8000D5688DF800509568ED0702D0D5688DF800509DF8005016731D4600E000BF9668AC
:205FA000F60701D16D1EF9D29568ED0700D0D5681668C0F30745760603D4166846F04006F4
:205FC00016601E4600E000BFD2F808C05FEA8C7C01D4761EF7D29668F6070AD0D6688DF89B
:205FE00000609668F60702D0D6688DF800609DF8006015731D4600E000BF9668F60701D105
:206000006D1EF9D29568ED0700D0D5681668C0F30725760603D4166846F0400616601E46A8
:2060200000E000BFD2F808C05FEA8C7C01D4761EF7D29668F6070AD0D6688DF800609668B6
:20604000F60702D0D6688DF800609DF8006015731D4600E000BF9668F60701D16D1EF9D2AC
:206060009568ED0700D0D5681568C0B26D0603D4156845F0400515601D4600E000BF96687D
:20608000B60701D46D1EF9D29568ED070AD0D5688DF800509568ED0702D0D5688DF8005066
:2060A0009DF800501073184600E000BF9568ED0701D1401EF9D29068C00700D0D06815684B
:2060C00001206D0603D4156845F0400515601D4600E000BF9668B60701D46D1EF9D2956804
:2060E000ED070AD0D5688DF800509568ED0702D0D5688DF800509DF800501073184600E045
:2061000000BF9568ED0701D1401EF9D29068C00700D0D068002539E028466D1CADB205284C
:2061200003D96FF0010005B0F0BD10684FF0FF0C400603D4106840F040001060184600E04C
:2061400000BF9668B60701D4401EF9D29068C0070AD0D0688DF800009068C00702D0D068A8
:206160008DF800009DF8000082F80CC0184600E000BF9668F60701D1401EF9D29068C0070D
:206180000ED0D0685FFA80F08DF808009DF80800FF28C1D09DF8080020B14FF0FF30C2E7B9
:2061A0003846F1E71568FF206D0603D4156845F0400515601D4600E000BF9668B60701D4A5
:2061C0006D1EF9D29568ED070AD0D5688DF800509568ED0702D0D5688DF800509DF80050D2
:2061E0001073184600E000BF9568ED0701D1401EF9D29068C00700D0D068A06940F480208F
:20620000A0611068FE24400603D4106840F040001060184600E000BF9568AD0701D4401E8D
:20622000F9D29068C0070AD0D0688DF800009068C00702D0D0688DF800009DF800001473D3
:2062400000E000BF9068C00701D15B1EF9D29068C00700D0D068094801600849401508396A
:206260000860081F016841F01001016000205AE7A2030020000002400030014064640240A0
:206280002DE9F847DFF87CC181468A46DCF800005D4BC5075D496FF001004FF0000442F239
:2062A000107223D0154600E000BF8E68B60701D46D1EF9D2DCF8005025F00105CCF800503E
:2062C00000E000BFDCF80050ED07FAD10D6825F040050D604D6825F002054D600D6845F0D8
:2062E00040050D60DCF80050ED072AD1484DAE6946F48026AE611D789DBB00264FF00108E3
:206300005C70154600E000BF8F68BF0701D46D1EF9D28D68AD0702D483F801800FE0FF2541
:206320000D73154600E000BF8F68FF0701D16D1EF9D28D68ED0707D00D7BFF2D17D05D788E
:2063400085B11C70BDE8F8878D68009583F801806D06F4D50D7B8DF800509DF800508D685E
:20636000EDE704E0032E0CD0761C042EC8D30868FC23400603D4086840F0400008601046AF
:2063800004E01C704FF0FF30DCE700BF8C68A40701D4401EF9D28868C0070AD0C8688DF8BA
:2063A00000008868C00702D0C8688DF800009DF800000B7300E000BF8868C00701D1521EF4
:2063C000F9D28868C00700D0C8680E4A0C32C2F800900C4A121DC2F800A0DCF8000040F078
:2063E0001000CCF800004868800703D4486840F002004860DCF8000040F00100CCF8000068
:2064000000209FE758640240A203002000300140000002402DE9F05F04460BA80D4690E833
:20642000400C20680A9F98464168914621F0010141602868416821F001014160E06C01F0A3
:2064400043F8E86C01F040F8F06A01F03DF8E16C0968C1F80C80E16C08EB57000968086190
:20646000E06C0068016841F480210160E06C0068016821F400210160E16C206809680C3092
:206480008860E06CBB0800684360A06C0068016821F0100101602068016821F040010160F6
:2064A0002068416841F0010141602068016841F040010160E06C0068016841F00101016062
:2064C000444908680006FCD44348826942F40022826100BF00BF022200BF521C322AFBDB37
:2064E000DFF8F0C04FF44E420CF1040CCCF800200A681206FCD400BF00BF022200BF521C28
:20650000322AFBDB826942F00802826100BF00BF022000BF401C3228FBDB08680006FCD40E
:20652000E96C0968C1F80C90E96C09EB570009680861E86C0068016841F480210160E86C16
:206540000068016821F400210160E96C286809680C308860E86C00684360A86C0068016815
:2065600021F0100101602868016821F0400101602868416841F0010141602868016841F0B5
:2065800040010160E86C0068016841F001010160F16A0968C1F80CA0F16A206809680C30DF
:2065A0008860F16A4FEA5B0009684860F06A0068016821F0100101603068C16841F40061E6
:2065C000C160F06A0068016841F001010160BDE8F09F000008380040000002400021CA1CDE
:2065E000D206D20C20F81120491C2029F7DB70472DE9F04F04462DED0A8BADF2745D4FF068
:206600000008D4E9A765D0F8B002CDF80405B4F8B402CDF800050A2004F51E74CDF800803B
:20662000CDF80805FBF732FACDF85005FD4807C89FEDFD0A0DF20C5383E8070004ED7C0A62
:20664000A069A4F51E7480077DD400279FEDF79BF3EE04AA9FEDF78BDFF8E0A39FEDF8AAC4
:20666000780007F070FD53EC192B07F019FE07F083FA00EE900A80EEAA0A10EE100A08F07F
:206680005FF941EC100B06F003F853EC182B51EC100B07F005FE53EC182B07F09FFA07F08C
:2066A0006BFA00EE100A10EE100A504501DD9FEDE50AB5EEC00AF1EE10FA01D2B0EE4A0A4C
:2066C0000DF5A561BCEEC00A10EE100AC8557F1C142FC5DBB4F88610082218200129217824
:2066E00044F620673ED0B7FBF1F1CDE900104FF0FF3CCDF810C00292CDE905C4294630466A
:20670000DDF80035DDF8042500F0F4FE4920009005233046DDF80025DDF8041501F01EFA07
:20672000D4F8900240F00400C4F89002DDF80005CDF83C050120CDF84005CDF844850220BE
:206740000DF23C5100E0E7E2CDF84805CDF84C85DDF80405F9F7EAFE00200DF11C0BCDF89C
:20676000540516E04FF0FF3C8DE80510B7FBF1F3CDE903C43046DDF80025DDF8041500F065
:20678000E1FFC3E7010004D0012904D0022805D103E0412002E0492000E0592000900523FC
:2067A0003046DDF80025DDF8041501F0D7F9A64948690068C26ACDF86825826ACDF86425FA
:2067C0000268CDF860254268CDF85C25C268CDF8582500228262DDF8503544F62060B3FBE1
:2067E000F0F04B69401E1B68D86248690068C2601746EBE10020594601EB8002401C82ED8E
:2068000000AA1428F8DB07F03F00009007233046DDF80025DDF8041501F0A0F98A480021F4
:2068200042691268116140690068016841F00101016000200090854801680906FCD4844921
:206840008A6942F400228A6100BF00BF022200BF521C322AFBDB9DF8282542F406437B4ADB
:20686000121D136003681B06FCD400BF00BF022300BF5B1C322BFBDB8B6943F008038B61F0
:2068800000BF00BF022300BF5B1C322BFBDB3368DB68ADF804302B68DB68ADF8043003681B
:2068A0001B06FCD48B6943F400238B6100BF00BF022300BF5B1C322BFBDBFB06634ADB0C0C
:2068C000121D9A46136002681206FCD400BF00BF022200BF521C322AFBDB8A698E4642F0EA
:2068E00008028A6100BF00BF022100BF491C3229FBDB584989460A68D207FBD03168C9685D
:20690000ADF804102968C968ADF8041000224E49496909680B69DB07F9D000230B61016850
:206920000906FCD4DEF81830714643F40023CEF8183000BF00BF022300BF5B1C322BFBDB2F
:20694000531C4FF0140C93FBFCF80CFB183C0DF5A56313F80C30DFF8F4C043F406430CF133
:20696000040CCCF8003003681B06FCD400BF00BF022300BF5B1C322BFBDB8B6943F0080379
:206980008B6100BF00BF022300BF5B1C322BFBDB3368DB68ADF814302B68DB68ADF8143079
:2069A00003681B06FCD48B6943F400238B6100BF00BF022300BF5B1C322BFBDBCCF800A0D1
:2069C00003681B06FCD400BF00BF022300BF5B1C322BFBDB8B6943F008038B6100BF00BFB3
:2069E000022100BF491C3229FBDB49460B68DB07FCD03168C968ADF80C102968C968ADF87D
:206A000010101F2F28DDBDF80C104FF6FF7303EA4101ADF80C100BEB8201BDF80C30D1ED63
:206A2000000A1FE02002040800007A4344174154FB210940000000000000604000007F43AB
:206A40000000000000007F43C0A500200838004000000240083401400BEB8201BDF8103042
:206A6000D1ED000A1BB200EE103A521C142AB8EEC00A30EE800A81ED000AFFF648AF009988
:206A8000DDF80825491C00919142FFF6D5AE0798804607F055FF41EC190B404607F050FFE6
:206AA00041EC180B4FF000080BEB8809D9F8000007F046FF53EC192B07F0F0FC05D2D9F89D
:206AC000000007F03DFF41EC190BD9F8000007F037FF53EC182B07F0A7FB05D2D9F8000071
:206AE00007F02EFF41EC180BDDF8080508F101088045D9DB07F027FB8A4680464AEC1B0BBA
:206B0000DDF854150DF20C5000EB8109D9F8000007F016FF41EC1C0B53EC182B51EC190B53
:206B200007F024FE53EC1C2B07F014F99FED7C9B53EC192B07F0B4FB9FED7BCB53EC1C2B8E
:206B400007F0AEFB53EC1B2B07F004F907F014F800900DF5A46306AA142107A804F0D4FB29
:206B6000D9ED000A9DED061A4AEC188B81EE200A10EE100A07F0E4FE53EC192B07F090FB33
:206B800053EC1C2B07F08CFB53EC182B07F0E2F806F0F2FF0146069007EB470020AA02EBEA
:206BA0008003DDF8542543F82210E0A901EB4001DDF85405BDF8202521F810205C48406923
:206BC0000068016821F0010101607F1C2078B8423FF710AE5648DDF8681542691268D16207
:206BE0004269DDF86415126891624269DDF86015126811604269DDF85C151268516040698A
:206C0000DDF858150068C160DDF85405401CCDF854050328FFF6B6AD002210463BE000BF2C
:206C200000EB400120AB03EB8103DFF808C193ED000A10EE107A674556DA93ED010ADFF8FB
:206C4000F8C010EE107A67450ADA93ED020A04EB800383ED440AE0AB03EB4101898807E0F5
:206C600004EB800383ED440AE0AB03EB4101498804EB4003A3F8101204EB8001D4ED220A0C
:206C800091ED440AB4EEE00AF1EE10FA00D2521CC4F88C20401C21788142C1DCB4F8860084
:206CA00001284FF0FF30014626D004AA82E81300A288E18860888DE8070029463046DDF824
:206CC0000035DDF8042500F015FC00BFD4F8900220F00400C4F89002002000900DF2745D81
:206CE000BDEC0A8BBDE8F08F04EB800383ED440AE0AB33F81110BBE702AA82E81300A18837
:206D0000E088CDE9000163883046DDF80025DDF8041500F017FDD9E74FF0FF30DDE7000015
:206D2000E72AAB23262C8A3EFCA9F1D24D62503FC0A5002000007A440000C84230B5044638
:206D40002D4885B0142145696846E9F7C7FD002C50D0002D4ED0286800284BD0D4F89C0280
:206D600070B1006860B1416821F003014160D4F89C02C06C00F0A8FBD4F89C0200F07CFB20
:206D8000D4F8A00270B1006860B1416821F003014160D4F8A002C06C00F096FBD4F8A00203
:206DA00000F06AFBE86A00F08FFB2868C16821F40061C1602868016821F001010160296864
:206DC0000020C8602968086129684862B4F8B41200910121CDE9011002200390D4F8B00217
:206DE000694604F52C74F9F7A1FBA18801222068F9F797FC05B030BDC0A500202DE9F74FE5
:206E000004462DED0A8BBAB04FF0000AD4E9A765D0F8B0020890B4F8B4020790052004F5D4
:206E20001E74CDF800A00C90FAF730FE8146FE482DAB07C883E8070002209FEDFC0A0D9029
:206E400004ED7C0AA069A4F51E7480077ED400279FEDF79BF3EE04AA9FEDF78BDFF8E0B362
:206E60009FEDF8AA780007F06EF953EC192B07F017FA06F081FE00EE900A80EEAA0A10EE66
:206E8000100A07F05DFD41EC100B05F001FC53EC182B51EC100B07F003FA53EC182B06F007
:206EA0009DFE06F069FE00EE100A10EE100A584501DD9FEDE50AB5EEC00AF1EE10FA01D29B
:206EC000B0EE4A0A23A9BCEEC00A10EE100AC8557F1C142FC6DBB4F886100822182023788D
:206EE00044F62068012951D0B8FBF3F1CDE900104FF0FF3704970292CDE90574DDE9073256
:206F00002946304600F0F6FA49200090DDE907210523304600F022FED4F8900240F0040085
:206F2000C4F890020798289001200027CDE929070220CDE92B0728A90898F9F7F7FA5920A9
:206F40000090DDE907210523304600E04FE200F005FEBE4948690068C26A3092826A06927F
:206F60000268059242680492C26803928762B9FBF8F04A69401E1268D06248690068C7608F
:206F8000B946DFF8CCA20DF13C0BE5E14FF0FF31CDE90002B8FBF3F3CDE902110494DDE9BB
:206FA0000721304600F0CEFBAEE700204FEA0B0101EB8002401C82ED00AA1428F8DB4598B1
:206FC000072300F03F000090DDE90721304600F0C5FD9E4900204A691268106148690068F4
:206FE000016841F00101016000200090994801680906FCD498498A6942F400228A6100BFE5
:2070000000BF022200BF521C322AFBDB9DF88C2042F406438F4A121D136003681B06FCD497
:2070200000BF00BF022300BF5B1C322BFBDB8B6943F008038B6100BF00BF022300BF5B1C4D
:20704000322BFBDB3368DB68ADF804302B68DB68ADF8043003681B06FCD48B6943F40023ED
:207060008B6100BF00BF022300BF5B1C322BFBDB784A4FEAC963121D4FEAD348C2F8008034
:2070800002681206FCD400BF00BF022200BF521C322AFBDB8A698E4642F008028A6100BFF0
:2070A00000BF022100BF491C3229FBDB51460A68D207FCD03168C968ADF804102968C968A6
:2070C000ADF8041000226149496909680B69DB07F9D000230B6101680906FCD4DEF81830F4
:2070E000714643F40023CEF8183000BF00BF022300BF5B1C322BFBDB531C142793FBF7FC3A
:2071000007FB1C3723ABDB5D43F40647514B1B1D1F6007683F06FCD400BF00BF022700BF53
:207120007F1C322FFBDB8F6947F008078F6100BF00BF022700BF7F1C322FFBDB3768FF6811
:20714000ADF8D0702F68FF68ADF8D07007683F06FCD48F6947F400278F6100BF00BF0227F2
:2071600000BF7F1C322FFBDBC3F8008003681B06FCD400BF00BF022300BF5B1C322BFBDBDB
:207180008B6943F008038B6100BF00BF022100BF491C3229FBDB51460B68DB07FCD031688A
:2071A000C968ADF82C102968C968ADF8C810B9F11F0F0EDDBDF82C304FF6FF7101EA4301C6
:2071C000ADF82C100BEB8201BDF82C30D1ED000A05E00BEB8201BDF8C830D1ED000A1BB2DC
:2071E00000EE103A521C142AB8EEC00A30EE800A81ED000AFFF667AF00990C9A491C0091DB
:207200009142FFF6F4AE0F98074607F099FB41EC180B384607F094FB41EC190B5FF000078A
:207220000BEB87081AE000002C02040800007A4344174154FB2109400000000000006040E3
:2072400000007F430000000000007F43C0A50020083401400838004000000240D8F8000016
:2072600007F06EFB53EC182B07F018F905D2D8F8000007F065FB41EC180BD8F8000007F00F
:207280005FFB53EC192B06F0CFFF05D2D8F8000007F056FB41EC190B0C987F1C8742BFDB6B
:2072A00006F051FF41EC1C0B019107460D992DA800EB8108D8F8000007F042FB41EC1B0B0F
:2072C00053EC192B51EC180B07F050FA53EC1B2B06F040FD9FED479B53EC192B06F0E0FF0C
:2072E0009FED46BB53EC1B2B06F0DAFF53EC1C2B06F030FD06F0FAFE469931AB02AA21F896
:20730000190014210FA803F0FFFFD8ED000A9DED021A019981EE200A41EC187B10EE100AF7
:2073200007F00EFB53EC192B06F0BAFF53EC1B2B06F0B6FF53EC182B06F00CFD06F0D6FEA0
:20734000469921F819002F4840690068016821F00101016009F10109217849453FF725AE83
:207360002848309942691268D16242690699126891624269059912681160426904991268CF
:207380005160406903990068C160B4F8860001281DD04FF0FF31CDE904110694A288E188BF
:2073A00060888DE80700DDE907322946304600F0A1F800BFD4F8900220F00400C4F890027D
:2073C000002000903AB0BDEC0A8BBDE8FE8F4FF0FF31CDE902110494A188E088CDE900018B
:2073E0006388DDE90721304600F0ACF9E2E74FF0FF30E6E7E72AAB23262C8A3EFCA9F1D244
:207400004D62503FC0A500202DE9F843804616460F464FF4AA40ADF80000002231463846F8
:20742000F9F77FF90120F8F70BFF4FF47A752B46022269464046FBF7EFFA0020ADF800002E
:20744000012231463846F9F76CF90024002231463846F9F766F92B46022269464046FBF779
:20746000DBFA012231463846F9F75BF9641CE4B2092CEBD3BDE8F88308B5002805D0006890
:20748000002802D0C1688068009008BD002806D00168002903D000220A61006842627047D9
:2074A00000B585B00820009002200021CDE9010103900120049069460248F9F737F805B01A
:2074C00000BD000000000240094A00280ED0016800290BD00B6823F001030B60006800E0AA
:2074E00000BF0168C90701D0521EF9D270470000A08601002DE9FF4F8DB00025DDE91F8679
:20750000DDE91B97DDF868A00F98C6F8B002A6F8B4320D98C6E9A7010120CDE90805022079
:20752000CDE90A050C469B46079307A90F98F8F7FDFF0D9801F01FFB4FF48060C4E90150A6
:207540004000C4E90305012060614002C4E9060525620A206562C4E90A502046FBF706F885
:2075600020B92068016841F040010160002423465A460F990D9800F0F1F906EB440108815B
:20758000641CE4B2402CF2D3304606F0BBFA20B14FF0FF3011B0BDE8F08FB6F8840030708D
:2075A000A6F802A000EE10AA0024B8EE400A10EE100A07F0C5F99FED5C1B53EC112B06F08E
:2075C0006FFE9FED5B1B53EC112B06F0C3FB06F019FD0146584A002052F820308B4200D2BF
:2075E0000446401C0928F7DBDE208DF80400524853492430504A10F824008DF805004E48EB
:20760000483010F824008DF8060002208DF8070040208DF8080049488DF8095010F8270002
:207620008DF80C004548443010F827008DF80D004248883010F827008DF80E003F48CC3070
:2076400010F827008DF80F0011F8290064318DF81000643A11F8291012F8290041EA80103D
:207660008DF81100A6F80690B780B6F886701E984FEA1861030A43EA0863DCB2030CC2B247
:20768000000E43EA084340EA0820DBB2C0B2012F02D0042F25D110E08DF814308DF8150095
:2076A0008DF812208DF816508DF818508DF813408DF817508DF8195013E08DF814308DF848
:2076C00015008DF816804FEA18208DF817004FEA18408DF812208DF818008DF813408DF82B
:2076E00019101620009001AB5A460F990D9800F01CFA002423465A460F990D9800F02EF96B
:2077000006EB44010881641CE4B2402CF2D35A460F990D98FFF778FED6F8900240F0010079
:20772000C6F89002002035E700000000000040400000000000408F40B401040878FF0308EB
:20774000880004082DE9FF4F8DB04FF0000BDDE91D54DDE91A860E98C4F8B002A4F8B42287
:207760000D98C4F8A0B2C4F89C020121CDE9081B0221CDE90A1B99469246079207A90E985D
:20778000F8F7D4FE0D9801F0F6F90027DDE90D013B46524600F0E2F804EB470108817F1C6A
:2077A000FFB2402FF2D3204606F0ACF920B14FF0FF3011B0BDE8F08FB4F884002070A4F863
:2077C00002909FED600A00EE909A0027F8EE600A20EE800A10EE100A07F0B2F89FED5A1B40
:2077E00053EC112B06F0B6FA06F00CFC0146584A002000BF52F820308B4200D20746401CC0
:207800000928F7DBDE208DF80400514851492430514A10F827008DF805004D484C4B48305F
:2078200010F827008DF8060002208DF8070040208DF808008DF809B011F826108DF80C10D5
:2078400044495846443111F826108DF80D104149883111F826108DF80E103E49CC3111F8F5
:2078600026108DF80F1012F8281064328DF81010643B12F8282013F8281042EA81118DF83A
:207880001110A4F80680A680B4F886C01C990A0A0F0CCEB242EA0562D3B247EA0547090E7D
:2078A000FAB241EA05212F0EC9B2BCF1010F03D0BCF1040F23D110E08DF814208DF815107C
:2078C0008DF812608DF816008DF818008DF813308DF817008DF8190011E08DF814208DF848
:2078E00015108DF81650280A8DF81700280C8DF812608DF818008DF813308DF819701620D6
:207900000090DDE90D0101AB524600F00EF90025DDE90D012B46524600F020F804EB450189
:2079200008816D1CEDB2402DF2D3DDE90D015246FFF76AFDD4F8900240F00100C4F89002BE
:20794000002036E7000000420000000000408F40B401040878FF03088800040870B543F06A
:20796000C0003F49020208680006FCD43D48836943F40023836100BF00BF022300BF5B1CED
:20798000322BFBDB364B1B1D1A600C682406FCD400BF00BF022400BF641C322CFBDB84690F
:2079A00044F00804846100BF00BF022400BF641C322CFBDB0C682406FCD4846944F40024D4
:2079C000846100BF00BF022400BF641C322CFBDB1A600C682406FCD400BF00BF022400BF60
:2079E000641C322CFBDB846944F00804846100BF00BF022400BF641C322CFBDB1A4C2568B7
:207A0000ED07FCD0184E361D35680D682D06FCD4856945F40025856100BF00BF022500BF42
:207A20006D1C322DFBDB1A600A681206FCD400BF00BF022100BF491C3229FBDB816941F0A3
:207A40000801816100BF00BF022000BF401C3228FBDB2068C007FCD03068C0B270BD0000FE
:207A600008380040000002400834014070B5044615460846FFF70AFD2846FFF707FD2046E4
:207A8000FFF704FD2846FBF7FFFAFFF709FD01220C21206803F014F901220021206803F003
:207AA0000FF92068416C41F4004141642068016841F00101016070BD70B515460E4604469E
:207AC000FBF735FB3046FBF71FFB2846FBF72FFB2068016821F00101016000220C2120683C
:207AE00003F0EEF800220821206803F0E9F800221146206803F0E4F82068016A41F21112ED
:207B0000114207D1016A9210114203D1416C21F4004141642046FFF7B9FC3046FFF7B6FC2F
:207B20002846BDE87040FFF7B1BC2DE9F8431D461746884681460024089E09E0285D0090B1
:207B400023463A464146484600F008F8641CE4B2B442F3D30020BDE8F883000070B503F00D
:207B6000BF00049940F0800041EA00233E4908680006FCD43D48826942F40022826100BF74
:207B800000BF022200BF521C322AFBDB364C241D23600A681206FCD400BF00BF022200BFA2
:207BA000521C322AFBDB826942F00802826100BF00BF022200BF521C322AFBDB0A68120690
:207BC000FCD4826942F40022826100BF00BF022200BF521C322AFBDB23600A681206FCD4D1
:207BE00000BF00BF022200BF521C322AFBDB826942F00802826100BF00BF022200BF521CAB
:207C0000322AFBDB1A4A1568ED07FCD0184D2D1D2E680E683606FCD4866946F40026866194
:207C200000BF00BF022600BF761C322EFBDB23600B681B06FCD400BF00BF022100BF491C6B
:207C40003229FBDB816941F00801816100BF00BF022000BF401C3228FBDB1068C007FCD0F7
:207C60002868C0B270BD000008380040000002400834014070B50446F2F725F80C4D286838
:207C800040F0004028600520F8F7DAFA286840F08040286004F54054B4F8AC0240F00800DD
:207CA000A4F8AC02BDE870400520F8F7C9BA00001808024010B504460A48016841F480416C
:207CC000016004F54050B0F8AC1221F00801A0F8AC120520F8F7B4FA2046BDE81040F1F7DF
:207CE0005EBF00001808024030B5074C00228B5C002B08D0636003681D68ED432D06FBD4DC
:207D0000521CD2B2F3E730BD0010014070B500F54054B4F8AC0240F40060A4F8AC02F8F784
:207D200005FD0546D4F888070028FBD113E000BFF8F7FCFC401BC8280DD9B4F8AC0240F053
:207D40002000A4F8AC02B4F8AC0220F40060A4F8AC02012070BDD4F8EC0B0028E8D0B4F804
:207D6000AC0220F44060A4F8AC02002070BD03F06FFB00000148F8F7A1BD0000242B0120A7
:207D80000148F8F7F8BD0000242B012038B5806B002190F83D202B4B46F2A8141B68B3FB0D
:207DA000F4F3C3EBC30303EB830300933BB15B1E009303681B689B0505D5009BF6E7036C1A
:207DC00043F020030364436B03B1D963836B03B1D96303681C6824F480641C604185436B8F
:207DE00003B11965836B03B1196503681C6824F001041C6090F83D402023602C0BD02824B2
:207E000034EA02020FD080F83D3080F83E1000BFF8F7CAFE38BD80F83D3080F83E1001643B
:207E2000F8F7FAFC38BD0268136843F0010313600268136843F480631360016380F83D400E
:207E4000E6E70000D005002000684169C943090601D400210161704770B5044690F83D00F0
:207E600094F83E10102901D0402906D1222804D121680A6822F400620A60282131EA00027C
:207E80004FF000054FF0200626D021684968090505D4602803D084F83D6084F83E5025631C
:207EA00020684168090537D5416821F400614160606B90F835203C49012A11D00165606B4D
:207EC000F7F7F7FF38B32068016821F00101016084F83D60606B1CE0256384F83D10DFE777
:207EE000A06B0165A06BF7F7E4FFA0B120684169C943490605D40069616A0870606A401CAC
:207F000060622068016821F00101016084F83D60A06B016D884710E094F83D10602910D0A7
:207F20004169C943490605D40069616A0870606A401C60622046F8F737FE206CC1071CD104
:207F400015E084F83D6025644169C943490605D40069616A0870606A401C60622068016827
:207F600021F0010101602046F8F756FCE5E7810703D4410701D4000704D52068416821F478
:207F8000E061416094F83D00216C49070BD5282809D10648E062256384F83D6084F83E5014
:207FA0002046F8F7CDFE70BD8D7D03080000FFFF01684A69D24352050FD46FF480624A6106
:207FC000002140F8301F202242738173026942F0040202610173012070470020704710B520
:207FE000C26A438D0168042B06D0438D032B08D0438D022B1DD012E04A6822F480624A6011
:208000000CE04B6823F480634B60042A06D0022A04D001680A6822F480620A600168096900
:20802000426A1170416A491C4162418D491E418510BD012A34D0102A32D0042A34D0022ACF
:2080400032D00B6843F400730B6001680969436A1970416A491C4162438D5B1E4385036856
:208060001B690B70416A491C4162418D491E418501684B6823F440734B60202180F83D10BC
:2080800090F83E300021402B80F83E1010D0082A02D0202A00D012210163F8F752FE10BDF7
:2080A0000B6823F48063CFE70B6843F48063CBE70163F8F749FE10BD38B590F83D102229EA
:2080C00010D1C36A418D03290DD901680969426A1170416A491C4162418D491E4185418D2E
:2080E000032906D038BDC26A022A02D0012906D029B10068416821F48061416038BD2A4A74
:2081000046F2A81400211268B2FBF4F202EB8202009202682024009D6D1E009526D015685C
:20812000AD05F8D4156825F4806515600268556825F4E065556002681269456A2A70426ABD
:20814000521C4262428D521E428580F83D4090F83E2080F83E10402A21D0082B02D0202BBB
:2081600000D012210163F8F7ECFD38BD036C43F020030364536823F4E063536002681269F2
:20818000436A1A70426A521C4262428D521E428580F83D4080F83E10F8F706FD38BD0163DE
:2081A000F8F7D2FD38BD0000D005002010B5C26A90F83D1021290BD1418D51B1416A026846
:2081C00009781161416A491C4162418D491E418510BD20230021082A13D0202A11D012F586
:2081E000803F0ED00268546824F4E06454601122026380F83E1080F83D3000BFF8F7A2FD1C
:2082000010BD0268546824F4E06454600268146844F400741460016380F83D3090F83E2026
:2082200080F83E10402AE9D1F8F7A2FD10BD000010B590F83D1090F83E30C26A048DB4B147
:20824000212903D0402B11D122290FD1418DE1B390F83E10402942D0416A026809781161CE
:20826000416A491C4162418D491E418510BD2129E8D120230021082A13D0202A11D012F5D5
:20828000803F0ED00268546824F4E06454601122026380F83E1080F83D3000BFF8F752FDCB
:2082A00010BD0268546824F4E06454600268146844F400741460016380F83D3090F83E2086
:2082C00080F83E10402AE9D100E002E0F8F750FD10BD0068416821F48061416010BDBDE8CF
:2082E000104000F0D3B8000078B590F83E50C26A036B90F83D6000240168222E7AD1066D16
:208300000EB9402D76D0056D1DB90569B5F5404F09D0458D05B3468D384D012E0ED0438D5C
:20832000022B3AD05DE04A698A6900920A6842F480720A60016D491C016578BDAA4213D14F
:208340000A6822F480620A6001684A68120503D50A6822F4806216E04A698A6900920A6835
:2083600042F400720A6039E0082A10D0202A0ED0122B0AD0042A03D0022A01D0102AE7D191
:208380000A6842F480620A6024E0012AE0D00A6822F480620A600168DEE7042A21D0022ABD
:2083A0001FD0102A1DD00B6823F480630B6001680B6843F400630B6001684B681B0509D5D4
:2083C000AA4212D0012A10D0082A0ED0102A0CD0202A0AD001684A6989690091046578BD3D
:2083E00008E00B6843F48063E5E74A6842F480524A60EFE7486988690090F0E70000FFFFFB
:2084000090F83E10402910D00169B1F5804F19D0016DA9B3016D012910D1416C5FF0F10243
:2084200001F4407142EAD11106E0016D0029416C05D0C9B241F0010100680161704701F069
:20844000FE01F9E790F83D102129416C09D0C9B241F0010102681161416B29B1C96B49B952
:2084600002E001F0FE01F5E7816B0029E6D0C96B0029E3D00068416841F400614160704774
:20848000FFE7416CF02201F44071CBE710B590F83D10026D4AB1026D012A14D0026D022AC2
:2084A00016D0BDE81040FFF7CFBCC16C0129816C02D0C1F3072108E00268C9B21161016DC1
:2084C000891C016510BD816CC9B20268116123E022291CD0428D0AB1212920D0428D002A89
:2084E000F0D12129EED101684A6822F4E0624A6001680A6842F400720A60002101632022E1
:2085000080F83D2080F83E10F8F732FC10BD01680A6842F480720A60016D491CD1E7416A33
:20852000026809781161416A491C4162418D491E418510BD2DE9F84F0446006889460B9DDD
:2085400001689846174641F4806101602068016841F48071016000954FF0011B00225946D7
:2085600020460A9B00F0FEF94FF4007A40B120680068C00501D5C4F840A00320BDE8F88FE5
:20858000216809F0FE0008612B46284920460A9A00F030FAF0BB20684169806900902A4626
:2085A00020460A9900F0BCFA40B1206C04283AD12068016841F40071016034E0FEB2B8F1F3
:2085C000010F09D02168380A08612A4620460A9900F0A6FA0028E8D1206806612A462046CF
:2085E0000A9900F09DFA0028DFD12068016841F48071016000950022594620460A9B00F0B0
:20860000B1F90028B3D1216809F0FF0040F00100086100E007E02B46044920460A9A00F06A
:20862000E9F90028AAD00120A8E70000020001002DE9F843044600680D46DDE908970168DF
:208640009846164641F4807101604B4600224FF001112046009700F085F948B12068006801
:20866000C00502D54FF4007020640320BDE8F883216805F0FE0008613B464A46154920462A
:2086800000F0B8F988B920684169806900903A464946204600F044FA48B1206C042804D124
:2086A0002068016841F4007101600120DEE7F5B2B8F1010F09D02168300A08613A46494668
:2086C000204600F02DFA0028E7D1206805610020CCE700000200010038B50C4690F83D2055
:2086E00000212825954302680B4605D051699169009180F83C3038BD556825F48065556016
:20870000E243540700D50121120601D5828900E0028B80F83C3092B2F8F794F838BD0000E4
:208720002DE9F04190F83D300446C26A002120261E4F00686FF48065082A01D0202A01D1E4
:20874000282B04D0212B17D04561BDE8F081E762426822F4E06242602068456120680268F6
:2087600022F480620260216384F83D6084F83E102046F8F7E5FAE8E7E7622122226384F8A8
:208780003D6084F83E10416821F4E0614160206845612068016821F4806101602046FFF700
:2087A00053FB2046F8F775FDCFE700000000FFFFF8B590F83D6004460068416821F4E0616D
:2087C00041602068002541690091016841F0010101602068016821F480610160206841689A
:2087E000090520D5474F222E48D02A2E46D0616B096849686185618D19B1216C41F00401BB
:208800002164416821F400614160606BF7F794FB012808D0606B0765606BF7F74AFB10B1D4
:20882000606B016D8847608D08B320684169C943490708D40069616A0870606A401C60628A
:20884000608D401E608520684169C943490608D40069616A0870606A401C6062608D401EA0
:208860006085608D18B1206C40F004002064206C00B32046BDE8F840FFF7EEBAA16B09687C
:2088800049686185618D19B1216C41F004012164416821F400614160A06BF7F74DFB012817
:2088A000C1D0A06B0765A06BF7F703FB0028BAD0A06BB6E72A2E06D12563282084F83D00A7
:2088C0002046F8F7E5FC94F83D10202028290DD0216B222901D0222E07D1256384F83D000A
:2088E00084F83E502046F8F7D3FCF8BD0649E162256384F83D0084F83E502046F8F720FA49
:20890000F8BD00008D7D03080000FFFF70B516460D4604461EE02046FFF74AFB08B10120F8
:2089200070BD681C16D0F7F701FF801BA84200D885B920684069C04340070BD5002044F860
:20894000300F20216173A073216941F0200121612073E4E720684069C0434007DBD40020AA
:2089600070BD00002DE9F047984617460D460446C1F30746DDF820902AE000BFB8F1FF3F6F
:2089800026D0F7F7D3FEA0EB0901414502D8B8F1000F1DD12068012E16D0806925EA0000F2
:2089A0000004000C12D00020B84211D1002044F8300F20216173A073216941F020012161A8
:2089C00020730120BDE8F0874069E7E70120EBE72068012E0AD0806925EA00000004000CC4
:2089E00006D00020B842C9D00020EBE74069F3E70120F7E72DE9F047984616460D46044656
:208A00004FF000094FF0200AC1F3074723E020684069C043400515D42068016841F40071A7
:208A2000016021686FF480604861C4F8309084F83DA084F83E90216C41F00401216484F87D
:208A40003C9021E0701C06D0F7F770FEA0EB0800B04203D816B1012F1FD021E02068012F8C
:208A600015D0806925EA00000004000C18D000BF44F8309F84F80DA084F80E90216941F059
:208A80002001216184F80C900120BDE8F087406925EA00000004000CEAD12068406901E049
:208AA0002068806925EA00000004000CAFD1ECE72DE9F041002590460E460446202728E0A4
:208AC0004069C043C0060CD454F8301B6FF01000486144F810596777A577206A206225774E
:208AE00014E0F7F723FEA0EB0800B04200D886B920684069C04340060BD544F8305F6773D8
:208B0000A573206940F02000206125730120BDE8F08120684169C9434906D1D40020F6E7E5
:208B200070B516460D4604461EE02046FFF740FA08B1012070BD681C16D0F7F7F7FD801B95
:208B4000A84200D885B920684069C04300060BD5002044F8300F20216173A073216941F07D
:208B6000200121612073E4E720684069C0430006DBD4002070BD10B504464FF482706060BA
:208B800000204FF40061C4E9020189102061C4E90501E06120626062A0620A20E06220463B
:208BA000F9F7E4FC08B1012010BD2068016841F040010160002010BDF0B5354C8DB0206C9E
:208BC00010B12046F7F77AF80025089509950A95202168460B95E7F781FE012626612D4800
:208BE0004FF48037A560C4E90007257684F820503007E0624FF01060A062F002E661E06098
:208C000084F8305022486661F7F776F888BB03200895CDE9096008A91D48F6F79DFF40BB0F
:208C2000122000903046022604210496CDE901011949CDE906158DF815508DF814006946F8
:208C400013480395F6F7A8FE98B90820CDE9000669460F48F6F7A0FE58B9F8F707FF0F496A
:208C6000884201D8656008E00D49884202D8676003E006E04FF4003060600548F7F73CF878
:208C800008B1F6F747FC0748F4F70CFE0DB0F0BDDC2A01200020014001000F0001A24A04B4
:208CA00003449508A4B900204F4808B50268002142F400120260026802F40012009202685C
:208CC00042F4800202600068484A00F4800000904748C0E90021802282609200C260520099
:208CE0000261920042619200C0E906210422C0E908120322C0E90A210163F7F7F1F908B1A3
:208D0000F6F708FC002201210C20F8F74BFB0C20F8F73BFB002205210D20F8F743FB0D209D
:208D2000F8F733FB002204210E20F8F73BFB0E20F8F72BFB002205210F20F8F733FB0F2076
:208D4000F8F723FB002205211020F8F72BFB1020F8F71BFB002201211120F8F723FB112091
:208D6000F8F713FB002205212F20F8F71BFB2F20F8F70BFB002202213820F8F713FB382024
:208D8000F8F703FB002201213920F8F70BFB3920F8F7FBFA012204213A20F8F703FB3A202E
:208DA000F8F7F3FA012211463B20F8F7FBFA3B20F8F7EBFA002201214420F8F7F3FA442007
:208DC000F8F7E3FA002205214520F8F7EBFA4520F8F7DBFA002205214620F8F7E3FABDE8FE
:208DE00008404620F8F7D1BA3038024070640240802F01202DE9F04387B014216846E7F77A
:208E00006DFD3F480024016841F004010160016801F004010591016841F080010160016863
:208E200001F080010591016841F001010160016801F001010591016841F0020101600068D5
:208E4000304E00F002004FF460450590002229463046F7F766FCDFF8B090002248F2041146
:208E60004846F7F75EFCDFF8A48041F20407002239464046F7F755FC00950125CDE90154B7
:208E8000694630460394F7F751FB0420CDE900050326CDE9025669464846F7F747FB4FF416
:208EA000C260CDE90006694602944846F7F73EFB0220CDE90006694602944046F7F736FB12
:208EC0000097CDE90154694640460394F7F72EFB4FF401400090CDE901546946484603941A
:208EE000F7F724FBE80200904FF48810CDE9010469464846F7F71AFB07B0BDE8F083000046
:208F000030380240000802400000024000040240124810B5406B40F2E24108B1884200D95A
:208F200008464FF4AA7148430D49884200D908460D490C4AC1E90020002012148860C1E965
:208F4000030248618861C86108620846F7F734FE002801D0F6F7DEFA10BD0000A4B1002079
:208F6000801A060000540040242B0120F0B593B0632010904C4D42F20F70119028680024A1
:208F8000C0F301200126022804D0474870380068800303D411A910A8F2F746FF14210AA858
:208FA000E7F79CFC282168460F94E7F797FC286800273F4D3D492960010418D510F4407F29
:208FC00015D03C4890F89402000603D43A48008840070CD500220AA93548F9F765F830B973
:208FE00000220FA93248F9F73DF800B901276C601098A8601198C5E903046C612C48AC61EF
:20900000F9F77CF8F0BB37B100220FA92848F9F7C7F9B8BB1BE08DF828408DF829408DF891
:209020002A408DF83C608DF83D608DF83E600D940E948DF83F4000220AA91D48F9F7FCF9FA
:2090400000BB00220FA91A48F9F7AAF904E000220AA91748F2F782FFA0B98DF800408DF861
:20906000014004944FF480708DF802400194039409900594069407948DF8206000226946B4
:209080000B4800E00CE0F9F7BBF848B94FF400700990002269460648F9F7B2F8002801D00F
:2090A000F6F738FA13B0F0BD7038024000280040782B0120905C002094A1002070B5AAB02B
:2090C000F2F72CFE002857D1F7F730FB0546142123A8E7F703FC0024224623A92748289469
:2090E000F8F7E2FF002228A92448F8F7BBFF342116A8E7F7F3FB012630041C94CDE9166082
:2091000016A8F8F7F5FC58216846E7F7E7FB082000901B4809906846F8F7CAF919480660EF
:209120001648F9F7E9F915491748C1E900046320886042F20F70C1E903044C6108468C61DD
:20914000F8F7DCFF08B1F6F7E5F9F7F7EFFA411B23A8F2F749FC002223A90848F2F7FEFE72
:2091600008B1F6F7D7F9002228A90448F9F718F9002801D0F6F7CEF92AB070BD782B0120C1
:20918000000318003C0E474200280040F0B5ABB06320239040F23F10249033480068012604
:2091A000C0F3012002285DD030480024807808B9F1F7F4F824A923A8F2F736FEF7F7B6FA08
:2091C0000546142125A8E7F789FB002225A928482A94F8F769FF00222AA92548F8F742FFD9
:2091E000342116A8E7F77AFB08271697CDE91B6416A8F8F77DFC58216846E7F76FFBB801AA
:20920000099000976846F8F753F91A4806601848F9F772F916491848C1E9000423988860A2
:209220002498C1E903044C6108468C61F8F766FF08B1F6F76FF9F7F779FA411B25A8F2F704
:20924000D3FB002225A90A48F2F788FE08B1F6F761F900222AA90648F9F7A2F8002801D0C9
:20926000F6F758F92BB0F0BD7038024098010020782B01203C0E4742002800400E4810B56B
:209280000C4901604FF48271416000218160C1604FF400720161C0E90512C161016241621F
:2092A00081620A21C162F9F761F9002801D0F6F731F910BD00300140982B01200F4810B5E5
:2092C0000D4901604FF48271416000214FF40062C0E9021292100161C0E90512C161016234
:2092E000416281620A21C162F9F740F9002801D0F6F710F910BD000000380040F02B012001
:209300000E4810B50C4901604FF48271416000218160C1604FF400720161C0E90512C16189
:209320000162416281620A21C162F9F71FF9002801D0F6F7EFF810BD003C0040482C012043
:209340000E4810B50C49016000214FF48062C0E901125200C0E9032101224261016252029E
:209360004162826181620A21C162F9F7FFF8002801D0F6F7CFF810BD00340140A02C012073
:2093800030B595B000240F9410941194129413941C2108A81494E7F7A1FA20216846E7F76B
:2093A0009DFA254D2348C5E900044FF49670C5E902402C616C612846AC61F9F79DFC80BBB5
:2093C0004FF480500F900FA92846F9F7C8FE40BB2846FAF71DF820BB20201390802014908E
:2093E00013A92846F9F712FCD8B93220CDE908400A940B940C940D94002208A928460E9403
:20940000F9F7DCFF68B900944FF40050CDE90440029401940394694628460794F9F7CCFB0E
:2094200008B1F6F777F82868C4602868046115B030BD000000000140F82C012010B592B02F
:2094400000240C940D940E94142107A80F94E7F745FA10941C2168461194E7F73FFA2748A7
:209460004FF08041C0E9001440F22B11C0E9024104618461F9F740FCC8BB4FF480500C902D
:209480000CA91E48F9F76BFE88BB1C48FAF754F868BB0420CDE9070407A91848FAF71FF953
:2094A00028BB202010908020119010A91348F9F7ADFBE0B9602000901420019002200290DA
:2094C0000022694604940D48F9F7D0FF78B91E20CDE90104082269460848F9F7C7FF30B91D
:2094E0000C22694605480194F9F7C0FF08B1F6F711F80248F9F73AFF12B010BD402D0120BF
:2095000010B58EB0142107A8E7F7E8F900240C941C2168460D94E7F7E1F91B481949C0E92F
:2095200000144FF49671C0E9024104618461F9F7E3FB18BB1448F9F76BFFF8B90720CDE9B2
:20954000070407A91048FAF7CAF8B8B92020CDE90C040CA90C48F9F759FB78B96020009040
:209560000120CDE901040394049405940C22694605480694F9F77AFF002801D0F5F7CAFF6C
:209580000EB010BD00080040882D012010B588B014216846E7F7A2F9002413480594114957
:2095A0000694C0E900144FF49671C0E90241046144618461F9F7A0FB78B90720CDE9000492
:2095C00069460948FAF78BF838B9059405A906480694F9F71BFB002801D0F5F79BFF08B0BA
:2095E00010BD000000040140D02D012010B586B014216846E7F772F90D480C490024C0E99D
:209600000014FF21C0E9024104618461F9F774FB40B90720CDE9000469460548FAF75FF863
:20962000002801D0F5F776FF06B010BD00400140182E01200C4810B50A4901604FF4E13143
:209640004160002181600C22C160C0E9041281614FF40041C161F7F7A7F8002801D0F5F75F
:2096600059FF10BD004C0040A82E01200C4810B50A4901604FF496414160002181600C228A
:20968000C160C0E904128161C161FAF7A7F808B1F5F740FF0248EEF7B5FD10BD0010014073
:2096A000F02E01200B4810B5094901604FF4E1314160002181600C22C160C0E904128161B8
:2096C000C161F7F771F8002801D0F5F723FF10BD00140140382F01207047704701F0B8FE4B
:2096E000FEE770470148F8F737BC0000782B0120010901EB810100F00F0000EB4100C0B2CA
:209700007047002102E00A38C0B2491C0A28FAD2090740EA116070472DE9F041044600681D
:209720000025C168490618D4C16841F08001C160F6F7FCFF06464FF47A78042707E000BF6A
:20974000F6F7F4FF801B404501D9677701252068C068400601D4002DF2D02846BDE8F081ED
:2097600070B5044600680025C16821F08001C16020688068800606D42046F8F7BDFE10B170
:20978000042060770125284670BD000070B50C460546ECF71FFB6C632C68E06C00680168CE
:2097A00021F001010160A06C0068016821F0010101602068016821F040010160206841680F
:2097C00021F0030141602846EBF752FFE16C37480968C860E16C206809680C308860E16C16
:2097E000686B09684860E06C0068016821F4A2610160A16C2D480968801CC860A16C20689B
:2098000009680C308860A16C686B09684860A06C0068016821F4A26101602068016821F062
:20982000400101602068416841F001014160E06C0068016841F001010160A06C00680168F3
:2098400041F0010101602068416841F0020141602068016841F040010160A06C006841688D
:209860000029FCD120688168090601D500BFFAE7016821F0400101602068416821F003019A
:209880004160E06C0068016821F001010160A06C0068016821F0010101602846EBF7E8FE0F
:2098A0002068016841F04001016070BDA803002010B50446ECF78EFAA06A4FF6FF71B0FB08
:2098C000F1F2B0FBF1F301FB130101B101211144B0FBF1F060630020E0622168C86C006807
:2098E000026822F001020260886C0068026822F0010202600868426822F003024260CA6C41
:20990000A06B1268D060CA6C606B12685060C86C0068026822F484720260C86C00680268ED
:2099200042F4826202608A6C16481268D0608A6C606B12685060886C0068026822F4A362E1
:2099400002600868426842F001024260C86C0068026842F001020260886C0068026842F01F
:20996000010202600868426842F002024260207940F0040020710868016841F04001016086
:2099800010BD0000A40300200168CA6C1268136823F0010313608A6C1268136823F0010313
:2099A00013600A68536823F003035360C36A826B1A44CB6C1B68DA60CB6C426B1B685A60AE
:2099C000CA6C1268136823F484731360CA6C1268136843F4826313608B6C426B1B685A6040
:2099E0008A6C1268136823F4A36313600A68536843F001035360CA6C1268136843F0010373
:209A000013608A6C1268136843F0010313600A68536843F002035360027942F00402027100
:209A20000868016841F04001016070470549096801600449091D0968416002490831096829
:209A400081607047107AFF1F18B51848FF230168490603D4016841F04001016042F21071F7
:209A60000A4600E000BF8468A40701D4521EF9D28268D2070AD0C2688DF800208268D20721
:209A800002D0C2688DF800209DF80020037300E000BF8268D20701D1491EF9D28168C907DB
:209AA00002D0C068C0B218BD002018BD00300140F8B515460E460B46009204460122022130
:209AC00000F04AF8A0B9134813490068B0FBF1F04FF47A71484300906068B0F5827F0DD1BB
:209AE0003346002280212046009500F035F870B1606D40F0200060650320F8BD009830B1BE
:209B0000401E009020688068C0430006F6D50020F8BD0000D005002000366E0108B500687F
:209B200002689368DB439B0713D411730022006805E0521C642A02DD0173FE2008BD836809
:209B4000DB43DB07F5D1007B8DF800009DF8000008BDFF2008BD00002DE9F8431E46914675
:209B600088460446089DF6F7E1FD401B351AF6F7DDFD074626480068C0F3CB3068430AE086
:209B8000701C09D0F6F7D2FDC01BA8420FD275B10098B8B3401E00902068816838EA010053
:209BA00033D000214945EBD10020BDE8F8832068416821F0E00141606068B0F5827F0BD1E9
:209BC000A068B0F5004F02D0B0F5806F04D12068016821F040010160A06AB0F5005F09D1C2
:209BE0002068016821F4005101602068016841F400510160012084F85100002084F85000FB
:209C00000320D2E7FFE70025C6E70121CAE70000D005002070470000F8B5050027D0002068
:209C2000287015480068010421D510F4407F1ED011483038016841F080510160006800F036
:209C400080500090F7F7F8FB12210C48F8F71AF9064613210948F8F715F90446F7F7E0FB59
:209C60000748864203D1012C03D0022C01D00020F8BD2C700120F8BD70380240782B012005
:209C8000A120E30C2DE9F14F90B0142104A8E6F725FEF6F74BFD834600263548B146B0460F
:209CA00002683746B24642F0010202600068314C00F0010000904FF4C050CDE9040604A908
:209CC00020460696F6F732FCE1142046F6F71CFD0390A1142046F6F717FD04463EE000BF30
:209CE0004FF400612348F6F70FFD05464FF480512048F6F709FD012D00D150B100270399DF
:209D00008D4200D0761CA04201D009F1010930B107E07F1C4FF0010A062F10D2EFE7012D93
:209D200011D04FF0000800BFBAF1000F11D0082E0FD309F1010101EB4101B14209D801206A
:209D400011B0BDE8F08F08F10108B8F10C0FF6D2EAE7044601200395F6F772FAF6F7E6FC94
:209D6000A0EB0B0110988142BAD30020E8E700003038024000000240194808B5016841F4BD
:209D800080410160006800F4804000901548016821F470410160001D016821F00F01016000
:209DA0001148016841F4C05101600F480830016841F4C0510160001D016841F4C05101606E
:209DC00009494FF4C05014310860002206212820F7F7E8FABDE808402820F7F7D6BA00001D
:209DE0004438024010380140003C01402DE9FE4F04004FF0FF304FF00006CDE900061F4664
:209E0000814635465FD0002F5DD0E06B10B9EDF7CFFDE0634FF0010A84F88CA0E06BC4E984
:209E20001006B046A66400264FF0020B48E000BF00F08EF92320F6F703FA00F05DF80820A2
:209E4000F6F7FEF928466D1CEDB2E16B00F032F901AB6A467821E06B00F066F801984FF0BB
:209E6000000938B10C9969B184F88CB00098411C03D101E084F88CA0E06BC4E91008C4F85B
:209E800048801FE0E16B009A914203D984F88CB00098F2E784F88CA0C4E91010102800D3BD
:209EA0001020A064701C0290B84207D206EB8600C14001F01F000830F6F7C2F90298C6B203
:209EC000BE42B5D34846BDE8FE8F08B5002805D00068002802D001684068009008BD03466F
:209EE00010B50020024603E09C5C6040521CD2B28A42F9D310BD000010B5FFF79BFBFFF71C
:209F0000D1FB0848F6F71EFC06489030F6F71AFC0448FFF7DAFF0348BDE810409030FFF7FC
:209F2000D4BF0000A82E01202DE9F04F9DB00746002016908A461790189019901A901B90C5
:209F40009846914640216846E6F7C8FC0025F6F7EDFB06466C1EEB464BE015AA9DF85010BC
:209F600016A800F05FF8B0B11599B94213D0A14200D20C4600205A4606E000BF52F82030E9
:209F80008B4208D0401CC0B2A842F7D3102D02D24BF825106D1C14A9214800F0C5F800288D
:209FA000DBD11CE015AA9DF8501019A800F03AF8A8B11599B94212D0A14200D20C46002057
:209FC0005A4605E052F820308B4208D0401CC0B2A842F7D3102D02D24BF825106D1C1048D1
:209FE00014A9903000F0A0F80028DBD10120F6F727F9F6F79BFB811B5145CCD3B9F1000F4D
:20A0000001D0C9F80040B8F1000F01D0C8F800501DB101201DB0BDE8F08F0020FAE70000F4
:20A02000A82E012070B5154604001ED0EDB1A07A58B1421CA2722154A07A0A2815D30020BB
:20A04000A072607A5A2810D105E0A5290DD10120A072217009E06078E12806D10721601C17
:20A06000FFF73DFF217A884201D0002070BD6179D4F8020061F31F602860012070BD70B5B5
:20A0800015460E46040014D02068002811D0002E0FD0002D0DD02046F6F76DFB14232A461F
:20A0A00031462046F9F786FD2046BDE87040F6F749BB70BD3EB5A5228DF80020E1228DF890
:20A0C00001208DF802100A0A8DF803200A0C8DF80420090E8DF805108DF8060000208DF86C
:20A0E000070007210DF10100FFF7F9FE8DF808005A208DF8090000240A2269460948FFF76A
:20A10000BEFF0A20F6F79CF806480A2269469030FFF7B5FF0A20F6F793F8641CE4B2032C5D
:20A12000EAD33EBDA82E012010B578B102686AB161B1136813F00E0F02D0FFF7C6FE05E0DF
:20A14000980603D550680870012010BD002010BD30B587B014216846E6F7C0FB1D48F9F792
:20A1600022FB1C48F9F76CFB1A489030F9F71BFB18489030F9F764FB17480021026842F054
:20A180000102026000684FF4C05400F00100009405900120CDE90101104D0391694628469A
:20A1A000F6F7C4F9012221462846F6F7BAFA0220F6F746F8002221462846F6F7B2FA192046
:20A1C000F6F73EF8012221462846F6F7AAFA07B030BD0000A82E012030380240000002404C
:20A1E000054810B5006810B10348F5F767FDBDE81040FEF7E1BC0000DC2A0120054810B5C9
:20A20000006810B10348F9F7CEFABDE81040FFF72DBA0000F02E0120FEF746BD00B585B01F
:20A220004FF40060009002200021CDE9010103900120049069460348F6F778F905B000207B
:20A2400000BD000000000240054810B5006810B10348F6F7F8FABDE81040FEF759BE000099
:20A26000242B01200A4810B5006810B10848F8F766F90748B030006818B10548B030F8F714
:20A280005EF9FFF71BF8BDE81040FFF759B80000F02B0120094810B5B0F89402022807D0D1
:20A2A000FFF76EF8FFF7CAF8BDE81040FFF79EB900F038FC0028F5D0F5F72CF9F89E002070
:20A2C000044910B50122A1F8942200F005F8002010BD0000F89E0020094910B50748886319
:20A2E0009030F9F760FA05489030F9F7A9FA00F05DF8FFF745F8002010BD0000A82E012058
:20A30000C0A50020044910B50222A1F8942200F005F8002010BD0000F89E002000B587B0B7
:20A3200014216846E6F7DAFA1649154888639038F9F739FA12489038F9F782FA00F036F84B
:20A3400011480021026842F001020260006800F0010005904FF4805000900220CDE9010117
:20A36000032003900120049069460848F6F7DEF800F0D8FB002801D04FF0FF3007B000BD12
:20A38000382F0120C0A500203038024000000240054810B5006810B10348F8F7D0F8BDE8E2
:20A3A0001040FEF76BBF0000982B012010B50F20F6F7DAFF4520F6F7D7FF3420F6F7D4FF54
:20A3C0004720F6F7D1FF1648D0F8341229B1D0F8300210B11348EFF744FC1348816B134835
:20A3E00081420BD1006810B11048F9F7DCF9FFF759F94720F6F7C9FF45200DE00B489038A7
:20A40000006818B109489038F9F7CDF9FFF712F93420F6F7BAFF0F20BDE81040F6F7B5BFBC
:20A42000F89E0020F86E0020C0A50020382F012010B5F6F72FFFBDE810400420F2F71CBF16
:20A4400030B593B034216846E6F748FA14210DA8E6F744FA1B480024016841F0805101605A
:20A46000006800F0805012901748016821F4404141F4804101600068012500F440401290B9
:20A48000032000904FF4803003950190EEF7DAFC049006946846F7F72BFB50B90F20CDE954
:20A4A0000E540D90109400210DA81194F7F79CF908B1F5F72FF8EEF701FDEFF76FFF13B035
:20A4C00030BD000040380240007000402DE9F04F93B00446EAF7E0FF0021012000F0A8F8B1
:20A4E0004E494FF002094FF0010A08684FF480484E464FF4805720F4807008604FF44040D9
:20A50000062C61D2DFE804F003090E1419204FF0000A0C256024564602E00F25502403E0AD
:20A52000002719E00F2570244FF004090126F7E70F25A0244FF004090EE00F25F0244FF029
:20A5400004098046032607E080460F2584240868032640F48070086034216846E6F7BEF9BA
:20A5600014210DA8E6F7BAF92D484FF0000B016841F080510160006800F08050129029489B
:20A58000016821F4404141EA0801016000684FF0010800F4404012904FF48030CDE9008038
:20A5A0005FEA0A024FF00F0A4FF480014FF0020011D006AA804682E823000421CDE90B100F
:20A5C000CDE90949684610E00C256024B9E700BFF4F7A0FF0DE0CDE906810C2108916021C6
:20A5E000CDE909100B900C906846F7F781FA0028EED1CDE90FB7CDF844B0CDE90DA8314640
:20A600000DA8F7F7F1F808B1F4F784FFEBF7C2FF00F090F813B0BDE8F08F0000003C024007
:20A620004038024000700040012100F001B80000F0B5B5B00E46070004D1F1F7E9FB08B126
:20A64000EFF7ACFE0EB1EAF727FF342116A8E6F745F9142123A8E6F741F933480024016857
:20A6600041F080510160006800F0805000902F48016821F4404141F4804101600068012564
:20A6800000F4404000900220169029481995006B1A901C9416A8F7F72BFA08B1F4F73AFF5C
:20A6A0000F20CDE923044FF48050CDE92540002123A82794F7F798F808B1F4F72BFF342118
:20A6C0006846E6F70BF9684606950094F7F710FA08B1F4F71FFFFFB9F1F79AFBE0B1FEF799
:20A6E00055FD342128A8E6F7F9F8CDE9285428A82D95F7F7FDF908B1F4F70CFF5821684697
:20A70000E6F7ECF808200090800109906846F6F7CFFE08B1F4F7FEFEEBF73CFF002E01D082
:20A7200000F008F835B0F0BD40380240007000409801002010B5FFF76FFD0020EAF7BAFE94
:20A74000BDE810400148EDF75DBD0000F02E012070B5194C2068194A10F00C01184804D0C8
:20A76000184D042903D0082903D002601BE0056019E01149091F0B68C3F380560B6803F0CE
:20A780003F0316B1B5FBF3F201E0B2FBF3F20B680968C3F388135A43C1F30141491C490032
:20A7A000B2FBF1F101602168074AC1F30311515C0268CA40026070BD083802400024F400BD
:20A7C000D005002000366E01640204080248016841F470010160704788ED00E02DE9F05F42
:20A7E000BD48016921F001010161BC480078DFF8F092DFF8F0A2002428B1AAF80040A9F8B7
:20A800000040BDE8F09FDFF8E482B74898F840118E018168C2683244C260C2688A4206D39E
:20A82000C268C368B2FBF1F202FB1132C260002200EB820505F1200353E8007F374443E8C4
:20A84000007CBCF1000FF7D12B6A8B4204D92962036843F400730360521C032AE8DBA4486C
:20A86000C16C491CC164A348816BC0680D189F480068E0B300239B4AB9F80060DFF87CA20D
:20A88000108830439C4E1080A9F80040F189DFF8709240EA01402860308A718A002B40EA02
:20A8A000014068607ED09048002605F10802016A3746402924D34169806B4FF0400B46187E
:20A8C0009048806B47188848D0F808C041694031614503D3B1FBFCF808FB1C11416159464E
:20A8E00010F1200050E800CFACEB010C00E005E040E800C8B8F1000FF4D104E00123BAE7B1
:20A90000C16841610462DFF800C200201CF80010FF2906D02EB127B1202905D236F9111004
:20A9200008E022F8104007E007EB410131F8401C490009B222F81010401C0828E6D32BB1C6
:20A94000DAF80003F2F7B4FC28836C83DAF8F802D046A883000CE883664820268168C26864
:20A960002032C260C2688A4206D3C268C368B2FBF1F202FB1132C2605FF0000200EB82058A
:20A9800005F1200353E8007F374443E8007CBCF1000FF7D12B6A8B4206D92962036843F4D0
:20A9A000007300E01DE00360521C032AE6DBD8F8DC02564B800778D54C48D0F818110906D1
:20A9C00073D490F84111A9B390F8411190F840218AB390F840010144491EB1FBF0F159B3EC
:20A9E00056E0DAF80003F2F763FC494B494993ED000A10EE102ADFED480A4FF047479FEDA5
:20AA0000471A8A4202DDB0EE600A05E010EE102ABA4201D9B0EE410ABDEEC00A10EE102A99
:20AA200093ED010A10EE103A12B28B4205DDB0EE600A08E027E028E029E010EE101AB942A5
:20AA400001D9B0EE410A37897389BDEEC00A47EA0343AB60B789338810EE101A47EA0343E6
:20AA6000EB607388B68843EA06432B61B9F802305F1CA9F8027040EA0340686190B240EA3D
:20AA80000140A86162E70121A0E70120A3E70121D9F80420521CC9F804208A4208D301209D
:20AAA000C9F80440187003E0FFE7C9F804401C701B490C480A8803881A430A80048001204E
:20AAC000F2F7DAFBEEF7BCFD00283FF49AAEBDE8F05F0520F2F7D0BB0040014099010020AF
:20AAE000B8010020B401002050B00020A4B10020082900201CB100203CB00020A4B900204C
:20AB00009C05002094B000204C020020A4010020D805002000FEFF4600FEFF46000000C793
:20AB2000B601002070B58CB014216846E5F7D6FE00252448059506950795089509950A950E
:20AB4000016841F0010101600068012600F001000B904FF4805000900220CDE90105032039
:20AB6000CDE9030669461848F5F7E0FC184C1748C4E90005C4E90256256165612046A5610D
:20AB8000F8F7BAF86E1E98B94FF40050CDE90505079505A920460895F8F7E1FA40B9202094
:20ABA000099080200A9009A92046F8F72FF810B130460CB070BD2068C560206805610020B9
:20ABC000F7E70000303802400000024000000140F82C01200148F8F731BB0000402D012073
:20ABE00002496FF0010008617047000000200040F0B50268274B284D284E294F294C4FF092
:20AC0000804C984209D0604507D0A84205D0B04203D0B84201D0A04204D122F0700E4A68F1
:20AC200042EA0E0298421BD0604519D0A84217D0B04215D0B84213D0A04211D01A4DA842EC
:20AC40000ED01A4DA8420BD0194DA84208D0194DA84205D0184DA84202D0184DA84203D159
:20AC600022F44075CA682A434D6922F080022A438D68C5620D688562984201D0A04201D1DC
:20AC800009690163016841F004010160012141610260F0BD0000014000040040000800403E
:20ACA000000C00400004014000400140004401400048014000180040001C00400020004060
:20ACC00010B501F01F030121046A99408C430462016A9A401143016210BD10B5846842EA58
:20ACE000032224F47F440A432243826010BD826822F070020A4342F0070181607047000066
:20AD0000F0B5036A026A22F00102026242688469124E24F073050C682C4323F002058B68C9
:20AD20002B430D4DA84201D0B04205D123F00807CB683B4323F00403A84201D0B04205D158
:20AD40004D6922F4407215438A692A4342608461496841630362F0BD000001400004014049
:20AD6000F0B5026A036A23F010030362436884690D6824F4E64444EA05248D6822F02002FB
:20AD800042EA05120F4D104EA84201D0B04206D1CF6822F0800242EA071222F04002A842E4
:20ADA00001D0B04207D14D6923F4406343EA85038D6943EA850343608461496881630262A7
:20ADC000F0BD00000000014000040140F0B5026A036A23F4807303624368C46922F40072F3
:20ADE00024F073050C68124E2C438D6842EA05220E4DA84201D0B04206D1CF6822F40062AE
:20AE000042EA072222F48062A84201D0B04207D14D6923F4405343EA05138D6943EA051380
:20AE20004360C4614968C1630262F0BD000001400004014030B5046A026A22F480520262D3
:20AE40004268C3690D6823F4E64343EA05238D6824F4005444EA0534084DA84202D0084DE4
:20AE6000A84204D14D6922F4804242EA85124260C36149680164046230BD00000000014052
:20AE80000004014070B5036800249A6822F070054A682A4322F007050A682A439A604A6868
:20AEA00012F00F0F31D11211082A2ED2DFE802F02E2E2E2E0B2127040B69D1E9022100689A
:20AEC000FFF70BFF22E00A68052A10D00268136A156A25F00105156202689569096925F008
:20AEE000F00545EA01119161006803620EE0012070BD0A698968006800F00AF806E00A690A
:20AF00008968006800F015F800E00124204670BD10B5036A046A24F001040462846924F023
:20AF2000F00444EA021423F00A020A438461026210BD10B5036A046A24F01004046284693C
:20AF400023F0A00324F4704444EA023243EA01118261016210BD0000094810B5016821F02B
:20AF6000200101600748EEF7ADFCEEF771FF08B1F3F75CF9BDE810400220F2F77DB90000EF
:20AF800050B00020F86E002001680C3151E8002F22F4907241E80023002BF5D101681431FA
:20AFA00051E8002F22F0010241E80023002BF5D1016B012909D101680C3151E8002F22F047
:20AFC000100241E80023002BF5D1202180F8421000210163704701680C3151E8002F22F0BB
:20AFE000C00241E80023002BF5D1202180F841107047000070B5044600680169E26821F4F1
:20B000004051114301612169A068E26908436169114308432168CA6849F20C639A430243D1
:20B02000CA6020684169A26921F440711143416134492068884208D03349884205D03349AF
:20B04000884202D03249884202D1F6F70FFD01E0F6F7FCFCE2690023192164253226B2F54D
:20B06000004F626828D0A0FB0101930F9200E5F7C1F90146B0FBF5F06FF01802504301EB89
:20B08000800006EB0010B0FBF5F000F0F002B1FBF5F002EB0012B1FBF5F06FF01803584387
:20B0A00001EB800006EB0010B0FBF5F000F00F0021681044886070BDA0FB010192185B41BF
:20B0C000E5F798F90146B0FBF5F00201B1FBF5F06FF01803584301EB800006EBC000B0FBBB
:20B0E000F5F000F0F80002EB4002B1FBF5F0584301EB800006EBC000B0FBF5F000F0070084
:20B10000D6E70000001001400014014000180140001C01402DE9F843984617460D460446ED
:20B12000089E24E0701C22D0F5F700FBA0EB0800B0421AD8CEB12068C168490717D5802D70
:20B1400015D0402D13D00168C94309070FD401680025406800902046FFF716FF082060642F
:20B1600084F840500120BDE8F8830320FBE72068006835EA000004D00020B842D2D00020BE
:20B18000F1E70120F9E7000010B5F7F7D1F90C48016821F0200101604FF480410948F5F7C8
:20B1A000B3FA0028084803D0BDE81040ECF728BFECF798FEBDE810400348ECF7E3BF00009A
:20B1C00050B0002000080240902C0020094810B5016821F0200101600748EEF773FBEEF790
:20B1E00037FE08B1F3F722F8BDE810400220F2F743B8000050B00020F86E002041F4807196
:20B2000041F2210240004900CB0500D5401CC30300D55040CB03F5D580B2704700F018F9A1
:20B2200070B50546EAF7EAFD686AB0F5803F01D34FF6FF7028632C68E06C0068016821F0CB
:20B2400001010160A06C0068016821F0010101602068016821F0400101602068416821F054
:20B26000030141602846EAF703FAE16C25480968C860E16C206809680C308860E16C286B40
:20B2800009684860E06C0068016821F4A2610160A16CE86B0968C860A16C206809680C30C4
:20B2A0008860A16C286B09684860A06C0068016841F482610160A06C0068016821F48071B4
:20B2C00001602068016821F0400101602068416841F001014160E06C0068016841F0010114
:20B2E0000160A06C0068016841F0010101602068416841F0020141602068016841F0400113
:20B30000016070BDAC0300202DE9F04106462DED048B94B000209FED2E8A9FED2E9B1D4634
:20B32000904618800746F3EE048A6C46780002F00AFF53EC192B02F0B3FF02F01DFC00EE9E
:20B34000900A80EEA80A10EE100A03F0F9FA41EC100B01F09DF951EC100B02F00DFC44F8D7
:20B3600027007F1C142FE1DB0021F0EE480A1422F0EE608A0020431893FBF2F702FB173384
:20B3800004EB830393ED000A06EB8003401C93ED001A142841EE008AEDDBB2EE041A88EE53
:20B3A000810AB4EEC08AF1EE10FA09D24FF4B470484390FBF2F088ED000AB0EE408A288064
:20B3C000491C1429D4DB14B0BDEC048BBDE8F0810000000044174154FB21094003B4019865
:20B3E0004100009850EAC12018BF04204A0D18BF40F0010040F2FF72B2EB515F08BF40F018
:20B400000200012808BF052002B070470907090E002804DB00F1E02080F80014704700F05A
:20B420000F0000F1E02080F8141D7047BFF34F8F05480168054A01F4E06111430160BFF37A
:20B440004F8F00BFFDE700000CED00E00400FA05BFF34F8F05480168054A01F4E061114370
:20B460000160BFF34F8F00BFFDE700000CED00E00400FA050000000070B59B482DED020B2D
:20B480002DED068B079D25F00044A04218DC9748844202DC0AD1069840B19DED060BBDECFD
:20B4A000068B02B0BDE8704001F096BD002DCCBF9FED8F0B9FED900BBDEC068B02B070BD92
:20B4C0008F48A04215DD8F48A042D8BF4FF0FF3458DD9DED060B51EC100BFFF77FFF042837
:20B4E00008BF01F0ADFD9DED060BBDEC068B02B070BD9DED060B51EC100B01F0A3FECDE9FB
:20B50000060181489FED828BA0423CDD8248A0421FDD00249FED82AB9DED060B53EC1A2B23
:20B5200051EC100B02F05AFB9DED060B41EC190B53EC1A2B51EC100B02F0B2FE53EC182B80
:20B5400003F014F953EC192B02F004FCCDE9060149E09DED060B012453EC182B51EC100BF6
:20B5600002F03CFB9DED060B41EC190B53EC182B51EC100B03F0FAF853EC192B02F0EAFB9D
:20B58000CDE906012FE06848A0421FDD02249FED689B9DED060B53EC192B51EC100B02F034
:20B5A0007FFE53EC182B02F019FB9DED060B41EC180B53EC192B51EC100B03F0D7F853ECBF
:20B5C000182B02F0C7FBCDE906010CE09DED060B032453EC102B9FED580B51EC100B02F056
:20B5E000B9FBCDE906019DED060B53EC102B51EC100B02F055FE41EC180B53EC182B02F064
:20B600004FFE41EC190B4E480621B0EE490AF0EE690A784401F0B4FB53EC182B51EC100B57
:20B6200002F03EFE41EC180B4648B0EE490AF0EE690A0521784401F0A3FB53EC192B51EC8B
:20B64000100B02F02DFE41EC100B51EC180B53EC102B002C0EDA02F0C1FA9DED061B53ECE5
:20B66000112B02F01DFE9DED061B53EC112B02F0A5FF35E002F0B2FA9DED061B53EC112BEC
:20B6800002F00EFE41EC100B2F48784400EBC40090ED001B51EC100B53EC112B03F066F8C6
:20B6A0009DED061B53EC112B03F060F841EC100B2648784400EBC40090ED001B51EC100B08
:20B6C00053EC112B02F07AFF41EC100B002DA2BFBDEC068B02B070BD51EC100B02F040FA11
:20B6E00041EC100B01E70000000010440000F07F182D4454FB21F93F182D4454FB21F9BF75
:20B700000000DC3F0000203E0000F33F00000000000000000000F03F0000E63F000000002A
:20B7200000000000000000400080034000000000000000000000F83F000000000000F0BF20
:20B740005A4D0000104D00009A4C0000524C000070B56B4E2DED040B2DED028B82B0DDF8AC
:20B760001CC0DDE905235C422CF000411C4341EAD474049D22F00040B44205D86C422C434F
:20B7800040EAD474B4420BD99DED061B9DED040B02B0BDEC028B04B0BDE8704001F026BC55
:20B7A000ACF14054A4F17F641C430BD0022404EAAC7444EAD27405439FED538B9FED542B41
:20B7C00007D015E09DED040B51EC100B01F04FFC42E0002C11BF012C9DED040B02B0BDEC31
:20B7E000028B04BF04B070BD022C38D0032C3BD00B439FED491B9FED4A0B0AD0B14218D1D3
:20B80000B04209D121F0804120F08040079105900FE0002A15DA10E0434B7B44002C08BF55
:20B8200093ED000B0DD0012C10D0022C17D0032C1AD0B0421DD1002A03DAB0EE410AF0EEB7
:20B84000610A02B0BDEC028B04B070BD93ED000B51EC100B02F084F941EC100BF1E7B0EEA4
:20B86000480AF0EE680AECE7B0EE420AF0EE620AE7E7401A00153C28C8BF8DED000B19DC7D
:20B88000BCF1000FBEBF10F13C0F9FED290B8DED000B0FDB9DED060B53EC102B9DED040B46
:20B8A00051EC100B02F056FA01F0CCFC01F0DFFBCDE90001002C08BF9DED000BC1D0012C6D
:20B8C00010D0022C9FED1C0B53EC102B9DED000B51EC100B0DD002F049FF53EC182B02F0B5
:20B8E00045FFB9E7019880F0004001909DED000BA7E702F03BFF53EC182B02F05FFEABE7D8
:20B900000000F07F00000000182D4454FB210940182D4454FB2109C0182D4454FB21F9BF03
:20B92000182D4454FB21F93FB24B0000000000000000000000000000075C143326A6A13C86
:20B9400010B52DED020B2DED088B9DED080B51EC100B02F0D9FD41EC180B9DED080B53EC65
:20B96000182B51EC100B02F001FF41EC190B09989FED2D0B10F0004F53EC102B51EC190B5A
:20B980009FED25AB9FED26BB0DD002F04DFC0DD953EC1B2B51EC190B02F080FD1BD213E0AB
:20B9A00041EC180B17E002F03FFC06D253EC1A2B51EC180B02F0DAFEF2E753EC1B2B51ECF2
:20B9C000190B02F06BFD06D853EC1A2B51EC180B02F004F9E4E79FED160B51EC180B53EC21
:20B9E000102B02F05BFD08D351EC180B9FED120B53EC102B02F018FC02D20120E4F7EFFFA0
:20BA000051EC180BBDEC088B02B0BDE8104002F029BB000000000000000000000000F03FDE
:20BA2000000000000000E03F000000000000E0BF0000C0FFFFFFDF41000000000000E0C1CA
:20BA40002DE9F04D2DED040B2DED0E8B96B0DDE92550279CDDF890A025F0004624F00048B7
:20BA6000BAF1000F14BF0121002101EB4502FC4953184A1093422AD3002814BF01230023A5
:20BA800003EB44030B44F7498B4220D358EA00019FEDF59B76D0DFF8D8B35D4503D1BAF1FA
:20BAA000000F05D188E0BAF1000F08BF002100D0012101EB450111F5001F08D8002814BF73
:20BAC0000121002101EB440111F5001F0BD99DED261B9DED240B16B0BDEC0E8B04B0BDE804
:20BAE000F04D01F083BA0027002DBCBFE149884521DAE1498845A8BF02271CDAC3451ADC9F
:20BB0000DE4901EB2851142908DDC1F1340220FA02F101FA02F282420DD108E058B9C1F146
:20BB2000140228FA02F101FA02F2424503D101F00101C1F1020756EA0A0124D1002C22DA7A
:20BB4000002D18BF022F01D0012F0AD00220E4F746FF16B0BDEC0E8B04B0BDE8F04D01F004
:20BB600023BA0220E4F73BFF01F01EFA51EC100B01F0F6FF41EC100B16B0BDEC0E8B04B066
:20BB8000BDE8F08D18E09FEDBEAB9FEDBF8B002871D1B848804522D105F1804010F5801053
:20BBA00008BFBAF1000F07D0B3450ADC002CA8BF9DED260BE0DA0DE0B0EE490AF0EE690A18
:20BBC000DAE7002C06DA9DED260B51EC100B01F0C7FF6FE0AE48784490ED000BCCE7D84575
:20BBE0004DD1002C48DA2EB186423AD1BAF1000F42D126E0BAF1000F13D00220E4F7EFFECD
:20BC000001F00EFA8DED020B9DED240B8DED000B10EE900A039961F31E0003909DED020B96
:20BC2000AAE78DED02AB9DED240B1AEE901A10EE900A8DED000B61F31E0003909DED020B28
:20BC40009AE78DED028B9DED240B18EE901A10EE900A8DED000B61F31E0003909DED020B3A
:20BC60008AE709DA9DED240B51EC190B53EC102B02F070F81EE020E09DED240B7CE78642A0
:20BC80001BDAB4F1804F0DD0A4F10050B0F1FF5013D1002D11DB9DED240B51EC100B01F08A
:20BCA000A5FE07E09DED240B53EC102B51EC100B00F0C2BC41EC100B5EE79DED240B51EC7E
:20BCC000100B01F0BFFABAF1000FCDE90E0142D19FED710B46B3A6F1E040B0F17F600CD0F9
:20BCE0005E4538D1002D00DAA7B3022F0CBF01204FF0FF3002F027FADCE7002D01DD002C9F
:20BD00000DDA002D01DD002C1FDB002D16DA002C14DB012F08BF9FED620B3FF42DAFB0EE36
:20BD20004A0AF0EE6A0A27E7022F18BF002D0CD0012F0AD1002DFFF61FAF06E0002DB8BFB9
:20BD4000002C08DA012F3FF417AFB0EE480AF0EE680A11E71BE0012000EBE57050EA0701D6
:20BD600015D0791EB0EE498AF0EE698A084308BF9FED4D8B4E480025804570DD4D494E4896
:20BD8000884514DDB0420DDB002C19DB2FE00120E4F725FE16B0BDEC0E8B04B0BDE8F04D1F
:20BDA00001F02EB9B34502DC002C09DC1FE0864202DA002C1BDA03E05E452BDD002C16DD53
:20BDC0000220E4F70CFE01F02BF98DED020B53EC1A2B51EC180B02F063FACDE9000103993A
:20BDE000019861F31E0003909DED020BC4E60220E4F7F5FD01F024F910EE901A18EE900A1F
:20BE00008DED020B8DED008B61F31E0003909DED020BB1E69DED0E0B53EC192B51EC100BE5
:20BE200002F0A4FC9FED260BCDE9080153EC102B9DED080B51EC100B02F032FA9FED221B9E
:20BE400053EC112B02F0BAFB9DED081B53EC112B02F026FA9FED1E1B53EC112B3CE08CE0BE
:20BE6000FFFF1F00FFFF0F00000000000000F03F0000F03F0000F07F0000404301FCFFFF4D
:20BE8000000000000000F07F0000000000000000F647000000000000000000000000008076
:20BEA000000000000000F0FF000000000000F0BF0000E0410000F043FFFFEF3F0000000064
:20BEC000000000000000D03F555555555555D53F000000000000E03F02F070FB9DED080B28
:20BEE00041EC1A0B53EC102B51EC100B02F0D8F953EC1A2B02F0D4F941EC1A0B9FEDFE0B31
:20BF000053EC102B9DED080B51EC100B02F0C8F941EC1B0B9FEDFA0B51EC1A0B53EC102B3F
:20BF200002F0BEF941EC1A0B9FEDF70B53EC102B9DED080B51EC100B02F0B2F953EC1A2BE8
:20BF400002F014FC41EC1A0B51EC1B0B53EC1A2B01F044FE0690CDE906519DED060B53ECF6
:20BF60001B2B51EC100B02F001FC53EC1A2B02F025FB41EC100B00F0A1B90020B6F5801FA2
:20BF80000EDA9FEDE30B53EC102B9DED0E0B51EC100B02F085F9CDE90E016FF034000E46AE
:20BFA00000EB2650A0F2FF37C6F31300DA4940F07F6646F040568842D8BF002408DDD749FE
:20BFC0008142C8BF012403DC0024A6F580167F1CD348784400EBC4000F9690ED00CB9DED26
:20BFE0000E0B53EC1C2B51EC100B02F0BFFB9DED0E0B41EC1B0B53EC1C2B51EC100B01F0D9
:20C00000EDFD41EC100B51EC190B53EC102B01F0A1FE41EC1D0B51EC1B0B53EC1D2B02F052
:20C020003FF941EC1A0BBF488DED10AB7844109590ED000B4FF0005040EA660000EB844083
:20C040008DED080B00F5002009909DED080B53EC1C2B51EC100B02F089FB9DED0E1B53ECC2
:20C06000112B02F0ABFA41EC100B53EC102B9DED100B51EC100B02F013F99DED080B41EC66
:20C080001C0B53EC102B9DED100B51EC100B02F007F953EC1B2B02F091FA53EC1C2B02F096
:20C0A00065FB53EC1D2B02F0FBF841EC1C0B53EC1A2B51EC1A0B02F0F3F841EC1B0B9A4868
:20C0C0000621B0EE4B0AF0EE6B0A784400F058FEB0EE401AF0EE601AB0EE41DAF0EE61DACF
:20C0E00053EC1B2B51EC1B0B02F0DAF853EC1D2B02F0D6F89DED100B41EC1B0B53EC1A2BD1
:20C1000051EC100B01F06AFD53EC1C2B02F0C8F853EC1B2B01F062FD9DED100B41EC1B0B6A
:20C1200053EC102B51EC100B02F0BAF841EC1D0B9FED7FEB53EC1E2B01F050FD53EC1B2BF3
:20C1400001F04CFD0890CDE908519DED080B53EC1E2B51EC100B02F009FB53EC1D2B02F012
:20C1600005FB53EC1B2B02F029FA9DED080B41EC1D0B53EC102B9DED100B51EC100B02F0CA
:20C180008FF841EC1B0B53EC1A2B51EC1D0B02F087F89DED080B41EC1A0B53EC102B51ECC5
:20C1A0001C0B02F07DF853EC1A2B01F017FD41EC1A0B51EC1B0B53EC1A2B01F00FFD0C9096
:20C1C000CDE90C519DED0C0B53EC1B2B51EC100B02F0CCFA53EC1A2B02F0F0F941EC1B0B64
:20C1E0009FED550B53EC102B9DED0C0B51EC100B02F056F841EC1A0B9FED510B51EC1B0B03
:20C2000053EC102B02F04CF841EC1B0B9FED4E0B53EC102B9DED0C0B51EC100B02F040F899
:20C2200053EC1B2B01F0DAFC41EC100B4848784400EBC40090ED001B51EC100B53EC112B04
:20C2400001F0CCFC41EC1B0B384601F07CFFCDE9080153EC1B2B51EC1A0B01F0BFFC41EC69
:20C26000100B3C48784400EBC40090ED00CB51EC100B53EC1C2B01F0B1FC9DED081B53EC04
:20C28000112B01F0ABFC0690CDE906519DED080B53EC102B9DED060B51EC100B02F066FACB
:20C2A00053EC1C2B02F062FA53EC1A2B02F05EFA53EC1B2B02F082F941EC100B9DED261BD7
:20C2C00053EC102B8DED001B00959DED260B51EC100B01F0E5FF9DED000B41EC1A0B53ECAC
:20C2E000102B9DED260B51EC100B02F03FFA9DED061B53EC112B2FE0000000604715F73F9E
:20C30000FE822B654715F73F44DF5DF80BAE543E00000000000040438E9803007AB60B00D1
:20C32000AA420000A0430000E2410000000000000000000000000840000000E009C7EE3FE6
:20C34000FD033ADC09C7EE3FF5015B14E02F3EBE6E4000002840000001F0A2FF53EC1A2B2E
:20C3600001F03CFC9DED060B41EC1A0B53EC102B9DED000B51EC100B01F092FFCDE90C01FB
:20C380009DED0C0B51EC1A0B53EC102B01F026FCCDE902010C46AA498C422FDB611A084371
:20C3A00018D19DED0C0B53EC102B9DED020B51EC100B02F0DBF941EC1B0B9FEDA30B51ECFA
:20C3C0001A0B53EC102B01F009FC53EC1B2B02F065F82DD20220E4F702FB00F021FE10EEEE
:20C3E000901A18EE900A8DED020B8DED008B61F31E0003909DED020BFFF7BEBB944A24F06A
:20C400000041914214D39349214408437FF4EFAC9DED0C0B53EC102B9DED020B51EC100B7D
:20C4200002F0A4F953EC1A2B02F038F87FF6DFAC24F000408849894A002601EB2051824288
:20C440002BDA481C4FF4801121FA00F02044844AC0F30A517A44A1F2FF3192ED000B814A7E
:20C460008DED080BCA4020EA0202C0F3130040F48010C1F1140120FA01F60992002CB8BF77
:20C4800076429DED080B53EC102B9DED0C0B51EC100B02F06BF9CDE90C019DED0C0B51ECDD
:20C4A0001A0B53EC102B01F099FB9FED6F0B0890CDE9085153EC102B9DED080B51EC100B3C
:20C4C00001F0EEFE41EC1B0B9FED690B53EC102B9DED080B51EC100B01F0E2FE9DED0C0B4B
:20C4E00041EC1C0B53EC102B9DED080B51EC100B02F03CF953EC1A2B02F060F89FED5E1B7F
:20C5000053EC112B01F0CCFE53EC1C2B01F066FB41EC1A0B51EC1B0B53EC1A2B01F05EFB8A
:20C52000CDE902019DED020B53EC1B2B51EC100B02F01CF953EC1A2B02F040F89DED020B82
:20C5400041EC1A0B53EC102B51EC100B01F0A8FECDE908014A489DED080B0521784400F060
:20C560000FFC9DED081B51EC100B53EC112B01F097FE9DED021B53EC112B02F01FF8CDE9C9
:20C5800006019DED020B53EC1A2B51EC100B01F087FE53EC1A2B01F021FB9FED3B0B41EC1B
:20C5A0001A0B53EC102B9DED060B51EC100B02F0DDF89DED060B41EC1B0B53EC102B9DED30
:20C5C000020B51EC100B01F06BFE53EC1B2B01F0C1FB53EC1A2B02F0C9F89DED021B53EC4D
:20C5E000112B02F0C3F853EC192B01F0E7FFCDE9020101EB065001150029C8BF039015DCB3
:20C600009DED020B324651EC100B02F0B1FAFEF7E5FE042808BF00F013FD32469DED020B3C
:20C6200051EC100B02F0A4FACDE902019DED020B51EC180B53EC102B01F032FEFFF73ABBDC
:20C640000000904000000000FE822B654715973C00CC904000346F3F01FCFFFF0000E03F33
:20C66000783F0000FFFF0F0000000000432EE63F396CA80C615C20BEEF39FAFE422EE63FB7
:20C68000803D000000000000000000000000004010B52F499FED2C1B2DED020B84B0059895
:20C6A00020F000408842DCBF00209DED040B32DD2849884209D1049840B94FF00100E4F738
:20C6C0008EF900F09DFC06B010BD05DB9DED040B00F082FC06B010BD68469DED040B00F026
:20C6E0007BF810F0030011D0012818D09DED021B9DED000B02281AD000F08AFA51EC100BB6
:20C7000001F02EFA06B041EC100B10BD9DED021B9DED000B012000F0AFFB06B010BD9DED31
:20C72000021B9DED000B00F073FA06B010BD012000F0A2FB51EC100B01F012FA06B041EC81
:20C74000100B10BD000000000000000000000000FB21E93F0000F07F00B52DED048BB0EE42
:20C76000409AF0EE609A83B051EC190B01F032FF41EC180B18EE100A18EE901A8DED008B2C
:20C78000002818BF0120084320F00040C0F17F6000F1E040C00F14D019EE101A19EE900AB8
:20C7A0008DED009B002918BF0121084320F00040C0F17F6000F1E040C00F04BF0120E4F778
:20C7C0000EF9B0EE480A03B0F0EE680ABDEC048B00BD0000000000002DE9F14F04462DEDB0
:20C7E000020B2DED088B8AB09FEDE70B80ED020B139EE74826F0004585420ADC9DED120BBE
:20C80000002084ED000B0AB0BDEC088B03B0BDE8F08FE0489FEDE0AB9FEDE1BBA84247DD3A
:20C82000E14F9FEDE39B9FEDE48B9DED120B53EC1A2B51EC100B002E1CDD01F097FF41EC65
:20C84000100BBD4208D053EC1B2B51EC100B01F08DFFC4E900010BE053EC192B51EC100B18
:20C8600001F084FF53EC182B01F080FFC4E900010120C8E701F0B2F941EC100BBD4208D019
:20C8800053EC1B2B51EC100B01F0A8F9C4E900010BE053EC192B51EC100B01F09FF953ECED
:20C8A000182B01F09BF9C4E900014FF0FF30AAE7C348A84279DB9DED120B51EC100B00F0CB
:20C8C000C1FC41EC180B9FEDC00B53EC102B01F0E7FC9FEDBF1B53EC112B01F07FF901F06B
:20C8E00091FB074601F02FFC41EC190B53EC1A2B01F0D6FC53EC182B01F060FE41EC180B8A
:20C9000053EC1B2B51EC190B01F0CAFCDFF8C8A241EC100B4FEA15580125FA4453EC102B6D
:20C9200051EC180B01F022FF032DC4E900013DD0C1F30A5005EB4511A8EB000011398142A6
:20C9400034DA0AEB051BB0EE48AA9BED000BF0EE68AA53EC102B51EC190B01F0A1FC41EC0B
:20C960001B0B51EC1A0B53EC1B2B01F0FFFE41EC180B51EC1A0B53EC182B01F0F7FE53EC63
:20C980001B2B01F0F3FE9BED020B41EC1A0B53EC102B51EC190B01F083FC53EC1A2B01F0C8
:20C9A000E5FE41EC100B6D1CB8E70EE0002EA8BF3846BFF628AF94ED000B51EC100B01F0C2
:20C9C000CFF8C4E9000178421DE7C6F3130040F4801EC6F30A50A0F2F530471100F01F0550
:20C9E000C5F12000DDF848B008900020069007900520EC467949002D07EB0002794408BFF1
:20CA000051F8221009D051F8223001EB8201AB404A68089922FA01F11943A1FB0E26A1FBA4
:20CA20000B131A449A4234BF0123002303EB06080CEB8003D3E901A60E448E4234BF012154
:20CA4000002192448A4411B1924502D903E0924501D2012100E00021C3E901A641444CF8D1
:20CA60002010011EA0F10100C4DC029800F10050850F0298DDE903678000DDF8148001F022
:20CA800062FB41EC1A0B304601F074FB9FED541B53EC112B01F004FC41EC1B0B384601F0E8
:20CAA00069FB9FED511B53EC112B01F0F9FB41EC180B404601F05EFB9FED4D1B53EC112B2B
:20CAC00001F0EEFB41EC190B51EC180B53EC192B01F084F853EC1B2B01F080F853EC1A2B69
:20CAE00001F07CF8CDE90801002008909DED080B53EC1A2B51EC100B01F038FE53EC1B2B35
:20CB000001F034FE53EC182B01F030FE53EC192B01F054FD9FED381B53EC112B01F0C0FB86
:20CB20009FED370B41EC180B53EC102B9DED080B51EC100B01F0B4FB53EC182B01F04EF80F
:20CB40009FED310B41EC180B53EC102B9DED080B51EC100B01F0A4FB53EC182B01F03EF815
:20CB600041EC100B139810F0004F06D06D4251EC100B00F0F5FF41EC100B284684ED000B80
:20CB800041E60000000000000000000000000000FB21E93F7CD9024000004054FB21F93FAB
:20CBA0003163621A61B4D03DFB21F93F000000000000601A61B4D03D7370032E8A19A33BBE
:20CBC000FB2139410000000083C8C96D305FE43F000000000000E03FBA3A0000083A000037
:20CBE000000000000000103E000000000000103C000000000000103A182D4454FB21F93D22
:20CC00003326A611460B113C00000054FB21F93D10B52DED040B2DED088B82B0B0EE419A7A
:20CC2000F0EE619A0B9820F000449FED4BABB4F1795F11DA9DED0A0B51EC100B01F0E2F977
:20CC4000002801BFB0EE4A0AF0EE6A0A02B0BDEC088B04BF04B010BD9DED0A0B53EC102B5D
:20CC600051EC100B01F01CFB41EC180B3C480621B0EE480AF0EE680A784400F081F853ECB5
:20CC8000182B51EC100B01F00BFB9DED0A0B41EC1B0B53EC192B51EC100B01F001FB41EC1B
:20CCA000190B53EC1B2B51EC180B01F0F9FA53EC192B01F05BFD9FED2C0B41EC190B53EC68
:20CCC000102B51EC180B01F0EBFA41EC100B2848844210DA53EC192B51EC100B01F046FD6C
:20CCE00053EC1A2B01F06AFC41EC100B02B0BDEC088B04B010BD1F48A042BCBF9FED1E1B19
:20CD00008DED001B06DBA4F500100190002000909DED001B51EC100B53EC112B01F026FD27
:20CD20009DED000B41EC180B53EC102B51EC1A0B01F01CFD41EC1A0B53EC192B51EC180BF3
:20CD400001F014FD53EC1A2B01F038FC41EC100BCCE7000000000000000000000000F03FFE
:20CD60002437000000000000000000000000E03F3333D33F0000E93F000000000000D23F88
:20CD800070B504462DED028B4D1E00EBC500B0EE408AF0EE608A90ED000B35F0060017D098
:20CDA00053EC182B51EC100B01F07AFA41EC100B6D1E04EBC50090ED001B51EC100B53EC7E
:20CDC000112B00F00BFF41EC100B35F00600E7D1022D36D0042D1CD0062D1CBFBDEC028B5C
:20CDE00070BD53EC182B51EC100B01F059FA94ED0A1B53EC112B00F0F1FE53EC182B01F075
:20CE00004FFA94ED081B53EC112B00F0E7FE41EC100B53EC182B51EC100B01F041FA94ED06
:20CE2000061B53EC112B00F0D9FE53EC182B01F037FA94ED040B53EC102B00F0CFFE41ECF7
:20CE4000100B53EC182B51EC100B01F029FA94ED021B53EC112B00F0C1FE53EC182B01F08E
:20CE60001FFA94ED001B53EC112B00F0B7FEBDEC028B41EC100B70BD31B504462DED040BD9
:20CE80002DED0A8BB0EE41BAF0EE61BA0B989DED0A0B20F00040B0F1795F0DDA51EC100B07
:20CEA000FEF79CFA042808BF00F0CAF89DED0A0BBDEC0A8B05B030BD53EC102B51EC100BF1
:20CEC00001F0EEF941EC180B9DED0A0B53EC182B51EC100B01F0E4F941EC190B2C48B0EE80
:20CEE000480AF0EE680A05217844FFF749FF9FED2ACBB0EE40AAF0EE60AA9CB353EC1C2BAA
:20CF000051EC190B01F0CCF941EC1C0B53EC1A2B51EC190B01F0C4F99FED210B41EC190B0A
:20CF200053EC102B51EC1B0B01F0BAF953EC192B01F01CFC53EC182B01F0B2F953EC1B2B41
:20CF400001F014FC53EC1C2B01F010FC9DED0A1B53EC112B01F032FBBDEC0A8B05B041ECE5
:20CF6000100B30BDFFE753EC1A2B51EC180B01F097F953EC1C2B00F031FE53EC192B01F045
:20CF80008FF99DED0A1B53EC112B00F027FEE3E7B435000000000000495555555555C5BFA1
:20CFA000000000000000E03F9FED070B10B553EC102B9FED070B51EC100B00F0CBFE41EC99
:20CFC000100B10BD000000000000000000000000000000000000F03F10B553EC102B51ECBE
:20CFE000100B00F0FBFD41EC100B10BD10B553EC112B51EC100B00F0F1FD41EC100B10BD8E
:20D000009FED050B10B553EC102B51EC100B00F0A1FE41EC100B10BD000000000000000039
:20D020009FED050B10B553EC102B51EC100B01F037F941EC100B10BD000000000000007017
:20D040009FED050B10B553EC102B51EC100B01F027F941EC100B10BD000000000000001067
:20D0600030380A2801D2012070470020704710B541EC100BFEF700FA51EC100B10BD00294A
:20D0800005D08A7802814968002900D0084770470289082A1ED2DFE802F00406090C0F12E0
:20D0A00014170D4A12E00C4A38320FE00A4A70320CE0094AA83209E0074AE03206E0074ABB
:20D0C00004E0064A383201E0044A703202EBC101FFF7D5BF70470000D8030020F0040020E2
:20D0E0003EB5124C656BEAF775FD216BD9B1104AE16A01B110210F4B1B791B0700D5002118
:20D10000C4F8B4510123CDE900130292216840228BB281B20848F0F723FDE4F7E1FBA8B20A
:20D12000606300203EBD0022E2E70000A4B100200071020010C30020A4B900208260816308
:20D1400002B1521E02610021C1600A4600EB820359611962D962521C032AF7DB0160416068
:20D160007047000030B5039D82608163521E02610021C1604FEA010200EB820461612162A6
:20D18000E162521C032AF7DB01604160C0E90F3530BD00002DE9F84F050032D026480168C8
:20D1A00041F080710160254E306840F0010030603068DFF88CA010F0010F4FF47A7B4FF4FA
:20D1C0007A590BD0F3F7B2FA0746D6F804803C46DAF80010B1FBFBF0A8B115E0DAF8001041
:20D1E000B1FBFBF000B948460021C20807E0009200E000BF0098431E0093FAD2491CA942A6
:20D20000F5D3BDE8F88F4846A91C00FB01F90CE0F3F78CFAA04203D00446D6F8048004E041
:20D220007068A0EB08014945EBD8F3F77FFAC01BA842EDD3E5E70000FCED00E0001000E0C4
:20D24000D005002082B0CDE9000121F0004001909DED000B02B051EC100B704700290AD0B5
:20D26000B0F858218A78A0F858214968002902D0B0F858210847704710B50446B0F8580197
:20D28000062820D2DFE800F003050E1114170E4801E00D48383000EBC1012046BDE8104069
:20D2A000FFF7DCBF0848703006E00748A83003E00548E03000E0054800EBC1012046FFF76A
:20D2C000CDFFB4F8580110BD240000203C0100201FB5F849F6480860F5F72AF962B6F548F0
:20D2E000F430016841F080710160F34800244460016841F001010160BFF34F8FBFF36F8FDE
:20D30000F3F7D0FFFDF79CF840F20110E4F7FEF9EB49EA48A1F19C020860EA480027BA4660
:20D3200042644832C0E90F2178314160B0318160A1F58471016001F5F8714162483181629E
:20D34000903941610C2181850822C2850286DE4A8261483AC261A2F590720262418602F5CB
:20D36000FC7141634839816301463D46D748F0F759FA4FF48170E4F7C9F9FBF73BFDFBF727
:20D3800093FC40F20310E4F7C1F94FF48050D049421000900B46CF48EAF7B4FBDFF838B35C
:20D3A0008BF80040CB4ECD48B062CD48F0624FF49670306340F2DC507063F1F76BFF8DF81F
:20D3C00000406846FCF728FC4FF002094FF0010828B19DF8000001280CD0022804D04FF402
:20D3E0009660FCF74FFC68B186F88C9034647464B4640EE086F88C80F06BC6E91004012502
:20D40000B46406E086F88C9034647464B4648BF800804FF48270E4F779F9FCF7ADFCAD48D6
:20D42000AA4E90F88C0002280CD086F8F082A948B0F84400A6F804033046FCF741FF002897
:20D440007ED108E0012786F8F092A6F804439F48FCF758FFF3E7FCF753F8FBF7EFFFFCF76C
:20D46000C5F8FCF793F89F489F4B818BC26889B2039101200093CDE9010292489049D0E9C2
:20D4800009239C399948E3F71DFD002001460090974B984A9848E9F731F90023974A0121EB
:20D4A0009548E9F717F9914A0023243202219248E9F710F90023924A03218F48E9F70AF988
:20D4C00017B19BF8000008B18EA000E08FA0D0E90010CDE900108F480160BDF8041081806A
:20D4E0009DF806108171EDF7C5FCEDF79BFC75497648F0F797F9FCF7EFF8E4F701FE0022A6
:20D5000007212920F3F74EFF2920F3F73EFF8248016841F400510160804FDFF804B200BFBE
:20D52000FCF72AFC7F48F0F7A5FB0120E7F7C2FF664CD4F8E00240F00400C4F8E00228E189
:20D54000AAE00120FDF770F8FBF736FBF3F7EEF8B7F89412064601291AD00020022919D0E8
:20D560000021A0B3A6EB0A00B5B1B0F57A7F49D3FCF7EEFD2320F2F763FEFCF7BDFC08203D
:20D58000F2F75EFE5348C16B0020FCF793FD38E00120E3E70121E4E7B0F52F7F32D34FF055
:20D5A000000A4C48EAF73CFA18B94A48EAF7B5FA8246D4F8E002A04620F01000C4F8E002A9
:20D5C00001200090BAF1000F02D0042301E030E002234EF6602242F6E0613E48FCF706FC17
:20D5E00078B93C4890F88C1002290CD0012188F8F012B0F84400A8F80403BAF1000F00D08A
:20D600000125B246BFE088F8F0924FF0000AA8F804A32E48FCF776FEF0BB3E483BA10A685F
:20D6200002608988818080F806A00120E7F742FFE7E7D4F8E00221B120F01000C4F8E0020C
:20D64000A1E0C00606D5D4F8E00220F01000C4F8E00203E0A6EB0A00FA2827D31D48EAF75C
:20D66000DFF918BB4FF0010803234EF6602242F6E0611848CDF80080FCF7B8FBB246A8B9AE
:20D68000144E96F88C0002280CD00020B7F89412022909D0002100E05DE040B184F8F09262
:20D6A000002246E00120F1E70121F4E76BE03BE00000020808ED00E0001000E0002800408F
:20D6C000782B0120C0A50020602E0120A4B900200000024008A6002098010020E093040095
:20D6E00080841E000CF70420007102009CC2002094B0002050B00020082900206CC30020CC
:20D700001CB1002043453634585F000043453634535F00005402002018080240F89E002041
:20D72000905C002094A1002084F8F082B6F8442092B2A4F80423884221D00028854807D0FA
:20D74000FCF7E0FD38B984480025AFF240010CE0FCF7B6FD08B1F1F7DDFE706C08B101256C
:20D7600000E000257C48AFF264010A68026089888180002181710120E7F79CFE03E010B99C
:20D78000706C00B10125E3F72DFFE8F7CFFBEFF767FED4F8E00240073FF5D3AEB7F89402ED
:20D7A000012804D1BBF8AC02C00600D501256B48016821F4C051016068494FF4C05014315D
:20D7C00008602820F3F7D0FDF0F79AF9F0F73CF8E8F7D6FCFBF7CAFBFBF77EFFE4F790FC0F
:20D7E00041F20200E3F792FFEDF71AFD41F20300E3F78CFFE8F79AFB0020E7F75BFED4F85C
:20D80000E00240F04000C4F8E002554E41F20400E3F77CFFEDF702FEECF7E8FFEEF7FEFC5C
:20D820005048007920B14F48E8F71DFBE5F732FBEFF7F4F94C48B0F85210012910D030685C
:20D84000A8B34A48019043F698200290BBF8AC02C0F300100090D4F8E002C0073AD12FE084
:20D8600043490968B1B1B0F854204AB1016F89684908006F89B2006A884219D2A2B902E07A
:20D880004FF40061F5E701210846F3F7E1FDF4F74FFE0DE0D0F8DC10096A826D914207D2E9
:20D8A000B0F854000028EED0F5F77DF9EBE703E0F2F73CFF3060A9E7F2F738FF306032E069
:20D8C0009BF89402400605D42A480188490703D4C08C08B1012000E0002080462448406BDB
:20D8E00038B91C48EFF7AAFF18B9009860B11F480190B8F1000F02D0F2F718FF3060009820
:20D9000050EA080002D00EE00298F1E7F2F70EFF3168401A0199884205D3D4F8E00240F090
:20D920000400C4F8E00201210846F3F791FDD4F8E0024007BFD56420F2F782FC4FF00008A2
:20D94000C6F80080E8F7F2FA0248F0F78DF8C4F8E082E5E5A4B9002054020020003C0140B0
:20D960009805002010C3002008290020C0270900A4B1002094A100200EB54FF47A738DE884
:20D980000E0002460123D1210148F3F7F3F90EBD242B012070B5144C1D4604EB4106002A79
:20D9A00000DB3281002D0ADB082908D204EB8100856229B1EAF70EF9B5FBF0F0308370BD33
:20D9C0002689EAF707F9420106B9402652B1A5FB0601001849410023E2F70CFD80B2208329
:20D9E000256070BD0020FAE7A4B1002000B52DED048B83B041EC190B00F0ECFD41EC180BF4
:20DA000018EE100A18EE901A8DED008B002818BF0120084320F00040C0F17F6000F1E040D5
:20DA2000C00F14D019EE101A19EE900A8DED009B002918BF0121084320F00040C0F17F60FF
:20DA400000F1E040C00F04BF0120E2F7C8FF51EC180B03B0BDEC048B00BD70B50D46044698
:20DA600000F018F85002E2611A4600231946E2F7C1FC208401202074256070BD70B51E4605
:20DA8000154604463246049BFFF7E7FF02202074656070BD0021017641764161704700009E
:20DAA00070EE600A10B510EE900A2DED028B11499FED118B884208DB10EE100A00F040FF24
:20DAC00053EC182B00F052FE0CE010EE900A0C4988420BD910EE100A00F032FF53EC182B42
:20DAE00000F07CF800F048F800EE100ABDEC028B10BD0000DB0F4940112D4454FB211940C9
:20DB0000DB0F49C01CB50BA2D2E90012CDE9001200216A4600EB4103B3F85830545CA34237
:20DB200002D04FF0FF301CBD491C0529F2DB00201CBD0000494E54414E00000003B583B00E
:20DB40004FF47A73012204A98DE80E0013460246D0210248F3F77EFA05B000BD242B012022
:20DB600081F00041704780F00040704721F00041704720F00040704721F00042A2F160522D
:20DB8000B2F5801F01F0004328BFD2F17F6C0BD95FEA001C43EAC20242EB507018BF7047C1
:20DBA00028BF20F001007047B2F5801FBCBF184670474FEA410C1CF5001F02D2084600F018
:20DBC00035BF70B500F016FC00000089FFF7F6BF4FF00040A0F580007047000010B591EA6B
:20DBE000030F48BF83F0004300F1C885841A71EB030C05D2121943EB0C03001B61EB0C015C
:20DC0000DFF824E14FEA1154A4EB135C1EEA430F18BF9EEA445F73D023EA0E03DCF1200ED4
:20DC200021EA045143F4801332D322FA0CFE10EB0E0023FA0CFE41EB0E01CCF1200E03FA3C
:20DC40000EFE10EB0E0051F10001B1F5801FCCF1200E32D201EB045112FA0EF2BDE81040F6
:20DC600058BF7047401C38BF5FEA420218BF7047002814BF20F0010041F100014FEA4103AC
:20DC800013F5001F38BF7047A1F1C04100F000BC012A43EB0302ACF1200CDCF11F0E32BF5E
:20DCA0004FF0000E23FA0CF310EB030041EB0451B4EB115FD0D0A1EB045101F58011490814
:20DCC0005FEA300001EB04510ED350F1000038BF12FA0EFE08D1BDE81040C9E7401C38BF88
:20DCE0005FEA4202CAD1C3E7BDE810404FEA410313F5001F38BF7047A1F1C04100F0C8BB05
:20DD00009EEA445F08D011EA5E0FBDE8104004BF01F0004100207047BDE8104070B500F0CD
:20DD200069FB00BF64FBBE3E0000E0FF02494FF0000000F0EBBE00BF0000F87F491058BFBD
:20DD4000C1F140415B1058BFC3F140438B42EFF3008070472DE9C04130B4DFF8A0C23CEA97
:20DD6000111418BF3CEA131400F0EC8081EA03051CEA111444EAD57418BF1CEA131500F0F4
:20DD8000C780A4EB05044FF0004545EAC12145EAC32341EA505143EA525304F17F74994299
:20DDA00004F500344FEAC0204FEAC22208BF904200F09C804FEA13650FF24016765D4FEA47
:20DDC000134506FB05F7C7F1807706FB07F74FEAD737A7FB03687642C8F58038A7FB06CE49
:20DDE00038BFA8F1010807FB08E64FF0000EA6FB028CE6FB03CEDCF1000CCEF1004E38BF8F
:20DE0000AEF1010EA6FB0C584FF000074FF00005E6FB0E87A1FB08C6A0FB07CE16EB0E0660
:20DE200045F10005E1FB076515F1E04E7EBFA4F580345FEA46066D4116F1800745F1000595
:20DE40004FEA17274FEA066647EA0567A6F1DE46B6F1805F4FEA15251FD9384624F0010CBE
:20DE600005EBC471BCF1FE6F01EB0C1102D8F0BCBDE8008124425CBF01F5801E9EEAC47FCE
:20DE800002D4F0BCBDE80081244238D4F0BCA1F1C041BDE8004100F0FBBA4FEAD22242EA45
:20DEA00043524FEAD323A7FB02864FEAD02040EA415007FB03661EEA0E0F4FEAD12105FBD5
:20DEC000026658BFA6EB0056B6EB00564FEA520E4EEAC37E18EB0E0E56EB530EBDD518EB7D
:20DEE00002085E417F1C55F10005B6E74FF480154FF000074FF000064FF00008ADE7F0BC0C
:20DF00004FF0000001F1C04101F00041BDE8008111EA0C1F0CEA131500D00CE013EA0C1F4F
:20DF200000F025804FF00000F0BC81EA030101F00041BDE80081F0BCBDE8004181EA030199
:20DF400000F0A6BAF0BCBDE8004170B500F052FA097EFC3E00F007B881EA03014FF0000060
:20DF600001F00041704781EA030100F091BAF0BCBDE800414FF0000021497047FFFDFBF92C
:20DF8000F7F5F4F2F0EEEDEBE9E8E6E4E3E1E0DEDDDBDAD8D7D5D4D3D1D0CFCDCCCBCAC8B9
:20DFA000C7C6C5C4C2C1C0BFBEBDBCBBBAB9B8B7B6B5B4B3B2B1B0AFAEADACABAAA9A8A88C
:20DFC000A7A6A5A4A3A3A2A1A09F9F9E9D9C9C9B9A999998979796959594939392919190E6
:20DFE0008F8F8E8E8D8C8C8B8B8A8989888887878685858484838382828181800000FF0748
:20E000000000F87F4FEA41034FEA5353A3F58063D3F11E03C8BFD3F1210C0CDD4FF00042EB
:20E0200042EAC12242EA505232FA03FC8CEAE17CACEBE1707047102BC4BF0020704703F5D9
:20E04000787CBCF1FF3F04D06FF0004282EA2100704770B500F0CEF94992248000207047F6
:20E06000F2E700004FEA41034FEA5353A3F58063D3F11E03C8BFD3F1210C20DD4FF0004215
:20E0800042EAC12242EA505232FA03FC0DD362FA03F282EA0C021CF1010C0BD64FEA420255
:20E0A00052EAC02208BF2CF0010C8CEAE17CACEBE1707047094258BFACF1010CF5E7102BBD
:20E0C000C4BF0020704703F5787CBCF1FF3F04D06FF0004282EA2100704770B500F08AF9BE
:20E0E0004992248000207047F2E700004FEA1153A3F58063D3F11E03A8BFD3F1200C08DBBA
:20E100004FF0004242EAC12252EA505232FA03F0704709420BD4102BC4BF0020704703F504
:20E12000787CBCF1FF3F05D04FF0FF3070474FF00000704770B500F05DF900BF4992248067
:20E1400000207047F0E710F0004248BF4042B0FA80F310FA03F10AD0C3F11D0303F58063A2
:20E160004FEA415002EB035202EBD12170474FF000007047B0FA80F310FA03F10AD0C3F15E
:20E180001D0303F580634FEA41504FEA035202EBD12170474FF0000070470000B1FA81F381
:20E1A0000B3B20D3994010D1B0FA80F310FA03F108BF7047C3F11D0303F580634FEAD122F8
:20E1C0004FEA415002EB03517047C3F1200C20FA0CFC9840C3F1320303F5806341EA0C01A7
:20E1E00001EB0351704710B5C3F10004C3F1320CC4F1200E0CF5806201FA0EFC21FA04F1DE
:20E2000000FA0EF3E040BDE8104040EA0C0001EB025138BF7047401C41F100015B0008BF1A
:20E2200020F001007047000051EA030C17D41CF5801F58BFBCF5801F00F10680994218BFA1
:20E24000704708BF9042704707D711F5801F58BF13F5801F19D499427047894270471CF564
:20E26000801F08D5BCF5801FF7D58B4218BF704708BF824270474FF4001C1CEB410F38BFBC
:20E280001CEB430F01D28B42704770B500F0B2F8922449004FF000514FF08053FFF74EBD6D
:20E2A000DFF848C170B51CEA111E1EBF1CEA13159EEA0C0F95EA0C0F00F06F8081EA03048B
:20E2C00023EA4C134EEAD47E21EA4C1141F4801143F48013AE44A1FB024CA0FB0365AEF1D2
:20E2E0007F7E361955EB0C05A1FB034C4CF10003A0FB021C16EB0C06654153F10003094252
:20E3000018BF46F0010613F4007F0BD14FEA03314FEA0530340341EA155140EA16506FF0F5
:20E3200003020AE04FEAC3214FEAC520F40241EA555140EA56506FF0020202EB2E4201EB70
:20E34000025585EACE710AD05FEA440C18BF24F0004450F1000041F1000120EAD47040F222
:20E36000FE7C624500D270BDA84214BF4FF080444FF04044002E08BF0024BEF1806FA8BFDC
:20E38000A1F1C041BDE8704080F282804FF0000001F1C04101F0004170479EEA0C0F0CEA6D
:20E3A000131518BF95EA0C0F06D04FF0000081EA030E0EF0004170BD00F01CF88900013EFB
:20E3C00000F007B800F009B84FEA430C5FEA5C5C08D081EA030100F05BB84FEA410C5FEA3B
:20E3E0005C5CF6D14FF00000014970470000FF070000F87F0EF1020E2EF0030E5EF8046BDE
:20E40000364205D4012A43EB030515F5001F12D8012841EB010C1CF5001F0CD80ED14FEAA9
:20E42000D17C15F5001F0CEB4C0C0CF1020C08BF4CEBD37C04E04FF0080C01E04FEAD37C1F
:20E440000CEB4C0526FA05F606F00706B6F1040C06D20EEB860CBDE870404CF0010C6047F7
:20E46000DFE80CF0090B02024FF000414FF00000A1F5002170BD19461046012851EB0104FF
:20E4800018BFD4F5001484BF002001F0004170BD0808A0F500114FEA3101704753EA010CE4
:20E4A00017D41CF5801F58BFBCF5801F00F106808B4218BF704708BF8242704707D713F560
:20E4C000801F58BF11F5801F19D48B4270479B4270471CF5801F08D5BCF5801FF7D5994258
:20E4E00018BF704708BF904270474FF4001C1CEB430F38BF1CEB410F01D2994270470FB410
:20E500000CBC03BCFFF7C1BE5FEA410C5FEA5C5CACF580635B1C39D4D3F1340240F345806E
:20E52000B2F1200314DA4FF0010C0CFA02FCACF101030340B3EB5C0220EA030008BF10EA29
:20E540000C0F98BF704710EB0C0041F1000170470AD0C3F1200201FA02FC012821FA03F1C0
:20E5600001FA03F14CF100004FF0010C0CFA03FCACF10103B0F1004F21EA030108BF11EABC
:20E580000C0F4FF0000088BF61447047B3F1FF3F28BF50EAC12C01F000414FF0000084BFDA
:20E5A00041F07C5141F470017047B3F5806FB8BF704770B5FFF71EFF40DBB6BE91EA030FE7
:20E5C00010B581F000413FF511AB83F0004300F0D5B800002DE9F04101F5801CBCF5001FF8
:20E5E000C0F2A9804FEA115C21EA0C510CF1FD0C41F480115FEA5C0C0CF5C07C01D3400064
:20E60000494130A4890241EA905187028E0E0A0CA45D04FB04F602FB06F6C6F14046A4FBFB
:20E620000662F60D46EA422606FB06F4A4FB01235242C3F1404338BF5B1EA6FB02420024D5
:20E64000E6FB0324D20B42EA4446A6FB0623A1FB02E2A3FB07E4E3FB61426442C2F1404EE4
:20E6600038BFAEF1010EA6FB04234FF00002E6FB0E32A2FB03463400E2FB6264A1FB06E686
:20E68000A4FB07E8E4FB61687642C8F1405838BFA8F10108A2FB06E4A3FB08E5E2FB6854F7
:20E6A000A1FB05E6A7FB04E8E1FB648618F1200556F10006A809A8F11B08B10908F03F089E
:20E6C000B8F10A0F40EA86601CD901EB0C51BDE8F08100BFFCF5EEE8E2DDD8D3CFCBC7C300
:20E6E000C0BDB9B6B4B1AEACA9A7A5A3A19F9D9B9A9896959392908F8D8C8B898887868577
:20E7000084838281A0FB006800FB01F208EB4208B8EB872807D5341858EB0104D5D5401CF9
:20E7200051F10001D1E7341A78EB0104CDD4401E71F10001C9E75FEA4C0C5FEA9C5C0DD156
:20E7400005D34FF0000001F00041BDE8F081BDE8F04170B5FFF74EFE6DDBFFBEBDE8F04142
:20E760004FF00000004970470000F87F10B591EA030F48BF83F000433FF538AA841A71EBC4
:20E78000030C07D212198CF0004C43EB0C03001B61EB0C01DFF8A4E14FEA1154A4EB135CF5
:20E7A0001EEA430F18BF9EEA445F00F0B08023EA6E03524221EA0451C3EB6E0338BF5B1EDC
:20E7C000DCF1200E25D322FA0CFE10EB0E0043FA0CFE41EB0E01CCF1200E03FA0EFE10EBA6
:20E7E0000E0051F10001CCF1200E29D412FA0EF201EB0451BDE8104058BF7047401C1CBF99
:20E80000B2F1004F704700280CBF491C20F00100704712EB020E43EB030218BF4FF0010ECA
:20E820004EEA4202ACF1200CDCF11E0E54D943FA0CFE10EB0E0051F1FF31CCF11E0ED5D518
:20E840000EF1010E12FA0EFE404141EB010101EB445C5FEA5C5C10D910EBDE7001EB0451E3
:20E8600038BFBEF1004FBDE8104018BF704700280CBF491C20F00100704730D24FEAD42CC5
:20E8800011F5001124F400641BD0B1FA81F20B3AA41AA41ED2F12003914030FA03F31943E4
:20E8A000904001EBCC71002C01EB0451BDE81040A8BF704701F1C0414FF0000001F000417B
:20E8C0007047B0FA80F310FA03F100D110BDE41A173C4805C90AE4E701EB045110BD491025
:20E8E00001EB0451BDE810404FEA300002E04FF0000170474A0008BF0042F8D0B2F5001FBF
:20E9000028BF704701F000414FF0000070479EEA445F07D011EA5E0FBDE8104004BF0021EE
:20E9200000207047BDE8104070B5FFF763FD00BF40DFF63E83F00041104670470000E0FFDE
:20E9400043004FEAD30C4FEA3C0C43401FBF40070CF1605113F0FE4F70471CF0006F03D12F
:20E9600000200CF0004170470CF0004343EA507010B540EACC0000F00EF800BF0000009255
:20E980004FEA0001FFF784BD4FF000414FF00000A1F5002170470EF1020E2EF0030E5EF845
:20E9A000044B244204D44FEA4102B2F17F4F11D84FEA4003B3F17F4F0CD80ED14FEAD07CBE
:20E9C000B2F17F4F0CEB4C0C0CF1020C08BF4CEBD17C04E04FF0080C01E04FEAD17C0CEB8C
:20E9E0004C0324FA03F404F00704B4F1040C06D20EEB840CBDE810404CF0010C6047DFE8F2
:20EA00000CF0070802024FF00040A0F5800010BD0846420018BFD2F1807288BF00F00040F3
:20EA200010BD4FF04070E1EE100A7047FF2141EAD050C005704700004FEAC1230A1543EA2A
:20EA400050534FEAC02C18BF43F000431BD4A2F24E02D2F57C72C0F22080502AA8BF502274
:20EA600023FA02F12CFA02F060B4D2F1200284BF03FA02F52843C2F100029CBF23FA02F5AF
:20EA8000284360BC704701F1804212F5801F04DA4FF000004FF00001704770B5FFF7AAFC09
:20EAA00049922480002001E06FEAE17001467047C2154FEA002318BF43F000430ED4D2F109
:20EAC000BE0215D323FA02F1B2F1200C2EBF23FA0CF0C2F1200C03FA0CF070474FEA400C95
:20EAE000BCF1FE4F04D24FF000004FF00001704710B5FFF750FF00BF9224498000204FF069
:20EB0000000170476FEAE070014670470CF00F03092B08BF082000F059800A2B0BD0082B59
:20EB200018BF704708BF1CF0400F0AD04FF000004FF0000170471CF0400F18BF4FF0004064
:20EB400070471CF0100F08D020F0704300F07F4242EAD3014FEA4370704700F0604021F043
:20EB60007F4242EA000201F07F4040EA727070474FF0FF0C4CF4E06C1CEA11531CBF9CEA92
:20EB8000030C9445C2BFDA4201EB02517047002B0DD0BCF1000F0FD0002A01F00041A4BF98
:20EBA00041F0E04141F07F614FF00000704701F000414FF00000704750EA01334FF09B0C80
:20EBC00018BF4CF0806C7FF4B1A870471CF4801F11D01CF4E02F03D06FEACC3149007047DB
:20EBE0004FF04050EFF3008222F0704242EA000282F3008870474FF0000070470100000045
:20EC00000300000001000000000000000000000000000000000000000000000000000000F0
:20EC200040530A3C00000000000000000000803F000000400000803F0000803F000000007E
:20EC4000000000000000803F00000000000000000000803F7AA5DCBFCCEE413F0000803F83
:20EC600000000000000000000100000003000000010000000000000000000000000000008F
:20EC80000000000000000000000000003064F53C00000000000000000000803F00000040B0
:20ECA0000000803F0000803F00000000000000000000803F00000000000000000000803F58
:20ECC0003A23BABF99F5123F0000803F0000000000000000010000000300000001000000BB
:20ECE000000000000000000000000000000000000000000000000000C3F2C73D000000005B
:20ED0000000000000000803F000000400000803F0000803F00000000000000000000803FB7
:20ED200000000000000000000000803FFF5B71BF3BAAAA3E0000803F0000000000000000FE
:20ED40000100000003000000010000000000000000000000000000000000000000000000AE
:20ED600000000000AEF5953E00000000000000000000803F000000400000803F0000803FA0
:20ED800000000000000000000100000003000000010000000000000000000000000000006E
:20EDA0000000000000000000000000000000803F00000000000000000000803F0000004095
:20EDC0000000803F0000803F00000000000000000000803F00000000000000000000803F37
:20EDE000000000400000803F0000803F00000000000000003C485645523E003C524553453B
:20EE0000543E0000AD900000AD00000050B0002094B0002081000000000000000000000071
:20EE20000000000050B0002094B000201CB10020C0C200206CC30020AD5100000000000072
:20EE40000000000000000000000000000000000000000000000000000000000000000000B2
:20EE6000000000000000000000000000000000000000000000000000000000000000000092
:20EE8000000000000000000000000000000000000000000000000000000000000000000072
:20EEA0000000000000000000000000000000000000000000000000000000DADAAD5300009E
:20EEC000000000000000000000000000000000000000000000000000000000000000000032
:20EEE000000000000000000000000000000000000000000000000000000000000000000012
:20EF00000000000000000000000000000000000000000000000000000000000000000000F1
:20EF2000000000000000000000000000000000000000000000000000000000000000DADA1D
:20EF4000AD52000000000000000000000000000000000000000000000000000000000000B2
:20EF6000000000000000000000000000000000000000000000000000000000000000000091
:20EF8000000000000000000000000000000000000000000000000000000000000000000071
:20EFA000000000000000000000000000000000000000000000000000000000000000000051
:20EFC00000000000DADA000000001008FFFF13080100000000001408FFFF17080200000010
:20EFE0000102030001000100000102030A0B0C0D000102030A0B0C0D01020304050607087D
:20F000000900000001000000030000000100000000000000000000000000000000000000E2
:20F0200000000000000000009613233C00000000000000000000803F00000000000080BFCA
:20F040000000803F00000000000000000000803F00000000000000000000803F5D6DFDBFED
:20F060002EE77A3F0000803F000000000000000001000000030000000100000000000000FE
:20F0800000000000000000000000000000000000000000009613233C000000000000000068
:20F0A0000000803F00000000000080BF0000803F00000000000000000000803F00000000D4
:20F0C000000000000000803FB459FDBF2EE77A3F0000803F0000000000000000010000001A
:20F0E00003000000010000000000000000000000000000000000000000000000000000000C
:20F1000082574B3C00000000000000000000803F00000000000080BF0000803F00000000D2
:20F12000000000000000803F00000000000000000000803F287EFCBF65A5793F0000803F6F
:20F140000000000000000000010000000300000001000000000000000000000000000000AA
:20F1600000000000000000000000000091EE273D00000000000000000000803F00000000ED
:20F18000000080BF0000803F00000000000000000000803F00000000000000000000803FF3
:20F1A000014DF4BF0C026B3F0000803F0000000000000000010000000300000001000000D2
:20F1C00000000000000000000000000000000000000000000000000024B4E53D0000000035
:20F1E000000000000000803F00000000000080BF0000803F00000000000000000000803F93
:20F2000000000000000000000000803FF163DCBFF792463F0000803F000000000000000073
:20F220000100000003000000010000000000000000000000000000000000000000000000C9
:20F2400000000000B130443D00000000000000000000803F00000000000080BF0000803F8F
:20F2600000000000000000000000803F00000000000000000000803F2B18E5BFA779673F63
:20F280000000803F00000000000000000100000003000000010000000000000000000000AA
:20F2A0000000000000000000000000000000000076A7BB3D00000000000000000000803F7A
:20F2C00000000000000080BF0000803F00000000000000000000803F000000000000000071
:20F2E0000000803F14D0CCBFDF15513F0000803F0000000000000000010000000300000099
:20F3000001000000000000000000000000000000000000000000000000000000C764313D53
:20F3200000000000000000000000803F00000000000080BF0000803F000000000000000010
:20F340000000803F00000000000000000000803F36CDF3BF46D3693F0000803F00000000FA
:20F36000000000000100000003000000010000000000000000000000000000000000000088
:20F380000000000000000000137E893E00000000000000000000803F00000000000080BF17
:20F3A0000000803F00000000000000000000803F00000000000000000000803FA67E76BFB7
:20F3C0008A02ED3E0000803F000000000000000001000000030000000100000000000000B2
:20F3E00000000000000000000000000000000000000000000534513E000000000000000045
:20F400000000803F00000000000080BF0000803F00000000000000000000803F0000000070
:20F42000000000000000803F3C4E99BFFE65173F0000803F000000000000000001000000B2
:20F440000300000001000000000000000000000000000000000000000000000000000000A8
:20F460000000803F00000000000000000000803F00000000000000000000803F000000004F
:20F48000000000000000803F00000000000000000000803F00000000000000000000803F2F
:20F4A000000000000000000001000000030000000100000000000000000000000000000047
:20F4C0000000000000000000000000009613233C00000000000000000000803F0000803FA6
:20F4E000000000000000803F00000000000000000000803F00000000000000000000803FCF
:20F500002EE77ABF000000000000803F0000000000000000010000000300000001000000D9
:20F520000000000000000000000000000000000000000000000000009613233C00000000C3
:20F54000000000000000803F0000803F000000000000803F00000000000000000000803FAF
:20F5600000000000000000000000803F2EE77ABF000000000000803F0000000000000000BF
:20F58000010000000300000001000000000000000000000000000000000000000000000066
:20F5A000000000005DE2C83C00000000000000000000803F0000803F000000000000803FCB
:20F5C00000000000000000000000803F00000000000000000000803F1D7273BF00000000EC
:20F5E0000000803F0000000000000000010000000300000001000000000000000000000047
:20F60000000000000000000000000000000000008BDF143D00000000000000000000803F70
:20F620000000803F000000000000803F00000000000000000000803F00000000000000008D
:20F640000000803F30646DBF000000000000803F0000000000000000010000000300000068
:20F6600001000000000000000000000000000000000000000000000000000000E4D78F3D02
:20F6800000000000000000000000803F0000803F000000000000803F00000000000000002D
:20F6A0000000803F00000000000000000000803F280A5CBF000000000000803F00000000C0
:20F6C000000000000100000003000000010000000000000000000000000000000000000025
:20F6E000000000000000000076A7BB3D00000000000000000000803F0000803F0000000077
:20F700000000803F00000000000000000000803F00000000000000000000803FDF1551BFA8
:20F72000000000000000803F00000000000000000100000003000000010000000000000005
:20F74000000000000000000000000000000000000000000082574B3C000000000000000049
:20F760000000803F0000803F000000000000803F00000000000000000000803F000000008D
:20F78000000000000000803F65A579BF000000000000803F000000000000000001000000A8
:20F7A000030000000100000000000000000000000000000000000000000000000000000045
:20F7C0004B1FFA3D00000000000000000000803F0000803F000000000000803F000000004B
:20F7E000000000000000803F00000000000000000000803FD57841BF000000000000803F7F
:20F800000000000000000000010000000300000001000000000000000000000000000000E3
:20F8200000000000000000000000000024B4E53D00000000000000000000803F0000803F50
:20F84000000000000000803F00000000000000000000803F00000000000000000000803F6B
:20F86000F79246BF000000000000803F000000000000000001000000030000000100000036
:20F88000030000000100000003000000010000000000000000000000000000000000000060
:20F8A000000000000000000000000000000000000000000000000000000000000000000048
:20F8C00000000000000000008E1E1FBE00000000000000000000803F23DB81BF00000000A2
:20F8E0000000803F00000000000000000000803FC65016BFF85377400000803F00000000DE
:20F90000000000000000803FCA3204C0AEB6E23F0000803F00000000000000000000803F65
:20F9200000000000000000000000803F410E6ABF000000000000803F0000000000000000D1
:20F940000000803F2D43BCBF598B273F0000803F00000000000000000000803FF0BF6DBF5A
:20F960005EF4353F0000803F000000000000000001000000030000000100000003000000FA
:20F98000010000000300000001000000000000000000000000000000000000000000000062
:20F9A000000000000000000000000000000000000000000000000000000000000000000047
:20F9C000000000006A4DF3BD00000000000000000000803F2CD482BF000000000000803F01
:20F9E00000000000000000000000803FB5E045BDDE7172400000803F0000000000000000F1
:20FA00000000803F583900C071ACF33F0000803F00000000000000000000803F0000000009
:20FA2000000000000000803FDE9367BF000000000000803F00000000000000000000803FF2
:20FA400036ABAEBFA6D5183F0000803F00000000000000000000803FF44F38BF09FE273F61
:20FA60000000803F00000000000000000100000003000000010000000300000001000000BE
:20FA8000030000000100000000000000000000000000000000000000000000000000000062
:20FAA000000000000000000000000000000000000000000000000000000000000000000046
:20FAC000E201E5BD00000000000000000000803FA30184BF000000000000803F000000003C
:20FAE000000000000000803FBB0F283FF24163400000803F00000000000000000000803FC2
:20FB00006C78F2BF857C04400000803F00000000000000000000803F00000000000000008D
:20FB20000000803F49D764BF000000000000803F00000000000000000000803F1FF49CBFD7
:20FB4000BD3A073F0000803F00000000000000000000803F740CE8BEAA43163F0000803FC3
:20FB600000000000000000000100000003000000010000000300000001000000000000007C
:20FB8000000000000000000000000000000000000000000000000000000000000000000065
:20FBA000000000001F1153BE00000000000000000000803FA4DF86BF000000000000803FBE
:20FBC00000000000000000000000803F2F8692BE418286400000803F000000000000000019
:20FBE0000000803F00000000000000000000803F6F4758BF000000000000803F00000000FB
:20FC0000000000000000803F14ED5ABFE76FE23E0000803F000000000000000001000000D5
:20FC20000300000001000000000000000000000000000000000000000000000000000000C0
:20FC4000B6DB2EBF00000000000000000000803FC66D9CBF000000000000803F000000001A
:20FC6000000000000000803F00000000000000000000803F43E25EBF000000000000803F05
:20FC800000000000000000000100000003000000010000000300000001000000000000005B
:20FCA000000000000000000000000000000000000000000000000000000000000000000044
:20FCC00000000000115312BF00000000000000000000803FB81E4D3F000000000000803F0F
:20FCE00000000000000000000000803F4BC8EFBF1591393F0000803F0000000000000000A7
:20FD00000000803F00000000000000000000803FF569953D000000000000803F0000000076
:20FD2000000000000000803FA39292BF0B419E3E0000803F00000000000000000100000096
:20FD400003000000010000000000000000000000000000000000000000000000000000009F
:20FD6000AEBB79BF00000000000000000000803F3B01F5BF3867343F0000803F0000000062
:20FD8000000000000000803F00000000000000000000803FC6166ABF5DDC063E0000803FA4
:20FDA00000000000000000000100000003000000010000000300000001000000000000003A
:20FDC000000000000000000000000000000000000000000000000000000000000000000023
:20FDE00000000000809F51BE00000000000000000000803FA4DF86BF000000000000803F8F
:20FE000000000000000000000000803F2F8692BE418286400000803F0000000000000000D6
:20FE20000000803F00000000000000000000803F6F4758BF000000000000803F00000000B8
:20FE4000000000000000803F14ED5ABFE76FE23E0000803F00000000000000000100000093
:20FE600003000000010000000000000000000000000000000000000000000000000000007E
:20FE8000CC0B68BF00000000000000000000803F3B01F5BF3867343F0000803F00000000E4
:20FEA000000000000000803F00000000000000000000803FC6166ABF5DDC063E0000803F83
:20FEC00000000000000000000100000003000000010000000000000000000000000000001D
:20FEE00000000000000000000000000030646DBF00000000000000000000803F3B01F5BF93
:20FF00003867343F0000803F00000000000000000000803F00000000000000000000803F92
:20FF2000C6166ABF5DDC063E0000803F00000000000000006400000096000000C8000000BE
:20FF4000FA0000002C010000F4010000EE020000E8030000DC050000D0070000C409000025
:20FF6000B80B0000881300004C1D000010270000983A0000204E0000260000002C000000F1
:20FF8000180000002A000000060000001E000000290000002E000000010000001B00000088
:20FFA0000D000000030000002100000016000000110000000B000000080000001A000000BC
:20FFC000110000000D0000000A0000000900000005000000030000000200000002000000E4
:20FFE0000100000001000000010000000000000000000000000000000000000000000000FE
:020000040804EE
:2000000005000000080000000700000005000000020000002B000000240000001E00000058
:20002000170000002C000000190000000D0000002500000017000000100000000800000003
:20004000040000001F00000015000000100000000D0000000B000000060000000400000036
:20006000030000000200000001000000010000000100000000000000000000000000000078
:20008000000000000000000010000000380000000100000023000000310000002C00000097
:2000A00009000000080000002A000000140000002800000012000000050000003E00000074
:2000C00036000000300000002C000000220000001C00000019000000150000001200000010
:2000E000110000000F0000000D0000003C000000360000002800000011000000090000001F
:200100000600000004000000030000000200000002000000010000000100000001000000CB
:200120000000000000000000000000000000000000000000000000000000000000000000BF
:2001400000000000000000000000000000000000010000000000000000000000000000009E
:2001600000000000000000000000000000000000000000000000000000000000000000007F
:2001800000000000000000000000000000000000000000000000000000000000000000005F
:2001A0000000000000000000000000000000000000000000780000008C000000AF0000008C
:2001C000DC000000180100005E010000B80100000D020000BC020000200000001000000015
:2001E0000800000008000000080000000400000003000000030000000200000028000000B3
:200200002800000028000000200000001A0000001200000010000000070000000400000027
:200220003FE8D02F27918231713523333FE8D02F27918231713523333FE8D02F2791823113
:200240007135233350000000A0000000F000000050000000F00000009001000000061016C5
:20026000000610160000000000000000010203040607080900000000010203040000000020
:20028000000000000000F03F000000000000F83F00000000000000000000004003B8E23FDC
:2002A000000000000000000006D0CF43EBFD4C3E033333333333E33FFFAB6FDBB66DDB3F8F
:2002C0004D268F515555D53F01411DA96074D13F65DBC9934A86CD3FEF4E454A287ECA3F2E
:2002E0003E5555555555C53F93BDBE166CC166BF2CDE25AF6A56113FF16BD2C541BDBBBE45
:20030000D0A4BE726937663E4FBB610567ACDD3F182D4454FB21E93F9BF681D20B73EF3FA5
:20032000182D4454FB21F93FE2652F227F2B7A3C075C143326A6813CBDCBF07A8807703C34
:20034000075C143326A6913CC4EB98999999C9BF711623FEC671BCBF6D9A74AFF2B0B3BF28
:200360009AFDDE522DDEADBF2F6C6A2C44B4A2BF0D5555555555D53FFF8300922449C23F69
:200380006E204CC5CD45B73F513DD0A0660DB13FEB0D76244B7BA93F11DA22E33AAD903F6F
:2003A0004C5555555555A53F7751C1166CC156BF9015CB19A001FA3EAD529C804F7E92BEE9
:2003C000C4B1B4BD9EEE213ED43888BEE9FAA8BD000000000000000000004054FB21F93FCA
:2003E0003163621A61B4D03D0000601A61B4D03D7370032E8A19A33B0000002E8A19A33BEB
:20040000C14920259A837B3900000000000000006E83F9A22915444ED15727FCC0DD34F54F
:20042000999562DB4190433CAB6351FE61C5BBDE3A6E24B7E0D24D42EA2E49061C92D10932
:200440001CEB1DFE3EA729B1F53582E88444BB2E26709CE9417E5FB439D69139F4395383AD
:200460008B5F849C3B28F9BDFF97F81F0F9805DE8B112FEF1F6D0A5ACF7E366DB709CB27D6
:20048000663F464F2DEA5F9EC7BA27757BF1E5EBF739073DEA92528AB15FFB6B085D8D1F62
:2004A000A6F810111111813FD561C119A0012ABF7DFEB157E31DC73EEB9C2B8AE6E55ABE5A
:2004C0007CD5CF5A3AD9E53DE804040800000020D4050000140202089C060408D4050020B5
:2004E0005CF90400700202080126120115A96C02081301021BE36A0872027203720472055D
:200500006A06364A010819381008C56F02080102011B9166081303011B7572081304012ABA
:2005200061085A052859385A02381A02383908130202380829670208020302383C0204029D
:2005400038140205041BED710859385A03384B0301993C030203705A03385A03385A033842
:200560005A03385A04C15B0401083B0204381A04471BE56B0859E01A0438390859385A054E
:20058000704B0501F95B0502085A03081970390859705A0538012C49620122421002237DB9
:2005A000192432639A3F591AFF01014C072E43453634585F094E8401D823D80332052904DC
:2005C000011E12011DC159020807617202194051720469496A06364931140101025FB15B57
:2005E00002080102105A03085A04081305011BB95A2059385A02611A023839081302034F62
:20060000A55C02080203715A02703C020506385A02385A03915B03010819295E155702080D
:2006200003385A03385A03385A03385A04C15B0401081302051A81205A04315B0404085911
:20064000385A04385A05F15B05010819381A6FE85A05E05A05E05A05381907511A06023970
:200660000859F11A06C11A33201A06A72A2F0859A85A06315A0638120749504C0701070873
:1C0680005A02085A03085A040859385A0738011C4952C91082101324F4000000B7
:04000005080001D915
:00000001FF
