:020000040800F2
:200000005018002079020008315F00082D5700082D5F0008D10500088F8000080000000028
:2000200000000000000000000000000031640008A70C000800000000A361000845640008AB
:200040009302000893020008930200089302000893020008930200089302000893020008B8
:20006000930200089302000893020008B30B000893020008B50B0008B70B0008B90B0008E8
:20008000BB0B0008930200086F040008930200089302000893020008930200089302000869
:2000A000930200089302000811650008930200089302000893020008930200084157000874
:2000C000315700089302000893020008930200089302000861670008930200089302000812
:2000E00093020008A56100089302000817650008930200081965000893020008BD0B0008A4
:2001000093020008930200081365000893020008930200089302000893020008156500082F
:20012000BF0B000893020008C10B0008C30B0008C50B0008930200089302000893020008F7
:20014000930200089302000893020008355F00089302000893020008C70B0008930200087B
:200160009302000893020008930200089302000893020008930200080000000000000000D1
:20018000930200089302000893020008930200089302000893020008000000009302000814
:2001A0009302000893020008000000000000000093020008000000000000000093020008CB
:2001C00093020008930200089302000893020008930200089302000800F002F800F03CF863
:2001E0000AA090E8000C82448344AAF10107DA4501D100F031F8AFF2090EBAE80F0013F02B
:20020000010F18BFFB1A43F001031847147F0000347F0000103A24BF78C878C1FAD8520735
:2002200024BF30C830C144BF04680C60704700000023002400250026103A28BF78C1FBD891
:20024000520728BF30C148BF0B6070471FB507F051FF1FBD10B510BD00F0CFF81146FFF7B7
:20026000F5FF07F033FF00F0EDF803B4FFF7F2FF03BC00F0F5F800000948804709480047A2
:20028000FEE7FEE7FEE7FEE7FEE7FEE7FEE7FEE7FEE7FEE704480549054A064B704700007B
:2002A000FD640008D90100085010002050180020501400205014002053EA020C00F06980BF
:2002C0002DE9F04B4FF00006002B1FBFB3FA83F503FA05F424FA05F65E4012BF1643B2FAD7
:2002E00082F502FA05F4C5F120051EBF22FA05FC44EA0C04203556EA044C4FEA144418BF32
:20030000641C4FF000084FF00009904271EB030C39D3002919BFB1FA81F701FA07F6B0FABF
:2003200080F700FA07F6C7F120071EBF20FA07FC46EA0C062037B6FBF4FCA7EB0507103F4F
:2003400007F01F0BCBF120060CFA0BFB2CFA06F644BFB3460026202FA4BF5E464FF0000BAA
:200360005BEA060C08BF4FF0010B19EB0B09ABFB027C48EB0608C01B06FB02CC0BFB03CC18
:2003800071EB0C01C1E70B46024641464846BDE8F08B13B54FF000004FF00001AFF3008015
:2003A000BDE81C4070474FF0000200B5134694469646203922BFA0E80C50A0E80C50B1F1DC
:2003C0002001BFF4F7AF090728BFA0E80C5048BF0CC05DF804EB890028BF40F8042B08BF13
:2003E000704748BF20F8022B11F0804F18BF00F8012B7047704770477047754600F02CF884
:20040000AE4605006946534620F00700854618B020B5FFF73FFFBDE820404FF000064FF05F
:2004200000074FF000084FF0000B21F00701AC46ACE8C009ACE8C009ACE8C009ACE8C009A5
:200440008D46704710B50446AFF300802046BDE81040FFF70ABF000000487047EC0F0020AD
:2004600001491820ABBEFEE7260002007047704755494A6822F440324A604A6843681A43DA
:200480004A600268526822F4807203685A6002685368026943EA022203685A600268526837
:2004A00022F0407203685A600268526883681A4303685A600268926822F4006203689A6081
:2004C00002689268C3681A4303689A603F4B826A9A4218D00268926822F0706203689A60E4
:2004E00002689268836A1A4303689A600268926822F0405203689A6002689268C36A1A438E
:2005000003689A600BE00268926822F0706203689A600268926822F0405203689A60026807
:20052000926822F0020203689A6002689368027E43EA420203689A602022125CA2B102681E
:20054000526842F4006203685A600268526822F4604203685A6002685368426A521E43EAB5
:20056000423203685A6005E00268526822F4006203685A600268D26A22F470020368DA6267
:200580000268D36A828B521E43EA02520368DA620268926822F4007203689A600268936859
:2005A00090F8302043EA422203689A600268926822F4806203689A6002689368426943EA6F
:2005C000822203689A607047002301400100000F00BFFEE702460248086000207047000072
:2005E0000000010808B500BF002000900D48006840F080500B4908600846006800F08050D7
:20060000009000BF00BF02F09BF900221021064803F028F800221121034803F023F802F0F3
:2006200081F908BD40380240A801002070B505460C46064800F0A6FB0021A161E16121468B
:20064000284600F0A7F9002070BD0000000002082DE9F04FADF63C0D4FF40070CDF818086C
:200660000DF61C01081DFFF7B5FF00F023F9CDF8140600F055F9074617B9DDF8140608B995
:20068000012000E00020CDF81006DDF8100638B90DF5026000F0EAF90DF63C0DBDE8F08FDB
:2006A0000FB1FFF79FFF7D48006840F400507B4908607B48006840F480507949086064202C
:2006C00001F09EF8774803F09FFE00287DD100BF00E000BF7448806800F002000228F8D1E7
:2006E00071480C30714908606F48006820F040006D4908600846406840F002004860084638
:20070000006840F04000086000BF0DF581614FF4805003F07DFF02AA0DF581610DF5026080
:2007200000F0F4F8DDF8100400287DD0DDF818040028FAD000215E4BDDF8140458404940C4
:20074000084371D1DDF8140638B137B9BDF81C04DDF81C18898A8842E7D00DF5816000F0FF
:20076000E5F900287ED1DDF81804440ADDF81804C0F3080000B1641C002001908146DDF8BB
:200780001884054606461BE04FF480516918481C0DF5C36103F03CFFB8F5007F02D94FF494
:2007A000007000E040468246A8EB0A0801AA51460DF5C36000F0DEF981466D1C46F100063B
:2007C000291B76F10000DFD300E057E0BDF81C0448454BD10DF581610DF50260FFF726FFC4
:2007E000DDF818A400252AE005F58051481C0DF5C36103F00DFFBAF5007F02D94FF4007029
:2008000000E050460646AAEB060AF01706EB9070831069020DF5C3620DF5026000F09AF96D
:2008200018B14FF0FF3037E727E04FF400511B48183801F0B3F91E2000F0E2FF6D1CA542F9
:20084000D2D3012000210DF5846203C20DF581610DF5026000F09EF86002CDF82C0800F0EB
:2008600029F800E003E0CDF8140600BF00BF0B48006840F000500949086000BF00F01AF881
:2008800048B10648006840F00050044908600DF5026000F0EBF80020FEE6000018080240D7
:2008A00018040240C801002000300140606402404345363430B5124C20460168426822F0BA
:2008C00001030846B0F1005F07D30E4DA84204D800F003050DB9012500E000250DB90020FC
:2008E00030BD02F0010008B90020F9E70448834202D30548834201D90020F1E70120EFE796
:200900000000020800000520FFFF17080346034818610869D8601A6000207047000002087A
:20092000F8B51948056805F4004010B105F4407008B90020F8BD00BF0020009012483038D2
:20094000006840F080501049303908600846006800F08050009000BF00BF01F0F1FF10216F
:200960000A4802F076FE06461121084802F071FE044601F0D7FF0648864203D1012C01D196
:200980000120D7E70020D5E770380240A801002007B032CE2DE9F04387B081460C4600F0A9
:2009A000F1FF4FF00008124800F008FB1149086001201149086000200190022005900D4851
:2009C0000068039008460068049006A901A800F02BFF804600F084FF80252646044F32464B
:2009E0002946384600F00AF807B0BDE8F08300000000010800000020040000202DE9F041B5
:200A000004460F46164604F0030010B10420BDE8F08100F0B7FF00251CE056F825C0624647
:200A200000232146022000F065FF50B956F825102068884203D000F053FF0220E7E7241D92
:200A400007E000F047FF804600F04AFF48F00300DDE76D1CBD4202D203488442DDD300F06E
:200A60003FFF0020D3E70000FFFF17082DE9F0478146DFF8A08040460468456825F001067B
:200A80002046B0F1005F07D32349884204D800F0030109B9012100E0002119B94FF0FF30EB
:200AA000BDE8F08705F0010010B94FF0FF30F7E71848864202D31948864202D94FF0FF30A0
:200AC000EEE72F4672B600204FF0E02108614861886100BF08E04FF0FF32114941F820205F
:200AE000104941F82020401C0828F4D302F01EFA00F060FE07480C49086000BF84F30888A7
:200B000000BFBFF34F8FBFF36F8F62B6B8470020C6E700000000020800000520FFFF1708A6
:200B200080E100E080E200E008ED00E010B50146064C074BD1E9002062405840024301D182
:200B4000002010BD4FF0FF30FBE7000044414F4C544F4F422DE9F04104460D4617461E465F
:200B6000206900EB05083A4631464046FFF746FFBDE8F0812DE9F04105460F461646346847
:200B800005EB070805E015F8011BA0B207F066FA04464545F7D33460A0B2002107F05EFAAB
:200BA00004462046002107F059FA04462046BDE8F081704770477047704770477047704753
:200BC00070477047704770470146087810381823B0FBF3F20848805CC865032A05D908688B
:200BE0006FF30900001D886503E008686FF309008865886D70470000FE800008014600203C
:200C00008A6A8B69CBB932B1012A0DD0022A03D0032A10D10EE000BFCB6A03F08073B3F104
:200C2000807F00D1012007E0CB6AB3F1C07F00D1012001E000E000BF34E08B69B3F5005F43
:200C40001AD132B1012A07D0022A03D0032A11D10AE000BF01200EE0CB6A03F08073B3F13F
:200C6000807F00D1012006E0CB6AB3F1C07F00D1012000E000BF15E032B1012A05D0022AF0
:200C800004D0032A0CD103E000BF00BF012008E0CB6A03F08073B3F1807F00D1012000E07C
:200CA00000BF00BF7047704772B600BFFEE7000010B5002201B909E0012901D10A0205E005
:200CC000022901D10A0201E04FF440720E4B1B6823F440730C4C236023461B6813432360EF
:200CE00023461B6823F07803236023461B68022444EAC0042343044C236023461B6843F497
:200D00008033236010BD0000103C02401C48006800F40070B0B11A48006820F40070184902
:200D2000086000BF0846006840F4006008600846006820F40060086000BF0846006840F49F
:200D4000007008600E48006800F48060B0B10C48006820F480600A49086000BF08460068E8
:200D600040F4805008600846006820F48050086000BF0846006840F480600860704700005D
:200D8000003C0240F0B587B00746002600F0FAFD0D4800F085F904460C4800F081F9051BB4
:200DA00000200190022005900394049506A901A800F03AFD064600F093FD16B1012007B0B1
:200DC000F0BD0020FBE7000000000208FFFF17080A4A126822F44072084B1A601A46126800
:200DE00042F004021A601A4612684FF4803343EA00231A43014B1A6070470000103C0240B9
:200E0000074A126822F44072054B1A601A4612681A601A46126842F001021A600170704770
:200E2000103C024010B50A49096821F44071084C21602146096841F44071216021460968E9
:200E400041F0010121600260BFF36F8F436010BD103C0240084A126822F44072064B1A606F
:200E60001A46126842F480721A601A46126842F001021A6001807047103C0240084A1268DB
:200E800022F44072064B1A601A46126842F400721A601A46126842F001021A600160704722
:200EA000103C02402A48006800F0100040B12948C06940F010002749C86110202449086061
:200EC0002348006800F0200040B12248C06940F008002049C86120201D4908601C48006807
:200EE00000F0400040B11B48C06940F004001949C8614020164908601548006800F080002A
:200F000040B11448C06940F002001249C86180200F4908600E48006800F4807048B10D4855
:200F2000C06940F001000B49C8614FF48070084908600748006800F0020040B10548C069DE
:200F400040F020000349C86102200149086070470C3C02401800002070B5044600250020CB
:200F60001449C86100F02AFE054609E0601C38B124B100F023FE401BA04201D9032070BDED
:200F80000D48006800F480300028EFD10A48006800F0010010B1012007490860064800680D
:200FA00000F4F97018B1FFF77DFF0120E7E70020E5E70000180000200C3C02400146002095
:200FC0002C4A914203D2B1F1006F00D350E02A4A914204D2274A914201D3012048E0274AF0
:200FE000914204D2244A914201D3022040E0244A914204D2214A914201D3032038E0214A22
:20100000914204D21E4A914201D3042030E01E4A914204D21B4A914201D3052028E01B4A35
:20102000914204D2184A914201D3062020E0184A914204D2154A914201D3072018E0154A49
:20104000914204D2124A914201D3082010E0124A914204D20F4A914201D3092008E00F4A5D
:20106000914204D20C4A914201D30A2000E00B2070470000004000080080000800C0000846
:20108000000001080000020800000408000006080000080800000A0800000C0800000E08D7
:2010A000014600202C4A914203D2B1F1006F00D350E02A4A914204D2274A914201D3012041
:2010C00048E0274A914204D2244A914201D3022040E0244A914204D2214A914201D303202B
:2010E00038E0214A914204D21E4A914201D3042030E01E4A914204D21B4A914201D305203F
:2011000028E01B4A914204D2184A914201D3062020E0184A914204D2154A914201D3072052
:2011200018E0154A914204D2124A914201D3082010E0124A914204D20F4A914201D3092066
:2011400008E00F4A914204D20C4A914201D30A2000E00B20704700000040000800800008EC
:2011600000C00008000001080000020800000408000006080000080800000A0800000C0844
:2011800000000E0830B50246864C8869A04200D000BF00BF92F83C00012801D1022030BD49
:2011A000012082F83C0000BF0868092816D91068C0680C780A3C04EB44050724AC40A0436D
:2011C0001468E0600C780A3C04EB44048868A0401468E46820431468E06013E010680069C7
:2011E0000C7804EB44050724AC40A043146820610C7804EB44048868A04014682469204345
:20120000146820611068806B20F440101468A0631068846B088A401E44EA00501468A06337
:201220000879C01C0C7C001B00EB80041F20A0401468A46B8443106884630879C01C0C7C8A
:20124000001B00EB8004088880B2A0401468A46B20431468A063534C8869A04218D0106823
:20126000806820F470201468A060106880688C6920431468A0601068806820F440101468F2
:20128000A06010688068CC6920431468A0600BE01068806820F470201468A060106880680F
:2012A00020F440101468A060487D30B11068406840F480601468606005E01068406820F41F
:2012C000806014686060087D30B11068406840F480501468606005E01068406820F4805043
:2012E000146860604868012804D002280FD0032827D119E0106840696FF30B001468606115
:2013000010684069CC6820431468606126E0106880696FF30B001468A06110688069CC68F2
:2013200020431468A06119E01068C0696FF30B001468E0611068C069CC6820431468E06114
:201340000CE01068006A6FF30B00146820621068006ACC6820431468206200BF00BF124B02
:20136000124C1068A04206D10868122803D1586840F4800058600D4C1068A0420AD10C4C4E
:201380000868A04202D00868112803D1586840F40000586000BF002082F83C0000BF00BFED
:2013A000FDE6000001000F0000230140002001401200001038B502460020009000BF92F825
:2013C0003C00012801D1022038BD012082F83C0000BF0868092816D91068C0680C780A3C2F
:2013E00004EB44050724AC40A0431468E0600C780A3C04EB44048868A0401468E468204303
:201400001468E06013E0106800690C7804EB44050724AC40A043146820610C7804EB4404CE
:201420008868A040146824692043146820614868072817D21068406B0C79641E04EB840509
:201440001F24AC40A04314686063088880B20C79641E04EB8404A0401468646B20431468F1
:20146000606331E048680D2817D21068006B0C79E41F04EB84051F24AC40A04314682063D6
:20148000088880B20C79E41F04EB8404A0401468246B20431468206316E01068C06A0C7921
:2014A0000D3C04EB84051F24AC40A0431468E062088880B20C790D3C04EB8404A040146838
:2014C000E46A20431468E0621E4B1F4C1068A0420AD10868122807D1586820F40000586086
:2014E000586840F480005860174C1068A04222D1164C0868A04202D0086811281BD1586835
:2015000020F480005860586840F4000058600F4C0868A0420FD10E4800680E4CB0FBF4F09F
:2015200000EB80004000009002E00098401E009000980028F9D100BF002082F83C0000BF2A
:2015400000BF41E70023014000200140120000104400002040420F0070B5044600250CB96F
:20156000012070BD1549A06A884200D000BF206C30B9204600F024F80020606484F83C00D9
:20158000206C00F0100088B9206C20F4885040F0020020642046FEF76BFF00206064206C1B
:2015A00020F0020040F00100206400E0012500BF002084F83C0000BF2846D2E70100000FD1
:2015C00010B586B00446142101A8FEF7ECFE2F492068884258D100BF002000902C480068CB
:2015E00040F480702A4908600846006800F48070009000BF00BF00BF00200090244814381D
:20160000006840F001002249143908600846006800F00100009000BF00BF01200190032087
:2016200002900020039001A91A4800F0C5F91A481A49086000204860002118488160C16033
:201640004FF48061016149004161C90081618911C161090201620421416201218162002156
:20166000C162016300F030F808B1FFF71DFB00BF0A48A063846300BF00220721122000F0DE
:20168000A7FB122000F090FB06B010BD00200140443802400000024070640240940000204D
:2016A000014691F83500022803D08020486501207047052081F835000868006820F0010047
:2016C0000A6810600020F3E72DE9F0410446002500F074FA074614B90120BDE8F081606AFF
:2016E00000B100BF022084F8350000BF002084F8340000BF2068006820F001002168086067
:201700000AE000F05BFAC01B052805D920206065032084F83500E0E72068006800F0010033
:201720000028EED12068056821480540D4E901010843E16808432169084361690843A1698D
:201740000843E1690843216A08430543606A042803D1D4E90B0108430543206805602068F0
:20176000456925F00705606A0543606A04280DD1A06A0543E06A48B12046FFF73FFA28B1B1
:2017800040206065012084F83500A6E7206845612046FFF719FA064694F85C103F208840BD
:2017A000B06000206065012084F83500002094E73F8010E010B56FF49A300E490860002047
:2017C00008600D48091D0860002008600B4809491039086000200860C020091D08600020CA
:2017E00008600320091D08600020086000F0A4FA002010BD20380240F3795703FF106000FE
:2018000070B5044600F0DAF906462546681C10B104480078054400BF00F0D0F9801BA84290
:20182000FAD370BD400000202DE9F04104460F46002600BF2548007E012802D10220BDE8D5
:20184000F08101202149087600BF4CF25030FFF783FB0546002D31D1401E386020680128FC
:201860000FD1207C6168FFF7B3FA4CF25030FFF773FB05461648006820F004001449086074
:201880001AE0A66812E0217C3046FFF711FA4CF25030FFF761FB05460D48006820F07A0098
:2018A0000B4908600DB13E6005E0761CD4E902100844B042E7D800BFFFF728FA00BF002017
:2018C0000249087600BF2846B9E7000018000020103C02400148C06970470000180000204B
:2018E0000348006840F000400149086000207047103C02402DE9F0410646884614461D4690
:2019000000BF1E48007E012802D10220BDE8F08101201A49087600BF4CF25030FFF71CFB64
:2019200007461FBB26B9E1B24046FFF769FA12E0012E04D1A1B24046FFF78CFA0BE0022EC9
:2019400004D121464046FFF799FA04E022462B464046FFF767FA4CF25030FFF7FDFA0746AA
:201960000748006820F001000549086000BF00200249087600BF3846C8E70000180000201D
:20198000103C024000200949096801F0004159B10749064A0C3A11600649116003490968C6
:2019A00001F0004101B1012070470000103C024023016745AB89EFCDF8B502460B460025B2
:2019C000002400200021D1E0012606FA01F51E6806EA0504AC4274D11E7906F00306012E5D
:2019E00004D01E7906F00306022E13D190684F000326BE40B0434F00DE68BE403043906012
:201A0000506801268E40B0431E79C6F300168E40304350601E7906F00306032E09D0D068F7
:201A20004F000326BE40B0434F009E68BE403043D0601E7906F00306022E13D1CF0802F1D3
:201A4000200656F827004E07F70E0F26BE40B0434F07FF0E1E69BE403043CF0802F1200620
:201A600046F8270010684F000326BE40B0431E7906F003064F00BE40304310605E6806F49A
:201A80004036002E71D000BF00260096394E366846F48046374F3E603E46366806F48046BB
:201AA000009600BF00BF344E8F0856F827008E07370F0F26BE40B043304EB24202D1002618
:201AC0001FE052E02E4EB24201D1012619E02D4EB24201D1022614E02B4EB24201D10326AE
:201AE0000FE02A4EB24201D104260AE0284EB24201D1052605E0274EB24201D1062600E012
:201B000007268F073F0FBE4030431B4E8F0846F82700214E3068A0435E6806F4801606B1E7
:201B200020431D4E3060361D3068A0435E6806F4001606B12043184E361D3060164E361F87
:201B40003068A0435E6806F4003606B12043124E361F3060361F3068A0435E6806F480366F
:201B600006B120430C4E083E3060491C1029FFF42BAFF8BD4438024008380140000002407A
:201B80000004024000080240000C0240001002400014024000180240083C014010B5426970
:201BA00021EA020302EA010443EA0443836110BD0AB1816101E00B04836170470148006826
:201BC000704700003800002070472DE9F84F0446206847692068D0F80480002594F83E900D
:201BE000C7F3002040B1C8F3002028B145F001056FF4807021684861C7F3402040B1C8F3E0
:201C0000002028B145F002056FF4007021684861C7F3802070B3C8F3002058B3CA46B4F86B
:201C20002AB094F83D60206B0090BAF1200F0FD1BBF1000F0CD1212E06D0292E04D0282E8E
:201C400006D10098212803D1204603F0D7FE11E06FF480602168486145F00405B9F1100F5D
:201C600002D0B9F1400F05D12068006840F4007021680860C7F3C02040B1C8F3002028B1FF
:201C800045F008056FF40060216848612DB1206C28432064204603F0DBFDBDE8F88F7047A0
:201CA0007047704703480068034909780844014908607047380000204000002010B50A48B2
:201CC000006840F40070084908600846006840F480600860032000F0B9F8002000F006F83B
:201CE00000F02CF8002010BD003C024070B504460E4800784FF47A71B1FBF0F00C490968A8
:201D0000B1FBF0F5284602F09CFA08B1012070BD102C07D200222146501E00F059F805489B
:201D2000046001E00120F2E70020F0E740000020440000203C0000207047000008B500BF1A
:201D4000002000901748006840F48040154908600846006800F48040009000BF00BF00BF1B
:201D600000200090081F006840F08050091F08600846006800F08050009000BF00BF0420EC
:201D800000F064F800220721501F00F021F800220721101F00F01CF800220721901E00F0D0
:201DA00017F808BD443802400146084600280DDB00BF00BF00F01F0301229A4043099B0078
:201DC00003F1E023C3F8002100BF00BF00BF70472DE9F05F80460D461646002706F05AF9F2
:201DE000074639462A46334601F00700C0F1070ABAF1040F02D94FF0040A01E0C0F1070AEB
:201E0000D14600F1040ABAF1070F02D24FF0000A01E0A0F1030AD4464FF0010A0AFA09FAE4
:201E2000AAF1010A0AEA020A0AFA0CFA4FF0010B0BFA0CFBABF1010B0BEA030B4AEA0B04AD
:201E40002146404606F02EF9BDE8F09F00BF00F00702064B19684FF6FF031940044B0B437D
:201E600043EA0221014B196000BF70470CED00E00000FA05704710B50446D4F8E00404F095
:201E80007FFF10BD70B504460D4605EBC50304F1140101EB8301CA682946D4F8E00404F0BE
:201EA00062FE70BD70B504460D4605EBC50304F5157101EB8301CA682946D4F8E00404F0E7
:201EC000DAFE70BD10B50446D4F8E00404F05BFF10BD2DE9F04104460D4605F08000802822
:201EE00008D105F00F0000EBC00104F1140000EB810607E005F00F0000EBC00104F51570C9
:201F000000EB81063146206805F0D6FE07463846BDE8F08170B504460E4606F00F00217944
:201F2000884201D9012070BD06F0800080280AD106F00F0000EBC00104F1140000EB81058B
:201F40000120687009E006F00F0000EBC00104F5157000EB8105002068700020A87006F0D9
:201F60000F00287000BF94F89404012801D10220D9E7012084F8940400BF2946206805F01A
:201F800027FC00BF002084F8940400BF00BFCAE72DE9F04705460E4690461F464FF000098D
:201FA00006F0800080280AD106F00F0000EBC00105F1140000EB81040120607009E006F02D
:201FC0000F0000EBC00105F5157000EB81040020607006F00F002070C8F30A00A060277175
:201FE000607808B120786083022F01D10020607100BF95F89404012802D10220BDE8F087C3
:20200000012085F8940400BF2146286805F02CFB00BF002085F8940400BF4846EEE72DE98C
:20202000F04105460E461746984606F00F0000EBC00105F5157000EB8104E760C4F8108062
:2020400000206061607006F00F002070A879012800D1E761AA792146286805F04DFC00205F
:20206000BDE8F08170B504460D4605F00F002179884201D9012070BD05F0800080280AD100
:2020800005F00F0000EBC00104F1140000EB81060120707007E005EBC50104F5157000EB0E
:2020A0008106002070700120B07005F00F00307000BF94F89404012801D10220DBE70120D1
:2020C00084F8940400BF3146206805F0C8FB05F00F0028B9A17904F29C42206805F040FBEB
:2020E00000BF002084F8940400BF00BFC3E72DE9F04105460E461746984606F00F0000EBB4
:20210000C00105F1140000EB8104E760C4F81080002060610120607006F00F002070A87969
:20212000012800D1E761AA792146286805F0E4FB0020BDE8F0812DE9FE4F0446D4F800B010
:202140005E46206805F06BFE002874D1206805F0A5FE08B9BDE8FE8F40F608008059C0F3AB
:202160000D20C4F8D404206805F098FE00F00200022805D12068406900F002002168486144
:20218000206805F08BFE00F01000102845D12068806920F0100021688861DBF8209009F06C
:2021A0000F0000EBC00104F5157000EB810AC9F3434002281AD147F6F07009EA000030B3A9
:2021C000C9F30A125846DAF80C1005F06CFEC9F30A11DAF80C000844CAF80C00C9F30A1196
:2021E000DAF814000844CAF8140010E0C9F3434006280CD1082204F29C41584605F053FEBC
:20220000C9F30A11DAF814000844CAF814002068806940F0100021688861206805F03EFE03
:2022200000F40020B0F5002F7BD10025206805F005FE029072E003E3029800F00100002848
:2022400068D0E9B2206805F01CFE804608F0010048B1012106F5306000EB4510816029461F
:20226000204603F0A1FE08F00800082809D1082106F5306000EB451081602946204603F0BF
:2022800061FE08F01000102805D1102106F5306000EB4510816008F00200022824D1DBF800
:2022A000140000F08000802807D140F60400805940F4806140F60400815105EBC50104F537
:2022C000157000EB810A9AF80300012806D100208AF80300E9B2204600F0BDFA022106F503
:2022E000306000EB4510816008F02000202805D1202106F5306000EB4510816008F40050BE
:20230000B0F5005F06D14FF4005106F5306000EB451081606D1C02984008029002980028E3
:202320008AD1206805F0BAFD00F48020B0F5802F7DD1206805F078FD029000259AE002981B
:2023400000F00100002873D0E9B2206805F080FD804608F00100F0B305F00F01012088403C
:20236000019040F634008159019821EA000040F634018851012106F5106000EB45108160F2
:20238000A079012824D105EBC50104F1140000EB810005EBC502C16804F1140000EB820085
:2023A0008068014405EBC50204F1140000EB8200C1606DB905EBC50104F1140000EB810051
:2023C000006928B904F29C420121206805F0C8F9E9B2204600E001E0FFF754FD08F0080076
:2023E000082805D1082106F5106000EB4510816008F01000102805D1102106F5106000EB85
:202400004510816008F04000402805D1402106F5106000EB4510816008F0020002281DD111
:202420002946584605F0BEFC05EBC50101E025E01CE004F1140000EB810A9AF8030001280B
:2024400006D100208AF80300E9B2204600F0FAF9022106F5106000EB4510816008F08000F5
:20246000802803D12946204603F040FE6D1C029840080290029800287FF461AF206805F01B
:202480000DFD00F00040B0F1004F1CD140F60400805920F0010140F60400815194F8CC0498
:2024A000012807D1002084F8CC0400212046FFF7E1FC02E0204600F0E9F92068406900F01A
:2024C000004021684861206805F0E8FC00F40060B0F5006F0ED140F60800805900F00100DA
:2024E00010B1204600F004FA2068406900F4006021684861206805F0D1FC00F00060B0F1D5
:20250000006F19D12068406900F000602168486194F8CC0468B9012084F8CC042068406D90
:20252000C0F38300C4F8D00401212046FFF7A2FC02E0204600F0DCF9206805F0AFFC00F490
:202540008050B0F5805F7ED140F60400805920F0010140F6040081511021206805F022FCDB
:20256000002732E04FF67F3106F5106000EB4710816006F5106000EB4710006820F4001165
:2025800006F5106000EB471001604FF67F3106F5306000EB4710816006F5306000EB4710BD
:2025A000006820F4001106F5306000EB4710016006F5306000EB4710006840F0006106F59F
:2025C000306000EB471001607F1C2079B842C9D840F61C00805940F0011140F61C00815168
:2025E000E07B70B1D6F8840840F00B01C6F8841840F64400805940F00B0140F64400815194
:202600000FE040F61400805942F22B01084340F614018851081F805940F00B014FF40160F9
:202620008151D6F8000820F4FE60C6F80008A17904F29C42206805F093F82068406900F49F
:202640008050216800E000E04861206805F026FC00F40050B0F5005F17D1206805F06CF808
:20266000206805F0C9FBE07100F01CFD0090E2792068009905F05CFC204600F0F5F820689B
:20268000406900F4005021684861206805F006FC00F00800082808D1204600F0FEF82068C7
:2026A000406900F0080021684861206805F0F6FB00F08000802818D1DBF8180020F080005D
:2026C000CBF8180001250DE005EBC50104F5157000EB8100C078012803D1E9B22046FFF740
:2026E000F8FB6D1C2079A842EED8206805F0D6FB00F48010B0F5801F2DD1012522E006F5DE
:20270000106000EB4510D0F8009005EBC50104F1140000EB81000079012812D109F00040C8
:20272000B0F1004F0DD1012105EBC50204F1140000EB8200C170E8B240F080012046FFF7A4
:20274000C8FB6D1C2079A842D9D82068406900F4801021684861206805F0A0FB00F40010F6
:20276000B0F5001F44D1012538E006F5306000EB4510D0F8009005EBC50104F5157000EB00
:2027800081000079012828D109F00040B0F1004F23D194F8D40400F00100C9F300418842E4
:2027A0001BD1012105EBC50204F5157000EB8200C170DBF8180040F08000CBF81800DBF8EF
:2027C000140000F0800040B940F60400805940F4007140F60400815103E06D1C2079A842C9
:2027E000C3D800BF2068406900F4001021684861206805F053FB00F08040B0F1804F08D154
:202800002046FFF738FB2068406900F0804021684861206805F042FB00F0040004280FD15C
:202820002068D0F8049009F00400042802D12046FFF748FB2068406840EA09002168486085
:2028400000BF87E470B504460D462946D4F8E00404F0C8FA70BD70B504460D462946D4F88D
:20286000E00404F0E3FA70BD70B504460125E079022801D0FEF718FA2946D4F8E00404F073
:202880007FFBD4F8E00404F025FB70BD10B50446D4F8E00404F055FB10BD10B50446D4F822
:2028A000E00404F059FB10BD70B504460D4600BF94F89404012801D1022070BD012084F893
:2028C000940400BF65742946206805F01CFB00BF002084F8940400BF00BFEEE710B5044670
:2028E00004F29C41D4F8E00404F061FB10BD000010B50446D4F8E00404F0A7FB2068D0F893
:20290000000E40F001002168C1F8000EE07A28B10348006840F006000149086010BD00008D
:2029200010ED00E008B500200349086203480068009000BF08BD000000000E420070004060
:2029400008B501200349086203480068009000BF08BD000000000E42007000402DE9F843CB
:202960000446002500260027A846207800F0010058B1FE48006820F0C060E1690843FB4964
:202980000860E06908B94FF00108207800F0020002280BD1F548006820F0C050216A084352
:2029A000F2490860206A08B94FF00108208800F40050B0F5005F19D1EC48006820F4401007
:2029C000A16C0843E9490860A06C08B94FF00108A06CB0F5001F09D1E448006820F4F85155
:2029E0006069401E41EA0020E0490860208800F48040B0F5804F19D1DC48006820F440003A
:202A0000E16C0843D9490860E06C08B94FF00108E06CB0F5000F09D1D448006820F4F85184
:202A20006069401E41EA0020D0490860207800F0080008287ED100BF00200090CB484C388E
:202A4000006840F08050C9494C3908600846006800F08050009000BF00BFC548006840F4E2
:202A60008070C3490860FFF7A9F8054607E0FFF7A5F8401B022802D90320BDE8F883BC48EF
:202A8000006800F480700028F1D0B8481C38006800F440764EB3A08C00F44070B04224D0E4
:202AA000B2481C38006820F440760120B149086000200860AD481C380660006800F0010083
:202AC00098B1FFF77BF8054608E0FFF777F8401B41F28831884201D90320CEE7A3481C38AA
:202AE0000068C0F340000028EFD000BFA08C00F44070B0F5407F0CD19C488438006820F4A8
:202B0000F8109D4A616A1140084398498439086007E096488438006820F4F81093498439BB
:202B2000086092481C380068A18CC1F30B0108438E4900E002E01C39086000BF207800F0C2
:202B40000400042803D194F854008C490860207800F01000102809D184480830006820F42A
:202B60004000E16A0843814908310860207800F0200020280FD17D480830006820F000606F
:202B8000216B0843794908310860206BB0F1006F01D14FF00108207800F04000402809D13C
:202BA00072480830006820F08050A16A08436F4908310860B8F1010F02D0206880287DD123
:202BC00000206F498866FEF7F9FF054606E0FEF7F5FF401B022801D903204EE763488C3802
:202BE0000068C0F3C0600028F1D16649206D0860207800F0010008B1E069D0B1207800F078
:202C00000200022801D1206A98B1207800F02000202803D1206BB0F1006F0AD0207800F022
:202C20004000402812D1A06A80B9206BB0F1006F0CD1D4E9011041EA8011207B41EA00619D
:202C4000207C41EA0070494908390860208800F40050B0F5005F01D1A06C38B1208800F4AF
:202C60008040B0F5804F1BD1E06CC8B93F4808380068C0F30367D4E9011041EA801040EA68
:202C80000761207C41EA00703849083908603748006820F01F00A169491E084333490860B5
:202CA000207800F0800080280ED1D4E9011041EA8011207B41EA0061207C00E019E041EA34
:202CC00000702A490839086001202D498866FEF775FF054606E0FEF771FF401B022801D985
:202CE0000320CAE621488C380068C0F3C0600028F1D0208800F48070B0F5807F07D11B4845
:202D0000006820F00040616B084318490860208800F40070B0F5007F07D11448006820F43B
:202D20000040A16B084311490860208800F48060B0F5806F07D10D48006820F00040E16BF9
:202D400008430A490860208800F40060B0F5006F07D10648006820F48040216C08430349D7
:202D60000860208800F480500EE000008C38024000700040400E4742FFFCFF0FE011474281
:202D800000004742D8104742B0F5805F07D10548006820F04040616C0843024908600020AD
:202DA0006BE600009438024070B504460D460CB9012070BD5848006800F00700A84209D21B
:202DC00055490D700846006800F00700A84201D00120EEE7207800F0020002281DD1207840
:202DE00000F00400042805D14C48006840F4E0504A490860207800F00800082805D147485D
:202E0000006840F46040454908604448006820F0F000A168084341490860207800F00100BD
:202E2000A8B36068012807D13C4808380068C0F34040B8B90120BCE76068022802D060684E
:202E4000032807D1354808380068C0F3406048B90120AEE7314808380068C0F3400008B96B
:202E60000120A6E72D48006820F00300616808432A490860FEF7A2FE064609E0FEF79EFE6A
:202E8000801B41F28831884202D9032091E707E02248006800F00C006168B0EB810FEDD104
:202EA0001D48006800F00700A84209D91A490D700846006800F00700A84201D0012078E7BA
:202EC000207800F00400042807D11448006820F4E050E168084311490860207800F0080074
:202EE000082808D10D48006820F46040216940EAC1000A49086000F0FBF808490968C1F3CF
:202F00000311074A515CC8400649086006480068FEF7ECFE00204CE7003C024008380240F8
:202F200006810008440000203C00002010B5FEF745FE04465648006840F0010054490860BF
:202F400006E0FEF73BFE001B022801D9032010BD4F48006800F002000028F2D04C48006877
:202F600040F080004A490860FEF728FE0446002047490831086008E0FEF720FE001B41F2A7
:202F80008831884201D90320E1E741480830006800F00C000028EFD1FEF710FE04463C480B
:202FA000006820F450203A49086006E0FEF706FE001B642801D90320C9E73548006800F42E
:202FC00000300028F2D1FEF7F9FD04463048006820F080702E49086006E0FEF7EFFD001B00
:202FE000022801D90320B2E72948006800F000700028F2D1FEF7E2FD04462548006820F0EA
:2030000080602349086006E0FEF7D8FD001B022801D903209BE71E48006800F00060002842
:20302000F2D11C481A49091D086019498431086017480C30006820F4F85015490C31086097
:203040000846006820F4005008600846006840F41F0008600846006840F4001008600C48C7
:203060007430006820F001000949743108600846006840F08070086007480849086008483E
:203080000068FEF733FE08B1012060E700205EE700380240103000240024F40044000020C2
:2030A0003C00002001480068704700004400002000B5FFF7F7FF04490968C1F38221034AE5
:2030C000515CC84000BD0000083802401681000800B5FFF7E7FF04490968C1F34231034A9A
:2030E000515CC84000BD000008380240168100082DE9F047002400250026A14625480068C5
:2031000000F00C0020B1042805D008283AD105E0DFF8849039E0DFF8849036E01D48001F38
:20312000006800F03F041B48001F006800F4800078B11A481749091F0968C1F38811A0FB2A
:2031400001700146224600233846FDF7B5F805460EE011480F49091F0968C1F38811A0FBA2
:2031600001700146224600233846FDF7A5F805460848001F0068C0F30140401C4600B5FB95
:20318000F6F902E0DFF8109000BF00BF4846BDE8F0870000083802400024F40000366E0180
:2031A000F8B504460CB90120F8BD207800F00100002874D0F748006800F00C0004280DD0DC
:2031C000F448006800F00C00082813D1F148001F006800F48000B0F5800F0BD1ED48083882
:2031E0000068C0F34040002859D06068002856D10120D9E700BF6068B0F5803F08D1E548FA
:203200000838006840F48030E249083908601EE06068B0F5A02F0DD1DE480838006840F434
:203220008020DC49083908600846006840F4803008600CE0D7480838006820F48030D54989
:20324000083908600846006820F48020086000BF606890B1FEF7B2FC054606E0FEF7AEFCB8
:20326000401B642801D903209EE7CA4808380068C0F340400028F1D011E0FEF79FFC054643
:2032800006E0FEF79BFC401B642801D903208BE7C04808380068C0F340400028F1D1207801
:2032A00000F0020002285FD1BA48006800F00C0058B1B848006800F00C0008281CD1B548D5
:2032C000001F006800F48000B0B9B24808380068C0F3400020B1E068012801D0012063E777
:2032E000AC480838006820F0F800216940EAC100A8490839086037E0E06800B30120A649F9
:203300000860FEF75BFC054606E0FEF757FC401B022801D9032047E79E4808380068C0F38F
:2033200040000028F1D09B480838006820F0F800216940EAC10097490839086014E00020BF
:2033400095490860FEF73AFC054606E0FEF736FC401B022801D9032026E78E480838006897
:20336000C0F340000028F1D1207800F0080008282CD16069A8B1012088490860FEF71EFC28
:20338000054606E0FEF71AFC401B022801D903200AE780486C300068C0F340000028F1D0D6
:2033A00014E000207D490860FEF708FC054606E0FEF704FC401B022801D90320F4E6754893
:2033C0006C300068C0F340000028F1D1207800F00400042870D100276E483830006800F076
:2033E000805090B900BF002000906A483830006840F080506749383108600846006800F09C
:203400008050009000BF00BF01276548006800F48070B0B96248006840F4807060490860FD
:20342000FEF7CCFB054606E0FEF7C8FB401B022801D90320B8E65A48006800F480700028B1
:20344000F2D000BFA068012808D152486830006840F001004F49683108601DE0A06805284B
:203460000DD14C486830006840F004004949683108600846006840F0010008600CE045484B
:203480006830006820F001004249683108600846006820F00400086000BFA068A8B1FEF748
:2034A0008DFB054609E0FEF789FB401B41F28831884202D9032077E626E0364868300068E7
:2034C000C0F340000028EED013E0FEF777FB054608E0FEF773FB401B41F28831884201D938
:2034E000032061E62B4868300068C0F340000028EFD1012F07D127483830006820F08050ED
:2035000024493831086000BFA069002850D02148006800F00C00082860D0A069022848D1E4
:2035200000201D490866FEF749FB054606E0FEF745FB401B022801D9032035E615480838BE
:203540000068C0F340600028F1D1D4E907010843616A40EA81110122A06AC2EB500041EADA
:2035600000412C20005D41EA00613020005D41EA00700849091F0860012007490866FEF7D8
:203580001DFB05460EE0FEF719FB401B022809D9032009E60838024000004742800E474236
:2035A0000070004028480068C0F340600028EAD048E0002025490866FEF700FB054606E009
:2035C000FEF7FCFA401B022801D90320ECE51E480068C0F340600028F2D133E0A06901285C
:2035E00000D1E1E51848001D0668A069012827D006F48001E069814222D106F03F01206AE6
:2036000081421DD147F6C0703040616AB0EB811F16D106F440310122A06AC2EB5000B1EBFE
:20362000004F0DD106F070612C20005DB1EB006F06D106F0E0413020005DB1EB007F01D05B
:203640000120B1E50020AFE50038024000004742704702460023106800F1500303EB8103AC
:203660001868704710B50023046804F1500303EB81031A6010BD704710B504464FF4003085
:203680001749086020688068C0F3003078B12068C068C0F3002050B12068C06800F0800042
:2036A00060F4C0702168C8602046FFF7E4FF20688068C0F3403078B12068C068C0F3402017
:2036C00050B12068C06800F0800060F420702168C8602046FFF7BCFF0120607710BD000058
:2036E000143C014070B504460CB9012070BD607F20B900202077204600F04EF802206077B3
:203700002068C068C0F3001000283CD100BFCA202168486253202168486200BF204602F068
:2037200056FD0546EDB9206880681A4908402168886021696068084361690843216889688D
:203740000843216888602168E068086120680169208941EA004021680861204602F05CFDCA
:2037600005465DB92068006C20F48020216808642068006CA16908432168086400BFFF202F
:203780002168486200E000250DB9012060772846ACE70000BFFF8FFF10B596B00446582118
:2037A0006846FCF700FE0D492068884214D1082000900B4809906846FFF7D0F808B1FDF720
:2037C00073FA012007490860002211462920FEF7FFFA2920FEF7E8FA16B010BD00280040D8
:2037E000000318003C0E47422DE9F84103460C4615468348006840094FF47A71B0FBF1F060
:20380000484300900026002700BF187F012802D10220BDE8F8810120187700BF022058774E
:2038200055BB1868806800F0400000B102E00020E07000BFE06900B900E000BF207802F0F3
:20384000B9FC4FEA0048607802F0B4FC48EA0028A07802F0AFFC48EA0008E07848EA80580D
:2038600094F8200002F0A6FC48EA0060E1690843616940EA01061FE01868806800F040004F
:2038800000B102E00020E07000BFE06900B900E000BF20780004617840EA0120A1780843A1
:2038A000E17840EA815094F8201040EA0160E1690843616940EA0106A169606840EA0107D9
:2038C00000BFCA201968486253201968486200BF606AB0F5807F37D11868806820F48070D5
:2038E000196888601868C06800F0800060F4C0701968C86000BF0098401E0090009860B924
:2039000000BFFF201968486200BF0320587700BF0020187700BF03207BE71868C06800F0A3
:2039200001000028E7D01868C661186847641868806840F48070196888601868806840F444
:203940008050196888603FE01868806820F40070196888601868C06800F0800060F42070BE
:203960001968C8602648006840094FF47A71B0FBF1F04843009000BF0098401E00900098CD
:2039800060B900BFFF201968486200BF0320587700BF0020187700BF03203AE71868C0683B
:2039A000C0F340000028E7D018680662186887641868806840F40070196888601868806805
:2039C00040F40050196888600E48006840F400300C4908600B480830006840F40030094972
:2039E0000831086000BFFF201968486200BF0120587700BF0020187700BF00BF09E7000092
:203A000044000020003C01402DE9F04105460C4617464FF0000800BF287F012802D10220B9
:203A2000BDE8F0810120287700BF022068774FB9607800F01000102804D1607800F0EF004C
:203A40000A30607087B9E07802F0B4FB0304607802F0B0FB43EA0023A07802F0ABFB034361
:203A6000207843EA403809E0E0780004617840EA0120A1780843217840EA413800BFCA2057
:203A80002968486253202968486200BF284602F09EFB064646B90B4808EA000029684860BC
:203AA000284602F0B9FB06460EB90120687700BFFF202968486200BF00BF0020287700BFCA
:203AC0003046ADE73FFFFF002DE9F04104460D4617464FF0000800BF207F012802D102209B
:203AE000BDE8F0810120207700BF02206077CFB92068806800F0400000B102E00020E8700D
:203B000000BF287802F056FB0304687802F052FB43EA0023A87802F04DFB0343E87843EA60
:203B2000805812E02068806800F0400000B102E00020E87000BF28780004697840EA012081
:203B4000A9780843E97840EA815800BFCA202168486253202168486200BF204602F037FBCA
:203B60000646B6B9124808EA0000216808602068806820F4802021688860D5E903010843AB
:203B800021688968084321688860204602F044FB06460EB90120607700BFFF20216848623C
:203BA00000BF00BF0020207700BF304698E700007F7F7F0070B5044600250B482168C86007
:203BC000FDF7FCFF054607E0FDF7F8FF401BB0F57A7F01D9032070BD2068C06800F02000F6
:203BE0000028F1D00020F6E75F3F010010B504460CB9012010BD606A38B96068B0F5827F55
:203C000000D105E00021E16102E00021216161610021A16294F8510028B9002084F8500076
:203C2000204600F047F8022084F851002068006820F0400021680860A08800F48270218917
:203C400001F404410843A18901F400610843217C01F002010843217D01F001010843218BB0
:203C600001F400710843217F01F0380108432021095D01F080010843218D01F400510843DB
:203C8000216808600421A06901EA104094F8241001F010010843216848602068C06920F4C7
:203CA00000602168C86100206065012084F8510000209FE710B586B00446142101A8FCF763
:203CC00072FBE2492068884266D100BF00200090DF48006840F48050DD490860084600687D
:203CE00000F48050009000BF00BF00BF00200090D7481438006840F00100D54914390860AC
:203D00000846006800F00100009000BF00BFA020019002200290002003900320049005205A
:203D2000059001A9CB48FDF747FE402001900220029001200390032004900520059001A984
:203D4000C448FDF739FEC448C44908604FF0C06048604021C14881600021C1604FF48061F3
:203D60000161002141614FF4804181610021C1614FF48031016204214162032181620021AE
:203D8000C1620163FDF7A0FC08B1FCF78DFF00BFB248A064846357E1B1492068884265D176
:203DA00000BF00200090AA48001F006840F48040A749091F08600846006800F480400090AD
:203DC00000BF00BF00BF00200090A1481438006840F002009E49143908600846006800F0E5
:203DE0000200009000BF00BF4FF4044001900220029000200390032004900520059001A919
:203E00009848FDF7D9FD4FF4804001900220029001200390032004900520059001A9914808
:203E2000FDF7CAFD9048914908600020486000218E488160C1604FF480610161490041617B
:203E4000C90081618911C161490201620421416200218162C1620163FDF736FC08B1FCF728
:203E600023FF00BF8148E0648463EDE080492068884271D100BF002000907548001F006890
:203E800040F400407249091F08600846006800F40040009000BF00BF00BF002000906C4848
:203EA0001438006840F002006949143908600846006800F00200009000BF00BF3820019016
:203EC0000220029000200390032004900620059001A96448FDF770FD634818386549086041
:203EE00000204860002163488160C1604FF480610161002141618161C1614FF440310162C8
:203F000000214162FDF7E0FB08B1FCF7CDFE00BF5848E064846300BF53486030564908601C
:203F2000002048604021544881600021C1600161416181614FF48071C161090201620021CE
:203F40004162FDF7C1FB08B1FCF7AEFE00BF4A48A064846378E0FFE748492068884273D115
:203F600000BF002000903A48006840F40050384908600846006800F40050009000BF00BF73
:203F800000BF0020009032481438006840F001002F49143908600846006800F001000090EF
:203FA00000BF00BF00BF002000900846006840F0020008600846006800F00200009000BFCD
:203FC00000BF02200190029000200390032004900520059001A91F48FDF7EEFC4FF4005037
:203FE00001900220029000200390032004900620059001A91B48FDF7DFFC17484838204933
:204000000860C005486000211D488160C1604FF48061016149004161002181614FF480719B
:20402000C1614FF4403101620421416200218162C1620163FDF748FB08B1FCF735FE00BF1F
:204040000F48E064846300BF06B010BD0030014044380240000002405864024028030020E2
:2040600000380040000402405860024088030020003C0040E8030020480400200034014075
:20408000A80400202DE9F84304460F4616461D46FDF794FD8046B14694F85100012802D08B
:2040A0000220BDE8F88307B10EB90120F9E700BF94F85000012801D10220F2E7012084F810
:2040C000500000BF032084F85100002060652763A686E686A063A087E08760642064A068F9
:2040E000B0F5004F0BD12068006820F04000216808602068006840F4804021680860206862
:20410000006800F04000402805D02068006840F0400021680860E068B0F5006F37D160684D
:2041200010B1B9F1010F09D1206B00882168C860206B801C2063E08E401EE08623E02068FF
:20414000806800F0020002280AD1206B00882168C860206B801C2063E08E401EE08612E0EE
:20416000FDF72CFDA0EB0800A84201D3681C00B94DB9012084F8510000BF002084F85000F5
:2041800000BF03208DE7E08E0028D8D136E0606810B1B9F1010F09D1206B00782168087350
:2041A000206B401C2063E08E401EE08623E02068806800F0020002280AD1206B007821686D
:2041C0000873206B401C2063E08E401EE08612E0FDF7F4FCA0EB0800A84201D3681C00B964
:2041E0004DB9012084F8510000BF002084F8500000BF032055E7E08E0028D8D142462946CC
:20420000204602F065F808B120206065A06850B900BF002000902068C068009020688068FB
:20422000009000BF00BF012084F8510000BF002084F8500000BF606D08B1012031E7002039
:204240002FE770B504462546681EB0F1807F01D301200FE0681E4FF0E02148610F214FF086
:20426000FF3003F01FFF00204FF0E021886107200861002070BD10B504460CB9012010BD16
:20428000A06900B100E000BF94F8410028B9002084F84000204600F029F8242084F84100C3
:2042A0002068C06820F400502168C860204602F035F92068006920F4904021680861206864
:2042C000406920F02A00216848612068C06840F400502168C86000206064202084F8410003
:2042E00084F842000020606300BFC8E710B586B00446142101A8FCF756F83D492068884273
:2043000073D100BF002000903A48006840F01000384908600846006800F01000009000BFD2
:2043200000BF00BF0020009032481438006840F002003049143908600846006800F0020019
:20434000009000BF00BFC02001900220029000200390012004900720059001A92648FDF7FA
:204360002BFB2648264908604FF000604860002123488160C1604FF48061016100214161B4
:204380008161C16101624162FDF79EF908B1FCF78BFC00BF1A48E063846300BF1748783044
:2043A000184908604FF0006048604021154881600021C1604FF480610161002141618161E1
:2043C000C16101624162FDF77FF908B1FCF76CFC00BF0C48A063846300BF002205212520EC
:2043E000FDF7F6FC2520FDF7DFFC06B010BD00000010014044380240000402404064024005
:2044000060070020C0070020F0B58BB00746384601F03BFF00260AE027A0006801904FF445
:204420007A73012201A93846FFF72CFE761C41F288308642F0DB21A103C9CDE909010025A1
:20444000002412E01F48806940F480201D4988610A20FDF7D5F909A800F094FD0546641CEA
:20446000052C02DD01200BB0F0BD012DEAD116A103C9CDE9070100BF07A801F085F8012874
:20448000FAD113A103C9CDE9050100BF05A800F069FA0028FAD110A103C9CDE9030100BF6D
:2044A00002A903A800F00EFF0028F9D1384601F0CAFE0020D7E70000FF0000004000000063
:2044C000009500000000024048000001AA8700006940000000E500007A0000000001000082
:2044E0003EB50146FF20029031E0FF22464B1B6803F04003402B05D0434B1B6843F040038E
:20450000414C236000E000BF3F4B9B6803F00203022BF8D103E03C4BDB68DBB200933A4B1F
:204520009B6803F00103002BF5D1374B1A73002001E000BF401C344B9B6803F0010313B920
:20454000B0F5FA5FF5DB304BDB68DBB202939DF80800FE28C9D10A464FF40073002021E029
:2045600000E000BF284CA46804F00204022CF8D103E0254CE468E4B20094234CA46804F0F2
:204580000104002CF5D1FF241F4D2C7300E000BF1D4CA46804F00104002CF8D01A4CE46843
:2045A0001454401C9842DBDB00BF18A00068019001AA0223002021E000E000BF124CA4683D
:2045C00004F00204022CF8D103E00F4CE468E4B200940D4CA46804F00104002CF5D1FF24C3
:2045E000094D2C7300E000BF074CA46804F00104002CF8D0044CE4681454401C9842DBDBEB
:2046000000BF00203EBD000000300140FFFF000013B582B00C46FF200190D048806940F420
:204620008020CE4988615121CD4A126802F04002402A05D0CA4A126842F04002C84B1A60D5
:2046400000E000BFC64A926802F00202022AF8D103E0C34AD268D2B20092C14A926802F08F
:204660000102002AF5D1BE4A1173002001E000BF401CBB4A926802F0010212B9B0F5FA5FE2
:20468000F5DBB74AD2689DF80B10B54A126802F04002402A05D0B24A126842F04002B04B8E
:2046A0001A6000E000BFAE4A926802F00202022AF8D103E0AA4AD268D2B20092A84A9268F1
:2046C00002F00102002AF5D1A54A1173002001E000BF401CA24A926802F0010212B9B0F51B
:2046E000FA5FF5DB9E4AD2689DF80A109C4A126802F04002402A05D0994A126842F040021C
:20470000974B1A6000E000BF954A926802F00202022AF8D103E0924AD268D2B20092904AF1
:20472000926802F00102002AF5D18D4A1173002001E000BF401C8A4A926802F0010212B995
:20474000B0F5FA5FF5DB864AD2689DF80910844A126802F04002402A05D0814A126842F0A1
:2047600040027F4B1A6000E000BF7D4A926802F00202022AF8D103E0794AD268D2B2009272
:20478000774A926802F00102002AF5D1744A1173002001E000BF401C714A926802F0010271
:2047A00012B9B0F5FA5FF5DB6D4AD2689DF808106B4A126802F04002402A05D0684A1268F4
:2047C00042F04002664B1A6000E000BF644A926802F00202022AF8D103E0614AD268D2B2BC
:2047E00000925F4A926802F00102002AF5D15C4A1173002001E000BF401C594A926802F0CA
:20480000010212B9B0F5FA5FF5DB554AD2680121534A126802F04002402A05D0504A126863
:2048200042F040024E4B1A6000E000BF4C4A926802F00202022AF8D103E0494AD268D2B2A3
:204840000092474A926802F00102002AF5D1444A1173002001E000BF401C414A926802F0B1
:20486000010212B9B0F5FA5FF5DB3D4AD26831E0FF213B4A126802F04002402A05D0384AB6
:20488000126842F04002364B1A6000E000BF344A926802F00202022AF8D103E0304AD26896
:2048A000D2B200922E4A926802F00102002AF5D12B4A1173002001E000BF401C284A92680A
:2048C00002F0010212B9B0F5FA5FF5DB244AD268D2B201929DF80400FF28C9D09DF8040099
:2048E00018B14FF0FF3004B010BD2046FFF7F8FDC0B20190FF211A4A126802F04002402A10
:2049000005D0174A126842F04002154B1A6000E000BF134A926802F00202022AF8D103E0D5
:204920000F4AD268D2B200920D4A926802F00102002AF5D10A4A1173002001E000BF401CA4
:20494000074A926802F0010212B9B0F5FA5FF5DB034AD2689DF80400C5E700000000024070
:20496000003001403FB50146F9A309CBCDE90203FF2001900022F848806940F48020F64B50
:2049800098619DF80830F54C246804F04004402C05D0F24C246844F04004F04D2C6000E020
:2049A00000BFEE4CA46804F00204022CF8D103E0EA4CE468E4B20094E84CA46804F0010439
:2049C000002CF5D1E54C2373002001E000BF401CE24CA46804F0010414B9B0F5FA5FF5DB34
:2049E000DE4CE4689DF80930DC4C246804F04004402C05D0D94C246844F04004D74D2C606D
:204A000000E000BFD54CA46804F00204022CF8D103E0D24CE468E4B20094D04CA46804F046
:204A20000104002CF5D1CD4C2373002001E000BF401CCA4CA46804F0010414B9B0F5FA5FCE
:204A4000F5DBC64CE4689DF80A30C44C246804F04004402C05D0C14C246844F04004BF4D27
:204A60002C6000E000BFBD4CA46804F00204022CF8D103E0B94CE468E4B20094B74CA46898
:204A800004F00104002CF5D1B44C2373002001E000BF401CB14CA46804F0010414B9B0F505
:204AA000FA5FF5DBAD4CE4689DF80B30AB4C246804F04004402C05D0A84C246844F04004C4
:204AC000A64D2C6000E000BFA44CA46804F00204022CF8D103E0A14CE468E4B200949F4C9A
:204AE000A46804F00104002CF5D19C4C2373002001E000BF401C994CA46804F0010414B96E
:204B0000B0F5FA5FF5DB954CE4689DF80C30934C246804F04004402C05D0904C246844F049
:204B200040048E4D2C6000E000BF8C4CA46804F00204022CF8D103E0884CE468E4B2009429
:204B4000864CA46804F00104002CF5D1834C2373002001E000BF401C804CA46804F001043A
:204B600014B9B0F5FA5FF5DB7C4CE4689DF80D307A4C246804F04004402C05D0774C24689A
:204B800044F04004754D2C6000E000BF734CA46804F00204022CF8D103E0704CE468E4B273
:204BA00000946E4CA46804F00104002CF5D16B4C2373002001E000BF401C684CA46804F093
:204BC000010414B9B0F5FA5FF5DB644CE46831E0FF23624C246804F04004402C05D05F4CA8
:204BE000246844F040045D4D2C6000E000BF5B4CA46804F00204022CF8D103E0574CE46866
:204C0000E4B20094554CA46804F00104002CF5D1524C2373002001E000BF401C4F4CA468DB
:204C200004F0010414B9B0F5FA5FF5DB4B4CE468E4B201949DF80400FF2805D11046521C78
:204C400042F210739842C3D30B78444C246804F04004402C05D0414C246844F040043F4DF8
:204C60002C6000E000BF3D4CA46804F00204022CF8D103E0394CE468E4B20094374CA46816
:204C800004F00104002CF5D1344C2373002001E000BF401C314CA46804F0010414B9B0F503
:204CA000FA5FF5DB2D4CE4684B782C4C246804F04004402C05D0294C246844F04004274DD9
:204CC0002C6000E000BF254CA46804F00204022CF8D103E0214CE468E4B200941F4CA468FE
:204CE00004F00104002CF5D11C4C2373002001E000BF401C194CA46804F0010414B9B0F5D3
:204D0000FA5FF5DB154CE4688B78144C246804F04004402C05D0114C246844F040040F4D98
:204D20002C6000E000BF0D4CA46804F00204022CF8D103E0094CE468E4B20094074CA468E5
:204D400004F00104002CF5D1044C2373002009E0770000000001000000000240003001404E
:204D600000BF401C864CA46804F0010414B9B0F5FA5FF5DB824CE468CB78814C246804F0FC
:204D80004004402C05D07E4C246844F040047C4D2C6000E000BF7A4CA46804F00204022CD2
:204DA000F8D103E0764CE468E4B20094744CA46804F00104002CF5D1714C2373002001E004
:204DC00000BF401C6E4CA46804F0010414B9B0F5FA5FF5DB6A4CE4680B79694C246804F0A3
:204DE0004004402C05D0664C246844F04004644D2C6000E000BF624CA46804F00204022CBA
:204E0000F8D103E05E4CE468E4B200945C4CA46804F00104002CF5D1594C2373002001E0EB
:204E200000BF401C564CA46804F0010414B9B0F5FA5FF5DB524CE4684B79514C246804F04A
:204E40004004402C05D04E4C246844F040044C4D2C6000E000BF4A4CA46804F00204022CA1
:204E6000F8D103E0464CE468E4B20094444CA46804F00104002CF5D1414C2373002001E0D3
:204E800000BF401C3E4CA46804F0010414B9B0F5FA5FF5DB3A4CE468FF20019031E0FF2318
:204EA000374C246804F04004402C05D0344C246844F04004324D2C6000E000BF304CA468B4
:204EC00004F00204022CF8D103E02D4CE468E4B200942B4CA46804F00104002CF5D1284C2D
:204EE0002373002001E000BF401C254CA46804F0010414B9B0F5FA5FF5DB214CE468E4B2A0
:204F000001949DF80400FF2805D11046521C42F210739842C3D3FF23194C246804F0400430
:204F2000402C05D0164C246844F04004144D2C6000E000BF124CA46804F00204022CF8D1E3
:204F400003E00F4CE468E4B200940D4CA46804F00104002CF5D10A4C2373002001E000BFA1
:204F6000401C074CA46804F0010414B9B0F5FA5FF5DB034CE4689DF8040004B030BD00000D
:204F8000003001403CB50146FF2001900023CB48806940F48020C94A90610A78C84C24689F
:204FA00004F04004402C05D0C54C246844F04004C34D2C6000E000BFC14CA46804F0020415
:204FC000022CF8D103E0BE4CE468E4B20094BC4CA46804F00104002CF5D1B94C22730020BE
:204FE00001E000BF401CB64CA46804F0010414B9B0F5FA5FF5DBB24CE4684A78B04C24687F
:2050000004F04004402C05D0AD4C246844F04004AB4D2C6000E000BFA94CA46804F00204FC
:20502000022CF8D103E0A64CE468E4B20094A44CA46804F00104002CF5D1A14C22730020A5
:2050400001E000BF401C9E4CA46804F0010414B9B0F5FA5FF5DB9A4CE4688A78984C246826
:2050600004F04004402C05D0954C246844F04004934D2C6000E000BF914CA46804F00204E4
:20508000022CF8D103E08E4CE468E4B200948C4CA46804F00104002CF5D1894C227300208D
:2050A00001E000BF401C864CA46804F0010414B9B0F5FA5FF5DB824CE468CA78804C2468CE
:2050C00004F04004402C05D07D4C246844F040047B4D2C6000E000BF794CA46804F00204CC
:2050E000022CF8D103E0764CE468E4B20094744CA46804F00104002CF5D1714C2273002075
:2051000001E000BF401C6E4CA46804F0010414B9B0F5FA5FF5DB6A4CE4680A79684C246874
:2051200004F04004402C05D0654C246844F04004634D2C6000E000BF614CA46804F00204B3
:20514000022CF8D103E05E4CE468E4B200945C4CA46804F00104002CF5D1594C227300205C
:2051600001E000BF401C564CA46804F0010414B9B0F5FA5FF5DB524CE4684A79504C24681C
:2051800004F04004402C05D04D4C246844F040044B4D2C6000E000BF494CA46804F002049B
:2051A000022CF8D103E0464CE468E4B20094444CA46804F00104002CF5D1414C2273002044
:2051C00001E000BF401C3E4CA46804F0010414B9B0F5FA5FF5DB3A4CE46831E0FF22384C21
:2051E000246804F04004402C05D0354C246844F04004334D2C6000E000BF314CA46804F0FD
:205200000204022CF8D103E02D4CE468E4B200942B4CA46804F00104002CF5D1284C227348
:20522000002001E000BF401C254CA46804F0010414B9B0F5FA5FF5DB214CE468E4B201945D
:205240009DF80400FF2805D118465B1C42F210729042C3D3FF221A4C246804F04004402C0E
:2052600005D0174C246844F04004154D2C6000E000BF134CA46804F00204022CF8D103E026
:205280000F4CE468E4B200940D4CA46804F00104002CF5D10A4C2273002001E000BF401CE6
:2052A000074CA46804F0010414B9B0F5FA5FF5DB034CE4689DF804003CBD0000000002408C
:2052C000003001407CB50246FF200190AC48806940F48020AA4B986113460624002022E0F0
:2052E00000E000BFA74DAD6805F00205022DF8D103E0A44DED68EDB20095A24DAD6805F0BC
:205300000105002DF5D11D5C9E4E357300E000BF9C4DAD6805F00105002DF8D0994DED68BF
:20532000EDB20095401CA042DADB00BF31E0FF23944C246804F04004402C05D0914C246806
:2053400044F040048F4D2C6000E000BF8D4CA46804F00204022CF8D103E08A4CE468E4B25D
:205360000094884CA46804F00104002CF5D1854C2373002001E000BF401C824CA46804F07D
:20538000010414B9B0F5FA5FF5DB7E4CE468E4B201949DF80400FF28C9D0CB78794C24683F
:2053A00004F04004402C05D0764C246844F04004744D2C6000E000BF724CA46804F00204FE
:2053C000022CF8D103E06F4CE468E4B200946D4CA46804F00104002CF5D16A4C23730020A6
:2053E00001E000BF401C674CA46804F0010414B9B0F5FA5FF5DB634CE4688B78614C246827
:2054000004F04004402C05D05E4C246844F040045C4D2C6000E000BF5A4CA46804F00204E5
:20542000022CF8D103E0574CE468E4B20094554CA46804F00104002CF5D1524C237300208D
:2054400001E000BF401C4F4CA46804F0010414B9B0F5FA5FF5DB4B4CE4684B78494C24684E
:2054600004F04004402C05D0464C246844F04004444D2C6000E000BF424CA46804F00204CD
:20548000022CF8D103E03F4CE468E4B200943D4CA46804F00104002CF5D13A4C2373002075
:2054A00001E000BF401C374CA46804F0010414B9B0F5FA5FF5DB334CE4680B78314C246876
:2054C00004F04004402C05D02E4C246844F040042C4D2C6000E000BF2A4CA46804F00204B5
:2054E000022CF8D103E0274CE468E4B20094254CA46804F00104002CF5D1224C237300205D
:2055000001E000BF401C1F4CA46804F0010414B9B0F5FA5FF5DB1B4CE468FF23194C2468BE
:2055200004F04004402C05D0164C246844F04004144D2C6000E000BF124CA46804F002049C
:20554000022CF8D103E00F4CE468E4B200940D4CA46804F00104002CF5D10A4C2373002044
:2055600001E000BF401C074CA46804F0010414B9B0F5FA5FF5DB034CE4689DF804007CBDCF
:2055800000000240003001403EB5014664A000680290FF2001906348806940F48020614A5D
:2055A00090610A460623002022E000E000BF5E4CA46804F00204022CF8D103E05A4CE46844
:2055C000E4B20094584CA46804F00104002CF5D1145C554D2C7300E000BF534CA46804F017
:2055E0000104002CF8D0504CE468E4B20094401C9842DADB00BF31E0FF224B4B1B6803F0B8
:205600004003402B05D0484B1B6843F04003464C236000E000BF444B9B6803F00203022B10
:20562000F8D103E0404BDB68DBB200933E4B9B6803F00103002BF5D13B4B1A73002001E048
:2056400000BF401C384B9B6803F0010313B9B0F5FA5FF5DB344BDB68DBB201939DF804009C
:20566000FF28C9D002AA0423002022E000E000BF2D4CA46804F00204022CF8D103E02A4C07
:20568000E468E4B20094284CA46804F00104002CF5D1145C244D2C7300E000BF224CA46890
:2056A00004F00104002CF8D01F4CE468E4B20094401C9842DADB00BFFF221B4B1B6803F075
:2056C0004003402B05D0184B1B6843F04003164C236000E000BF144B9B6803F00203022BE0
:2056E000F8D103E0104BDB68DBB200930E4B9B6803F00103002BF5D10B4B1A73002001E018
:2057000000BF401C084B9B6803F0010313B9B0F5FA5FF5DB044BDB689DF804003EBD000061
:20572000FFFFFFFF000002400030014000BFFEE710B50248FCF749FA10BD0000F4000020F0
:2057400070470000F8B5054600200090AC6B94F83D60394800681921B0FBF1F04FF47A71CD
:20576000B0FBF1F0C0EBC00000EB8000009000BF009820B9206C40F02000206409E0009826
:20578000401E00902068006800F40070B0F5007FEED000BF606B10B10020616BC863A06B78
:2057A00010B10020A16BC8632068006820F480602168086000206085606B10B10020616B7F
:2057C0000865A06B10B10020A16B08652068006820F001002168086094F83D0060280AD1D9
:2057E000202084F83D00002084F83E0020642046FCF7EAF91EE006F02800282811D1206840
:20580000006840F00100216808602068006840F480602168086000202063282084F83D0065
:2058200005E0202084F83D00002084F83E002046FCF735FAF8BD00004400002001684969F4
:20584000C1F3C01111B1002102681161704700002DE9F041044694F83D6094F83E70102F1A
:2058600001D0402F07D1222E05D12068006820F400602168086006F02800282805D1002031
:205880002063282084F83D0010E02068406800F40060B0F5006F07D0602E05D0202084F806
:2058A0003D00002084F83E00002020632068406800F40060B0F5006F40D12068406820F441
:2058C000006021684860606B90F83500012814D04848616B0865606BFBF7E2FE00285BD0E9
:2058E0002068006820F0010021680860202084F83D00606B016D88474EE03E48A16B086588
:20590000A06BFBF7CDFE002846D020684069C0F3801030B120680069616A0870606A401CD2
:2059200060622068006820F0010021680860202084F83D00A06B016D88472DE094F83D009C
:2059400060281AD1202084F83D000020206420684069C0F3801030B120680069616A0870AE
:20596000606A401C60622068006820F00100216808602046FCF728F90EE020684069C0F301
:20598000801030B120680069616A0870606A401C60622046FCF783F9256C05F0010058B90D
:2059A00005F00200022807D005F00400042803D005F00800082805D12068406820F4E06070
:2059C0002168486094F83D60206C00F0040004280ED1282E0CD10848E0620020206320203A
:2059E00084F83D00002084F83E002046FCF758F9BDE8F081455700080000FFFF70B5044643
:205A000094F83D50E66A082E01D0202E1FD1282D1DD12348E0622068406820F4E0602168DB
:205A200048606FF48060216848612068006820F480602168086000202063202084F83D00D8
:205A4000002084F83E002046FCF72AF926E0212D20D11348E06221202063202084F83D0051
:205A6000002084F83E002068406820F4E060216848606FF48060216848612068006820F41E
:205A80008060216808602046FFF7D8FE2046FCF708F903E06FF480602168486170BD000024
:205AA0000000FFFF00B58DB0002009900A900B900C90202101A8FAF776FC224822490860E2
:205AC0004FF48030486000211F4881600161017680F820104FF08051C162491081620914B5
:205AE000C1600121C16180F830104161FBF734FD08B1FBF7D9F80020099001200A900320B1
:205B00000B9009A91048FBF755FC08B1FBF7CCF8122001900120029005900320039000204D
:205B200008900A48079000208DF819008DF81800049001A90448FBF725FB08B1FBF7B4F896
:205B40000DB000BD002001404C00002001000F0008B500BF002000904948006840F4001085
:205B6000474908600846006800F40010009000BF00BF00BF002000900846006840F480008C
:205B800008600846006800F48000009000BF00BF3C483D4908600020486080213A48816027
:205BA0008900C1604900016189004161890081610021C16101620421416203218162002164
:205BC000C1620163FBF780FD08B1FBF76DF8002201210B20FCF7FCF80B20FCF7E5F800224C
:205BE00004210D20FCF7F4F80D20FCF7DDF8002204210E20FCF7ECF80E20FCF7D5F8002223
:205C000007210F20FCF7E4F80F20FCF7CDF8002206211020FCF7DCF81020FCF7C5F8012234
:205C200002212F20FCF7D4F82F20FCF7BDF8002204213820FCF7CCF83820FCF7B5F80122CB
:205C400004213A20FCF7C4F83A20FCF7ADF8012211463B20FCF7BCF83B20FCF7A5F801229A
:205C600005213C20FCF7B4F83C20FCF79DF8002205214620FCF7ACF84620FCF795F808BD2F
:205C800030380240286402402008002000B587B0142102A8FAF787FB00BF00200190494805
:205CA000006840F00400474908600846006800F00400019000BF00BF00BF002001900846D9
:205CC000006840F0800008600846006800F08000019000BF00BF00BF0020019008460068E9
:205CE00040F0010008600846006800F00100019000BF00BF00BF002001900846006840F0FF
:205D0000020008600846006800F00200019000BF00BF00224FF460412B48FBF749FF00228D
:205D200048F204112948FBF743FF00224FF480512748FBF73DFF4FF4604002900120039073
:205D400000200490059002A91F48FBF735FE042002900120039004900320059002A91B48FF
:205D6000FBF72AFE4FF4C2600290032003900020049002A91548FBF71FFE072002900320B5
:205D800003900020049002A91148FBF715FE4FF4805002900120039000200490059002A966
:205DA0000B48FBF709FE4FF4014002900120039000200490059002A90448FBF7FDFD07B0EA
:205DC00000BD00003038024000080240000002400004024000B591B014210CA8FAF7E3FADD
:205DE00000200B90282101A8FAF7DDFA2E482F4908600020486063212C48816042F20F7183
:205E0000C1600021016141618161FDF76BFC08B1FAF74AFF00208DF830008DF831008DF8FC
:205E200032000F90109000220CA92048FDF74CFE08B1FAF739FF01208DF82C008DF82D000E
:205E40008DF82E0000208DF82F0000220BA91748FDF7DAFD08B1FAF727FF00208DF8040042
:205E60008DF805008DF8060002900490059006900790089001208DF8240000020A90002205
:205E800001A90A48FDF7B0FC08B1FAF70DFF4FF400700A90002201A90448FDF7A5FC08B1FD
:205EA000FAF702FF11B000BD00280040A801002010B50E480E4908604FF482704860002169
:205EC0000B488160C160016141614FF4007181610021C1610162416281620A21C162FDF765
:205EE00085FE08B1FAF7E0FE10BD000000300140C801002010B50B480B4908604FF4964083
:205F00004860002108488160C16001610C21416100218161C161FEF7AEF908B1FAF7C4FE08
:205F200010BD0000001001401807002000BFFEE700BFFEE710B50248FCF7FDF810BD0000F8
:205F4000800800202DE9F04704460D4626683746D6F8408007F5306000EB4510D0F80890EA
:205F6000104880450BD909F40040B0F5004F06D14FF4004107F5306000EB45108160204681
:205F8000FCF7ACFC0748804508D9A079012805D104F29C420121206801F0E2FB0020BDE848
:205FA000F08700000A30544F2DE9F04705460C46D5F800904E46D9F840A006F5306000EB8B
:205FC0004410D0F80880A879012855D108F0080008280FD1434882450BD908F40040B0F586
:205FE000004F7BD14FF4004106F5306000EB4410816073E008F02000202806D1202106F511
:20600000306000EB4410816068E008F02800002864D1344882450CD908F40040B0F5004FB3
:2060200007D14FF4004106F5306000EB4410816054E004EBC40105F5157000EB810706F584
:20604000306000EB4410396A0069C0F31200081A786164B9386930B905F29C420121286877
:2060600001F07EFB03E07969F8680844F860E1B22846FBF717FF31E01B4882451BD108F4C1
:206080000040B0F5004F07D14FF4004106F5306000EB4410816021E008F02000202805D18E
:2060A000202106F5306000EB44108160E1B22846FBF7F8FE12E06CB904EBC40105F51570C1
:2060C00000EB8100006928B905F29C420021286801F046FBE1B22846FBF7E4FE0020BDE8B8
:2060E000F08700000A30544F0A31544F2DE9F84F07460E46D7F80090C84606EBC60107F153
:20610000140000EB8104D4E90410884202D90120BDE8F88FD4E90401451AA068A84200D253
:20612000A568E81C4FEA900A17E0D4E90401451AA068A84200D2A568E81C4FEA900AB8798A
:20614000ABB2F2B200904846E16801F065FFE0682844E06060692844606108F5106000EB40
:206160004610806980B2504506D3D4E90410884202D220690028D8D1D4E9040188420ED805
:2061800006F00F01012000FA01FB40F6340050F8080020EA0B0040F6340141F80800002047
:2061A000B6E7704710B50248FDF766FA10BD0000A80100200146002203E0521CA1F10A003C
:2061C000C1B20A29F9D2100741EA1060704770B50446002600252068C06800F04000C8B9CA
:2061E0002068C06840F080002168C860FBF7E6FC064608E0FBF7E2FC801BB0F57A7F02D9A2
:206200000420607701252068C06800F0400008B9012DEFD1284670BD70B504460025206817
:20622000C06820F080002168C8602068806800F0200030B92046FDF7BDFC10B104206077BD
:206240000125284670BD10B504464FF4827060600021A160E160216161614FF40071A1611C
:206260000021E16121626162A1620A21E1622046FDF7BCFC08B1012010BD2068006840F02B
:206280004000216808600020F6E710B504464FF4827060600021A160E160216161614FF4E2
:2062A0000071A1613821E161002121626162A1620A21E1622046FDF799FC08B1012010BD62
:2062C0002068006840F04000216808600020F6E77CB504460E461546334601220221204621
:2062E000009500F039F828B1606D40F02000606503207CBD164800681821B0FBF1F01549E8
:20630000B0FBF1F04FF47A71484301906068B0F5827F0DD13346002280212046009500F034
:206320001BF898B1606D40F0200060650320E0E700BF019800B908E00198401E019020682C
:206340008068C0F3C0100028F3D100BF0020D0E74400002040420F002DE9F84F04460D4661
:2063600090461E46DDF82890FBF728FCA0EB0900371AFBF723FC82462C480068C0F3CB30F8
:206380007843009046E0701C002843D0FBF716FCA0EB0A00B84200D2A7BB2068406820F0BE
:2063A000E000216848606068B0F5827F0DD1A068B0F5004F03D0A068B0F5806F05D12068B7
:2063C000006820F0400021680860A06AB0F5005F0DD100BF2068006820F400502168086024
:2063E0002068006840F400502168086000BF012084F8510000BF002084F8500000BF0320FE
:20640000BDE8F88FFFE7009808B9002702E00098401E0090206880682840A84201D10120CD
:2064200000E000204045AED10020E9E744000020704730B501460A461378521C147843EA1F
:20644000042030BD10B5FBF72DFC10BD00B593B0342106A8F9F7A7FF142101A8F9F7A3FF7D
:206460002448006840F480002249086000BF0020009020483C30006840F080501D493C3143
:2064800008600846006800F08050009000BF00BF00BF002000901848006820F4404040F411
:2064A0008040154908600846006800F44040009000BF00BF012006900004079000200C9010
:2064C00006A8FCF76DFE08B1FAF7EEFB0F20019001200290002003904FF480500490002030
:2064E0000590002101A8FCF75FFC08B1FAF7DCFB13B000BD0438024000700040034800680D
:2065000040F47000014908607047000088ED00E07047704770477047704700002DE9F84F29
:2065200004462068006920F44050E1680843216808612169A068084361690843E16908436F
:2065400000902068C06849F20C618843009908432168C8602068406920F44070A1690843A9
:20656000216848617A49206888420BD079492068884207D078492068884203D077492068E0
:20658000884203D1FCF7A4FD814602E0FCF790FD8146E069B0F5004F6BD102206168A0FBDA
:2065A000015003461920A9FB007001462A463846F9F782FE6421B0FBF1F04FEA001A0220C9
:2065C0006168A0FB01510B461920A9FB00712A463846F9F771FE834602206168A0FB015079
:2065E00003461920A9FB00712A463846F9F764FE6421B0FBF1F000EBC00101EB0010ABEB75
:206600008000322101EBC0006421B0FBF1F000F0F8000AEB400A02206168A0FB01500346A3
:206620001920A9FB00712A463846F9F745FE834602206168A0FB015003461920A9FB0071B4
:206640002A463846F9F738FE6421B0FBF1F000EBC00101EB0010ABEB8000322101EBC00058
:206660006421B0FBF1F000F007005044216888606CE004206168A0FB01510B461920A9FBB9
:2066800000712A463846F9F717FE824604206168A0FB015003461920A9FB007001462A46A8
:2066A0003846F9F709FE6421B0FBF1F000EBC00101EB0010AAEB8000322101EB00106421C3
:2066C000B0FBF1F000F0F00A04206168A0FB017003461920A9FB005001463A462846F9F7B0
:2066E000EBFD6421B0FBF1F00AEB001A04206168A0FB01511920A9FB007080462A460B46E4
:2067000038464146F9F7D8FD834604206168A0FB015003461920A9FB007001462A46384642
:20672000F9F7CAFD6421B0FBF1F000EBC00101EB0010ABEB8000322101EB00106421B0FB54
:20674000F1F000F00F00504421688860BDE8F88F001001400014014000180140001C0140CC
:20676000704770B504460D460026D4F8B802294642682046904700B10326304670BD70B5FC
:2067800004460D4694F89C02012804D0022803D003280CD101E000BF00BF6888012805D1E2
:2067A0000020C4F8A402204600F051F804E02946204600F021F800BF00BF70BD02460020E3
:2067C000704702460020704770B506460C4615462B4622460021304600F064FB002070BDB9
:2067E00070B506460C4615462B4622460021304600F039FC002070BD70B504460D46802136
:20680000204600F00FFC0021204600F00BFC70BD10B504460520C4F8940200231A46194604
:20682000204600F03FFB002010BD70B504460E4615460220C4F8940265616662A5612B4644
:2068400032460021204600F00EFC002070BD10B504460420C4F8940200231A461946204625
:2068600000F001FC002010BD70B504460D46E888012804D029462046FFF7BEFF1EE094F8FD
:206880009C02012804D0022803D0032810D109E000BF0020A060012204F108012046FFF70F
:2068A000C4FF0AE00122211D2046FFF7BEFF04E029462046FFF7A0FF00BF00BF70BDF8B50B
:2068C00004460E46002000900027002570880012082875D2DFE800F0C7040C20C7C7A5B507
:2068E000207CD4F8B4120A68694690470746C1E0207C40B9D4F8B802816A684688470746B4
:206900000220787007E0D4F8B802C16A68468847074602207870ADE0B078062878D2DFE80D
:2069200000F00316293C5063D4F8B402406838B1207CD4F8B4124A6869469047074605E08B
:2069400031462046FFF758FF681CC5B267E0D4F8B402806838B1207CD4F8B4128A686946A9
:206960009047074605E031462046FFF745FF681CC5B254E0D4F8B402C06838B1207CD4F8CD
:20698000B412CA6869469047074605E031462046FFF732FF681CC5B241E0D4F8B40200693C
:2069A00038B1207CD4F8B4120A6969469047074605E031462046FFF71FFF681CC5B22EE09B
:2069C00051E0D4F8B402406938B1207CD4F8B4124A6969469047074605E031462046FFF706
:2069E0000BFF681CC5B21AE0D4F8B402806940B1207CD4F8B4128A6969469047074606E062
:206A000006E031462046FFF7F7FE681CC5B206E031462046FFF7F0FE681CC5B200BF00BFAD
:206A200028E0207C30B9D4F8B802416B68468847074605E031462046FFF7DEFE681CC5B23E
:206A400018E0207C40B9D4F8B802016B6846884707460720787005E031462046FFF7CCFE5C
:206A6000681CC5B206E031462046FFF7C5FE681CC5B200BF00BF05B1F8BDF088C0B1BDF81D
:206A8000000080B1F088BDF80010884202DDBDF8000000E0F0880090BDF800203946204688
:206AA000FFF7C3FE07E031462046FFF7A5FE02E02046FFF7CCFE00BFDEE770B504460D4674
:206AC00094F89C02012804D0022803D003281AD101E000BF00BFE888022804D029462046DA
:206AE000FFF78AFE14E00120E060D4F8A40218B1E06840F00200E060022204F10C01204642
:206B0000FFF793FE04E029462046FFF775FE00BF00BF70BD0146002031B1012906D00229AD
:206B200006D0032908D105E0002007E0032005E0012003E0032001E0032000BF00BF704726
:206B40002DE9F04104460D46002600272946D4F8C802FBF7DFF906463046FFF7DBFF074656
:206B60003846BDE8F0812DE9F04705460F469146002F5AD105F11404D5F8940202284AD1AD
:206B8000A1896068884213D9A1896068401A6060A189206908442061284662682169FFF709
:206BA0001FFE00231A461946284600F07BF932E0A0896168884217D1A1892068884213D3EC
:206BC0002068D5F8981288420ED2002211462846FFF706FE0020C5F8980200231A461946D2
:206BE000284600F05FF916E095F89C0203280BD1D5F8B802C06838B10020C5F8D402D5F89F
:206C0000B802C168284688478021284600F00AFA2846FFF7FDFD95F8A00250B3284600F063
:206C200055FA002085F8A00223E047F080012846FFF7C4FD0646FF2E1BD0D6B995F89C02C8
:206C4000032816D105F52E7050F82600406980B1C5F8D46205F52E7050F82600394642691F
:206C6000284690478046B8F1000F02D04046BDE8F0870020FBE72DE9F04705460F46914617
:206C80004FF00008002F55D105F5AA76D5F89402032873D1B1897068884214D9B189706891
:206CA000401A7060B189306908443061B3897068984201D9706800E0B089024628463169F1
:206CC000FFF782FD5AE095F8AA0200F01F0020B1012804D0022812D109E0002411E040F2B2
:206CE000AE20415D2846FFF76CFD044609E040F2AE20415D2846FFF761FD044601E0002479
:206D000000BF00BF94B995F89C0203280ED105F52E7050F82400006940B1C5F8D44205F548
:206D20002E7050F824000169284688472846FFF78EFD23E007F07F012846FFF73FFD04464F
:206D4000FF2C1BD0D4B995F89C02032810D105F52E7050F82400806950B1C5F8D44205F59E
:206D60002E7050F8240039468269284690478046B8F1000F02D04046BDE8F0870020FBE766
:206D800001460020704770B504460025012084F89C02D4F8B80238B12179D4F8B8024268CD
:206DA0002046904700B10325284670BD10B50246D2F8C83201F08000802809D101F07F00EE
:206DC00000EBC00403F1140000EB8400807810BD01F07F0000EBC00403F5157000EB8400BD
:206DE0008078F4E770B504460D4604F52E70D4F8D41250F8210008B9032070BD94F89C0211
:206E0000032811D104F52E70D4F8D41250F82100006A48B104F52E70D4F8D41250F821009E
:206E20002946026A204690470020E6E770B504460D4604F52E70D4F8D41250F8210008B918
:206E4000032070BD94F89C02032811D104F52E70D4F8D41250F82100406A48B104F52E70BF
:206E6000D4F8D41250F821002946426A204690470020E6E72DE9F04704460F4615461E4607
:206E80004FF00008C1462B4632463946D4F8C802FBF77EF880464046FFF73CFE814648466D
:206EA000BDE8F0872DE9F04704460D4616461F464FF00008C1463B4632462946D4F8C802BF
:206EC000FBF7ADF880464046FFF724FE81464846BDE8F08770B504460025012084F89C0277
:206EE0000020C4F894026060C4F8A40284F8A002D4F8B80258B1D4F8B802406838B12179A0
:206F0000D4F8B80242682046904700B103254023002211462046FFF7ADFF012140F2631080
:206F200001554021C01E01534023002280212046FFF7A0FF01212320015540212184284618
:206F400070BD014691F89C02042803D191F89D0281F89C020020704710B5044694F89C0247
:206F600003280BD1D4F8B80240B1D4F8B802C06920B1D4F8B802C16920468847002010BD41
:206F800002461174002070472DE9F04104460D46002600272946D4F8C802FBF785FC064658
:206FA0003046FFF7B7FD07463846BDE8F08170B504460D46294604F2AA2000F06CF801206A
:206FC000C4F894024FF42C70005BC4F8980294F8AA0200F01F0020B1012809D0022815D1A5
:206FE0000DE004F2AA21204600F04EF9064616E004F2AA21204600F0E0FA06460FE004F2E2
:20700000AA21204600F097F9064608E094F8AA0200F08001204600F005F8064600BF00BFC5
:20702000304670BD2DE9F04104460D46002600272946D4F8C802FBF715F806463046FFF7C0
:2070400069FD07463846BDE8F081014691F89C02042803D091F89C0281F89D02042081F8A0
:207060009C02002070472DE9F04704460D4616461F464FF00008C1463B4632462946D4F86E
:20708000C802FBF734F880464046FFF743FD81464846BDE8F08770B505460E46344620783F
:2070A0002870641C20786870641C2046FFF7C1F96880641C641C2046FFF7BBF9A880641C12
:2070C000641C2046FFF7B5F9E88070BD01460020704770B504460D46A88810BBE88800BB8B
:2070E000688880281DD2A87800F07F0694F89C02032804D129462046FFF77EFB15E084F895
:207100009E6231462046FFF73FFF2046FFF79FFB1EB1022084F89C0207E0012084F89C023B
:2071200003E029462046FFF767FB70BD70B504460D460026D4F8B80230B1D4F8B8022946CE
:207140000268204690470646304670BD70B504460E460025B0783D4908700846007801289C
:2071600005D931462046FFF747FB032070BD94F89C02022802D0032859D11FE0334800785F
:20718000C0B1324800786060304801782046FFF7CDFF05463DB131462046FFF72DFB02205D
:2071A00084F89C0209E02046FFF751FB032084F89C0202E02046FFF74AFB43E0234800785E
:2071C00070B9022084F89C022048007860601F4801782046FFF7C5FA2046FFF738FB25E01B
:2071E0001A490978606888421DD021792046FFF7B8FA164800786060144801782046FFF7BD
:2072000095FF05465DB131462046FFF7F5FA21792046FFF7A6FA022084F89C0206E02046A1
:20722000FFF715FB02E02046FFF711FB0AE031462046FFF7E1FA054801782046FFF791FAB9
:20724000032500BF00BF284690E700004800002070B505460C466088012805D1C5F8A4022F
:207260002846FFF7F4FA0EE06088022807D1A088001285F8A0022846FFF7E9FA03E02146FA
:207280002846FFF7B9FA70BD70B504460D460026287800F0600088B1202802D0402842D104
:2072A00000E000BF04F52E70D4F8D41250F821002946826820469047064639E068780A2870
:2072C0002AD2DFE800F01A24291F290A0529150F29462046FFF7F3FA23E029462046FFF76A
:2072E000F8FE1EE029462046FFF730FF064618E029462046FFF7B8FA13E029462046FFF721
:20730000DCFB0EE029462046FFF7A2FF09E029462046FFF734FA04E029462046FFF76CFA45
:2073200000BF00BF04E029462046FFF765FA00BF00BF304670BD2DE9F04705460F464FF074
:2073400000093C79387800F06000F8B1202802D040287DD100E000BF21462846FFF72EFA64
:207360000646FF2E11D086B9C5F8D46205F52E7050F82600806840B105F52E7050F826009C
:207380003946826828469047814612E1787800287AD001282FD003286ED195F89C0202283C
:2073A00002D0032820D110E054B1802C08D021462846FFF737FE80212846FFF733FE03E04D
:2073C00039462846FFF718FA13E0788840B93CB1802C05D0F88818B921462846FFF722FE22
:2073E0002846FFF734FA04E039462846FFF704FA00BF00BFD6E095F89C02022802D00328B0
:207400003BD110E054B1802C08D021462846FFF709FE80212846FFF705FE03E0394628463D
:20742000FFF7EAF92EE0788820BB04F07F0018B121462846FFF784FB2846FFF708FA214637
:207440002846FFF7BBF90646FF2E13D096B900E0AAE0C5F8D46205F52E7050F8260080681E
:2074600040B105F52E7050F826003946826828469047814606E007E08FE039462846FFF781
:20748000BBF900BF00BF8DE095F89C02022802D003287BD127E034B1802C04D03946284656
:2074A000FFF7AAF977E004F08000802808D104F07F0000EB800105F1140000EB810007E0AB
:2074C00004F07F0000EB800105F5AA7000EB81008046002088F80E00022208F10E0128463F
:2074E000FFF7A3F957E004F0800080280ED104F00F0000EB800105F1140000EB8100C07BA8
:2075000098B939462846FFF777F944E004F00F0000EB800105F5AA7000EB8100C07B20B9A0
:2075200039462846FFF768F935E004F08000802808D104F07F0000EB800105F1140000EB29
:20754000810007E004F07F0000EB800105F5AA7000EB810080460CB1802C03D1002088F8C1
:207560000E000CE021462846FFF720FC20B1012088F80E0003E009E0002088F80E0002220C
:2075800008F10E012846FFF750F904E039462846FFF732F900BF00BF04E039462846FFF7FF
:2075A0002BF900BF00BF04E039462846FFF724F900BF00BF4846BDE8F0872DE9F04105468B
:2075C0000E460027307800F0600030B1202802D0402840D100E000BF00BF95F89C02012812
:2075E00004D0022803D003282ED101E000BF00BF3079012823D831792846FFF7E2F8044632
:20760000FF2C14D09CB905F52E7050F82400806858B1C5F8D44205F52E7050F824003146C3
:20762000826828469047074602E0032700E00327F08840B93FB92846FFF709F903E031468F
:207640002846FFF7D9F804E031462846FFF7D4F800BF00BF04E031462846FFF7CDF800BFA9
:2076600000BF3846BDE8F08170B504460B4622461978587801282CD140F61C0080581D7849
:2076800005F00F060125B540ADB2284340F61C05A85002F5106000EB4110006800F400406D
:2076A000F0BB1889C0F30A001D7940EA854040EA815040F0805040F4004002F5106505EB71
:2076C00041152D68284302F5106505EB411528602DE040F61C0080581D7805F00F0601251E
:2076E000B540144E06EA0545284340F61C05A85002F5306000EB4110006800F4004078B9AF
:207700001889C0F30A001D7940EA854040F0805040F4004002F5306505EB41152D6800E0CB
:2077200005E0284302F5306505EB41152860002070BD00000000FFFF01460A464FF410600A
:207740008058C30ADB024FF41060835040F60400805840F4807340F6040083500020704704
:2077600070B503460C4619461D6C1848854209D94FF43060405800F00040B0F1004F01D1FB
:20778000002070BD0026C1F8106BD1F8100B40F40026C1F8106BD1F8100B40F01806C1F8E5
:2077A000106BD1F8100B40F0C046C1F8106B012C09D1C1F8142B4FF43060405840F08026C0
:2077C0004FF4306046500020DBE700000A30544F30B504460B4622461978587801281ED120
:2077E00002F5106000EB4110006820F4001502F5106000EB411005601879032802D018792E
:2078000002282AD102F5106000EB4110006840F0805502F5106000EB411005601DE002F537
:20782000306000EB4110006820F4001502F5306000EB411005601879032802D0187902287A
:207840000BD102F5306000EB4110006840F0805502F5306000EB41100560002030BD30B502
:2078600004460B46224619785878012821D102F5106000EB4110006800F0004060B959B12B
:2078800002F5106000EB4110006820F0804502F5106000EB4110056002F5106000EB41105D
:2078A000006840F4001502F5106000EB4110056020E002F5306000EB4110006800F00040B4
:2078C00060B959B102F5306000EB4110006820F0804502F5306000EB4110056002F53060D6
:2078E00000EB4110006840F4001502F5306000EB41100560002030BD2DE9F84381460E46FA
:2079000090464D463478707801287DD1306920BB05F5106000EB44100069E649084005F5FC
:20792000106101EB4411086105F5106000EB4410006940F4002105F5106000EB44100161BA
:2079400005F5106000EB44100069C10CC90405F5106000EB441001616FE005F5106000EBCC
:2079600044100069C10CC90405F5106000EB4410016105F5106000EB44100069CD49084035
:2079800005F5106101EB4411086194B9B1683069884201D9B068306105F5106000EB4410DD
:2079A000006940F4002105F5106000EB4410016135E0B16830690844401EB0FBF1F087B2C8
:2079C00005F5106000EB44100069BA49C94301EAC741084305F5106101EB4411086130798A
:2079E00001281CD105F5106000EB4410006920F0C04105F5106000EB4410016105F51060D9
:207A000000EB4410006900E099E04FF0C04101EA4771084305F5106101EB4411086105F528
:207A2000106000EB441000693169C1F31201084305F5106101EB44110861B8F1010F36D1AD
:207A4000F06928B105F5106000EB4410F1694161307901281ED140F60800405900F48070D3
:207A600060B905F5106000EB4410006840F0005105F5106000EB441001600BE005F51060FC
:207A800000EB4410006840F0805105F5106000EB4410016005F5106000EB4410006840F0F3
:207AA000044105F5106000EB44100160FEE005F5106000EB4410006840F0044105F51060A9
:207AC00000EB44100160307901280FD030690028ECD040F634004059317801F00F02012108
:207AE0009140084340F634014851DFE040F60800405900F4807060B905F5106000EB44102A
:207B0000006840F0005105F5106000EB441001600BE005F5106000EB4410006840F0805175
:207B200005F5106000EB44100160CDF80080308A83B232784846F16800F06EFAB6E005F58E
:207B4000306000EB44100069C10CC90405F5306000EB4410016105F5306000EB44100069F6
:207B60005449084005F5306101EB4411086104BB306908B1B0683061B068306205F53060FD
:207B800000EB44100069316AC1F31201084305F5306101EB4411086105F5306000EB441092
:207BA000006940F4002105F5306000EB4410016143E03069D0B905F5306000EB4410006965
:207BC000B168C1F31201084305F5306101EB4411086105F5306000EB4410006940F40021BE
:207BE00005F5306000EB4410016126E0B16830690844401EB0FBF1F087B2B06878433062CE
:207C000005F5306000EB441000692A49C94301EAC741084305F5306101EB4411086105F546
:207C2000306000EB44100069316AC1F31201084305F5306101EB44110861B8F1010F07D199
:207C4000F06828B105F5306000EB4410F1684161307901281ED140F60800405900F48070B3
:207C600060B905F5306000EB4410006840F0005105F5306000EB441001600BE005F530609A
:207C800000EB4410006840F0805105F5306000EB4410016005F5306000EB4410006840F0B1
:207CA000044105F5306000EB441001600020BDE8F8830000FFFF07E078B503460024009402
:207CC00000201A464C78012C35D10C7802F5106505EB4414246804F00044B4F1004F60D10C
:207CE0000C7805EB4414246844F000660C7805EB441426600C7805EB4414246844F08046EE
:207D00000C7805EB4414266000BF009C641C009442F21075009CAC4201D901200AE00C78F6
:207D200002F5106505EB4414246804F00044B4F1004FEAD035E00C7802F5306505EB4414B0
:207D4000246804F00044B4F1004F2AD10C7805EB4414246844F000660C7805EB441426602C
:207D60000C7805EB4414246844F080460C7805EB4414266000BF009C641C009442F2107537
:207D8000009CAC4201D901200AE00C7802F5306505EB4414246804F00044B4F1004FEAD0AA
:207DA00000BF78BD08B502460020009000BF0098401C00900098B0F1706F01D9032008BDFD
:207DC000106900F000400028F1D000200090202040EA8110106100BF0098401C009000981A
:207DE000B0F1706F01D90320E9E7106900F020002028F1D00020E2E710B501460B4640F628
:207E00000804E45804F006020AB9002006E0022A01D0062A01D1022000E00F2010BD014611
:207E2000486900F00100704701460B4640F61800C258001DC058024090B2704701460B46E1
:207E400040F61800C258001DC0580240100C704770B5024613464FF40166F45840F6340644
:207E6000F55801F00F0625FA06F606F0010644EAC61403F5106606EB4116B66806EA0400C7
:207E800070BD10B50246134603F5306404EB4114A06840F61404E458204010BD01464869C8
:207EA0008A69104070472DE9F04104460D46274628464FEA920C02F0030300210AE04FF4EC
:207EC000805858F80780C0F80080401C401C401C401C491C6145F2D39BB100214FF48058F3
:207EE00058F8076000BF4FEAC10826FA08F880F80080491C401CA3F101081FFA88F3002BD5
:207F0000F1D1BDE8F08110B502460B461146D1F8000820F4FE60C1F80008D1F800084FF4BC
:207F2000FE6404EA03142043C1F80008002010BD30B503461446022C49D12D48814204D3EA
:207F40002C48814201D20F2245E02A48814204D32948814201D20E223DE02748814204D358
:207F60002648814201D20D2235E02448814204D32348814201D20C222DE02148814204D374
:207F80002048814201D20B2225E01E48814204D31D48814201D20A221DE01B48814204D390
:207FA0001A48814201D2092215E01848814204D31748814201D208220DE01548814204D3AC
:207FC0001448814201D2072205E0062203E00CB9092200E00922D86820F47050D860D8680F
:207FE0004FF4705505EA82252843D860002030BDC0ACD800C0E1E4000024F4008073060158
:20800000A0491A01002D310140A44C0100366E0120ABA6010048E8012DE9F04304460D469E
:208020001E46DDF81CC0A0462946BCF1000F12D1F01C870800230CE0D1F8009008F5805067
:2080400000EB0230C0F80090491C491C491C491C5B1CBB42F0D30020BDE8F08310B50346AA
:208060000C46194644F4807200BF4900520002F4807000B1491C01F4803010B141F2210015
:20808000414002F480300028EFD088B210BD00BFFEE7000002480068C0F3022070470000E9
:2080A0000CED00E010B5002804DB0A07130E054A135406E00A07140E034A00F00F031B1F91
:2080C000D45410BD00E400E018ED00E0F9F7F6FDFEF7BCF9FDF7DAFDFDF73AFDFDF7E8FEA5
:2080E000FDF708FFFDF776FEFDF7DCFCF8F7B0FA00BFFEE74FF04070E1EE100A704700067F
:208100001016000610160000000000000000010203040607080900000000010203040000DB
:2081200040810008000000204C000000140200088C8100084C000020041800003002000815
:2081400000000000000000000000000000000000000000000000000000000000000000001F
:208160000000000000000000010000000000000000000000000000000000000010000000EE
:0C818000010000000024F40000000000DA
:20C000004746434432334543010000000F000000204E000040000000000000000000000061
:20C02000000000000000000000000000000000000000000000000000000000000000000000
:20C040000000000000000000000000000000000000000000000000000000000000000000E0
:20C060000000000000000000000000000000000000000000000000000000000000000000C0
:20C080000000000000000000000000000000000000000000000000000000000000000000A0
:20C0A000000000000000000000000000000000000000000000000000000000000000000080
:20C0C000000000000000000000000000000000000000000000000000000000000000000060
:20C0E000000000000000000000000000000000000000000000000000000000000000000040
:20C1000000000000000000000000000000000000000000000000000000000000000000001F
:20C120000000000000000000000000000000000000000000000000000000000000000000FF
:20C140000000000000000000000000000000000000000000000000000000000000000000DF
:20C160000000000000000000000000000000000000000000000000000000000000000000BF
:20C1800000000000000000000000000000000000000000000000000000000000000000009F
:20C1A00000000000000000000000000000000000000000000000000000000000000000007F
:20C1C00000000000000000000000000000000000000000000000000000000000000000005F
:20C1E00000000000000000000000000000000000000000000000000000000000000000003F
:020000040802F0
:2000000030FF042009030208B19603083F7D0308AD960308690E0208EDB1030800000000E6
:20002000000000000000000000000000E59B030825F3020800000000B396030801A403080F
:200040002303020823030208230302082303020823030208230302082303020821F4020831
:2000600039F40208A5F40208BDF402082303020881EE02088DEE02082DF0020831F002086B
:2000800071F002087DF00208350C02082303020823030208230302082303020815F502085F
:2000A000ADA70308230302082303020823030208A5AB03082303020823030208517D0308BD
:2000C000457D03082303020823030208230302082303020859B1030823030208230302081E
:2000E00049F30208B5960308230302082303020823030208B1AB030823030208C5F002087E
:200100002303020823030208230302082303020829AF0308230302082303020823030208AC
:2001200059F102085DF10208C9F10208CDF1020823030208230302082303020823030208C7
:200140002303020823030208230302082303020811F2020815F2020855F202089DB1030817
:2001600023030208230302082303020823030208230302082303020800000000000000005F
:2001800023030208230302082303020823030208230302082303020800000000230302080F
:2001A00023030208230302080000000000000000230302080000000000000000230302087F
:2001C00023030208230302082303020823030208230302082303020800F002F800F06AF8C3
:2001E0000AA090E8000C82448344AAF10107DA4501D100F05FF8AFF2090EBAE80F0013F0FD
:20020000010F18BFFB1A43F0010318478C020200AC0202000A444FF0000C10F8013B13F02C
:20022000070408BF10F8014B1D1108BF10F8015B641E05D010F8016B641E01F8016BF9D1C3
:2002400013F0080F1EBF10F8014BAD1C0C1B09D16D1E58BF01F801CBFAD505E014F8016BF6
:2002600001F8016B6D1EF9D59142D6D3704700000023002400250026103A28BF78C1FBD8BE
:20028000520728BF30C148BF0B607047632900F0DC83732900F0E183002070471FB51EF080
:2002A000A8FB9DE8030000F05FFB00F00CFA1FBD10B510BD00F03CFC1146FFF7EFFF1CF0F6
:2002C000EFFF00F05AFC03B4FFF7F2FF03BC00F08BFC00000B49D1F800C04A685CF8043BF4
:2002E0001068184442F8040B8C4528BFA1F1DC0C8A4228BFA1F1DC02C1F800C04A6020F059
:20030000004070475C3601200948804709480047FEE7FEE7FEE7FEE7FEE7FEE7FEE7FEE75B
:20032000FEE7FEE704480549054A064B704700009DA70308D901020830F7042030FF042031
:2003400030FB042030FB042070B5064600F0F0FA056806F10B0020F00704B4429CBF0020B9
:2003600070BD2B466A68BAB11068A04210D304F1080188423CBF5068586007D35168101976
:2003800041601168091B016058601460101D70BD13465268002AE7D12146284600F0D0FAB4
:2003A0000028DED170BD70B50446051F00F0C0FA0068002C14BF446870BD002C18BFAC42CB
:2003C0003CBF20466468F8D301680A18AA4218BF456003D12A6805461144016028684119E1
:2003E000A1421CBF6C6070BD6168696021680844286070BD53EA020C00F069802DE9F04BB5
:200400004FF00006002B1FBFB3FA83F503FA05F424FA05F65E4012BF1643B2FA82F502FA73
:2004200005F4C5F120051EBF22FA05FC44EA0C04203556EA044C4FEA144418BF641C4FF0A4
:2004400000084FF00009904271EB030C39D3002919BFB1FA81F701FA07F6B0FA80F700FACC
:2004600007F6C7F120071EBF20FA07FC46EA0C062037B6FBF4FCA7EB0507103F07F01F0B5E
:20048000CBF120060CFA0BFB2CFA06F644BFB3460026202FA4BF5E464FF0000B5BEA060C33
:2004A00008BF4FF0010B19EB0B09ABFB027C48EB0608C01B06FB02CC0BFB03CC71EB0C01C5
:2004C000C1E70B46024641464846BDE8F08B13B54FF000004FF00001AFF30080BDE81C403C
:2004E0007047B2F120030AD5C2F1200301FA02F120FA03F300FA02F041EA0301704700FA00
:2005000003F14FF0000070470FB41CB50C0007AA009001D02044401E074B7B44694601902C
:20052000069800F068FA002C03D06946002000F075FA1CBC5DF814FB0905000070B50C46DD
:200540000546012A05D02878800600D5EA69002302E0012305E05B1C934202D2E05C002870
:20056000F9D1A869E618C01AA861286A184428622846AFF3008004E0D5E9012114F8010BDB
:200580009047B442F8D32846AFF3008070BD2DE9F0474FF0000A89460446C0F820A0204679
:2005A000E1688847002876D0252806D0D4E901219047206A401C2062F1E7E16820460025C8
:2005C0008847C4F81CA006460027C4F818A02A2E09D030461CF02CFD38B304EB8708303E3A
:2005E000C8F8186019E059F8041B204604EB87029161E1688847012F064618D1E06900289C
:2006000020DA25F020051DE0D8F8180000EB800006EB40003038C8F818002046E168884767
:2006200006461CF005FD0028EED1012F0AD02E2E08D12046E16888477F1C0646022F45F06F
:200640002005C4DBA069002803DA404245F00105A061E80701D025F01005B6B1A6F14100E1
:20066000192802D8203645F400654A463146204625604D46FFF70AFE58B1012806D0ED1DD6
:2006800025F0070000F1080989E704E005F1040985E730468AE7206ABDE8F0870B4910B5D3
:2006A000A1F17C020A4CC2E93712372106E000EB104342F82130074B00FB03400B1EA1F18E
:2006C0000101F4DC10BD0120E8E70000FC350120E119D666CD0D010010B5431C02E010F81A
:2006E000011B71B18107FAD14FF0013202C88C1A8C4314EAC211F9D0C01A0A0603D0C01E83
:2007000010BDC01A10BD0A0401D0801E10BD0902FCD0401E10BD032A40F2308010F0030CFB
:2007200000F0158011F8013BBCF1020F624498BF11F801CB00F8013B38BF11F8013BA2F15C
:20074000040298BF00F801CB38BF00F8013B11F0030300F06780083AC0F0088051F8043B6D
:20076000083A51F804CBA0E80810F5E7121D5CBF51F8043B40F8043BAFF30080D20724BF7C
:2007800011F8013B11F801CB48BF11F8012B24BF00F8013B00F801CB48BF00F8012B704746
:2007A000431A28BF9A427FF6B6AF032A1044114440F2268010F0030F1EBF11F8013D521EEB
:2007C00000F8013D10F0030F7FF4F6AF11F0030300F05A81083AC0F00B8051F8043D083A9E
:2007E00051F804CD40F8043D40F804CDFFF7F3BF121D5CBF51F8043D40F8043DAFF3008046
:20080000D20724BF11F8013D11F801CD48BF11F8012C24BF00F8013D00F801CD48BF00F8E3
:20082000012C704710B5203AC0F00B80B1E81850203AA0E81850B1E81850A0E81850BFF48B
:20084000F5AF5FEA027C24BFB1E81850A0E8185044BF18C918C0BDE810405FEA827C24BF7E
:2008600051F8043B40F8043B08BF7047D20728BF31F8023B48BF11F8012B28BF20F8023B5D
:2008800048BF00F8012B704702F0FF0343EA032242EA024200F002B84FF000020429C0F0F8
:2008A000128010F0030C00F01B80CCF1040CBCF1020F18BF00F8012BA8BF20F8022BA1EB4E
:2008C0000C0100F00DB85FEAC17C24BF00F8012B00F8012B48BF00F8012B70474FF0000282
:2008E00000B5134694469646203922BFA0E80C50A0E80C50B1F12001BFF4F7AF090728BF1F
:20090000A0E80C5048BF0CC05DF804EB890028BF40F8042B08BF704748BF20F8022B11F03A
:20092000804F18BF00F8012B7047704770477047004870476C360120704770477047704773
:2009400038B504460A4600206946AFF30080002808BF38BD02460099204600F0C7F8012024
:2009600038BD012000F0DCB8F8B5AFF30080054600200C46102000BF0646A819A0420DD98D
:20098000324669460020AFF30080070008BF00F0C7F80098A04218BF0546C419FFF7C8FF3B
:2009A00005600746F01D20F007004619284600F00AF8B44208BFF8BDA21B31463868BDE8B7
:2009C000F84000F093B800210160C0E9011070471020704710B500F085F8006810BD10B59E
:2009E000044600F07FF8046010BD000001694A1C02610878704700B58FB0CDE901310021AE
:200A0000059105497944CDE9031011466846FFF7BEFD0FB000BD0000E5FFFFFF0A6802F8EC
:200A2000010B0A607047D1E900239A4202D2531C0B601070704710B5436913B1AFF3008094
:200A400001E0FFF77BFD012010BD127800F124010A7000224A700122EDE711684FF0FF3283
:200A6000E9E7431A28BF9A427FF6DCAE104410F0030F11441EBF11F8013D521E00F8013D02
:200A800010F0030F7FF4F6AF103AC0F00A8010B531E91850103A20E91850BFF4F9AFBDE8A6
:200AA0001040530724BF31E9081020E9081044BF51F8043D40F8043D12F0030F08BF7047BE
:200AC000D20728BF31F8023D48BF11F8012C28BF20F8023D48BF00F8012C70470048704791
:200AE000643601200048704764360120034640688C46002818BF88423CBF03464068F8D33E
:200B000018681844884207D00CF1030020F00700001D411A521A0146081D0A60FFF743BC92
:200B200010B500F039F8BDE8104000F02FB870477546FFF7D3FFAE4605006946534620F078
:200B40000700854618B020B5FFF7ECFBBDE820404FF000064FF000074FF000084FF0000B28
:200B600021F00701AC46ACE8C009ACE8C009ACE8C009ACE8C0098D46704710B50446AFF3BB
:200B800000802046BDE81040FFF79DBB002801D000F02AB87047000010B5012805D00021C6
:200BA00003A000F027F8012010BD09A1F8E7000053494752544D454D3A204F7574206F661D
:200BC0002068656170206D656D6F7279000000003A2048656170206D656D6F727920636F1B
:200BE000727275707465640001491820ABBEFEE72600020070B505460C460A2000E06D1CA2
:200C000000F011F835B128780028F8D102E0641C00F009F814B120780028F8D1BDE870406E
:200C20000A20AFF3008008B569468DF800000320ABBE08BD104810B50268002111600168A4
:200C40008A6822F001028A600068C06B46F2207180B2A0FB010147F6FF72801841F10001FF
:200C60004FF6FF720023FFF7C5FB0146BDE8104002480CF0BBBF0000DC2A0120A4B9002045
:200C8000464910B54A6822F440324A604A6843681A434A6001684A6822F480724A60016882
:200CA0004A68036942EA03224A6001684A6822F040724A6001684A6883681A434A6001681C
:200CC0008A6822F400628A6001688A68C3681A438A60816A6FF07062D14201688A6822F057
:200CE00070628A6001688A680CD0836A1A438A6001688A6822F040528A6001688A68C36A5C
:200D00001A4301E022F040528A6001688A6822F002028A6001688A68037E42EA43028A6075
:200D200090F82010002901684A680FD042F400624A6001684A6822F460424A6001684A68FE
:200D4000174C436A04EB43331A4301E022F400624A600168CA6A22F47002CA620168CA6AD0
:200D6000838B104C04EB03531A43CA6201688A6822F400728A6001688A6890F8303042EAFF
:200D800043228A6001688A6822F480628A6001688A68406942EA8020886010BD00230140DE
:200DA00000E0FFFF0000F0FF18B50023009303098DF8003000F00F008DF8010000206C46CB
:200DC000235C0A2B01D2303300E037330B54401C0228F5DB02201080002018BD1E4C08B55C
:200DE000656810F0EDFD0FF05BFA4FF0E02100200861486188611948016841F020610160B0
:200E000072B60020421E810001F1E021C1F88021C1F88022401C0828F5D31148016841F4B6
:200E200080410160006800F4804000900D48016821F003010160016841F001010160074864
:200E4000001D0460BFF34F8FBFF36F8F206880F3088862B6A847FEE70000FF1F04ED00E06B
:200E600044380240003801401AF0DAFAF0B500F12401C06A42088868CB681344CB60CB6856
:200E8000834206D3CB68CC68B3FBF0F303FB1043CB60002301EB830505F1200454E8006FE4
:200EA000164444E80067002FF8D12C6A844204D928620C6844F400740C605B1C032BE9DB95
:200EC000F0BD00002DE9F04F85B015461C460A460646DDE91010DDE90E733762C6E90341C9
:200EE000C6E901250246B37706F124001CF00EF96648DFF89C91006A38B1006828B1B9F886
:200F0000940201281DD002281BD000208046002D7ED0DFF880A128684FEA074BF0B3F7B34F
:200F20000EF060FDB8F1000F0ED05B4A2968914201D0514508D1B9F894125848022902D083
:200F400002E00120E2E75648B0FBFBF1491C07FB01F2B0FBF2F0491E69600021401EC5E94C
:200F600002102846296111F019FF4B492868884201D050452DD14B4A904215D0B0F1804F40
:200F800012D0494A90420FD088420DD0474988420AD0504508D04649884201E019E016E0BA
:200FA00002D04449884214D114216846FFF796FC5FEA080000D00720009000200190694680
:200FC000284612F0DEFB20B10EF0F6FA01E00020B060ECB12068D8B1F7B30EF003FDB8F1F9
:200FE000000F0BD02C4A2168914201D0514505D1B9F894122948022900D14010B0FBFBF14D
:20100000491C4F43B0FBF7F0491E0025401E00E038E06160C4E902502046256111F0BEFEFC
:201020001D492068884201D050452BD11D4A904214D0B0F1804F11D01B4A90420ED0884249
:201040000CD01A49884209D0504507D01849884204D01849884200E012E013D1142168467F
:20106000FFF73CFC5FEA080000D00720CDE900056946204612F085FB20B10EF09DFA01E061
:201080000020F06005B00020BDE8F08FC0A50020F89E002000040140000800400088130084
:2010A00000C409000000014000040040000C0040004001400018004038B1406828B10068E7
:2010C00018B18168C90703D018E04FF0FF307047816841F0010181600B490C4A0968B1FBDA
:2010E000F2F1102901D20F2105E0B1F5006F03D900BF40F2FE7100BF491EFCD2816841F489
:201100008001816000207047D0050020400D030030B54FF0FF33A0B14168096889B1002234
:201120004CF250340FE08D68ED070AD01546521CA54208D9086820F0080008606FF001005A
:2011400030BD184630BD0D686D07ECD5CA6B82820A6CC2824A6C02838A6C4283086820F044
:201160000C000860002030BD00BF704778B505004FF0FF361BD0686801688868C0070AD11C
:20118000886840F0010088600020009000BF401C00900A28FADB00242846FFF7B9FF00287C
:2011A00006D02846FFF788FF641C032CF4D3304678BD000010B50446006A00286DD0204609
:2011C000FFF7D2FF61684FF488500968486060680068816840F2011211438160E068016807
:2011E00001B9A068006A0068016821F00101016000E000BF0168C907FBD1294981602169FD
:20120000C160E16A49084160A1680A68D2B300215162A2681268136923F001031361E268C7
:20122000126842B15162E16809680A6922F001020A61E16800E0A1680968CA6842F48072E4
:20124000CA60016841F019010160A168154A0868904204D1016A41F4805101620CE0124AB4
:20126000904210D1016A41F001010162A0680068416C41F400414164A0680068016841F078
:201280000101016002E0084611F014FFE068006818B1016841F001010160002010BD000044
:2012A0004C200140000800400000014010B5040016D06068A0B1006890B1A06800F03AF85D
:2012C000E06820B1A168884201D000F033F8616801B3E06838B102682AB1006A58B902E0E6
:2012E0004FF0FF3010BDA06818B102680AB1006A08B9886B70B1006860B1016821F0180172
:201300000160016821F00101016000E000BF0168C907FBD1606800688168054A1140816051
:2013200060680068016821F01E010160002010BDFEFEBFBF00281CD00168002919D0CA685B
:2013400022F48072CA6001680A6822F001020A60084A0168914203D10A6A22F4805205E05E
:20136000054A914203D10A6A22F001020A6211F01DBF70470008004000000140002903D069
:201380000844401E491E884370472DE9FF4F81B01F461546040010D000F0BEF904F58A71E6
:2013A0000091029800F012FC060009D0204601F01DF9304605B0BDE8F08F4FF0FF30F9E71B
:2013C000D4F81401416B006B00F097FD00287ED0D4F81401C16B806B00F08FFD002876D039
:2013E000D4F81401416C006C00F087FD00286ED0D4F8140100F0AFF9002869D0002D67D0DB
:20140000874265D305EB07080027C4F80C71D4F814112E46B946886D60B34D6D2021FFF70F
:20142000ADFF0746B54253D305EB070AC2454FD8D4F81411C86DFF2804D98A6DC969831879
:201440008B4205D9204601F0D1F86FF00300B1E7D4F81C1101EB000B11462846FFF71CFA06
:20146000D4F814015946826D2846FFF754F9A81B07445546D4F81401406B90B12021FFF79F
:201480007DFF284440455CD8C4F8DC50D4F814110546871B4A6BC4F8E020096BC4F8E41050
:2014A00005E0C4F8DC90C4F8E090C4F8E490D4F81401C06BA8B12021FFF760FF28444045D7
:2014C0003FD8C4F80051D4F81411CA6B01E03EE037E0C4F80421896B0546871BC4F8081115
:2014E00005E0C4F80091C4F80491C4F80891D4F81401406C90B12021FFF740FF28444045DF
:201500001FD8C4F8F450D4F814110546871B4A6CC4F8F820096CC4F8FC1005E0C4F8F4900A
:20152000C4F8F890C4F8FC90D4F8DC0078B1D4F8F40060B1D4F81401A8EB0506C06A86420C
:201540000BD2204601F052F86FF0040032E7204601F04CF86FF007002CE72021FFF70EFF39
:2015600000EB070804F59870814600F01DFA482104F5B270FFF7B2F9D4F81401476917F4E1
:20158000706F03D1029900F04EFB07434FF00110E4E959074946C4E9025654F8880C206108
:2015A00054F8840C606154F8640CA06154F8600CE06154F8700C206254F86C0C606244F8CC
:2015C000588CA4F5B274009800F04AFA050004D0204600F0A1F82846ECE601206080002073
:2015E000E8E600002DE9F05F434A4FF000084FF0FF3610684149884204D04149884278D133
:20160000002700E001274FF0000B91461046C2F820B0C2F818B0C2F81CB052688568394C66
:20162000022A02D36FF0010054E06FF0040A102D10D807B175B10121104600F0F3FED0BBC1
:20164000D4F8DC0040B1D4F8F41029B1D4F8E010A94204D250463DE04FF0FF303AE0FFF799
:201660001BF9F4E93D01FFF717F9E068F43C18B1D4F80411FFF710F957B11F48D4F8DC10ED
:20168000243003E010F8012B01F8012B6D1EF9D21C4801F0C5F8060000D40020D4F8F88014
:2016A000B8F1100F01D94FF01008134943463431D4F8F42004E00DE012F8015B01F8015B7B
:2016C0005B1EF9D2B8F1040F04D3D4F8F4100968C9F81C10C9F80C00C9F81060D4F810012A
:2016E000C9F81400C9F818800748C9F82000C9F800B0BDE8F09F0000C836012049414543B6
:201700004B4F4D53ACBC0020434541490149086070470000C436012010B504000ED06088E2
:20172000012806D1D4F8140118B104F58A7000F016F92046BDE8104000F058BF10BD0128B5
:2017400005D0022802D0032803D000207047042070470120704770B5040019D02021606B12
:20176000FFF70CFE05462021E06BFFF707FE05442021606CFFF702FE05442021A06DFFF7BE
:20178000FDFD05442021E06AFFF7F8FD284470BD002070BD10B500F0D5FC40B90548016875
:2017A000491C01D1007D10B14FF4803010BD002010BD00008802002070B500B10120134C07
:2017C0000025207560B100F0BDFC70B1104801F054F80F48FFF7A0FF25756FF0070012E001
:2017E0000B4801F04AF8256104E02068401C05D000F0E4FDBDE8704000F05CBF044801F0D2
:201800003CF86FF001002061F4E7000088020020ACBC002030B5184CC1B00546022802D3A2
:201820006FF0010005E01548B0F8520018B16FF00700206105E06A46284600F030F92061BF
:2018400020B1284600F0FBFE41B030BD2068A84208D109484FF4807269461830FEF7E2FFE4
:2018600000F0ACFD284600F0EAFE2068A842EBD100F020FFE8E70000880200200829002082
:2018800070B50546144C4FF0FF3604F11800FF2D03D0022D08D3700018E04FF480712660CC
:2018A000FFF71CF8002005E00146284600F0FAFA40B126602061094800F0DFFF0748FFF724
:2018C0002BFF04E0217D284600F0ACFD2061BDE8704000F0EFBE000088020020ACBC0020B0
:2018E00010B500F02FFC00280ED0084800F0C5FF0648FFF711FF06480168491C02D06FF05D
:20190000070101610021017510BD0000ACBC00208802002001F0010252420A4203D0FF29F8
:2019200001D9814202D36FF0030070470020704730B5002A0FD0084C11F8013B5840002303
:20194000C50702D084EA500000E040085B1C082BF6D3521EF0D130BD2083B8ED704718B1AA
:201960008069002802D000474FF0FF30704708B5694600F05BF810B16FF0010008BD0098EB
:2019800003C80DF071FE0028F8D06FF0050008BD012805D0022802D0032803D00020704728
:2019A000042070470120704710B504000DD03421FEF794FF4FF001102060012060600348F5
:2019C000A0600348E0600348206110BDD1070308E50203085D19020818B1012804D00020A8
:2019E00070474FF4805070474FF490507047002809D0806811B1096901B10846012803D073
:201A0000022804D0002070474FF4807070474FF40060704708B5694600F008F808B1002078
:201A200008BD009803C8081A401C08BD09B1022802D36FF001007047034A00EB400002EB06
:201A4000800008600020704798EF030808B56946FFF7ECFF08B1002008BD0098006808BD85
:201A600010B58EB0040004D02069002803D021B107E04FF0FF300EB010BD6846FFF794FF1E
:201A800069460868B0F1011F02D14868012802D06FF00700EFE7226908469047EBE72DE914
:201AA000F74FADF5427D0C46C0A9C298FFF7BEFF00280DD1C2981CB9FFF78EFF04000BD020
:201AC0006946204612F094FC6FF0020B38B158460DF5457DBDE8F08F6FF00100F8E74FF402
:201AE0008072694680A8FEF79DFE80A8C29900F0E1F80028ECD1C298FFF739FF0028E7D1F4
:201B0000C098879E4FF0FF39D0F800A006F2FF10470A00252EE045B16019694612F068FC5A
:201B200018B1C09800F040F8D1E74FF40070864200D8304680461DB102466946484606E0DC
:201B4000B8F5807F06D9A8F58072484640A9FFF7EFFE81464246694650460DF035FE28B174
:201B6000C09800F021F86FF00500B1E7C244A6EB08066D1CBD42CED393996FEA09008142E9
:201B800005D0C09800F010F86FF00600A0E7C499C29800F087F9040004D0C09800F004F8F1
:201BA000204695E7002093E71CB500210091019148B10068082269460DF006FE002801D060
:201BC0006FF005001CBD4FF0FF301CBD38B50C00054623D06946FFF729FF00281DD1002146
:201BE000284600F05FF9002817D100980168C4E9001500980268A2604268E2600A6A0AB13D
:201C000003681A44226102684B6A1A446261896A39B100680844A061002038BD4FF0FF3023
:201C200038BD0020F7E738B50A46040004D069461046FFF7FBFE08B1002038BDA08A10F4AC
:201C40007060FAD121460098FFF7D1FE38BD30B450B149B142693AB10B68B3F1011F06D0AE
:201C60006FF0070030BC70474FF0FF30FAE78B686FF00404CBB10068CB68C56AAB4214D398
:201C8000436B23B10D6985B14D699D420DD3C36B23B18D694DB1CD699D4206D3406C30B130
:201CA0000B6A13B14B6A834201D22046DAE730BC084610472DE9F04FC1B00D46040016D0E3
:201CC00040A92846FFF7B2FE002812D14098714E714BD0E90021891A01F10108D4E9002153
:201CE000724059406FF003090A436FD104E04FF0FF3041B0BDE8F08FA1686FF0070601299B
:201D000067D1E168B1F1011F63D1A16C012960D1216911B18068814262D1207DC00755D031
:201D200029462046FFF77FFF054621464098FFF75EFE4FF40067B84201D14FF460600542BE
:201D40004ED0681E05424BD14FF4007A4FF4806B554503D05D4501D0BD4222D1206BFFF73E
:201D600017FE90B3616B81B3B1FBF0F200FB12126ABB554506D100EB4002B1FBF2F002FB10
:201D8000101003E05D4503D1C00005E0F8B908E0BD4206D100EBC000B1FBF0F200FB121060
:201DA000F4E7E06B0028A06B12D0FFF7F1FD60B1E16BB1FBF0F200FB121232B9C000B1FBA3
:201DC000F0F200FB121010B905E002E049E026E008B130468DE74099A0690968884202D0B3
:201DE0006FF0010085E7E069FF2818D9404516D8A16D0546B1B1294A636D1A44B2F5703F91
:201E00002FD2E56DFF2D2CD985422AD25A18934205D8234B9A4202D82944814206D96FF0C5
:201E2000040066E7616DE1B9E16DD1B9616AFFF771FD0028CED1606AA84212D2216A09B13E
:201E4000A9420ED2A06A08B1A8420AD219B1E069FFF760FD28B9A16A29B1E069FFF75AFD6C
:201E600008B1484645E74FF480752A4621466846FEF7D8FC002014902A466946401EFFF732
:201E800057FD216DC043814202D06FF0060030E700202EE7474D494132334543804BFFDF63
:201EA00080740420F8B50D4606466946FFF7BEFD002818D10098314604682046FFF7FAFE7E
:201EC000002810D10098E26901684FF0FF3001F58071A2F58072FFF72BFDE16CC04381429E
:201EE00002D06FF00600F8BD2DB14FF4807221462846FEF797FC0020F8BD00B551B10028D2
:201F00000AD0FFF71CFC30B1B1FBF0F200FB121008B902E008B1002000BD012000BD000036
:201F200002480078C0F3400070470000ACBC002070B5040022D0FFF72DFC0246B0F5703FD7
:201F400000D900224FF470300D4D00590119E960C5E901120B481BF0D9F80B48844207D1AC
:201F6000D5E9010108440949884201D8012000E000206875BDE8704000F020BA70BD000016
:201F80008802002058BE002080B4002080740420002903D00844401E491E88437047000066
:201FA0002DE9F04105002DD01948417D51B3D0E901400619A86D6FF0040750B1696D0844FA
:201FC0002021FFF7E5FF696DA1421ED3B0421CD804462021686BFFF7DBFF04442021E86B4C
:201FE000FFF7D6FF04442021686CFFF7D1FF04442021E86AFFF7CCFF2044B04205D8002004
:20200000BDE8F0816FF00700FAE73846F8E700008802002070B504462021FEF73DFC304806
:20202000314D008820802F48C1896180018AA180418AE18001892181418961818189A1817C
:202040000188E1814188218280886082D5F800034FF6FF71A0FB010140F6E4425310C01886
:20206000002641F100013346FEF7C4F91F4BA082E68293ED000A1E4910EE100A9FED1D1A1C
:20208000DFED1D0A4FF04742884202DDB0EE410A05E010EE100A904201D9B0EE600ABDEE97
:2020A000C00A10EE100A208393ED010A10EE100A884202DDB0EE410A05E010EE100A904297
:2020C00001D9B0EE600ABDEEC00A10EE100A6083D5F8F802A083D5F8F802000CE08370BD61
:2020E000B40100203CB00020A4B90020D805002000FEFF4600FEFF46000000C77FB50E48AE
:2021000000240294406803904FF48C710B48FEF7E5FB0A48651E01230560009403AA02A918
:202120000748019400F016FB054800F0A6FB04480565C0F810417FBDB0EF0308880200208D
:20214000ACBC00200448406820B1D0F8B00008B10120704700207047A4B900200AB10844CE
:2021600002E000207047801A9042FCD2704712B900207047891A9142FCD2884201D3401AD7
:202180007047081A101A70472DE9F74F82B0002502980E466C1EE8B30498FFF7D0FAC8B3E8
:2021A000B6FBF0F100FB1161A1BBB6FBF0F6002E6CD072B63649CB683648C768D1F808A0CB
:2021C000D0F8089062B6896B21B3806B10B3BAF1400F28D3B9F1400F25D32F480068C8B1D3
:2021E00006F13F004FEA9018524640211846FFF7BEFF04464A4640213846FFF7B8FF4FEA1F
:202200008811834640390F4652462046FFF7AFFF394600E007E000904A465846FFF7A7FF4C
:202220008346002730E0204605B0BDE8F08F00241BE0202C01D2164800E0164801D2009A18
:2022400000E05A4601D2214601E0A4F1200102EB410100F09BF803B22A460499029800F02F
:2022600045F9641C6D1C402C01D2B542E1D3524640210098FFF772FF00904A464021584616
:20228000FFF76CFF83467F1C4745D0D30020CBE750B0002094B00020A4B100202DE9FF4F1B
:2022A00089B00024169D09989A460E46671E60B1BAF1000F09D045B10B98FFF740FA20B176
:2022C000B6FBF0F100FB116119B138460DB0BDE8F08FB6FBF0F62EB37019401EB0FBF5F9DE
:2022E00072B62949C868D1F808B062B6896B19B15946BBF1200F16D26846FFF78BFE6F4679
:202300000EE000BFB4FBF5F005FB104122461AF801000B9937F91030099800F0E7F8641CAC
:20232000B442EFD32DE00A462021FFF720FF4FEA49115A462039FFF71AFF009000201DE0EA
:2023400000270FE01AF80700009901EB40010E4800F01CF803B222460B99099800F0C6F81E
:20236000641C7F1CAF4201D2B442EBD35A4620210098FFF7F3FE009008F10100804648458D
:20238000DED30020A2E700001CB1002010B520B1826B12B18368022B01D2002010BD8368ED
:2023A000B1FBF3F003FB1010411CB1FBF3F403FB1411105C515C40EA012010BD70B51748A8
:2023C00000F05BFA1548FFF7A7F9154C6FF007052068401C607D07D020B1A06810B1FFF7D1
:2023E000B1FE28B1256170BD0028FBD00025F9E70B481830FFF7D4FD28B9D4E90232074827
:202400002168FEF7C2FF20610028ECD1207D0028E9D0BDE87040014800F028BAACBC0020A1
:20242000880200202DE9F0470E46284980468946FFF738FD254C05004FF0FF37A4F1180484
:2024400002D0276025612EE0C4F80080FFF77AFE0546607D10B1A06800B185B11C4800F0B9
:202460000CFA1B48FFF758F96FF007002061002E03D0002D01D000212175BDE8F087484665
:20248000FFF78EFD206130B9D4E9023210482168FEF77BFF206105000DD04FF480714846EB
:2024A0002760FEF71BFA0A4800F0E7F90848FFF733F92846E1E7064826B100F0D7F90120BB
:2024C0002075F6E700F0D9F9F3E70000A0020020ACBC0020002806D0002904D00A46014612
:2024E00001480BF0FFBA7047A4B90020012906D002290DD0032901D1190A8154704700EE08
:20250000103A00EB8200B8EEC00A80ED000A704720F8123070470000F8B5324C4FF0FF30BC
:2025200005466188012935D1D4F81421002A31D0D4F8DC1000292DD0D4F8E010002929D04F
:20254000D4F818111046DC34FFF76DFB074674E83701FEF7A1F90826B7F5807F09D0B7F5F4
:20256000007F0DD0B7F5806F15D0B7F5006F10D118E0DC3494E80700DC3CFFF705FE06E001
:202580000320DC34009094E80700174B11E0050013D02846F8BDDC34009694E80700124B11
:2025A000103306E00920DC34009094E807000E4B1833DC3CFFF772FEE9E7D4F8000170B1C6
:2025C000D4F8041159B1FEF767F904F580740096054B94E807000833FFF760FEF8BD002001
:2025E000F8BD0000ACBC0020B0EF030810B504461C2100F58A70FEF771F9342104F5987004
:20260000FEF76CF9482104F5B270FEF767F900209CB104F19C02C4F8DC2003214023C4E99B
:202620003831C4E93F10C4F804015032C4F808010823C4F80C01C4E93D23608010BD70B55A
:20264000CAB0064628216846FEF748F93046FFF7FDF905463046FFF7DDF904460AA9304625
:20266000FFF720FC18B30021AD228DF800209B228DF801208DF802608DF803100394CDE9B9
:20268000010549B1119804900F9805901F9806901598079017980890DA208DF824008DF8C1
:2026A000250026216846FFF715FF4AB070BD0121DAE7000010B588B020216846FEF70EF904
:2026C000224900204A7D02B101200A68531C01D040F002000B7D0BB140F004001C4B1C787D
:2026E000A40701D540F008005B88012B01D140F01000AD238DF8003099238DF801308DF884
:202700000200022A01D2D0B200E0FF208DF80300086901904868029088680D49039001F1A0
:202720008000D1F8E0100491806F05900848D0F810010690DA208DF81C008DF81D001E210C
:202740006846FFF7C7FE08B010BD000088020020ACBC00202DE9F05F9B46DDE90A86154662
:202760000F4604004FF0FF3A58D0EFB3E5B3FEF7D3FF20784FF00009C00706D0D4F8E8002E
:2027800018B1FDF710FEC4F8E890A4F800903888A0807888E080288820816888608184F830
:2027A00054B0A4F8568000201EB1404501DA315C00E000212218401C11744028F4DB20460E
:2027C000FFF714FF402204F19C0104F158001AF09DFC002049462218401C82F89C10402839
:2027E000F9DB0020221800E018E0401C82F8EC100828F7DBA08840B1E28832B15043FDF712
:20280000A3FDC4F8E80048B101E0C4F8E810208840F0010020800020BDE8F09F5046FBE7A1
:2028200070B5040002D02078800702D44FF0FF3070BD0D4E75686088012807D016F035FFB3
:202840007068401BC4F81001206D70BD04F5B27104F58A70FFF7FBF97168491BC4F81011AB
:202860000028F2DB206570BD001000E0002803D0018841F0020101807047002803D001884D
:2028800021F00201018070471FB51B4C206808B1002000E001204FF48071CDE90210174BF1
:2028A0004A00CDE90023164A1649174806F008FDB8B14021104809F001FD206BC8B1134963
:2028C00013480123828BC06892B2CDE90202CDE9001310481049D0E909231048FEF7F2FAAE
:2028E0001FBD06F0FDFE14220D49074806F036FEE3E70021E4E70000A4B100200004024095
:20290000E02F0120242B012024C20020007102000CF70420C0A50020DC2A01209CC200204D
:2029200028B000202DE9F0411E4F3878002834D01D4E0024B6F89402012830D01B4D012189
:2029400085F8F0121A48A5F8044380F88C10C16BC0E910148464284617F09AFC08B10CF0FD
:202960002BFE286870B1816B61B1D6F83402884202D0104806F0A6FF0F48C6F898020D48E8
:202980000AF0B5F807480DA180300A6882638988818780F83E403C700120BDE8F0813C70EE
:2029A0000020FAE798010020F89E0020A4B9002008A60020F86E0020A4B10020434536346F
:2029C000585F000070B5002100B10170114AD2E90243A3421BD9B3F5004F18D9156CA54254
:2029E00015D3A3F500439C4211D21A1B0FD02B1B934200D9134608B10124047064245008C0
:202A0000E3FB04010023FDF7F5FCC0B270BDFF2070BD0000082900202DE9F04180464748F3
:202A200086B00025016841F002010160016801F002010591016841F00401016000681421AD
:202A400000F0040005906846FDF748FF4FF4804401260094CDE90165394F694638460395D9
:202A60000DF0B6FD6000CDE900060320CDE90250694638460DF0ACFD0122214638460DF087
:202A8000A2FE3048006808B917F0A0FB2E4CD4F8B00218B94FF49640C4F8B00284F8B55280
:202AA00028492A4806F00EFF294805F0C2F9294805F0BFF92748322227497A38FDF72BFEEF
:202AC000B8F1000F07D064200DF00CFC1F4805F07BFC00B325E01A481830016841F480414A
:202AE0000160B4F8AC1221F00801A4F8AC12016841F000410160B4F8AC0220F08000A4F8D5
:202B0000AC02D4F8340204F52B740BF0A5FF208840F00200208010481438016841F0020113
:202B200001600E48C16841F02001C160C16821F40051C16006B0BDE8F0810000303802401C
:202B400000080240F02E0120905C0020902C002024640020C05F002050020020001001405A
:202B6000F0B5154EADF5017D0446022821DA4FF4007739466D4601A8FDF7B0FE0F483A46B0
:202B80004068009004F191008DF80100DA208DF802028DF803020A4800EB4421A81CFDF78A
:202BA000BAFD3A1D6946304602F002FB304607F04CF80DF5017DF0BD902C0020D4ED03086D
:202BC000A4B5002070B5ADF5816D4FF40075184E2A46184981A8FDF725FE174C0DF20442F0
:202BE0002046218A03F08AFEE068DDF80414401AC59029466C4601A8FDF770FE0F482A4672
:202C000081A900680090DA208DF802028DF80302A01CFDF780FD2A1D6946304602F0C8FA38
:202C2000002802D1304607F010F80DF5816D70BD902C0020A4B1002008290020D4ED030899
:202C40002DE9F041394800683849091D0968C0F3015101EB8101C0F3034202EB4102C0F3DE
:202C6000023101EB8101C0F3032303EB4101C0F3021303EB830300F00F0000EB43004FF4FE
:202C8000616312FB03F2C1EB011102EB81010C182748D0F8DC02274D10F0020F264E4FF0D0
:202CA000010001D028743EE0297C0029FAD0A86F201A3044B0FBF6F106FB11004AF6C00186
:202CC00088422ED21D48B0F8AC1240F60842114227D1D0F8381211F4844F22D1A0F50051D1
:202CE000D1F80C1900291CD1D0F82412002918D1D0F88817002914D1D0F8EC0B002810D183
:202D00000F4807460AF07EFD082239460D4805F0E9FC40B114F10104B4FBF6F006FB1040E1
:202D2000A867BDE8F0810C34F6E7000000280040A4B900209801002080510100905C0020D5
:202D40008A5F0020902C00200848D0F84C0100B90748D0F81011074AB1FBF2F20649A1F86F
:202D60009A220089A1F89E027047000008290020A4B1002080841E00905C002010B504461B
:202D800000F016F8002C12D0002810D0017B890702D5416901B12181017B490701D58169B2
:202DA0006160017B090702D5C069C4F8A40010BD10B50748074C084BD0E9002162405940CA
:202DC0000A4302D18168012900D0002010BD000000C0000847464344323345430C4808B529
:202DE000016841F080510160006800F0805000900EF074FB074A102107480FF09AF801225D
:202E0000112105480FF095F80EF05CFB002008BD4038024007B032CE782B01200A48416E37
:202E2000C26F01EB410189088A4204D3C16F426ED243914206D30089012803D1012102486C
:202E40001AF00EB97047000010C300201FB50F48C06A4FF0FF34A0B100F022F80C48202140
:202E60000822CDE90002CDE902010A490B488B698A68094902F07CFC002800D0204604B05D
:202E800010BD064802F0ECFBF8E70000A4B10020000402400CF70420482C012010C30020F5
:202EA00016F016BA2DE9F0411AF002F90026294A35463046D2F8042031468C2400EBC003A3
:202EC00004EB8303D3589E194D41401C0628F5DB3046294600F046F81F4C0746E06A10B9D5
:202EE000FFF71EF800B1052731461C4E31607560B7602168F160E16A3161216B7161FFF780
:202F00000FF8E16A01B1012141EA4000F06107F01FFA10B106F00EF948B1206868B12068DF
:202F200040F2E241884208D8E06A20B105E0002017F062FB04E0206B00B1384617F0AEFAC1
:202F400017F0EEFB06480068B0610BF0E5F90020BDE8F081A4B90020A4B10020ACA7002046
:202F6000D0050020124B00221B1A8A4101D300207047104B00221B1A8A4101D30120704709
:202F80000D4B00221B1A8A4101D3022070470B4B00221B1A8A4101D303207047084B00226F
:202FA000181A8A4101D304207047052070470000A2170F00831F1400452F1E00073F28000B
:202FC0008B5E3C0010B504462DED028B403091ED000A0BF02FFEB0EE408A84ED008A04F59A
:202FE00062700BF027FEA06A012820D0F0EE408A41F23871B0EE680A60180BF01BFE84ED2B
:20300000010A84ED048AC4ED058A002104F5D4500BF0CEFE41F6A820005DC0070AD0BDECBB
:20302000028B2046BDE81040002100F001BEF0EEC08ADDE7BDEC028B10BD704770B50446C3
:203040002DED028B0D4691ED000A40300BF0F2FD606A012801D1B0EEC00A41F2F031F0EE35
:20306000408A60180BF0E6FD84ED000A95ED010A04F562700BF0DEFDA06A012834D0B0EEB2
:20308000408A00BF41F23871B0EE480A60180BF0D1FD84ED010AC4ED048A84ED058A94ED5E
:2030A000000A002104F5D4500BF082FE41F6BC2094ED010A012120440BF07AFE04F58055E7
:2030C00095F8A80AC00703D00021204600F0B0FD95F8E40AC0070AD0BDEC028B2046BDE896
:2030E0007040012100F0A4BDB0EEC08ACAE7BDEC028B70BD2DE9F04704462DED0A8B0D4618
:20310000403091ED000A0BF095FD41F2F030F0EE408A20440BF08EFDB0EE409A95ED010A40
:2031200004F562700BF086FD41F23870B0EE408A20440BF07FFD69EE090AF0EE409A48EED0
:20314000A80A10EE900A1BF0E3FB41EC100B19F0EBFA51EC100B1AF0F7FC69EEA90A206027
:2031600048EE080A10EE900A1BF0D2FB41EC100B19F0DAFA51EC100B1AF0E6FC6060C4EDBD
:20318000048A84ED058A94ED000A002104F5D4500BF00EFE41F6BC2294ED010A0121A01856
:2031A0000BF006FE04F58057002697F8A80AC00700D0012618EE900A1BF0AAFB41EC1A0B79
:2031C00019EE100A1BF0A4FB41EC100BB0EE4A1AF0EE6A1A18F0A4FA51EC100B1AF0B4FCC0
:2031E00009EE100AE06A594D4FF0010890ED5D0AD0ED618AB4EEC09AF1EE10FA02DA002613
:20320000C5F808809FED52AB9FED53BBF4EEC08AF1EE10FA21D218EE900A1BF079FB53ECE0
:203220001A2B1AF0C3FC1AF08FFC08EE900AA86840001AF070FF53EC1B2B1BF019F841ECC4
:203240001C0B19EE100A1BF063FB53EC1C2B1AF0ADFC1AF079FC09EE100A4FF00009B4EE0A
:20326000E89AF1EE10FA03DB002000F0F1FC06E02EB10021204600F0DBFCC5F8089097F811
:20328000E40A0026C00700D0012618EE100A1BF03FFB41EC180B19EE900A1BF039FB41EC9A
:2032A000100BB0EE481AF0EE681A18F039FA51EC100B1AF049FC08EE900AE06A90ED5D0AF3
:2032C00090ED618AF4EEC08AF1EE10FA02DA0026C5F80C80B4EEC08AF1EE10FA21D218EE58
:2032E000100A1BF015FB53EC1A2B1AF05FFC1AF02BFC08EE100AE86840001AF00CFF53EC8B
:203300001B2B1AF0B5FF41EC190B18EE900A1BF0FFFA53EC192B1AF049FC1AF015FC08EED1
:20332000900AF4EEC88AF1EE10FA06DB012000F08FFCBDEC0A8BBDE8F087002EF9D00121E6
:20334000204600F075FCC5F80C90F2E700000020112D4454FB211940112D4454FB210940CE
:2033600070B504462DED028B0D4691ED000A40300BF060FC606A012801D1B0EEC00A41F235
:20338000F031F0EE408A60180BF054FC84ED000A95ED010A04F562700BF04CFCA06A012858
:2033A00030D0B0EE408A00BF41F23871B0EE480A60180BF03FFC84ED010AC4ED048A84ED40
:2033C000058A94ED000A002104F5D4500BF0F0FC41F6BC2094ED010A012120440BF0E8FCAA
:2033E00004F5805090F8A81AC9070ED090F8E40AC0070AD0BDEC028B2046BDE870400021E3
:2034000000F016BCB0EEC08ACEE7BDEC028B70BD2DE9F05F04462DED028B00F58059C162A3
:20342000002004F50056C9F8F82A9FED3A8A93468846A6F82C030546824600BF04EB450769
:20344000F88B20F40060F883A08B052809D90BEB4520D0F884100A2903D250F8841F1831CD
:203460000160284600F0F2FB2946204600F0D2F92946204600F054F804EB8501012007F56D
:2034800080574862A7F818AFA7F81CAFB6F82411C01EA8400140A6F82411B6F828110140F6
:2034A000A6F82811002004EB052100BF01EB800202F50052401C82ED4B8A4028F6DB6D1C28
:2034C000022DBBDBE06A90F840016083D8F87021D8F86C11204600F017FAC4F82C80D8F8E4
:2034E000A400A083A4F822A0AD2189F8201FAE2189F8211FDA2086F8220186F823010648FE
:20350000E06306480068BDEC028BBDE8F05FFDF7C5B8000000000000253D0208282800401B
:203520002DE9F84306460F46C06A40F2E24108B1406B00B9084680B2B0FBF1F1C7EB071027
:20354000C0EBC00006EBC00505F5DA6005F5566404294AD004DC012972D002292FD15AE06A
:20356000082915D010292AD1DFF80081032308F14802A2F12401CDF800800BF0ABFB08F1A9
:20358000480220460323A2F12401CDF8008014E0DFF8D880032308F16C0808F14802A2F1CC
:2035A0002401CDF800800BF095FB08F1480220460323A2F12401CDF800800BF08BFB41F692
:2035C000F820805900EB472241F2F030291805F1400006F003FDC7EB071006EB8000BDE807
:2035E000F84300F5D4500BF0ABBBDFF88080032308F1D80808F14802A2F12401CDF8008000
:203600000BF068FB08F1480220460323A2F12401CDF80080D1E7DFF858800323A8F1FC025C
:2036200002F59071CDF800800BF054FBA8F1FC022046032302F59071CDF80080BDE7FFE719
:20364000DFF82C80032308F1480808F14802A2F12401CDF800800BF03DFB08F1480220465C
:203660000323A2F12401CDF80080A6E7CCEB030810ED03082DE9FC4789460446002500F544
:20368000805600BF04EB8508D6F8F80AD8F8303000EB452001AA49469847C5EB0510C0EB40
:2036A000C00004EBC00000F5DA6007469DED010A0BF0C0FA88ED020AD6F8F80A6A4600EBE9
:2036C000452049460BF0E4F938469DED000A0BF0B1FA6D1C8DED000A022DD3DB208B618BE5
:2036E000884227D100202083014604F5005000BF04EB0122B0F82C339DED000A02EB8302D7
:2037000002F50052491C82ED4B0A0229F0DB90F82C13491C01F03F01A0F82C1304F108010F
:20372000A26B0D4620469047E26B294620469047BDE8FC87401C2083FAE710B500F5D85108
:203740000446D1E90223521E43F1FF33C1E90223D14371EA030107D100F008F82046BDE855
:203760001040002100F064BA10BD00002DE9F04100252DED028BC16A09B1496B09B940F25D
:20378000E2418FB200F5D854FCF7A4FD00EE100ADFED170AD4E90060B8EEC00A801B60EEA5
:2037A000200A00EE100AB8EE400A20EE800A10EE100A1BF065F936184D4138461AF0C2FCAC
:2037C0009FED0C1B53EC112B1AF0ACFA41EC180B304629461AF0CAFC53EC182B1AF048FD35
:2037E0001BF012F9C4E90201BDEC028BBDE8F08100000030000000000000244004490A8C40
:2038000022F4805242F400520A8408F067BF0000980100202DE9F043C56A85B00E46044688
:203820004FF000090DB1686B08B940F2E2401FFA80F841F6F820678B005900EB462104EB2E
:20384000860030300BF050F905EB860006F0FF0CD0F8E830D0F8D82050F8A81F0DF1040E08
:203860008EE80E100169009190ED160A016C016B01680069D5F8FC30D5F8F820C6EB0610CC
:2038800004EB8000414600F5D4500BF05FFA31462046FFF745FEE06AD0F8A40080B2A083A4
:2038A0006783A4F81890082809D2DFE800F004060F11131517190B4800E00B48A0630B48BA
:2038C000006805B0BDE8F043FCF7E8BE0848F5E70848F3E70848F1E70848EFE70848EDE792
:2038E0000848EBE73B3002084D390208282800403D300208C52F0208613302083B37020882
:20390000B1390208F530020800F5805303F5306306C3FFF72BBF000030B442F22412002317
:2039200011521A465FF0010505FA02F40C4200D00123521C022AF7DB1BB10349C16330BCA4
:20394000704730BC00F0CCB9593C020810B504462DED028B403091ED000A0BF06BF9606AD9
:2039600001281ED0B0EE408A41F2F031B0EE480A60180BF05FF984ED000A84ED048A00211E
:2039800004F5D4500BF014FA41F6A820005DC0070AD0BDEC028B2046BDE81040002100F062
:2039A00047B9B0EEC08ADFE7BDEC028B10BD000070B504462DED068B403091ED000A0BF049
:2039C00039F941F2F030B0EE408A20440BF032F9B0EE409A69EE090A48EE080A10EE900AAE
:2039E0001AF096FF41EC100B18F09EFE51EC100B1AF0AAF8206084ED048A18EE100A1AF08F
:203A000087FF41EC1A0B19EE100A1AF081FF41EC100BB0EE4A1AF0EE6A1A17F081FE51ECB4
:203A2000100B1AF091F808EE900A18EE100A1AF06FFF41EC1A0B19EE100A1AF069FF41EC9E
:203A4000100BB0EE4A1AF0EE6A1A17F069FE9FED311B51EC100B53EC112B1AF063F99FEDDC
:203A60002F9B53EC192B1AF003FC53EC192B1AF09DF81AF069F86060606194ED000A002136
:203A800004F5D4500BF094F941F6A8200025005DC00700D00125E06A90ED5D9A90ED618A1D
:203AA000B4EEC98AF1EE10FA0DD218EE100A1AF02FFF9FED1C1B53EC112B1AF077F81AF030
:203AC00043F808EE100A194E35B1F4EEC98AF1EE10FA01DBC6ED018AD6ED010AB0EE680A38
:203AE00019F0C6FFB4EEC80A86ED010AF1EE10FA05DB002000F0ACF8BDEC068B70BD002DF5
:203B0000FAD0BDEC068B20460021BDE8704000F08FB80000112D4454FB2109400000000053
:203B2000004CCD40112D4454FB2119400000002010B5838B00F5D45141F6BC244FF4006218
:203B40002044082B06D2DFE803F005040606060404068A6210BD8A62826210BD0348018CE5
:203B600021F4005141F48051018470479801002070B52B4C0500A08B02D0012D06D102E05F
:203B800040F0010001E040F00400A0832548D0F8A00001283FD10CF01BFE214B0021A83331
:203BA00053F82520861A71EB01060E4606D2821A66EB0101521E41F1000102E0821A66EBE5
:203BC000010143F825000A2300209A1A884122D21548418801290DD1007880070AD5FEF7C4
:203BE0009BFC18B91048FEF71BFE18B1A08B40F400600FE0A08B20F40060A0830120A840B5
:203C0000C1B20A4809F006FB35B1012D03D1A08B40F00800A08370BDA08B40F00200F9E70D
:203C200098010020A4B10020ACBC0020F86E002010B500F500500123B0F826218B401A4303
:203C4000A0F826210846FFF793FF10BD00BF704700BF704700BF704730B51F4900F580526C
:203C60000C88B2F8183F641CA4B20C80022C32D100240C8090ED020A00EB430404F58054E4
:203C8000BDEEC00A10EE101AA4F8181B00F5005191F82641E4071AD0B2F81C4F651CA2F87D
:203CA0001C5F802C13D3B1F8264124F00104A1F82641B1F8244124F00104A1F82441074C56
:203CC000C463B1F8280140F00100A1F828015B1CD8B2A2F8180F30BD00000020253D0208BD
:203CE00070B50F490022C1631346951E00F5005100EB420404F58054A4F8183FA4F81C3FC7
:203D0000B1F8246105FA02F42640A1F82461B1F82861521C2640A1F82861022AE8DB70BDB8
:203D2000253D020800BF70472DE9F04100F50055044695F828010026012710F0010F2BD0B7
:203D400004F580510022B1F8180FA1F8182FA1F81C2F114604EB462202EB400304EB410CC9
:203D600003F580530CF5805C401CB3F8183B491CACF8223FC0B2FF29EEDD4FF4017204F5C3
:203D8000F951304600F00CF8B5F82801B740B843A5F828010148E063BDE8F081593C0208A0
:203DA000084810B5D0F8DC0200F00200401C07D0054805F0CDFEBDE81040034805F045BFDD
:203DC00010BD0000A4B90020902C00202DE9F04FFF482DED088BADF5137DFE4D869005F5E7
:203DE000C0508E90FC48DFF8F483F6EE008A9FEDFC8A9FEDFC9ADFEDFC9A919005F5DA60AA
:203E00004FF0010ADFF8E493F94E05F5805B9290B9E200BF0CF0DCFCF64FC7F8E802849C90
:203E20002078892873D04ADC302871D022DC13286FD010DC0428EBD006DC01286AD002287D
:203E400069D00328E4D1E8E00528E1D0112874D01228DDD15DE1202870D004DC14286ED01E
:203E60001528D5D199E121286AD0222869D02328CED14CE250287BD010DC402879D006DC85
:203E8000312877D0322876D03328C1D1B1E2412872D0422871D04328BAD11AE380286DD034
:203EA00006DC51286BD060286AD06128B0D12FE3812866D0822865D08428A9D19DE39D2865
:203EC0007AD017DCA0F18A001228A1D2DFE810F0DE035B0204043D045B02EC04750578054B
:203EE0007A057E05A705CA05D205E705F005F9055B02FC05AE287DD015DCA1287BD00BDC22
:203F00009E2879D09F2896D0A0289BD1FEE39DE33AE20EE11DE050E0AB286ED0AC286DD076
:203F2000AD288FD1F3E3F12869D00BDCBA2867D0BB2866D0F02885D1EAE3A4E069E109E118
:203F400086E1AAE1F2287DD0F3287CD0F42888D1FAE34FF40072A8496846FCF763FC94F81D
:203F6000913069468DF8903091204FF488720AE0B4E25CE218E220E266E27CE2CEE2B6E2F6
:203F8000BAE2E6E2FCE223185B780B54401C9042EDDB084601F06DFF002887D14FF400729C
:203FA00069469548FCF73EFC944A93498948FFF72FFA09F077FD15E2FDE34FF400726846F7
:203FC000611C01F05DFF684601F015FF00289CD18B488090894882908098CDF80CD200212D
:203FE000416180984FF400748161809880218160809807E0FDE3FDE3FDE3FDE3FDE3FDE395
:20400000FDE3FDE30CF0BEF828B9DDE98221234680980CF021F9002128E04FF400726846C1
:20402000611C01F02DFF684601F0E5FE00288ED173488090CDF808D291984FF40074002172
:20404000839001E0FEE3FEE3809841618098816180988021816080980CF094F828B9DDE915
:204060008212234680980CF0F7F801215948FFF7D1FB09F017FD00BFD7F8DC0240F008000A
:20408000C7F8DC02C4E6607800F00F00042805D8607800F00F015848C0F8A4105648D0F8AF
:2040A000A41029B9DBF8A81A41F40062CBF8A82AD0F8A41002290BD1DBF8A81A41F40062FA
:2040C000CBF8A82ADBF8E41A41F40062CBF8E42AD0F8A41004290BD1DBF8A81A41F4006261
:2040E000CBF8A82ADBF8E41A41F40062CBF8E42AD0F8A4000328C5D1DBF8A80A40F40061AB
:20410000CBF8A81ADBF8E40A40F40061CBF8E41A7EE6012003AA0021849B1B5C5354401C17
:20412000491CC0B20429F7DB33480399C0F814116EE6012003AA0021849B1B5C5354401CD9
:20414000491CC0B20229F7DB2B48BDF80C10C0F820119DE063780220022B93D26A46002181
:20416000849C245C5454401C491CC0B20429F7DB13B1012B86D106E08E989DED000A80ED71
:20418000A50A144842E08E989DED000A80EDB40A1C4800BF08F0A2FA3AE66278022AB7D2A7
:2041A00069460020849B03449B780B54401C0428F8DBC2EB021005EB80009DED000A00F545
:2041C000C05181EDA60AD1EDA70A20EE200A1BE0902C0020D8050020A4B7002094A1002065
:2041E000000000006666663FCDCCCC3D98010020F89E0020A4B90020A4B10020A4B50020D2
:20420000802F01209420002081EDA50A00F5D450C0E714216846FCF761FB1422611C68468A
:2042200001F02EFEF7490098CBF8840AC1F8D8000198CBF8880AC1F8E8000298CBF88C0A25
:20424000C1F8B8000398CBF8900A41F8A80F1DE014216846FCF742FB1422611C684601F0A3
:204260000FFEE8490098CBF8C00AC1F8DC000198CBF8C40AC1F8EC000298CBF8C80AC1F88F
:20428000BC000398CBF8CC0A41F8AC0F04980862DC49DD4808F0E8FCBAE51C2187A8FCF710
:2042A0001DFB8F9F012F29D97F1E1C2F00D91C273A46611C87A801F0E3FD4FF40074224666
:2042C000D2496846FCF7AEFA8798239088982190899820908A988DF800008B988DF80100B6
:2042E0008C988DF802001C2F02D38D988DF80300684601F080FD0028CED101E00027D7E79D
:2043000022466946C148FCF78DFA002138E01C2187A8FCF7E3FA8F9F012F29D97F1E1C2F46
:2043200000D91C273A46611C87A801F0A9FD4FF40074224668469199FCF774FA8798239074
:2043400088982190899820908A988DF800008B988DF801008C988DF802001C2F02D38D987B
:204360008DF80300684601F046FD002894D101E00027D7E7224669469198FCF753FA0121DE
:20438000A348FFF7CDF881E2A2A00522D0E90010CDE900106946869800F00AFF869805F043
:2043A00054FC07F033F871E207F06EF89BA00522D0E90010CDE900102FE30020ADF8000013
:2043C00002226846611C01F05BFDBDF8000044F62063984200DC03464FF0FF32002191486A
:2043E00019F0C0FAD7F8E00240F04000C7F8E00242E600200090019002900C226846611CE4
:2044000001F03EFD009844F62061884200D801467C4881620199102900D91021C1628249C2
:20442000029A8A4200D811460163836AD4E7D7F8DC0240F00200C7F8DC027C48016841F0FF
:20444000004101607AA00EE0D7F8DC0220F00200C7F8DC026B48006820B97448016841F408
:204460000041016073A00322006800906946664808F093FE0AE260780006607800F07F0073
:204480000FD440288FD2EFF3108772B661785D48C0F81811002189F80C100121A0F5AA70E1
:2044A0000DE01028E6D2EFF3108772B661785548C0F81811002189F80C100121883806F091
:2044C000DAF95048CC3806F0ADF9002FD2D162B6DCE161784E48FFF71FFAD7E156480168ED
:2044E0000906FCD54749D1F81C114160CEE1D7F8E00240F0020025E36478E00702D0002066
:20450000FFF736FBA007B5D50120FFF731FBBDE16178A278434809F06DF9B7E143480168F9
:2045200041F000410160444801680906FCD543A00122006800906946869800F039FE8698C3
:2045400005F083FBB8F8001041F00801A8F800109CE13648016841F0004101603648016820
:204560000906FCD536480FC88DE80F00354801680868CDF80100886ACDF805000D224CE24D
:204580002A48016841F000410160B8F80010404649072DD590ED020AD0ED010A30EE601AEC
:2045A000D0ED060A90ED030AC08CADF81400AD208DF8000082208DF8010011EE100A8DF887
:2045C00002A0CDF8030010EE900A6946CDF8070010EE100ACDF80B00BDF81400ADF80F00F9
:2045E000DA208DF811008DF8120013221648B5E3D7F8E00240F00100A4E2E07805F0FEFFB7
:2046000044E10000A4B10020F86E0020A4B50020D80500205A5A30A5A50000005A5A31A54C
:20462000A5000000A4B9002000710200180802403C403E003C413E0000100140800000003D
:20464000E4ED0308782B0120902C0020FA4809F05BFBA8F800A089ED098A89ED0A8A89ED84
:204660000B8AD7F8E00240F00100C7F8E002F348B0F8941221F0800141F04001A0F8941257
:20468000B6F894020128BBD1EDA0ECE6042205A8611C01F0F5FB849914226846491D01F039
:2046A000EFFBB8F8000044460428A9D089ED098A89ED0A8A89ED0B8A002205A9E1480DF01D
:2046C000C1FE00226946DF4807F09EFCDA4809F01BFBA4F800A0D9E008220DA8611C01F01F
:2046E000CFFB849908220FA8093101F0C9FB0DA90FA809F0D5FCD44880ED010A90ED010AB0
:20470000CD4809F01BFB002208A902E013E28BE227E3CC480DF01AFD002207A9C9480DF04C
:20472000F3FC3C208DF800008A208DF801000798CDF80200142208A90DF10600FBF7EBFF4C
:204740003E208DF81A00A1E0F3E3082209A8611C01F096FB849908220BA8093101F090FB7B
:20476000849908220DA8113101F08AFBB54F0024224604A938460DF0E9FC22460FA938464A
:204780000DF0C2FC9DF811009DF81210C0EB001001EB80000290059942F20F70401A03900A
:2047A00009A90BA809F07CFCF0EE40AA02A90DA809F076FC00E096E1B0EE40BA09A93AEEC7
:2047C0008B0A02A860EE28BA09F06AFCB0EE40AA0BA90DA809F064FC3AEE40AAB5EEC0AAA2
:2047E000F1EE10FA25DD1AEE100A9849884220DA07E036E2A9E196E1CEE1E4E1ECE24CE297
:2048000077E2B0EE6B0A8C4809F098FA99ED090A4846B5EEC00AF1EE10FA04D9B4EEC0AA67
:20482000F1EE10FA05D280ED09AAC0ED0AAA89ED0BBAB5EEC0AAF1EE10FA84DD2AEE280A5B
:20484000404601E0FCE233E3D8ED040AF5EEC00AF1EE10FA06D9D0ED040AF4EEC00AF1EE5F
:2048600010FA01DD80ED040A90ED030AB5EEC00AF1EE10FA90ED040A06D9D0ED030AF4EEDF
:20488000C00AF1EE10FA02DD80ED030AB5E3D0ED030A9FED6F1A60EE810A9FED6E1A40EE7A
:2048A000010AC0ED030AA8E3002005900422611C05A801F0E5FA0598C7F8F802614C0022AE
:2048C000694620460DF042FC002208A920460DF01BFC9DF801009DF80210C0EB001001EB57
:2048E0008000019A42F20F71891A0A22B1FBF2F100EB4002C2EBC01001EBC000C0F313016E
:204900000091059C210D02910099C7F8FC12AD218DF80C108F218DF80D10CDF80E00DA20B0
:204920008DF812008DF81300082203A94A4800F03FFC869805F089F9029960180099C0F3C1
:204940001300081AB0F5002F02DDA0F5801004E010F5002F01DA00F5801000EE100A9FED3E
:204960003F1AB9F81A00F8EEC00A002836484C4680EE810A1CD0D0ED020A60EE890A40EE6E
:20498000290AC0ED020A3048D0ED020A70EE600A90ED030A20EE090A60EEA00A00EEA90ADE
:2049A00080ED030A09F058FB608B401C608324E380ED020A80ED038AE5E7FEF703F91CE3D1
:2049C000002000E00120FEF7CBF816E32448016841F00041016060780228E8D2AD218DF84E
:2049E000001093218DF801108DF80200C0EB001005EB8000A0F26C5000F500500168CDF8EA
:204A000003104168CDF807108068CDF80B00DA208DF80F008DF81000112269469DE18F999B
:204A20000020032903D36178A07841EA0020A9F8180089F80AA0E0E294A10020905C002011
:204A40003C893E00782B0120180200200000404052B87E3F0AD7A33B902C002000007A44B5
:204A600018080240607800B9012089F8080089F807A0C2E2002000908F98022801D364781C
:204A800000E0FF24062805D3849904226846891C01F0F6F920460099FCF7BCFEADE28F9835
:204AA000022801D3607800E0FF20FCF7E9FEA4E28F98022801D3607800E00020FCF77CFE57
:204AC0009BE2FDF7F7FD98E28F98022804D36078FF2801D0607803E00020FDF7B0FD012062
:204AE000FDF7ADFD89E2FE48016841F000410160AD208DF800009D208DF80100F948018BC9
:204B0000ADF80C10408BADF8080088B2ADF80200BDF80800ADF80400DA208DF806008DF80B
:204B20000700082279E7607810B106F0BBFD64E206F0DEFD61E260780A289AD1D7F8E0021D
:204B400040F00400C7F8E00257E264781CB1012C01D0022C8DD1B6F89402012817D1012C92
:204B600002D0022C02D012E0022000E00120DEA10422096801918DF8060001A9DB4808F056
:204B80000CFBDA4805F028F902200BF0ABFB204607F03EFDA12079E06078BA2887D1B6F8A1
:204BA000940201280DD1D2A00422006800906946CE4808F0F2FACD4805F00EF902200BF0F1
:204BC00091FBAB2062E06078CA288BD1B6F8940201280DD1C7A00422006800906946C3488C
:204BE00008F0DBFAC14805F0F7F802200BF07AFBC149AC20486001200BF074FBB84C2068D4
:204C000040F08040206014200BF06CFBBBA1BE4813F052F864200BF065FB206840F4804084
:204C20002060FCF7DBF8E8E16078DA288CD114216846FBF753FE684614F0E0FEB3A0022201
:204C400000680590B2A005A900680690869800F0AFFA12226946869800F0AAFA022206A93A
:204C60007BE0B6F8940201280DD1AAA003220068009069469D4808F090FA9C4805F0ACF894
:204C800002200BF02FFBFEF7A9F8AE209A49486001200BF027FB16F0B1FB9F48B0F850000F
:204CA00010F0050F7DD000270422611C87A8879701F0E6F8AD208DF80400BA208DF80500F3
:204CC000879801ACCDF80600A11D0FF091FB88AA4FF40071A01D889709F094FFADF80A02F5
:204CE000DA208DF80C028DF80D0240F20A2201A933E08948B0F8500010F0050F51D084995D
:204D000000240422829482A8491C01F0B9F884994FF400773A466846491D01F0B1F88499E0
:204D2000ADF80042022280A801F2052101F0A8F883AA39466846839409F064FFBDF8001202
:204D4000884203D16946829810F042FE73A087AB07C883E80700092287A9869800F028FA9B
:204D600048E16A464FF40171869800F095FAC0B90098AD2100F8011BF02100F8011B0024CC
:204D800027460090ADF808708498022200EB440102A8491C01F074F8BDF9080000EE100A57
:204DA00000E05FE0B8EEC00A929809F043FFBDEEC00A0098641C10EE101A00F8011B090A23
:204DC00000F8011B0090FF2CDCDDDA2100F8011B00F8011B00900AE16A464FF4017186982A
:204DE00000F05AFAF0BB0098AD2100F8011BF12100F8011B00242746CDF80000ADF80870B1
:204E00008498022200EB440102A8491C01F038F8BDF9080000EE100A9298B8EEC00A09F099
:204E200009FFBDEEC00A0098641C10EE101A00F8011B090A00F8011B0090FF2CDEDDC4E759
:204E400002AA4FF40171869800F026FA50B90298AD2100F8011BF22100F8011B0290002461
:204E6000314800E064E02746CDF810008498ADF80C7000EB4401022203A8491C01F000F8C9
:204E8000BDF90C0000EE100A0498B8EEC00A09F0D1FEBDEEC00A0298641C10EE101A00F8C5
:204EA000011B090A00F8011B0290FF2CDEDD98E002AA4FF40171869800F0EEF9C0BB029854
:204EC000AD2100F8011BF32100F8011B0290002416482746CDF80000ADF80C70849829E03C
:204EE0001808024010C300203CA1003EF86E00203CABBA3E3CACCA3E001001403C50455675
:204F0000454E3E0000000000F02E0120ADDA0000DADA00003CAE3E0008290020ADBB000065
:204F2000000000DADA000000F00F0020C819002063E020E000EB4401022203A8491C00F006
:204F40009FFFBDF90C0000EE100A0098B8EEC00AB0EEC00A09F06EFEBDEEC00A0298641C85
:204F600010EE101A00F8011B090A00F8011B0290FF2CB1DD35E002AA4FF40171869800F0FF
:204F80008BF9D0BB0298AD2100F8011BF42100F8011B029000242048274600908498ADF881
:204FA0000C7000EB4401022203A8491C00F068FFBDF90C0000EE100A0098B8EEC00AB0EE4A
:204FC000C00A09F037FEBDEEC00A0298641C10EE101A00F8011B090A00F8011B0290FF2C2A
:204FE000DCDDDA2100F8011B00F8011B0290869800F0F3F8869804F028FE8FAA84A986988E
:2050000004F0A7FC00283EF405AF0DF5137DBDEC088BBDE8F08F0000101D002070B500F592
:205020008053D3F80C499CB3D3F8086900EB860505F58055D5F84C4800EB460000F5805056
:20504000B0F8346811B1D5F804580D6002B11460D3F80819491C0C29D3F8081901D2491CE3
:2050600000E00B39C3F80819D3F80C19491EC3F80C19B3F87C182144A3F87C18B3F87C18E7
:205080003144A3F87C180021A0F83418084670BDFFE74FF0FF30FAE730B500F58053D3F83F
:2050A0000C29A2B393F8FC280024C2B9D3F8082900EB820202F58052D2F80428C3F8F0281B
:2050C000D3F8082900EB820202F58052D2F84C28C3F8F828C3F8F448012283F8FC28D3F8FF
:2050E000F428D3F8F0581544521CC3F8F4282A780A70D3F8F418D3F8F828914205D383F8DF
:20510000FC4800221146FFF789FF002030BDFFE74FF0FF30FAE700F58050D0F8F818D0F8AD
:20512000F408081A704730B500F58053D3F80C594FF0FF340C2D39D2B3F87C58954235DBA1
:20514000D3F8004900EB840404F58054C4F80418D3F8001900EB810101F58051C1F84C28DE
:20516000D3F80049002100EB440000F58050A0F83418B3F87C08801AA3F87C08D3F8000966
:20518000401C0C28D3F8000901D2401C00E00B38C3F80009D3F80C09401CC3F80C09D3F8BE
:2051A0001009401CC3F81009002030BD204630BDF8B514460D4606466A46214600F06CF835
:2051C00010B14FF0FF30F8BD224629460098FBF7A2FA304600F001F8F8BDF0B500F580516F
:2051E00091F8EC284FF0FF36BAB1D1F80C290C2A13D2D1F80049D1F8E05800EB440303F5DD
:2052000080532A1A921EB3F8343892B2B1F87C78D1F8E8C89C44674501D23046F0BD00EBE9
:20522000840000F58050C0F80458D1F8E848C0F84C48B1F87C08D1F8E8482344C01AA1F8CC
:205240007C08D1F8E8081044B0F5C05FD1F8E80801D3A2F5C0521044C1F80409D1F80009D7
:20526000401C0C28D1F8000901D2401C00E00B38C1F80009D1F80C09401CC1F80C09D1F8E7
:205280001009401CC1F81009002081F8EC08C1F8E808C1F8E408F0BD2DE9F04100F580542F
:2052A0009046D4F8042986B092B2C2F5C0539DB200235E1EB1F5C05F48DCD4F80C790C2F78
:2052C00044D2A94201DB2B460022B4F87C58CF18BD423BDB0244921CC4F8E028C4F8E8186E
:2052E0000025C4F8E458012184F8EC18D4F8001900EB410101F58051A1F83438D4F800192C
:20530000134F00EBC1062A466946384604F50E6406F5C4560CF01AFF2A4605A938460CF0AF
:20532000F3FE9DF801109DF80200C1EB011100EB81003060019842F20F71081A70602168BD
:205340000020C8F8001006B0BDE8F0813046FAE7782B012000F58050D0F8E428D0F8E838F5
:205360009A420AD2D0F8E428D0F8E0381344521CC0F8E428197000207047D0F8E418491CAF
:20538000C0F8E4184FF0FF307047A0F21C7000F500500021017241600160016B491C016306
:2053A0000020704700F58050D0F8E818D0F8E408081A704710B500F58053D3F80C499CB102
:2053C000D3F8084900EB840404F58054D4F804480C60D3F8081900EB810000F58050D0F808
:2053E0004C081060002010BD4FF0FF3010BD00F58050D0F80C09704710B5044641F61811F9
:20540000FBF76CFA04F580544FF4C050A4F87C08002010BD10B504480EF017FABDE81040F2
:20542000024807F051BB0000F02E0120F86E002010B5044614F0CAFE2046FDF7EDFA0C48EA
:2054400004F0A7FD0B48C16841F40051C160084804F0FBFB08480068002808D0816B00298A
:2054600005D0BDE81040054A054807F09BBB10BD902C002000100140A4B90020A4B100208D
:20548000F86E002000BF704700BF70472DE9F04F534986B003AD1CC98DE81C000EC985E809
:2054A0000E004E4F002634464FF0FF3EF0B3D0F820C0BCF1000F3CD00023EA46A9464FF091
:2054C0000C0B5AF82310002201EB8108C8EBC1110BEB810859F8221041444D1CBD420AD249
:2054E0001CF801101CF8055001F07F0145EA012106EB5116641C521C032AEBD35B1C032B86
:20550000DFD39CB1B6FBF4F3A3F50072D117A0F8483002EB117190F84A2002EB21143149F5
:20552000026DCD699A4208D26D1C00E001E0CD6116E0704606B0BDE8F08F2A4A466D9269F0
:205540009E4201D9521C0AE0002D01DC002500E06D1ECD61002A01DC002200E0521E8A610D
:205560000023FF2C03DDFF2280F84A2006E0002C02DA80F84A3001E080F84A40CA69202ABA
:2055800006DD90F84B2002B1521E80F84B20CB618A69202A07DD90F84B20032A00D0521C84
:2055A00080F84B208B6190F84D2090F84A309207120E42EA032290F84B30017E03F00303A0
:2055C00042EA031290F84C3001F0030103F0030342EA83020A4302830020ABE70C670200EE
:2055E00014020408A403002070B50168CA6C92F85C30916D202202FA03F38B600368DB6C19
:2056000093F85C40082303FA04F48C600468E46C94F85C50102404FA05F58D600568ED6C84
:2056200095F85C60012505FA06F68E6001688E6CB16D96F85C60B2408A600268926C92F879
:205640005C2093408B600268926C92F85C2094408C600068806C90F85C0085408D6070BDCB
:2056600010B500210171C18000F002F8002010BD10B504480CF0B5FF0348016841F480216F
:20568000016010BD482C0120180402402DE9F04106460BF09DF8716C401A11494862304615
:2056A00000F054FB304600F030FAB08B022101EB00144FF4F6704443CF034FF6FF780AE015
:2056C000BC4201D3404600E0204685B22946304614F044F8641B002CF2D10020BDE8F0812C
:2056E000A40300202DE9F04186B004460E46808A009001A9012000274FF0030881E8810107
:205700006946E0680AF064FFA18A0022E0680BF05AF801200AF0E6FD002518E0A18A0122EA
:20572000E0680BF050F800BF00BF022000BF401C0528FBDBA18A0022E0680BF044F800BF95
:2057400000BF022000BF401C0528FBDB6D1CB542E4D3A08A009001A9022081E8810106207C
:2057600004906946E0680AF033FF06B0BDE8F0812DE9FC4108AF1E461546044697E80D10F7
:20578000002727712160E060A2822361A4F816C000F042F820680068016841F04001016019
:2057A000A783E76229004FF0FF3721620BD01748864208D3324604F15C0017F0A7FC20469F
:2057C00000F0BAF830B1207940F0080020713846BDE8FC8120790EA140F001002071D1E980
:2057E0000001CDE90001206A00990160BDF8041081800220E0800021204617F031FC012144
:20580000204617F02DFC0020E2E70000007102004345333243000000094810B5016841F0B6
:205820000401016032200AF05DFD0648006810B104480CF0D6FEBDE8104013F049BD0000CB
:2058400018040240482C01202DE9FC470446D0F82080002000900190A08340F6DF2020830E
:205860006420608301212046FFF73CFF208B902141EAD0318DF80010C0098DF80100207EFE
:20588000922140008DF80200608B4FF47A7641EAD0308DF80300608B3346C0098DF8040007
:2058A000A07E032240008DF805006946204600F079FA3346032220460DF1030100F072FA01
:2058C00001200AF00FFD0A212046FFF70BFF0C212046FFF707FF4FF4F6773A465521204675
:2058E00000F0EAF94FF0FF3528B97A005521204600F0E2F910B12846BDE8FC872046FFF7AD
:20590000C5FEB946DFF828A000254FF4A07753464A464146204600F04AF86D1CBD42F6DB06
:2059200033460C220349204600F041F80020E3E7A086010004C3002010B5044600F07FF877
:2059400010B14FF0FF3010BD2046FFF77DFF10B16FF0010010BD002084F84A00012084F802
:205960004B00022084F84C0084F84D004FF4B370606540F29920206598202083207F4FF451
:20598000097100F00F0041EAC02060832068C26C016812680C3191600168C06C0C3100689F
:2059A0008160002010BD002070470020704770B514460D46064600F0C9F9304600F0A5F898
:2059C00006E00021304614F091F805F8010B641E002CF6D170BD70B516460D46044600F004
:2059E000B5F9204600F091F8A6622046A563BDE8704013F045BF000010B504460AF0E8FE59
:205A0000616C401A08498862204600F09FF9204600F07BF8054A42F210732046216AFFF780
:205A2000DAFF002010BD0000A40300200C67020010B500F0B7F8FFF725FD002010BDF0B556
:205A400087B00446C08A029002200025CDE90305032005900620069002A920690AF0B8FD8D
:205A600000950195A58340F6DF2020836620608301212046FFF736FE208B902141EAD03158
:205A80008DF80010C0098DF80100207E922140008DF80200608B6F4641EAD0308DF80300B7
:205AA000608B4FF47A76C0098DF80400A07E40008DF8050001212046FFF714FE3346032260
:205AC0006946204600F06EF933460322F91C204600F068F96D1CFF2DECDD01200AF002FC59
:205AE00007B00020F0BD10B5816A59B9016809684968C90703D0FFF777FD002010BD0321B7
:205B000017F0AEFA4FF0FF3010BD08B50068002102689160006802E0017B8DF800108168B6
:205B2000C943C907F8D008BD7CB504460AF050FE05460AF053FE4FF47A7110FB01F0616CAC
:205B40006564691AB0FBF1F0A065002000900190608B902120F002006083208B41EAD031BF
:205B60008DF80010C0098DF80100207E922140008DF80200608B41EAD0308DF80300608BA0
:205B8000C0098DF80400A07E40008DF80500FFF77BFC4FF47A7306226946204600F002F906
:205BA00000207CBD10B50279046822F004020271226842F21071536823F003035360E26C41
:205BC0001268136823F001031360A26C1268136823F0010313600268126800E000BF93683B
:205BE0009B0701D4491EF9D221680A6822F040020A60E16C09680A6822F484720A60A16C90
:205C000009680A6822F48C720A60FFF7EDFC2068016841F04001016010BD00002DE9F04766
:205C200082460AF0D5FDDAF84410DFF88880411AC8F82010504600F089F85046FFF765FF89
:205C4000002540F2D7392E462C462F460021504613F04CFF7F1C26B1B0420DD000260025F1
:205C6000F4E7552805D0AA2801D00446F7E7AA2600E055260125E9E76D1C4D45E6D3AA216C
:205C8000FF20D8F810504646002200BF04EA00038B4205D049084008521C6D1C082AF5DD21
:205CA00029465046FFF71EFDF76235630020BDE8F0870000A40300202DE9F047144682466B
:205CC00000F044F85046FFF720FF0025A4F101082E462C462F464CF250391DE00021504654
:205CE00013F004FF26B1B0420DD0002600250BE0552805D0AA2801D00446F7E7AA2600E0F5
:205D00005526012500E06D1C38467F1C484503D94FF0FF30BDE8F0874545DFD30A49AA2212
:205D2000FF2049695FF0000304EA0005954205D052084008491C5B1C082BF5DD5046FFF792
:205D4000D1FC0020E6E70000A403002000B5017985B08A070CD521F002010171C18A00918A
:205D60000021019102210291006969460AF030FC05B000BD00B5017985B08A0710D441F000
:205D800002010171C18A009102210191002102910321039106210491006969460AF018FCAF
:205DA00005B000BD2DE9F04114460D4607460668FFF7E0FF3846FFF7A8FE05E029783846CF
:205DC00013F094FE641E6D1C002CF7D130688168C943890701D500BFF9E7BDE8F08110B5C2
:205DE000B0F90610022902D00222C28089B217F037F9002010BD4FF0FF3278B30021435CC7
:205E0000FF2B02D0435C402B31D2491C8029F6DBD0F8801002292AD8D0F88C10F1B1D0F847
:205E20008C10B1F5007F22D8D0F884100A291ED2D0F888100A291AD2D0F8801021B1012955
:205E400004D0022913D10AE0007803E00178FF290DD04078FF280AD00020704707E00178AC
:205E6000FF2904D04178FF2901D08078F2E71046F3E708B1002070474FF0FF3070470000BE
:205E800004E000BF11F8013B00F8013B521EF9D27047B0F80402084201D0002070474FF015
:205EA000FF30704770B586B001F052FE5E4C206A0CF046FF60690CF043FFE0690CF040FF60
:205EC000A0690CF03DFF606A0CF03AFFA06A0CF037FF206A0CF090FF60690CF08DFFE06997
:205EE0000CF08AFFA0690CF087FF606A0CF084FFA06A0CF081FF4D480AF0B0FE012108025A
:205F00004B4B4200CDE90201CDE90023494A4749494803F0D5F910B9474803F011FC4348BF
:205F20000AF0E3FC41480BF07FF94448FFF798FB43480CF056FB42480CF0C8FB41480CF0D1
:205F400050FB40480CF0C2FB3F480CF04AFB3E480CF0BCFB3D4C0022082120460AF033FC51
:205F60003B480CF03EFB3A480CF0B0FB0022042120460AF028FC14216846FAF7AFFC0820CE
:205F80000326CDE9000600256946029520460AF01FFB14216846FAF7A1FC0420CDE90006E6
:205FA0006946029520460AF013FB2A480DF04DFC28480DF097FC28480DF047FC26480DF05A
:205FC00091FC264809F0CCFE244809F011FF14216846FAF783FCF002CDE900066946029547
:205FE00020460AF0F5FAA06940F40040A061A06940F08070A0610E481830016841F08051A1
:206000000160016841F4802101601548016821F0010101601348A0F858511348016841F0B4
:206020000051016006B070BDC0A50020242B012000040240E02F012024C2002010C3002067
:20604000F02B0120482C0120A02C012000000240982B0120A82E0120382F0120DC2A0120B6
:206060003C020020082900201808024010B586B001F06EFD14216846FAF730FC0420009004
:2060800001200190029003200E4C0390694620460AF09EFA14F08CF814F0BEF814F060F966
:2060A00014F0C8F807F0CCF8A06940F48070A06164200AF017F90448016841F48051016089
:2060C00006B010BD000002401804024010B54FF4807106480BF0BEFF05490020087105486A
:2060E000016841F40051016010BD0000782B012098010020180802404FF4007101480BF0AC
:20610000A9BF0000782B01202DE9F0432F48A1B0808B002856D02E4F3868002852D1012060
:2061200038602C4EB06A840906F5AA7090F8401119B190F84001042800D20420254DE94662
:20614000083584423AD9044638E0F369B06A402836D320494FF040088A68C869403090428B
:2061600003D3B0FBF2FC0CFB1200C86105F1200050E8001FA1EB080140E80012002AF7D140
:20618000B06B4946C21813484430806B0344002032F810C021F810C0401C2028F8DB0020E0
:2061A00001EB400C33F81020401C5200ACF840202028F5DB69460548FDF75CFA641EC4D224
:2061C0000020386021B0BDE8F0830000D80500201802002050B000200248006800F0010024
:2061E00070470000F0ED00E000B50D498BB00120087101028DF82000800707904FF0803096
:2062000005904FF070600690002009918DF8030002460190694603480CF044F80BB000BD7F
:2062200098010020782B012030B58FB0054614216846FAF753FB282105A8FAF74FFB0024FB
:206240004FF000400894CDE9094001208DF834000B940C942246694617480BF077FF9DF88F
:2062600001002844C0B28DF801003C2807D33C388DF801009DF80000401C8DF800009DF876
:206280000000182801D38DF800409DF800008DF814009DF801008DF815009DF802008DF8AB
:2062A00016004FF400700E90002205A902480BF0F9FF0FB030BD0000782B01202DE9FF41A4
:2062C0002B4C606BC4F8B401206881B204F5006008F01EFC04F0B2F904F69800054610F069
:2062E000CFF9A4F6E4304023416900F529608268CDE90021CDE9025300F14401826B8B6BB8
:206300001C491D4810F0D8F822680020CDE9000004F500630146D3F804308C2700EBC0047F
:2063200007EB8404DDE900561C59651941EB0604CDE90054401C0428F0DB104BE81A74F17F
:20634000000001D2012100E0002144F62060824200D300210A4800F009FC0A4A04490A489B
:20636000FDF756F804B00848BDE8F041FDF7E0BBA4B10020A02C0120F02B0120C0C62D0021
:2063800008290020A4B50020D80500202DE9F0435548DFF85091C3B00168B0F808808EB24C
:2063A00000F50067D7F8E00280077DD54F48B0F85811012978D0B0F85801002874D044F636
:2063C000206340220021384617F0CCFAFCF76AFD04F07CFFFFF772FF07F10805284610F0C9
:2063E00059F9842242496846FAF71CFA00206A4605EB800191ED440ABCEEC00A10EE101ABC
:20640000ADF8841002EB4001BDF88430401C4B804028EDDB842269464846FEF7C9FE484628
:2064200003F013FC3249842284316846FAF7FAF90020694605EB4002B2F81022ADF88420CC
:2064400001EB4002BDF88430401C53804028F1DB842269464846FEF7ABFE484603F0F5FB50
:2064600000242BE0802122A8FAF738FAA1B222AA284610F0B5FC88221E496846FAF7D2F9A6
:20648000ADF80240002022AA4FEA0D0132F81030ADF8083101EB4003BDF808C1401CA3F8F6
:2064A00004C04028F2DB00E019E0862269464846FEF77EFE484603F0C8FB641C2878A0426E
:2064C000D0DC00F0D7FD3346424600210A4817F049FAD7F8E00220F00200C7F8E00243B037
:2064E000BDE8F083902C0020A4B100200829002008EE030810EF0308A4B9002004480168A5
:2065000041F4C0610160BFF34F8FBFF36F8F7047003C02402DE9F05F5FEA03080A9D924617
:206520000F46064639D0002D37D0022E35D200242DE01B4800EB4620005DFF282DD0042CB0
:2065400001D3002829D08346B8F1000F1ED0EDB1B9F1080F1AD25946D34517D20A4601207B
:206560000021F9F7BEFFD8E9002302400B401A430CD1DFF830C00CF809B02A68521C2A6094
:20658000D8E9002302430B43C8E90023641CBC4203D2286881460828CBD3BDE8F09F000004
:2065A000A4B500204802002070B50C46050021D04FF40071FAF792F9FF2280212846FAF73A
:2065C00063F92C70601C4028204600D2401C6870A01C402800D2A41CAC70FF2005F8030F73
:2065E0000020C5F87D00C5F88100C5F885000120C5F8890070BD000010B50446807C90B1E1
:206600000D480068A8B9B4F85C00411CA4F85C100A280ED90321204616F016FE02212046A9
:2066200016F012FE05E094F86E0010B90220A4F85801002010BD00005C64024070B51C460F
:206640001546062902D94FF0FF3070BD01EBC10100EB8100002322462946703017F0E5F9A1
:20666000002070BD38B51C46049B1546062902D94FF0FF3038BD01EBC101002200EB8100DB
:20668000009222462946703017F0E0F9002038BD2DE9F0410446807C00285DD1206FDC218D
:2066A0000A59036A86680121474D0027B3420AD36B784BB9006AB0F5801F00D343486860B2
:2066C0002970697000E06F70414E307818B1B4F84000C00438D0E07CA8B3B4F9600000EB22
:2066E000C00004EB8000006F006AB0F5806F38D200204FF4007200BF00EBC00304EB83013F
:20670000D1F8841091422CD2401C0628F4DBB4F8540008B3002006464FEA000101EBC103E1
:2067200004EB8302D2F88C2010187E41491C0629F4DBD4F84C110A6844F620639A4217D208
:20674000C96AA9B90FE029E00121204600F074FF18B1022000F040F832E03770E0696062EA
:206760002EE02F611FE01B49401A76F1000005D314260AF02DF8296919B104E000260AF0C6
:2067800027F828611EB12969401AB04218D3E07C10B10EF05DFEE7742F6111E02F61106A5D
:2067A000A16D884203D3204600F0DCFE08E0012104F5B070FFF76DFB10B9204600F00CFA55
:2067C0000020BDE8F081000010000020FFFF0F00A301002080841E0070B5374C374DE169EA
:2067E000491CE1614FF4806108282BD2DFE800F02A043B2A172A1E04314805F05FFD31A158
:20680000334803F0FCF9324803F01FFA95F86F00C0B9B5F85200A8B104F036FE12E04FF465
:206820008071274805F04AFD2AA105E04FF40061234805F043FD29A1254803F0E0F9244859
:2068400003F003FAE069052835DD206A002832D1012626620EF0FCFD0022EA74AA7442F293
:206860001071214807E04FF40071154805F026FD1EA1E1E700BF83689B0701D4491EF9D244
:206880001D490B6823F001030B6000E000BF0B68DB07FBD1016821F040010160416821F007
:2068A00002014160016841F040010160024880384672E261226270BD1802002008290020BF
:2068C000A4B10020436172642046756C6C000000902C00204E6F20436172640053442046E6
:2068E0006F726D61740000000030014043617264204572726F7200005864024010B5038A10
:206900008B420ED33F23491E91FBF3F403FB1411D0F85001042303EB810140581060002092
:2069200010BD4FF0FF3010BD2DE9FC470446DDE90A89B0F852001D4616460F4618B14FF03D
:20694000FF30BDE8FC87204600F07EF8C4F854811120C4F85C7160604FF40050A060E06036
:20696000C4E953650025E562E56125626563E564A574A56184F86E50204600F018FD20463E
:2069800000F06CF800F040F80EB1706B08B940F2E240A0870220A4F85A01C4F86053A4F881
:2069A0006453B4F85410204600F0E0F80020CDE9000000BF00EBC00104EB8101DDE9003238
:2069C000D1F88C10CB1845EB0201CDE90031401C0428EFDB1020A0FB0367002202FB03723A
:2069E00000FB0120810241EA9650401C4FEA4030A062B9F1000F04D00520A4F85000A4F8A6
:206A0000585100209DE7000010B50C48FCF7B6F90A482F21A0F84811094991F89712A0F8BF
:206A20004A1100F58E710748826E8A64B0F86C00A1F84C00BDE81040FFF740BCA4B1002085
:206A4000905C0020105F0020704710B5044600F0D6F8204600F06AFA002010BD70B5044601
:206A600000F0A4F81120D4F84C110DF0C1FC28B14FF40071D4F84C0105F020FCD4F84C01A6
:206A800000F0CAFED4F84C112F20A1F848011220D4F854110DF0ACFC4FF4803548B10021CA
:206AA000D4F85401FFF780FD2946D4F84C0105F005FC0021D4F8540100F059FED4F854110A
:206AC000132001F500710DF093FC58B1D4F85401202100F50070FFF767FD2946D4F84C01DE
:206AE00005F0ECFBD4F85401202100F5007000F03EFE0025258280352846D4F850110DF0AE
:206B000077FCD4F85001218A02681144218200683F28F1D0A564D4F84C11D4F85C010DF0F0
:206B20006BFAD4F84C01D0F8101131B1D0F81011D0F81001A0F50040E06000F005F82046E2
:206B400000F035FC002070BD16F0B2BA10B5B0F8522000210AB1A0F8521081610521A0F800
:206B6000501000F087FA002010BD000010B5044689B10120A4F85400D4F8DC00806817F066
:206B8000E1FA9FED081B53EC112B17F071FB17F095FAA06510BD0020A4F854004FF48060E2
:206BA000F7E700009A9999999999E93F10B5074CD4F8DC02000708D5054800F02FF8D4F862
:206BC000DC0220F00800C4F8DC0210BDA4B9002008290020FBF758BE10B50446C07C18B16E
:206BE0000EF036FC0020E07404F5B071D4F860030DF0FEFB0220A4F86403002010BD10B5DB
:206C0000FCF750F904F062FBBDE81040FCF71EB910B5FFF7F4FF002010BD00002DE9F04146
:206C2000002407462646651E1120D7F84C110EF0CFFE30B1022E00D12C46761CF6B2032E0D
:206C4000F2D300261220D7F854110EF0C1FE30B1022E00D12C46761CF6B2032EF2D300267C
:206C6000D7F85411132001F500710EF0B1FE30B1022E00D12C46761CF6B2032EF0D30026F1
:206C8000074920200EF0A4FE30B1022E00D12C46761CF6B2032EF3D32046BDE8F0810000C3
:206CA00094A100207CB51A4D287800282ED01948B0F8AC02C00629D5174C41F60C10005997
:206CC000082823D268684F218DF8001000216B46C1F10402920020FA02F202F00F020A2A59
:206CE00001D2303200E037325E18491C72700529EEDB00268DF806601946204602F07FFF1C
:206D0000002803D1204602F0A0FF2E707CBD000010000020905C0020902C00202DE9FF5F1D
:206D20006C48016841F0005101606B4F0025012078706A4E06F1140007C810F0A5FE684886
:206D4000FAF7B4FA04F06EFA664C306AAB46A8B1006898B1C0F824B0306A0068016921F0E8
:206D600001010161306A07F0C9FAB4F89402022804D1306A0CF09EF900B10125B879B946E6
:206D800090B1B4F8940202280ED004F0E7F900B1012599F8060038B1B4F89402022803D0FE
:206DA00004F03AFC00B1012504F03CFA4E4A7169A2F6EC1040278368B2460DF104080093BB
:206DC00088E8860000F14401826B8B6B474948480FF072FB4749D1E90201CDE90001EFF332
:206DE000108872B60022EE4614264FF0200C59465EF82230D960002006EB8007D9510CEB9F
:206E00008007D951401C0328F6D3521C022AEFD3B8F1000F00D162B688464F4689F801107F
:206E20000AF11400564607C810F008FE3248006B10B12B48FAF7BEF9306A80B1016871B1BB
:206E4000B4F8941201290AD107F058FA718E306A0CF0F4FB00B10125306A07F04FFAB8792C
:206E6000A8B9264900220C4625480BF06FF923490022143122480BF047F9224800F51861AE
:206E8000C96B0163142221463430F9F7CBFC16499839C1F8F4820120C7F86C80787307F095
:206EA0002BFC1948FCF744FE04F0B0F93DB10121114805F003FA15A1184802F0A0FE18A1BE
:206EC000164802F09CFE04B01448BDE8F05F02F0BCBE00001808024098010020C0A50020B8
:206EE0009CC20020F89E00203CBA0020A02C0120F02B0120D4ED0308A4B1002068BC00209A
:206F0000782B0120C0B20020D805002053594E432054494D2045525200000000902C0020F2
:206F20005265632053746172740000002DE9F0410446B0F85200ADF5007D01282FD0002215
:206F400002EBC20004EB8000703016F08BFD521C062AF5DBFFF73EFE208A4FF03F08401EB7
:206F6000414690FBF1F790FBF8F3D4F8505108FB130104D2A0682064E06860640CE005EBD3
:206F8000810250682064D2F80021626441F6FF7210446FF30C002064002631B112E04FF05A
:206FA000FF300DF5007DBDE8F0812E60206C6860606CC5F80001A06C294638440EF008FDA7
:206FC0000028F8D1E664208A4146401C80B22082401E90FBF1F790FBF8F208FB1200411C5D
:206FE00029603F2807D17F1CA06C694638440EF0EFFC0028F8D1D4F84C0100F5A871081FCF
:2070000004F04EF978B9D4F84C110022184801F5A8710BF09BF8D4F84C110022144801F51F
:20702000A6710BF071F8D4F84C11206C0EF0D0FC0028F8D1206CD4F85411401C0EF0C8FC8A
:207040000028F7D1206CD4F85411801C01F500710EF0BEFC0028F5D154F8400F00F50050FA
:207060002060012060822682FFF758FE002098E7782B0120F8B5294D05F1140007C810F03A
:2070800003FD2748FAF712F9264C286A58B1016849B1B4F89412012902D1698E0CF032FBA6
:2070A000286A0CF083F8204F00267E73B4F8940201280AD11DA003220068009069461C480E
:2070C00006F06BF81A4802F087FEFEF7EBFEB4F89402022802D0012802D003E0154800E047
:2070E0001548A8631548006870B1816B61B1D4F83402884202D00E4802F0E4FB1048C4F86B
:2071000098020B4805F0F3FC0EA1114802F077FD0F4802F09AFD7E70F8BD0000C0A5002028
:207120009CC20020F89E0020980100203C313E00F86E0020382F0120A82E0120A4B9002035
:20714000A4B100205265632053746F7000000000902C00202DE9F0410446012084F86E0062
:207160000025184F2E4607E02046FFF745FA6D1CBD4201D9A67402E0A07C0028F4D1E07CCA
:2071800010B10EF065F9E6740025A66106E00220FFF722FB6D1CEDB2032D0AD20021204676
:2071A00000F04AFA0028F2D1032D02D22046FFF735FD84F86E600320A4F85A010020BDE8F5
:2071C000F081000080841E0010B50021817481610820FFF701FB002010BD00002DE9F04111
:2071E0008569044605B901250026A674E168206C884205D30520A4F850000720FFF7ECFAA8
:207200000EF092FB0028E07C0CD010B10EF020F9E674606B401C6063A4F85060A6610020F4
:20722000BDE8F081012802D1606928446061B4F95E00401C4DD0B4F85E000428B4F95E0081
:2072400000EBC00004EB800028D090F880207030012A3FD0017E521E91427DD10676016825
:207260004FF400738F684A6902F50072BA4203D3B2FBF7FC0CFB17224A61203151E8002F2F
:20728000D21A41E80027002FF8D1B4F95E10B4F96020914261D1B4F9601059E0006F6A023C
:2072A000836841691144994203D3B1FBF3F707FB1311416110F1200050E8001F891A40E892
:2072C0000013002BF8D1206A28442062606C284460644FE001686B028F684A691A44BA422A
:2072E00003D3B2FBF7FC0CFB17224A6111F1200151E8002FD21A41E80027002FF8D1B4F9C1
:207300005E10B4F96020914210D1B4F9600009E000EBC00104EB810151F8842F8B8903FBFD
:2073200005220A60401C0628F2DB1DE041696A4201EB422114E000BF01EBC10204EB8202EE
:2073400090F810C052F8843F978907FB0C331360491C0629F0DB07E004E04169A1F5007119
:20736000416101E0491C0176E0692844E061206C28442064A661A4F85060B4F858010428B8
:207380003FF44DAFA07C00287FF449AF0220A4F858012046FFF77CF941E70021817490F861
:2073A0006E10002902D10321A0F85A1170472DE9F041002506462C46A84604EBC40006EBB9
:2073C0008007D7F88C0070B115B90546A6F86040D7F88C002A46C10D40020023F9F70AF863
:2073E000A7F8900001E0A7F89080D6F84C1104F2D5100C54D6F84C2104F5F57197F89000AF
:207400005054641C062CD8DBD6F84C11062081F8D401D6F84C11022081F8B801BDE8F0812F
:207420002DE9F0410446C07C17460D46002610B10EF00EF8E67465610120A061A07439460F
:2074400028460EF0C5FA20B14FF0FF30A661BDE8F0810320A4F85A010020F8E72DE9FF5F18
:207460000F46044613B11D46012B00D901250026A4F85C60E07C4FF003094FF0FF3B4FF03E
:2074800001084BB14FF4800AB8B36069B84239D1206CC10432D04BE010B10DF0D9FFE67474
:2074A0006761C4F8188084F81280A4F85891384602990EF065FD08B1A66135E042F210711A
:2074C000264800E000BF8268920701D4491EF9D2016821F040010160416841F0020141607B
:2074E0001F490A6842F001020A60016841F040010160002004B0BDE8F09F03E0A16B401A86
:20750000504515D3E07C10B10DF0A2FFE674B4F8540018B950460CF0B1FC20B93846A76368
:207520000EF072F810B1A6745846E3E784F813806761A56184F81280B4F85801022801D1B4
:20754000A4F858914FF6FF7000EA452102980EF0E9FE0028CED0A661E5E700000030014019
:207560005864024070B50022B0F9603000F17001012403EBC30301EB830365021E7C012EB0
:207580000BD91E7E4EB11968096AA9423ED3B0F86010A0F85E101A4623E0002303EBC30621
:2075A00001EB86067669AE4204D3A0F85E3003EBC30214E05B1C062BF0DB94B1B0F96020FF
:2075C00002EBC20251F82220126AAA421ED3B0F86020A0F85E20B0F95E2002EBC20201EB14
:2075E0008202C368016CA3F5004399421FD2137E52F82340137C012B0AD9B0F95E30B0F90C
:207600006050AB4204D11268526902E0032070BD62690123A0F85030A46B2244FFF71EFF02
:207620000028F4D00220FFF7D7F8022070BD0720FFF7D2F8012070BD2DE9F05F4FF0030A42
:207640008B460446A0F850A0C76935484668DFF8D490D9F80810D9F80C00A7EB0108351A41
:207660001BD013F05DF800EE108ADFED2F0A2F48B8EE400A20EE200A00EE905AB8EE601AA3
:20768000D0ED000AF8EE601AC1EE210A80EE201A9FED270A21EE000A01E09FED260A84ED5D
:2076A0000C0AC9E90276E07C18B10DF0D1FE0020E074218A3F22491E91FBF2F091FBF2F3D3
:2076C00002FB1312216C41F6FF750D4494F86E60D4F850316FF30C0506B1256403EB820233
:2076E0005160616CC2F800114FF0FF35A4F85E50A4F850A0A16CD4F850210144BBF1000FAE
:207700004FF00003204602D0FFF7A8FE01E0FFF787FE401C02D00020BDE8F09F2846FBE725
:20772000001000E01000002000000044D0050020000080350000000010B590F86F1002224B
:2077400051B1B0F85811042906D0002180F86F10A0F85A21052106E0B0F95A11022902D0CB
:20776000A0F85A2189B215F06FFD002010BD70B50D4604004FD0E0780123FF22002130B91B
:207780000420265C1EB9401C8028FAD3E2700020265CFF2E03D0265C402E00D32254401C12
:2077A0008028F5D3D4F88000022801D9C4F88010D4F884000A2801D3C4F88410D4F88800C3
:2077C0000A2801D3C4F88810D4F88C0020B1D4F88C00B0F5007F01D9C4F88C30D4F880000C
:2077E000401CC2B2002009E0215CFF2905D12918C9B2402900D329462154401C9042F3D365
:207800002046FEF7F8FA002805D029462046BDE87040FEF7C9BE70BD10B5002842D00368E1
:2078200044F620620021934200D90160836A934201D903688362C36A102B00D9C162036B9E
:20784000194CA34200D90163436B934202D940F2E2424263826A002A026801D012B103E051
:20786000826201E0826A0260D0F8A420042A01D9C0F8A410D0F8A020012A01D9C0F8A01000
:20788000D0F81821120607D5D0F8181101F07F01102907D3802103E0D0F81821402A01D3BB
:2078A000C0F8181110BD00000071020070B5044691B10025206820B1A18811B12A4608F025
:2078C00082FFA068002809D0A189002906D02A46BDE8704008F077BF0125EBE770BD70B5B8
:2078E00004460068012530B1A18821B108F05EFF012809D00025A06840B1A18931B108F05B
:2079000055FF012802D004E00125F4E70DB1012070BD002070BD000070B50C4C0C260C4DD2
:207920004FF0FF300021625C5040002200F001035B422B40521C83EA5000082AF6D3491CC1
:20794000B142F0D3C04300D1012070BD107AFF1F2083B8ED08B5002810D00949094A096884
:20796000B1FBF2F141430091042903D20420009000E000BF0098411E0091FAD208BD0000F5
:20798000D005002000127A0030B5040085B04FF0FF3033D02168002930D0A18800292DD0D6
:2079A000A16841B10021A2893AB10022914225D1E06B20B106E00121F5E70122F6E7FFF7B4
:2079C000ABFFE063A088009011200125CDE90105032003906946206808F0FAFDA06830B12A
:2079E000A08920B100906946A06808F0F1FD00212046FFF75BFF84F88D50002005B030BD6E
:207A000030B504002DD02160A2800025A560A581C82020614FF496704FF448716061C4E971
:207A200006014FF4FA7121620E496162A1620E49C4E90B104FF47A706063202084F83800EE
:207A4000FFF76AFFC4E90F0565640020C4F8485004EB8001401CCD641028F9D304F88C5FE1
:207A6000657030BD400D0300C0D4010070B51D460446049EFFF7C4FF002C01D0A560A68109
:207A800070BD70B504004FF0000511D094F88D0070B101212046FFF709FF206BFFF75AFFD1
:207AA00000212046FFF702FF00F015F8064608E0002070BD2046FFF712FF50B13220FFF714
:207AC00049FF00F008F8616B801B8842F2D3284670BD0125FBE710B508F07AFE4FF47A7172
:207AE000484310BD70B5134E0446002535B1012D0CD0022D0ED0032D13D116E094F8EC2298
:207B00004FF400510C4805F02DFC012594F8ED22102103E094F8EE224FF40071304605F0CF
:207B200021FC6D1C042DE1DB70BD94F8EF224FF48061F3E700000240000802400348406B68
:207B4000002801D140F2E24070470000A4B1002010B54FF0E0200169C90701D0406910B92A
:207B6000002009F007FCBDE810400AF033BD70B5D0F8583473B3D0F8544400EB8405D5F8CA
:207B8000103400EB4406B6F80C4411B1D5F804540D6002B11360D0F85414491C0229D0F86C
:207BA000541401D2491C00E0491EC0F85414D0F85814491EC0F85814B0F818141944A0F836
:207BC0001814B0F818142144A0F818140020A6F80C0470BDFFE74FF0FF30FAE77CB50446D1
:207BE000D0F858040E46A0B394F84804002578B96A4601A9204600F006F90198C4F83C0448
:207C00000098C4F84404C4F84054012084F84804D4F84004D4F8441488421BD2D4F8400494
:207C2000D4F83C140144401CC4F8400408783070D4F84004D4F84414884208D384F8485476
:207C4000C4F84054002211462046FFF790FF00207CBDFFE74FF0FF30FAE710B504460022B1
:207C600011462046FFF783FF0028F8D0002010BDF8B514460D4606466A46214600F068F8E5
:207C800010B14FF0FF30F8BD224629460098F8F742FD304600F001F8F8BDF0B590F83814D6
:207CA0004FF0FF35B1B1D0F85814022912D2D0F84C34D0F82C4400EB4302211A891EB2F870
:207CC0000C2489B2B0F81864D0F834741744BFB2BE4201D22846F0BD00EB8303C3F8044477
:207CE000D0F83444C3F81044B0F81834D0F8344422449A1AA0F81824D0F834240A44B2F5FE
:207D0000806FD0F8342401D3A1F580611144C0F85014D0F84C14491C0229D0F84C1401D2E5
:207D2000491C00E0491EC0F84C14D0F85814491CC0F85814D0F85C14491CC0F85C140021DC
:207D400080F83814C0F83414C0F830140846F0BDF0B5D0F850349CB2C4F580639DB200231B
:207D60005E1EB1F5806F25DCD0F85874022F21D28FB2AF4201D32B460024B0F81854CF18A3
:207D8000BFB2BD4216D30444A41CC0F82C44C0F834140021C0F83014012180F83814D0F88F
:207DA0004C1400EB4101A1F80C34D0F82C0410600020F0BD3046F0BDD0F83024D0F83434B9
:207DC0009A420AD2D0F83024D0F82C341344521CC0F83024197000207047D0F83014491C05
:207DE000C0F830144FF0FF307047002180F83814C0F83414C0F83014D0F86014491CC0F828
:207E0000601400207047D0F858347BB1D0F8543400EB8303D3F804340B60D0F8541400EB4D
:207E20008100D0F810041060002070474FF0FF30704710B5044640F26441F8F74FFD4FF415
:207E40008060A4F81804002010BD00002DE9F84343F2947100F540544518D4F830024FF0EF
:207E6000FF36C168890679D50068800676D508F0AFFC8046D4F83002016821F0200101602B
:207E8000D4F830024068C7B2D4F83802DFF8D490800554D5D9F81410A8EB0100B0F5FA7F2D
:207EA00008D92846FFF7A1FFD4F8380220F40071C4F8381295F8380428B96A464FF400713E
:207EC0002846FFF745FFD5F83404D5F8301488420BD52846FFF789FFD4F8380220F40070C4
:207EE000C4F838026FF0010636E03E2F06D039462846FFF761FF401C17D02DE0D5F8300439
:207F0000C5F834042846FFF7C8FE2846FFF76DFFD4F8380220F40071C4F83812B4F8AC0287
:207F200040F48060A4F8AC0215E02846FFF75DFFD4F8380220F40070C4F838020CE03C2F57
:207F40000AD1D4F8380240F40070C4F8380208F03FFCC9F814000026C9F814803046BDE808
:207F6000F88300007801002008B54FF0FF31009100F540510A46D1F83012CB689B060CD59A
:207F80000B689B0609D50B6823F020030B60D2F830124968C9B201F061FD009808BD0000F7
:207FA0002DE9FF47064641F61810371843F24820DFF834914FF0000806F54055341863E0CC
:207FC0004FF0000A08F004FC0246D9E90630D21A78EB0001CDE90221084604D5511E40F130
:207FE0000000CDE90210029B014641F288320020D21A884101DA4FF0010A41F6EC00C05DAE
:2080000048B99DF8000001F0C1FB011E06DD01AA3846FDF741F9BAF1000F09D03846FDF7BF
:20802000B4F9D5F8380220F40070C5F8380227E09DF800103846FDF78DF9401C24D19DF887
:2080400000003E2809D03846FDF79FF9D5F8380220F40070C5F8380216E0304601F07EFC7E
:20806000D5F8380220F40070C5F83802B5F8AC0240F01000A5F8AC02304600F0FBF803E05C
:208080009DF800003C2822D0206A002828D0A0686269A16B895C8DF800106269521C6261F6
:2080A0006169814202D36169091A616104F120005FF0010150E8002F521A40E80023002B00
:2080C000F8D143F2382080598005D9D578E708F07FFBC9E90608D5F8380240F40070B9E762
:2080E00004B0BDE8F08700007801002018B5044643F23031621804F540544FF0FF30D4F829
:208100003012CB681B0613D50B681B0610D5D2F85804002814DD69461046FFF75FFD0028AA
:20812000D4F8300205D0C16821F08001C160002018BD01680906FCD59DF800104160F6E72F
:20814000C86820F08000C860F1E700F54050D0F83002C16842F288021143C160704701F0DC
:2081600074BD10B501F005FE002010BD70B504001CD00F492068884218D10E4EF0680028A4
:2081800014D00D496060C1F8B00209F0C1FC0546F16800F05DFEA0F110014FF6EF729142BA
:2081A00004D821688860054908618D6170BD00000010014078010020905C0020702C0020EE
:2081C0007FB504464FF0FF35FFF7CBFF002846D104F54055D5F83002C1680906FCD42046B4
:2081E0000FF030FDD5F83002406843F294702044064605F50C75FFF730FD1AA30FCB8DE819
:208200000F0004F54A5050F86E1F02918088ADF80C00A86820F40070A8606846F8F75CFA0C
:20822000024643F2303069462044FFF721FD2046FFF78BFF20460FF051FD002211463046B2
:20824000FFF795FC20460FF01DFDB5F87C0040F40040A5F87C00642008F044F8002504B0D1
:20826000284670BD3C424F4E444D41433030303030303E00022005F049B800002DE9F04176
:2082800005460027FFF76DFF80BB05F54054D4F83002C1680906FCD428460FF0D3FCD4F833
:2082A000380220F40070C4F8380212A63046F8F713FA024643F2303031462844FFF7D8FC56
:2082C0002846FFF742FF28460FF008FD002243F2947011462844FFF74AFC28460FF0D2FCF2
:2082E000B4F8AC0220F40040A4F8AC023846BDE8F08100003C444953424F4E443E00000075
:2083000070B592B0044634216846F8F7E7FA14210DA8F8F7E3FAACB31E48016801F00C01F7
:20832000042920D0082920D000212160016801F0F0016160016801F4E051A160006800F465
:208340006040E06014480068002500F0070020612575012630040695CDE90060684609F08F
:2083600019FC78B903E00121DFE70221DDE70F20CDE90E650D90109500210DA8119509F0F6
:2083800085FA10B1012012B070BD12F0C9F926750020F8E708380240003C0240A0F130016D
:2083A000092901D808467047A0F14101052901D837387047A0F16101052901D8573870476D
:2083C0004FF0FF3070470000F8B5064606F540540020A4F8AC02B4F8AC0220F08000A4F800
:2083E000AC02D4F8340206F037FB1C4B4FF400754FF47A773A46A3F57A713046009500F054
:20840000E9F9D8B1154B3A46A3F57A713046009500F0E0F990B1D4F8340206F0FFFA0F4B2E
:208420003A46A3F57A713046009500F0D3F928B1D4F8340206F010FB0120F8BDD4F83402BE
:2084400006F00AFB3046FFF719FFB4F8AC0240F00200A4F8AC020020F8BD0000F86C00206E
:208460002DE9F0410446C06B00254FF480668560E06BC560E06B0661E06B4561E06B8561C9
:20848000E06BC561E06B0562E06B07F07BFE6F1EA0B9E06B8463A16B40208860A06BC56062
:2084A000A06B0661A06B4561A06B8561A06BC561A06B0562A06B07F065FE10B13846BDE8BC
:2084C000F081A06B002203218463252008F0BCFF252008F0ACFF2068C16841F40051C160BB
:2084E0002068C16841F02001C1602068C16821F08001C16094F8420020F0220084F8420036
:208500000020DCE72DE9FF4790460D4604004FF000064FF0FF394DD0B8F1000F4AD0E5B3AC
:20852000002009E0215C20395F2904D3062D08D0072D09D002E0401CA842F3D30027EA46A0
:208540001CE04046216802E054F8011F40460160A188818038E0E05DFFF720FF00280CDB38
:20856000102E06D30F220AF101016846F8F718F90F26E15D0AF80610761C7F1CAF42EAD3A2
:208580000C2E17D30AEB060547460C3D12D027B15FF0000415F8140000E00BE0FFF7FEFEF6
:2085A000064605EB44004078FFF7F8FE002E01DB002803DA484604B0BDE8F08740EA0610EA
:2085C0003855641C062CE5D30020F4E72DE9F0479846914604000D464FF0FF362DD065B3C7
:2085E0000846F8F779F8022827D329783C2924D1284410F8010C3E281FD104F54050D0F886
:20860000381221F40071C0F8381243F2947020440746FFF722FB2846F8F75EF8024643F25B
:20862000303029462044FFF723FB30B92046FFF78CFD20460FF052FB10B13046BDE8F08720
:20864000424649463846BDE8F047FFF790BA000070B586B004464FF0FF35FFF782FDB8BB69
:20866000002004F5405600900190D6F83002C1680906FCD420460FF0E5FAD6F8380220F4C2
:208680000070C6F8380243F294702044FFF7E5FA03AB02AA10A12046FFF798FFA8B9DDE9DB
:2086A00002016A46FFF72EFF78B904F54A500099C0F86E10BDF80410A0F87210009940F89D
:2086C000261FBDF804108180002520460FF0DAFA06B0284670BD00003C504545524D4143A3
:2086E0003E0000002DE9F04F91B005004FF00000ADF840004FF0FF3016468A46804661D0EC
:20870000BAF1000F01D1002E5CD128460FF09AFA05F54050D0F8381221F40071C0F838124D
:2087200043F2947028448146FFF797FA40216846F8F7D4F83C208DF8000024A00A24016840
:20874000CDF801108088ADF8050041208DF8070043208DF808004520EB468DF809000A2E58
:2087600002D30A27002602E0374600260BE00BEB04011AF8060010AAF8F716FBBDF840009B
:20878000761C0444F6B2BE42F1D33E210BF8041043F23030621C69462844FFF769FA68B975
:2087A0002846FFF7D2FC28460FF098FA30B9002211464846FFF7DBF94FF0000828460FF01A
:2087C00061FA404611B0BDE8F08F000041445644415441002DE9F04300F540550446D5F8F4
:2087E00034021F469DB0836B249E1B685B680093C06B0068436843F6F830204414F09AFC6B
:20880000D5F83402816B096849680091C06B0068436843F63C4032463946204414F08AFCDE
:2088200020460FF00FFAD5F83402FFF719FE204600F048F943F23030204407228B490646E1
:20884000FFF716FA2046FFF780FC4FF4FA7007F049FD4FF00008CDF84480CDF84880CDF82E
:20886000008001AB6A4682A12046CDF80480FFF7ADFE04F54A5728B9DDE9000111AAFFF7B6
:2088800041FEE8B34046C7F8688000BFA7F86C000020221804EB400102F5405201F540516D
:2088A00092F8E83281F8FA3292F8E822401C81F8FB220628EDDBCDF86080CDF86480CDF8E0
:2088C000688000270DF16009CDF86C80E01900F5405009EB470190F8E8021CAAF8F764FA32
:2088E0007F1C062FF2DB142113A8F7F7F7FFCDF8008001AB6A4660A12046CDF8048000E0D6
:2089000009E0FFF763FE58B120460FF0BBF901201DB0BDE8F0831198B866BDF84800B5E78F
:20892000009961B1019A042A09D9101F122801D9122200E0121F13A8091DF7F7ECFE4FF061
:208940000108002713A8F7F7C7FE82B2002013AB0EE0111A194411F8011C3039092906D852
:2089600001FB0871CFB208EB88014FEA4108401C9042EEDB85F89772342104A8F7F7AEFFEA
:2089800043F2B621214431233E22CDE90031CDE902923C233AA2322104A8F7F7B5FD04A8FB
:2089A000F7F79AFE024604A93046FFF761F92046FFF7CBFB20460FF091F943F2947000220A
:2089C000204411460746FFF7D2F80A2007F08AFC14222FA16846F7F725FF6846F7F77CFE4C
:2089E000024669463046FFF743F92046FFF7ADFB20460FF073F9002211463846FFF7B7F867
:208A000028A08046F7F768FE024641463046FFF72FF92046FFF799FB20460FF05FF9002242
:208A200011463846FFF7A3F821A08046F7F754FE024641463046FFF71BF92046FFF785FBDE
:208A400020460FF04BF9002211463846FFF78FF81B48016841F480410160B5F8AC0220F06B
:208A60000800A5F8AC02002052E70000CBED03083C4D41433E0000003C485645523E00008D
:208A800025634E414D45252E2A732573256300003C464143436F6D7061637420457068799A
:208AA000733E00003C444953424F4E443E0000003C4144564741503530303E0000000000C6
:208AC000180802402DE9F04F0027BB46A5B00646D946C846182104A8F7F700FF142110A82A
:208AE000F7F7FCFED249087840B1C86818B1002025B0BDE8F08F4FF0FF30F9E7CC49CD4C74
:208B00004FF0010A81F800A0C4F800A046B106F54055D5F8340218B10168C748814201D037
:208B2000E12014E0D5F8380220F40070C5F8380243F294703044FFF790F843F2303030448A
:208B4000FFF78BF804A8FFF7DBFB10B1E4202060D1E708F0DDFF4FF4964100F079F9A0F146
:208B600010014FF6EF72914209D8D5F834224FF496415160B14AC2F8B012AF498860AE484F
:208B8000C1680B91C16821F02001C160AC4800682290AB48001D00682190A94808300068CC
:208BA0000A90A7480C3000682090A548203000681F90A44800681E90A248001D00681D9066
:208BC000A048083000681C909E480C3000681B909C48183000681A909A48203000681990AB
:208BE0009848283000680E9096482C3000680D909448243000680C9093485E46016841F0AB
:208C000002010160006800F0020002908E48103000688D4940F0040010310860086810A9AA
:208C200000F004000290802010900220CDE9110613901490824807F0CBFC82480660001D63
:208C40000660001D0660001D06607E48203006607C498015183108607A48283006607949DF
:208C60004FF6FF702C310860764824300660754810300660011DC1F800A07249B02020314D
:208C8000086070490120086008F032FF6E492839096811F4E05F00D0400082466B49D5F8DB
:208CA00034020FF009F807F093FD06462FE065481030016849072AD562493831096815AAB3
:208CC00022F817104FF6FB3101607F1C022F1ED35FEA0A0220D0BDF85600BDF85410401A01
:208CE0000604360C18D0032370085946EAFB030132460023F7F77EFBE061A0F58C415039EC
:208D000040F6C412914207D8B146804604E007F05FFD801BFA28CAD35E46DFF828B10BF1F7
:208D2000200BCBF80060474806601E2007F0DAFA44491D98091D0860091D1C980860091DAF
:208D40001B9808603F491A98183108601998CBF800003C490E9828310860091D0D9808607A
:208D60000BF104010C98086036481030066035491E980860324922980860091D2198086042
:208D8000091D0A980860091D209808602C491F9820310860284E30680290706802900B98CB
:208DA000F06014210AA8F7F799FD9DF8240078B10F200A9004980B9005980C9006980D90A2
:208DC00007980E900AA8089908F060FD11F0A8FCC4F804A05FEA0900A06067611AD040461F
:208DE000C4F80C80A8F58C41503940F6C512914212D3E320206008F08BFE4FF4964100F065
:208E000027F8A0F110014FF6EF7291423FF6A0AEB06070E6E220EDE70549C860C5F8B00274
:208E2000D5F83402FFF7A2F946F20D0020605EE678010020702C002000100140905C0020E3
:208E4000000402400008004030380240C4ED030810B50A0007D0530818180021494100231F
:208E6000F7F7C8FA10BD002010BD884201D3401A7047081A7047000010B500F00FF80549F6
:208E8000086305490A6822F0F80242EAC000086010BD000098010020003802401F2800D927
:208EA0001F207047124910B5002008600A1D1060121D1060131D18600D4B183318601B1DE3
:208EC00018601B1D18600A4B28331860084C431E2C342360064B24331860054B103318607F
:208EE000034C01231434236015231360086010BD000C00400148006B7047000098010020E4
:208F00002DE9F84F4FF0000591460C0082462E46A84601D000271AE0012400275046FFF7D9
:208F2000ABFF40464FF40061CDF8008000BF401C00908842FAD347F230525100484601F04B
:208F400011FA411C0FD02D1846EB08067F1CA742E4D36008401948EB060122460023F7F797
:208F600049FABDE8F88F4FF0FF30FAE72DE9F04FA1B0582104A8F7F7B1FC614D00204FF0C0
:208F8000FF371B90B946286BFFF788FF064604464AF6C870E8632C646E64AF640120E864A6
:208FA000DFF86081002008F18002BA4648F82070934642F82070401C1F28F6D95248016876
:208FC0004FF00210884301D0022019E04E489430006800F040401E904B484030016801F04C
:208FE00008011D91006800F400701C904FF4805004908004159004A808F0ACFA28B103202C
:20900000E864286B21B0BDE8F08F3F484030016841F400710160016801F40071019101684B
:2090200041F008010160006800F008000190374800682090FFF736FF31480421C1640025FA
:2090400004212846209AFFF75BFF411C05D04AF6C871884207D3411A06E02A4941F8250012
:209060004BF825A01CE0091A8846264941F825004BF82580C8450BD312D131462846FFF79D
:20908000F4FE074631462046FFF7EFFE874207D201201B901A482C46C1464564C0F848805F
:2090A0006D1C1F2DCCD91B9800B934462046FFF7E3FE13484464C0F848900521C1641349D9
:2090C0000020103908601149209808600E48943001681E9A21F04041114301601D9828B92D
:2090E00009484030016821F0080101601C9828B905484030016821F400710160204681E75B
:2091000098010020ACA60020003802402024004010B5064A064B00211468044201D00120EB
:2091200010BD491C9942F7D3002010BD0024004020A107000448016821B9C16A11B9006B50
:20914000002800D001207047A4B1002070B50D0006464FF000044FF0B60100D1641E7E2022
:2091600014F0D4FC0F2013F0FDFF1CB92946304600F01DF8204670BD10B50A2013F0F2FFB8
:2091800011217E2014F0C2FC322013F0EBFF15217E2014F0BBFC642013F0E4FF19217E202D
:2091A00014F0B4FC0A2013F0DDFF002010BD0220C87509224A7515230B7500238B75C873A6
:2091C0004A7310200873032088734868886048698861C868086118467047000010B586B02E
:2091E000044618216846F7F779FB17226946042014F0AAFBBDF90000BDF9021000EE100AA1
:20920000BDF90420F8EEC00A9FED2C0A60EE800AC4ED120A00EE901AF8EEE00A60EE800A1D
:20922000C4ED130A00EE902AF8EEE00A20EE800A84ED140ABDF9081094ED0F0A00EE901AC1
:20924000BDF90A00BDF90C20F8EEE00A60EE200AC4ED1A0A00EE900AF8EEE00A60EE200A7F
:20926000C4ED1B0A00EE902AF8EEE00A20EE200A84ED1C0ABDF90E0094ED0E0A00EE900AEC
:20928000BDF91010BDF91220F8EEE00A002060EE200AC4ED160A00EE901AF8EEE00A60EE21
:2092A000200AC4ED170A00EE902AF8EEE00A20EE200A84ED180A06B010BD00009A99993EE2
:2092C0002DE9FF410DF12808044698E8E10084F82A7004F11408656288E80E0020842685A4
:2092E0000026B620A6858DF80C0035464FF064080127204600F070F900F05AF903A98DE845
:20930000820101237E22D021606907F0F5FE60B1681C042803D3012004B0BDE8F0810A20B6
:2093200013F020FF6D1C042DE3D326639FED160A682084ED0E0A9FED150A84ED0F0A84F8A4
:20934000400094F82A0038B10128204611D000F027F9A6850020DFE72046FFF70DFF2046CF
:2093600000F016F8204600F053F8204600F0B4F804E000F08DF8204600F00AF82046FFF73F
:209380002DFFA785E6E70000B3CC1C3AF8C1F93B10B5044690F82A0058B1882141F0200121
:2093A000402014F0B3FB0221204600F005F8002010BD0921F2E7000010B59FED110A29B1EF
:2093C000012907D002290FD0032913D080ED0E0A032104E09FED0B0A052180ED0E0A412039
:2093E00014F094FB002010BD9FED070A082180ED0E0AF4E79FED050A0C2180ED0E0AEEE7A5
:20940000E5FF1F3AE5FF9F3A1000203BFAFF9F3B10B504462921422014F078FB002120465B
:2094200000F002F8002010BD10B59FED140A052920D2DFE801F019130D1F03009FED100A0D
:20944000042180ED0F0A432014F060FB002010BD9FED0C0A022180ED0F0AF4E79FED0A0AEC
:20946000012180ED0F0AEEE79FED080A002180ED0F0AE8E780ED0F0A0321E4E7F8C1F93BF9
:20948000F8C1793B8DC1793C8DC1F93C8DC1793D10B5044600F059F8642013F063FE204637
:2094A00000F01AF8642013F05DFE12217E2014F02DFB642013F056FE17217E2014F026FBF5
:2094C000642013F04FFE1B217E2014F01FFB642013F048FE002010BD10B580214C2014F030
:2094E00015FB322013F03EFE01214F2014F00EFB4B214E2014F00AFB04214F2014F006FBB1
:2095000051214E2014F002FB0E214F2014F0FEFA52214E2014F0FAFA02214F2014F0F6FA71
:209520004C214E2014F0F2FA42214D2014F0EEFA0821442014F0EAFA03214C2014F0E6FABB
:20954000322013F00FFE002010BD10B5416CFFF7FDFD40B2002800D0012010BD1CB5044667
:20956000808D012802D04FF0FF301CBD94F82A0070B10620012312220E31CDE90010D12150
:20958000064807F04BFD0028EFD10221A1851CBDCDE9001201230422F1E70000242B0120DA
:2095A00010B5FFF7D2FF642013F0DCFD002010BD10B5074807F099F90648016841F4001138
:2095C0000160016821F40011016010F025FE10BD242B01202038024010B50446018D86B06D
:2095E000406A012207F0EFF814216846F7F776F9208D218C084300900120019002900220E5
:2096000003906946606A06F0E3FF218C0022E06907F0D9F8218D0022606A07F0D4F8012008
:2096200006F060FE218D0122606A07F0CCF8012006F058FE218D0022606A07F0C4F80120A5
:2096400006F050FE218D0122606A07F0BCF8012006F048FE218C0122E06907F0B4F8012046
:2096600006F040FE002001906946606A06F0B0FF06B010BD0948B0F8521011B990F86E0049
:2096800008B100F011B80649002088850548D0F8E01241F02001C0F8E012704708290020D1
:2096A00024C20020A4B900200A480B4A016891420CD14A6822F4E0624A60202180F83D10AD
:2096C000002180F83E100164418501850349012088857047242B01200054004024C20020B7
:2096E0000248016841F0200101607047003C01401048416B09B940F2E2410F48002390F8B3
:209700002A200E481AB1012A03D0038010E0C82200E064228A4201D3038007E003881A442A
:2097200092B202808A4203D3511A01800120704700207047A4B1002024C200209C050020EA
:2097400010B504460020A0852046FFF729FF606907F0E4F82046BDE81040FFF73DBF10B583
:20976000044641F61810204400F58050D0F8E418C0F8E818204600F0F1F804F54054D4F803
:20978000380220F40070C4F8380210BD01460020812934D048DC232923D024DC132973D051
:2097A00011DC102979D009DC40F20122012903D0022901D0032900D110467047112961D092
:2097C0001229FAD153E0202969D006DC142977D0152975D01829F0D149E021295FD02229F6
:2097E000EBD11D207047412966D00EDC33295AD006DC302960D031295ED03229F2D159E05F
:20980000342955D04029EDD156E060293AD006DC422937D0432935D05129E3D14CE061292D
:2098200048D08029DED147E0922945D00EDCA1F182011029D6D2DFE801F0342534363B0823
:20984000083F3B08383B251A3F3FCBE7A02919D00FDC9D2930D006DC932913D0942929D002
:209860009529BFD10EE09E290CD09F29BAD105207047AD2922D009DCA12903D0AB2901D0EB
:20988000AC29F5D1022070470BE006E0BA2917D0BB29F8D140F20720F5E73D20F3E715206B
:2098A000F1E70420EFE72120EDE71120EBE707E01920E8E70320E6E70120E4E78920E2E781
:2098C0000620E0E770B5040026D0002924D00868002821D0EFF3108572B604F54050C0F8F6
:2098E00034120968C0F830120021C0F8381241F618102044FBF780FD2046FBF77DFD41F659
:209900001A10211843F248204FF4C052204413F0FDFB002D00D162B670BDB0B13E2914D1A3
:2099200000F5805090F8EC1879B1D0F8E01861B1D0F8E8281D2A08D1D0F8E408192804D118
:209940000878222803D0232801D0002070470120704741F618131844FBF760BB41F6181174
:209960000844FBF73ABC41F618121044FBF7F2BC2DE9F84341F6181100F5405480464718FF
:20998000D4F830024FF0FF35C16889065AD50168890657D5016821F020010160D4F8300251
:2099A0004068C6B2304600F081F810B12A4901200870D4F83802800542D541F6EC00C05DF9
:2099C000D0B93046FFF7E2FE002812DD3046FFF7DDFE01466A463846FBF75EFC60B1384604
:2099E000FBF7D3FCD4F8380220F40070C4F8380228E03846FBF7C9FC3846FBF7D3FC002882
:209A000014DD31463846FFF788FF18B14046FFF7A6FE09E031464046FFF7A5FF401C11D13C
:209A20003846FBF7B2FC06E000250BE03E2ED6D14046FFF793FFD4F8380220F4007008E07F
:209A40003C2E02D02846BDE8F883D4F8380240F40070C4F83802E7E7A003002070B543F2B1
:209A6000482202449368D568946B6155D168491CD160D168994202D3D168C91AD160002123
:209A800002EB81030125203353E8004F2C4443E80046002EF8D1491C0329F1DB00F002F833
:209AA000002070BD082003F031BC0000124910B54C7801233CB10022012C07D0022C0ED02A
:209AC000032C09D110E03C2813D006E0AB2801D1022007E03C280CD04A70002010BDBA28E9
:209AE000F8D103204870F8E73E28F3D14A70012010BD4B70F1E70000A00300207CB5040086
:209B00004FF0FF3519D004F54050D0F83812490413D5D0F8381221F48041C0F8381201AA84
:209B200069462046FBF77AFA204600F08EF820B1204600F0EBF900207CBD28467CBD10B5FE
:209B400000221146FBF76AFA002010BDFBF7A4BAF8B514460D4606004FF0FF3707D035B167
:209B6000002C04DD6A462146FBF796FB08B13846F8BD224629460098F6F7CDFD3046FBF7C4
:209B80002CFB0028304602D0FBF7FFFBEFE700F002F80020F8BD00F058B838B500F5405437
:209BA0000546D4F830024FF0FF31C268120624D50068000621D52846FBF719FC002804DDD0
:209BC00069462846FFF7C2FF30B1D4F83002C16821F08001C1600FE0D4F830020168090691
:209BE000FCD59DF8001041602846FBF794FA002802DC2846FFF7A3FF0021084638BD30B50B
:209C000089B00C46054624216846F6F767FEAD208DF8000085208DF801002046F6F75CFD00
:209C2000202800DD2020024621460DF10200F6F772FDDA208DF822008DF823002422694676
:209C40002846FFF785FF09B030BD7CB505004FF0FF364BD005F54054D4F8300280B3D4F826
:209C60003802400444D42846FBF7C1FB00283DDD01AA69462846FBF79DFBD4F8340200B3E9
:209C8000806BF0B10168E1B1D4F83002426922F080024261086820F0010008600098C860B4
:209CA00001984860086840F010000860D4F8380240F48040C4F83802284600F04BF913E0C6
:209CC00014E0D4F8380240F00200C4F83802D4F83002C16842F20C021143C160D4F8300286
:209CE000C16841F08001C16000207CBD30467CBDD4F8340240B1806B30B1006820B14068C0
:209D000010B92846FFF7FAFE6FF001007CBD10B500F54051D1F8342213685C69240604D4D9
:209D20000AE0936B1B685B681BB1D1F838325B04F7D400F0EBF81AE05B691B0605D4B0B1E0
:209D40003AB1926B2AB112681AB1BDE8104000F010B8D1F8300250B1C26822F08002C26072
:209D6000D1F8380244F202029043C1F83802002010BD70B560B300F5405444F20205D4F829
:209D80003412B9B18A6BAAB112689AB10B685B691B0602D408E0516819B1D4F83812490402
:209DA000F9D400F0B3F811E0084609F016FDD4F8300202E0D4F8300250B1C16821F0800156
:209DC000C160D4F83802A843C4F83802002070BD4FF0FF3070BD00002DE9F05F00F54055A4
:209DE0000446D5F834020068C16842F20800884303D04FF0FF30BDE8F09F06F0E9FC804668
:209E0000002C65D0D5F83402002861D0806BE8B30068D8B34FF6FF7B002604F580573EE039
:209E2000D5F83402806BD0F800902046FFF70DFFD5F83802800705D5D5F8340200684069F8
:209E4000000602D4204600F04FF8D5F8380240041AD5D9F8040080B25FEA000AD9F8000024
:209E600000F0010902D12046FFF748FEB9F1000F02D05146DA4517D11A48761CD346864275
:209E800003D9204600F030F8002600E020E006F09FFCA0EB0800B0F5FA6F14D800BFD7F8B6
:209EA0000C090028BCD1A6E700268B46EDE72046FFF7CBFE2046FFF770FE06F089FCA0EB8B
:209EC0000800B04202D96FF0010094E700BF03E04FF4FA6604F58055D5F80C090028E6D1FE
:209EE00089E70000400D030010B5044600F051F82046BDE81040FFF7A8BE000002490878D8
:209F000000220A7070470000A003002000F54051D1F8382244F202039A43C1F8382200282F
:209F200017D0D1F83402002813D0806B002810D0006800280DD0D1F83012026822F0100237
:209F40000260026822F001020260486920F080004861704700F54051D1F8382242F002023E
:209F6000C1F83822002813D0D1F8340200280FD0806B00280CD00068002809D0D1F830125A
:209F8000026842F001020260486940F0800048617047002821D000F54050D0F8341200292A
:209FA0001BD0896B002918D00968002915D0D0F83002C268920402D502681206FCD5021D2F
:209FC0008A60C16821F40051C160416941F080014161C16841F40051C16070472DE9F74F06
:209FE000D2F884C081B0CE4DCE4905F1D80205F16C0602F16C0902F1D80702F5D87302F545
:20A00000227A02F5A27B02F53D7E02F25464BCF1220F12D2DFE80CF0112132425364738558
:20A0200097A8B0BF111111111111111111111111CEDFF7F5F4F3F2F1F0EFB94A03234832C1
:20A04000A2F12401009504F045FEB748032300F1480200F1240100905CE1B14A0323B43232
:20A06000A2F12401009604F035FEAF486C30032300F1480200F1240100904BE10092AB4A1E
:20A080000323A2F1240104F025FEA748D830032300F1480200F1240100903BE1A34A03239E
:20A0A0006C32A2F12401CDF8009004F013FEA048032300F1480200F1240100902AE19B4A11
:20A0C0000323D832A2F12401009704F003FE98486C30032300F1480200F12401009019E18F
:20A0E000944A00930323A2F1240104F0F3FD9248032300F1480200F1240100900AE18A4A8D
:20A100000323903AA2F12401CDF800A004F0E2FD8948D830032300F1480200F1240100907F
:20A12000F8E0844A03236C3AA2F12401CDF800B004F0D0FD80486C38032300F1480200F101
:20A1400024010090E6E0784A0323243AA2F12401CDF800E004F0BEFD7848032300F1480211
:20A1600000F124010090D5E072490323243101F14802009124311AE00B882BB10A1D00920A
:20A1800001F58272443112E06C4A0323903AA2F124010094BEE0B1F8C431002BF4D06149A7
:20A1A00001F5E472009201F5327201F5027104F091FDE9E75A4A03234832A2F124010095DB
:20A1C00004F088FD5D486C30072300F1A80200F1540100909EE0554A03236C3AA2F1240189
:20A1E000009604F077FD5648072300F1A80200F1540100908EE07CE069E056E044E034E0A7
:20A2000022E010E0FFE70092484A0323A2F1240104F060FD4A48FC30072300F1A80200F19F
:20A220005401009076E0414A03236C32A2F12401CDF8009004F04EFD4248052300F178022B
:20A2400000F13C01009065E0384A0323D832A2F12401009704F03EFD3A48B430032300F14E
:20A26000480200F12401009054E0324A00930323A2F1240104F02EFD3348032300F14802D2
:20A2800000F12401009045E0274A0323903AA2F12401CDF800A004F01DFD2C48032300F1DC
:20A2A000480200F12401009034E0224A03236C3AA2F12401CDF800B004F00CFD2248B438E2
:20A2C000052300F1780200F13C01009022E0164A0323243AA2F12401CDF800E004F0FAFC00
:20A2E0001A486C30032300F1480200F12401009010E010490323243101F148020091243173
:20A3000004F0E8FC10486C30052300F1780200F13C010090029804F0DDFCBDE8FF8F000086
:20A32000D4EF03089CBE00200CF40308F4F0030850F50308A4F2030894F60308D8F703087B
:20A3400040F9030838FB03080CFD03082CFE03080348406B08B100207047012070470000D4
:20A36000A4B100202DE9F84315464FF0FF3841B13DB18D4205D24FF48032914201D295424E
:20A3800002D34046BDE8F8832C4A136843F400731360136823F400731360294A40F0080011
:20A3A0001060274C0026103C2660201F0660001F0660234F7F201C3F38600120206000965D
:20A3C00000BF0098401C00908028F9D31C48083801601020FEF79CFE40B3102038601848E7
:20A3E0000C3805600820FEF793FEF8B10B203860144D286820F001002860124F24373E60B6
:20A40000104810300660286840F001002860206840F0020020600220FEF77AFE40B138689B
:20A42000296821F0010129602660ABE72660A8E7286820F001002860F8E700002038024020
:20A4400020240040000C00402DE9F04FABB0342116A8F6F743FA58216846F6F73FFA644D41
:20A460000120686600262E65801E6865686BA8656048006880070AD4082016900120CDE9CF
:20A480001B0616A807F086FB08B1022096E007F02FFB044657486C38006810F4E05F00D0EB
:20A4A0006400AA4628462C65DCB1524820300068504D00F04040343D2990286800F00800AB
:20A4C0002890286800F400702790A8140090C0041190684607F03EF828B104215046416652
:20A4E00073E00321FBE72968AB4641F400712960296801F400712391296841F00801296053
:20A50000286800F0080023903B48D0F80090FEF7C9FC4FF4006024904010042700252E4600
:20A52000A8462390DDE923214846FFF71BFF411C24D02D1846F1000608F10108B845F1D33C
:20A540007808401946F100013A460023F5F752FF02465546CAF854202749002010390860B0
:20A560002549C1F80090234820300168299B21F0404119430160289818B108E04FF0FF320C
:20A58000E7E7DBF8001021F00801CBF80010279828B9DBF8001021F40071CBF80010501CD5
:20A5A00011D0A10DA002002302F08AF8A0F59C41203947F2315291420AD306206866686BD5
:20A5C0002BB0BDE8F08F05206866DAF83400F7E701216863A97026AA25A901F0D5FC686B6C
:20A5E000A8652599E9652699296607216966E7E79801002074380240202400400021C2071A
:20A6000000D01021820701D541F02001420701D541F04001020701D541F08001C20601D5C8
:20A6200041F48071800601D541F400710248028C0A43028470470000980100207FB52A4831
:20A640000068F6F72BF8294900206A4600EBC00301EB8303D3F88C3042F82030401C042887
:20A66000F4DB1146224800F083FC224C6069850AAD024FF48050854200D205466E08324681
:20A680001D48616812F042FD6068324600EB55011948443012F03AFD1848A269A16812F046
:20A6A00035FD1748E269E16812F030FD206A420A5202202A00D202460F482169CC3012F0D9
:20A6C00025FD10494FF4006201F50C6012F01EFD09491022383901F5A47012F017FD04487A
:20A6E000F7F726FC7FBD000028280040082900200C3701200CF7042050B000206CC3002033
:20A70000C0C2002018A800202DE9F0411D46069E17468846040038D0002D36D0002E34D0CD
:20A7200033462A4600F090FB012F2ED9A06800282BD02868B0FBF7F107FB1100002824D001
:20A74000391A3068884204D84146204600F093F813E0A36804EB880250690844984203D3D4
:20A76000B0FBF3F707FB13005061203252E8000F401A42E80003002BF8D133462A464146F8
:20A780002046BDE8F04100F05FBBBDE8F08100002DE9F84F1D460A9F904689464FF0FF3AD7
:20A7A000A0B1B9F1000F11D08168466980290DD348060BD1700609D106F18000884205D8F5
:20A7C0006A468C211648FAF767FD10B15046BDE8F88F009CAD2009EB06012070607084F8A6
:20A7E00002804FEA1820E0702571280A6071280CA071280EE0712772380A60720A34802224
:20A800002046F5F788FFDA2004F8800F60700448FAF7E3FC0028DAD00148FAF7B6FDD5E773
:20A82000902C002030B5002822D0EFF3108372B6C16882680025E2B1914203D3B1FBF2F49A
:20A8400002FB141111F07F0405D0C4F180042144914200D3891AC1605FF0000200EB8204B3
:20A8600061612562521C032AF8D3002B00D162B630BD2946EFE700280DD003290BD2EFF3F3
:20A88000108272B6C36800EB8100436100210162002A00D162B670472DE9F04F85B0FE48A5
:20A8A000F9F742FAFD4CFE4D607B00287DD005F08FFF0646E06E08B1301A03D400F05AFE49
:20A8C0006436E666F748B0F8AC02C0062DD5D5F8DC0210F0020F28D0D5F8F402A16E8842E5
:20A8E00023D0D5F8000302F01DFDADF81000EE48AD21C0698DF80010AF218DF80110EB4978
:20A90000896DCDF802100290DA20BDF810108DF80C00ADF806108DF80D000E226946E44820
:20A92000FAF746FCD5F8F402A066DD48D0F8DC02E04C10F0020FA4F1A80B7DD004F1AC00DD
:20A94000D0F818114FF0000609065FD400F0DEF9A4F1200000F08EFA0028EED0DBF80000D2
:20A960005D46400568D4A4F12000006AB0F5006F15D9A4F120024FF480609368516901F50D
:20A980008061994203D3B1FBF3F707FB1311516154E8001F091A44E80013002BF8D1286876
:20A9A00040F480602860BE4800E012E0D0F8000302F0B8FC02B2BC48B84FBF491E37C3696A
:20A9C0003888009001F50C60FFF7E2FE002875D102E04FF0FF30A7E73E80B548FFF735F9C4
:20A9E000B449203980228B6848698030984203D3B0FBF3F606FB1300C1F8140054E8000F9B
:20AA0000801A44E80003002BF8D106E1A948AC30D0F81801402500F07F00039000200190CC
:20AA2000029001A80090A34802AB202201212430FFF76AFE019800E0D1E080287ED3403802
:20AA4000B0FBF5F69B4824308068DFF868A2B0FBF5F0301A0AF1480A002827DDDBF800102A
:20AA6000490523D4AAF1240380019A6899690144914203D3B1FBF2F606FB12119961514613
:20AA800051E8002F121A41E80023002BF8D1894801AB02AA0121243000F0D6F90198A84201
:20AAA00003D3401BB0FBF5F600E000268148029A243080684FEA500E002034E0D1E000208C
:20AAC00000EB520103980844704501D3A0EB0E0078492431896B31F8101076482038C76897
:20AAE000836BD953C168891CC160C16803691940C160002300EB83010227203151E800CF2A
:20AB0000BC4441E800C8B8F1000FF7D15B1C032BF0DB68482A4424308168914201D8806865
:20AB2000121A09F101008146B042C8D36149243175438A6888692844904200E00DE003D31F
:20AB4000B0FBF2F303FB12008861504650E8001F491B40E80012002AF8D15648203800F008
:20AB600089F9E0B3DBF800005D46400559D451482038006AB0F5006F15D94E494FF48062BF
:20AB800020398B68486900F58060984203D3B0FBF3F606FB1300486154E8000F801A44E8D1
:20ABA0000003002BF8D1286840F4806028604148AC30D0F8180100F07F0007283848D0F846
:20ABC000000359D202F0AEFB02B23748334E3A491E36C3693088009001F50C6000E020E06B
:20ABE000FFF7D6FDE8BB002030803148FFF72DF83049203980228B6848698030984203D30D
:20AC0000B0FBF3F606FB1300C1F8140054E8000F801A44E80003002BF8D1286820F4806033
:20AC20002860DBF800105846490522D52349096800291ED12149091F0968C90719D00168AC
:20AC400021F4806101601B4820388023826841698031914203D3B1FBF2F505FB12114161F9
:20AC600000E018E054E8000FC01A44E800010029F6D105B0BDE8F08F02F054FB02B20A489A
:20AC8000064E0D491E36C3693088009001F50C60FFF77EFDE0B113E0D80500209801002035
:20ACA000A4B90020905C00200829002040BC0020902C0020F8B0002018A80020BC640240B8
:20ACC0001048FFF7AFFD286820F480602860D0E7002030800C48FEF7B8FF0A488022836808
:20ACE00041698031994203D3B1FBF3F606FB1311C0F8141054E8000F801A44E80003002B73
:20AD0000F8D18AE7D8B00020902C00202DE9F0474A49087B002824D0494CD4F81801002359
:20AD200000F07F07402F1BD2A4F5AA72D2F838C0BCF1000F14D002F14400806B80B194F84B
:20AD400041516DB194F84141A40109D0EFF3108672B6D2F80C90956806B962B6A54202D222
:20AD60000B73BDE8F0870B733E46202F01D3203E00E0604680463248CC38016A8068891CF4
:20AD8000814203D92E48CC38FFF74CFD484615B900210AE0641BAC42FCD2A04202D3A9EB6E
:20ADA000040102E0A4EB0901691A680806EB5101814200D3091A224838F81110202FA0F189
:20ADC000CC001AD2C368826BD152C168891CC160C16802691140C1605FF0000100EB8102CD
:20ADE0000223203252E8004F1C4442E80045002DF8D1491C0329F1DB1AE0C368826B4900D6
:20AE0000D152C168891CC160C16802691140C1605FF0000100EB81020223203252E8004F5C
:20AE20001C4442E80045002DF8D1491C0329F1DBBDE8F04701210348FFF71DBD980100201E
:20AE4000A4B1002050B0002010B5002811D0002A0FD0002B0DD003290BD2EFF3108472B6D7
:20AE600000EB810041691160006A1860002C00D162B610BD10B548B38168802926D3816853
:20AE8000490623D1416982688A421FD911F07F0117D0026AC1F180018A4217D383684269C4
:20AEA0000A449A4203D3B2FBF3F404FB1322426100F1200252E8003F5B1A42E80034002C9C
:20AEC000F8D1006A802801D3012010BD002010BD70B586B014216846F5F700FD0E48002447
:20AEE000016841F00101016000680C4E00F001004FF48075059022462946304605F063FC34
:20AF000001200095CDE9010469463046039405F05FFB06B070BD00003038024000000240E6
:20AF200070B586B014216846F5F7D8FC0E480024016841F00201016000680C4E00F00200E7
:20AF40004FF48055059022462946304605F03BFC01200095CDE9010469463046039405F0A9
:20AF600037FB06B070BD000030380240000402402DE9F04F91B00D4604464FF400664FF4AD
:20AF80008058F6F707FCB0F5703F04D36FF0020011B0BDE8F08F04F57031C0F57030086021
:20AFA0000020844604EB800202F57032401CC2F804C0C2F814C00428F4DB686808B1654B01
:20AFC00000E0002307AA26E028B3012826D0374642F82070401C0428F6DB00231E46581E20
:20AFE00052F8267037B11F3323F01F033B440F68BB42CDD8761C042EF2DB0E680027A6EBAB
:20B00000030BCDF830C0CDF834C0CDF838C03B46CDF83CC006E00120CDF81C801F46D7E72A
:20B02000012B10D055F8236016B1864200D230465B1C042BF4DB431C0DF1300E15D0002345
:20B04000A0F1010903E00223ECE7012B38D055F823603EB14E44B6FBF0F606B901264EF832
:20B06000236037445B1C042BEFDB0026BA4633464FEA020959F82320C2B31F3626F01F06E6
:20B080001046012B3ED055F8237087B3BAF1000F38D05EF8237004974FB307FB0BF7B7FB08
:20B0A000FAF727F01F07D019002B0CD04FF40077A7F1010720EA070008D14FF47F3706E04F
:20B0C0004FF00203C3E74FF48067F1E7224FB84200D938460BB96FF309004FF40077B842DB
:20B0E00000D23846824203D2821A02E027E009E000225F465A4500D93A46ABEB020B049AF9
:20B10000AAEB020A0A683718974206D9B24201D9901B00E0002020F01F0080B104EB8302C8
:20B12000A71902F570320644576050615B1C042BA0DB0868B0420BD26FF0010028E704EB46
:20B14000830000F57030C0F804C0C0F814C0EDE700201DE700710200FEFF010070B590B001
:20B1600028216846F5F7BAFB254DA879002815D00FA90AA800F0CAFE0AA90FA800F030FEED
:20B1800004460E461F4905F1380000F029FE201A76EB010204D301206871002010B070BDE8
:20B1A0004FF480763146184806F054FF1548002401788DF8001041788DF8011081788DF8DA
:20B1C0000210406801908DF8034003944FF070600494CDE905400A480794383080788DF851
:20B1E00020000220099628716C7122466946064807F058F80028D1D02C71601ECEE70000B3
:20B200009801002098A60020782B012004490020887148710A79022A00D108717047000084
:20B2200098010020F0B585B014221B496846F5F7F9FA72B60021DFF864E00C466B461425B4
:20B240004FF0200C53F82120D06872450BD19668B6F5007F07D300F2FF106FF30800B042CD
:20B2600000D3801BD060002253F8216005EB8207F05153F821600CEB8207F451521C032A5C
:20B28000F2D3491C0529DDD304484438FFF7CAFA62B605B0F0BD0000F4ED03081CB10020D1
:20B2A0000B46084910B58A7952B148B143B1896B0160142204491846F5F7B4FA012010BD76
:20B2C000002010BD9801002098A600201CB542F20100F6F71BFAFAF7C9FEFEF701FA16485C
:20B2E00090F8F002154981F8B301642004F0FAFFFFF7A4F942F20200F6F708FAF6F772F9C8
:20B3000042F20300F6F702FA01F088FA42F20400F6F7FCF90A480021CDE90001A0F500734E
:20B32000064A08490848FBF7FFFABDE81C4042F20500F6F7EBB90000A4B90020A4B1002074
:20B34000A4B50020982B01200829002030B5234C87B0204601F0EEFE4FF0FF3588BB204655
:20B36000FEF773FC401C03D02046FEF735FD18B11A4801F035FC24E0184801F031FCC820F6
:20B3800004F0B0FF40F6C41000F02EF814488179B9B13C218DF8001034218DF80110806B62
:20B3A000CDF8020014220F490DF10600F5F7B3F93E208DF81A001B226946084801F0EDFE87
:20B3C00010B1284607B030BD2046FEF705FD0028CED1024801F004FC0020F3E7F86E0020BB
:20B3E0009801002098A6002010B586B0044605A9684600F08BFD2246694605A800F0EAFA85
:20B40000694605A800F08AF806B010BD70B5154CB4F85801012806D0B4F8580118B1BDE8DE
:20B42000704003F069B91048B0F89402012811D1FFF78CFF70B1FFF7E9FE01210B4800F0C2
:20B440003DFF0BA10E48FEF7DAFBBDE870400C48FEF7FBBB0B4801254570FFF7E3FEA4F8EF
:20B460005A5170BD08290020F89E0020A4B1002053594E4320535441525420455252000084
:20B48000902C0020980100200C4810B5B0F8583101210B4A012B03D0B0F8583103B15170B1
:20B4A00080F86F1000205073F7F78CFB0548D0F81C1121F00301C0F81C1110BD08290020E3
:20B4C00098010020A4B100202DE9F041114C0120E073A17B00291BD1A0730F4F002600BF9F
:20B4E00005F076F90546E673206F08B1281A03D403F02CF90A3525670748FCF71DF9B7F8F9
:20B50000520008B9FBF7CEFBE07B0028E8D1A673BDE8F081980100200829002070B50400BF
:20B520000E461ED0002E1CD00E4D20681422A8630D48F5F777F90120A871002068710B4854
:20B540002168C163142231462830F5F76BF90848216801633146BDE8704014223430F5F75A
:20B5600061B970BD9801002098A6002040BC0020C0B2002070B58CB0002205A9234806F02D
:20B58000E5FD00220BA9214806F0BEFD002269461E4806F0DBFD00220AA91C4806F0B4FDF4
:20B5A0009DF816009DF802108842E5D19DF82E009DF82A108842DFD19DF82D009DF829101D
:20B5C0008842D9D19DF82F009DF82B108842D3D10F4901F1140000F003FC04460D4669465C
:20B5E0000AA800F0FDFB0B4E021B71EB050208D3001B61EB05014FF47A720023F4F7FAFE5B
:20B6000000E00020C6F8F4020CB070BD782B012068BC0020A4B900202DE9F0471E4C86B01B
:20B62000A079002827D01D4904F1380000F0D8FB05460E4605F0CCF8804600274FF4807AFA
:20B6400041F294191DE005A9684600F05FFC694605A800F0C5FB401BB14115D205F0B8F881
:20B66000A0EB0801494509D951460D4806F0F2FC27714FF0FF3006B0BDE8F087012004F009
:20B6800031FE60790028DED05146054806F0E2FC277167710020EEE79801002098A6002098
:20B6A000782B01200F48104990F8C0378B63A0F5C0421079C8634FF0FF30042B10D0136A64
:20B6C00023B1082228219F2000F038B800230B60D2F894204A60054A93688B609269CA6074
:20B6E0007047000010230120CCA700200CF704200F48104990F8C0378B63A0F5C042107948
:20B70000C8634FF0FF30042B10D0136A23B10222A021AC2000F012B800230B60D2F89420B9
:20B720004A60054A93688B609269CA607047000010230120CCA700200CF704202DE9F05FDB
:20B740000C464A4983469146086A4FF0FF3330B12CB1A02C03D8601D85B2A52D02D918465D
:20B76000BDE8F09F09EB49004608601E09FB00F202EB8207C7EBC2120E2707EB820200FBF4
:20B7800006283B483B4F804503D238494A6E824204D2C7F82080486E7862E0E74946204656
:20B7A00000F088F882463148016A3960D0F89410796031498A68BA608969F960416E396175
:20B7C000017979610189B961C06AF861C7F82080C7F824A0BE622948D0F80C09F8622848D4
:20B7E000D0F83802386304F0F3FF786300202EE009FB00F101EB8103C3EBC1131B4900FB77
:20B8000005F28F184FF0AD0C87F8A0C087F8A1B002EB050C87F8A2008C44DA278CF89E7061
:20B820008CF89F700AEB830300270C330CE000BFD1F820C002EB070807FB06CC884413F899
:20B840000CC088F8A3C07F1CA742F1D3401CA042CED30C48002141808480C58080F808B063
:20B8600080F8099004210170002079E710C3002000710200CCA700200CF70420903C002095
:20B88000905C0020D02A0120094A92F8C00702280DD192F8C80700B9AC20B2F8C41701B9B8
:20B8A000A02192F8C92702B90222FFF747BF7047102301202DE9FE478A46054601EB4A01BA
:20B8C00000204FEA51092249009001900290D1F820C0BCF1000F02D00024694624E0002069
:20B8E000BDE8FE870AFB04F202EB8203C3EBC2120C2303EB820700220023BE180EE000BFC1
:20B9000003FB09681CF808805FEA086805D551F8228008F1010841F822800833AB42EFD3D7
:20B92000521C032AE8D30834AC42DBD3094C002251F8223044F8223051F82050AB4200D9BA
:20B94000D0B2521C032AF3D3034981F86A00C7E710C300200CA800201802002070B5184C9D
:20B96000184994F8C0278A63B4F8C207C863042A02D04FF0FF3070BD1349D1F80C19E1B9E7
:20B98000B4F8C4170825884215D2B4F8C6270F4900FB02110E48F9F7C6FB70B90C48FEF7CA
:20B9A00054F9B4F8C207401C80B2A4F8C207B4F8C417884201D384F8C057002070BD0000CD
:20B9C00010230120CCA70020903C0020B0C30020902C0020FEB514460D46060052D0002D70
:20B9E00050D000F0FDF9001941F10001264A0023F4F700FD1446074602AB01AA694600F0DC
:20BA00008BF92248B4FBF0F12970B4FBF0F100FB11404EF66021B0FBF1F26A70B0FBF1F278
:20BA200001FB12004FF47A72B0FBF2F1A970B0FBF2F102FB1100AC681CB915490969C1F319
:20BA40000E04611CA0FB01010023F4F7D3FCA04200D92046201AC5E901040098FF1CA0F587
:20BA6000FA60F070019870700298B070072097FBF0F100FB1171C91D91FBF0F200FB121051
:20BA8000401C3070FEBD0000005C260580EE3600002800402DE9F041884605005DD0A86805
:20BAA0002F49041E02D10A69C2F30E0402D10869C0F30E006968814200D90146401A4FF489
:20BAC0007A77A0FB0701661C32460023F4F792FCB84200D3781E2978224A40F25373514340
:20BAE0006A7812FB03F201EB4211AA7802EB4203C3EBC21201EBC20108441B494044B0FBBF
:20BB0000F1F201FB120017491822B0FBF1F1B1FBF2F302FB131129704EF66021B0FBF1F26F
:20BB20003C21B2FBF1F301FB13226A703A46B0FBF2F3B3FBF1F701FB1731A970B0FBF2F17B
:20BB400002FB1100A0FB06010023F4F753FCA04200D92046201AC5E90104BDE8F0810000B4
:20BB60000028004080EE3600005C26052DE9F04106462DED0A8BB0EE408A016800209FED73
:20BB80005ECB4FF000479FED5EAB11B10869C0F30E000446401C12F0D5FA41EC190B18EE9F
:20BBA000100A12F0B5FE53EC192B41EC180B00259FED550B51EC100B12F0B4F853EC182B4A
:20BBC00012F01AFB11D253EC192B9FED510B51EC100B12F0A7F853EC182B12F047FC04D26A
:20BBE0000020BDEC0A8BBDE8F08153EC1C2B51EC180B12F03BFC38D812E000223946304699
:20BC000006F09CF90500ECD1B0EE4A0AF0EE6A0A53EC102B51EC180B12F090FD41EC180BDA
:20BC200053EC1A2B51EC180B12F020FCE5D953EC1C2B51EC180B12F019FC5AD253EC182B99
:20BC400051EC1A0B12F07AFD53EC192B12F010FB41EC100B0FF05CFE002800DA0020A042D4
:20BC600000DD2046024639463FE051EC180B11F05FFF41EC180B204612F064FA53EC192B43
:20BC800012F050F841EC1B0B0EE022460021304606F054F90500A4D153EC1B2B51EC180B78
:20BCA00012F04CFD41EC180B53EC1A2B51EC180B12F0DCFBE9D953EC1C2B51EC180B12F082
:20BCC000D5FB16D253EC192B51EC180B12F0D0FA41EC100B0FF01CFE002800DA0020A04298
:20BCE00000DD2046020004D00021304606F026F90546284675E7000000000000000000006A
:20BD0000000000000000F03F000000000000E0BF000000000000E03FF0B5284C0419284890
:20BD200002D494FBF0F003E0264D254495FBF0F0244D48F6AC666D1E05FB004540F2B454C4
:20BD4000B5FBF4F4B5FBF6F62C1B34441C4E761EB5FBF6F6A41B40F26D16B4FBF6F400EB5E
:20BD6000C00606EB001004EB00166420B4FBF0F740F26D10604300EB9400C01B2C1A04EBFC
:20BD800084009925801CB0FBF5F000EB001505EBC5050527AD1CB5FBF7F5641B641C1C606F
:20BDA0000A2801D2C01C00E009381060022801D8012000E0002030440860F0BD6CFA0A00F4
:20BDC000B13A020050C5FDFF04480068C0F30120032801D000207047012070477038024048
:20BDE00030B5C3784278847803F5FA63022A01D8012000E000201B1A4FF4C87002D493FBDE
:20BE0000F0F003E0A3F28F1595FBF0F06FF01805454303EB0513022A01D9D21E00E009329B
:20BE200002EB021202EBC2020525921CB2FBF5F222446424B3FBF4F540F26D145C4304EB1E
:20BE400093035B1B521E1A44174B00FB0320174A024409B1886818B915480069C0F30E00DF
:20BE60004B68834201D9002300E0C31A4FF47A746343401CB3FBF0F00B780E4C40F25375F8
:20BE800063434C7814FB05F4897803EB441301EB4104C4EBC11103EBC1010844064B0021CA
:20BEA000C2FB030130BD0000B13A02009405F5FF0028004080EE3600005C260510B5FEF70D
:20BEC00047FA10B1FDF736F908B1002010BD012010BD00007CB50D46060014D0002D12D02C
:20BEE000094CA07808B1606B01E04FF4FA4001AA694600F049F80098306001982860009887
:20BF0000E065019820667CBD9801002030B58DB00C46050034D0002C32D0002205A91948EF
:20BF200006F014F900220BA9164806F0EDF800226946144806F00AF900220AA9114806F0A5
:20BF4000E3F89DF816009DF802108842E5D19DF82E009DF82A108842DFD19DF82D009DF8D1
:20BF600029108842D9D19DF82F009DF82B108842D3D1142269462846F4F754FC0A98206062
:20BF80000DB030BD782B01202DE9F05F93465FEA010A07464FF063084FF4A0794FF0FF36DA
:20BFA0002FD0BBF1000F2CD00FB94FF4FA477F24651C00232A463846194600F081FB38B196
:20BFC000B0F5004F15D84543BD4203D3E91B02E00120F8E7791BB14208D301D1444505D8A3
:20BFE000B14206D1444504D1484502D90E46A0468146641EDCD5A9F10100CAF80080CBF8DD
:20C000000000BDE8F09F00002DE9F05F0546007F0F46012828D04FF0010B85F81CB0022091
:20C0200068772868002680684FEA4060FAB1002800DBFE70B878397840EA01447878F978DD
:20C04000000240EA014004432968CA20486229685320486228460DF047FB4FF0FF084FF027
:20C06000040A002865D116E00220BDE8F09F002800DBFE7038780DF02CFB040478780DF0CE
:20C0800028FB44EA0024B8780DF023FB0443F87844EA0044D8E72F480440286804602E49D2
:20C0A0000FB1BA6812B90869C0F30E0228684FF00004B0F1000902D00069C0F30E040FB162
:20C0C000B86810B90869C0F30E000FB1796800E00021814200D90146401A904200D9104665
:20C0E0000AB1944204D12146A04212D9084610E0631C521C074671084FEA3200E7FB030164
:20C100004FF00003F4F776F9221A76EB010100D22046211AC9F828102868816821F4802149
:20C1200081602868806880060BD4284606F036FA38B12968C1F8248085F81DA02E770120D6
:20C1400093E72968C1F8248085F81DB02E7700208BE700007F7F7F0000280040FEB5164602
:20C160000C4605005AD0002C58D0FFF739FE0022331A72EB010303D2801B61EB020101E04D
:20C1800000200146264A0023F4F734F91646074602AB01AA6946FFF7BFFD2248B6FBF0F12F
:20C1A0002170B6FBF0F100FB11604EF66021B0FBF1F26270B0FBF1F201FB12004FF47A7200
:20C1C000B0FBF2F1A170B0FBF2F102FB1100A6681EB915490969C1F30E06711CA0FB01017D
:20C1E0000023F4F707F9B04200D93046301AC4E901060098FF1CA0F5FA60E8700198687087
:20C200000298A870072097FBF0F100FB1171C91D91FBF0F200FB1210401C2870FEBD000035
:20C22000005C260580EE36000028004000B58BB0002269461F4805F089FF00220AA91D488C
:20C2400005F062FF002205A91A4805F07FFF00220AA9184805F058FF9DF802009DF8161010
:20C260008842E5D1079818B913480069C0F30E000699814200D90146411A4FF47A725143A9
:20C28000401CB1FBF0F09DF814104FF4616211FB02F19DF81520C2EB021201EB82019DF869
:20C2A00016200BB0114401EB4102C2EBC11100EBC10000BD782B012000280040D0F84421C8
:20C2C0000A43C0F8442170472DE9F04FC34887B0B0F8AC02C24CC0F30016002726B1607C9F
:20C2E00010B9F6F71FFB0746DFF8F8820025B8F8940201281ED136B3607C60B900F0B8FEC9
:20C300000FB100F055FE00F07FFE0220A07404F05FFA5030E067A07C60B104F059FAE16F9F
:20C320000746401A06D400F06FFEA07C401EA0747837E7676674E078AB4FAC4E78B1B6F897
:20C34000520010B10BE0A574F4E796F86E0030B9E570D7F8E00240F02000C7F8E002D7F840
:20C36000E0024FF0010A800623D5D7F8E00220F02000C7F8E002B6F8520010B996F86E00CC
:20C3800010B184F803A014E099494FF48070994B91F82A104200CDE90201CDE90023964A59
:20C3A00096499348FCF78CFFB8B180219448FFF785FFD7F8E0024FF0AD0BC00719D0DFF8B6
:20C3C0004492B9F80000400713D4B8F89402022809D0FFF773FD08B325E014228A49844864
:20C3E000FDF7BCF8E5E7D7F8E00220F00100C7F8E002D7F8E002400607D5D7F8E00220F0D2
:20C400004000C7F8E002F6F74DFDD7F8DC02B846000760D5B6F85200E0B35CE0FFF7D4FC88
:20C4200008B90CF033FE02F0B5F999ED020AD9ED010A99ED061AB9F8260030EE600AD9ED40
:20C44000030AADF814008DF800B082208DF8010010EE100A8DF802A0CDF8030011EE100A99
:20C460001322CDF8070010EE900A6946CDF80B00BDF81400ADF80F00DA208DF811008DF812
:20C4800012006248F8F794FE0028ACD15F48FDF7DCFBA8E7FFE796F86E00E0B9B07CD0B989
:20C4A000F07CC0B900F0F6F960B1F9F7DFFD022003F018FF00F0B2F94C48FAF7AFFBF9F7F5
:20C4C000F1FC02E04948FAF7A9FBD8F8DC1221F00801C8F8DC12607AA14668B396F86E0009
:20C4E00050BB72B689F8095062B6B6F8520010B100F006FA1EE0002700F0CCF928B101278B
:20C50000F9F7B4FD022003F0EDFE3A4C1834206840F080502060142003F0E4FE206840F4DB
:20C5200080502060142003F0DDFE00F077F90FB1F9F7B8FCF6F746FB99F807004C46C0B31A
:20C54000B6F85200A8BB96F86E0090BB002700F0A1F938B10127F9F789FD022003F0C2FE24
:20C5600000F05CF9F07C10B108F072FFF574B07C00B1B57472B6207AE57162B600F0CEF88B
:20C580008DF800B095218DF80110CDF80200DA208DF806008DF80700082269461B48F8F717
:20C5A00007FE1A48FDF751FBF6F70CFB0FB1F9F779FCA07A48B1D8F8E002C00705D172B631
:20C5C000208BA57262B600F0E9F9FFF7C7F9F9F7DDFE07B0BDE8F04FF6F732BB905C0020AD
:20C5E00098010020F89E0020A4B900200829002024C2002000040240E02F0120242B012012
:20C60000A4B1002094A1002028B00020902C0020F0B504462548A3B00026016841F080513C
:20C620000160006800F08050009004F057FF1F48303000681F4A1E4910F4407F4FF0010590
:20C64000116016D1342116A8F4F748F958216846F4F744F908271697CDE91B5616A805F03E
:20C6600099FAB0B9680209900097684604F072FF78B911480560012C10D0022C0ED00022E7
:20C6800012210C4805F055FC00221321094805F050FC23B0BDE8F04004F014BF074A1221F2
:20C6A000044805F046FC2246EFE700004038024000280040782B01203C0E4742A120E30C50
:20C6C00070B552EA030407D05C084FEA320528186141F3F78FFE70BD002070BD00B591B07E
:20C6E000AD218DF8001010218DF8011001463C220DF10200F4F70FF8DA208DF83E008DF837
:20C700003F00402269460448FDF722FA0248FDF79CFA11B000BD0000902C00202DE9F047F2
:20C72000DFF8F0900446ADF5806DB9F81070B9F85200002869D1384D2878C00704D100F082
:20C740006DF82878C00760D004B90124BC4200D9FCB2002C59D04FF4007A3C1B4FF00008C6
:20C76000554651466846F4F7B9F8294680A8F4F7B5F8CCB1601E3F21B0FBF1F2B0FBF1F594
:20C7800001FB120616F10106D9F84810802901D3A1F18008D9F8501149B1A84507D152462E
:20C7A0006846F9F76DFB08E000252E46ECE7694605F1800000F094F838BB00963F2E01D3B4
:20C7C000012000E000207F902CB9D9F808100191D9F80C00409005F180006946064600F0BB
:20C7E00031F990B980A905F1810000F02BF960B9A9F81040C9F84860D9F850014D4618B121
:20C8000052466946F4F70EF82F8A0DF5806D3846BDE8F087082900203C02002010B5194CC5
:20C82000206820F0010020600DF09AFD022003F059FD154807F060FA002821D1206842F25C
:20C84000107140F001002060104800E000BF8268920701D4491EF9D20C490D4A0C311160CB
:20C86000016821F040010160416841F002014160016841F040010160BDE81040F6F764BAE2
:20C8800010BD00003C020020982B012000300140606402400020042100E0401C21FA00F284
:20C8A000D20713D0102813D20B4909684000C14001F0030003280DD000200849096841F387
:20C8C0000031491C20B119B1012070471028E4D3002070470120F0E70000024014040240F5
:20C8E00070B50D46064600242946304607F080FD002804D0641C042CF6D34FF0FF3070BDE7
:20C9000070B508F0A5FD214C0020E074A07442F210711F4800E000BF8268920701D4491EE9
:20C92000F9D21C490A6822F001020A6000E000BF0A68D207FBD1016821F04001016041685B
:20C9400021F002014160016841F040010160124D286840F080502860142003F0C3FC2868F9
:20C9600040F480502860142003F0BCFCFFF756FFB4F85200002808D094F86E00002804D10C
:20C980000220A4F85801A4F85A0170BD082900200030014058640240180402402DE9F041F7
:20C9A000ADF5816D04464FF4017841466846F3F795FFAD208DF800001F4994208DF801003A
:20C9C000886C6D464FF4007280280AD3803880B2A04206D1D1F8501119B1A81CF9F750FAE1
:20C9E00018E01646114681A8F3F778FF134F3878C00704D1FFF712FF3878C0070AD081A9D2
:20CA000004F18000FFF76CFF20B9324681A9A81CF3F781FEDA208DF802028DF80302424603
:20CA200069460748F8F7C4FB0548FDF70EF90DF5816DBDE8F0810000082900203C0200204D
:20CA4000902C002070B50D46064600242946304608F0BEFF002804D0641C042CF6D34FF0C4
:20CA6000FF3070BD1CB5040024D043F29420005B02281FD11048807958B91048B0F8581168
:20CA8000012902D0B0F8580118B940F6C410FEF7ABFC0BA10522D1E90001CDE9000169462E
:20CAA0002046F8F785FB2046FDF7CFF8BDE81C40FEF7ACBC1CBD000098010020082900203F
:20CAC0005A5A30A5A500000010B500280ED000F540510C46D1F83412002907D0FDF716FA72
:20CAE000D4F83402BDE8104006F0AFBE10BD38B5050031D000F09AF805F54054D4F834020A
:20CB0000002829D00168C4F830120068002823D0002921D02846FDF73CFAD4F8300278B131
:20CB200041688DF80010016821F0200101609DF80000D4F83002C16842F220021143C16034
:20CB4000D4F82402002807D0284600F075F82846BDE83840FDF779B838BD000038B5040083
:20CB60000FA0006800901AD004F54051D1F83402002814D00068002811D0D1F830020028FB
:20CB80000DD0204600F058F8032269462046FCF7DFFF204600F0CEFA2046FDF756F838BD4C
:20CBA0003C803E0070B50D46040018D0002D16D02868002813D0002A11D043F2982002511E
:20CBC000204600F037F829462046FCF77BFE2046FFF78DFF2046BDE87040FFF7BFBF70BD4B
:20CBE00000281BD000F54050D0F83402002815D00168002912D00A4800E000BF0A68520663
:20CC000001D4401EF9D2074A07489142416802D141F4006101E041F4805141607047000052
:20CC2000400D0300001401400000024010B50DF0A5FB10BD0DF0A2BB094960B100F540509C
:20CC4000D0F8340238B10068064A904203D1486820F4006002E0486820F480504860704796
:20CC6000000002400014014070B500281ED000291CD000F540540546D4F83422002A15D0C8
:20CC80001268002A12D0C4F83022C4F8981200F051FA2846FCF7D9FF002807DA2846FDF7BB
:20CCA00023F92846BDE87040FCF7CFBF70BD00002DE9F04F91B0DFF8CC820DAA02A9404644
:20CCC000FCF747FE002845D108F5405AAE4EBAF894220027022A00D137700299AB4CDFF8AF
:20CCE000B0920878AB4D4FF0040B832874D042DC402872D031DC302829D031287FD0342813
:20CD000028D104220EA8491CF9F7BAF80299142203A8491DF9F7B4F80E980F90142203A992
:20CD200008A8F3F77FFD40F6C41208A90FA8FFF715FA00220FA9984805F084FB002208A963
:20CD40009548FFF761F903A90EA8FEF7E7FB4046FFF788FE11B0BDE8F08F412868D080283D
:20CD60006FD08228F6D10D9A002903D0042A01D3822867D0D2E0DFF82482A1287ED02EDC2D
:20CD800086287CD089285ED08A28E3D104226846491CF9F775F80299142204A8491DF9F7EB
:20CDA0006FF8002269467C4805F04CFB002204A97948FFF729F9A9F800B0D4F8E00220F084
:20CDC0000100C4F8E002B5F8940220F0400040F08000A5F89402BDE7BBE022E00FE0AB283B
:20CDE0007AD0AC28B6D14878CA28B3D1AC21C8F80410012003F076FAF3F7F0FFAAE7022A9D
:20CE0000A8D1FEF741FB66A10522D1E90001CDE9030103A94046F8F7CBF94046FCF715FF53
:20CE200098E7022A96D1D4F8DC0240F0020005E0022A8FD1D4F8DC0220F00200C4F8DC023D
:20CE400088E74AE061E0524800F05EFF0120A9F800009FED550A86ED090A86ED0A0A86EDE4
:20CE60000B0AD4F8E01241F00101C4F8E012B5F8941221F0800141F0400101E06DE01BE07E
:20CE8000A5F89412BAF894120229A4D13C218DF8001082218DF801108DF8020041208DF8BF
:20CEA00003008DF804703E208DF8050006226946344800F072F94DE704226846491CF8F784
:20CEC000DFFF0299142203A8491DF8F7D9FF03A96846FEF723FB3DE749E0707800288DD1A3
:20CEE0003248B0F85210002988D190F86E10002984D1B0F85811012903D0B0F85801002871
:20CF00008ED1204800F016F924E74878532805D18878522802D1C878012891D0ADF8007003
:20CF20004888ADF80000B5F89402BDF8001020F0C00001F0C0021043A5F894020806BAD5CE
:20CF4000A9F800B0D4F8E00220F00100C4F8E00200E74878FDF752FBFCE6487818B10128A7
:20CF600001D00228A7D1FFF753FBA12103E04878BA28A0D1AB21C8F80410012003F0B2F9E3
:20CF80000EF03CFAF86E002098010020A4B9002094A10020905C0020782B0120001001402B
:20CFA0005A5A31A5A5000000000000000829002038B510A0006800900F48B0F8940201289E
:20CFC00017D10E480E49806B884212D1192003F089F90024042269460A4800F0DEF8094814
:20CFE000FCF7FAFE502003F07DF9641CE4B2022CF0D338BD3CA1023EF89E0020C0A5002019
:20D00000A82E0120F86E002000B516488DB0B0F89402012823D1002208A9134805F096F837
:20D02000002207A9104805F06FF83C208DF800008A208DF801000798CDF80200142208A90C
:20D040000DF10600F3F767FB3E208DF81A001B226946064800F0A1F80448FCF7BDFE0DB009
:20D0600000BD0000F89E0020782B0120F86E002070B586B014216846F3F730FC264CB4F881
:20D080009402012845D125482549806B884240D12448407B00283CD1084606F0D6FB204841
:20D0A00006F020FC20480021026842F00102026000684FF4805500F0010000950590012018
:20D0C000CDE90101194E03916946304603F080FA01222946304603F076FB022003F002F98F
:20D0E00000222946304603F06EFB282003F0FAF801222946304603F066FB022003F0F2F845
:20D100000DF03CF90A48C4F89802A4F54050FFF7EEFC06B070BD0000F89E0020C0A500200E
:20D12000A82E0120980100203038024000000240A4B10020F8B504004FF0FF360BD004F5E5
:20D140004055D5F8980230B16A4640F203212046F8F7A2F808B13046F8BD00983C214FF4E1
:20D16000007200F8011B012100F8011BD5F89812F3F7D1FA00993E2081F802022046FFF7F7
:20D180005BFD2046F8F729F80028E5D02046F8F7FCF82046FFF724FDDDE72DE9F0411546B8
:20D1A0000E4604004FF0FF371ED0EEB1E5B104F54050D0F83412B9B10968A9B1D0F83002B9
:20D1C00090B12046FFF738FD2A4631462046FCF7BFFC60B12046FCF787FE2A463146204646
:20D1E000FCF7B6FC90B902E03846BDE8F0812046FCF72BFD401C07D12046FCF775FE2046E4
:20D20000FCF723FD401C01D00020EEE72046FFF7E7FCE9E738B5040008A0006800908DF8B4
:20D2200002100AD02046FFF707FD042269462046FCF78EFC2046FCF708FD38BD3C83003E9A
:20D2400010B5314C206840F00200206001220621072004F0F9F8072004F0E9F8206840F048
:20D260000400206001220721082004F0EDF8082004F0DDF8206840F0080020600122052164
:20D28000092004F0E1F8092004F0D1F8206840F010002060012207210A2004F0D5F80A200A
:20D2A00004F0C5F8206840F02000206000220721172004F0C9F8172004F0B9F8206840F09B
:20D2C0008000206001220721172004F0BDF8172004F0ADF8206840F48070206001220621DD
:20D2E000172004F0B1F8172004F0A1F8206840F40070206000220721172004F0A5F8BDE833
:20D300001040172004F093B8003C014004490B680122824093430B60086810430860704702
:20D32000103C01404FF6FF71A0FB010143F290325310C01810B541F100010023F3F75AF885
:20D3400080B210BD4FF6FF71A0FB010140F6E4425310C01810B541F100010023F3F74AF89E
:20D3600080B210BDF0B50E4602F00701D7080446464A4748002585B0944207D1026842F0CF
:20D3800001020260006800F001004BE0414A944207D1026842F002020260006800F002000F
:20D3A00040E03D4A944207D1026842F004020260006800F0040035E0384A944207D1026809
:20D3C00042F008020260006800F008002AE0344A944207D1026842F010020260006800F0B1
:20D3E00010001FE02F4A944207D1026842F020020260006800F0200014E02B4A944207D148
:20D40000026842F040020260006800F0400009E0264A944207D1026842F080020260006845
:20D4200000F08000009099B101291AD0022925D114216846F3F752FA01200096CDE90105E1
:20D4400069462046039503F0C3F8CFB1012218E014216846F3F742FA03200096CDE9010558
:20D4600007E014216846F3F739FA02200096CDE9015069462046039503F0AAF805B0F0BD62
:20D4800000223146204603F09EF9F7E700000240303802400004024000080240000C02405B
:20D4A000001002400014024000180240001C024061B10E4B01290FD0022911D0032914D17B
:20D4C00090F8EF2219151846FFF74CBF90F8EC224FF400510648F7E790F8ED221021F2E72F
:20D4E00090F8EE224FF40071EDE77047000002400008024010B5F8F76FFE04461A48016893
:20D5000041F00051016000200DF076F800F086F80120F8F789FE05F098FB1449486814B13E
:20D5200040F0030001E020F00700486003F0C4FF0F48016841F00401016003F0B7FF0D490C
:20D54000086820F400700860086820F4806008604FF0010108461CB1BDE8104003F0CABFD6
:20D56000BDE8104003F0D8BF18080240002004E000700040003C024010B5172003F046FF64
:20D580000CF024FE0CF030FE1B4C1C49B4F89402022802D0012802D003E0194800E01948B9
:20D5A00088631948006870B1816B61B1D4F83402884202D01548FCF785F91548C4F8980279
:20D5C0001248FFF794FA1348FCF7E3FC1248C16841F40051C16000220721172003F034FF6F
:20D5E000172003F024FFB4F89402012803D1BDE81040FFF73DBD10BDF89E0020C0A50020B2
:20D60000382F0120A82E0120A4B90020F86E0020A4B10020902C0020001001402DE9F04799
:20D6200086B0F8F73FFC6748406B0126002548B96548B0F8520028B96448D0F8DC0210F009
:20D64000020F6CD0002080466148016841F0010101600068142100F0010005906846F3F736
:20D660003DF95C485D4F5D4CB0F894225A4814374FF4C051012A54D05FEA0802DFF8608182
:20D680008A4608F10409009165D00321CDE90115694602F09DFF206820F4C0502060D8F8C5
:20D6A000001021F4C051C8F80010D9F8001021F4C051C9F8001050463860282003F0A6FE7F
:20D6C0004848016841F400410160474806F0BDF8454806F007F940200090CDE90165434C22
:20D6E00069462046039502F073FF01224021204603F069F8802000904FF40410CDE9010697
:20D700006946204602F064FF00220721172003F09BFE172003F08BFE06B0BDE8F0870120EC
:20D7200091E70091CDE90165884600224FF400618146039503F047F801221103484603F0E7
:20D7400042F86946484602F043FF206820F4C05020604046B0E74FF44411CDE901166946C1
:20D7600002F036FF1A481430016841F480410160006800F4804005901D48016821F47041D7
:20D780000160001D016821F00F010160206840F4C0502060D8F8001041F4C051C8F80010DE
:20D7A000D9F8001041F4C051C9F80010C7F800A000220621282003F047FE282003F037FED9
:20D7C0007EE70000A4B1002008290020A4B9002030380240F89E002000000240003C014082
:20D7E000083C014018080240F02E01200004024010380140042902D2431883F8EC22FFF759
:20D8000057BE0000F8B54FF0000104004FF010058DF8001048D0216061602448F3F7A6FCC7
:20D82000234800F089F82348B0F8521011B990F86E0000B111251E4ED6F8DC0210F0020FC7
:20D8400001D045F002056846F5F7BCF89DF8001009B145F00405D6F8F412B1F1807F01D387
:20D860006FF07F41D6F800230A23B2FBF3F292B2B2F57A7F01D340F2E732257061700D0A59
:20D88000A570090CE17020716420B2FBF0F06071B2FBF3F0B0FBF3F103FB1100A071B2FBAE
:20D8A000F3F003FB1020E071F8BD00009CC20020A4B90020082900200022C0F8DC22022308
:20D8C00080F8EC32C0F8E822C0F8002301607047D0F8DC0200F0020070470000134810B58E
:20D8E000016841F400710160016841F48061016000200CF0D3FD002003F03CFD04F06AFE44
:20D90000FFF73AFE0A48016841F000410160016841F400510160322002F0E4FC0548D0F8C2
:20D92000E01241F00101C0F8E01210BD003C024018080240A4B900202DE9FC47054600202A
:20D94000009001903F48F3F711FC4FF0FF3900286BD13D4CE07C022806D23A48F3F706FCF8
:20D9600010B9E07C401CE074364C60680768F86B46F2207880B2A0FB080147F6FF728018CA
:20D980004FF6FF7641F1000132460023F2F732FD0090386C43F2903780B2A0FB0701721060
:20D9A000801841F1000132460023F2F723FD019000984FF4FA61884209D3024641F6641098
:20D9C000824204D8019A8A4201D3824221D91D48F3F7CCFBE8B960680468E06B47F6FF72CA
:20D9E00080B2A0FB0801801841F1000132460023F2F700FD0090206C47F6FF7280B2A0FB6E
:20DA00000701801841F1000132460023F2F7F2FC0190009848B10146019A41F270709142D7
:20DA200008D9814204D9104608E04846BDE8FC87084603E011468242FAD90098C5F80003FA
:20DA40000020F3E79CC20020980100201CB512A000680190EFF31080002815D1EFF3058032
:20DA600090B904F0B7FD042201A90C4800F03AF80B4864210068B0FBF1F0009001E000BF73
:20DA80000846411E0091FAD272B6BFF34F8FBFF36F8F0DF0B3FC0000ADABDADAA4B90020DF
:20DAA000D00500200A4A10B5A2F580610948F5F7AFFC09480068002808D0816B002905D055
:20DAC000BDE81040054A0648FFF76CB810BD0000A4B50020D8050020A4B90020A4B1002065
:20DAE000F86E002010B50446D0F8C002F7F760FBD4F8C002BDE81040FCF7A7B870B5F8F7D5
:20DB00006BFB214D0446286840F00050286001200CF072FD0520F8F787FB05F096F81B4946
:20DB2000486814B140F0010001E020F00100486003F0BCFC164C206820F400702060206884
:20DB400020F4806020600121084603F0D3FC206840F400702060206840F480602060002037
:20DB60000CF09CFC04F036FD00F014F8286840F000402860286840F400502860BDE8704075
:20DB8000322002F0AFBB000018080240002004E0003C0240074810B5006828B1816B19B1E8
:20DBA000054A0648FEF7FEFFBDE810400148F9F799BF0000A4B90020A4B10020F86E0020D8
:20DBC00070B5094D04460022286804F5A871006C04F0BCFA286804F5A6710022006CBDE8D3
:20DBE000704004F091BA0000A4B90020C0F80013704700002DE9F04788B005461E46DDE93D
:20DC000010091C230F46129A0021C5F8A0321F23C5F89C3295F808806B68D3F84C410223C9
:20DC200084F8B831A662E0622263676306FB08F35B004FEAE37CCDE9063C324B5843C3170D
:20DC4000CDE9040309FB02F04000CDE902017801C217CDE90002002004EB40021181118397
:20DC6000401C0828F8DB6763A4F80880DDE90601DDE90023F2F7BEFB2083696806984FF0AE
:20DC8000010AC1F88C00A4F80AA0DDE90401DDE90023F2F7AFFB608369680498C1F8B000EE
:20DCA000A4F80C90DDE90201DDE90023F2F7A2FBA08369680298C1F8D4001020E081A4F8AC
:20DCC0001EA069680098C1F8F80040F2E240864200D20646B6FBF7F084F8400140F271201A
:20DCE000B6FBF0F084F84101B6FBF7F14FEAE87208EB127000114143A4F8421108B0BDE853
:20DD0000F0870000007102009FED0B0A002180ED070A80ED080A80ED050A80ED030A80EDF7
:20DD2000040A80ED060A80ED010A80ED020A8184C184018501807047000000002DE9F04712
:20DD400004462DED088B008800287DD09FED51AA012802D0022877D112E0E08C04EB80000E
:20DD600080ED0B0AD4ED050A40EE0A0AC4ED050AE08C401CE084E08CFF2865D9022083E0CD
:20DD80000020DFED458A0546B0EE688A9FED439B04EB802604EB800806EB8500D8ED050A2D
:20DDA00090ED0B0A30EE600A10EE100A10F0B0FD41EC100BB0EE491AF0EE691A0DF028FEB7
:20DDC000B0EE40BAF0EE60BA18EE100A10F0A0FD53EC1B2B0FF0EAFE0FF0B6FE08EE100AC7
:20DDE0006D1CFF2DD8DD06F12C004FF4807100F015F928EE0A0A10EE100A10F089FD41EC6F
:20DE0000100B0EF091FC51EC100B0FF09DFE08EE100A40259FED239B4FF0C0095FF000074D
:20DE200006EB8500C06A10F073FD53EC192B0FF0BDFE41EC190B6D1C7F1C4D45F0D377B1A3
:20DE4000384610F07FF900E01FE041EC100B51EC190B53EC102B0FF065FF41EC190B51ECD9
:20DE6000190B0FF071FE00EE100A042088ED070A96ED8A0A88ED080A88ED068A94ED070A29
:20DE800084ED020AC4ED018A20802088BDEC088BBDE8F0870000803B00000000000000006E
:20DEA00000000040000000000000000070B50C468CB005460026324605A9204604F046F93F
:20DEC00032460AA9204604F01FF99DF815109DF81600C1EB011100EB8100069942F20F72C2
:20DEE000511AAD228DF800208C228DF80120CDF80200CDF80610DA208DF812008DF8130024
:20DF0000142269462846FBF723FE0A4C58B1208D401C80B22085032801D3082020804FF056
:20DF2000FF300CB070BD2846FBF78FFE00202085F7E7000094A1002038B50546AD208DF85A
:20DF400000008B208DF80100DA208DF802008DF80300042269462846FBF7FAFD094C50B105
:20DF6000208D401C80B22085032801D3082020804FF0FF3038BD2846FBF767FE002020850D
:20DF800038BD000094A1002070B50C468EB005460026324607A9204604F0D8F832460CA992
:20DFA000204604F0B1F89DF81D109DF81E00C1EB011100EB8100089942F20F72511AAD222F
:20DFC0008DF800208D228DF80120CDF80200CDF8061010210DF10A00F2F75EFCDA208DF8AA
:20DFE0001A008DF81B001C2269462846FBF7B0FD094C58B1208D401C80B22085032801D330
:20E00000082020804FF0FF300EB070BD2846FBF71CFE00202085F7E794A1002070B5002325
:20E020004E1E14E00022CD1A6D1E0DE000EB820494EC020AB4EEE00AF1EE10FA03DDC4EDFC
:20E04000000A84ED010A521C9542EFD85B1CB342E8D3002070BD0000F0EE400AF5EEC00AE5
:20E06000F1EE10FA02D89FED0D0A704710EE900AB0F17E5F02DDB0EE600A01E0B7EE000AF6
:20E080000020B6EE001A00BFC0EE801A401C062831EE800A20EE010AF6DB704700000000C7
:20E0A00090ED010ADFED150AB8EE401A9FED140AC1EE001A90ED001AB8EE411A31EE811A28
:20E0C000D1ED011AB8EE612AC2EE001A91ED000A0C49B8EE400A31EE800A31EE400A10EE8F
:20E0E000100A884202DD30EE600A704710EE100A05498842F9D930EE200A70470000614577
:20E1000000401C460000E1440000E1C42DE9F04705462DED088BADF5806DB0EE40BA00889F
:20E1200001285ED1EC8C8C425BD3B4F5807F58D89FED608B0026B0EE48AAF0EE68AA0CE032
:20E1400005EB8600C06A10F0E3FB53EC1A2B0FF02DFD41EC1A0B761CB6B2A642F0D3204637
:20E160000FF0F0FF884648EC110B074653EC112B51EC1A0B0FF0D6FD41EC190BB0EE48AAB6
:20E18000F0EE68AA002616E005EB8600C06A10F0BFFB53EC192B10F0D1FA41EC110B53EC43
:20E1A000112B10F065F853EC1A2B0FF0FFFC41EC1A0B761CB6B2A642E6D348EC107B51EC5F
:20E1C0001A0B53EC102B0FF0ADFD0FF0BDFC82466BEE0B0A00EE10AAB4EEE00AF1EE10FAEC
:20E1E00006DD00200DF5806DBDEC088BBDE8F0870020E9460AE000BF05EB800191ED0B0AD9
:20E2000009EB8001401C81ED000A80B2A042F3D321464846FFF702FFA708E01B86B2BE420D
:20E2200001D800272646002080460FE059F8270010F06EFB53EC182B0FF0B8FC41EC180B37
:20E2400008F1010080B27F1C8046BFB2B742EDD3B8F1000F0BD00FF075FF41EC100B51EC7C
:20E26000180B53EC102B0FF05DFD41EC190B51EC190B0FF069FC00EE100A610809EB8100AC
:20E2800085ED070A90ED000A85ED080A00EE10AAFFF7E2FE85ED060A95ED070A042085EDC7
:20E2A000020A9FED060A85ED010A288001200DF5806D99E700000000000000000000000001
:20E2C00072B60D4845F255510160C1688907FCD1032141604FF47A718160C1688907FCD1A3
:20E2E0004AF6AA2101604CF6CC410160BFF34F8FBFF36F8F0DF094F800300040002807D0CA
:20E30000044A0168914203D10022CA600068026170470000000001402DE9F04FE84CA1B0B6
:20E32000206A18B1006808B1012700E00027E5481290B0F8940202287ED000208146F9F7DE
:20E34000FDFB01900BF08EFFDF4801688DB240F2E2418D4200D20D46B0F808804FF0000A1B
:20E36000CDF830A0CDF834A0CDF838A01C2104A8CDF83CA0F2F7B2FA142115A8F2F7AEFA30
:20E38000CF484669C6E901AA306801F02BFBCDE9100102460B46CD480021F2F72BF80446C2
:20E3A0004FEA580005FB00FBCDE91EBA0290DDE9100172680023521CF2F71CF800235A46AF
:20E3C00019461090F2F716F8401EF0602FB1B9F1000F02D04FF6FF70F0604FF0800BC6F8A2
:20E3E00018B03046C6F810A004F0D8FC08B101F0E3F820201A9080201B901AA9304604F0C2
:20E4000057FC08B101F0D8F84FF480500C900CA9304604F0F6FE08B101F0CEF8304605F092
:20E42000DDF808B101F0C8F870200490F068401E05900220002200E04BE0069004A9CDF8D7
:20E4400020A0304605F064F808B101F0B5F8AE20B0FBF4F0401C0590082204A9304605F04E
:20E4600057F808B101F0A8F8602004909A20B0FBF4F0401CCDE9050A54460C2204A930469A
:20E4800005F046F808B101F097F8304604F0C0FFDFF83CA2DFF83CB23FB38F493068884241
:20E4A00012D0B0F1804F0FD050450DD058450BD08A49884208D08A49884205D089498842BE
:20E4C00002D08949884210D1B9F1000F03D0042002E0012032E70620CDE9150415A93046F8
:20E4E00005F04FF908B101F067F83068016821F0080101600198DFF8C891B5FBF0F0D9F830
:20E500001C2000FB08F04FF0FF3101EB5001D160D9F81C0004F042FC08B101F04DF8EFB33F
:20E52000D9F81C60DFF8B0813068404512D0B0F1804F0FD050450DD058450BD067498842D4
:20E5400008D06749884205D06649884202D0664988420DD1142101A8F2F7C0F90720CDE995
:20E56000010401A9304605F00CF908B101F024F8D9F818603068404514D0B0F1804F11D01B
:20E5800050450FD058450DD0544988420AD05449884207D05349884204D000E00DE052496C
:20E5A00088420CD100215148CDE9040174604FF001082A460B46B4600EE0D9F818604FF0D8
:20E5C0000008306801F00EFACDE904017460B460DDE904012A460023F1F70CFF401EC6E9A1
:20E5E00003043046B46104F0D9FB08B100F0E4FFB8F1000F0DD0142102A8F2F76FF9072049
:20E60000CDE9020402A9304605F0BBF808B100F0D3FF002F50D01298B0F8940202284BD07E
:20E6200008941C2101A80994F2F758F9D9F820504E46286801F0D6F9CDE90A016C60AC60C3
:20E64000DDE90A012A4A0023F1F7D4FE401EC5E903042846AC6104F0A1FB08B100F0ACFF26
:20E66000202008908020099008A9284604F020FB08B100F0A1FF1F480BF0B8FD60200190EA
:20E68000E86801A94008CDE90204728E284604F03FFF08B100F090FF284604F0B9FE28461D
:20E6A000FFF72CFE718E306A05F02CF8306A04F07DFD2846FFF722FE21B0BDE8F08F000007
:20E6C000C0A50020F89E0020A4B1002000CA9A3B000400400008004000000140000C0040D2
:20E6E00000040140004001400018004000C4090000881300A4B9002000B589B0AD208DF8D7
:20E7000000008E208DF801000E48C06B0D49CDF80200142228310DF10600F1F7FCFF302061
:20E720008DF81A00DA208DF81B008DF81C001D2269460548FBF70CFA0348FBF786FA09B056
:20E7400000BD000040BC0020902C002010B502F03FF80E4942F210724B7B33B10C4BB3F85D
:20E76000523013B14B6F2BB106E00023CB721044486710BD83184B67C41AFAD40124CC724B
:20E780001344C41AFCD54B6710BD000098010020082900202DE9F04F2DED028B8DB002F0BF
:20E7A00017F805464EF6602A9FED958A954CA0F10809AB46B4F826800027F7F715FD2088F1
:20E7C000042824D185E000BF02F002F8064657B9A6EB0900082806D38B48FFF7ADFB08B9D7
:20E7E0000127B346B146E18C414502D0B4F8268004E027B1A6EB0B00C82800D30027711B1C
:20E80000514501D3082020802088082869D020880028D9D04FF0000901F0DAFF0646B346E5
:20E82000B4F826803FE000BF01F0D2FFE18C074641450CD02088012809D1B4F826804FF08E
:20E8400000094021B0EE480A6E48FFF75FFC208804282BD0B9F1000F05D0A7EB0B00C8286D
:20E8600019D34FF00009B81B082814D3E08C48B9781B41F28831884204D964496248FFF79A
:20E8800015FB03E061496048FFF77EFB10B94FF00109BB463E46791B514501D30820208067
:20E8A000208808281DD020880428BDD15FF0000594ED020AD4ED010A544830EE600AFDF76C
:20E8C00055F930B1022001F00DFD6D1CEDB2032DEED34F4801258226B0F89402012807D030
:20E8E00059E00DB0BDEC028BBDE8F04FF7F7EEBB002207A9454803F029FC00220CA9434898
:20E9000003F002FC00270322694642480097FEF744FC4048FBF760FA192001F0E3FC4FF099
:20E920003C088DF800808A208DF801000C98CDF80200142207A90DF10600F1F7ECFE4FF0F8
:20E940003E098DF81A901B2269463248FEF725FC3048FBF741FA0C2001F0C4FC1B22694657
:20E960002C48FEF71AFC2B48FBF736FA8DF800808DF801608DF8025081208DF803008DF813
:20E9800004708DF80590062269462248FEF705FC2048FBF721FA94ED020AD4ED010A94ED63
:20E9A000031AE08C30EE600AD4ED060AADF81400AD208DF800008DF8016010EE100A8DF8E7
:20E9C0000250CDF8030010EE900A1322CDF8070011EE100A6946CDF80B00BDF81400ADF87E
:20E9E0000F00DA208DF811008DF812000648F6F7DFFB0548FBF729F90748FFF7E1F870E7F6
:20EA00006F12833A94A10020902C0020782B0120F89E0020F86E0020A4B1002010B5044603
:20EA20000C4820604FF49640606000204FF48061A060C4E903010C21C4E90510E06120469E
:20EA400004F01EFF08B100F0B7FD2046BDE81040F9F78CBB0010014010B504460B48206083
:20EA60004FF4964060600020A0600C21E060C4E90401A061E061204604F002FF08B100F038
:20EA80009BFD2046BDE81040F9F770BB00100140007831F9100000EE100AB8EEC00A82ED7E
:20EAA000000A70470378407831F9133031F91000181A00EE100AB8EEC00A82ED000A7047E1
:20EAC00010B543780478807831F9133031F9144031F91000C3EB4403181A00EE100AB8EE48
:20EAE000C00A82ED000A10BDD1F8802005493AB1012A02D0022A03D101E0034900E003490E
:20EB00000160704791EA0208A5EA0208C1EA02082DE9F04F804640F2E240020187B00C460F
:20EB2000814202D20446002604E00026944201D310260BE062082C4B102500BF53F8254074
:20EB4000944201D82E4601E06D1EF7D5814201D2044600E00C4625490020C8F80410CDE930
:20EB60000000234801684FF0000919B14FF0FF30014623E00021CDE9021107894FF0040B2F
:20EB8000CDF804900FB1402F00D94027FF2208211848F1F779FE00250DF1040A02AB3A4646
:20EBA00059462846CDF800A0F7F7B4FC6D1C022D02D201980828F1D3DDE90201CDE90001AC
:20EBC00008F108000690DDE90001CDE90401CDE900490823084A02960849094808F072FC00
:20EBE00007B0BDE8F08F000004FF030808290020A4B100204802002000000240A02C0120CD
:20EC0000F02B012070B5044615466618106804E014F8011B80B20CF0D9FAB442F8D32860A2
:20EC200080B200210CF0D2FABDE8704000210CF0CDBA0000F0B5002247E000BF02EB4201E3
:20EC400000EB810500EB820395ED601AD0F84073D3F80013F0EE400A21EE000A0E460124C4
:20EC600057F8227016E000BF05EB840E05EB810C9EED601ADCED001A9CED302A491E21EEBE
:20EC8000211ADEED901A01EEC21A31EE000A00D53944641CA742E7DC761CC3F80063D0F8DA
:20ECA000401351F82210B14201DD314602E00021C3F8001305EB8101521CC1ED000AD3F80A
:20ECC000001305EB810181ED300AD0F844139142B4DCF0BD2DE9F04F93468A460022DDF8E3
:20ECE00024E025E002EB420400219FED140A894600EB82070BEB84060AEB840500EB840C51
:20ED00000CEB810406EB810884ED000A84ED300AC7F80093D8ED000A05EB8108C4ED900AF2
:20ED2000D8ED000A491CC4ED600A0329E8DB521C9A42D7DBC0E9D0E3BDE8F08F0000000019
:20ED4000002141634FF4006181627047F0B50DF1140EDDE908549EE8C0104A43426201FB46
:20ED600003F2026201FB06F34FF47A72B3FBF2F3C36001FB07F3B3FBF2F3036101FB0CF378
:20ED80006943B3FBF2F6B1FBF2F1C0E90161B3FBF2F101600021C16280ED060A9FED030A4B
:20EDA000416380ED050A84638162F0BD0000000010B50446806A010556D5010454D48104E0
:20EDC00046D4C10427D5636A626B9A423CDB216A0B4493420CDD00EE901AF8EEE00A80EE5D
:20EDE000201A94ED070A31EE000A84ED070A2BE094ED070AD4ED060A20F4805040F40050C6
:20EE000020EE200A84ED050AA0620020E0622046F4F7F4FC18E0626A616B91420CDB20F437
:20EE200080409FED160A40F4805084ED070AA0622046F4F793FE07E0410405D440F4804003
:20EE4000A0622046F4F706FF606B401C60630BE0D4ED050AC10709D0F4EEC00AF1EE10FA7F
:20EE600002DD20F00100A062A06A10BDF4EEC00AF1EE10FAF8D240F00100F4E7000000005E
:20EE8000014801F0AFB80000803201202DE9F0416349012251F8580F0B7902FA03F38360DF
:20EEA0000C79042303FA04F484600D79082404FA05F585600E79202505FA06F6866009790F
:20EEC000102606FA01F18160564951F8580F0F79BA4082600A79934083600A799440846002
:20EEE0000A799540856009798E4086604E4C616BA06A2368401AA062E06A0E460844E0621C
:20EF0000626E04F15C00A16E3144A166A16E914206D3C168B1FBF2F5C16805FB1215C56059
:20EF20005FF0000500EB850707F1200151E800CFB44441E800CEBEF1000FF7D1396A9142FA
:20EF400004D93A62016841F4007707606D1C032DE8DBA16A21B12046BDE8F0410AF0FCBC75
:20EF6000217921F0040121712168096800E000BF8A689207FBD519680A6822F040020A60AA
:20EF800019684A6822F003024A60D96C09680A6822F001020A60996C09680A6822F00102D9
:20EFA0000A6019680A6842F040020A60E16A40F6F41601F6F411E1628168C26802F6F4123B
:20EFC000C260C2688A4206D3C268C368B2FBF1F202FB1132C260002200EB820505F120034C
:20EFE00053E8007F374443E8007CBCF1000FF7D12B6A8B4204D92962036843F4007303606F
:20F00000521C032AE8DB2046F6F740FAFCF73CFCF6F738FA2046BDE8F04103210EF020B885
:20F02000003101206031012010C30020704700000D4910B50868002815D0886D002812D08B
:20F0400011F85C3F20229A4082600A781021914081600648FAF752FD002804D1BDE8104029
:20F060000248FDF7BDBD10BDA0330120F86E0020014800F0B7BF0000E02F012070B50F4E30
:20F08000B46D256896F85C1010208840284205D0A1680143A1600A48F1F7E8FE96F85C1029
:20F0A00020208840284207D0A1680143A160BDE870400348F1F7DABE70BD0000E032012039
:20F0C0009CC200202248012250F8581F03799A408A60037904229A408A60037908229A4040
:20F0E0008A60037920229A408A6002791020904088601848036B426A0168D21A4262C26BA1
:20F100001A44C263826A1AB10CF072B800BF00E0086882689207F9D50868026822F0400201
:20F1200002600868426822F003024260C86C0068026822F001020260886C0068026822F045
:20F14000010202600868016841F04001016070476031012010C300207047000030B599B05D
:20F16000352217496846F1F75DFB154C94F835008DF835001C2204F138010EA8F1F752FBB7
:20F18000606D1590A06DE16D16901791169C2568179910208840284205D0A1680143A160E0
:20F1A0000848F1F763FE179920208840284205D0A1680143A1600348F1F758FE19B030BD32
:20F1C000403301209CC20020704700000D4810B5806C0068016821F0010101600A48202287
:20F1E00050F8581F03799A408A6002791020904088600648F8F7D1F8BDE810400320FEF79A
:20F2000085B80000982B01204030012008290020704700000D4910B5086888B1886D78B152
:20F2200011F85C3F20229A4082600A781021914081600748FAF762FC10B90548FDF7D0FC53
:20F24000BDE81040014800F0CDBE0000C0340120F86E002008498A6B92F85C30906D2022BF
:20F260009A408260896B91F85C201021914081600248FAF743BC0000F02E0120902C0020A1
:20F2800001681823CAB2103AB2FBF3F2054B6FF30901032A9B5CC36500D9091D8165084637
:20F2A000704700002C02040810B5014600208B698A6A4FF0C07453B1B3F5005F15D072B1C3
:20F2C000012A0CD0022A0AD0032A09D104E01AB1012A06D0022A03D1C96AC90100D5012077
:20F2E00010BDC96AA142FAD010BD002AF7D0012AF2D0022AF3D0032AF3D010BD30B50468B9
:20F30000256825F480252560046863608368402B036803D099600068C26030BD9A60006888
:20F32000C16030BD70470000064908684A688968504048406421B0FBF1F201FB120000F07D
:20F34000D1BF0000107AFF1F2DE9F041FCF76EFF2D4E054630682D4C000546D5F714376035
:20F36000D4F8E00240F01000C4F8E0022848B0F8940202280BD1D4F8E002400707D5D4F8B0
:20F38000E00220F00400C4F8E002F6F7B5FE3946204801F00BFA204F010007F1800007D09D
:20F3A000B97D11B38046806985420DD3281A0EE085610120B875D4F8E00220F00400C4F81B
:20F3C000E002F6F799FE10E01449081A28440F2807D3D4F8E00220F00400C4F8E002F6F78E
:20F3E0008BFE0020C8F81800B8753068C00408D54FF480503060D4F8E00240F01000C4F8D9
:20F40000E002BDE8F0810000143C0140A4B90020F89E00200000024098010020005C2605AE
:20F4200004480168890703D502210160F6F76CBE70470000143C0140164810B501684907F0
:20F4400027D50421016001F0C3F91349C1F8E402124CB4F8AC02C00606D5F3F763FA18B119
:20F46000FDF706FEFDF7A4FDFDF722FCF4F7AEFCB4F8AC0200040CD40948F9F7E9F80848A8
:20F48000F8F79EFE0648F8F76AFEBDE81040F3F799BB10BD143C0140A4B90020905C002022
:20F4A000902C002004480168090703D508210160FCF70AB870470000143C0140114810B52E
:20F4C0000168C9061DD5102101600F4941F28832486990FBF2F302FB1302401C4861002AC9
:20F4E0000FD10A48F1F7E8FD0948FEF725FA0748016A002905D140680068816821F00101E3
:20F50000816010BD143C0140180200209CC20020A4B9002070B5224E3068800621D520208E
:20F52000306020480025204C808D012802D002280ED005E014221D491A48FAF70FF820B186
:20F54000207D401CC0B2207506E02575657508E0607D401CC0B26075052802D9FAF78AF86E
:20F56000F3E7306800060AD58020306001F024F80F48D0F8E01221F00401C0F8E01230688E
:20F58000C00505D54FF4807030600A48F8F708FD3068800502D54FF40070306070BD00005F
:20F5A000143C014024C200209801002028B00020A4B90020902C002072B600BFFEF746FA8E
:20F5C000FCE70000002229B101291AD002291BD04FF440720E490B6823F440730B600B68BB
:20F5E00013430B600A6822F078020A600A68022303EBC00002430A60086840F48030086032
:20F6000070474FF48072E5E74FF40072E2E70000103C02401348016889050FD5016821F472
:20F6200000710160016841F400610160016821F400610160016841F4007101600168490531
:20F640000FD5016821F480610160016841F480510160016821F480510160016841F4806107
:20F6600001607047003C024010B586B00C46B0F1006F20D312498C421DD8A0421BD800F0C1
:20F6800021F80346204600F01DF8591C13D0411C11D00021C01A00910221401C0293CDE9B1
:20F6A000030100F0C5FE05A9684600F02DFE044600F076FE14B1012006B010BD0020FBE703
:20F6C000FFFF1708A0F10061B1F5C01F02D34FF0FF3070474FF48042914201D2002070471A
:20F6E0002C490144914201D2012070472A490144914201D20220704728490144914201D23F
:20F700000320704726490144B1F5803F01D204207047244942184FF400318A4201D2052049
:20F720007047214A02448A4201D2062070471F4A02448A4201D2072070471D4A02448A4240
:20F7400001D2082070471B4A02448A4201D209207047194A02448A4201D20A207047174A43
:20F7600002448A4201D20B207047A0F101628A4201D20C207047124A02448A4201D20D20DE
:20F780007047104A1044884201D20E2070470F207047000000C0FFF70080FFF70040FFF73A
:20F7A0000000FFF70000FEF70000FCF70000FAF70000F8F70000F6F70000F4F70000F2F7CA
:20F7C0000000EEF70000ECF72DE9F84304460E461546800702D00420BDE8F8836EB1B4F1B6
:20F7E000006F0AD31C48844207D842B1EA1C22F003012144491E814201D90320ECE700F056
:20F8000017FE4FF0FF3820E0CDF80080042D01D3042700E02F463A4631466846F0F77BFF8D
:20F82000002321460220009A00F0C4FD10B100F0B7FDE2E720680099884203D000F0B0FD48
:20F840000220C9E7ED1B3E44241D002DDCD100F0A7FD0020C0E70000FFFF170808490A68F6
:20F8600022F440720A600A6842F004020A600A684FF4803343EA002002430A607047000027
:20F88000103C0240064A136823F44073136013681360136843F00103136001707047000097
:20F8A000103C0240094910B50C6824F440740C600C6844F440740C600C6844F001040C6012
:20F8C0000260BFF36F8F436010BD0000103C0240074A136823F440731360136843F480736A
:20F8E0001360136843F001031360018070470000103C0240074A136823F440731360136826
:20F9000043F400731360136843F001031360016070470000103C02401C490868C2061C48FE
:20F9200005D5C26942F01002C26110220A600A68920605D5C26942F00802C26120220A60A5
:20F940000A68520605D5C26942F00402C26140220A600A68120605D5C26942F00202C261C9
:20F9600080220A600A68D20506D5C26942F00102C2614FF480720A600A68920705D5C26925
:20F9800042F02002C2610220086070470C3C0240A405002070B5114904460020C86100F05A
:20F9A00017FF06460E4D09E0601C07D024B100F00FFF801BA04201D9032070BD2868C00381
:20F9C000F2D42868C00701D001202860286810F4F970F2D0FFF7A0FF012070BDA405002025
:20F9E0000C3C024010B50F490F4C88420BD00F49884208D00E49884205D00E49884202D07D
:20FA00000D49884205D102F083F8216801F4604104E002F06DF8216801F4E05101B1400088
:20FA2000002110BD00000140083802400004014000400140004401400048014070B590F894
:20FA40003C206A4D012A19D0012280F83C200A6807230468092A13D9E6680A3A02EB42029E
:20FA600093409E43E6600A788B680A3A02EB420293400268D4682343D36010E0022070BD51
:20FA8000266902EB420293409E4326610B788A6803EB43039A4003681C6922431A610268AE
:20FAA000936B23F4401393630268936B0C8A504E06EB0454234393630A790B7CD21AD21CC3
:20FAC00002EB82021F2393400268946B9C4394630A790B7CD21AD21C02EB82030A8892B235
:20FAE0009A4003689C6B22439A638A69AA420268936823F470239360026893680CD08C6941
:20FB0000234393600268936823F44013936002689368CC69234301E023F4401393604A7DC5
:20FB2000002A0268536802D043F4806301E023F4806353600A7D002A0268536802D043F41D
:20FB4000805301E023F4805353604A68012A16D0022A1FD0032A026827D0136A6FF30B03FB
:20FB600013620268136ACC6823431362224B0468204A9C4227D10C68122C20D023E00268F2
:20FB800053696FF30B03536102685369CC6823435361EBE7026893696FF30B03936102680B
:20FBA0009369CC6823439361E0E7D3696FF30B03D3610268D369CC682343D361D6E7546827
:20FBC00044F48004546004689C420AD10968A1F18053123B01D0112903D1516841F400019F
:20FBE0005160002180F83C10084670BD01000F000000F0FF002301400020014078B50024DF
:20FC0000009490F83C20012A19D0012280F83C200A6807230568092A13D9EE680A3A02EBB2
:20FC2000420293409E43EE600B788A680A3B03EB43039A400368DD682A43DA6010E002204D
:20FC400078BD2E6902EB420293409E432E610B788A6803EB43039A4003681D692A431A6108
:20FC60004A681F23072A13D205686E6B521E02EB820293409E436E630A8893B20A79521E04
:20FC800002EB820293400268556B2B43536327E005680D2A12D22E6BD21F02EB8202934075
:20FCA0009E432E630B790A88DB1F92B203EB83039A4003681D6B2A431A6311E0EE6A0D3AC3
:20FCC00002EB820293409E43EE620B790A880D3B92B203EB83039A400368DD6A2A43DA6264
:20FCE0001B4B0568194A9D420AD10D68122D07D1556825F400055560556845F480055560C8
:20FD000005689D421DD1134D0B68AB4201D0112B17D1536823F480035360536843F40003F7
:20FD200053600968A9420CD10B490C4A0968B1FBF2F101EB8101490000E0491E0091002975
:20FD4000FBD180F83C40002078BD0000002301400020014012000010D005002040420F0021
:20FD600070B504000FD0206C40F0020020642068816821F001018160206880684FF0000520
:20FD8000C00702D006E0012070BD204600F030F865642564284684F83C5070BD70B50400FA
:20FDA0004FF0000503D0206C002610B107E0012070BD204600F03CF8666484F83C60206C8C
:20FDC000C00610D4206C20F4885040F0020020642046F0F755FF6664206C20F0020040F012
:20FDE0000100206400E0012584F83C60284670BD10B500680A49884211D10A48016821F4C9
:20FE0000807101600121084800F028FB0121074800F024FBBDE81040122001F0F7BA10BDF5
:20FE20000020014044380240000002400004024070B586B0044614216846F0F74FFD1D49FA
:20FE40002068884233D11C480024016841F480710160006800F480700590174814380168DF
:20FE600041F001010160016801F001010591016841F0020101600068012500F002000095E9
:20FE800005900326CDE9016469460C4800F0A0FB0095CDE901646946094800F099FB0022A5
:20FEA0000721122001F0D0FA122001F0C0FA06B070BD00000020014044380240000002400C
:20FEC000000402402DE9F0410446876D00F080FC064694F835000025022806D08020606554
:20FEE00084F834500120BDE8F0812068016821F0160101602068416921F080014161206C5F
:20FF000008B9A06C20B12068016821F0080101602068016821F0010101600CE000F058FC42
:20FF2000801B052807D920206065032084F8350084F83450D7E720680068C007EED194F880
:20FF40005C103F208840B860012084F8350084F834500020C7E790F83510022903D08021EA
:20FF6000416501207047052180F835100068016821F0010101600020704770B504002BD0E0
:20FF800094F83500022826D02068016821F00101016020680025056020684560206885606F
:20FFA0002068C560206805612168212048612046FFF766F9E56325646564A564E564256502
:20FFC00094F85C203F2191408160656584F8355084F83450002070BD012070BD90F83500E4
:20FFE000704700002DE9F84304464FF00009CDF8009063484FF41651A56D0068B0FBF1F7B0
:020000040803EF
:200000002E6894F85C10082000FA01F131420FD021680A6852070BD50A6822F004020A60C4
:2000200094F85C108840A860606D40F00100606594F85C104FF0010808FA01F0304208D0B8
:2000400021684969090604D5A860606D40F00200606594F85C1004208840304208D02168FA
:200060000968890704D5A860606D40F00400606594F85C1010208840304218D02168096894
:20008000090714D5A86020680168490304D50068000308D5A16C07E00168C90503D4016896
:2000A00021F008010160216C09B12046884794F85C1020208840304231D021680968C9060D
:2000C0002DD5A86094F8350005282068016806D0490347D5006800031DD4616C1CE021F0C3
:2000E000160101602068416921F080014161206C08B9A06C20B12068016821F0080101608C
:2001000094F85C103F208840A86084F8358084F83490216D1FE0E16B09B120468847606DB2
:2001200000282BD0606DC00714D0052084F835002068016821F0010101600098401C009065
:20014000B84203D820680068C007F6D184F8358084F83490E16C002910D001B02046BDE8C9
:20016000F04308470168C905D5D4016821F01001016084F8358084F83490CCE7BDE8F883ED
:20018000D00500202DE9F041044600F021FB06465CB1022084F83500002584F834502068F4
:2001A000016821F0010101600DE00120BDE8F08100F00EFB801B052805D920206065032077
:2001C00084F83500F2E720680068C007F0D12268116820480140D4E901031843D4E903365F
:2001E0003343184363691843A3691843E3691843236A18430843616A042903D1D4E90B131F
:2002000019430843106020684069666A20F0070130460E43012704280CD1A06A0643E06A19
:2002200040B12046FFF740F820B14020606584F83570BAE7206846612046FFF721F894F851
:200240005C203F2191408160656584F835700020ACE700003F8010E070B5044690F8340098
:20026000002501280CD0012084F8340094F835600020012E06D084F834000225284670BDCB
:20028000022070BD022684F8356060652046FFF735F82068016841F001010160EEE700002E
:2002A0000D4910B56FF49A30086000200860091D0A4A0A6008600849094A10390A600860FB
:2002C000C022091D0A6008600322091D0A60086001F070F8002010BD20380240F379570381
:2002E000FF10600070B5044600F072FA0546601C02D004480078044400F06AFA401BA0428E
:20030000FAD370BDC40500202DE9F047044622480F46017E01290AD00121804601764CF284
:2003200050394846FFF736FB020003D02FE00220BDE8F0874FF0FF3038602068174D012842
:2003400001D0A6681CE0207C6168FFF787FA4846FFF720FB0246286820F00400286014E0DF
:20036000217C3046FFF72EF94846FFF713FB0200286820F07A00286001D03E6005E0761C31
:20038000D4E902100844B042EAD8FFF743F9002188F818101046CBE7A4050020103C024034
:2003A0000348016841F000410160002070470000103C02402DE9F0471B4E05461446307E48
:2003C0001F468946012808D0012030764CF250384046FFF7DFFA18B114E00220BDE8F0870B
:2003E0009DB1012D16D0022D19D022463B464846FFF758FA4046FFF7CDFA0C490A6822F0A8
:2004000001020A6000213176E8E7E1B24846FFF739FAEFE7A1B24846FFF75AFAEAE7214655
:200420004846FFF767FAE5E7A4050020103C0240074900200A68002A09DA054A054B0C3AE0
:200440001360054B13600968002900DA01207047103C024023016745AB89EFCD2DE9F04F77
:200460000022DFF82CB101264FF00F0906FA02F401EA0403A3427DD122F003075F44D7F87F
:20048000088895074FEA157C09FA0CFA0AEA0805DFF80081404502D14FF000082BE0DFF883
:2004A000F880404502D14FF0010824E0DFF8EC80404502D14FF002081DE0DFF8E48040457F
:2004C00002D14FF0030816E0DFF8D880404502D14FF004080FE0DFF8D080404502D14FF08A
:2004E000050808E0DFF8C480404502D14FF0060801E04FF0070808FA0CF8A84522D12C4DB9
:20050000D5F800C02CEA030CC5F800C02D1DD5F800C02CEA030CC5F800C0254D0C35D5F8B3
:2005200000C02CEA030CC5F800C02D1FD5F800C02CEA030CC5F800C0D7F8085825EA0A0591
:20054000C7F80858056857000323BB409D430560D50800EB8507D7F820C055074FEAD5687D
:2005600009FA08F52CEA050CC7F820C0C5689D43C56000E005E04568A543456084689C43B9
:200580008460521C102AFFF471AFBDE8F08F00000030014000000240000402400008024055
:2005A000000C0240001002400014024000180240003C014070470000044910B50A680242EF
:2005C00002D00860FFF7F6FF10BD0000143C01402DE9F84FDFF8ACA10022012403254FF069
:2005E0000F090AF1040BAAF1040E00BF0B6804FA02F63340B3426ED10F7907F00307012FA4
:2006000001D0022F16D187684FEA420805FA08FC27EA0C07D1F80CC00CFA08FC4CEA070C70
:20062000C0F808C04768B7430E79C6F3001696403E4346600E79F643B6070AD0C6684FEA80
:20064000420C05FA0CF7BE438F6807FA0CF73743C7600E7906F00306022E10D1D60800EB4D
:200660008608D8F8206057074FEAD76C09FA0CF7BE430F6907FA0CF73743C8F82070066807
:200680004FEA420C05FA0CF7BE430F7907F0030707FA0CF7374307604E6816F4403F6BD0E8
:2006A000394E376847F480473760366822F0030706F480460096354E07EB060CDCF80868A0
:2006C00097074FEA177809FA08F7BE43304FB84202D100271FE04FE02E4FB84201D101279F
:2006E00019E02D4FB84201D1022714E02B4FB84201D103270FE02A4FB84201D104270AE0E3
:20070000284FB84201D1052705E0274FB84201D1062700E0072707FA08F73743CCF808784A
:20072000DAF800605746D1F804C09E435FEACC2C00D51E433E60DBF800605F46D1F804C002
:200740009E435FEA8C2C00D51E433E60DEF800607746D1F804C09E435FEA8C3C00D51E433B
:200760003E60084F083F3E68D1F804C09E435FEACC3C00D51E433E60521C102AFFF436AF84
:20078000BDE8F88F083C01404438024000300140000002400004024000080240000C024059
:2007A0000010024000140240001802400069084000D001207047426921EA02030A4043EAAC
:2007C0000241816170470AB1816170470904FBE70148806870470000C40500200148007868
:2007E00070470000C405002090F84010012912D0012100F8401F2421417050F8401CCA6830
:2008000022F00C0242F00402CA602021417000210170084670470220704790F840100129F2
:2008200012D0012100F8401F2421417050F8401CCA6822F00C0242F00802CA602021417019
:2008400000210170084670470220704770B5040004D094F84100002510B106E0012070BD44
:2008600084F84050204603F09FF8242084F841002068C16821F40051C16020460AF0A2FB46
:200880002068016921F4904101612068416921F0220141612068416941F008014161206880
:2008A000C16841F40051C1606564202084F8410084F842006563002070BD000007498842B5
:2008C0000AD10749002088850648D0F8E01241F02001C0F8E0127047F1F7D6BF242B012018
:2008E00024C20020A4B90020704710B5040013D0242084F83D002068016821F001010160B0
:20090000204600F091FC0020206484F83D0044F8300FA073207310BD012010BD90F83D10E6
:20092000282901D00220704790F83D1090F83E2001F003010A430263202180F83D10002133
:2009400080F83E1050F8201B0A6822F480620A6050F8200C416821F440714160002070471F
:200960002DE9F041016804464A694E6890F83E000025D743FA0506D4F243D20503D46FF4F0
:20098000807201254A61B90508D4F143C90505D422686FF4007145F002055161790525D45C
:2009A000F143C90522D4638D94F83D10226B202808D13BB9212910D029290ED0282901D157
:2009C000212A0AD022686FF48061516145F00405102806D0402804D008E0204607F088FE1F
:2009E00004E02068016841F400710160380508D4F043C00505D421686FF4006045F00805A3
:200A00004861002D07D0206C284320642046BDE8F04107F009BABDE8F0812DE9F0470268EB
:200A200000215368C66A90F83E4090F83D50102C12D0402C10D0046C002C7DD05469E44358
:200A4000A6077AD4DE43B60577D4036C03B19169BDE8F04707F028BE976951694FF42A0C6B
:200A6000C9435FEAC1784FF02A4904D066452AD04E4528D010E0DE43B6050DD4C16A6145B4
:200A800001D1012103E0C16A494501D10821C162BDE8F04707F09CBC0E0716D4DE43B605A2
:200AA00013D4416CC9B21161416B09B1C96B29B9816B002907D0C96B002904D0006841680B
:200AC00041F400614160BDE8F0878E0706D4DE43B60503D4BDE8F04707F0EEBBFE4352682A
:200AE00076074FEA02521DD4002AECDB0A0608D4DA43520505D4490705D5BDE8F04707F0D4
:200B00007FBB4907DFD4D9438905DCD4212D05D0402CD8D1BDE8F04707F0A0BCBDE8F047FB
:200B200007F02CBB002ACEDB4A060BD4DA43520508D4490708D501E00DE00EE0BDE8F047C0
:200B400007F0A2BA4907BED4D9438905BBD4BDE8F04707F02CBA916970E7E10606D4D94340
:200B6000890503D4BDE8F04707F00ABE2821212D27D0292D25D0650655D4DD436D0552D450
:200B8000640752D590F83D30448D002C9BD01269446A2270426A521C4262428D521E4285E7
:200BA000428D002A8FD12A2B8DD10268536823F4806353602222026380F83D1000F0BAFB44
:200BC00081E7250623D4DD436D0520D4640720D590F83D30448D002CF2D0446A2478146132
:200BE000426A521C4262428D521E4285428D002AE6D1292BE4D10268536823F480635360A6
:200C00002122026380F83D1000F095FB5BE76107D6D4D9438905D3D4418D0029D0D0416A00
:200C2000097811610AE06107CAD4D9438905C7D4418D0029C4D01169426A1170416A491C4A
:200C40004162418D491E41853DE700000249884201D1F8F729BD7047242B012070B50400C6
:200C600025D094F83D00002520B984F83C50204600F000FB242084F83D002068016821F060
:200C8000010101602068016841F4004101602068016821F40041016000F02AFF4D4A616808
:200CA000914201D84C4900E04C49884201D2012070BD4B492368B0FBF1F15E6826F03F06C6
:200CC0000E435E606368934206D94FF4967359434FF47A73B1FBF3F12368491C1E6A26F050
:200CE0003F06314319626168914210D84900401EB0FBF1F2521CC2F30B02042A01D20420B2
:200D000022E0B0FBF1F0401CC0F30B001CE0A268F2B301EBC10303EB0116431EB3FBF6F3D3
:200D20005B1C43F480431B0549D092B301EBC10202EB0111401EB0FBF1F0401CC0F30B0012
:200D400040F4804040F400402168CA694CF6FF739A431043C861D4E9071001432068026858
:200D600022F0C00211430160D4E9030101432068826848F2FF339A4311438160D4E9050132
:200D800008432168CA6822F0FF021043C86001E00EE016E02068016841F0010101602564EC
:200DA000202084F83D00256384F83E50002070BD01EB4106431EB3FBF6F35B1CB3E70120FE
:200DC000C2E701EB4101401EB0FBF1F0401CC0F30B00B7E7A086010080841E0000093D000B
:200DE00040420F0070477047704700000649884208D10649012014228885054901F1140044
:200E0000EFF789BC70470000242B012024C2002028B00020704700002DE9FF4F83B09A4654
:200E2000DDE9118793460446DDF84090FFF7D0FC054694F83D00202870D119230122744911
:200E40002046009507F076FD0028F5D194F83C00012863D0012084F83C0020680168C90781
:200E600003D1016841F0010101602068016821F400610160222084F83D00402084F83E00C4
:200E800000262664C4F82490A4F82A80608D20856048E062CDE9007553465A462046049909
:200EA00007F030FB002879D1208DD0B1012821D00228206824D0416980690090208D0328B5
:200EC00066D801282BD0544902283B464FF00002009557D08846204607F02CFD00285DD1C1
:200EE0003AE02068416981690091016841F4007101607DE02068016821F480610160F0E73F
:200F0000016821F4806101602068016841F400610160206841698069009069E075E02A4670
:200F20003946204607F0ACFD88BB54E02068016841F40071016020680069616A0870606ABF
:200F4000401C6062218D491E2185618D491E618521680969017042E02068016821F4806108
:200F6000016020680069616A0870606A401C6062208D401E2085608D401E60853B46002271
:200F800041460095204607F0D5FC00B9CEE705E02A463946204607F073FD18B1012007B057
:200FA000BDE8F08F20680069616A0870606A401C6062208D401E81B22185608D401E6085DD
:200FC00020684269D243520712D4032903D1016821F48061016020680069616A0870606ACC
:200FE000401C6062208D401E2085608D401E6085208D00287FF462AF202084F83D0084F825
:201000003E6084F83C600020C9E70220C7E70000020010000000FFFF04000100F8B5002494
:20102000DDE90676009490F83D50202D5ED1304D46F2A81C2D68B5FBFCF505EBC50C0CEBE2
:20104000051500956D1E009506D00568AD69ED43AD070BD4009DF5E740F8304F2021417380
:201060008473016941F0200101613FE090F83C50012D3BD0012580F83C500568D5F800C0CB
:201080005FEACC7C05D1D5F800C04CF0010CC5F800C00568D5F800C02CF4006CC5F800C093
:2010A000222580F83D50402580F83E50046447624685458D05850F4DC56241648264C3640C
:2010C000046501680A6842F480620A6001680A6842F480720A6080F83C40018D21B1006821
:2010E000416841F4E06141600020F8BD0220F8BDD00500200000FFFF2DE9FF4F83B09A461A
:20110000DDE9119793460446DDF84080FFF760FB054694F83D0020287FD1192301224049C4
:201120002046009507F006FC002876D194F83C00012872D0012084F83C0020680168C9077F
:2011400003D1016841F0010101602068016821F400610160212084F83D00402084F83E00E2
:2011600000262664C4F82480A4F82A90608D20852C48E062CDE9007553465A46204604995A
:2011800007F03EFA70B930E02A463946204607F0AFFC58B1206C042804D12068016841F434
:2011A00000710160012007B0BDE8F08F606A216800780861606A401C6062218D491E89B2F5
:2011C0002185628D521E628522685369DB435B070BD469B100781061606A401C6062208DE6
:2011E000401E2085608D401E6085208D0028CBD12A463946204607F071FB0028CAD154F884
:201200003D0B016841F400710160202004F81E09E67766770020C6E7FFE70220C3E70000FA
:20122000020010000000FFFF70B5044600680E49884218D10D48016821F4001101600C4D1F
:2012400081152846FFF70AF969152846FFF706F9A06BFEF792FE1F2000F0D8F8BDE87040CC
:20126000202000F0D3B870BD00540040403802400004024070B586B0064614216846EFF782
:201280002DFB27493068884248D126480025016841F0020101600068694600F0020005900C
:2012A0004FF440700090122001900120CDE90205042004901C48FFF78BF91A481030016869
:2012C00041F4001101600068194C00F400100590164820604FF00070C4E90105C013C4E941
:2012E00003506561A561E561256220466562FEF749FF08B1FEF760F9B463012207211F20F0
:20130000A66300F0A1F81F2000F091F800220721202000F099F8202000F089F806B070BDE4
:2013200000540040303802400004024088600240E02F01207047704702488168027811445F
:2013400081607047C4050020094810B5016841F400710160016841F480610160032000F093
:2013600093F8002000F006F800F026F8002010BD003C024070B50D4D04464FF47A712878C4
:20138000B1FBF0F00A490968B1FBF0F001F049FC48B9102C07D200222146501E00F054F8F2
:2013A00000206C6070BD012070BD0000C4050020D005002070470000134808B5016841F47B
:2013C00080410160006800F4804000900E48001F016841F080510160006800F08050009046
:2013E000042000F051F800220721501F00F02CF800220721101F00F027F800220721BDE84C
:201400000840901E00F020B84438024000280DDB00F01F02012191404009800000F1E02082
:20142000C0F88011BFF34F8FBFF36F8F7047002809DB00F01F02012191404009800000F1A2
:20144000E020C0F800117047F0B40E4B1B680C46C3F30223C3F10705042D00D90425191D36
:20146000072901D2002300E0DB1E012606FA05F1491E214099409E40761E16403143F0BCC7
:2014800009F0ACBF0CED00E0064900F0070208684FF6FF03184040EA0220034A1043086064
:2014A000704700000CED00E00000FA05014901204862704700000E42014901208862704775
:2014C00000000E42034908B50020086202480068009008BD00000E4200700040034908B519
:2014E0000120086202480068009008BD00000E42007000400748026822F0040202600129FD
:2015000005D0032901D040BF20BF20BF704730BF7047000010ED00E00C4A136823F0030318
:20152000034313600A48026842F004020260012909D0032901D040BF20BF20BF016821F065
:2015400004010160704730BFF8E700000070004010ED00E02DE9F84F044600780027C34DBD
:20156000C00708D02868E16920F0C06008432860E06900B901272078800708D52868216AAE
:2015800020F0C05008432860206A00B90127208881046FF0FF0015D52968A26C21F4401173
:2015A00011432960A16C19B1B1F5001F02D009E0012707E02968626921F4F85100EB02221F
:2015C000114329602188490415D52968E26C21F4400111432960E16C19B1B1F5000F02D09E
:2015E00009E0012707E02968626921F4F85100EB02200143296020784FF00009000755D54E
:201600009A484C38016841F0805101600068DFF8608200F080500090D8F8001041F4807121
:20162000C8F80010FFF7D4F8064604E0FFF7D0F8801B02286FD8D8F80000C005F6D58B4EE5
:201640001C3E306810F440701FD0A18C01F4407181421AD03068012220F4407185480260C6
:20166000C0F8009031603068C0070ED0FFF7B0F8804641F2883A05E0FFF7AAF8A0EB0801EA
:20168000514548D830688007F6D5616A7748C1F301228438032A36D0016821F4F811016072
:2016A0003068A18CC1F30B01084330602078DFF8C8A1400703D594F85410CAF8E011207898
:2016C0006E4EC00605D53068E16A20F440000843306020784FF00068800609D53068216BD5
:2016E00020F0006008433060206B404500D101272078400605D53068A16A20F08050084310
:20170000306067B908E002685D4B22F4F81219400A430260C4E773E02068802877D1DFF8AA
:2017200064B1CBF86890FFF753F8504F81468C3F06E000BFFFF74CF8A0EB090002285FD893
:2017400038680001F6D4216DCAF8D81020684E49C20701D0E2697AB1820701D5226A5AB1C1
:20176000820602D5226B424506D040060FD5A06A68B9206B40450AD1D4E9010240EA821064
:20178000227B237C120642EA0372104308602068820401D5A26C1AB1400415D5E06C98B911
:2017A0000868D4E9012342EA8312C0F30360237C000640EA037002430A602868A26920F065
:2017C0001F00521E10432860207800060AD5D4E9010240EA8210227B237C120642EA0372B1
:2017E000104308600120CBF86800FEF7F1FF80460AE000BFFEF7ECFFA0EB0800022803D915
:201800000320BDE8F88F02E038680001F2D52088C00505D52868616B20F000400843286069
:201820002088800505D52868A16B20F40040084328602088400505D52868E16B20F00040EB
:20184000084328602088000505D52868216C20F48040084328602088C00405D53068616CBF
:2018600020F04040084330600020CAE78C38024000700040400E47420010474294380240F8
:20188000FFFCFF0F00004742843802402DE9F0470E46050065D0DFF81481D8F80000F7B2F8
:2018A00000F00700B04207D288F80070D8F8000000F00700B04254D128683D4C810712D510
:2018C000400703D5206840F4E05020602878000703D5206840F4604020602068A96820F079
:2018E000F000084320602878C0072DD0304968680839012812D0022813D0032811D00968AA
:20190000890700292DDA216821F0030101432160FEF75EFF814641F2883A0EE009688903AB
:20192000EFE709688901ECE7FEF752FFA0EB0901514502D90320BDE8F0872068696800F02F
:201940000C00B0EB810FEFD1D8F80010404601F00701B14207D90770006800F00700B04296
:2019600001D00120E7E72878400705D52068E96820F4E050084320602878000706D52068F4
:20198000296920F4604040EAC100206000F0D0F82168084AC1F30311515CC84006490860CF
:2019A00006480068FFF7E6FC0020C4E7003C02400838024034020408D0050020C8050020AA
:2019C0002DE9F041FEF704FF444C0546206840F00100206005E000BFFEF7FAFE401B02289E
:2019E00047D820688007F7D5206840F080002060FEF7EEFE0546394E00200836306041F261
:201A0000883704E0FEF7E4FE401BB84231D8306810F00C0FF6D1FEF7DBFE0546206820F4BF
:201A20005020206005E000BFFEF7D2FE401B64281FD820688003F7D4FEF7CAFE0546206809
:201A400020F08070206004E0FEF7C2FE401B02280FD820688001F7D4FEF7BAFE05462068AD
:201A600020F08060206007E0FEF7B2FE401B022802D90320BDE8F08120680001F4D4174920
:201A80001748091D086015498431086013480C30016821F4F8510160016821F400510160EF
:201AA000016841F41F010160016841F4001101600A487430016821F001010160016841F08A
:201AC0008071016008490748086008480068FFF751FC0028CED00120CCE70000003802409D
:201AE000103000240024F400D0050020C80500200448054900680968044AC1F38221515CC3
:201B0000C8407047D005002008380240440204080448054900680968044AC1F34231515CA8
:201B2000C8407047D00500200838024044020408154810B5006810F00C02144813D01449E9
:201B4000042A0FD0082A0ED10F4C241F2268236802F03F025B0207D52068C0F38810A0FBDA
:201B6000010106E0084610BD2168C1F38811A1FB00010023EEF73EFC2168C1F30141491CC9
:201B80004900B0FBF1F010BD083802400024F40000366E012DE9F84F04006ED02078DFF856
:201BA0006093C007A9F104054AD009F104000168C1F38101012908D00068C0F38100022849
:201BC0000AD1D9F80000400206D52868800337D560680028E1D033E06068B0F5803F10D05D
:201BE000B0F5A02F286810D020F480302860286820F4802028606068A8B1FEF7E9FD0646A1
:201C00000DE0286840F48030F4E740F480202860F7E700BFFEF7DCFD801B642873D82868BF
:201C20008003F7D50CE0FEF7D3FD064605E000BFFEF7CEFD801B6428F0D828688003F7D427
:201C40002078DFF8C08280074FF0000A3ED5AC48001D016811F00C0F08D00068C0F38100E6
:201C600002280BD1D9F80000400207D42868800716D5E068012800D112E03CE1E068B8B16C
:201C80000120C8F80000FEF7A3FD064605E000BFFEF79EFD801B0228C0D828688007F7D50E
:201CA0002868216920F0F80040EAC10028600DE0C8F800A0FEF78CFD064604E0FEF788FD1A
:201CC000801B02281FD828688007F7D42078000722D58B4E8C486169703671B1012101600E
:201CE000FEF776FD074604E0FEF772FDC01B022809D830688007F7D50EE0C0F800A0FEF7DB
:201D000067FD074605E082E0FEF762FDC01B02287DD830688007F7D42078400768D5DFF840
:201D2000E0B100270BF13C0BDBF80000C0000BD4DBF8001041F08051CBF80010DBF80000AB
:201D4000012700F080500090704E3068C00510D4306840F480703060FEF73AFD009005E01F
:201D6000FEF736FD0099401A022850D83068C005F6D5634EA0686C3601280FD005283068A6
:201D800010D020F001003060306820F004003060A068B8B1FEF71CFD00900FE0306840F0C0
:201DA0000100F4E740F004003060F7E7FEF710FD0099411A41F28830814268D830688007A2
:201DC000F4D50EE0FEF704FD009007E0FEF700FD0099411A41F28830814258D830688007FC
:201DE000F4D42FB1DBF8001021F08051CBF80010A069D8B34249091D0968C1F3810102298C
:201E00004CD00228504607D0C8F8600000E03EE0FEF7DEFC04463DE04746C8F86000FEF719
:201E2000D7FC064605E000BFFEF7D2FC801B02282DD828688001F7D4F4E907010843E168FD
:201E4000334A490802EB0141A26841EA82110843217C40EA0160217D40EA0171C9F800103F
:201E600001203866FEF7B4FC044606E045E000BFFEF7AEFC001B022809D828688001F7D548
:201E80003BE000BFFEF7A4FC001B022802D90320BDE8F88F28688001F4D42EE00128F7D08D
:201EA000D9F80000E26900F48001914223D1226A00F03F0191421ED147F6C071626A0140D1
:201EC000B1EB821F17D1A26A4FF0FF3300F4403103EB5202B1EB024F0DD194F82C2000F026
:201EE0007061B1EB026F06D194F8301000F0E040B0EB017F01D00120CAE70020C8E70000C4
:201F00000438024000004742800E4742007000400000FFFF0348D0F8E01241F00401C0F802
:201F2000E0127047A4B900200068503050F8210070470068503040F8212070472DE9F05FF6
:201F40000446007F92468B46012813D04FF0010884F81C80022060772068CA21416221680B
:201F600053204862FEF734FC00250746FF264FF47A790EE00220BDE8F09F00BFFEF728FC36
:201F8000C01B484505D920684662032060772577F1E72068C0680007F0D4206881684FF032
:201FA0000407C9060BD44AEA0B01C16220688068800609D4204600F0F1FA28B120684662E8
:201FC000677725770120D6E72068466284F81D8025770020CFE7000006480179022906D025
:201FE0000079012805D141030348FEF7E4BB012141717047980100200008024010B5144996
:2020000004464FF40030086020688168C9040BD5C168C90508D5C16801F0800161F4C07188
:20202000C1602046FFF7D8FF2068816889040BD5C168890508D5C16801F0800161F4207159
:20204000C1602046FFF766FF0120607710BD0000143C01402DE9F0470446007F012822D017
:202060004FF0010884F81C80022060772268CA20506222685320506220680025FF26B1F5BA
:20208000807F81684FF0030A4FF47A790ED021F4007181602068816821F400518160FEF7E4
:2020A00097FB074624E00220BDE8F08721F4807181602068816821F480518160FEF788FB68
:2020C000074604E0FEF784FBC01B484509D82068C068C007F6D00FE0FEF77AFBC01B484514
:2020E00006D92068466284F81DA025770320DBE72068C0688007EFD52068466284F81D80D3
:2021000025770020D0E7000010B500680B4641680D480140080CD870C1F304245C7001F09A
:202120003F049C70C1F34231197052B907F0C8FAD870587807F0C4FA5870987807F0C0FA86
:202140009870002010BD00003FFFFF0010B50B460168896A596001680969C1F30E0199608B
:20216000006801680D480140C1F305401870C1F306245C7001F07F049C70890DD97052B963
:2021800007F09EFA1870587807F09AFA5870987807F096FA9870002010BD00007F7F7F00FC
:2021A00010B5040002D0607F10B106E0012010BD00202077204600F041F802206077206849
:2021C000C168C943C90632D5CA214162216853204862204607F088FA20BB20688168164A35
:2021E000114081602168886862681043D4E904231A43104388602168E0680861206801696F
:20220000228941EA02410161204607F091FA48B921680A6C22F480220A6421680A6CA3692A
:202220001A430A642268FF21516208B110BD00200121617710BD0000BFFF8FFF10B596B0B2
:20224000044658216846EEF749FB1249206888421AD10820009010480068C0F301200228D6
:2022600014D00E4809906846FFF774F908B1FDF7A3F90B4901200860002207212920FFF7CB
:20228000E3F82920FFF7D3F816B010BD4FF40070E8E70000002800407038024000031800D7
:2022A0003C0E47422DE9F843644E03464FF4FA4730680C46B0FBF7F0791148430090187FC3
:2022C000012877D04FF0010983F81C900220587718680025002A80684FEA40606CD0002839
:2022E00000DBE570A078227894F803C040EA02406278E169120242EA8C52104394F82020E0
:2023000040EA026008436169A26908436168D3F800C01143CA22CCF82420D3F800C053222A
:20232000CCF82420626AFF24B2F5807F1A684FF0030C5CD0D2F8088028F40078C2F80880DC
:202340001A68D2F80C8008F0800868F42078C2F80C8032684FF47A76B2FBF7F27243009241
:202360001A68009E761E009661D0D668B607F8D51062186881641868816841F40071816053
:202380001868816841F4005181602D48016841F4003101602A480830016841F400310160EE
:2023A0001868446283F81D901D770020BDE8F88300E001E00220F9E7002800DBE570207848
:2023C00007F087F90204607807F083F942EA0022A07807F07EF90243E07842EA805294F83A
:2023E000200007F076F942EA0060E1698AE7966826F4807696601A68D66806F0800666F476
:20240000C076D6601A68009E761E00960FD0D668F607F8D0D061186841641868816841F430
:20242000807181601868816841F48051ACE7546283F81DC01D770320B8E70000D00500206F
:20244000003C014070B50446007F0B46012819D00126267702206077B2B19878D97840EA03
:20246000014558781978000240EA413005432168CA204862216853204862204607F034F983
:20248000D0B122E0022070BD5878C10603D500F0EF000A305870D87807F01BF902045878E9
:2024A00007F017F942EA0022987807F012F90243187842EA4035DAE70748054020684560BD
:2024C000204607F035F900B966772268FF2151620021217770BD00003FFFFF002DE9F04114
:2024E0000446007F0D46012823D04FF0010884F81C80022060772068002780684FEA4060DB
:20250000D2B1002800DBEF70A878297840EA01466878E978000240EA815006432168CA20AA
:202520004862216853204862204607F0DDF8B8B12CE00220BDE8F081002800DBEF7028786A
:2025400007F0C7F80204687807F0C3F842EA0022A87807F0BEF80243E87842EA8056DDE7A7
:202560000D480640206806602068816821F480218160D5E90301084321688A681043886007
:20258000204607F0D5F808B984F81D802268FF2151622777CEE700007F7F7F0070B504469B
:2025A0000B482168C860FEF713F905464FF47A7607E000BFFEF70CF9401BB04201D90320AE
:2025C00070BD2068C0688006F4D5002070BD00005F3F01004FF0E020016941F002010161A4
:2025E000704710B5040011D0022084F851002068016821F040010160204600F067F8002012
:20260000606584F8510084F8500010BD012010BD70B5040009D0606A002540B12561656173
:20262000A56294F8510040B10CE0012070BD6068B0F5827FF4D0E561F2E784F850502046B8
:2026400000F096F8022084F851002068016821F040010160A088218900F4827001F4044177
:202660000843A18901F400610843217C01F002010843217D01F001010843218B01F400717A
:202680000843217F01F03801084394F8201001F080010843218D01F4005108432168086031
:2026A000A069042101EA104094F8241001F010010843216848602068C16921F40061C16129
:2026C0006565012084F85100002070BD70B5044601682048204A214B814208D1106820F4B7
:2026E00080501060E0211846FDF7B8FE1AE01A481B4E001F1B4DB14206D1016821F480413C
:2027000001604FF444411CE0174EB1420CD1016821F40041016038212846FDF79FFEE06C9B
:20272000FDF72BFCA06C10E01048814211D1106820F40050106002211846FDF78FFE4FF4F4
:2027400000512846FDF78AFEE06CBDE87040FDF714BC70BD0030014044380240000002403B
:202760000038004000040240003C0040003401402DE9F04F87B0054614216846EEF7AEF865
:20278000C148DFF80083D5F800C00221032205230615042700244FF4804AC44555D1DFF85C
:2027A000E8C20CF1140CDCF8008048F48058CCF80080DCF800C00CF4805CCDF814C0D0F8D5
:2027C00000C04CF0010CC0F800C000680DF1040900F001000590A0200090022090469B4656
:2027E00089E811096946A948FDF7F2FE4FF040090220CDE900900DF1080C01208CE8010929
:202800006946A248FDF7E4FEDFF888B2A0495846CBF80010C0E90346C0E9054A4FF0C06194
:20282000CBF81C40C0E901190BF12009B10189E88201C901CBE90B14FDF7A4FC08B1FCF70E
:20284000BBFE5846C5F848B057E0DFF84C82DFF838E2DFF848B20EF1100E4FF48079C4456C
:202860004FD1DEF8008048F48048CEF80080DEF800C00CF4804CCDF814C0D0F800C04CF0D9
:20288000020CC0F800C0006801A900F0020005904FF4044000900220904681E8110105206A
:2028A000049069465846FDF793FE0220CDE900A00120CDE902080520049069465846FDF75F
:2028C00087FEDFF8E08176494046C0E90014C8F80840C8F818A0C914C8F80C40C0E90461C2
:2028E000C0E909748901C8F82C40C8E90791C8F83040BDE0FCF760FEBFE0856307B0BDE8B2
:20290000F08FDFF8A481C44555D1DEF800C04CF4004CCEF800C0DEF8003003F4004305938D
:20292000036843F002030360006800F00200059038208DE813000620CDE903206946584676
:20294000FDF746FEDFF86481554940461839C0E90014C8F80840C0E90346C8F81440C8F883
:202960001840C8F81C40C0E90847C8F82840C8F82C40C8F83040FDF705FC08B1FCF71CFEAC
:2029800047484B4EC5F84C806030C8F83850C6E900044020C6E9020434617461C6E906497E
:2029A000346230467462FDF7EDFB08B1FCF704FEAE64B563A2E7DFF8FC80C4459ED1DFF856
:2029C000C8C00CF1140CDCF8008048F40058CCF80080DCF800C00CF4005CCDF814C0D0F8D5
:2029E00000C04CF0010CC0F800C0D0F800C00CF0010CCDF814C0D0F800C04CF0020CC0F8A2
:202A000000C00068009100F002000590CDE901140320CDE90303884669461C48FDF7D8FD22
:202A20004FF40050CDE900080320CDE902400620049069465846FDF7CBFD1549DFF878803A
:202A400048394046C8F80010C905C0E90114C8F818A00914C8F80C40C0E90461C0E909743E
:202A60004FF44031C8F82C40C8E90791C8F83040FDF788FB00287FF43DAF4046C5F84C80F0
:202A80003BE70000003001403038024000000240586402404030012000380040000402406A
:202AA00058600240A0300120003C0040003101206031012000340140C03101202DE9F84FC7
:202AC000984616468A460446FDF782FE814694F8510001281ED1BAF1000F73D0002E71D006
:202AE00094F85000012815D0012784F85070032084F8510000256565C4F830A0A686E68685
:202B0000A563A587E58765642564A068B0F5004F03D00CE00220BDE8F88F2068016821F0B8
:202B2000400101602068016841F48041016020680168490603D4016841F040010160E06810
:202B4000B0F5006F606803D048B3012E27D047E008B1012E1FD1206B21680088C86006E0FC
:202B600020688168890709D5216B0988C160206B801C2063E08E401EE0860CE0FDF728FE56
:202B8000A0EB0901414503D3B8F1FF3F03D035E0B8F1000F32D0E08E0028E1D123E0206BE5
:202BA00021680078087306E02068816889070AD5216B09780173206B401C2063E08E401E1C
:202BC000E0860DE02BE0FDF703FEA0EB0901414503D3B8F1FF3F03D010E0B8F1000F0DD072
:202BE000E08E0028E0D14A464146204606F048FF08B120206065A06830B109E084F8517007
:202C000084F85050032086E72068C1688068009084F8517004F8505F60680028F3D0012023
:202C200079E710B5401EB0F1807F01D3012010BD4FF0E02460610F21601708F0CFFB002022
:202C4000A06107202061002010BD4FF0E020016921F00201016170477047704710B590F84D
:202C60003C20012A22D0012280F83C20CA688C6822F4407222434C6822F4806222430C680C
:202C800022F4006222430C6922F4805222434C6922F400522243C969002322F480420A4399
:202CA00001684A6480F83C30002010BD022010BD70B590F83C20012A32D0012480F83C40EE
:202CC000022280F83D2003685A689D6822F070060A6832435A60134B02689A4214D0B2F175
:202CE000804F11D0104B9A420ED0104B9A420BD00F4B9A4208D00F4B9A4205D00E4B9A42AF
:202D000002D00E4B9A4204D1496825F080031943916080F83D40002180F83C10084670BDEC
:202D2000022070BD000001400004004000080040000C00400004014000400140001800400D
:202D400010B50446022084F83D002068016A41F21112114207D1016A9210114203D1016878
:202D600021F001010160204600F046F8002084F8460084F83E0084F83F0084F8400084F8BC
:202D8000410084F8420084F8430084F8440084F8450084F83D0084F83C0010BD10B50400ED
:202DA00003D094F83D0010B107E0012010BD002084F83C00204600F06FF8022084F83D0071
:202DC000211D206807F0FCFE012084F8460084F83E0084F83F0084F8400084F8410084F8EF
:202DE000420084F8430084F8440084F8450084F83D00002010BD000010B504460068204ACA
:202E00002049904203D1086820F0010021E01D4A121FB0F1804F07D01B4B984213D11068A6
:202E200020F00400106015E0106820F001001060206AFDF7A2F8E06AFDF79FF8BDE810403E
:202E40001C20FEF7E3BA114B984208D1086820F002000860206ABDE81040FDF78EB80C4B9B
:202E6000984204D1086820F48030086010BD09498842FBD1106820F48070106010BD000099
:202E80000000014044380240000800400004014000400140002000402DE9F84F0446D0F856
:202EA00000C07948774A00210315C514861504274FF400594FF4803A4FF0010B944525D145
:202EC000026842F0010202600068DFF8C48100F0010000906D4A4046C8F800204FF04062EE
:202EE000C0E9012108F10C02C8F8247082E82A02C0E90AB1C8E9076AC8F830102DE000BFC4
:202F0000C4F82080C8F83840BDE8F88F5E4A121FBCF1804F28D0DFF87C81C4455BD1106823
:202F200040F0040010601068DFF8708100F004000090594A4046C8F800204FF08062C0E956
:202F4000012108F10C0CC8F824708CE82A02C0E90AB1C8E9076AC8F83010FDF713F900289C
:202F6000CED0FCF729FBCBE7106840F0010010601068494A00F00100DFF824810090783A17
:202F8000C8F800204FF0C062C8F8042040464022C8F81030C0E902211202C0E90552C0E99B
:202FA00009714FF44032C8F82C10C8E90762C8F83010FDF7E7F808B1FCF7FEFAC4F82080F9
:202FC000C4F82C80012202211C20C8F83840FEF73BFA1C2051E0DFF8CC80C44529D10268A8
:202FE00042F0020202600068DFF8BC8000F002000090264842466038C8F800004FF06060EF
:20300000C2E9010108F10C0CC8F824708CE82A02C2E90AB1C8E9076A4046C8F83010FDF7FC
:20302000B1F808B1FCF7C8FAC4F82080C8F838401DE01E498C450ED1016841F48031016021
:203040000068002200F48030009011461820FEF7FBF9182011E0164884457FF455AF1068FB
:2030600040F480701060106800F480700090002207212D20FEF7E8F92D20BDE8F84FFEF735
:20308000D6B900000000014044380240886402402032012000080040A0600240E032012044
:2030A000803201200004014040330120004001400020004090F83D10012901D001207047DB
:2030C000022180F83D1000681149884214D0B0F1804F11D00F4988420ED00F4988420BD04A
:2030E0000E49884208D00E49884205D00D49884202D00D49884204D1816801F007010629E9
:2031000003D0016841F001010160002070470000000001400004004000080040000C0040EF
:2031200000040140004001400018004090F83D10012901D001207047022180F83D10016878
:20314000CA6842F00102CA6000681149884214D0B0F1804F11D00F4988420ED00E498842FC
:203160000BD00E49884208D00D49884205D00D49884202D00C49884204D1816801F00701BE
:20318000062903D0016841F00101016000207047000001400004004000080040000C004040
:2031A00000040140004001400018004001680A6A41F211131A4207D10A6A9B101A4203D13A
:2031C0000A6822F001020A60012180F83D10002070470168CA6822F00102CA6001680A6A89
:2031E00041F211131A4207D10A6A9B101A4203D10A6822F001020A60012180F83D100020FD
:20320000704770B5044690F83C000025012817D0012684F83C60022084F83D002068826803
:2032200022F0770222F47F4282600868502838D00DDC20284FD005DC90B3102811D14AE0A2
:20324000022070BD302846D040280AD13BE060282FD070280DD0B0F5805F03D0B0F5005FFC
:2032600012D0012584F83D60002084F83C00284670BDCB68D1E90121206807F016FD206891
:20328000816841F0770109E0CB68D1E90121206807F00BFD2068816841F480418160E1E70D
:2032A00019E0CA684968206807F01AFE5021206806E0CA684968206807F023FE6021206830
:2032C00007F0FDFCCEE7CA684968206807F008FE40212068F4E7226801461046F0E7704768
:2032E0002DE9F04104460068C66805694FF00007A90713D5B10711D5F91E0161012020778C
:20330000206880698007204602D0FFF7E8FF04E000F0CFF8204600F08FF92777680716D52F
:20332000700714D521686FF004000861022020772068806910F4407F204602D0FFF7CFFFEF
:2033400004E000F0B6F8204600F076F92777280715D5300713D521686FF0080008610420D3
:2033600020772068C0698007204602D0FFF7B7FF04E000F09EF8204600F05EF92777E806F7
:2033800016D5F00614D521686FF010000861082020772068C06910F4407F204602D0FFF7A1
:2033A0009EFF04E000F085F8204600F045F92777E80708D0F00706D021686FF00100086107
:2033C000204600F0DDF9280608D5300606D521686FF0800008612046FFF73EFC680608D5F3
:2033E000700606D521686FF040000861204600F0F3F9A8060AD5B00608D521686FF0200081
:2034000008612046BDE8F041FFF727BCBDE8F08110B586B0044614216846EDF75FFA20682B
:20342000B0F1804F15D10C480021026842F001020260006800F001000590082000900220F8
:20344000CDE901010120CDE9031069460348FDF7BFF806B010BD00003038024000000240B6
:2034600070B5044690F83C00002501280FD0012084F83C006AB1042A0FD0082A11D00C2AA2
:2034800013D00125002084F83C00284670BD022070BD206807F01CFCF4E7206807F048FC2C
:2034A000F0E7206807F07AFCECE7206807F0AAFCE8E7704710B5040003D094F83D0010B19C
:2034C00007E0012010BD002084F83C00204600F01EF8022084F83D00211D206807F070FBD0
:2034E000012084F8460084F83E0084F83F0084F8400084F8410084F8420084F8430084F802
:20350000440084F8450084F83D00002010BD704770B5044690F83C0000260D4601280FD095
:20352000012084F83C006AB1042A1DD0082A2FD00C2A3FD00126002084F83C00304670BD64
:20354000022070BD206807F0C3FB2068816941F0080181612068816921F00401816120685F
:2035600081692A69114311E0206807F0E1FB2068816941F4006181612068816921F48061DC
:203580008161206881692A6941EA02218161D2E7206807F003FC2068C16941F00801C161CF
:2035A0002068C16921F00401C1612068C1692A69114311E0206807F025FC2068C16941F410
:2035C0000061C1612068C16921F48061C1612068C1692A6941EA0221C161ACE710B504008D
:2035E00003D094F83D0010B107E0012010BD002084F83C00204600F01EF8022084F83D007A
:20360000211D206807F0DCFA012084F8460084F83E0084F83F0084F8400084F8410084F8CA
:20362000420084F8430084F8440084F8450084F83D00002010BD70477047000010B50446E5
:20364000022249B104290ED0082913D094F84100012816D0012010BD94F83E000128F9D1A6
:2036600084F83E200FE094F83F000128F2D184F83F2008E094F840000128EBD184F840207A
:2036800001E084F841200122206807F001FB16492068164A884201D0904203D1436C43F460
:2036A000004343642068884213D0B0F1804F10D00F4988420DD00F4988420AD00E4988427F
:2036C00007D0904205D00D49884202D00C49884204D1816801F00701062903D0016841F008
:2036E00001010160002010BD00000140000401400004004000080040000C0040004001409B
:203700000018004030B504460D460068002207F0BFFA194B41F2111120688A10984202D00E
:20372000164B984209D1036A0B4206D1036A134203D1436C23F4004343642068036A0B425B
:2037400006D1016A114203D1016821F00101016001203DB1042D08D0082D09D084F8410040
:20376000002030BD84F83E00FAE784F83F00F7E784F84000F4E700000000014000040140EB
:20378000704770B5044690F83C00012812D0012584F83C50022084F83D00204607F05AFB79
:2037A00001004FF0000007D084F83D5084F83C00012070BD022070BD2168CA6822F0400285
:2037C000CA602168CA6822F48042CA6084F83D5084F83C00002070BD704710B504460068C6
:2037E000406994F84110C0F3C010212911D180B12068143050E8001F21F0800140E8001274
:20380000002AF5D1A06B08B1FCF75CFB204607F0CAFB2068406994F84210C0F380102229EB
:2038200011D180B12068143050E8001F21F0400140E80012002AF5D1E06B08B1FCF742FBA2
:20384000204607F089FB002010BD10B5040015D0242084F841002068C16821F40051C160B3
:20386000204600F03FF80020606484F8410084F8420044F8300F6060207410BD012010BDD2
:2038800070B5040004D094F84100002510B106E0012070BD84F84050204600F085F8242021
:2038A00084F841002068C16821F40051C160204607F088FB2068016921F490410161206871
:2038C000416921F02A0141612068C16841F40051C1606564202084F8410084F842006563BC
:2038E000002070BD2DE9F04704462A4D0068284FDFF8A4902E1D4FF48058B8420CD12868B6
:2039000020F40020286041464846FCF7A7FDA06BFCF733FB342011E02049884210D1306822
:2039200020F010003060C0211D48FCF797FDE06BFCF723FBA06BFCF720FB2520FDF766FDF9
:203940002068B8420FD1286820F40020286041464846FCF783FDE06BFCF70FFBA06BFCF7EB
:203960000CFB34200EE00F4988420FD1306820F020003060C9144846FCF770FDA06BFCF7DB
:20398000FCFA4720BDE8F047FDF740BDBDE8F087004C004040380240000002400010014008
:2039A00000040240001401402DE9F04F87B0044614216846ECF792FF9A4920689A4E0025C7
:2039C0000F154FF0120B4FF0010A4FF040084FF00069884239D194481030016841F400213F
:2039E0000160006800F400200590306840F0010030603068694600F001000590B014CDE9B5
:203A0000000B0320CDE902A00B2004908748FCF7DFFD88488649C0F80880C0E9035745613B
:203A20008561C56105624562C0E90019FCF7AAFB08B1FBF7C1FD7F48A063012284630621AE
:203A40003420FDF701FD342050E07B4988424FD175481430016841F010010160006800F089
:203A600010000590306840F002003060306801A900F002000590C0200090022081E821045E
:203A80000720049069466D48FCF7A2FD6D486C490160C0E90195C0E9035745618561C561B6
:203AA00005624562FCF76EFB08B1FBF785FD6548E0636349846364487831C0F80880C0E9AE
:203AC000035745618561C56105624562C0E90019FCF758FB08B1FBF76FFD5B48A0630022E5
:203AE000846301212520FDF7AFFC2520FDF79FFC4C492068884251D14B480025103001689B
:203B000041F400210160006800F400200590306840F0010030603068694600F001000590B7
:203B20004FF48050CDE9000B0320CDE902A00B2004903E48FCF74CFD3D48444E30383060A6
:203B4000C6E90195C6E903577561B561F561356230467562FCF716FB08B1FBF72DFD354D96
:203B6000E663B4633248C5F80880C5E900090020C5E903076861A861E861286268622846BA
:203B8000FCF700FB08B1FBF717FDA563012205213420AC63FDF758FC34203DE02C498842CC
:203BA0003CD121481430016841F020010160006800F020000590306840F001003060306831
:203BC000694600F0010005904FF400600090CDE901B50820CDE903501448FCF7F9FC18483C
:203BE0001C4E60303060C6E903577561B561F56135624FF020607562C6E901083046FCF7A2
:203C0000C1FA08B1FBF7D8FCA663002205214720B463FDF719FC4720FDF709FC07B0BDE8D6
:203C2000F08F0000004C0040303802400000024070600240A03301200010014000040240F0
:203C40004064024000340120603401202035012000140140C03401202DE9F843044690F871
:203C60004100984616460D46202802D00220BDE8F88385B17EB100206064212084F84100D3
:203C8000FCF7A6FDA6848146E684A0682027B0F5805F02D003E00120E9E7206910B12E46FC
:203CA00000250EE000260CE08021204607F01AFAA8B9C6B116F8010B21684860E08C401EE0
:203CC000E084E08C4B464FF00002CDF800800028EAD14FF04001204607F004FA40B184F8D2
:203CE00041700320C3E735F8020BC0F30800E3E784F841700020BAE72DE9F04704468EB0C4
:203D00004FF482760025C4E90165C56005614FF40078C4E905583820C4E907054FF00A097D
:203D20006562C4E90A592046FEF772FC18B101200EB0BDE8F0872068016841F0400101605B
:203D4000AA46444DA86940F00400A8614248002342F2107102684FF0FF0C520603D40268E5
:203D600042F0400202600A4600E000BF8768BF0701D4521EF9D28268D2070AD0C2688DF86D
:203D800000208268D20702D0C2688DF800209DF8002080F80CC00A4600E000BF8768FF07C2
:203DA00001D1521EF9D28268D20700D0C2685B1C102BCFDB29A10027D1E90001CDE9020178
:203DC000A86940F48020A8610A20FCF78BFA02A800F08CFF7F1C052FA9DC0128F0D121A12E
:203DE000D1E90001CDE9040104A801F053FA0128FAD11EA0D0E90010CDE9061006A800F07E
:203E000077FC0028FAD11BA1D1E90001CDE908010AA908A801F0E4F80028F9D1C4E9016ACC
:203E2000C4F80CA0C4F810A0C4E905A8C4F81CA0C4F820A0C4F824A0C4E90AA92046FEF725
:203E4000E7FB20B92068016841F04001016000206EE700000000024000300140400000007B
:203E60000095000048000001AA8700006940000000E500007A000000000100000EB5002146
:203E80000CA20291D2E90012CDE90012B0F5800F00D90A488DF80400010E8DF80110010CB2
:203EA0008DF80210010A8DF80310684600F020FC02900EBD5700000000010000FFFF3F001C
:203EC000F0B585B0FF248DF8004042F2107248492EE00D68FF236D0603D40D6845F04005FB
:203EE0000D60164600E000BF8D68AD0702D4761E751CF8D18D68ED070AD0CD688DF8005020
:203F00008D68ED0702D0CD688DF800509DF800500B73154600E000BF8B68DB0701D16D1E4D
:203F2000F9D28B68DB0701D0CB68DBB28DF800309DF80030FE2BCCD10B684FF400775B0682
:203F400003D40B6843F040030B600023154600E000BF8E68B60705D46D1EF9D202E0CD6820
:203F60008DF810508D68ED07F9D10C73154600E000BF8E68F60701D16D1EF9D28D68ED072C
:203F800004D0CD68C5545B1CBB42DFDB19A003AF0068039008680226400603D4086840F016
:203FA000400008600023104600E000BF8D68AD0705D4401EF9D202E0C8688DF810008868FF
:203FC000C007F9D10C73154600E000BF8868C00702D16D1E681CF8D18868C00704D0C868BA
:203FE000F8545B1CB342DEDB05B00020F0BD000000300140FFFF0000F0B589B04924FF22F3
:204000008DF81C20F84A936943F480239361F74A13685B0603D4136843F04003136042F247
:2040200010731D4600E000BF9668B60701D46D1EF9D29568ED070AD0D5688DF8005095683B
:20404000ED0702D0D5688DF800509DF8005014731C4600E000BF9568ED0701D1641EF9D20B
:204060009468E40700D0D468156800246D0603D4156845F0400515601D4600E000BF9668F6
:20408000B60701D46D1EF9D29568ED070AD0D5688DF800509568ED0702D0D5688DF8005086
:2040A0009DF8005014731D4600E000BF9668F60701D16D1EF9D29568ED0700D0D5681568F4
:2040C0006D0603D4156845F0400515601D4600E000BF9668B60701D46D1EF9D29568ED0751
:2040E0000AD0D5688DF800509568ED0702D0D5688DF800509DF8005014731D4600E000BF91
:204100009668F60701D16D1EF9D29568ED0700D0D56815686D0603D4156845F0400515604B
:204120001D4600E000BF9668B60701D46D1EF9D29568ED070AD0D5688DF800509568ED07C9
:2041400002D0D5688DF800509DF8005014731D4600E000BF9668F60701D16D1EF9D29568ED
:20416000ED0700D0D56815686D0603D4156845F0400515601D4600E000BF9668B60701D479
:204180006D1EF9D29568ED070AD0D5688DF800509568ED0702D0D5688DF800509DF8005032
:2041A00014731C4600E000BF9568ED0701D1641EF9D29468E40700D0D4681468FF2564066A
:2041C00003D4146844F0400414601C4600E000BF9668B60701D4641EF9D29468E4070AD001
:2041E000D4688DF800409468E40702D0D4688DF800409DF8004015731C4600E000BF9568A9
:20420000ED0701D1641EF9D294684FF0000CE40730D0D4682EE01468FF26640603D41468B1
:2042200044F0400414601C4600E000BF9568AD0701D4641EF9D29468E4070AD0D4688DF83C
:2042400000409468E40702D0D4688DF800409DF8004016731D4600E000BF9468E40701D14B
:204260006D1EF9D29468E4070FD0D4685FFA84F48DF81C409DF81C40FF2CCCD09DF81C408B
:20428000A4B34FF0FF3009B0F0BD6446F0E71568FF246D0603D4156845F0400515601D46B9
:2042A00000E000BF9668B60701D46D1EF9D29568ED070AD0D5688DF800509568ED0702D0D9
:2042C000D5688DF800509DF8005014731C4600E000BF9568ED0701D1641EF9D29468E40768
:2042E00013D0D4685FFA84F48DF81C409DF81C40FE2CCCD100251468FF27640603D41468B1
:2043000044F0400414601C4602E06446ECE700BF9668B60701D4641EF9D29468E4070AD093
:20432000D4688DF800409468E40702D0D4688DF800409DF8004017731C461E4600E000BFFE
:204340009768FF0701D1761EF9D29668F60711D0D668F6B203AF7E556D1C102DCBDB00254F
:204360001368FF265B0603D4136843F040031360234602E06646EDE700BF9768BF0701D4DD
:204380005B1EF9D29368DB070AD0D3688DF800309368DB0702D0D3688DF800309DF80030CE
:2043A0001673234600E000BF9668F60701D15B1EF9D29368DB0700D0D3686D1C022DCFDB11
:2043C0009DF813209DF81430120442EA03229DF815301A43920202F58062C1F81021FFF751
:2043E0008BFC00204FE7000000000240003001407FB5FF228DF80820BB4A936943F4802350
:204400009361BA4C51232268520603D4226842F04002226042F210752A4600E000BFA6681F
:20442000B60701D4521EF9D2A268D2070AD0E2688DF80020A268D20702D0E2688DF800205F
:204440009DF8002023732B4600E000BFA268D20701D15B1EF9D2A268D20700D0E268236880
:20446000020E5B0603D4236843F0400323602B4600E000BFA668B60701D45B1EF9D2A36871
:20448000DB070AD0E3688DF80030A368DB0702D0E3688DF800309DF8003022732A4600E0F7
:2044A00000BFA368DB0701D1521EF9D2A268D20700D0E2682268C0F30743520603D4226806
:2044C00042F0400222602A4600E000BFA668B60701D4521EF9D2A268D2070AD0E2688DF870
:2044E0000020A268D20702D0E2688DF800209DF8002023732A4600E000BFA368DB0701D1DF
:20450000521EF9D2A268D20700D0E2682268C0F30723520603D4226842F0400222602A46DD
:2045200000E000BFA668B60701D4521EF9D2A268D2070AD0E2688DF80020A268D20702D0A0
:20454000E2688DF800209DF8002023732A4600E000BFA368DB0701D1521EF9D2A268D20735
:2045600000D0E268C2B22068400603D4206840F040002060284600E000BFA3689B0701D401
:20458000401EF9D2A068C0070AD0E0688DF80000A068C00702D0E0688DF800009DF8000079
:2045A0002273284600E000BFA268D20701D1401EF9D2A068C00700D0E068206801224006A3
:2045C00003D4206840F040002060284600E000BFA3689B0701D4401EF9D2A068C0070AD02B
:2045E000E0688DF80000A068C00702D0E0688DF800009DF800002273284600E000BFA2683F
:20460000D20701D1401EF9D2A068C0072FD0E0682DE02268FF20520603D4226842F04002CD
:2046200022602A4600E000BFA3689B0701D4521EF9D2A268D2070AD0E2688DF80020A26876
:20464000D20702D0E2688DF800209DF800202073284600E000BFA268D20701D1401EF9D28D
:20466000A068C00701D0E068C0B28DF808009DF80800FF28CDD09DF8080018B14FF0FF301E
:2046800004B070BD0846FFF71BFC8DF808002068FF21400603D4206840F0400020602846A6
:2046A00000E000BFA268920701D4401EF9D2A068C0070AD0E0688DF80000A068C00702D0A3
:2046C000E0688DF800009DF80000217300E000BFA068C00701D16D1EF9D2A068C00700D0AF
:2046E000E0689DF80800CBE70000024000300140F0B5FFA187B0D1E90053FF268DF81060CD
:20470000FD4900248A6942F480228A61FB49EFB20A68520603D40A6842F040020A6042F26F
:204720001072944600E000BFD1F808E05FEA8E7E02D4BCF1010CF6D2D1F808C05FEACC7CFE
:204740000ED0D1F80CC08DF808C0D1F808C05FEACC7C03D0D1F80CC08DF808C09DF808C065
:204760000F73174600E000BFD1F808C05FEACC7C01D17F1EF7D28F68FF0700D0CF68D1F894
:2047800000C0C5F307275FEA4C6C05D4D1F800C04CF0400CC1F800C0944600E000BFD1F8CD
:2047A00008E05FEA8E7E02D4BCF1010CF6D2D1F808C05FEACC7C0ED0D1F80CC08DF808C082
:2047C000D1F808C05FEACC7C03D0D1F80CC08DF808C09DF808C00F73174600E000BFD1F85E
:2047E00008C05FEACC7C01D17F1EF7D28F68FF0700D0CF68D1F800C0C5F307475FEA4C6C94
:2048000005D4D1F800C04CF0400CC1F800C0944600E000BFD1F808E05FEA8E7E02D4BCF133
:20482000010CF6D2D1F808C05FEACC7C0ED0D1F80CC08DF808C0D1F808C05FEACC7C03D0CC
:20484000D1F80CC08DF808C09DF808C00F73174600E000BFD1F808C05FEACC7C01D17F1E0A
:20486000F7D28F68FF0700D0CF680F682D0E7F0603D40F6847F040070F60174600E000BFFD
:20488000D1F808C05FEA8C7C01D47F1EF7D28F68FF070AD0CF688DF800708F68FF0702D029
:2048A000CF688DF800709DF800700D73154600E000BF8F68FF0701D16D1EF9D28D68ED073F
:2048C00000D0CD680F68DDB27F0603D40F6847F040070F60174600E000BFD1F808C05FEA37
:2048E0008C7C01D47F1EF7D28F68FF070AD0CF688DF800708F68FF0702D0CF688DF8007077
:204900009DF800700D73154600E000BF8F68FF0701D16D1EF9D28D68ED0700D0CD680D6890
:20492000C3F307236D0603D40D6845F040050D60154600E000BF8F68BF0701D46D1EF9D20F
:204940008D68ED070AD0CD688DF800508D68ED0702D0CD688DF800509DF800500B73134609
:2049600000E000BF8D68ED0701D15B1EF9D28B684FF0000CDB0731D0CB682FE00B68FF279D
:204980005B0603D40B6843F040030B609646134600E000BF8D68AD0701D45B1EF9D28B6802
:2049A000DB070AD0CB688DF800308B68DB0702D0CB688DF800309DF800300F7300E000BFDE
:2049C0008B68DB0702D1BEF1010EF8D28B68DB0709D0CB685FFA83F38DF810309DF810305D
:2049E000FF2B02D005E06346F6E72346641C9342C4D39DF81030FF2B09D003780C686406CA
:204A000003D40C6844F040040C60154604E04FF0FF3007B0F0BD00BF8C68A40701D46D1E98
:204A2000F9D28C68E4070AD0CC688DF800408C68E40702D0CC688DF800409DF800400B73FC
:204A4000144600E000BF8B68DB0701D1641EF9D28B68DB0700D0CB6843780C68640603D421
:204A60000C6844F040040C60144600E000BF8D68AD0701D4641EF9D28C68E4070AD0CC682D
:204A80008DF800408C68E40702D0CC688DF800409DF800400B73134600E000BF8C68E4077D
:204AA00001D15B1EF9D28B68DB0700D0CB6884780B685B0603D40B6843F040030B601346B4
:204AC00000E000BF8D68AD0701D45B1EF9D28B68DB070AD0CB688DF800308B68DB0702D037
:204AE000CB688DF800309DF800300C73144608E0770000000001000000000240003001401D
:204B000000BF8B68DB0701D1641EF9D28B68DB0700D0CB68C3780C68640603D40C6844F072
:204B200040040C60144600E000BF8D68AD0701D4641EF9D28C68E4070AD0CC688DF800404F
:204B40008C68E40702D0CC688DF800409DF800400B73144600E000BF8B68DB0701D1641E36
:204B6000F9D28B68DB0700D0CB6803790C68640603D40C6844F040040C60144600E000BF10
:204B80008D68AD0701D4641EF9D28C68E4070AD0CC688DF800408C68E40702D0CC688DF82E
:204BA00000409DF800400B73134600E000BF8C68E40701D15B1EF9D28B68DB0700D0CB689D
:204BC00043790868400603D4086840F040000860104600E000BF8C68A40701D4401EF9D2B2
:204BE0008868C0070AD0C8688DF800008868C00702D0C8688DF800009DF800000B731046C8
:204C000000E000BF8B68DB0701D1401EF9D28868C00700D0C8688DF8106000242EE00868D7
:204C2000FF23400603D4086840F040000860104600E000BF8D68AD0701D4401EF9D2886861
:204C4000C0070AD0C8688DF800008868C00702D0C8688DF800009DF800000B73134600E074
:204C600000BF8868C00701D15B1EF9D28868C00709D0C8685FFA80F08DF810009DF81000E5
:204C8000FF2802D005E06046F6E72046641C9042C5D30868FF23400603D4086840F04000D4
:204CA0000860104600E000BF8C68A40701D4401EF9D28868C0070AD0C8688DF800008868C4
:204CC000C00702D0C8688DF800009DF800000B7300E000BF8868C00701D1521EF9D2886820
:204CE000C00700D0C8689DF8100092E670B585B0FF218DF80810B84900238A6942F48022CA
:204D00008A61B64905780A68520603D40A6842F040020A6042F21072144600E000BF8E6896
:204D2000B60701D4641EF9D28C68E4070AD0CC688DF800408C68E40702D0CC688DF8004038
:204D40009DF800400D73144600E000BF8D68ED0701D1641EF9D28C68E40700D0CC6845785D
:204D60000C68640603D40C6844F040040C60144600E000BF8E68B60701D4641EF9D28C6864
:204D8000E4070AD0CC688DF800408C68E40702D0CC688DF800409DF800400D73144600E01C
:204DA00000BF8D68ED0701D1641EF9D28C68E40700D0CC6884780D686D0603D40D6845F0E4
:204DC00040050D60154600E000BF8E68B60701D46D1EF9D28D68ED070AD0CD688DF800507C
:204DE0008D68ED0702D0CD688DF800509DF800500C73154600E000BF8C68E40701D16D1E54
:204E0000F9D28C68E40700D0CC68C4780D686D0603D40D6845F040050D60154600E000BF93
:204E20008E68B60701D46D1EF9D28D68ED070AD0CD688DF800508D68ED0702D0CD688DF852
:204E400000509DF800500C73144600E000BF8D68ED0701D1641EF9D28C68E40700D0CC68BA
:204E600005790C68640603D40C6844F040040C60144600E000BF8E68B60701D4641EF9D2D9
:204E80008C68E4070AD0CC688DF800408C68E40702D0CC688DF800409DF800400D73144607
:204EA00000E000BF8D68ED0701D1641EF9D28C68E40700D0CC6844790868400603D40868AE
:204EC00040F040000860104600E000BF8D68AD0701D4401EF9D28868C0070AD0C8688DF818
:204EE00000008868C00702D0C8688DF800009DF800000C73104600E000BF8C68E40701D1BA
:204F0000401EF9D28868C0072FD0C8682DE00868FF24400603D4086840F040000860104627
:204F200000E000BF8D68AD0701D4401EF9D28868C0070AD0C8688DF800008868C00702D05C
:204F4000C8688DF800009DF800000C73104600E000BF8C68E40701D1401EF9D28868C00702
:204F600001D0C868C0B28DF808009DF80800FF2803D118465B1C9042C9D30868FF2340067E
:204F800003D4086840F040000860104600E000BF8C68A40701D4401EF9D28868C0070AD0CF
:204FA000C8688DF800008868C00702D0C8688DF800009DF800000B7300E000BF8868C00795
:204FC00001D1521EF9D28868C00700D0C8689DF8080005B070BD00000000024000300140DB
:204FE000F0B586B0FF228DF80C20A84A0026936943F480239361A64A4FF0060E13685B0603
:2050000003D4136843F040031360002542F210731C4600E000BF9768BF0705D4641EF9D28D
:2050200002E0D4688DF814409468E407F9D1445D14731C461F4600E000BFD2F808C05FEA5F
:20504000CC7C01D17F1EF7D29768FF0734D0D7688DF814706D1C7545DADB2DE01068FF27DC
:20506000400603D4106840F040001060204600E000BF9568AD0701D4401EF9D29068C00748
:205080000AD0D0688DF800009068C00702D0D0688DF800009DF800001773204600E000BF07
:2050A0009568ED0701D1401EF9D29068C00701D0D068C0B28DF80C009DF80C00FF2803D19D
:2050C0003046761CA042C9D39DF80C00FF2809D0CC781068400603D4106840F04000106078
:2050E000184604E04FF0FF3006B0F0BD00BF9568AD0701D4401EF9D29068C0070AD0D0685E
:205100008DF800009068C00702D0D0688DF800009DF800001473184600E000BF9468E407BC
:2051200001D1401EF9D29068C00700D0D0688C781068400603D4106840F04000106018465E
:2051400000E000BF9568AD0701D4401EF9D29068C0070AD0D0688DF800009068C00702D01A
:20516000D0688DF800009DF800001473184600E000BF9468E40701D1401EF9D29068C007B8
:2051800000D0D06848781468640603D4146844F0400414601C4600E000BF9568AD0701D49B
:2051A000641EF9D29468E4070AD0D4688DF800409468E40702D0D4688DF800409DF8004051
:2051C0001073184600E000BF9468E40701D1401EF9D29068C00700D0D06809781068400667
:2051E00003D4106840F040001060184600E000BF9468A40701D4401EF9D29068C0070AD045
:20520000D0688DF800009068C00702D0D0688DF800009DF800001173184600E000BF916874
:20522000C90701D1401EF9D29068C00700D0D0681068FF21400603D4106840F040001060CF
:205240001C4600E000BF9068800702D4641E601CF8D19068C0070AD0D0688DF800009068E3
:20526000C00702D0D0688DF800009DF80000117300E000BF9068C00701D15B1EF9D2906853
:20528000C00700D0D0689DF80C002DE70000024000300140F0B56BA187B009680491FF21C9
:2052A0008DF80C10684900258A6942F480228A61664A06271168490603D4116841F040015A
:2052C0001160002442F210710B4600E000BF9668B60705D45B1EF9D202E0D3688DF81830D2
:2052E0009368DB07F9D1035D13730B460E4600E000BFD2F808C05FEACC7C01D1761EF7D28B
:205300009668F60734D0D6688DF81860641CBC42DADB2DE01068FF21400603D4106840F0B6
:2053200040001060184600E000BF9468A40701D4401EF9D29068C0070AD0D0688DF80000C5
:205340009068C00702D0D0688DF800009DF800001173184600E000BF9168C90701D1401EF0
:20536000F9D29068C00701D0D068C0B28DF80C009DF80C00FF2803D128466D1C9842C9D38E
:205380009DF80C00FF280BD0106804AC0425400603D4106840F0400010600021184604E041
:2053A0004FF0FF3007B0F0BD00BF9668B60705D4401EF9D202E0D0688DF814009068C0072D
:2053C000F9D1605C10731E4600E000BF9068C00701D1761EF9D29068C00705D0D0688DF880
:2053E0001400491CA942D9DB1068FF21400603D4106840F040001060184600E000BF94688F
:20540000A40701D4401EF9D29068C0070AD0D0688DF800009068C00702D0D0688DF800003F
:205420009DF80000117300E000BF9068C00701D15B1EF9D29068C00700D0D0689DF80C0077
:20544000B0E70000FFFFFFFF0000024000300140F0B5694C85B0002323708DF80830684854
:20546000664D816941F4802181616648FD260168490603D4016841F04001016042F2107186
:205480000A4600E000BF8768BF0701D4521EF9D28268D2070AD0C2688DF800208268D20729
:2054A00002D0C2688DF800209DF8002006730A4600E000BF8668F60701D1521EF9D282684C
:2054C000D20700D0C2680668FF22760603D4066846F0400606600E4600E000BF8768BF071F
:2054E00001D4761EF9D28668F6070AD0C6688DF800608668F60702D0C6688DF800609DF83B
:20550000006002730A4600E000BF8668F60701D1521EF9D28268D20700D0C2685FF00107BB
:205520009DF80820FF2A33D06D1E31D363700A4600E000BF8668B60701D4521EF9D282688C
:20554000920701D4677021E0FF2202730A4600E000BF8668F60701D1521EF9D28268D207C5
:2055600009D0027B8DF808206278002AD8D06FF0010005B0F0BD826800926770520605D535
:20558000027B8DF800209DF8002082681A46E9E79DF80820FF2A02D04FF0FF30E9E70268BA
:2055A000FF23520603D4026842F0400202600A4600E000BF8468A40701D4521EF9D28268DA
:2055C000D2070AD0C2688DF800208268D20702D0C2688DF800209DF80020037300E000BF1B
:2055E0008268D20701D1491EF9D28168C90700D0C0680020BDE70000A203002080380100F1
:20560000000002400030014070B5C44985B000230B70FF218DF80810C1498A6942F4802240
:205620008A61C04A59251168490603D4116841F04001116042F210710C4600E000BF966858
:20564000B60701D4641EF9D29468E4070AD0D4688DF800409468E40702D0D4688DF80040EF
:205660009DF8004015730C4600E000BF9568ED0701D1641EF9D29468E40700D0D46814685D
:20568000050E640603D4146844F0400414600C4600E000BF9668B60701D4641EF9D2946884
:2056A000E4070AD0D4688DF800409468E40702D0D4688DF800409DF8004015730C4600E0DB
:2056C00000BF9568ED0701D1641EF9D29468E40700D0D4681468C0F30745640603D41468D0
:2056E00044F0400414600E4600E000BF9468A40702D4761E741CF8D19468E4070AD0D46864
:205700008DF800409468E40702D0D4688DF800409DF8004015730C4600E000BF9568ED07CB
:2057200001D1641EF9D29468E40700D0D4681468C0F30725640603D4146844F04004146053
:205740000C4600E000BF9668B60701D4641EF9D29468E4070AD0D4688DF800409468E407D2
:2057600002D0D4688DF800409DF8004015730C4600E000BF9568ED0701D1641EF9D29468FC
:20578000E40700D0D4681468C0B2640603D4146844F0400414600C4600E000BF9568AD07D9
:2057A00001D4641EF9D29468E4070AD0D4688DF800409468E40702D0D4688DF800409DF8B6
:2057C00000401073084600E000BF9468E40701D1401EF9D29068C00700D0D06810680124D3
:2057E000400603D4106840F040001060084600E000BF9568AD0701D4401EF9D29068C007D9
:205800000AD0D0688DF800009068C00702D0D0688DF800009DF800001473084600E000BF9A
:205820009468E40701D1401EF9D29068C00700D0D068002438E02046641CA4B2052803D93E
:205840006FF0010005B070BD1568FF206D0603D4156845F0400515600D4600E000BF9668C4
:20586000B60701D46D1EF9D29568ED070AD0D5688DF800509568ED0702D0D5688DF800508E
:205880009DF8005010730D4600E000BF9068C00702D16D1E681CF8D19068C0070ED0D0686F
:2058A0005FFA80F08DF808009DF80800FF28C2D09DF8080020B14FF0FF30C3E71846F1E780
:2058C0001068FF23400603D4106840F040001060084600E000BF9468A40701D4401EF9D227
:2058E0009068C0070AD0D0688DF800009068C00702D0D0688DF800009DF80000137300E009
:2059000000BF9068C00701D1491EF9D29068C00700D0D0689DF8080094E70000A203002061
:205920000000024000300140F8B504F075F804F073F804F071F80023224AE52802D01370F9
:20594000581EF8BD0025204842F21071012753700C4600E000BF8668B60701D4641EF9D231
:205960008468A40701D457701BE0FF2404730C4600E000BF8668F60701D1641EF9D2846878
:20598000E40703D0047BFF2C11D00AE0846800945770640605D5047B8DF800409DF8004030
:2059A0008468547834B113706FF00200F8BD17700020F8BD054C6D1CA542C8D313706FF017
:2059C0000100F8BDA203002000300140400D0300F0B585B0FF228DF80820FE4CA26942F458
:2059E0008022A261FC4A582613685B0603D4136843F04003136042F210731D4600E000BF6E
:205A00009768BF0701D46D1EF9D29568ED070AD0D5688DF800509568ED0702D0D5688DF834
:205A200000509DF8005016731E4600E000BF9568ED0701D1761EF9D29568ED0700D0D56885
:205A40001668050E760603D4166846F0400616601E4600E000BF9768BF0701D4761EF9D2F6
:205A60009668F6070AD0D6688DF800609668F60702D0D6688DF800609DF8006015731D465E
:205A800000E000BF9668F60701D16D1EF9D29568ED0700D0D5681668C0F30745760603D476
:205AA000166846F0400616601E4600E000BF9768BF0701D4761EF9D29668F6070AD0D66867
:205AC0008DF800609668F60702D0D6688DF800609DF8006015731D4600E000BF9668F60777
:205AE00001D16D1EF9D29568ED0700D0D5681668C0F30725760603D4166846F04006166060
:205B00001E4600E000BF9768BF0701D4761EF9D29668F6070AD0D6688DF800609668F60796
:205B200002D0D6688DF800609DF8006015731D4600E000BF9668F60701D16D1EF9D29568D1
:205B4000ED0700D0D568C5B21068400603D4106840F040001060184600E000BF9668B60728
:205B600001D4401EF9D29068C0070AD0D0688DF800009068C00702D0D0688DF800009DF8EE
:205B800000001573184600E000BF9568ED0701D1401EF9D29068C00700D0D068106801252F
:205BA000400603D4106840F040001060184600E000BF9668B60701D4401EF9D29068C007FB
:205BC0000AD0D0688DF800009068C00702D0D0688DF800009DF800001573184600E000BFC6
:205BE0009568ED0701D1401EF9D29068C00700D0D06800252F4639E028466D1CADB20528BC
:205C000003D96FF0010005B0F0BD10684FF0FF0C400603D4106840F040001060184600E071
:205C200000BF9668B60701D4401EF9D29068C0070AD0D0688DF800009068C00702D0D068CD
:205C40008DF800009DF8000082F80CC0184600E000BF9668F60701D1401EF9D29068C00732
:205C600018D0D0685FFA80F08DF808009DF80800FF28C1D09DF808504FF0FF30002DC2D13E
:205C80001668FF25760603D4166846F0400616601E4602E03846E7E700BFD2F808C05FEA73
:205CA0008C7C01D4761EF7D29668F6070AD0D6688DF800609668F60702D0D6688DF80060C2
:205CC0009DF8006015731D4600E000BF9668F60701D16D1EF9D29568ED0700D0D568A56916
:205CE00045F48025A5611568FE246D0603D4156845F0400515601D4600E000BF9668B607AE
:205D000001D46D1EF9D29568ED070AD0D5688DF800509568ED0702D0D5688DF800509DF811
:205D2000005014731C4600E000BF9568ED0701D1641EF9D29468E40700D0D46814684FF4C9
:205D4000007C640603D4146844F04004146000251C4600E000BF9668B60705D4641EF9D217
:205D600002E0D4688DF80C409468E407F9D14C5D14731C4600E000BF9668F60701D1641E03
:205D8000F9D29468E40705D0D4688DF80C406D1C6545DDDB1168FF24490603D4116841F018
:205DA00040011160194600E000BF9568AD0701D4491EF9D29168C9070AD0D1688DF800100A
:205DC0009168C90702D0D1688DF800109DF80010147303E00000024000300140194600E059
:205DE00000BF9468E40701D1491EF9D29168C90700D0D1681168FF24490603D4116841F0BB
:205E000040011160194600E000BF9568AD0701D4491EF9D29168C9070AD0D1688DF80010A9
:205E20009168C90702D0D1688DF800109DF800101473194600E000BF9468E40701D1491EAF
:205E4000F9D29168C90700D0D1681168FF24490603D4116841F040011160194600E000BF89
:205E60009568AD0701D4491EF9D29168C9070AD0D1688DF800109168C90702D0D1688DF8A0
:205E800000109DF800101473194600E000BF9468E40701D1491EF9D29168C9070CD0D168FF
:205EA0005FFA81F18DF808109DF80810E5297FF4AAAE8DF808702DE03946F3E7002803DB8B
:205EC000106840F040001060184600E000BF9468A40701D4401EF9D29068C0070AD0D068F7
:205EE0008DF800009068C00702D0D0688DF800009DF800001173184600E000BF9168C907F0
:205F000001D1401EF9D29068C00714D0D068C0B28DF808009DF808004FF0FF010028106830
:205F20004FEA4060CAD0002803DB106840F040001060184602E03846EAE700BF9468A4079B
:205F400001D4401EF9D29068C0070AD0D0688DF800009068C00702D0D0688DF800009DF80A
:205F60000000117300E000BF9068C00701D15B1EF9D29068C00700D0D068002043E6000019
:205F8000F0B5E44A85B000271770FF228DF80820E14CA26942F48022A261E04A5826136847
:205FA0005B0603D4136843F04003136042F210731D4600E000BFD2F808C05FEA8C7C01D4D4
:205FC0006D1EF7D29568ED070AD0D5688DF800509568ED0702D0D5688DF800509DF80050D6
:205FE00016731D4600E000BF9668F60701D16D1EF9D29568ED0700D0D5681568060E6D06F1
:2060000003D4156845F0400515601D4600E000BFD2F808C05FEA8C7C01D46D1EF7D2956832
:20602000ED070AD0D5688DF800509568ED0702D0D5688DF800509DF8005016731D4600E0FA
:2060400000BF9668F60701D16D1EF9D29568ED0700D0D5681668C0F30745760603D4166812
:2060600046F0400616601E4600E000BFD2F808C05FEA8C7C01D4761EF7D29668F6070AD041
:20608000D6688DF800609668F60702D0D6688DF800609DF8006015731D4600E000BF966870
:2060A000F60701D16D1EF9D29568ED0700D0D5681668C0F30725760603D4166846F0400613
:2060C00016601E4600E000BFD2F808C05FEA8C7C01D4761EF7D29668F6070AD0D6688DF89A
:2060E00000609668F60702D0D6688DF800609DF8006015731D4600E000BF9668F60701D104
:206100006D1EF9D29568ED0700D0D5681568C0B26D0603D4156845F0400515601D4600E043
:2061200000BF9668B60701D46D1EF9D29568ED070AD0D5688DF800509568ED0702D0D568DD
:206140008DF800509DF800501073184600E000BF9568ED0701D1401EF9D29068C00700D08A
:20616000D068156801206D0603D4156845F0400515601D4600E000BF9668B60701D46D1E76
:20618000F9D29568ED070AD0D5688DF800509568ED0702D0D5688DF800509DF8005010731A
:2061A000184600E000BF9568ED0701D1401EF9D29068C00700D0D068002539E028466D1CFA
:2061C000ADB2052803D96FF0010005B0F0BD10684FF0FF0C400603D4106840F0400010605E
:2061E000184600E000BF9668B60701D4401EF9D29068C0070AD0D0688DF800009068C007D4
:2062000002D0D0688DF800009DF8000082F80CC0184600E000BF9668F60701D1401EF9D221
:206220009068C0070ED0D0685FFA80F08DF808009DF80800FF28C1D09DF8080020B14FF031
:20624000FF30C2E73846F1E71568FF206D0603D4156845F0400515601D4600E000BF9668BE
:20626000B60701D46D1EF9D29568ED070AD0D5688DF800509568ED0702D0D5688DF8005084
:206280009DF800501073184600E000BF9568ED0701D1401EF9D29068C00700D0D068A069DD
:2062A00040F48020A0611068FE24400603D4106840F040001060184600E000BF9568AD074C
:2062C00001D4401EF9D29068C0070AD0D0688DF800009068C00702D0D0688DF800009DF887
:2062E0000000147300E000BF9068C00701D15B1EF9D29068C00700D0D068094801600849D9
:20630000401508390860081F016841F01001016000205AE7A2030020000002400030014073
:20632000646402402DE9F847DFF87CC181468A46DCF800005D4BC5075D496FF001004FF0C6
:20634000000442F2107223D0154600E000BF8E68B60701D46D1EF9D2DCF8005025F0010579
:20636000CCF8005000E000BFDCF80050ED07FAD10D6825F040050D604D6825F002054D60CD
:206380000D6845F040050D60DCF80050ED072AD1484DAE6946F48026AE611D789DBB0026E0
:2063A0004FF001085C70154600E000BF8F68BF0701D46D1EF9D28D68AD0702D483F801806C
:2063C0000FE0FF250D73154600E000BF8F68FF0701D16D1EF9D28D68ED0707D00D7BFF2D97
:2063E00017D05D7885B11C70BDE8F8878D68009583F801806D06F4D50D7B8DF800509DF847
:2064000000508D68EDE704E0032E0CD0761C042EC8D30868FC23400603D4086840F0400087
:206420000860104604E01C704FF0FF30DCE700BF8C68A40701D4401EF9D28868C0070AD010
:20644000C8688DF800008868C00702D0C8688DF800009DF800000B7300E000BF8868C007E0
:2064600001D1521EF9D28868C00700D0C8680E4A0C32C2F800900C4A121DC2F800A0DCF8C5
:20648000000040F01000CCF800004868800703D4486840F002004860DCF8000040F001005B
:2064A000CCF8000000209FE758640240A203002000300140000002402DE9F05F04460BA89A
:2064C0000D4690E8400C20680A9F98464168914621F0010141602868416821F00101416075
:2064E000E06C00F0D9FFE86C00F0D6FFF06A00F0D3FFE16C0968C1F80C80E16C08EB5700B9
:2065000009680861E06C0068016841F480210160E06C0068016821F400210160E16C2068C4
:2065200009680C308860E06CBB0800684360A06C0068016821F0100101602068016821F04A
:20654000400101602068416841F0010141602068016841F040010160E06C0068016841F082
:2065600001010160444908680006FCD44348826942F40022826100BF00BF022200BF521C65
:20658000322AFBDBDFF8F0C04FF44E420CF1040CCCF800200A681206FCD400BF00BF022282
:2065A00000BF521C322AFBDB826942F00802826100BF00BF022000BF401C3228FBDB086817
:2065C0000006FCD4E96C0968C1F80C90E96C09EB570009680861E86C0068016841F4802155
:2065E0000160E86C0068016821F400210160E96C286809680C308860E86C00684360A86C91
:206600000068016821F0100101602868016821F0400101602868416841F0010141602868DD
:20662000016841F040010160E86C0068016841F001010160F16A0968C1F80CA0F16A206851
:2066400009680C308860F16A4FEA5B0009684860F06A0068016821F0100101603068C1682E
:2066600041F40061C160F06A0068016841F001010160BDE8F09F00000838004000000240AE
:206680000021CA1CD206D20C20F81120491C2029F7DB70472DE9F04F04462DED0A8BADF2D0
:2066A000745D4FF00008D4E9A765D0F8B002CDF80405B4F8B402CDF800050A2004F51E74D0
:2066C000CDF80080CDF80805FBF732FACDF85005FD4807C89FEDFD0A0DF20C5383E80700F4
:2066E00004ED7C0AA069A4F51E7480077DD400279FEDF79BF3EE04AA9FEDF78BDFF8E0A3DB
:206700009FEDF8AA780007F006FD53EC192B07F0AFFD07F019FA00EE900A80EEAA0A10EE01
:20672000100A08F0F5F841EC100B05F099FF53EC182B51EC100B07F09BFD53EC182B07F0A3
:2067400035FA07F001FA00EE100A10EE100A504501DD9FEDE50AB5EEC00AF1EE10FA01D2E1
:20676000B0EE4A0A0DF5A561BCEEC00A10EE100AC8557F1C142FC5DBB4F886100822182054
:206780000129217844F620673ED0B7FBF1F1CDE900104FF0FF3CCDF810C00292CDE905C4EB
:2067A00029463046DDF80035DDF8042500F08AFE4920009005233046DDF80025DDF80415F5
:2067C00001F0B4F9D4F8900240F00400C4F89002DDF80005CDF83C050120CDF84005CDF86B
:2067E000448502200DF23C5100E0E7E2CDF84805CDF84C85DDF80405F9F7EAFE00200DF1FD
:206800001C0BCDF8540516E04FF0FF3C8DE80510B7FBF1F3CDE903C43046DDF80025DDF8E1
:20682000041500F077FFC3E7010004D0012904D0022805D103E0412002E0492000E0592074
:20684000009005233046DDF80025DDF8041501F06DF9A64948690068C26ACDF86825826A59
:20686000CDF864250268CDF860254268CDF85C25C268CDF8582500228262DDF8503544F620
:206880002060B3FBF0F04B69401E1B68D86248690068C2601746EBE10020594601EB80028A
:2068A000401C82ED00AA1428F8DB07F03F00009007233046DDF80025DDF8041501F036F9E6
:2068C0008A48002142691268116140690068016841F001010160002000908548016809062B
:2068E000FCD484498A6942F400228A6100BF00BF022200BF521C322AFBDB9DF8282542F4AC
:2069000006437B4A121D136003681B06FCD400BF00BF022300BF5B1C322BFBDB8B6943F038
:2069200008038B6100BF00BF022300BF5B1C322BFBDB3368DB68ADF804302B68DB68ADF822
:20694000043003681B06FCD48B6943F400238B6100BF00BF022300BF5B1C322BFBDBFB0660
:20696000634ADB0C121D9A46136002681206FCD400BF00BF022200BF521C322AFBDB8A69BB
:206980008E4642F008028A6100BF00BF022100BF491C3229FBDB584989460A68D207FBD080
:2069A0003168C968ADF804102968C968ADF8041000224E49496909680B69DB07F9D00023BB
:2069C0000B6101680906FCD4DEF81830714643F40023CEF8183000BF00BF022300BF5B1CED
:2069E000322BFBDB531C4FF0140C93FBFCF80CFB183C0DF5A56313F80C30DFF8F4C043F4A6
:206A000006430CF1040CCCF8003003681B06FCD400BF00BF022300BF5B1C322BFBDB8B69D0
:206A200043F008038B6100BF00BF022300BF5B1C322BFBDB3368DB68ADF814302B68DB6883
:206A4000ADF8143003681B06FCD48B6943F400238B6100BF00BF022300BF5B1C322BFBDBAB
:206A6000CCF800A003681B06FCD400BF00BF022300BF5B1C322BFBDB8B6943F008038B612C
:206A800000BF00BF022100BF491C3229FBDB49460B68DB07FCD03168C968ADF80C10296834
:206AA000C968ADF810101F2F28DDBDF80C104FF6FF7303EA4101ADF80C100BEB8201BDF8E7
:206AC0000C30D1ED000A1FE0F001040800007A4344174154FB210940000000000000604004
:206AE00000007F430000000000007F43C0A500200838004000000240083401400BEB8201D5
:206B0000BDF81030D1ED000A1BB200EE103A521C142AB8EEC00A30EE800A81ED000AFFF682
:206B200048AF0099DDF80825491C00919142FFF6D5AE0798804607F0EBFE41EC190B404666
:206B400007F0E6FE41EC180B4FF000080BEB8809D9F8000007F0DCFE53EC192B07F086FC9E
:206B600005D2D9F8000007F0D3FE41EC190BD9F8000007F0CDFE53EC182B07F03DFB05D239
:206B8000D9F8000007F0C4FE41EC180BDDF8080508F101088045D9DB07F0BDFA8A4680467A
:206BA0004AEC1B0BDDF854150DF20C5000EB8109D9F8000007F0ACFE41EC1C0B53EC182B23
:206BC00051EC190B07F0BAFD53EC1C2B07F0AAF89FED7C9B53EC192B07F04AFB9FED7BCB53
:206BE00053EC1C2B07F044FB53EC1B2B07F09AF806F0AAFF00900DF5A46306AA142107A8FF
:206C000004F06AFBD9ED000A9DED061A4AEC188B81EE200A10EE100A07F07AFE53EC192B25
:206C200007F026FB53EC1C2B07F022FB53EC182B07F078F806F088FF0146069007EB470026
:206C400020AA02EB8003DDF8542543F82210E0A901EB4001DDF85405BDF8202521F8102018
:206C60005C4840690068016821F0010101607F1C2078B8423FF710AE5648DDF868154269C6
:206C80001268D1624269DDF86415126891624269DDF86015126811604269DDF85C15126896
:206CA00051604069DDF858150068C160DDF85405401CCDF854050328FFF6B6AD002210460C
:206CC0003BE000BF00EB400120AB03EB8103DFF808C193ED000A10EE107A674556DA93ED63
:206CE000010ADFF8F8C010EE107A67450ADA93ED020A04EB800383ED440AE0AB03EB41016B
:206D0000898807E004EB800383ED440AE0AB03EB4101498804EB4003A3F8101204EB800160
:206D2000D4ED220A91ED440AB4EEE00AF1EE10FA00D2521CC4F88C20401C21788142C1DC28
:206D4000B4F8860001284FF0FF30014626D004AA82E81300A288E18860888DE8070029469C
:206D60003046DDF80035DDF8042500F0ABFB00BFD4F8900220F00400C4F8900200200090D0
:206D80000DF2745DBDEC0A8BBDE8F08F04EB800383ED440AE0AB33F81110BBE702AA82E802
:206DA0001300A188E088CDE9000163883046DDF80025DDF8041500F0ADFCD9E74FF0FF3068
:206DC000DDE70000E72AAB23262C8A3EFCA9F1D24D62503FC0A5002000007A440000C84203
:206DE0002DE9F74F04462DED0A8BBAB04FF0000AD4E9A765D0F8B0020890B4F8B4020790B7
:206E0000052004F51E74CDF800A00C90FAF790FE8146FE482DAB07C883E8070002209FED6E
:206E2000FC0A0D9004ED7C0AA069A4F51E7480077ED400279FEDF79BF3EE04AA9FEDF78B49
:206E4000DFF8E0B39FEDF8AA780007F064F953EC192B07F00DFA06F077FE00EE900A80EEEC
:206E6000AA0A10EE100A07F053FD41EC100B05F0F7FB53EC182B51EC100B07F0F9F953ECCE
:206E8000182B06F093FE06F05FFE00EE100A10EE100A584501DD9FEDE50AB5EEC00AF1EE73
:206EA00010FA01D2B0EE4A0A23A9BCEEC00A10EE100AC8557F1C142FC6DBB4F886100822A3
:206EC0001820237844F62068012951D0B8FBF3F1CDE900104FF0FF3704970292CDE90574A2
:206EE000DDE907322946304600F0ECFA49200090DDE907210523304600F018FED4F89002EF
:206F000040F00400C4F890020798289001200027CDE929070220CDE92B0728A90898F9F7FF
:206F200057FB59200090DDE907210523304600E04FE200F0FBFDBE4948690068C26A309263
:206F4000826A06920268059242680492C26803928762B9FBF8F04A69401E1268D0624869BA
:206F60000068C760B946DFF8CCA20DF13C0BE5E14FF0FF31CDE90002B8FBF3F3CDE90211AA
:206F80000494DDE90721304600F0C4FBAEE700204FEA0B0101EB8002401C82ED00AA14282D
:206FA000F8DB4598072300F03F000090DDE90721304600F0BBFD9E4900204A691268106187
:206FC00048690068016841F00101016000200090994801680906FCD498498A6942F4002296
:206FE0008A6100BF00BF022200BF521C322AFBDB9DF88C2042F406438F4A121D13600368FF
:207000001B06FCD400BF00BF022300BF5B1C322BFBDB8B6943F008038B6100BF00BF0223B2
:2070200000BF5B1C322BFBDB3368DB68ADF804302B68DB68ADF8043003681B06FCD48B6931
:2070400043F400238B6100BF00BF022300BF5B1C322BFBDB784A4FEAC963121D4FEAD34834
:20706000C2F8008002681206FCD400BF00BF022200BF521C322AFBDB8A698E4642F0080280
:207080008A6100BF00BF022100BF491C3229FBDB51460A68D207FCD03168C968ADF80410DE
:2070A0002968C968ADF8041000226149496909680B69DB07F9D000230B6101680906FCD470
:2070C000DEF81830714643F40023CEF8183000BF00BF022300BF5B1C322BFBDB531C1427BD
:2070E00093FBF7FC07FB1C3723ABDB5D43F40647514B1B1D1F6007683F06FCD400BF00BFDB
:20710000022700BF7F1C322FFBDB8F6947F008078F6100BF00BF022700BF7F1C322FFBDB4F
:207120003768FF68ADF8D0702F68FF68ADF8D07007683F06FCD48F6947F400278F6100BFF4
:2071400000BF022700BF7F1C322FFBDBC3F8008003681B06FCD400BF00BF022300BF5B1C46
:20716000322BFBDB8B6943F008038B6100BF00BF022100BF491C3229FBDB51460B68DB07DC
:20718000FCD03168C968ADF82C102968C968ADF8C810B9F11F0F0EDDBDF82C304FF6FF71B0
:2071A00001EA4301ADF82C100BEB8201BDF82C30D1ED000A05E00BEB8201BDF8C830D1EDA4
:2071C000000A1BB200EE103A521C142AB8EEC00A30EE800A81ED000AFFF667AF00990C9A1A
:2071E000491C00919142FFF6F4AE0F98074607F08FFB41EC180B384607F08AFB41EC190B1F
:207200005FF000070BEB87081AE00000FC01040800007A4344174154FB210940000000007E
:207220000000604000007F430000000000007F43C0A5002008340140083800400000024066
:20724000D8F8000007F064FB53EC182B07F00EF905D2D8F8000007F05BFB41EC180BD8F874
:20726000000007F055FB53EC192B06F0C5FF05D2D8F8000007F04CFB41EC190B0C987F1C15
:207280008742BFDB06F047FF41EC1C0B019107460D992DA800EB8108D8F8000007F038FB33
:2072A00041EC1B0B53EC192B51EC180B07F046FA53EC1B2B06F036FD9FED479B53EC192BC2
:2072C00006F0D6FF9FED46BB53EC1B2B06F0D0FF53EC1C2B06F026FD06F0F0FE469931ABCE
:2072E00002AA21F8190014210FA803F0F5FFD8ED000A9DED021A019981EE200A41EC187B75
:2073000010EE100A07F004FB53EC192B06F0B0FF53EC1B2B06F0ACFF53EC182B06F002FD9A
:2073200006F0CCFE469921F819002F4840690068016821F00101016009F1010921784945EC
:207340003FF725AE2848309942691268D162426906991268916242690599126811604269FD
:20736000049912685160406903990068C160B4F8860001281DD04FF0FF31CDE9041106945B
:20738000A288E18860888DE80700DDE907322946304600F097F800BFD4F8900220F0040062
:2073A000C4F89002002000903AB0BDEC0A8BBDE8FE8F4FF0FF31CDE902110494A188E08814
:2073C000CDE900016388DDE90721304600F0A2F9E2E74FF0FF30E6E7E72AAB23262C8A3E1F
:2073E000FCA9F1D24D62503FC0A500202DE9F843804616460F464FF4AA40ADF800000022A6
:2074000031463846F9F7DFF90120F8F76BFF4FF47A752B46022269464046FBF74FFB0020DD
:20742000ADF80000012231463846F9F7CCF90024002231463846F9F7C6F92B4602226946AC
:207440004046FBF73BFB012231463846F9F7BBF9641CE4B2092CEBD3BDE8F883002806D09B
:207460000168002903D000220A6100684262704700B585B00820009002200021CDE90101BA
:2074800003900120049069460248F9F7A1F805B000BD000000000240094A00280ED00168AC
:2074A00000290BD00B6823F001030B60006800E000BF0168C90701D0521EF9D270470000D0
:2074C000A08601002DE9FF4F8DB00025DDE91F86DDE91B97DDF868A00F98C6F8B002A6F84A
:2074E000B4320D98C6E9A7010120CDE908050220CDE90A050C469B46079307A90F98F9F7CB
:2075000067F80D9801F01FFB4FF48060C4E901504000C4E90305012060614002C4E906056A
:2075200025620A206562C4E90A502046FBF770F820B92068016841F04001016000242346E2
:207540005A460F990D9800F0F1F906EB44010881641CE4B2402CF2D3304606F0BBFA20B16C
:207560004FF0FF3011B0BDE8F08FB6F884003070A6F802A000EE10AA0024B8EE400A10EEEC
:20758000100A07F0C5F99FED5C1B53EC112B06F06FFE9FED5B1B53EC112B06F0C3FB06F014
:2075A00019FD0146584A002052F820308B4200D20446401C0928F7DBDE208DF804005248A9
:2075C00053492430504A10F824008DF805004E48483010F824008DF8060002208DF80700F8
:2075E00040208DF8080049488DF8095010F827008DF80C004548443010F827008DF80D00AD
:207600004248883010F827008DF80E003F48CC3010F827008DF80F0011F8290064318DF8D4
:207620001000643A11F8291012F8290041EA80108DF81100A6F80690B780B6F886701E9811
:207640004FEA1861030A43EA0863DCB2030CC2B2000E43EA084340EA0820DBB2C0B2012FBB
:2076600002D0042F25D110E08DF814308DF815008DF812208DF816508DF818508DF8134055
:207680008DF817508DF8195013E08DF814308DF815008DF816804FEA18208DF817004FEA59
:2076A00018408DF812208DF818008DF813408DF819101620009001AB5A460F990D9800F049
:2076C0001CFA002423465A460F990D9800F02EF906EB44010881641CE4B2402CF2D35A465D
:2076E0000F990D98FFF782FED6F8900240F00100C6F89002002035E700000000000040402A
:207700000000000000408F408401040848FF0308580004082DE9FF4F8DB04FF0000BDDE962
:207720001D54DDE91A860E98C4F8B002A4F8B4220D98C4F8A0B2C4F89C020121CDE9081BE4
:207740000221CDE90A1B99469246079207A90E98F8F73EFF0D9801F0F6F90027DDE90D01D9
:207760003B46524600F0E2F804EB470108817F1CFFB2402FF2D3204606F0ACF920B14FF0D5
:20778000FF3011B0BDE8F08FB4F884002070A4F802909FED600A00EE909A0027F8EE600A62
:2077A00020EE800A10EE100A07F0B2F89FED5A1B53EC112B06F0B6FA06F00CFC0146584A6F
:2077C000002000BF52F820308B4200D20746401C0928F7DBDE208DF80400514851492430D7
:2077E000514A10F827008DF805004D484C4B483010F827008DF8060002208DF807004020C9
:207800008DF808008DF809B011F826108DF80C1044495846443111F826108DF80D104149B2
:20782000883111F826108DF80E103E49CC3111F826108DF80F1012F8281064328DF81010C9
:20784000643B12F8282013F8281042EA81118DF81110A4F80680A680B4F886C01C990A0A8D
:207860000F0CCEB242EA0562D3B247EA0547090EFAB241EA05212F0EC9B2BCF1010F03D07C
:20788000BCF1040F23D110E08DF814208DF815108DF812608DF816008DF818008DF81330EA
:2078A0008DF817008DF8190011E08DF814208DF815108DF81650280A8DF81700280C8DF8C8
:2078C00012608DF818008DF813308DF8197016200090DDE90D0101AB524600F00EF90025C9
:2078E000DDE90D012B46524600F020F804EB450108816D1CEDB2402DF2D3DDE90D0152461F
:20790000FFF774FDD4F8900240F00100C4F89002002036E7000000420000000000408F4095
:207920008401040848FF03085800040870B543F0C0003F49020208680006FCD43D488369A5
:2079400043F40023836100BF00BF022300BF5B1C322BFBDB364B1B1D1A600C682406FCD43C
:2079600000BF00BF022400BF641C322CFBDB846944F00804846100BF00BF022400BF641CFB
:20798000322CFBDB0C682406FCD4846944F40024846100BF00BF022400BF641C322CFBDB00
:2079A0001A600C682406FCD400BF00BF022400BF641C322CFBDB846944F00804846100BFF7
:2079C00000BF022400BF641C322CFBDB1A4C2568ED07FCD0184E361D35680D682D06FCD4CE
:2079E000856945F40025856100BF00BF022500BF6D1C322DFBDB1A600A681206FCD400BFA0
:207A000000BF022100BF491C3229FBDB816941F00801816100BF00BF022000BF401C322814
:207A2000FBDB2068C007FCD03068C0B270BD000008380040000002400834014070B5044670
:207A400015460846FFF70AFD2846FFF707FD2046FFF704FD2846FBF769FBFFF709FD0122D8
:207A60000C21206803F014F901220021206803F00FF92068416C41F4004141642068016849
:207A800041F00101016070BD70B515460E460446FBF79FFB3046FBF789FB2846FBF799FB9B
:207AA0002068016821F00101016000220C21206803F0EEF800220821206803F0E9F80022E8
:207AC0001146206803F0E4F82068016A41F21112114207D1016A9210114203D1416C21F48E
:207AE000004141642046FFF7B9FC3046FFF7B6FC2846BDE87040FFF7B1BC2DE9F8431D4697
:207B00001746884681460024089E09E0285D009023463A464146484600F008F8641CE4B2A7
:207B2000B442F3D30020BDE8F883000070B503F0BF00049940F0800041EA00233E490868E0
:207B40000006FCD43D48826942F40022826100BF00BF022200BF521C322AFBDB364C241DE0
:207B600023600A681206FCD400BF00BF022200BF521C322AFBDB826942F00802826100BF5E
:207B800000BF022200BF521C322AFBDB0A681206FCD4826942F40022826100BF00BF022281
:207BA00000BF521C322AFBDB23600A681206FCD400BF00BF022200BF521C322AFBDB82699D
:207BC00042F00802826100BF00BF022200BF521C322AFBDB1A4A1568ED07FCD0184D2D1D35
:207BE0002E680E683606FCD4866946F40026866100BF00BF022600BF761C322EFBDB236087
:207C00000B681B06FCD400BF00BF022100BF491C3229FBDB816941F00801816100BF00BF86
:207C2000022000BF401C3228FBDB1068C007FCD02868C0B270BD00000838004000000240DB
:207C40000834014070B50446F2F793F80C4D286840F0004028600520F8F744FB286840F0D0
:207C60008040286004F54054B4F8AC0240F00800A4F8AC02BDE870400520F8F733BB0000FC
:207C80001808024010B504460A48016841F48041016004F54050B0F8AC1221F00801A0F8C0
:207CA000AC120520F8F71EFB2046BDE81040F1F7CCBF00001808024030B5074C00228B5C68
:207CC000002B08D0636003681D68ED432D06FBD4521CD2B2F3E730BD0010014070B500F598
:207CE0004054B4F8AC0240F40060A4F8AC02F8F76FFD0546D4F888070028FBD113E000BF11
:207D0000F8F766FD401BC8280DD9B4F8AC0240F02000A4F8AC02B4F8AC0220F40060A4F882
:207D2000AC02012070BDD4F8EC0B0028E8D0B4F8AC0220F44060A4F8AC02002070BD03F00C
:207D40006FFB00000148F8F70BBE0000242B01200148F8F762BE0000242B012038B5806BA8
:207D6000002190F83D202B4B46F2A8141B68B3FBF4F3C3EBC30303EB830300933BB15B1E9B
:207D8000009303681B689B0505D5009BF6E7036C43F020030364436B03B1D963836B03B104
:207DA000D96303681C6824F480641C604185436B03B11965836B03B1196503681C6824F057
:207DC00001041C6090F83D402023602C0BD0282434EA02020FD080F83D3080F83E1000BFBC
:207DE000F8F734FF38BD80F83D3080F83E100164F8F764FD38BD0268136843F00103136088
:207E00000268136843F480631360016380F83D40E6E70000D005002000684169C9430906A8
:207E200001D400210161704770B5044690F83D0094F83E10102901D0402906D1222804D1BC
:207E400021680A6822F400620A60282131EA00024FF000054FF0200626D0216849680905F8
:207E600005D4602803D084F83D6084F83E50256320684168090537D5416821F40061416018
:207E8000606B90F835203C49012A11D00165606BF8F761F838B32068016821F001010160E0
:207EA00084F83D60606B1CE0256384F83D10DFE7A06B0165A06BF8F74EF8A0B12068416997
:207EC000C943490605D40069616A0870606A401C60622068016821F00101016084F83D605C
:207EE000A06B016D884710E094F83D10602910D04169C943490605D40069616A0870606AB4
:207F0000401C60622046F8F7A1FE206CC1071CD115E084F83D6025644169C943490605D499
:207F20000069616A0870606A401C60622068016821F0010101602046F8F7C0FCE5E78107E3
:207F400003D4410701D4000704D52068416821F4E061416094F83D00216C49070BD528284F
:207F600009D10648E062256384F83D6084F83E502046F8F737FF70BD5D7D03080000FFFF51
:207F800001684A69D24352050FD46FF480624A61002140F8301F202242738173026942F056
:207FA000040202610173012070470020704710B5C26A438D0168042B06D0438D032B08D030
:207FC000438D022B1DD012E04A6822F480624A600CE04B6823F480634B60042A06D0022AFD
:207FE00004D001680A6822F480620A6001680969426A1170416A491C4162418D491E4185BA
:2080000010BD012A34D0102A32D0042A34D0022A32D00B6843F400730B6001680969436AB8
:208020001970416A491C4162438D5B1E438503681B690B70416A491C4162418D491E4185DB
:2080400001684B6823F440734B60202180F83D1090F83E300021402B80F83E1010D0082A2F
:2080600002D0202A00D012210163F8F7BCFE10BD0B6823F48063CFE70B6843F48063CBE7A5
:208080000163F8F7B3FE10BD38B590F83D10222910D1C36A418D03290DD901680969426A8D
:2080A0001170416A491C4162418D491E4185418D032906D038BDC26A022A02D0012906D0A2
:2080C00029B10068416821F48061416038BD2A4A46F2A81400211268B2FBF4F202EB820222
:2080E000009202682024009D6D1E009526D01568AD05F8D4156825F480651560026855687B
:2081000025F4E065556002681269456A2A70426A521C4262428D521E428580F83D4090F8DD
:208120003E2080F83E10402A21D0082B02D0202B00D012210163F8F756FE38BD036C43F02F
:2081400020030364536823F4E063536002681269436A1A70426A521C4262428D521E4285ED
:2081600080F83D4080F83E10F8F770FD38BD0163F8F73CFE38BD0000D005002010B5C26A8B
:2081800090F83D1021290BD1418D51B1416A026809781161416A491C4162418D491E41855E
:2081A00010BD20230021082A13D0202A11D012F5803F0ED00268546824F4E0645460112241
:2081C000026380F83E1080F83D3000BFF8F70CFE10BD0268546824F4E064546002681468EE
:2081E00044F400741460016380F83D3090F83E2080F83E10402AE9D1F8F70CFE10BD000080
:2082000010B590F83D1090F83E30C26A048DB4B1212903D0402B11D122290FD1418DE1B3B5
:2082200090F83E10402942D0416A026809781161416A491C4162418D491E418510BD212920
:20824000E8D120230021082A13D0202A11D012F5803F0ED00268546824F4E06454601122B4
:20826000026380F83E1080F83D3000BFF8F7BCFD10BD0268546824F4E0645460026814689E
:2082800044F400741460016380F83D3090F83E2080F83E10402AE9D100E002E0F8F7BAFD3D
:2082A00010BD0068416821F48061416010BDBDE8104000F0D3B8000078B590F83E50C26A9D
:2082C000036B90F83D6000240168222E7AD1066D0EB9402D76D0056D1DB90569B5F5404F07
:2082E00009D0458D05B3468D384D012E0ED0438D022B3AD05DE04A698A6900920A6842F492
:2083000080720A60016D491C016578BDAA4213D10A6822F480620A6001684A68120503D5E5
:208320000A6822F4806216E04A698A6900920A6842F400720A6039E0082A10D0202A0ED0CE
:20834000122B0AD0042A03D0022A01D0102AE7D10A6842F480620A6024E0012AE0D00A68D1
:2083600022F480620A600168DEE7042A21D0022A1FD0102A1DD00B6823F480630B600168CB
:208380000B6843F400630B6001684B681B0509D5AA4212D0012A10D0082A0ED0102A0CD04C
:2083A000202A0AD001684A6989690091046578BD08E00B6843F48063E5E74A6842F4805261
:2083C0004A60EFE7486988690090F0E70000FFFF90F83E10402910D00169B1F5804F19D02F
:2083E000016DA9B3016D012910D1416C5FF0F10201F4407142EAD11106E0016D0029416C6D
:2084000005D0C9B241F0010100680161704701F0FE01F9E790F83D102129416C09D0C9B268
:2084200041F0010102681161416B29B1C96B49B902E001F0FE01F5E7816B0029E6D0C96BC4
:208440000029E3D00068416841F4006141607047FFE7416CF02201F44071CBE710B590F8F7
:208460003D10026D4AB1026D012A14D0026D022A16D0BDE81040FFF7CFBCC16C0129816C8C
:2084800002D0C1F3072108E00268C9B21161016D891C016510BD816CC9B20268116123E062
:2084A00022291CD0428D0AB1212920D0428D002AF0D12129EED101684A6822F4E0624A60E1
:2084C00001680A6842F400720A6000210163202280F83D2080F83E10F8F79CFC10BD016890
:2084E0000A6842F480720A60016D491CD1E7416A026809781161416A491C4162418D491EFD
:20850000418510BD2DE9F84F0446006889460B9D01689846174641F4806101602068016836
:2085200041F48071016000954FF0011B0022594620460A9B00F0FEF94FF4007A40B12068DB
:208540000068C00501D5C4F840A00320BDE8F88F216809F0FE0008612B46284920460A9A58
:2085600000F030FAF0BB20684169806900902A4620460A9900F0BCFA40B1206C04283AD1B8
:208580002068016841F40071016034E0FEB2B8F1010F09D02168380A08612A4620460A99E0
:2085A00000F0A6FA0028E8D1206806612A4620460A9900F09DFA0028DFD12068016841F45D
:2085C0008071016000950022594620460A9B00F0B1F90028B3D1216809F0FF0040F00100F0
:2085E000086100E007E02B46044920460A9A00F0E9F90028AAD00120A8E70000020001005C
:208600002DE9F843044600680D46DDE9089701689846164641F4807101604B4600224FF083
:2086200001112046009700F085F948B120680068C00502D54FF4007020640320BDE8F883BE
:20864000216805F0FE0008613B464A461549204600F0B8F988B920684169806900903A4653
:208660004946204600F044FA48B1206C042804D12068016841F4007101600120DEE7F5B2CC
:20868000B8F1010F09D02168300A08613A464946204600F02DFA0028E7D1206805610020A2
:2086A000CCE700000200010038B50C4690F83D2000212825954302680B4605D05169916956
:2086C000009180F83C3038BD556825F480655560E243540700D50121120601D5828900E070
:2086E000028B80F83C3092B2F8F7FEF838BD00002DE9F04190F83D300446C26A00212026D2
:208700001E4F00686FF48065082A01D0202A01D1282B04D0212B17D04561BDE8F081E762BE
:20872000426822F4E0624260206845612068026822F480620260216384F83D6084F83E10B4
:208740002046F8F74FFBE8E7E7622122226384F83D6084F83E10416821F4E061416020688F
:2087600045612068016821F4806101602046FFF753FB2046F8F7DFFDCFE700000000FFFF7C
:20878000F8B590F83D6004460068416821F4E06141602068002541690091016841F0010131
:2087A00001602068016821F48061016020684168090520D5474F222E48D02A2E46D0616BA4
:2087C000096849686185618D19B1216C41F004012164416821F400614160606BF7F7FEFB1F
:2087E000012808D0606B0765606BF7F7B4FB10B1606B016D8847608D08B320684169C9432A
:20880000490708D40069616A0870606A401C6062608D401E608520684169C943490608D4FF
:208820000069616A0870606A401C6062608D401E6085608D18B1206C40F004002064206CEE
:2088400000B32046BDE8F840FFF7EEBAA16B096849686185618D19B1216C41F00401216470
:20886000416821F400614160A06BF7F7B7FB0128C1D0A06B0765A06BF7F76DFB0028BAD049
:20888000A06BB6E72A2E06D12563282084F83D002046F8F74FFD94F83D10202028290DD090
:2088A000216B222901D0222E07D1256384F83D0084F83E502046F8F73DFDF8BD0649E162C7
:2088C000256384F83D0084F83E502046F8F78AFAF8BD00005D7D03080000FFFF70B516465B
:2088E0000D4604461EE02046FFF74AFB08B1012070BD681C16D0F7F76BFF801BA84200D816
:2089000085B920684069C04340070BD5002044F8300F20216173A073216941F0200121619D
:208920002073E4E720684069C0434007DBD4002070BD00002DE9F047984617460D4604463D
:20894000C1F30746DDF820902AE000BFB8F1FF3F26D0F7F73DFFA0EB0901414502D8B8F123
:20896000000F1DD12068012E16D0806925EA00000004000C12D00020B84211D1002044F81B
:20898000300F20216173A073216941F02001216120730120BDE8F0874069E7E70120EBE7D8
:2089A0002068012E0AD0806925EA00000004000C06D00020B842C9D00020EBE74069F3E720
:2089C0000120F7E72DE9F047984616460D4604464FF000094FF0200AC1F3074723E0206836
:2089E0004069C043400515D42068016841F40071016021686FF480604861C4F8309084F838
:208A00003DA084F83E90216C41F00401216484F83C9021E0701C06D0F7F7DAFEA0EB0800E3
:208A2000B04203D816B1012F1FD021E02068012F15D0806925EA00000004000C18D000BF36
:208A400044F8309F84F80DA084F80E90216941F02001216184F80C900120BDE8F08740696C
:208A600025EA00000004000CEAD12068406901E02068806925EA00000004000CAFD1ECE727
:208A80002DE9F041002590460E460446202728E04069C043C0060CD454F8301B6FF010004F
:208AA000486144F810596777A577206A2062257714E0F7F78DFEA0EB0800B04200D886B9BD
:208AC00020684069C04340060BD544F8305F6773A573206940F02000206125730120BDE8C7
:208AE000F08120684169C9434906D1D40020F6E770B516460D4604461EE02046FFF740FA24
:208B000008B1012070BD681C16D0F7F761FE801BA84200D885B920684069C04300060BD5E2
:208B2000002044F8300F20216173A073216941F0200121612073E4E720684069C04300067C
:208B4000DBD4002070BD10B504464FF48270606000204FF40061C4E9020189102061C4E9DA
:208B60000501E06120626062A0620A20E0622046F9F74EFD08B1012010BD2068016841F092
:208B800040010160002010BDF0B5354C8DB0206C10B12046F7F7E4F80025089509950A9567
:208BA000202168460B95E7F799FE012626612D484FF48037A560C4E90007257684F8205054
:208BC0003007E0624FF01060A062F002E661E06084F8305022486661F7F7E0F888BB032099
:208BE0000895CDE9096008A91D48F7F707F840BB122000903046022604210496CDE90101E4
:208C00001949CDE906158DF815508DF81400694613480395F6F712FF98B90820CDE90006C9
:208C200069460F48F6F70AFF58B9F8F771FF0F49884201D8656008E00D49884202D867605F
:208C400003E006E04FF4003060600548F7F7A6F808B1F6F7B1FC0748F4F76EFE0DB0F0BDDC
:208C6000DC2A01200020014001000F0001A24A0403449508A4B900204F4808B5026800212B
:208C800042F400120260026802F400120092026842F4800202600068484A00F480000090A4
:208CA0004748C0E90021802282609200C26052000261920042619200C0E906210422C0E908
:208CC00008120322C0E90A210163F7F75BFA08B1F6F772FC002201210C20F8F7B5FB0C208B
:208CE000F8F7A5FB002205210D20F8F7ADFB0D20F8F79DFB002204210E20F8F7A5FB0E20F3
:208D0000F8F795FB002205210F20F8F79DFB0F20F8F78DFB002205211020F8F795FB102009
:208D2000F8F785FB002201211120F8F78DFB1120F8F77DFB002205212F20F8F785FB2F20EB
:208D4000F8F775FB002202213820F8F77DFB3820F8F76DFB002201213920F8F775FB3920AC
:208D6000F8F765FB012204213A20F8F76DFB3A20F8F75DFB012211463B20F8F765FB3B208B
:208D8000F8F755FB002201214420F8F75DFB4420F8F74DFB002205214520F8F755FB4520B9
:208DA000F8F745FB002205214620F8F74DFBBDE808404620F8F73BBB3038024070640240A7
:208DC000802F01202DE9F04387B014216846E7F785FD3F480024016841F0040101600168EC
:208DE00001F004010591016841F080010160016801F080010591016841F001010160016894
:208E000001F001010591016841F0020101600068304E00F002004FF46045059000222946E5
:208E20003046F7F7D0FCDFF8B090002248F204114846F7F7C8FCDFF8A48041F204070022DF
:208E400039464046F7F7BFFC00950125CDE90154694630460394F7F7BBFB0420CDE900055F
:208E60000326CDE9025669464846F7F7B1FB4FF4C260CDE90006694602944846F7F7A8FB5F
:208E80000220CDE90006694602944046F7F7A0FB0097CDE90154694640460394F7F798FBB1
:208EA0004FF401400090CDE90154694648460394F7F78EFBE80200904FF48810CDE9010438
:208EC00069464846F7F784FB07B0BDE8F0830000303802400008024000000240000402409D
:208EE000124810B5406B40F2E24108B1884200D908464FF4AA7148430D49884200D9084679
:208F00000D490C4AC1E90020002012148860C1E9030248618861C86108620846F7F79EFE01
:208F2000002801D0F6F748FB10BD0000A4B10020801A060000540040242B0120F0B593B03A
:208F4000632010904C4D42F20F70119028680024C0F301200126022804D0474870380068B5
:208F6000800303D411A910A8F2F7B4FF14210AA8E7F7B4FC282168460F94E7F7AFFC286861
:208F800000273F4D3D492960010418D510F4407F15D03C4890F89402000603D43A480088EC
:208FA00040070CD500220AA93548F9F7CFF830B900220FA93248F9F7A7F800B901276C6007
:208FC0001098A8601198C5E903046C612C48AC61F9F7E6F8F0BB37B100220FA92848F9F79A
:208FE00031FAB8BB1BE08DF828408DF829408DF82A408DF83C608DF83D608DF83E600D9407
:209000000E948DF83F4000220AA91D48F9F766FA00BB00220FA91A48F9F714FA04E0002225
:209020000AA91748F2F7F0FFA0B98DF800408DF8014004944FF480708DF8024001940394A4
:2090400009900594069407948DF82060002269460B4800E00CE0F9F725F948B94FF40070F2
:209060000990002269460648F9F71CF9002801D0F6F7A2FA13B0F0BD7038024000280040EF
:20908000782B0120905C002094A1002070B5AAB0F2F79AFE002857D1F7F79AFB0546142158
:2090A00023A8E7F71BFC0024224623A927482894F9F74CF8002228A92448F9F725F8342178
:2090C00016A8E7F70BFC012630041C94CDE9166016A8F8F75FFD58216846E7F7FFFB082086
:2090E00000901B4809906846F8F734FA194806601648F9F753FA15491748C1E900046320C9
:20910000886042F20F70C1E903044C6108468C61F9F746F808B1F6F74FFAF7F759FB411B60
:2091200023A8F2F7B7FC002223A90848F2F76CFF08B1F6F741FA002228A90448F9F782F9AB
:20914000002801D0F6F738FA2AB070BD782B0120000318003C0E474200280040F0B5ABB0D6
:209160006320239040F23F102490334800680126C0F3012002285DD030480024807808B9FA
:20918000F1F762F924A923A8F2F7A4FEF7F720FB0546142125A8E7F7A1FB002225A9284839
:2091A0002A94F8F7D3FF00222AA92548F8F7ACFF342116A8E7F792FB08271697CDE91B64A5
:2091C00016A8F8F7E7FC58216846E7F787FBB801099000976846F8F7BDF91A480660184814
:2091E000F9F7DCF916491848C1E90004239888602498C1E903044C6108468C61F8F7D0FF87
:2092000008B1F6F7D9F9F7F7E3FA411B25A8F2F741FC002225A90A48F2F7F6FE08B1F6F7F7
:20922000CBF900222AA90648F9F70CF9002801D0F6F7C2F92BB0F0BD703802409801002066
:20924000782B01203C0E4742002800400E4810B50C4901604FF48271416000218160C16044
:209260004FF400720161C0E90512C1610162416281620A21C162F9F7CBF9002801D0F6F724
:209280009BF910BD00300140982B01200F4810B50D4901604FF48271416000214FF40062A8
:2092A000C0E9021292100161C0E90512C1610162416281620A21C162F9F7AAF9002801D048
:2092C000F6F77AF910BD000000380040F02B01200E4810B50C4901604FF4827141600021E4
:2092E0008160C1604FF400720161C0E90512C1610162416281620A21C162F9F789F90028A2
:2093000001D0F6F759F910BD003C0040482C01200E4810B50C49016000214FF48062C0E99F
:2093200001125200C0E9032101224261016252024162826181620A21C162F9F769F900284D
:2093400001D0F6F739F910BD00340140A02C012030B595B000240F94109411941294139467
:209360001C2108A81494E7F7B9FA20216846E7F7B5FA254D2348C5E900044FF49670C5E9C5
:2093800002402C616C612846AC61F9F707FD80BB4FF480500F900FA92846F9F732FF40BB93
:2093A0002846FAF787F820BB202013908020149013A92846F9F77CFCD8B93220CDE908405A
:2093C0000A940B940C940D94002208A928460E94FAF746F868B900944FF40050CDE90440BB
:2093E000029401940394694628460794F9F736FC08B1F6F7E1F82868C4602868046115B0E4
:2094000030BD000000000140F82C012010B592B000240C940D940E94142107A80F94E7F766
:209420005DFA10941C2168461194E7F757FA27484FF08041C0E9001440F22B11C0E90241EC
:2094400004618461F9F7AAFCC8BB4FF480500C900CA91E48F9F7D5FE88BB1C48FAF7BEF8CE
:2094600068BB0420CDE9070407A91848FAF789F928BB202010908020119010A91348F9F759
:2094800017FCE0B96020009014200190022002900022694604940D48FAF73AF878B91E2047
:2094A000CDE90104082269460848FAF731F830B90C22694605480194FAF72AF808B1F6F74D
:2094C0007BF80248F9F7A4FF12B010BD402D012010B58EB0142107A8E7F700FA00240C949C
:2094E0001C2168460D94E7F7F9F91B481949C0E900144FF49671C0E9024104618461F9F71E
:209500004DFC18BB1448F9F7D5FFF8B90720CDE9070407A91048FAF734F9B8B92020CDE9E9
:209520000C040CA90C48F9F7C3FB78B9602000900120CDE901040394049405940C226946A2
:2095400005480694F9F7E4FF002801D0F6F734F80EB010BD00080040882D012010B588B099
:2095600014216846E7F7BAF900241348059411490694C0E900144FF49671C0E90241046113
:2095800044618461F9F70AFC78B90720CDE9000469460948FAF7F5F838B9059405A90648D5
:2095A0000694F9F785FB002801D0F6F705F808B010BD000000040140D02D012010B586B0DB
:2095C00014216846E7F78AF90D480C490024C0E90014FF21C0E9024104618461F9F7DEFB9D
:2095E00040B90720CDE9000469460548FAF7C9F8002801D0F5F7E0FF06B010BD004001401B
:20960000182E01200C4810B50A4901604FF4E1314160002181600C22C160C0E9041281612E
:209620004FF40041C161F7F711F9002801D0F5F7C3FF10BD004C0040A82E01200C4810B57C
:209640000A4901604FF496414160002181600C22C160C0E904128161C161FAF711F908B1D3
:20966000F5F7AAFF0248EEF781FD10BD00100140F02E01200B4810B5094901604FF4E1312B
:209680004160002181600C22C160C0E904128161C161F7F7DBF8002801D0F5F78DFF10BD16
:2096A00000140140382F01207047704701F0B8FEFEE770470148F8F7A1BC0000782B0120C3
:2096C000010901EB810100F00F0000EB4100C0B27047002102E00A38C0B2491C0A28FAD2A4
:2096E000090740EA116070472DE9F041044600680025C168490618D4C16841F08001C1608A
:20970000F7F766F806464FF47A78042707E000BFF7F75EF8801B404501D9677701252068E1
:20972000C068400601D4002DF2D02846BDE8F08170B5044600680025C16821F08001C1609B
:2097400020688068800606D42046F8F727FF10B1042060770125284670BD000070B50C46CA
:209760000546ECF7F3FA6C632C68E06C0068016821F001010160A06C0068016821F00101EA
:2097800001602068016821F0400101602068416821F0030141602846EBF726FFE16C37489C
:2097A0000968C860E16C206809680C308860E16C686B09684860E06C0068016821F4A26138
:2097C0000160A16C2D480968801CC860A16C206809680C308860A16C686B09684860A06C42
:2097E0000068016821F4A26101602068016821F0400101602068416841F001014160E06C2A
:209800000068016841F001010160A06C0068016841F0010101602068416841F0020141606C
:209820002068016841F040010160A06C006841680029FCD120688168090601D500BFFAE75B
:20984000016821F0400101602068416821F003014160E06C0068016821F001010160A06C68
:209860000068016821F0010101602846EBF7BCFE2068016841F04001016070BDA8030020DD
:2098800010B50446ECF762FAA06A4FF6FF71B0FBF1F2B0FBF1F301FB130101B10121114465
:2098A000B0FBF1F060630020E0622168C86C0068026822F001020260886C0068026822F019
:2098C000010202600868426822F003024260CA6CA06B1268D060CA6C606B12685060C86C06
:2098E0000068026822F484720260C86C0068026842F4826202608A6C16481268D0608A6CB2
:20990000606B12685060886C0068026822F4A36202600868426842F001024260C86C006882
:20992000026842F001020260886C0068026842F0010202600868426842F00202426020793E
:2099400040F0040020710868016841F04001016010BD0000A40300200168CA6C126813686E
:2099600023F0010313608A6C1268136823F0010313600A68536823F003035360C36A826BD5
:209980001A44CB6C1B68DA60CB6C426B1B685A60CA6C1268136823F484731360CA6C1268F8
:2099A000136843F4826313608B6C426B1B685A608A6C1268136823F4A36313600A68536814
:2099C00043F001035360CA6C1268136843F0010313608A6C1268136843F0010313600A68C1
:2099E000536843F002035360027942F0040202710868016841F04001016070470549096879
:209A000001600449091D0968416002490831096881607047107AFF1F18B51848FF23016873
:209A2000490603D4016841F04001016042F210710A4600E000BF8468A40701D4521EF9D279
:209A40008268D2070AD0C2688DF800208268D20702D0C2688DF800209DF80020037300E02B
:209A600000BF8268D20701D1491EF9D28168C90702D0C068C0B218BD002018BD0030014000
:209A8000F8B515460E460B46009204460122022100F04AF8A0B9134813490068B0FBF1F0C1
:209AA0004FF47A71484300906068B0F5827F0DD13346002280212046009500F035F870B19C
:209AC000606D40F0200060650320F8BD009830B1401E009020688068C0430006F6D5002001
:209AE000F8BD0000D005002000366E0108B5006802689368DB439B0713D4117300220068D8
:209B000005E0521C642A02DD0173FE2008BD8368DB43DB07F5D1007B8DF800009DF80000E8
:209B200008BDFF2008BD00002DE9F8431E46914688460446089DF6F74BFE401B351AF6F766
:209B400047FE074626480068C0F3CB3068430AE0701C09D0F6F73CFEC01BA8420FD275B102
:209B60000098B8B3401E00902068816838EA010033D000214945EBD10020BDE8F88320682A
:209B8000416821F0E00141606068B0F5827F0BD1A068B0F5004F02D0B0F5806F04D1206880
:209BA000016821F040010160A06AB0F5005F09D12068016821F4005101602068016841F4C3
:209BC00000510160012084F85100002084F850000320D2E7FFE70025C6E70121CAE7000092
:209BE000D005002070470000F8B5050027D00020287015480068010421D510F4407F1ED0E7
:209C000011483038016841F080510160006800F080500090F7F762FC12210C48F8F784F9C0
:209C2000064613210948F8F77FF90446F7F74AFC0748864203D1012C03D0022C01D0002064
:209C4000F8BD2C700120F8BD70380240782B0120A120E30C2DE9F14F90B0142104A8E6F72B
:209C60003DFEF6F7B5FD834600263548B146B04602683746B24642F0010202600068314C56
:209C800000F0010000904FF4C050CDE9040604A920460696F6F79CFCE1142046F6F786FD31
:209CA0000390A1142046F6F781FD04463EE000BF4FF400612348F6F779FD05464FF4805193
:209CC0002048F6F773FD012D00D150B1002703998D4200D0761CA04201D009F1010930B133
:209CE00007E07F1C4FF0010A062F10D2EFE7012D11D04FF0000800BFBAF1000F11D0082EC5
:209D00000FD309F1010101EB4101B14209D8012011B0BDE8F08F08F10108B8F10C0FF6D2CF
:209D2000EAE7044601200395F6F7DCFAF6F750FDA0EB0B0110988142BAD30020E8E70000D4
:209D40003038024000000240194808B5016841F480410160006800F48040009015480168C7
:209D600021F470410160001D016821F00F0101601148016841F4C05101600F480830016853
:209D800041F4C0510160001D016841F4C051016009494FF4C050143108600022062128200C
:209DA000F7F752FBBDE808402820F7F740BB00004438024010380140003C01402DE9FE4F23
:209DC00004004FF0FF304FF00006CDE900061F46814635465FD0002F5DD0E06B10B9EDF7E6
:209DE0009BFDE0634FF0010A84F88CA0E06BC4E91006B046A66400264FF0020B48E000BF2F
:209E000000F08EF92320F6F76DFA00F05DF80820F6F768FA28466D1CEDB2E16B00F032F97B
:209E200001AB6A467821E06B00F066F801984FF0000938B10C9969B184F88CB00098411C5E
:209E400003D101E084F88CA0E06BC4E91008C4F848801FE0E16B009A914203D984F88CB0C5
:209E60000098F2E784F88CA0C4E91010102800D31020A064701C0290B84207D206EB860055
:209E8000C14001F01F000830F6F72CFA0298C6B2BE42B5D34846BDE8FE8F08B5002805D052
:209EA0000068002802D001684068009008BD034610B50020024603E09C5C6040521CD2B2F7
:209EC0008A42F9D310BD000010B5FFF79BFBFFF7D1FB0848F6F788FC06489030F6F784FCCE
:209EE0000448FFF7DAFF0348BDE810409030FFF7D4BF0000A82E01202DE9F04F9DB00746D8
:209F0000002016908A461790189019901A901B909846914640216846E6F7E0FC0025F6F7CF
:209F200057FC06466C1EEB464BE015AA9DF8501016A800F05FF8B0B11599B94213D0A14213
:209F400000D20C4600205A4606E000BF52F820308B4208D0401CC0B2A842F7D3102D02D2A6
:209F60004BF825106D1C14A9214800F0C5F80028DBD11CE015AA9DF8501019A800F03AF8A6
:209F8000A8B11599B94212D0A14200D20C4600205A4605E052F820308B4208D0401CC0B224
:209FA000A842F7D3102D02D24BF825106D1C104814A9903000F0A0F80028DBD10120F6F79C
:209FC00091F9F6F705FC811B5145CCD3B9F1000F01D0C9F80040B8F1000F01D0C8F8005014
:209FE0001DB101201DB0BDE8F08F0020FAE70000A82E012070B5154604001ED0EDB1A07A5F
:20A0000058B1421CA2722154A07A0A2815D30020A072607A5A2810D105E0A5290DD10120FB
:20A02000A072217009E06078E12806D10721601CFFF73DFF217A884201D0002070BD6179A9
:20A04000D4F8020061F31F602860012070BD70B515460E46040014D02068002811D0002E0E
:20A060000FD0002D0DD02046F6F7D7FB14232A4631462046F9F7F0FD2046BDE87040F6F7C9
:20A08000B3BB70BD3EB5A5228DF80020E1228DF801208DF802100A0A8DF803200A0C8DF82F
:20A0A0000420090E8DF805108DF8060000208DF8070007210DF10100FFF7F9FE8DF80800F3
:20A0C0005A208DF8090000240A2269460948FFF7BEFF0A20F6F706F906480A226946903076
:20A0E000FFF7B5FF0A20F6F7FDF8641CE4B2032CEAD33EBDA82E012010B578B102686AB143
:20A1000061B1136813F00E0F02D0FFF7C6FE05E0980603D550680870012010BD002010BDA0
:20A1200030B587B014216846E6F7D8FB1D48F9F78CFB1C48F9F7D6FB1A489030F9F785FBDD
:20A1400018489030F9F7CEFB17480021026842F00102026000684FF4C05400F00100009461
:20A1600005900120CDE90101104D039169462846F6F72EFA012221462846F6F724FB022028
:20A18000F6F7B0F8002221462846F6F71CFB1920F6F7A8F8012221462846F6F714FB07B0BE
:20A1A00030BD0000A82E01203038024000000240054810B5006810B10348F5F7D1FDBDE8EA
:20A1C0001040FEF7E1BC0000DC2A0120054810B5006810B10348F9F738FBBDE81040FFF7E2
:20A1E0002DBA0000F02E0120FEF746BD00B585B04FF40060009002200021CDE90101039096
:20A200000120049069460348F6F7E2F905B0002000BD000000000240054810B5006810B1B8
:20A220000348F6F762FBBDE81040FEF759BE0000242B01200A4810B5006810B10848F8F799
:20A24000D0F90748B030006818B10548B030F8F7C8F9FFF71BF8BDE81040FFF759B80000F3
:20A26000F02B0120094810B5B0F89402022807D0FFF76EF8FFF7CAF8BDE81040FFF79EB9F7
:20A2800000F038FC0028F5D0F5F796F9F89E0020044910B50122A1F8942200F005F80020EB
:20A2A00010BD0000F89E0020094910B5074888639030F9F7CAFA05489030F9F713FB00F05B
:20A2C0005DF8FFF745F8002010BD0000A82E0120C0A50020044910B50222A1F8942200F018
:20A2E00005F8002010BD0000F89E002000B587B014216846E6F7F2FA1649154888639038B7
:20A30000F9F7A3FA12489038F9F7ECFA00F036F811480021026842F001020260006800F0C7
:20A32000010005904FF4805000900220CDE90101032003900120049069460848F6F748F972
:20A3400000F0D8FB002801D04FF0FF3007B000BD382F0120C0A50020303802400000024066
:20A36000054810B5006810B10348F8F73AF9BDE81040FEF76BBF0000982B012010B50F2049
:20A38000F7F744F84520F7F741F83420F7F73EF84720F7F73BF81648D0F8341229B1D0F8F9
:20A3A000300210B11348EFF7B2FC1348816B134881420BD1006810B11048F9F746FAFFF7D3
:20A3C00059F94720F7F733F845200DE00B489038006818B109489038F9F737FAFFF712F9D2
:20A3E0003420F7F724F80F20BDE81040F7F71FB8F89E0020F86E0020C0A50020382F0120CD
:20A4000010B5F6F799FFBDE810400420F2F77EBF30B593B034216846E6F760FA14210DA867
:20A42000E6F75CFA1B480024016841F080510160006800F0805012901748016821F440416E
:20A4400041F4804101600068012500F440401290032000904FF4803003950190EEF74AFD06
:20A46000049006946846F7F795FB50B90F20CDE90E540D90109400210DA81194F7F706FA88
:20A4800008B1F5F799F8EEF771FDEFF7DDFF13B030BD000040380240007000402DE9F04F02
:20A4A00093B00446EAF7B6FF0021012000F0A8F84E494FF002094FF0010A08684FF4804801
:20A4C0004E464FF4805720F4807008604FF44040062C61D2DFE804F003090E1419204FF0D9
:20A4E000000A0C256024564602E00F25502403E0002719E00F2570244FF004090126F7E75B
:20A500000F25A0244FF004090EE00F25F0244FF004098046032607E080460F25842408688D
:20A52000032640F48070086034216846E6F7D6F914210DA8E6F7D2F92D484FF0000B0168FD
:20A5400041F080510160006800F0805012902948016821F4404141EA0801016000684FF022
:20A56000010800F4404012904FF48030CDE900805FEA0A024FF00F0A4FF480014FF00200E1
:20A5800011D006AA804682E823000421CDE90B10CDE90949684610E00C256024B9E700BF27
:20A5A000F5F70AF80DE0CDE906810C2108916021CDE909100B900C906846F7F7EBFA00288D
:20A5C000EED1CDE90FB7CDF844B0CDE90DA831460DA8F7F75BF908B1F4F7EEFFEBF78EFFAE
:20A5E00000F090F813B0BDE8F08F0000003C02404038024000700040012100F001B8000049
:20A60000F0B5B5B00E46070004D1F1F757FC08B1EFF71AFF0EB1EAF7FDFE342116A8E6F782
:20A620005DF9142123A8E6F759F933480024016841F080510160006800F0805000902F48FB
:20A64000016821F4404141F4804101600068012500F4404000900220169029481995006BC0
:20A660001A901C9416A8F7F795FA08B1F4F7A4FF0F20CDE923044FF48050CDE925400021A3
:20A6800023A82794F7F702F908B1F4F795FF34216846E6F723F9684606950094F7F77AFAD8
:20A6A00008B1F4F789FFFFB9F1F708FCE0B1FEF755FD342128A8E6F711F9CDE9285428A8E4
:20A6C0002D95F7F767FA08B1F4F776FF58216846E6F704F908200090800109906846F6F7E2
:20A6E00039FF08B1F4F768FFEBF708FF002E01D000F008F835B0F0BD403802400070004043
:20A700009801002010B5FFF76FFD0020EAF790FEBDE810400148EDF729BD0000F02E012083
:20A7200070B5194C2068194A10F00C01184804D0184D042903D0082903D002601BE0056038
:20A7400019E01149091F0B68C3F380560B6803F03F0316B1B5FBF3F201E0B2FBF3F20B6895
:20A760000968C3F388135A43C1F30141491C4900B2FBF1F101602168074AC1F30311515C97
:20A780000268CA40026070BD083802400024F400D005002000366E0134020408024801688D
:20A7A00041F470010160704788ED00E02DE9F05FBD48016921F001010161BC480078DFF8EA
:20A7C000F092DFF8F0A2002428B1AAF80040A9F80040BDE8F09FDFF8E482B74898F840117D
:20A7E0008E018168C2683244C260C2688A4206D3C268C368B2FBF1F202FB1132C2600022E7
:20A8000000EB820505F1200353E8007F374443E8007CBCF1000FF7D12B6A8B4204D9296283
:20A82000036843F400730360521C032AE8DBA448C16C491CC164A348816BC0680D189F4894
:20A840000068E0B300239B4AB9F80060DFF87CA2108830439C4E1080A9F80040F189DFF838
:20A86000709240EA01402860308A718A002B40EA014068607ED09048002605F10802016A19
:20A880003746402924D34169806B4FF0400B46189048806B47188848D0F808C041694031C1
:20A8A000614503D3B1FBFCF808FB1C114161594610F1200050E800CFACEB010C00E005E07A
:20A8C00040E800C8B8F1000FF4D104E00123BAE7C16841610462DFF800C200201CF8001054
:20A8E000FF2906D02EB127B1202905D236F9111008E022F8104007E007EB410131F8401C41
:20A90000490009B222F81010401C0828E6D32BB1DAF80003F2F716FD28836C83DAF8F802A1
:20A92000D046A883000CE883664820268168C2682032C260C2688A4206D3C268C368B2FB13
:20A94000F1F202FB1132C2605FF0000200EB820505F1200353E8007F374443E8007CBCF14D
:20A96000000FF7D12B6A8B4206D92962036843F4007300E01DE00360521C032AE6DBD8F8B3
:20A98000DC02564B800778D54C48D0F81811090673D490F84111A9B390F8411190F8402190
:20A9A0008AB390F840010144491EB1FBF0F159B356E0DAF80003F2F7C5FC494B494993EDF1
:20A9C000000A10EE102ADFED480A4FF047479FED471A8A4202DDB0EE600A05E010EE102A8D
:20A9E000BA4201D9B0EE410ABDEEC00A10EE102A93ED010A10EE103A12B28B4205DDB0EE07
:20AA0000600A08E027E028E029E010EE101AB94201D9B0EE410A37897389BDEEC00A47EA84
:20AA20000343AB60B789338810EE101A47EA0343EB607388B68843EA06432B61B9F80230C2
:20AA40005F1CA9F8027040EA0340686190B240EA0140A86162E70121A0E70120A3E70121BD
:20AA6000D9F80420521CC9F804208A4208D30120C9F80440187003E0FFE7C9F804401C70DF
:20AA80001B490C480A8803881A430A8004800120F2F73CFCEEF72CFE00283FF49AAEBDE8DD
:20AAA000F05F0520F2F732BC0040014099010020B8010020B401002050B00020A4B10020CD
:20AAC000082900201CB100203CB00020A4B900209C05002094B0002048020020A40100205B
:20AAE000D805002000FEFF4600FEFF46000000C7B601002070B58CB014216846E5F7EEFE29
:20AB000000252448059506950795089509950A95016841F0010101600068012600F001007C
:20AB20000B904FF4805000900220CDE901050320CDE9030669461848F5F74AFD184C174812
:20AB4000C4E90005C4E90256256165612046A561F8F724F96E1E98B94FF40050CDE905054A
:20AB6000079505A920460895F8F74BFB40B92020099080200A9009A92046F8F799F810B1EE
:20AB800030460CB070BD2068C560206805610020F7E7000030380240000002400000014090
:20ABA000F82C01200148F8F79BBB0000402D012002496FF001000861704700000020004009
:20ABC000F0B50268274B284D284E294F294C4FF0804C984209D0604507D0A84205D0B04231
:20ABE00003D0B84201D0A04204D122F0700E4A6842EA0E0298421BD0604519D0A84217D05E
:20AC0000B04215D0B84213D0A04211D01A4DA8420ED01A4DA8420BD0194DA84208D0194DD4
:20AC2000A84205D0184DA84202D0184DA84203D122F44075CA682A434D6922F080022A43F0
:20AC40008D68C5620D688562984201D0A04201D109690163016841F0040101600121416183
:20AC60000260F0BD000001400004004000080040000C004000040140004001400044014061
:20AC80000048014000180040001C00400020004010B501F01F030121046A99408C430462A1
:20ACA000016A9A401143016210BD10B5846842EA032224F47F440A432243826010BD8268A3
:20ACC00022F070020A4342F00701816070470000F0B5036A026A22F0010202624268846943
:20ACE000124E24F073050C682C4323F002058B682B430D4DA84201D0B04205D123F008070B
:20AD0000CB683B4323F00403A84201D0B04205D14D6922F4407215438A692A434260846128
:20AD2000496841630362F0BD0000014000040140F0B5026A036A23F0100303624368846985
:20AD40000D6824F4E64444EA05248D6822F0200242EA05120F4D104EA84201D0B04206D13B
:20AD6000CF6822F0800242EA071222F04002A84201D0B04207D14D6923F4406343EA8503C5
:20AD80008D6943EA850343608461496881630262F0BD00000000014000040140F0B5026A43
:20ADA000036A23F4807303624368C46922F4007224F073050C68124E2C438D6842EA052240
:20ADC0000E4DA84201D0B04206D1CF6822F4006242EA072222F48062A84201D0B04207D113
:20ADE0004D6923F4405343EA05138D6943EA05134360C4614968C1630262F0BD0000014084
:20AE00000004014030B5046A026A22F4805202624268C3690D6823F4E64343EA05238D680D
:20AE200024F4005444EA0534084DA84202D0084DA84204D14D6922F4804242EA8512426027
:20AE4000C36149680164046230BD0000000001400004014070B5036800249A6822F07005A2
:20AE60004A682A4322F007050A682A439A604A6812F00F0F31D11211082A2ED2DFE802F0DA
:20AE80002E2E2E2E0B2127040B69D1E902210068FFF70BFF22E00A68052A10D00268136A80
:20AEA000156A25F00105156202689569096925F0F00545EA01119161006803620EE001208E
:20AEC00070BD0A698968006800F00AF806E00A698968006800F015F800E00124204670BD40
:20AEE00010B5036A046A24F001040462846924F0F00444EA021423F00A020A438461026245
:20AF000010BD10B5036A046A24F010040462846923F0A00324F4704444EA023243EA011126
:20AF20008261016210BD0000094810B5016821F0200101600748EEF71BFDEEF7DFFF08B124
:20AF4000F3F7BEF9BDE810400220F2F7DFB9000050B00020F86E002001680C3151E8002F04
:20AF600022F4907241E80023002BF5D10168143151E8002F22F0010241E80023002BF5D114
:20AF8000016B012909D101680C3151E8002F22F0100241E80023002BF5D1202180F84210C7
:20AFA00000210163704701680C3151E8002F22F0C00241E80023002BF5D1202180F841102C
:20AFC0007047000070B5044600680169E26821F44051114301612169A068E26908436169E1
:20AFE000114308432168CA6849F20C639A430243CA6020684169A26921F440711143416108
:20B0000034492068884208D03349884205D03349884202D03249884202D1F6F779FD01E0FA
:20B02000F6F766FDE2690023192164253226B2F5004F626828D0A0FB0101930F9200E5F7D2
:20B04000D9F90146B0FBF5F06FF01802504301EB800006EB0010B0FBF5F000F0F002B1FBB0
:20B06000F5F002EB0012B1FBF5F06FF01803584301EB800006EB0010B0FBF5F000F00F004A
:20B0800021681044886070BDA0FB010192185B41E5F7B0F90146B0FBF5F00201B1FBF5F0EB
:20B0A0006FF01803584301EB800006EBC000B0FBF5F000F0F80002EB4002B1FBF5F058438B
:20B0C00001EB800006EBC000B0FBF5F000F00700D6E7000000100140001401400018014010
:20B0E000001C01402DE9F843984617460D460446089E24E0701C22D0F5F76AFBA0EB0800BE
:20B10000B0421AD8CEB12068C168490717D5802D15D0402D13D00168C94309070FD401682C
:20B120000025406800902046FFF716FF0820606484F840500120BDE8F8830320FBE720687B
:20B14000006835EA000004D00020B842D2D00020F1E70120F9E7000010B5F7F73BFA0C48A3
:20B16000016821F0200101604FF480410948F5F71DFB0028084803D0BDE81040ECF7F4BEA5
:20B18000ECF764FEBDE810400348ECF7AFBF000050B0002000080240902C0020094810B57D
:20B1A000016821F0200101600748EEF7E1FBEEF7A5FE08B1F3F784F8BDE810400220F2F7DC
:20B1C000A5B8000050B00020F86E002041F4807141F2210240004900CB0500D5401CC303A0
:20B1E00000D55040CB03F5D580B2704700F018F970B50546EAF7BEFD686AB0F5803F01D352
:20B200004FF6FF7028632C68E06C0068016821F001010160A06C0068016821F00101016079
:20B220002068016821F0400101602068416821F0030141602846EAF7D7F9E16C2548096839
:20B24000C860E16C206809680C308860E16C286B09684860E06C0068016821F4A2610160CD
:20B26000A16CE86B0968C860A16C206809680C308860A16C286B09684860A06C0068016815
:20B2800041F482610160A06C0068016821F4807101602068016821F040010160206841681C
:20B2A00041F001014160E06C0068016841F001010160A06C0068016841F001010160206810
:20B2C000416841F0020141602068016841F04001016070BDAC0300202DE9F04106462DED83
:20B2E000048B94B000209FED2E8A9FED2E9B1D46904618800746F3EE048A6C46780002F019
:20B300000AFF53EC192B02F0B3FF02F01DFC00EE900A80EEA80A10EE100A03F0F9FA41EC1F
:20B32000100B01F09DF951EC100B02F00DFC44F827007F1C142FE1DB0021F0EE480A142294
:20B34000F0EE608A0020431893FBF2F702FB173304EB830393ED000A06EB8003401C93ED9D
:20B36000001A142841EE008AEDDBB2EE041A88EE810AB4EEC08AF1EE10FA09D24FF4B47020
:20B38000484390FBF2F088ED000AB0EE408A2880491C1429D4DB14B0BDEC048BBDE8F081C3
:20B3A0000000000044174154FB21094003B401984100009850EAC12018BF04204A0D18BFCB
:20B3C00040F0010040F2FF72B2EB515F08BF40F00200012808BF052002B070470907090EAE
:20B3E000002804DB00F1E02080F80014704700F00F0000F1E02080F8141D7047BFF34F8F32
:20B4000005480168054A01F4E06111430160BFF34F8F00BFFDE700000CED00E00400FA052D
:20B42000BFF34F8F05480168054A01F4E06111430160BFF34F8F00BFFDE700000CED00E080
:20B440000400FA050000000070B59B482DED020B2DED068B079D25F00044A04218DC97485D
:20B46000844202DC0AD1069840B19DED060BBDEC068B02B0BDE8704001F096BD002DCCBFE6
:20B480009FED8F0B9FED900BBDEC068B02B070BD8F48A04215DD8F48A042D8BF4FF0FF34D9
:20B4A00058DD9DED060B51EC100BFFF77FFF042808BF01F0ADFD9DED060BBDEC068B02B0DB
:20B4C00070BD9DED060B51EC100B01F0A3FECDE9060181489FED828BA0423CDD8248A042F4
:20B4E0001FDD00249FED82AB9DED060B53EC1A2B51EC100B02F05AFB9DED060B41EC190BC9
:20B5000053EC1A2B51EC100B02F0B2FE53EC182B03F014F953EC192B02F004FCCDE90601F9
:20B5200049E09DED060B012453EC182B51EC100B02F03CFB9DED060B41EC190B53EC182BB1
:20B5400051EC100B03F0FAF853EC192B02F0EAFBCDE906012FE06848A0421FDD02249FED48
:20B56000689B9DED060B53EC192B51EC100B02F07FFE53EC182B02F019FB9DED060B41EC93
:20B58000180B53EC192B51EC100B03F0D7F853EC182B02F0C7FBCDE906010CE09DED060B71
:20B5A000032453EC102B9FED580B51EC100B02F0B9FBCDE906019DED060B53EC102B51ECEE
:20B5C000100B02F055FE41EC180B53EC182B02F04FFE41EC190B4E480621B0EE490AF0EE1D
:20B5E000690A784401F0B4FB53EC182B51EC100B02F03EFE41EC180B4648B0EE490AF0EEC7
:20B60000690A0521784401F0A3FB53EC192B51EC100B02F02DFE41EC100B51EC180B53EC67
:20B62000102B002C0EDA02F0C1FA9DED061B53EC112B02F01DFE9DED061B53EC112B02F0C3
:20B64000A5FF35E002F0B2FA9DED061B53EC112B02F00EFE41EC100B2F48784400EBC40045
:20B6600090ED001B51EC100B53EC112B03F066F89DED061B53EC112B03F060F841EC100B55
:20B680002648784400EBC40090ED001B51EC100B53EC112B02F07AFF41EC100B002DA2BF25
:20B6A000BDEC068B02B070BD51EC100B02F040FA41EC100B01E70000000010440000F07FFA
:20B6C000182D4454FB21F93F182D4454FB21F9BF0000DC3F0000203E0000F33F00000000DD
:20B6E000000000000000F03F0000E63F0000000000000000000000400080034000000000F3
:20B70000000000000000F83F000000000000F0BF5A4D0000104D00009A4C0000524C0000BB
:20B7200070B56B4E2DED040B2DED028B82B0DDF81CC0DDE905235C422CF000411C4341EA05
:20B74000D474049D22F00040B44205D86C422C4340EAD474B4420BD99DED061B9DED040B2E
:20B7600002B0BDEC028B04B0BDE8704001F026BCACF14054A4F17F641C430BD0022404EA0E
:20B78000AC7444EAD27405439FED538B9FED542B07D015E09DED040B51EC100B01F04FFC5F
:20B7A00042E0002C11BF012C9DED040B02B0BDEC028B04BF04B070BD022C38D0032C3BD0A9
:20B7C0000B439FED491B9FED4A0B0AD0B14218D1B04209D121F0804120F0804007910590F9
:20B7E0000FE0002A15DA10E0434B7B44002C08BF93ED000B0DD0012C10D0022C17D0032C58
:20B800001AD0B0421DD1002A03DAB0EE410AF0EE610A02B0BDEC028B04B070BD93ED000BD1
:20B8200051EC100B02F084F941EC100BF1E7B0EE480AF0EE680AECE7B0EE420AF0EE620ADA
:20B84000E7E7401A00153C28C8BF8DED000B19DCBCF1000FBEBF10F13C0F9FED290B8DED87
:20B86000000B0FDB9DED060B53EC102B9DED040B51EC100B02F056FA01F0CCFC01F0DFFB07
:20B88000CDE90001002C08BF9DED000BC1D0012C10D0022C9FED1C0B53EC102B9DED000BDB
:20B8A00051EC100B0DD002F049FF53EC182B02F045FFB9E7019880F0004001909DED000B52
:20B8C000A7E702F03BFF53EC182B02F05FFEABE70000F07F00000000182D4454FB2109409A
:20B8E000182D4454FB2109C0182D4454FB21F9BF182D4454FB21F93FB24B000000000000A7
:20B900000000000000000000075C143326A6A13C10B52DED020B2DED088B9DED080B51EC61
:20B92000100B02F0D9FD41EC180B9DED080B53EC182B51EC100B02F001FF41EC190B099879
:20B940009FED2D0B10F0004F53EC102B51EC190B9FED25AB9FED26BB0DD002F04DFC0DD932
:20B9600053EC1B2B51EC190B02F080FD1BD213E041EC180B17E002F03FFC06D253EC1A2BC2
:20B9800051EC180B02F0DAFEF2E753EC1B2B51EC190B02F06BFD06D853EC1A2B51EC180BA2
:20B9A00002F004F9E4E79FED160B51EC180B53EC102B02F05BFD08D351EC180B9FED120B18
:20B9C00053EC102B02F018FC02D20120E5F707F851EC180BBDEC088B02B0BDE8104002F0E2
:20B9E00029BB000000000000000000000000F03F000000000000E03F000000000000E0BF76
:20BA00000000C0FFFFFFDF41000000000000E0C12DE9F04D2DED040B2DED0E8B96B0DDE96D
:20BA20002550279CDDF890A025F0004624F00048BAF1000F14BF0121002101EB4502FC49CA
:20BA400053184A1093422AD3002814BF0123002303EB44030B44F7498B4220D358EA000146
:20BA60009FEDF59B76D0DFF8D8B35D4503D1BAF1000F05D188E0BAF1000F08BF002100D022
:20BA8000012101EB450111F5001F08D8002814BF0121002101EB440111F5001F0BD99DED4B
:20BAA000261B9DED240B16B0BDEC0E8B04B0BDE8F04D01F083BA0027002DBCBFE1498845FA
:20BAC00021DAE1498845A8BF02271CDAC3451ADCDE4901EB2851142908DDC1F1340220FA40
:20BAE00002F101FA02F282420DD108E058B9C1F1140228FA02F101FA02F2424503D101F0B1
:20BB00000101C1F1020756EA0A0124D1002C22DA002D18BF022F01D0012F0AD00220E4F7F3
:20BB20005EFF16B0BDEC0E8B04B0BDE8F04D01F023BA0220E4F753FF01F01EFA51EC100B8C
:20BB400001F0F6FF41EC100B16B0BDEC0E8B04B0BDE8F08D18E09FEDBEAB9FEDBF8B0028EE
:20BB600071D1B848804522D105F1804010F5801008BFBAF1000F07D0B3450ADC002CA8BFB7
:20BB80009DED260BE0DA0DE0B0EE490AF0EE690ADAE7002C06DA9DED260B51EC100B01F030
:20BBA000C7FF6FE0AE48784490ED000BCCE7D8454DD1002C48DA2EB186423AD1BAF1000F8E
:20BBC00042D126E0BAF1000F13D00220E4F707FF01F00EFA8DED020B9DED240B8DED000BEE
:20BBE00010EE900A039961F31E0003909DED020BAAE78DED02AB9DED240B1AEE901A10EE54
:20BC0000900A8DED000B61F31E0003909DED020B9AE78DED028B9DED240B18EE901A10EE7A
:20BC2000900A8DED000B61F31E0003909DED020B8AE709DA9DED240B51EC190B53EC102B61
:20BC400002F070F81EE020E09DED240B7CE786421BDAB4F1804F0DD0A4F10050B0F1FF508D
:20BC600013D1002D11DB9DED240B51EC100B01F0A5FE07E09DED240B53EC102B51EC100BB0
:20BC800000F0C2BC41EC100B5EE79DED240B51EC100B01F0BFFABAF1000FCDE90E0142D15C
:20BCA0009FED710B46B3A6F1E040B0F17F600CD05E4538D1002D00DAA7B3022F0CBF012046
:20BCC0004FF0FF3002F027FADCE7002D01DD002C0DDA002D01DD002C1FDB002D16DA002C88
:20BCE00014DB012F08BF9FED620B3FF42DAFB0EE4A0AF0EE6A0A27E7022F18BF002D0CD0F3
:20BD0000012F0AD1002DFFF61FAF06E0002DB8BF002C08DA012F3FF417AFB0EE480AF0EE99
:20BD2000680A11E71BE0012000EBE57050EA070115D0791EB0EE498AF0EE698A084308BF2B
:20BD40009FED4D8B4E480025804570DD4D494E48884514DDB0420DDB002C19DB2FE001209E
:20BD6000E4F73DFE16B0BDEC0E8B04B0BDE8F04D01F02EB9B34502DC002C09DC1FE0864289
:20BD800002DA002C1BDA03E05E452BDD002C16DD0220E4F724FE01F02BF98DED020B53ECFF
:20BDA0001A2B51EC180B02F063FACDE900010399019861F31E0003909DED020BC4E602203B
:20BDC000E4F70DFE01F024F910EE901A18EE900A8DED020B8DED008B61F31E0003909DED0C
:20BDE000020BB1E69DED0E0B53EC192B51EC100B02F0A4FC9FED260BCDE9080153EC102B99
:20BE00009DED080B51EC100B02F032FA9FED221B53EC112B02F0BAFB9DED081B53EC112BFC
:20BE200002F026FA9FED1E1B53EC112B3CE08CE0FFFF1F00FFFF0F00000000000000F03FCF
:20BE40000000F03F0000F07F0000404301FCFFFF000000000000F07F000000000000000057
:20BE6000F6470000000000000000000000000080000000000000F0FF000000000000F0BF67
:20BE80000000E0410000F043FFFFEF3F00000000000000000000D03F555555555555D53F01
:20BEA000000000000000E03F02F070FB9DED080B41EC1A0B53EC102B51EC100B02F0D8F982
:20BEC00053EC1A2B02F0D4F941EC1A0B9FEDFE0B53EC102B9DED080B51EC100B02F0C8F916
:20BEE00041EC1B0B9FEDFA0B51EC1A0B53EC102B02F0BEF941EC1A0B9FEDF70B53EC102B7F
:20BF00009DED080B51EC100B02F0B2F953EC1A2B02F014FC41EC1A0B51EC1B0B53EC1A2BD0
:20BF200001F044FE0690CDE906519DED060B53EC1B2B51EC100B02F001FC53EC1A2B02F04E
:20BF400025FB41EC100B00F0A1B90020B6F5801F0EDA9FEDE30B53EC102B9DED0E0B51EC09
:20BF6000100B02F085F9CDE90E016FF034000E4600EB2650A0F2FF37C6F31300DA4940F042
:20BF80007F6646F040568842D8BF002408DDD7498142C8BF012403DC0024A6F580167F1C28
:20BFA000D348784400EBC4000F9690ED00CB9DED0E0B53EC1C2B51EC100B02F0BFFB9DED57
:20BFC0000E0B41EC1B0B53EC1C2B51EC100B01F0EDFD41EC100B51EC190B53EC102B01F028
:20BFE000A1FE41EC1D0B51EC1B0B53EC1D2B02F03FF941EC1A0BBF488DED10AB784410954A
:20C0000090ED000B4FF0005040EA660000EB84408DED080B00F5002009909DED080B53ECB3
:20C020001C2B51EC100B02F089FB9DED0E1B53EC112B02F0ABFA41EC100B53EC102B9DEDDA
:20C04000100B51EC100B02F013F99DED080B41EC1C0B53EC102B9DED100B51EC100B02F015
:20C0600007F953EC1B2B02F091FA53EC1C2B02F065FB53EC1D2B02F0FBF841EC1C0B53ECE7
:20C080001A2B51EC1A0B02F0F3F841EC1B0B9A480621B0EE4B0AF0EE6B0A784400F058FE78
:20C0A000B0EE401AF0EE601AB0EE41DAF0EE61DA53EC1B2B51EC1B0B02F0DAF853EC1D2B2B
:20C0C00002F0D6F89DED100B41EC1B0B53EC1A2B51EC100B01F06AFD53EC1C2B02F0C8F83C
:20C0E00053EC1B2B01F062FD9DED100B41EC1B0B53EC102B51EC100B02F0BAF841EC1D0BA8
:20C100009FED7FEB53EC1E2B01F050FD53EC1B2B01F04CFD0890CDE908519DED080B53EC21
:20C120001E2B51EC100B02F009FB53EC1D2B02F005FB53EC1B2B02F029FA9DED080B41EC8B
:20C140001D0B53EC102B9DED100B51EC100B02F08FF841EC1B0B53EC1A2B51EC1D0B02F099
:20C1600087F89DED080B41EC1A0B53EC102B51EC1C0B02F07DF853EC1A2B01F017FD41EC56
:20C180001A0B51EC1B0B53EC1A2B01F00FFD0C90CDE90C519DED0C0B53EC1B2B51EC100B69
:20C1A00002F0CCFA53EC1A2B02F0F0F941EC1B0B9FED550B53EC102B9DED0C0B51EC100BB6
:20C1C00002F056F841EC1A0B9FED510B51EC1B0B53EC102B02F04CF841EC1B0B9FED4E0B9A
:20C1E00053EC102B9DED0C0B51EC100B02F040F853EC1B2B01F0DAFC41EC100B48487844C2
:20C2000000EBC40090ED001B51EC100B53EC112B01F0CCFC41EC1B0B384601F07CFFCDE958
:20C22000080153EC1B2B51EC1A0B01F0BFFC41EC100B3C48784400EBC40090ED00CB51ECA6
:20C24000100B53EC1C2B01F0B1FC9DED081B53EC112B01F0ABFC0690CDE906519DED080B9F
:20C2600053EC102B9DED060B51EC100B02F066FA53EC1C2B02F062FA53EC1A2B02F05EFA5D
:20C2800053EC1B2B02F082F941EC100B9DED261B53EC102B8DED001B00959DED260B51ECFD
:20C2A000100B01F0E5FF9DED000B41EC1A0B53EC102B9DED260B51EC100B02F03FFA9DED65
:20C2C000061B53EC112B2FE0000000604715F73FFE822B654715F73F44DF5DF80BAE543E5C
:20C2E00000000000000040438E9803007AB60B00AA420000A0430000E24100000000000065
:20C300000000000000000840000000E009C7EE3FFD033ADC09C7EE3FF5015B14E02F3EBE75
:20C320006E4000002840000001F0A2FF53EC1A2B01F03CFC9DED060B41EC1A0B53EC102B41
:20C340009DED000B51EC100B01F092FFCDE90C019DED0C0B51EC1A0B53EC102B01F026FC1B
:20C36000CDE902010C46AA498C422FDB611A084318D19DED0C0B53EC102B9DED020B51EC49
:20C38000100B02F0DBF941EC1B0B9FEDA30B51EC1A0B53EC102B01F009FC53EC1B2B02F0E6
:20C3A00065F82DD20220E4F71AFB00F021FE10EE901A18EE900A8DED020B8DED008B61F3D8
:20C3C0001E0003909DED020BFFF7BEBB944A24F00041914214D39349214408437FF4EFAC1F
:20C3E0009DED0C0B53EC102B9DED020B51EC100B02F0A4F953EC1A2B02F038F87FF6DFACFE
:20C4000024F000408849894A002601EB205182422BDA481C4FF4801121FA00F02044844A63
:20C42000C0F30A517A44A1F2FF3192ED000B814A8DED080BCA4020EA0202C0F3130040F479
:20C440008010C1F1140120FA01F60992002CB8BF76429DED080B53EC102B9DED0C0B51EC89
:20C46000100B02F06BF9CDE90C019DED0C0B51EC1A0B53EC102B01F099FB9FED6F0B0890E8
:20C48000CDE9085153EC102B9DED080B51EC100B01F0EEFE41EC1B0B9FED690B53EC102B74
:20C4A0009DED080B51EC100B01F0E2FE9DED0C0B41EC1C0B53EC102B9DED080B51EC100B52
:20C4C00002F03CF953EC1A2B02F060F89FED5E1B53EC112B01F0CCFE53EC1C2B01F066FB54
:20C4E00041EC1A0B51EC1B0B53EC1A2B01F05EFBCDE902019DED020B53EC1B2B51EC100B8C
:20C5000002F01CF953EC1A2B02F040F89DED020B41EC1A0B53EC102B51EC100B01F0A8FE14
:20C52000CDE908014A489DED080B0521784400F00FFC9DED081B51EC100B53EC112B01F0BF
:20C5400097FE9DED021B53EC112B02F01FF8CDE906019DED020B53EC1A2B51EC100B01F0FA
:20C5600087FE53EC1A2B01F021FB9FED3B0B41EC1A0B53EC102B9DED060B51EC100B02F022
:20C58000DDF89DED060B41EC1B0B53EC102B9DED020B51EC100B01F06BFE53EC1B2B01F09F
:20C5A000C1FB53EC1A2B02F0C9F89DED021B53EC112B02F0C3F853EC192B01F0E7FFCDE9A9
:20C5C000020101EB065001150029C8BF039015DC9DED020B324651EC100B02F0B1FAFEF7D3
:20C5E000E5FE042808BF00F013FD32469DED020B51EC100B02F0A4FACDE902019DED020B1E
:20C6000051EC180B53EC102B01F032FEFFF73ABB0000904000000000FE822B654715973C25
:20C6200000CC904000346F3F01FCFFFF0000E03F783F0000FFFF0F0000000000432EE63F08
:20C64000396CA80C615C20BEEF39FAFE422EE63F803D000000000000000000000000004034
:20C6600010B52F499FED2C1B2DED020B84B0059820F000408842DCBF00209DED040B32DD35
:20C680002849884209D1049840B94FF00100E4F7A6F900F09DFC06B010BD05DB9DED040BB1
:20C6A00000F082FC06B010BD68469DED040B00F07BF810F0030011D0012818D09DED021B43
:20C6C0009DED000B02281AD000F08AFA51EC100B01F02EFA06B041EC100B10BD9DED021B5A
:20C6E0009DED000B012000F0AFFB06B010BD9DED021B9DED000B00F073FA06B010BD01202A
:20C7000000F0A2FB51EC100B01F012FA06B041EC100B10BD0000000000000000000000006C
:20C72000FB21E93F0000F07F00B52DED048BB0EE409AF0EE609A83B051EC190B01F032FFE2
:20C7400041EC180B18EE100A18EE901A8DED008B002818BF0120084320F00040C0F17F6069
:20C7600000F1E040C00F14D019EE101A19EE900A8DED009B002918BF0121084320F0004051
:20C78000C0F17F6000F1E040C00F04BF0120E4F726F9B0EE480A03B0F0EE680ABDEC048B20
:20C7A00000BD0000000000002DE9F14F04462DED020B2DED088B8AB09FEDE70B80ED020B16
:20C7C000139EE74826F0004585420ADC9DED120B002084ED000B0AB0BDEC088B03B0BDE8E0
:20C7E000F08FE0489FEDE0AB9FEDE1BBA84247DDE14F9FEDE39B9FEDE48B9DED120B53EC2A
:20C800001A2B51EC100B002E1CDD01F097FF41EC100BBD4208D053EC1B2B51EC100B01F0E0
:20C820008DFFC4E900010BE053EC192B51EC100B01F084FF53EC182B01F080FFC4E90001E4
:20C840000120C8E701F0B2F941EC100BBD4208D053EC1B2B51EC100B01F0A8F9C4E9000130
:20C860000BE053EC192B51EC100B01F09FF953EC182B01F09BF9C4E900014FF0FF30AAE7B5
:20C88000C348A84279DB9DED120B51EC100B00F0C1FC41EC180B9FEDC00B53EC102B01F091
:20C8A000E7FC9FEDBF1B53EC112B01F07FF901F091FB074601F02FFC41EC190B53EC1A2B90
:20C8C00001F0D6FC53EC182B01F060FE41EC180B53EC1B2B51EC190B01F0CAFCDFF8C8A296
:20C8E00041EC100B4FEA15580125FA4453EC102B51EC180B01F022FF032DC4E900013DD00F
:20C90000C1F30A5005EB4511A8EB00001139814234DA0AEB051BB0EE48AA9BED000BF0EEFF
:20C9200068AA53EC102B51EC190B01F0A1FC41EC1B0B51EC1A0B53EC1B2B01F0FFFE41EC27
:20C94000180B51EC1A0B53EC182B01F0F7FE53EC1B2B01F0F3FE9BED020B41EC1A0B53EC5D
:20C96000102B51EC190B01F083FC53EC1A2B01F0E5FE41EC100B6D1CB8E70EE0002EA8BF60
:20C980003846BFF628AF94ED000B51EC100B01F0CFF8C4E9000178421DE7C6F3130040F485
:20C9A000801EC6F30A50A0F2F530471100F01F05C5F12000DDF848B008900020069007901B
:20C9C0000520EC467949002D07EB0002794408BF51F8221009D051F8223001EB8201AB4050
:20C9E0004A68089922FA01F11943A1FB0E26A1FB0B131A449A4234BF0123002303EB060880
:20CA00000CEB8003D3E901A60E448E4234BF0121002192448A4411B1924502D903E092450F
:20CA200001D2012100E00021C3E901A641444CF82010011EA0F10100C4DC029800F1005088
:20CA4000850F0298DDE903678000DDF8148001F062FB41EC1A0B304601F074FB9FED541B1E
:20CA600053EC112B01F004FC41EC1B0B384601F069FB9FED511B53EC112B01F0F9FB41EC9F
:20CA8000180B404601F05EFB9FED4D1B53EC112B01F0EEFB41EC190B51EC180B53EC192B26
:20CAA00001F084F853EC1B2B01F080F853EC1A2B01F07CF8CDE90801002008909DED080B1E
:20CAC00053EC1A2B51EC100B01F038FE53EC1B2B01F034FE53EC182B01F030FE53EC192B87
:20CAE00001F054FD9FED381B53EC112B01F0C0FB9FED370B41EC180B53EC102B9DED080BB9
:20CB000051EC100B01F0B4FB53EC182B01F04EF89FED310B41EC180B53EC102B9DED080B35
:20CB200051EC100B01F0A4FB53EC182B01F03EF841EC100B139810F0004F06D06D4251EC60
:20CB4000100B00F0F5FF41EC100B284684ED000B41E600000000000000000000000000007D
:20CB6000FB21E93F7CD9024000004054FB21F93F3163621A61B4D03DFB21F93F000000006C
:20CB80000000601A61B4D03D7370032E8A19A33BFB2139410000000083C8C96D305FE43F9B
:20CBA000000000000000E03FBA3A0000083A0000000000000000103E000000000000103C86
:20CBC000000000000000103A182D4454FB21F93D3326A611460B113C00000054FB21F93D88
:20CBE00010B52DED040B2DED088B82B0B0EE419AF0EE619A0B9820F000449FED4BABB4F1F8
:20CC0000795F11DA9DED0A0B51EC100B01F0E2F9002801BFB0EE4A0AF0EE6A0A02B0BDEC07
:20CC2000088B04BF04B010BD9DED0A0B53EC102B51EC100B01F01CFB41EC180B3C480621A9
:20CC4000B0EE480AF0EE680A784400F081F853EC182B51EC100B01F00BFB9DED0A0B41ECD2
:20CC60001B0B53EC192B51EC100B01F001FB41EC190B53EC1B2B51EC180B01F0F9FA53EC6D
:20CC8000192B01F05BFD9FED2C0B41EC190B53EC102B51EC180B01F0EBFA41EC100B28488B
:20CCA000844210DA53EC192B51EC100B01F046FD53EC1A2B01F06AFC41EC100B02B0BDEC37
:20CCC000088B04B010BD1F48A042BCBF9FED1E1B8DED001B06DBA4F5001001900020009057
:20CCE0009DED001B51EC100B53EC112B01F026FD9DED000B41EC180B53EC102B51EC1A0BE7
:20CD000001F01CFD41EC1A0B53EC192B51EC180B01F014FD53EC1A2B01F038FC41EC100BE1
:20CD2000CCE7000000000000000000000000F03F2437000000000000000000000000E03F97
:20CD40003333D33F0000E93F000000000000D23F70B504462DED028B4D1E00EBC500B0EE53
:20CD6000408AF0EE608A90ED000B35F0060017D053EC182B51EC100B01F07AFA41EC100B00
:20CD80006D1E04EBC50090ED001B51EC100B53EC112B00F00BFF41EC100B35F00600E7D1C4
:20CDA000022D36D0042D1CD0062D1CBFBDEC028B70BD53EC182B51EC100B01F059FA94ED11
:20CDC0000A1B53EC112B00F0F1FE53EC182B01F04FFA94ED081B53EC112B00F0E7FE41ECF7
:20CDE000100B53EC182B51EC100B01F041FA94ED061B53EC112B00F0D9FE53EC182B01F0BB
:20CE000037FA94ED040B53EC102B00F0CFFE41EC100B53EC182B51EC100B01F029FA94ED63
:20CE2000021B53EC112B00F0C1FE53EC182B01F01FFA94ED001B53EC112B00F0B7FEBDECBA
:20CE4000028B41EC100B70BD31B504462DED040B2DED0A8BB0EE41BAF0EE61BA0B989DED09
:20CE60000A0B20F00040B0F1795F0DDA51EC100BFEF79CFA042808BF00F0CAF89DED0A0BC6
:20CE8000BDEC0A8B05B030BD53EC102B51EC100B01F0EEF941EC180B9DED0A0B53EC182B97
:20CEA00051EC100B01F0E4F941EC190B2C48B0EE480AF0EE680A05217844FFF749FF9FED9B
:20CEC0002ACBB0EE40AAF0EE60AA9CB353EC1C2B51EC190B01F0CCF941EC1C0B53EC1A2B29
:20CEE00051EC190B01F0C4F99FED210B41EC190B53EC102B51EC1B0B01F0BAF953EC192B16
:20CF000001F01CFC53EC182B01F0B2F953EC1B2B01F014FC53EC1C2B01F010FC9DED0A1B32
:20CF200053EC112B01F032FBBDEC0A8B05B041EC100B30BDFFE753EC1A2B51EC180B01F075
:20CF400097F953EC1C2B00F031FE53EC192B01F08FF99DED0A1B53EC112B00F027FEE3E797
:20CF6000B435000000000000495555555555C5BF000000000000E03F9FED070B10B553EC91
:20CF8000102B9FED070B51EC100B00F0CBFE41EC100B10BD00000000000000000000000092
:20CFA000000000000000F03F10B553EC102B51EC100B00F0FBFD41EC100B10BD10B553ECAA
:20CFC000112B51EC100B00F0F1FD41EC100B10BD9FED050B10B553EC102B51EC100B00F0A7
:20CFE000A1FE41EC100B10BD00000000000000009FED050B10B553EC102B51EC100B01F059
:20D0000037F941EC100B10BD00000000000000709FED050B10B553EC102B51EC100B01F037
:20D0200027F941EC100B10BD000000000000001030380A2801D2012070470020704710B5CA
:20D0400041EC100BFEF700FA51EC100B10BD002905D08A7802814968002900D00847704741
:20D060000289082A1ED2DFE802F00406090C0F1214170D4A12E00C4A38320FE00A4A7032F1
:20D080000CE0094AA83209E0074AE03206E0074A04E0064A383201E0044A703202EBC101D6
:20D0A000FFF7D5BF70470000D8030020F00400203EB5124C656BEAF741FD216BD9B1104A70
:20D0C000E16A01B110210F4B1B791B0700D50021C4F8B4510123CDE90013029221684022EF
:20D0E0008BB281B20848F0F785FDE4F7F9FBA8B2606300203EBD0022E2E70000A4B10020A0
:20D100000071020010C30020A4B900208260816302B1521E02610021C1600A4600EB8203DE
:20D1200059611962D962521C032AF7DB016041607047000030B5039D82608163521E02613B
:20D140000021C1604FEA010200EB820461612162E162521C032AF7DB01604160C0E90F35FC
:20D1600030BD00002DE9F84F050032D02648016841F080710160254E306840F00100306038
:20D180003068DFF88CA010F0010F4FF47A7B4FF47A590BD0F3F71CFB0746D6F804803C4699
:20D1A000DAF80010B1FBFBF0A8B115E0DAF80010B1FBFBF000B948460021C20807E0009284
:20D1C00000E000BF0098431E0093FAD2491CA942F5D3BDE8F88F4846A91C00FB01F90CE0E0
:20D1E000F3F7F6FAA04203D00446D6F8048004E07068A0EB08014945EBD8F3F7E9FAC01BBB
:20D20000A842EDD3E5E70000FCED00E0001000E0D005002082B0CDE9000121F0004001901F
:20D220009DED000B02B051EC100B704700290AD0B0F858218A78A0F858214968002902D0B5
:20D24000B0F858210847704710B50446B0F85801062820D2DFE800F003050E1114170E4818
:20D2600001E00D48383000EBC1012046BDE81040FFF7DCBF0848703006E00748A83003E097
:20D280000548E03000E0054800EBC1012046FFF7CDFFB4F8580110BD240000203C010020BC
:20D2A0001FB5F849F6480860F5F794F962B6F548F430016841F080710160F34800244460D2
:20D2C000016841F001010160BFF34F8FBFF36F8FF4F73AF8FDF79CF840F20110E4F716FA3E
:20D2E000EB49EA48A1F19C020860EA480027BA4642644832C0E90F2178314160B0318160D2
:20D30000A1F58471016001F5F871416248318162903941610C2181850822C2850286DE4A04
:20D320008261483AC261A2F590720262418602F5FC7141634839816301463D46D748F0F764
:20D34000BBFA4FF48170E4F7E1F9FBF73BFDFBF793FC40F20310E4F7D9F94FF48050D04966
:20D36000421000900B46CF48EAF780FBDFF838B38BF80040CB4ECD48B062CD48F0624FF498
:20D380009670306340F2DC507063F1F7CDFF8DF800406846FCF728FC4FF002094FF00108F3
:20D3A00028B19DF8000001280CD0022804D04FF49660FCF74FFC68B186F88C903464746462
:20D3C000B4640EE086F88C80F06BC6E910040125B46406E086F88C9034647464B4648BF8D6
:20D3E00000804FF48270E4F791F9FCF7ADFCAD48AA4E90F88C0002280CD086F8F082A9488F
:20D40000B0F84400A6F804033046FCF741FF00287ED108E0012786F8F092A6F804439F487F
:20D42000FCF758FFF3E7FCF753F8FBF7EFFFFCF7C5F8FCF793F89F489F4B818BC26889B23A
:20D44000039101200093CDE9010292489049D0E909239C399948E3F735FD0020014600907A
:20D46000974B984A9848E9F7FDF80023974A01219548E9F7E3F8914A002324320221924824
:20D48000E9F7DCF80023924A03218F48E9F7D6F817B19BF8000008B18EA000E08FA0D0E926
:20D4A0000010CDE900108F480160BDF8041081809DF806108171EDF733FDEDF709FD75493B
:20D4C0007648F0F7F9F9FCF7EFF8E4F717FE002207212920F3F7B8FF2920F3F7A8FF824813
:20D4E000016841F400510160804FDFF804B200BFFCF72AFC7F48F0F707FC0120E7F798FF61
:20D50000664CD4F8E00240F00400C4F8E00228E1AAE00120FDF770F8FBF736FBF3F758F96B
:20D52000B7F89412064601291AD00020022919D00021A0B3A6EB0A00B5B1B0F57A7F49D3D3
:20D54000FCF7EEFD2320F2F7CDFEFCF7BDFC0820F2F7C8FE5348C16B0020FCF793FD38E0F1
:20D560000120E3E70121E4E7B0F52F7F32D34FF0000A4C48EAF708FA18B94A48EAF781FAFC
:20D580008246D4F8E002A04620F01000C4F8E00201200090BAF1000F02D0042301E030E01C
:20D5A00002234EF6602242F6E0613E48FCF706FC78B93C4890F88C1002290CD0012188F80A
:20D5C000F012B0F84400A8F80403BAF1000F00D00125B246BFE088F8F0924FF0000AA8F884
:20D5E00004A32E48FCF776FEF0BB3E483BA10A6802608988818080F806A00120E7F718FF80
:20D60000E7E7D4F8E00221B120F01000C4F8E002A1E0C00606D5D4F8E00220F01000C4F852
:20D62000E00203E0A6EB0A00FA2827D31D48EAF7ABF918BB4FF0010803234EF6602242F645
:20D64000E0611848CDF80080FCF7B8FBB246A8B9144E96F88C0002280CD00020B7F89412EE
:20D66000022909D0002100E05DE040B184F8F092002246E00120F1E70121F4E76BE03BE0D5
:20D680000000020808ED00E0001000E000280040782B0120C0A50020602E0120A4B90020DE
:20D6A0000000024008A6002098010020E093040080841E000CF70420007102009CC20020F0
:20D6C00094B0002050B00020082900206CC300201CB1002043453634585F0000434536349E
:20D6E000535F00005002002018080240F89E0020905C002094A1002084F8F082B6F844208D
:20D7000092B2A4F80423884221D00028854807D0FCF7E0FD38B984480025AFF240010CE0FB
:20D72000FCF7B6FD08B1F1F747FF706C08B1012500E000257C48AFF264010A6802608988ED
:20D740008180002181710120E7F772FE03E010B9706C00B10125E3F745FFE8F7A3FBEFF766
:20D76000C9FED4F8E00240073FF5D3AEB7F89402012804D1BBF8AC02C00600D501256B4820
:20D78000016821F4C051016068494FF4C050143108602820F3F73AFEF0F7FCF9F0F79EF825
:20D7A000E8F7AAFCFBF7CAFBFBF77EFFE4F7A6FC41F20200E3F7AAFFEDF788FD41F20300EA
:20D7C000E3F7A4FFE8F76EFB0020E7F731FED4F8E00240F04000C4F8E002554E41F20400C1
:20D7E000E3F794FFEDF770FEEDF756F8EEF76CFD5048007920B14F48E8F7F1FAE5F70EFBC2
:20D80000EFF756FA4C48B0F85210012910D03068A8B34A48019043F698200290BBF8AC0230
:20D82000C0F300100090D4F8E002C0073AD12FE043490968B1B1B0F854204AB1016F89682F
:20D840004908006F89B2006A884219D2A2B902E04FF40061F5E701210846F3F74BFEF4F763
:20D86000B9FE0DE0D0F8DC10096A826D914207D2B0F854000028EED0F5F7E7F9EBE703E0DF
:20D88000F2F7A6FF3060A9E7F2F7A2FF306032E09BF89402400605D42A480188490703D444
:20D8A000C08C08B1012000E0002080462448406B38B91C48F0F70CF818B9009860B11F4844
:20D8C0000190B8F1000F02D0F2F782FF3060009850EA080002D00EE00298F1E7F2F778FFC7
:20D8E0003168401A0199884205D3D4F8E00240F00400C4F8E00201210846F3F7FBFDD4F85B
:20D90000E0024007BFD56420F2F7ECFC4FF00008C6F80080E8F7C6FA0248F0F7EFF8C4F8FD
:20D92000E082E5E5A4B9002050020020003C01409805002010C3002008290020C02709005E
:20D94000A4B1002094A100200EB54FF47A738DE80E0002460123D1210148F3F75DFA0EBDD4
:20D96000242B012070B5144C1D4604EB4106002A00DB3281002D0ADB082908D204EB8100D4
:20D98000856229B1EAF7DAF8B5FBF0F0308370BD2689EAF7D3F8420106B9402652B1A5FB3D
:20D9A0000601001849410023E2F724FD80B22083256070BD0020FAE7A4B1002000B52DEDD5
:20D9C000048B83B041EC190B00F0ECFD41EC180B18EE100A18EE901A8DED008B002818BF37
:20D9E0000120084320F00040C0F17F6000F1E040C00F14D019EE101A19EE900A8DED009B30
:20DA0000002918BF0121084320F00040C0F17F6000F1E040C00F04BF0120E2F7E0FF51EC00
:20DA2000180B03B0BDEC048B00BD70B50D46044600F018F85002E2611A4600231946E2F709
:20DA4000D9FC208401202074256070BD70B51E46154604463246049BFFF7E7FF022020740F
:20DA6000656070BD00210176417641617047000070EE600A10B510EE900A2DED028B1149E6
:20DA80009FED118B884208DB10EE100A00F040FF53EC182B00F052FE0CE010EE900A0C49CF
:20DAA00088420BD910EE100A00F032FF53EC182B00F07CF800F048F800EE100ABDEC028B2B
:20DAC00010BD0000DB0F4940112D4454FB211940DB0F49C01CB50BA2D2E90012CDE90012B5
:20DAE00000216A4600EB4103B3F85830545CA34202D04FF0FF301CBD491C0529F2DB0020C5
:20DB00001CBD0000494E54414E00000003B583B04FF47A73012204A98DE80E0013460246A3
:20DB2000D0210248F3F7E8FA05B000BD242B012081F00041704780F00040704721F00041DA
:20DB4000704720F00040704721F00042A2F16052B2F5801F01F0004328BFD2F17F6C0BD97C
:20DB60005FEA001C43EAC20242EB507018BF704728BF20F001007047B2F5801FBCBF184606
:20DB800070474FEA410C1CF5001F02D2084600F035BF70B500F016FC00000089FFF7F6BFB7
:20DBA0004FF00040A0F580007047000010B591EA030F48BF83F0004300F1C885841A71EBD3
:20DBC000030C05D2121943EB0C03001B61EB0C01DFF824E14FEA1154A4EB135C1EEA430FB1
:20DBE00018BF9EEA445F73D023EA0E03DCF1200E21EA045143F4801332D322FA0CFE10EB77
:20DC00000E0023FA0CFE41EB0E01CCF1200E03FA0EFE10EB0E0051F10001B1F5801FCCF152
:20DC2000200E32D201EB045112FA0EF2BDE8104058BF7047401C38BF5FEA420218BF704734
:20DC4000002814BF20F0010041F100014FEA410313F5001F38BF7047A1F1C04100F000BCF4
:20DC6000012A43EB0302ACF1200CDCF11F0E32BF4FF0000E23FA0CF310EB030041EB0451AA
:20DC8000B4EB115FD0D0A1EB045101F5801149085FEA300001EB04510ED350F1000038BF49
:20DCA00012FA0EFE08D1BDE81040C9E7401C38BF5FEA4202CAD1C3E7BDE810404FEA410337
:20DCC00013F5001F38BF7047A1F1C04100F0C8BB9EEA445F08D011EA5E0FBDE8104004BF46
:20DCE00001F0004100207047BDE8104070B500F069FB00BF64FBBE3E0000E0FF02494FF02A
:20DD0000000000F0EBBE00BF0000F87F491058BFC1F140415B1058BFC3F140438B42EFF329
:20DD2000008070472DE9C04130B4DFF8A0C23CEA111418BF3CEA131400F0EC8081EA03053A
:20DD40001CEA111444EAD57418BF1CEA131500F0C780A4EB05044FF0004545EAC12145EA89
:20DD6000C32341EA505143EA525304F17F74994204F500344FEAC0204FEAC22208BF904260
:20DD800000F09C804FEA13650FF24016765D4FEA134506FB05F7C7F1807706FB07F74FEA27
:20DDA000D737A7FB03687642C8F58038A7FB06CE38BFA8F1010807FB08E64FF0000EA6FB2E
:20DDC000028CE6FB03CEDCF1000CCEF1004E38BFAEF1010EA6FB0C584FF000074FF00005E9
:20DDE000E6FB0E87A1FB08C6A0FB07CE16EB0E0645F10005E1FB076515F1E04E7EBFA4F531
:20DE000080345FEA46066D4116F1800745F100054FEA17274FEA066647EA0567A6F1DE46CE
:20DE2000B6F1805F4FEA15251FD9384624F0010C05EBC471BCF1FE6F01EB0C1102D8F0BC84
:20DE4000BDE8008124425CBF01F5801E9EEAC47F02D4F0BCBDE80081244238D4F0BCA1F164
:20DE6000C041BDE8004100F0FBBA4FEAD22242EA43524FEAD323A7FB02864FEAD02040EA7C
:20DE8000415007FB03661EEA0E0F4FEAD12105FB026658BFA6EB0056B6EB00564FEA520E40
:20DEA0004EEAC37E18EB0E0E56EB530EBDD518EB02085E417F1C55F10005B6E74FF480158F
:20DEC0004FF000074FF000064FF00008ADE7F0BC4FF0000001F1C04101F00041BDE80081A6
:20DEE00011EA0C1F0CEA131500D00CE013EA0C1F00F025804FF00000F0BC81EA030101F01A
:20DF00000041BDE80081F0BCBDE8004181EA030100F0A6BAF0BCBDE8004170B500F052FA56
:20DF2000097EFC3E00F007B881EA03014FF0000001F00041704781EA030100F091BAF0BC84
:20DF4000BDE800414FF0000021497047FFFDFBF9F7F5F4F2F0EEEDEBE9E8E6E4E3E1E0DEE6
:20DF6000DDDBDAD8D7D5D4D3D1D0CFCDCCCBCAC8C7C6C5C4C2C1C0BFBEBDBCBBBAB9B8B792
:20DF8000B6B5B4B3B2B1B0AFAEADACABAAA9A8A8A7A6A5A4A3A3A2A1A09F9F9E9D9C9C9B8D
:20DFA0009A9999989797969595949393929191908F8F8E8E8D8C8C8B8B8A89898888878762
:20DFC0008685858484838382828181800000FF070000F87F4FEA41034FEA5353A3F58063C9
:20DFE000D3F11E03C8BFD3F1210C0CDD4FF0004242EAC12242EA505232FA03FC8CEAE17C7F
:20E00000ACEBE1707047102BC4BF0020704703F5787CBCF1FF3F04D06FF0004282EA2100F3
:20E02000704770B500F0CEF94992248000207047F2E700004FEA41034FEA5353A3F5806347
:20E04000D3F11E03C8BFD3F1210C20DD4FF0004242EAC12242EA505232FA03FC0DD362FAA1
:20E0600003F282EA0C021CF1010C0BD64FEA420252EAC02208BF2CF0010C8CEAE17CACEB41
:20E08000E1707047094258BFACF1010CF5E7102BC4BF0020704703F5787CBCF1FF3F04D050
:20E0A0006FF0004282EA2100704770B500F08AF94992248000207047F2E700004FEA115317
:20E0C000A3F58063D3F11E03A8BFD3F1200C08DB4FF0004242EAC12252EA505232FA03F019
:20E0E000704709420BD4102BC4BF0020704703F5787CBCF1FF3F05D04FF0FF3070474FF09A
:20E100000000704770B500F05DF900BF4992248000207047F0E710F0004248BF4042B0FA7C
:20E1200080F310FA03F10AD0C3F11D0303F580634FEA415002EB035202EBD12170474FF004
:20E1400000007047B0FA80F310FA03F10AD0C3F11D0303F580634FEA41504FEA035202EB1F
:20E16000D12170474FF0000070470000B1FA81F30B3B20D3994010D1B0FA80F310FA03F1D3
:20E1800008BF7047C3F11D0303F580634FEAD1224FEA415002EB03517047C3F1200C20FA6A
:20E1A0000CFC9840C3F1320303F5806341EA0C0101EB0351704710B5C3F10004C3F1320C1D
:20E1C000C4F1200E0CF5806201FA0EFC21FA04F100FA0EF3E040BDE8104040EA0C0001EB32
:20E1E000025138BF7047401C41F100015B0008BF20F001007047000051EA030C17D41CF55F
:20E20000801F58BFBCF5801F00F10680994218BF704708BF9042704707D711F5801F58BF2E
:20E2200013F5801F19D499427047894270471CF5801F08D5BCF5801FF7D58B4218BF704732
:20E2400008BF824270474FF4001C1CEB410F38BF1CEB430F01D28B42704770B500F0B2F860
:20E26000922449004FF000514FF08053FFF74EBDDFF848C170B51CEA111E1EBF1CEA1315B7
:20E280009EEA0C0F95EA0C0F00F06F8081EA030423EA4C134EEAD47E21EA4C1141F48011CC
:20E2A00043F48013AE44A1FB024CA0FB0365AEF17F7E361955EB0C05A1FB034C4CF100034E
:20E2C000A0FB021C16EB0C06654153F10003094218BF46F0010613F4007F0BD14FEA033157
:20E2E0004FEA0530340341EA155140EA16506FF003020AE04FEAC3214FEAC520F40241EAAE
:20E30000555140EA56506FF0020202EB2E4201EB025585EACE710AD05FEA440C18BF24F078
:20E32000004450F1000041F1000120EAD47040F2FE7C624500D270BDA84214BF4FF08044C5
:20E340004FF04044002E08BF0024BEF1806FA8BFA1F1C041BDE8704080F282804FF0000041
:20E3600001F1C04101F0004170479EEA0C0F0CEA131518BF95EA0C0F06D04FF0000081EA0F
:20E38000030E0EF0004170BD00F01CF88900013E00F007B800F009B84FEA430C5FEA5C5C4B
:20E3A00008D081EA030100F05BB84FEA410C5FEA5C5CF6D14FF00000014970470000FF077F
:20E3C0000000F87F0EF1020E2EF0030E5EF8046B364205D4012A43EB030515F5001F12D8FE
:20E3E000012841EB010C1CF5001F0CD80ED14FEAD17C15F5001F0CEB4C0C0CF1020C08BFF8
:20E400004CEBD37C04E04FF0080C01E04FEAD37C0CEB4C0526FA05F606F00706B6F1040CB9
:20E4200006D20EEB860CBDE870404CF0010C6047DFE80CF0090B02024FF000414FF000009A
:20E44000A1F5002170BD19461046012851EB010418BFD4F5001484BF002001F0004170BD43
:20E460000808A0F500114FEA3101704753EA010C17D41CF5801F58BFBCF5801F00F1068001
:20E480008B4218BF704708BF8242704707D713F5801F58BF11F5801F19D48B4270479B4250
:20E4A00070471CF5801F08D5BCF5801FF7D5994218BF704708BF904270474FF4001C1CEBDD
:20E4C000430F38BF1CEB410F01D2994270470FB40CBC03BCFFF7C1BE5FEA410C5FEA5C5CE1
:20E4E000ACF580635B1C39D4D3F1340240F34580B2F1200314DA4FF0010C0CFA02FCACF181
:20E5000001030340B3EB5C0220EA030008BF10EA0C0F98BF704710EB0C0041F100017047D0
:20E520000AD0C3F1200201FA02FC012821FA03F101FA03F14CF100004FF0010C0CFA03FC7D
:20E54000ACF10103B0F1004F21EA030108BF11EA0C0F4FF0000088BF61447047B3F1FF3F7A
:20E5600028BF50EAC12C01F000414FF0000084BF41F07C5141F470017047B3F5806FB8BF70
:20E58000704770B5FFF71EFF40DBB6BE91EA030F10B581F000413FF511AB83F0004300F063
:20E5A000D5B800002DE9F04101F5801CBCF5001FC0F2A9804FEA115C21EA0C510CF1FD0C36
:20E5C00041F480115FEA5C0C0CF5C07C01D34000494130A4890241EA905187028E0E0A0C43
:20E5E000A45D04FB04F602FB06F6C6F14046A4FB0662F60D46EA422606FB06F4A4FB01238B
:20E600005242C3F1404338BF5B1EA6FB02420024E6FB0324D20B42EA4446A6FB0623A1FBB5
:20E6200002E2A3FB07E4E3FB61426442C2F1404E38BFAEF1010EA6FB04234FF00002E6FB76
:20E640000E32A2FB03463400E2FB6264A1FB06E6A4FB07E8E4FB61687642C8F1405838BFFF
:20E66000A8F10108A2FB06E4A3FB08E5E2FB6854A1FB05E6A7FB04E8E1FB648618F1200544
:20E6800056F10006A809A8F11B08B10908F03F08B8F10A0F40EA86601CD901EB0C51BDE812
:20E6A000F08100BFFCF5EEE8E2DDD8D3CFCBC7C3C0BDB9B6B4B1AEACA9A7A5A3A19F9D9B1A
:20E6C0009A9896959392908F8D8C8B898887868584838281A0FB006800FB01F208EB42081A
:20E6E000B8EB872807D5341858EB0104D5D5401C51F10001D1E7341A78EB0104CDD4401EA2
:20E7000071F10001C9E75FEA4C0C5FEA9C5C0DD105D34FF0000001F00041BDE8F081BDE822
:20E72000F04170B5FFF74EFE6DDBFFBEBDE8F0414FF00000004970470000F87F10B591EA70
:20E74000030F48BF83F000433FF538AA841A71EB030C07D212198CF0004C43EB0C03001BA7
:20E7600061EB0C01DFF8A4E14FEA1154A4EB135C1EEA430F18BF9EEA445F00F0B08023EABF
:20E780006E03524221EA0451C3EB6E0338BF5B1EDCF1200E25D322FA0CFE10EB0E0043FA26
:20E7A0000CFE41EB0E01CCF1200E03FA0EFE10EB0E0051F10001CCF1200E29D412FA0EF2E0
:20E7C00001EB0451BDE8104058BF7047401C1CBFB2F1004F704700280CBF491C20F00100EC
:20E7E000704712EB020E43EB030218BF4FF0010E4EEA4202ACF1200CDCF11E0E54D943FA55
:20E800000CFE10EB0E0051F1FF31CCF11E0ED5D50EF1010E12FA0EFE404141EB010101EB1F
:20E82000445C5FEA5C5C10D910EBDE7001EB045138BFBEF1004FBDE8104018BF7047002824
:20E840000CBF491C20F00100704730D24FEAD42C11F5001124F400641BD0B1FA81F20B3AA4
:20E86000A41AA41ED2F12003914030FA03F31943904001EBCC71002C01EB0451BDE810408A
:20E88000A8BF704701F1C0414FF0000001F000417047B0FA80F310FA03F100D110BDE41A88
:20E8A000173C4805C90AE4E701EB045110BD491001EB0451BDE810404FEA300002E04FF0F3
:20E8C000000170474A0008BF0042F8D0B2F5001F28BF704701F000414FF0000070479EEA51
:20E8E000445F07D011EA5E0FBDE8104004BF002100207047BDE8104070B5FFF763FD00BF57
:20E9000040DFF63E83F00041104670470000E0FF43004FEAD30C4FEA3C0C43401FBF400780
:20E920000CF1605113F0FE4F70471CF0006F03D100200CF0004170470CF0004343EA507093
:20E9400010B540EACC0000F00EF800BF000000924FEA0001FFF784BD4FF000414FF0000085
:20E96000A1F5002170470EF1020E2EF0030E5EF8044B244204D44FEA4102B2F17F4F11D832
:20E980004FEA4003B3F17F4F0CD80ED14FEAD07CB2F17F4F0CEB4C0C0CF1020C08BF4CEB78
:20E9A000D17C04E04FF0080C01E04FEAD17C0CEB4C0324FA03F404F00704B4F1040C06D285
:20E9C0000EEB840CBDE810404CF0010C6047DFE80CF0070802024FF00040A0F5800010BD92
:20E9E0000846420018BFD2F1807288BF00F0004010BD4FF04070E1EE100A7047FF2141EADD
:20EA0000D050C005704700004FEAC1230A1543EA50534FEAC02C18BF43F000431BD4A2F259
:20EA20004E02D2F57C72C0F22080502AA8BF502223FA02F12CFA02F060B4D2F1200284BFC8
:20EA400003FA02F52843C2F100029CBF23FA02F5284360BC704701F1804212F5801F04DABD
:20EA60004FF000004FF00001704770B5FFF7AAFC49922480002001E06FEAE1700146704777
:20EA8000C2154FEA002318BF43F000430ED4D2F1BE0215D323FA02F1B2F1200C2EBF23FAC0
:20EAA0000CF0C2F1200C03FA0CF070474FEA400CBCF1FE4F04D24FF000004FF00001704740
:20EAC00010B5FFF750FF00BF9224498000204FF0000170476FEAE070014670470CF00F0322
:20EAE000092B08BF082000F059800A2B0BD0082B18BF704708BF1CF0400F0AD04FF000001E
:20EB00004FF0000170471CF0400F18BF4FF0004070471CF0100F08D020F0704300F07F421F
:20EB200042EAD3014FEA4370704700F0604021F07F4242EA000201F07F4040EA727070472F
:20EB40004FF0FF0C4CF4E06C1CEA11531CBF9CEA030C9445C2BFDA4201EB02517047002B6E
:20EB60000DD0BCF1000F0FD0002A01F00041A4BF41F0E04141F07F614FF00000704701F014
:20EB800000414FF00000704750EA01334FF09B0C18BF4CF0806C7FF4B1A870471CF4801FB9
:20EBA00011D01CF4E02F03D06FEACC31490070474FF04050EFF3008222F0704242EA000207
:20EBC00082F3008870474FF000007047010000000300000001000000000000000000000086
:20EBE0000000000000000000000000000000000040530A3C00000000000000000000803F7D
:20EC0000000000400000803F0000803F00000000000000000000803F000000000000000077
:20EC20000000803F7AA5DCBFCCEE413F0000803F000000000000000001000000030000005E
:20EC4000010000000000000000000000000000000000000000000000000000003064F53CEE
:20EC600000000000000000000000803F000000400000803F0000803F000000000000000017
:20EC80000000803F00000000000000000000803F3A23BABF99F5123F0000803F0000000082
:20ECA00000000000010000000300000001000000000000000000000000000000000000004F
:20ECC0000000000000000000C3F2C73D00000000000000000000803F000000400000803FBD
:20ECE0000000803F00000000000000000000803F00000000000000000000803FFF5B71BF4D
:20ED00003BAAAA3E0000803F00000000000000000100000003000000010000000000000062
:20ED20000000000000000000000000000000000000000000AEF5953E00000000000000005D
:20ED40000000803F000000400000803F0000803F0000000000000000010000000300000032
:20ED6000010000000000000000000000000000000000000000000000000000000000803FD3
:20ED800000000000000000000000803F000000400000803F0000803F0000000000000000F6
:20EDA0000000803F00000000000000000000803F000000400000803F0000803F0000000017
:20EDC000000000003C485645523E003C52455345543E0000AD900000AD00000050B000207D
:20EDE00094B000208100000000000000000000000000000050B0002094B000201CB10020BD
:20EE0000C0C200206CC30020AD510000000000000000000000000000000000000000000003
:20EE20000000000000000000000000000000000000000000000000000000000000000000D2
:20EE40000000000000000000000000000000000000000000000000000000000000000000B2
:20EE6000000000000000000000000000000000000000000000000000000000000000000092
:20EE800000000000000000000000DADAAD53000000000000000000000000000000000000BE
:20EEA000000000000000000000000000000000000000000000000000000000000000000052
:20EEC000000000000000000000000000000000000000000000000000000000000000000032
:20EEE000000000000000000000000000000000000000000000000000000000000000000012
:20EF00000000000000000000000000000000DADAAD5200000000000000000000000000003E
:20EF20000000000000000000000000000000000000000000000000000000000000000000D1
:20EF40000000000000000000000000000000000000000000000000000000000000000000B1
:20EF6000000000000000000000000000000000000000000000000000000000000000000091
:20EF80000000000000000000000000000000000000000000DADA000000001008FFFF13088C
:20EFA0000100000000001408FFFF1708020000000102030001000100000102030A0B0C0DD9
:20EFC000000102030A0B0C0D010203040506070809000000010000000300000001000000CB
:20EFE0000000000000000000000000000000000000000000000000009613233C0000000009
:20F00000000000000000803F00000000000080BF0000803F00000000000000000000803F74
:20F0200000000000000000000000803F5D6DFDBF2EE77A3F0000803F0000000000000000FE
:20F040000100000003000000010000000000000000000000000000000000000000000000AB
:20F06000000000009613233C00000000000000000000803F00000000000080BF0000803FCB
:20F0800000000000000000000000803F00000000000000000000803FB459FDBF2EE77A3F5B
:20F0A0000000803F000000000000000001000000030000000100000000000000000000008C
:20F0C0000000000000000000000000000000000082574B3C00000000000000000000803F11
:20F0E00000000000000080BF0000803F00000000000000000000803F000000000000000053
:20F100000000803F287EFCBF65A5793F0000803F000000000000000001000000030000004A
:20F120000100000000000000000000000000000000000000000000000000000091EE273DEB
:20F1400000000000000000000000803F00000000000080BF0000803F0000000000000000F2
:20F160000000803F00000000000000000000803F014DF4BF0C026B3F0000803F0000000099
:20F1800000000000010000000300000001000000000000000000000000000000000000006A
:20F1A000000000000000000024B4E53D00000000000000000000803F00000000000080BF57
:20F1C0000000803F00000000000000000000803F00000000000000000000803FF163DCBF03
:20F1E000F792463F0000803F0000000000000000010000000300000001000000000000003D
:20F200000000000000000000000000000000000000000000B130443D00000000000000008C
:20F220000000803F00000000000080BF0000803F00000000000000000000803F0000000052
:20F24000000000000000803F2B18E5BFA779673F0000803F00000000000000000100000082
:20F2600003000000010000000000000000000000000000000000000000000000000000008A
:20F2800076A7BB3D00000000000000000000803F00000000000080BF0000803F000000009C
:20F2A000000000000000803F00000000000000000000803F14D0CCBFDF15513F0000803F1E
:20F2C000000000000000000001000000030000000100000000000000000000000000000029
:20F2E000000000000000000000000000C764313D00000000000000000000803F00000000B6
:20F30000000080BF0000803F00000000000000000000803F00000000000000000000803F71
:20F3200036CDF3BF46D3693F0000803F000000000000000001000000030000000100000093
:20F34000000000000000000000000000000000000000000000000000137E893E0000000055
:20F36000000000000000803F00000000000080BF0000803F00000000000000000000803F11
:20F3800000000000000000000000803FA67E76BF8A02ED3E0000803F0000000000000000DF
:20F3A000010000000300000001000000000000000000000000000000000000000000000048
:20F3C000000000000534513E00000000000000000000803F00000000000080BF0000803FA8
:20F3E00000000000000000000000803F00000000000000000000803F3C4E99BFFE65173FF4
:20F400000000803F0000000000000000010000000300000001000000000000000000000028
:20F42000000000000000000000000000000000000000803F00000000000000000000803F4E
:20F4400000000000000000000000803F00000000000000000000803F00000000000000002E
:20F460000000803F00000000000000000000803F000000000000000001000000030000000A
:20F48000010000000000000000000000000000000000000000000000000000009613233C63
:20F4A00000000000000000000000803F0000803F000000000000803F00000000000000000F
:20F4C0000000803F00000000000000000000803F2EE77ABF000000000000803F00000000A1
:20F4E000000000000100000003000000010000000000000000000000000000000000000007
:20F5000000000000000000009613233C00000000000000000000803F0000803F0000000065
:20F520000000803F00000000000000000000803F00000000000000000000803F2EE77ABF40
:20F54000000000000000803F000000000000000001000000030000000100000000000000E7
:20F5600000000000000000000000000000000000000000005DE2C83C000000000000000048
:20F580000000803F0000803F000000000000803F00000000000000000000803F000000006F
:20F5A000000000000000803F1D7273BF000000000000803F0000000000000000010000000B
:20F5C000030000000100000000000000000000000000000000000000000000000000000027
:20F5E0008BDF143D00000000000000000000803F0000803F000000000000803F0000000013
:20F60000000000000000803F00000000000000000000803F30646DBF000000000000803FED
:20F620000000000000000000010000000300000001000000000000000000000000000000C5
:20F64000000000000000000000000000E4D78F3D00000000000000000000803F0000803FA5
:20F66000000000000000803F00000000000000000000803F00000000000000000000803F4D
:20F68000280A5CBF000000000000803F000000000000000001000000030000000100000059
:20F6A00000000000000000000000000000000000000000000000000076A7BB3D0000000035
:20F6C000000000000000803F0000803F000000000000803F00000000000000000000803F2E
:20F6E00000000000000000000000803FDF1551BF000000000000803F000000000000000088
:20F700000100000003000000010000000000000000000000000000000000000000000000E4
:20F720000000000082574B3C00000000000000000000803F0000803F000000000000803F2C
:20F7400000000000000000000000803F00000000000000000000803F65A579BF00000000E9
:20F760000000803F00000000000000000100000003000000010000000000000000000000C5
:20F78000000000000000000000000000000000004B1FFA3D00000000000000000000803F09
:20F7A0000000803F000000000000803F00000000000000000000803F00000000000000000C
:20F7C0000000803FD57841BF000000000000803F000000000000000001000000030000005A
:20F7E0000100000000000000000000000000000000000000000000000000000024B4E53D0E
:20F8000000000000000000000000803F0000803F000000000000803F0000000000000000AB
:20F820000000803F00000000000000000000803FF79246BF000000000000803F00000000FD
:20F8400000000000010000000300000001000000030000000100000003000000010000009B
:20F86000000000000000000000000000000000000000000000000000000000000000000088
:20F880000000000000000000000000000000000000000000000000008E1E1FBE00000000DF
:20F8A000000000000000803F23DB81BF000000000000803F00000000000000000000803FCD
:20F8C000C65016BFF85377400000803F00000000000000000000803FCA3204C0AEB6E23F78
:20F8E0000000803F00000000000000000000803F00000000000000000000803F410E6ABF53
:20F90000000000000000803F00000000000000000000803F2D43BCBF598B273F0000803F75
:20F9200000000000000000000000803FF0BF6DBF5EF4353F0000803F0000000000000000A8
:20F9400001000000030000000100000003000000010000000300000001000000000000009A
:20F96000000000000000000000000000000000000000000000000000000000000000000087
:20F9800000000000000000000000000000000000000000006A4DF3BD000000000000000000
:20F9A0000000803F2CD482BF000000000000803F00000000000000000000803FB5E045BD32
:20F9C000DE7172400000803F00000000000000000000803F583900C071ACF33F0000803F49
:20F9E00000000000000000000000803F00000000000000000000803FDE9367BF00000000F2
:20FA00000000803F00000000000000000000803F36ABAEBFA6D5183F0000803F0000000089
:20FA2000000000000000803FF44F38BF09FE273F0000803F000000000000000001000000A0
:20FA400003000000010000000300000001000000030000000100000000000000000000009A
:20FA6000000000000000000000000000000000000000000000000000000000000000000086
:20FA800000000000000000000000000000000000E201E5BD00000000000000000000803F22
:20FAA000A30184BF000000000000803F00000000000000000000803FBB0F283FF2416340DA
:20FAC0000000803F00000000000000000000803F6C78F2BF857C04400000803F000000000F
:20FAE000000000000000803F00000000000000000000803F49D764BF000000000000803F86
:20FB000000000000000000000000803F1FF49CBFBD3A073F0000803F0000000000000000BC
:20FB20000000803F740CE8BEAA43163F0000803F00000000000000000100000003000000DB
:20FB40000100000003000000010000000000000000000000000000000000000000000000A0
:20FB600000000000000000000000000000000000000000001F1153BE000000000000000044
:20FB80000000803FA4DF86BF000000000000803F00000000000000000000803F2F8692BE5B
:20FBA000418286400000803F00000000000000000000803F00000000000000000000803F7F
:20FBC0006F4758BF000000000000803F00000000000000000000803F14ED5ABFE76FE23E4A
:20FBE0000000803F0000000000000000010000000300000001000000000000000000000041
:20FC000000000000000000000000000000000000B6DB2EBF00000000000000000000803FA7
:20FC2000C66D9CBF000000000000803F00000000000000000000803F0000000000000000B8
:20FC40000000803F43E25EBF000000000000803F00000000000000000100000003000000E0
:20FC600001000000030000000100000000000000000000000000000000000000000000007F
:20FC80000000000000000000000000000000000000000000115312BF00000000000000002F
:20FCA0000000803FB81E4D3F000000000000803F00000000000000000000803F4BC8EFBFE4
:20FCC0001591393F0000803F00000000000000000000803F00000000000000000000803FC9
:20FCE000F569953D000000000000803F00000000000000000000803FA39292BF0B419E3EA8
:20FD00000000803F000000000000000001000000030000000100000000000000000000001F
:20FD200000000000000000000000000000000000AEBB79BF00000000000000000000803F63
:20FD40003B01F5BF3867343F0000803F00000000000000000000803F000000000000000023
:20FD60000000803FC6166ABF5DDC063E0000803F000000000000000001000000030000007F
:20FD800001000000030000000100000000000000000000000000000000000000000000005E
:20FDA0000000000000000000000000000000000000000000809F51BE000000000000000015
:20FDC0000000803FA4DF86BF000000000000803F00000000000000000000803F2F8692BE19
:20FDE000418286400000803F00000000000000000000803F00000000000000000000803F3D
:20FE00006F4758BF000000000000803F00000000000000000000803F14ED5ABFE76FE23E07
:20FE20000000803F00000000000000000100000003000000010000000000000000000000FE
:20FE400000000000000000000000000000000000CC0B68BF00000000000000000000803FE5
:20FE60003B01F5BF3867343F0000803F00000000000000000000803F000000000000000002
:20FE80000000803FC6166ABF5DDC063E0000803F000000000000000001000000030000005E
:20FEA0000100000000000000000000000000000000000000000000000000000030646DBF81
:20FEC00000000000000000000000803F3B01F5BF3867343F0000803F0000000000000000A2
:20FEE0000000803F00000000000000000000803FC6166ABF5DDC063E0000803F0000000043
:20FF0000000000006400000096000000C8000000FA0000002C010000F4010000EE02000013
:20FF2000E8030000DC050000D0070000C4090000B80B0000881300004C1D00001027000053
:20FF4000983A0000204E0000260000002C000000180000002A000000060000001E000000A9
:20FF6000290000002E000000010000001B0000000D000000030000002100000016000000C7
:20FF8000110000000B000000080000001A000000110000000D0000000A00000009000000F2
:20FFA000050000000300000002000000020000000100000001000000010000000000000032
:20FFC000000000000000000000000000000000000500000008000000070000000500000008
:20FFE000020000002B000000240000001E000000170000002C000000190000000D00000029
:020000040804EE
:2000000025000000170000001000000008000000040000001F000000150000001000000044
:200020000D0000000B00000006000000040000000300000002000000010000000100000097
:20004000010000000000000000000000000000000000000000000000100000003800000057
:200060000100000023000000310000002C00000009000000080000002A00000014000000B0
:200080002800000012000000050000003E00000036000000300000002C000000220000002F
:2000A0001C000000190000001500000012000000110000000F0000000D0000003C0000007B
:2000C000360000002800000011000000090000000600000004000000030000000200000099
:2000E0000200000001000000010000000100000000000000000000000000000000000000FB
:200100000000000000000000000000000000000000000000000000000000000000000000DF
:200120000100000000000000000000000000000000000000000000000000000000000000BE
:2001400000000000000000000000000000000000000000000000000000000000000000009F
:2001600000000000000000000000000000000000000000000000000000000000000000007F
:2001800000000000780000008C000000AF000000DC000000180100005E010000B80100009F
:2001A0000D020000BC02000020000000100000000800000008000000080000000400000026
:2001C000030000000300000002000000280000002800000028000000200000001A00000065
:2001E000120000001000000007000000040000003FE8D02F27918231713523333FE8D02F1F
:2002000027918231713523333FE8D02F279182317135233350000000A0000000F00000000A
:2002200050000000F00000009001000000061016000610160000000000000000010203048B
:2002400006070809000000000102030400000000000000000000F03F000000000000F83F10
:2002600000000000000000000000004003B8E23F000000000000000006D0CF43EBFD4C3E08
:20028000033333333333E33FFFAB6FDBB66DDB3F4D268F515555D53F01411DA96074D13F0C
:2002A00065DBC9934A86CD3FEF4E454A287ECA3F3E5555555555C53F93BDBE166CC166BFEA
:2002C0002CDE25AF6A56113FF16BD2C541BDBBBED0A4BE726937663E4FBB610567ACDD3F3F
:2002E000182D4454FB21E93F9BF681D20B73EF3F182D4454FB21F93FE2652F227F2B7A3C24
:20030000075C143326A6813CBDCBF07A8807703C075C143326A6913CC4EB98999999C9BFA0
:20032000711623FEC671BCBF6D9A74AFF2B0B3BF9AFDDE522DDEADBF2F6C6A2C44B4A2BF5D
:200340000D5555555555D53FFF8300922449C23F6E204CC5CD45B73F513DD0A0660DB13F49
:20036000EB0D76244B7BA93F11DA22E33AAD903F4C5555555555A53F7751C1166CC156BFDD
:200380009015CB19A001FA3EAD529C804F7E92BEC4B1B4BD9EEE213ED43888BEE9FAA8BD58
:2003A000000000000000000000004054FB21F93F3163621A61B4D03D0000601A61B4D03D87
:2003C0007370032E8A19A33B0000002E8A19A33BC14920259A837B390000000000000000B9
:2003E0006E83F9A22915444ED15727FCC0DD34F5999562DB4190433CAB6351FE61C5BBDEB9
:200400003A6E24B7E0D24D42EA2E49061C92D1091CEB1DFE3EA729B1F53582E88444BB2E03
:2004200026709CE9417E5FB439D69139F43953838B5F849C3B28F9BDFF97F81F0F9805DE99
:200440008B112FEF1F6D0A5ACF7E366DB709CB27663F464F2DEA5F9EC7BA27757BF1E5EBA9
:20046000F739073DEA92528AB15FFB6B085D8D1FA6F810111111813FD561C119A0012ABFEE
:200480007DFEB157E31DC73EEB9C2B8AE6E55ABE7CD5CF5A3AD9E53DB8040408000000201E
:2004A000D40500001402020868060408D40500205CF90400700202080126120115116C022D
:2004C000081301021B4B6A0872027203720472056A06364A0108193810082D6F0208010245
:2004E000011BF965081303011BDD71081304012AC9085A052859385A02381A02383908138B
:200500000202380891660208020302383C02040238140205042A550859385A03384B0301C0
:20052000993C030203705A03385A03385A03385A03385A04C15B0401083B0204381A0447B5
:200540001B4D6B0859E01A0438390859385A05704B0501F95B0502085A0308197039085954
:20056000705A0538012C49620122421002237D192432635A3F591AFF01014C073243453663
:2005800034585F094E8801D823D80332052904011E12011D39590208076172021940517273
:2005A0000469496A06364931140101025F295B02080102105A03085A04081305011B315AC3
:2005C0002059385A02611A023839081302034F1D5C02080203715A02703C020506385A020F
:2005E000385A03915B03010819295E8D56020803385A03385A03385A03385A04C15B040168
:20060000081302051AF9F05A04315B04040859385A04385A05F15B05010819381AE7205A0F
:2006200005E05A05E05A05381907511A0602390859F11A06C11AAB701A06A72AA70859A82A
:200640005A06315A0638120749504C070107085A02085A03085A040859385A0738011C499D
:0806600052C91082101324F4AA
:04000005080001D915
:00000001FF
