:020000040800F2
:10000000E80A0020AD020008B5020008B7020008A7
:10001000B9020008BB020008BD0200080000000091
:10002000000000000000000000000000BF02000807
:10003000C102000800000000C3020008C502000859
:10004000C7020008C7020008C7020008C70200086C
:10005000C7020008C7020008C7020008C70200085C
:10006000C7020008C7020008C7020008C70200084C
:10007000C7020008C7020008C7020008C70200083C
:10008000C7020008C7020008C7020008C70200082C
:10009000C7020008C7020008C7020008C70200081C
:1000A000C7020008C7020008C7020008C70200080C
:1000B000C7020008C7020008C7020008C7020008FC
:1000C000C7020008C7020008C7020008C7020008EC
:1000D000C7020008C7020008C7020008C7020008DC
:1000E000C7020008C7020008C7020008C7020008CC
:1000F000C7020008C7020008C7020008C7020008BC
:10010000C7020008C7020008C7020008C7020008AB
:10011000C7020008C7020008C7020008C70200089B
:10012000C7020008C7020008C7020008C70200088B
:10013000C7020008C7020008C7020008C70200087B
:10014000C7020008C7020008C7020008C70200086B
:10015000C7020008C7020008C7020008C70200085B
:10016000C7020008C7020008C7020008C70200084B
:10017000C7020008C70200080000000000000000DD
:10018000C7020008C7020008C7020008C70200082B
:10019000C7020008C702000800000000C7020008EC
:1001A000C7020008C70200080000000000000000AD
:1001B000C70200080000000000000000C70200089D
:1001C000C7020008C7020008C7020008C7020008EB
:1001D000C7020008C702000800F002F800F052F859
:1001E00014A696E8000CB244B344DA4501D100F0FD
:1001F00049F8BAE80F000FA696E83000A5EB040511
:1002000004EB0607AAEB0704A7F101074FEA15154F
:100210004FEA3414A4F10104AC4201D300F032F8E7
:1002200013F0010F18BFFB1A43F0010300F001F8AF
:10023000DBE718474C1400006C140000103A24BF90
:1002400078C878C1FAD8520724BF30C830C144BF3B
:1002500004680C6070470000704700000023002411
:1002600000250026103A28BF78C1FBD8520728BFC6
:1002700030C148BF0B6070471FB501F0F3F91FBDD7
:1002800010B510BD00F05CF81146FFF7F5FF01F066
:10029000B5F900F07AF803B4FFF7F2FF03BC00F001
:1002A00081F8000080F3088862B608470948804753
:1002B00009480047FEE7FEE7FEE7FEE7FEE7FEE748
:1002C000FEE7FEE7FEE7FEE704480549054A064B60
:1002D00070470000ED150008D9010008E802002071
:1002E000E80A0020E8060020E80600204FF000029F
:1002F00000B5134694469646203922BFA0E80C501C
:10030000A0E80C50B1F12001BFF4F7AF090728BFF6
:10031000A0E80C5048BF0CC05DF804EB890028BF72
:1003200040F8042B08BF704748BF20F8022B11F09B
:10033000804F18BF00F8012B704770477047704717
:10034000754600F02BF8AE4605006946534620F08E
:100350000700854618B020B5FFF7B6FFBDE820407E
:100360004FF000064FF000074FF000084FF0000B71
:10037000AC46ACE8C009ACE8C009ACE8C009ACE8E0
:10038000C00921F007018D46704710B50446AFF350
:1003900000802046BDE81040FFF77DBF0048704751
:1003A0008802002001491820ABBEFEE726000200AB
:1003B0007047000030B5A1B004461E4D802168464C
:1003C000FFF794FF94B3E07880B31C491A48CDE955
:1003D0000001032002908020039019480490607867
:1003E000059001200690284600F00AFA20B1A8697D
:1003F000411C01D0401C069012480790082008902C
:100400002079A17840EA012014907C21684601F00F
:10041000B5F81F9000F0BCF840B1684600F0CAFA89
:1004200020B1284600F0ECF921B030BDFFE70020F4
:10043000FAE7000000000108434536344D4E4633CC
:10044000494E5354000002080C48016841F08051A5
:100450000160BFF34F8F0A48016841F48071016069
:10046000BFF34F8F074A00211160121D1160BFF3C7
:100470004F8F016821F4807101607047403802405D
:10048000007000409028004010B5040013D00B49C4
:10049000206988420FD1204600F0B2F958B100F02F
:1004A00077F840B1204600F085FA20B1BDE8104051
:1004B000034800F0A5B9002010BD000056414C448F
:1004C00000000108134C00F0CBF900F037FB00F0FE
:1004D000FBFA1148016841F480410160BFF34F8F7E
:1004E0000E48016821F003010160016841F001013B
:1004F00001600B480460002080F31488BFF36F8F05
:10050000BFF34F8FBFF36F8FD4E90001FFF7CAFE2F
:1005100030BFFDE70000FF1F4438024000380140B3
:1005200008ED00E02DE9F04700F07AF840B300F064
:1005300063F828B3154F052440F2F31640F27F38D4
:1005400040F202293D1D3E60286820EA080040EA8A
:10055000C40040EA09002860286840F48030286020
:1005600000F05EF80028286820F00200286009D01A
:10057000641C0F2CE7D900F037F80120BDE8F087A4
:100580000020FBE700F030F8FAE700000C3C0240E6
:1005900010B500F045F8F8B100F02EF8E0B11149BF
:1005A00040F2F31008600C1D206840F27F31884350
:1005B00040F2222108432060206840F4803020600F
:1005C00000F02EF80028206820F00200206005D0FE
:1005D00000F00AF8012010BD002010BD00F004F862
:1005E000FAE700000C3C02400248016841F000417B
:1005F00001607047103C024006480168002905DA96
:100600000449054A0C390A60044A0A600068C017A8
:10061000401C7047103C024023016745AB89EFCD79
:1006200009480A4900E0401E0A68D20302D50028A2
:10063000F9D104E018B1086810F4F97F01D0002066
:1006400070470120704700000024F4000C3C024079
:1006500030B50446154D00F0D3F820B31449206995
:10066000884220D1A16A286881421CD1E36A6A6865
:10067000934218D1A0F10051B1F5A02F13D8400733
:1006800011D1216A22F001004B19D2070BD0A842E8
:1006900009D3984207D2284600F070FF616A884269
:1006A00001D1012030BD002030BD00000000020853
:1006B00056414C442DE9F05F04464FF0000800F02D
:1006C000CFFC00280CD000F095FBA8B3204600F02A
:1006D0007FFD88B300F046FC20B100F077FC0120DC
:1006E000BDE8F09F2046FFF765FE28B3FFF71AFF2D
:1006F00010B3DFF874904FF4007A41F2010BD9F88F
:10070000205005F2FF10470A002411E0174904EBBE
:100710000B0000F091FE78B15646B54200D82E4647
:1007200060023246114900F0E1F828B1AD1B641CAB
:10073000BC42EBD32DB113E0FFE700F047FC0020F3
:10074000CEE74C460A48D9F8201000F017FF616A3E
:10075000884205D10448FFF797FE08B14FF0010821
:1007600000F034FC4046BBE70802002008000020EF
:1007700000000208044600F0E1F900F0A5F90A497A
:1007800008480860002080F31488BFF36F8FBFF320
:100790004F8FBFF36F8FD4E90A01FFF783FD30BF9E
:1007A000FDE700000000020808ED00E03CB503246E
:1007B0008DF80040B02403468DF8014032248DF8B6
:1007C00002408DF80430CE248DF805108DF80620F7
:1007D000FF208DF8034000226C460723A15C4840AF
:1007E0000021050602D583EA400000E04000491CD4
:1007F000C0B20829F5D3521C072AEFD33CBD000034
:1008000010B5040024D0D4E90010124B124A59400C
:10081000504001431CD1A068032819D1E06880280A
:1008200016D16069A0B1A06990B10C49E069884215
:100830000ED1206A08280BD3B0F5B01F08D87C2150
:10084000204600F09BFEE16F814201D1012010BDE6
:10085000002010BD434536344D4E4633000002089B
:10086000194808B5016841F007010160BFF34F8FD7
:10087000174816498161174A4FEAB1111160164AAB
:100880004FF4404111600168144A1140144A114369
:100890000160104918390868124A10400B4A0C329E
:1008A000104308600C491839086820F0704040F087
:1008B000A0400860002000900B4800BF0099491C30
:1008C00000918142F9D308BD303802400400000194
:1008D000000002401804024018080240CFFFFCFF4D
:1008E00010000100CFFFFFFC007102002DE9F0476E
:1008F00016465FEA010824D01EB3B0F5B01F20D819
:10090000C0F5B011B1421CD3284900EB01098007A2
:1009100017D1FFF785FEA0B1FFF76EFE88B124491D
:1009200040F2F310086001F1040ADAF8000040F226
:100930007F32904340F201221043CAF800000025A4
:1009400028E00020BDE8F08700204FF0FF34FF23AF
:100950000AE0C10003FA01F718F80220BC438A40FC
:100960001443401C042802D22A18B242F1D309EBE6
:1009700005073C60FFF754FE10B13868A04208D06C
:10098000DAF8001021F00101CAF80010FFF72CFE80
:10099000D7E72D1DB542D7D3DAF8001021F00101B9
:1009A000CAF80010FFF720FE0120CBE70000020884
:1009B0000C3C02402DE9F04105461F4E2027FFF771
:1009C0002FFE40B3FFF718FE28B31C4940F2F31086
:1009D000086001F10408D8F8000040F27F3290432B
:1009E00040F201221043C8F80000002455F824000A
:1009F00046F82400FFF714FE28B156F8240055F8F5
:100A0000241088420AD0D8F8001021F00101C8F85B
:100A10000010FFF7E9FD0020BDE8F081641CBC4236
:100A2000E4D3D8F8001021F00101C8F80010FFF756
:100A3000DBFD0120F0E70000000001080C3C024053
:100A4000F0B5040013D00026267001256570A6704D
:100A50001B48E67026710168001D0068194A914222
:100A600001D1012805D0174A121F914206D000205B
:100A7000F0BD03202070E57025711EE0C3B2C0F305
:100A800007212370C0F307426170070EA270184659
:100A9000FFF78CFEB8420DD12078012803D0022840
:100AA0000AD0032806D16078012805D0022803D097
:100AB000032801D02670DAE7E5700120F0BD0000C0
:100AC0009028004007B032CE194A10B51749136874
:100AD000084643F00103136000E0401E13689B07C3
:100AE00001D40028F9D11248083003684FF6F344C6
:100AF000A343036000E0491E036813F00C0F01D00C
:100B00000029F8D110680B490840106008490A48CC
:100B1000091D0860064900200C3108600448303087
:100B2000016821F48051016010BD0000006A1800C6
:100B300000380240FFFFF6FE1030002472B600209D
:100B40004FF0E0210861486188610A494FF0206058
:100B500008600020421E810001F1E021C1F88021DF
:100B6000C1F88022401C0828F5D3BFF34F8FBFF394
:100B70006F8F704704ED00E07FB582B08023009155
:100B80000B9D254A002108465054491C9942FBD32D
:100B9000214C23492148C4E900010320A0608020A2
:100BA000E06020480126C4E904060498A0611E48BC
:100BB000E061029820620A986062284600F0A4FC76
:100BC000A062281D00F0A0FC2665E062042204A9B2
:100BD00004F1300000F090F8042205A904F134007B
:100BE00000F08AF8042202A904F1380000F084F829
:100BF0000422694604F13C0000F07EF804220AA9B0
:100C000004F1400000F078F87C21204600F0B6FCAA
:100C1000E06706B070BD000008020020434536348E
:100C20004D4E463356414C44000002082DE9F84F22
:100C30001D46DDE90A690C9F92460C468046D7B3F3
:100C400006B1C5B300F0A2F8A8B32A494FF480203A
:100C5000886148F04000694600F0A4F850B3200EC7
:100C6000694600F09FF828B36946C4F3074000F0D6
:100C700099F8F8B16946C4F3072000F093F8C8B1B9
:100C8000E0B2694600F08EF8A0B16946504600F027
:100C900089F878B1FF208DF8000000246946FF2014
:100CA00000F080F830B19DF80000000607D5641C04
:100CB000202CF3D314E0FFE70020BDE8F88F9DF867
:100CC00000003870002405E02919FF2000F06AF8C0
:100CD00030B1641CB442F7D3B9F1000F03D006E081
:100CE00000F054F8E8E700F051F80028E5D00120C2
:100CF000E3E700000000024010B5002302E0CC5CF6
:100D0000C4545B1C9342FAD310BD0000054801682F
:100D100041F480510160BFF34F8F03490120886087
:100D2000704700003038024000300240034800683D
:100D300003490A6822F480520A607047003002407A
:100D4000303802402DE9F04300244FF0FF384FF0D7
:100D5000FF0CDFF8349012E04346002209E0D60091
:100D60000CFA06F7455DBB43B5402B43521C042AE1
:100D700002D2A5188D42F2D3C9F80030241D8C424E
:100D8000EAD3BDE8F083000000300240044908B512
:100D9000042088616946FF2000F004F808BD0000C7
:100DA0000000024038B5114B114C1A4600E0521EAB
:100DB000A568AD0702D4002AF9D113E092B12073DF
:100DC00000E05B1EA068C0070AD05BB1207B01B1C8
:100DD0000870A068400607D5E068A068009001E0B0
:100DE000002BEED1002038BD012038BD40420F005D
:100DF000003001402DE9F04387B0FF208DF80C0052
:100E00004D4804278761002406A9FF20FFF7CAFF89
:100E100000287CD0641C142CF6D30024254603A89B
:100E20000095CDE901500023952219461846FFF799
:100E3000FDFE18B19DF80C00012806D0641C102C92
:100E4000EDD39DF80C00012865D103AE0097CDE9E4
:100E5000015604AB87224FF4D5710820FFF7E6FE58
:100E600090B39DF80C00012855D19DF8120001287F
:100E700051D19DF81300AA284DD100244FF080498C
:100E800044F620680095CDE9015600230122194659
:100E90003720FFF7CBFEB8B19DF80C0008B1012850
:100EA00039D10095CDE90156002301224946292078
:100EB000FFF7BCFE00282FD09DF80C0028B10128B8
:100EC00029D1641C4445DDD325E00097CDE90156C6
:100ED00005AB012200213A20FFF7A8FED8B19DF80A
:100EE0000C00C0B905989DF8171000BA08431349C3
:100EF000C0F38070087090B90095CDE901560122C9
:100F0000002351021020FFF791FE20B100E003E022
:100F10009DF80C0018B1002007B0BDE8F083084927
:100F2000086820F07800086020F0380040F04000A9
:100F300008600120F0E700000000024000000020EF
:100F40000030014041F4807141F22102400049002B
:100F5000CB0500D5401CC30300D55040CB03F5D5CD
:100F600080B2704710B5174C2046FFF771FB30B3C5
:100F7000154861694269914221D1A1698269914212
:100F80001DD1216A026A914219D1616A426A914275
:100F900015D1A16A826A914211D1E16AC06A814287
:100FA0000DD1084A0849303230310020135C0C5C06
:100FB000A34204D1401C2028F8D3012010BD0020FA
:100FC00010BD0000000001080802002070B5204D8F
:100FD0001E490420A8611F4A00E0491E90680006CF
:100FE00001D50029F9D1106820F0400010601A489E
:100FF000016841F480510160BFF34F8F016821F413
:101000008051016014482030016821F48051016052
:10101000124980060860052403222146284600F074
:1010200078FA00222146284600F07DFA641C072C3D
:10103000F2D903220221284600F06BFA2846BDE8C7
:1010400070400022022100F06EBA000040420F0002
:1010500000000240003001402438024018040240E1
:101060002DE9F0475349524F08683C4640F00100D3
:1010700008604FF0000900E0641E0868800702D491
:10108000002CF9D18FE0002C0FD04A4808300268BC
:101090004FF6F3439A4302603E4600E0761E026834
:1010A00012F00C0F02D0002EF8D17CE0002E7AD086
:1010B0000868414A104008603E483030016841F0FD
:1010C00003010160BFF34F8F3D4D3C48A8613D4A8D
:1010D0004FF48221116001220221284600F019FA02
:1010E00001220821284600F014FA364C0122183C4F
:1010F0000221204600F00DFA01220C21204600F0CA
:1011000008FA01220221284600F00DFA002000BF53
:10111000401CB842FBD305244FF00F080326E20819
:1011200005EB8203052061071A6AC90E08FA01F768
:10113000BA4388401043186202222146284600F034
:10114000E8F9A968620006FA02F081430843A86042
:10115000062C2AD000222146284600F0E4F9641C1F
:10116000072CDCD913484430016841F480510160F8
:1011700010482430016841F480510160BFF34F8F63
:10118000016821F4805101600F49C1F81C90C1F839
:1011900004904FF45F720A600C49012081F80090BE
:1011A000BDE8F087FFE70020FAE70122D3E700005F
:1011B000006A180000380240FFFFF6FE040000013C
:1011C00000000240180402400030014000000020EE
:1011D00010B5040022D0E07800B3207803281DD198
:1011E00012494FF4805000F027F9B8B10F4980221E
:1011F00001F50070FFF780FD0D48FFF701FB78B1A6
:101200000B480C4A016991420AD1406961788842D1
:1012100006D12046BDE8104000F0A2B8002010BD65
:101220002046BDE8104000F007B80000080000208C
:101230000802002056414C442DE9F047002488B0B4
:10124000002873D04078012870D1404D284600F026
:101250005BF93F49884269D1281D00F055F93D49A5
:10126000884263D105F1100000F04EF906463A4974
:10127000083888425AD205F1080000F045F90121EA
:10128000039000B9039105F10C0000F03DF90496BC
:101290000290A88AADF81C0006F2FF104FEA502910
:1012A000FFF734FD00254FF4007A2DE041F20100F4
:1012B0002649284400F0C0F828B15746BE4200D85D
:1012C00037461DB10DE0FFF731FD2FE01F490498AF
:1012D00000F034F90028F6D008221C4905A8FFF7D1
:1012E0000BFD2046DFF86480002404E018F80410A9
:1012F000FFF728FE641C3946BC42F7D30446134866
:10130000FFF720FDF61B6D1C4D45CFD3FFF70EFDFB
:10131000054620460021FFF715FE0021FFF712FECB
:1013200001461EB9BDF81C00814203D0002008B060
:10133000BDE8F08705A8CDE90050DDE90320029B58
:10134000FFF71AFC0548FFF75BFAF0E708000020FA
:1013500044414F4C544F4F42F9FF15000802002002
:101360002DE9F05F04005FD0E07800285CD02078A1
:10137000032859D12D49802201F50070FFF7BCFCEC
:101380002B48FFF73DFA18B329482A4A01699142D0
:101390004AD162784169914246D1056A824605F296
:1013A000FF104FEA5029FFF7B1FC00244FF4007BF7
:1013B0002EE041F201001D49204400F03DF828B123
:1013C0005F46BD4200D82F461CB11BE0FFF7AEFCC4
:1013D0002AE01648164E804600F096F8B16A884218
:1013E0000DD108F1040000F08FF8F16A884206D1AF
:1013F0004146306A00F0A2F808B1012000E0002068
:101400000028E3D039460948FFF79CFCED1B641C1B
:101410004C45CED3FFF78AFC35B9DAF82410814267
:1014200002D10120BDE8F09F0020FBE7080000206A
:101430000802002056414C4470B50D460646002473
:101440002946304600F00AF808B1012070BDFFF7C8
:101450009DFC641C032CF3D3002070BD70B586B0D6
:101460000D00274C4FF0FF0201468DF80C2045D0AF
:10147000244A12781AB9B0F5000F3FD2490204ABE2
:10148000012200208DE80D0003461120FFF7CEFB5E
:1014900010B19DF8100048B1FFF778FC2EE003A9C9
:1014A000FF20FFF77FFC0028F6D0641E9DF80C009B
:1014B000FF2820D0002CEFD0C0B2FE28ECD10024B1
:1014C0004FF400762919FF20FFF76CFC0028E3D0C9
:1014D000641CB442F6D303A9FF20FFF763FC68B194
:1014E00003A9FF20FFF75EFC40B1FFF74FFC28B1D6
:1014F000012006B070BD002CD1D1CDE70020F8E767
:1015000000127A0000000020C178006861F31F60BB
:10151000704710B50368490003248C40A3438A40F8
:101520001A43026010BD10B5C368490003248C4003
:10153000A3438A401A43C26010BD000030B5C9B150
:10154000082817D3B0F5B01F14D80B4D4B684419B9
:10155000086823F00102A0F10051B1F5A02F09D8CD
:10156000400707D1D80705D0AA4203D3A24201D22F
:10157000012030BD002030BD00000208F0B5194D3B
:1015800000222B6843F480532B60BFF34F8F164E1D
:101590000123B36006E08318DC781B6864F31F63E3
:1015A0003360121D8B1A042BF5D28A4213D000230C
:1015B0004FF0FF34FF270BE007FA03FC24EA0C048A
:1015C00010F802C00CFA03FC521C4CEA0404083365
:1015D0008A42F1D334603068296821F4805129604F
:1015E000F0BD00003038024000300240024801687F
:1015F00041F470010160704788ED00E01CB5184CA3
:101600006846FFF71DFA00B39DF80000012802D1DB
:101610006846FEF7CFFEFEF717FF9DF8000003288F
:1016200011D16846FFF746F830B12046FFF710F8B1
:1016300010B12046FFF79EF82046FFF709F810B1D9
:101640002046FFF797F8FEF73DFF2046FFF700F82A
:1016500010B12046FFF78EF8FEF734FF30BFFDE7EC
:1016600000000108F1EE100A4FF6FF71C0F2C03120
:1016700020EA010040F04070E1EE100A70470000DF
:10168000A016000800000020080000003C0200082E
:10169000A816000808000020E00A00005C0200080C
:0816A000000000000000000042
:020000040801F1
:10000000434536344D4E4633030000008000000067
:1000100056414C4401000000424C7E6A0000020838
:10002000D834020023B71A3A60FF042009030208FB
:100030009BFF65ED3F64C51BC4FD873101C72F1EC3
:10004000E2B465ED1BCBA9A95016A7765F6B321FF2
:1000500000000000000000000000000000000000A0
:100060000000000000000000000000000000000090
:10007000000000000000000000000000CA4A5CFE12
:020000040802F0
:1000000060FF0420090302088FC00308EFA603085D
:1000100085C00308910E0208C9D90308000000003A
:10002000000000000000000000000000D1C503082F
:10003000A91503080000000099C0030875CB030848
:1000400023030208230302082303020823030208F0
:10005000230302082303020823030208B51603083A
:10006000CD160308291703084117030823030208C4
:10007000711103087D1103082113030825130308D8
:1000800055130308611303085D0C020823030208DB
:100090002303020823030208230302087D17030831
:1000A000D5CF030823030208230302082303020811
:1000B00091D30308230302082303020805A70308BA
:1000C000F9A60308230302082303020823030208F6
:1000D00023030208D9D803082303020823030208D4
:1000E000AD1503089DC0030823030208230302087B
:1000F000230302089DD3030823030208A91303085E
:10010000230302082303020823030208230302082F
:1001100015D7030823030208230302082303020858
:100120003D14030841140308891403088D140308BF
:1001300023030208230302082303020823030208FF
:1001400023030208230302082303020823030208EF
:10015000C5140308C9140308F914030861D9030876
:1001600023030208230302082303020823030208CF
:10017000230302082303020800000000000000001F
:1001800023030208230302082303020823030208AF
:1001900023030208230302080000000023030208CF
:1001A00023030208230302080000000000000000EF
:1001B00023030208000000000000000023030208DF
:1001C000230302082303020823030208230302086F
:1001D000230302082303020800F002F800F06AF883
:1001E0000AA090E8000C82448344AAF10107DA4592
:1001F00001D100F05FF8AFF2090EBAE80F0013F07A
:10020000010F18BFFB1A43F001031847F430020036
:10021000143102000A444FF0000C10F8013B13F0B7
:10022000070408BF10F8014B1D1108BF10F8015B4F
:10023000641E05D010F8016B641E01F8016BF9D142
:1002400013F0080F1EBF10F8014BAD1C0C1B09D199
:100250006D1E58BF01F801CBFAD505E014F8016B0B
:1002600001F8016B6D1EF9D59142D6D3704700009D
:100270000023002400250026103A28BF78C1FBD8AF
:10028000520728BF30C148BF0B607047632900F098
:10029000F083732900F0F583002070471FB521F02B
:1002A000C2F99DE8030000F073FB00F020FA1FBDC7
:1002B00010B510BD00F050FC1146FFF7EFFF1FF026
:1002C00083FD00F06EFC03B4FFF7F2FF03BC00F007
:1002D0009FFC00000B49D1F800C04A685CF8043B61
:1002E0001068184442F8040B8C4528BFA1F1DC0CBF
:1002F0008A4228BFA1F1DC02C1F800C04A6020F0A8
:100300000040704788360120094880470948004767
:10031000FEE7FEE7FEE7FEE7FEE7FEE7FEE7FEE7B5
:10032000FEE7FEE704480549054A064B7047000012
:10033000C5CF0308D901020860F7042060FF04203C
:1003400060FB042060FB042070B5064600F004FB4F
:10035000056806F10B0020F00704B4429CBF0020A2
:1003600070BD2B466A68BAB11068A04210D304F180
:10037000080188423CBF5068586007D35168101983
:1003800041601168091B016058601460101D70BD48
:1003900013465268002AE7D12146284600F0E4FAC5
:1003A0000028DED170BD70B50446051F00F0D4FAF8
:1003B0000068002C14BF446870BD002C18BFAC420C
:1003C0003CBF20466468F8D301680A18AA4218BFE7
:1003D000456003D12A680546114401602868411927
:1003E000A1421CBF6C6070BD6168696021680844EF
:1003F000286070BD53EA020C00F069802DE9F04BD3
:100400004FF00006002B1FBFB3FA83F503FA05F483
:1004100024FA05F65E4012BF1643B2FA82F502FADC
:1004200005F4C5F120051EBF22FA05FC44EA0C04C0
:10043000203556EA044C4FEA144418BF641C4FF0B0
:1004400000084FF00009904271EB030C39D30029EA
:1004500019BFB1FA81F701FA07F6B0FA80F700FA8E
:1004600007F6C7F120071EBF20FA07FC46EA0C0674
:100470002037B6FBF4FCA7EB0507103F07F01F0B76
:10048000CBF120060CFA0BFB2CFA06F644BFB34660
:100490000026202FA4BF5E464FF0000B5BEA060C3F
:1004A00008BF4FF0010B19EB0B09ABFB027C48EBCB
:1004B0000608C01B06FB02CC0BFB03CC71EB0C0146
:1004C000C1E70B46024641464846BDE8F08B13B5EE
:1004D0004FF000004FF00001AFF30080BDE81C407A
:1004E0007047B2F120030AD5C2F1200301FA02F1EC
:1004F00020FA03F300FA02F041EA0301704700FA20
:1005000003F14FF000007047B2F120030AD5C2F1A9
:10051000200320FA02F001FA03F321FA02F140EA83
:100520000300704721FA03F04FF00001704700000C
:100530000FB41CB50C0007AA009001D02044401E47
:10054000074B7B4469460190069800F068FA002C3E
:1005500003D06946002000F075FA1CBC5DF814FB5E
:100560000905000070B50C460546012A05D028781B
:10057000800600D5EA69002302E0012305E05B1C48
:10058000934202D2E05C0028F9D1A869E618C01AAB
:10059000A861286A184428622846AFF3008004E066
:1005A000D5E9012114F8010B9047B442F8D328464D
:1005B000AFF3008070BD2DE9F0474FF0000A894687
:1005C0000446C0F820A02046E1688847002876D07D
:1005D000252806D0D4E901219047206A401C2062DA
:1005E000F1E7E168204600258847C4F81CA00646CC
:1005F0000027C4F818A02A2E09D030461FF024F98D
:1006000038B304EB8708303EC8F8186019E059F891
:10061000041B204604EB87029161E1688847012FA3
:10062000064618D1E069002820DA25F020051DE0F3
:10063000D8F8180000EB800006EB40003038C8F80E
:1006400018002046E168884706461FF0FDF800289C
:10065000EED1012F0AD02E2E08D12046E16888471E
:100660007F1C0646022F45F02005C4DBA069002848
:1006700003DA404245F00105A061E80701D025F00A
:100680001005B6B1A6F14100192802D8203645F46C
:1006900000654A463146204625604D46FFF7F6FD87
:1006A00058B1012806D0ED1D25F0070000F108091A
:1006B00089E704E005F1040985E730468AE7206A06
:1006C000BDE8F0870B4910B5A1F17C020A4CC2E9E4
:1006D0003712372106E000EB104342F82130074B78
:1006E00000FB03400B1EA1F10101F4DC10BD012051
:1006F000E8E7000028360120E119D666CD0D01009B
:1007000010B5431C02E010F8011B71B18107FAD14A
:100710004FF0013202C88C1A8C4314EAC211F9D08E
:10072000C01A0A0603D0C01E10BDC01A10BD0A04AC
:1007300001D0801E10BD0902FCD0401E10BD032A4E
:1007400040F2308010F0030C00F0158011F8013BEE
:10075000BCF1020F624498BF11F801CB00F8013BD5
:1007600038BF11F8013BA2F1040298BF00F801CB99
:1007700038BF00F8013B11F0030300F06780083A2E
:10078000C0F0088051F8043B083A51F804CBA0E8C7
:100790000810F5E7121D5CBF51F8043B40F8043B1C
:1007A000AFF30080D20724BF11F8013B11F801CB51
:1007B00048BF11F8012B24BF00F8013B00F801CB22
:1007C00048BF00F8012B7047431A28BF9A427FF6B2
:1007D000B6AF032A1044114440F2268010F0030FF4
:1007E0001EBF11F8013D521E00F8013D10F0030F2D
:1007F0007FF4F6AF11F0030300F05A81083AC0F01D
:100800000B8051F8043D083A51F804CD40F8043DFE
:1008100040F804CDFFF7F3BF121D5CBF51F8043D53
:1008200040F8043DAFF30080D20724BF11F8013D2A
:1008300011F801CD48BF11F8012C24BF00F8013D8B
:1008400000F801CD48BF00F8012C704710B5203AE0
:10085000C0F00B80B1E81850203AA0E81850B1E879
:100860001850A0E81850BFF4F5AF5FEA027C24BF2F
:10087000B1E81850A0E8185044BF18C918C0BDE826
:1008800010405FEA827C24BF51F8043B40F8043BEF
:1008900008BF7047D20728BF31F8023B48BF11F8A4
:1008A000012B28BF20F8023B48BF00F8012B7047FE
:1008B00002F0FF0343EA032242EA024200F002B8D8
:1008C0004FF000020429C0F0128010F0030C00F079
:1008D0001B80CCF1040CBCF1020F18BF00F8012BF7
:1008E000A8BF20F8022BA1EB0C0100F00DB85FEAC5
:1008F000C17C24BF00F8012B00F8012B48BF00F891
:10090000012B70474FF0000200B5134694469646FF
:10091000203922BFA0E80C50A0E80C50B1F1200112
:10092000BFF4F7AF090728BFA0E80C5048BF0CC0C0
:100930005DF804EB890028BF40F8042B08BF70471E
:1009400048BF20F8022B11F0804F18BF00F8012B90
:1009500070477047704770470048704798360120CD
:10096000704770477047704738B504460A46002004
:100970006946AFF30080002808BF38BD02460099E1
:10098000204600F0C7F8012038BD012000F0DCB897
:10099000F8B5AFF30080054600200C46102000BFDC
:1009A0000646A819A0420DD9324669460020AFF389
:1009B0000080070008BF00F0C7F80098A04218BFE9
:1009C0000546C419FFF7C8FF05600746F01D20F073
:1009D00007004619284600F00AF8B44208BFF8BDDF
:1009E000A21B31463868BDE8F84000F093B80021FA
:1009F0000160C0E9011070471020704710B500F089
:100A000085F8006810BD10B5044600F07FF804605A
:100A100010BD000001694A1C02610878704700B5EA
:100A20008FB0CDE901310021059105497944CDE927
:100A3000031011466846FFF7BEFD0FB000BD000071
:100A4000E5FFFFFF0A6802F8010B0A607047D1E971
:100A500000239A4202D2531C0B601070704710B5ED
:100A6000436913B1AFF3008001E0FFF77BFD012084
:100A700010BD127800F124010A7000224A70012290
:100A8000EDE711684FF0FF32E9E7431A28BF9A42B9
:100A90007FF6DCAE104410F0030F11441EBF11F8B6
:100AA000013D521E00F8013D10F0030F7FF4F6AF38
:100AB000103AC0F00A8010B531E91850103A20E918
:100AC0001850BFF4F9AFBDE81040530724BF31E917
:100AD000081020E9081044BF51F8043D40F8043DD7
:100AE00012F0030F08BF7047D20728BF31F8023D4C
:100AF00048BF11F8012C28BF20F8023D48BF00F87C
:100B0000012C70470048704790360120004870471C
:100B100090360120034640688C46002818BF884262
:100B20003CBF03464068F8D318681844884207D091
:100B30000CF1030020F00700001D411A521A014673
:100B4000081D0A60FFF72FBC10B500F039F8BDE8AA
:100B5000104000F02FB870477546FFF7D3FFAE4640
:100B600005006946534620F00700854618B020B5B9
:100B7000FFF7D8FBBDE820404FF000064FF000071C
:100B80004FF000084FF0000B21F00701AC46ACE835
:100B9000C009ACE8C009ACE8C009ACE8C0098D46A2
:100BA000704710B50446AFF300802046BDE8104002
:100BB000FFF789BB002801D000F02AB87047000079
:100BC00010B5012805D0002103A000F027F801206E
:100BD00010BD09A1F8E7000053494752544D454D57
:100BE0003A204F7574206F662068656170206D65CE
:100BF0006D6F7279000000003A2048656170206DC9
:100C0000656D6F727920636F7272757074656400C0
:100C100001491820ABBEFEE72600020070B505466C
:100C20000C460A2000E06D1C00F011F835B1287860
:100C30000028F8D102E0641C00F009F814B1207813
:100C40000028F8D1BDE870400A20AFF3008008B555
:100C500069468DF800000320ABBE08BD104810B5F2
:100C600002680021116001688A6822F001028A602E
:100C70000068C06B43F2903180B2A0FB010147F6DF
:100C8000FF72801841F100014FF6FF720023FFF759
:100C9000B1FB0146BDE8104002480EF0B7BF0000AE
:100CA000082B012090B90020464910B54A6822F46B
:100CB00040324A604A6843681A434A6001684A6899
:100CC00022F480724A6001684A68036942EA03229A
:100CD0004A6001684A6822F040724A6001684A68C6
:100CE00083681A434A6001688A6822F400628A6055
:100CF00001688A68C3681A438A60816A6FF070620B
:100D0000D14201688A6822F070628A6001688A684C
:100D10000CD0836A1A438A6001688A6822F04052C4
:100D20008A6001688A68C36A1A4301E022F040526F
:100D30008A6001688A6822F002028A6001688A6813
:100D4000037E42EA43028A6090F82010002901687D
:100D50004A680FD042F400624A6001684A6822F48F
:100D600060424A6001684A68174C436A04EB4333A7
:100D70001A4301E022F400624A600168CA6A22F460
:100D80007002CA620168CA6A838B104C04EB035379
:100D90001A43CA6201688A6822F400728A60016894
:100DA0008A6890F8303042EA43228A6001688A6893
:100DB00022F480628A6001688A68406942EA802081
:100DC000886010BD0023014000E0FFFF0000F0FF3D
:100DD00018B50023009303098DF8003000F00F00D0
:100DE0008DF8010000206C46235C0A2B01D23033C1
:100DF00000E037330B54401C0228F5DB0220108042
:100E0000002018BD1E4C08B5656812F02BFF11F0CC
:100E1000B1FB4FF0E021002008614861886119486A
:100E2000016841F02061016072B60020421E81001D
:100E300001F1E021C1F88021C1F88022401C08287E
:100E4000F5D31148016841F480410160006800F465
:100E5000804000900D48016821F0030101600168A5
:100E600041F0010101600748001D0460BFF34F8F8E
:100E7000BFF36F8F206880F3088862B6A847FEE74B
:100E80000000FF1F04ED00E044380240003801403C
:100E90000C2005F065FF0FF085FA000030B5002842
:100EA00034D0016A002931D01949B1F85E20002AF6
:100EB0002CD091F87D10002928D100F12801C06ABA
:100EC000420848688B6813448B608B68834206D362
:100ED0008B688C68B3FBF0F303FB104088608C6A6E
:100EE000C86AA41840F100008C62C8625FF000007C
:100EF00001EB800313F1180353E8004F144443E857
:100F00000045002DF8D1401C0328F1DB30BD000066
:100F1000702900202DE9F04F85B015461C460A4681
:100F20000646DDE91010DDE90E733762C6E90341BC
:100F3000C6E901250246B37706F128001EF04BFDF5
:100F40006648DFF89C91006A38B1006828B1B9F8AA
:100F5000980201281DD002281BD000208046002DB9
:100F60007ED0DFF880A128684FEA074BF0B3F7B3D3
:100F700010F0A2FEB8F1000F0ED05B4A2968914232
:100F800001D0514508D1B9F898125848022902D029
:100F900002E00120E2E75648B0FBFBF1491C07FBE9
:100FA00001F2B0FBF2F0491E69600021401EC5E964
:100FB00002102846296114F049F84B4928688842F4
:100FC00001D050452DD14B4A904215D0B0F1804F01
:100FD00012D0494A90420FD088420DD047498842EA
:100FE0000AD0504508D04649884201E019E016E091
:100FF00002D04449884214D114216846FFF782FC8C
:101000005FEA080000D007200090002001906946A8
:10101000284614F00EFD20B110F01CFC01E0002069
:10102000B060ECB12068D8B1F7B310F045FEB8F16C
:10103000000F0BD02C4A2168914201D0514505D1B7
:10104000B9F898122948022900D14010B0FBFBF1F1
:10105000491C4F43B0FBF7F0491E0025401E00E03D
:1010600038E06160C4E902502046256113F0EEFFCC
:101070001D492068884201D050452BD11D4A90421D
:1010800014D0B0F1804F11D01B4A90420ED088424C
:101090000CD01A49884209D0504507D018498842D7
:1010A00004D01849884200E012E013D114216846A8
:1010B000FFF728FC5FEA080000D00720CDE9000513
:1010C0006946204614F0B5FC20B110F0C3FB01E0E6
:1010D0000020F06005B00020BDE8F08F40A60020A1
:1010E000709F0020000401400008004000881300A9
:1010F00000C409000000014000040040000C004052
:10110000004001400018004038B1406828B1006834
:1011100018B18168C90703D018E04FF0FF3070475D
:10112000816841F0010181600B490C4A0968B1FBFB
:10113000F2F1102901D20F2105E0B1F5006F03D9BA
:1011400000BF40F2FE7100BF491EFCD2816841F42D
:10115000800181600020704738060020400D0300A8
:1011600030B54FF0FF33A0B14168096889B1002262
:101170004CF250340FE08D68ED070AD01546521C32
:10118000A54208D9086820F0080008606FF0010047
:1011900030BD184630BD0D686D07ECD5CA6B828234
:1011A0000A6CC2824A6C02838A6C4283086820F00F
:1011B0000C000860002030BD00BF704770B50446C9
:1011C000006A002871D02046FFF7F6FF61684FF4EF
:1011D000885009684860E068016801B9A068006A41
:1011E00005684348296821F018012960296821F021
:1011F0000101296000E000BF2968C90701D0401E35
:10120000F9D22868C00702D06FF0010070BDEFF37B
:10121000108672B63748A8602069E860E06A400826
:101220006860002104F128001EF0EAFC3248854283
:1012300007D131494FF474602039086039201CF01F
:10124000CCFC06B962B6A068016879B30020486298
:10125000A16809680A6922F001020A61E168096867
:1012600041B14862E0680068016921F00101016153
:10127000E06800E0A0680068C16841F48071C16066
:1012800060680068816840F201121143816028683B
:1012900040F019002860A168184A0868904206D1F9
:1012A000016A41F4805101620EE01EE016E0144A2A
:1012B000904210D1016A41F001010162A06800680A
:1012C000416C41F400414164A0680068016841F04C
:1012D0000101016002E0084614F044F8E06800688B
:1012E00018B1016841F001010160002070BD0000EB
:1012F000400D03004C2001402864024000080040DB
:101300000000014070B504004FF000051CD060687B
:10131000D0B10068C0B1A06800F052F8E06820B118
:10132000A168884201D000F04BF8606800688168CD
:10133000204A11408160616841B3E06838B10268B9
:101340002AB1006A58B902E04FF0FF3070BDA068C2
:1013500018B102680AB1006A08B9886BB0B10068B8
:10136000A0B11549026822F018020260026822F05A
:101370000102026000E000BF0268D20701D0491EEE
:10138000F9D20168C90702D06FF001050AE00B49E4
:10139000884207D109494FF4746020390860392028
:1013A0001CF01BFC60680068016821F01E010160F0
:1013B000284670BDFEFEBFBF400D030028640240FA
:1013C00000281CD00168002919D0CA6822F4807254
:1013D000CA6001680A6822F001020A60084A0168CE
:1013E000914203D10A6A22F4805205E0054A9142F3
:1013F00003D10A6A22F001020A6214F02FB8704782
:101400000008004000000140002903D00844401EAD
:10141000491E884370472DE9FF4F81B01F4615468E
:10142000040010D000F0D4F904F5887100910298FE
:1014300000F03CFC060009D0204601F025F93046BA
:1014400005B0BDE8F08F4FF0FF30F9E7D4F8100198
:10145000416B006B00F0C3FD00287ED0D4F8100172
:10146000C16B806B00F0BBFD002876D0D4F8100172
:10147000416C006C00F0B3FD00286ED0D4F8100170
:1014800000F0C5F9002869D0002D67D0874265D3E8
:1014900005EB07080027C4F80871D4F810112E4690
:1014A000B946886D60B34D6D2021FFF7ADFF07464B
:1014B000B54253D305EB070AC2454FD8D4F81011F3
:1014C000C86DFF2804D98A6DC96983188B4205D974
:1014D000204601F0D9F86FF00300B1E7D4F81811F5
:1014E00001EB000B11462846FFF7EAF9D4F810018A
:1014F0005946826D2846FFF722F9A81B0744554636
:10150000D4F81001406B90B12021FFF77DFF2844F3
:1015100040455CD8C4F8D850D4F810110546871B54
:101520004A6BC4F8DC20096BC4F8E01005E0C4F88D
:10153000D890C4F8DC90C4F8E090D4F81001C06BE7
:10154000A8B12021FFF760FF284440453FD8C4F8E8
:10155000FC50D4F81011CA6B01E03EE037E0C4F84B
:101560000021896B0546871BC4F8041105E0C4F807
:10157000FC90C4F80091C4F80491D4F81001406CB8
:1015800090B12021FFF740FF284440451FD8C4F800
:10159000F050D4F810110546871B4A6CC4F8F420AB
:1015A000096CC4F8F81005E0C4F8F090C4F8F490A1
:1015B000C4F8F890D4F8D80078B1D4F8F00060B14D
:1015C000D4F81001A8EB0506C06A86420BD220466B
:1015D00001F05AF86FF0040032E7204601F054F8A9
:1015E0006FF007002CE72021FFF70EFF00EB070844
:1015F00004F59670814600F047FA482104F5B07072
:10160000FFF780F9D4F81001476917F4706F03D120
:10161000029900F078FB07434FF00110C4E9580726
:10162000C4E95A56D4F8D800C4F87001D4F8DC00E4
:10163000C4F87401D4F8FC00C4F87801D4F80001AF
:10164000C4F87C01D4F8F000C4F88001D4F8F400A8
:10165000C4F80881C4F884014946009800F070FA83
:10166000050004D0204600F0B3F82846E8E6012043
:1016700060800020E4E600000548006805498842D3
:1016800002D00549884201D10120704700207047EF
:10169000F4360120494145434B4F4D532DE9F05F4E
:1016A000444A4FF000084FF0FF361368FFF7E4FF9D
:1016B00000287CD04048834201D1012700E0002768
:1016C0004FF0000B91461046C2F820B0C2F818B097
:1016D000C2F81CB052688568384C022A02D36FF0F9
:1016E000010055E06FF0040A102D10D807B175B154
:1016F0000121104600F0E6FED8BBD4F8D80040B176
:10170000D4F8F01029B1D4F8DC10A94204D2504624
:101710003EE04FF0FF303BE0FFF7D2F8F4E93C0148
:10172000FFF7CEF8E068F03C18B1D4F80011FFF7ED
:10173000C7F85FB11F48D4F8D810243004E000BFC8
:1017400010F8012B01F8012B6D1EF9D21B4801F096
:10175000B5F8060000D40020D4F8F480B8F1100FDA
:1017600001D94FF01008134942463431D4F8F03013
:1017700004E00DE013F8015B01F8015B521EF9D2A1
:10178000B8F1040F04D3D4F8F0100968C9F81C109C
:10179000C9F80C00C9F81060D4F80C01C9F814009D
:1017A000C9F818800648C9F82000C9F800B0BDE89B
:1017B000F09F0000F436012049414543A8BC0020B9
:1017C000434541490149086070470000F036012057
:1017D00010B504000ED06088012806D1D4F810019D
:1017E00018B104F5887000F02AF92046BDE81040D1
:1017F00000F04ABF10BD012805D0022802D00328FE
:1018000003D000207047042070470120704770B556
:10181000040019D02021606BFFF7F6FD054620215A
:10182000E06BFFF7F1FD05442021606CFFF7ECFD54
:1018300005442021A06DFFF7E7FD05442021E06A63
:10184000FFF7E2FD284470BD002070BD10B500F028
:10185000E3FCA8B90D480168491C13D1007D88B983
:101860000024204600F062F938B1D0E90010084B9E
:10187000084A59405040014304D0641C022CF0D364
:10188000002010BD4FF4803010BD0000E0020020A9
:10189000474D49413233454370B500B10120134CE7
:1018A0000025207560B100F0B7FC70B1104801F060
:1018B00032F80F48FFF78CFF25756FF0070012E034
:1018C0000B4801F028F8256104E02068401C05D091
:1018D00000F0C4FDBDE8704000F03ABF044801F0DC
:1018E0001AF86FF001002061F4E70000E002002028
:1018F000A8BC002030B5184CC1B00546022802D360
:101900006FF0010005E01548B0F85E0018B16FF007
:101910000700206105E06A46284600F030F92061A2
:1019200020B1284600F0D9FE41B030BD2068A84261
:1019300008D109484FF4807269461830FEF786FFD7
:1019400000F08CFD284600F0C8FE2068A842EBD1CC
:1019500000F0FEFEE8E70000E00200207029002011
:1019600070B50546144C4FF0FF3604F11800FF2DFA
:1019700003D0022D08D3700018E04FF48071266068
:10198000FEF7C0FF002005E00146284600F0FCFA03
:1019900040B126602061094800F0BDFF0748FFF70D
:1019A00017FF04E0217D284600F08CFD2061BDE892
:1019B000704000F0CDBE0000E0020020A8BC002076
:1019C00010B500F029FC00280ED0084800F0A3FF55
:1019D0000648FFF7FDFE06480168491C02D06FF07B
:1019E000070101610021017510BD0000A8BC0020A5
:1019F000E002002001F0010252420A4203D0FF2916
:101A000001D9814202D36FF0030070470020704774
:101A100030B5002A0FD0084C11F8013B5840002384
:101A2000C50702D084EA500000E040085B1C082B88
:101A3000F6D3521EF0D130BD2083B8ED704718B1F7
:101A40008069002802D000474FF0FF30704708B58A
:101A5000694600F05BF810B16FF0010008BD009816
:101A600003C80FF06BFF0028F8D06FF0050008BD29
:101A7000012805D0022802D0032803D00020704797
:101A8000042070470120704710B504000DD03421A8
:101A9000FEF738FF4FF0011020600120606003481E
:101AA000A0600348E0600348206110BDA52A030838
:101AB000B92503083D1A020818B1012804D00020F6
:101AC00070474FF4805070474FF490507047002893
:101AD00009D0806811B1096901B10846012803D015
:101AE000022804D0002070474FF4807070474FF4F4
:101AF0000060704708B5694600F008F808B100209A
:101B000008BD009803C8081A401C08BD09B1022886
:101B100002D36FF001007047034A00EB400002EB74
:101B20008000086000207047F41D040808B569466D
:101B3000FFF7ECFF08B1002008BD0098006808BD61
:101B400010B58EB0040004D02069002803D021B164
:101B500007E04FF0FF300EB010BD6846FFF794FF6E
:101B600069460868B0F1011F02D14868012802D017
:101B70006FF00700EFE7226908469047EBE72DE991
:101B8000F74FADF5427D0C46C0A9C298FFF7BEFFE6
:101B900000280DD1C2981CB9FFF78EFF04000BD0AE
:101BA0006946204614F098FF6FF0020B38B1584692
:101BB0000DF5457DBDE8F08F6FF00100F8E74FF4BB
:101BC0008072694680A8FEF741FE80A8C29900F0A5
:101BD000E1F80028ECD1C298FFF739FF0028E7D1DF
:101BE000C098879E4FF0FF39D0F800A006F2FF1092
:101BF000470A00252EE045B16019694614F06CFFD4
:101C000018B1C09800F040F8D1E74FF40070864258
:101C100000D8304680461DB102466946484606E077
:101C2000B8F5807F06D9A8F58072484640A9FFF72D
:101C3000EFFE81464246694650460FF02FFF28B11D
:101C4000C09800F021F86FF00500B1E7C244A6EBA0
:101C500008066D1CBD42CED393996FEA09008142FC
:101C600005D0C09800F010F86FF00600A0E7C49906
:101C7000C29800F089F9040004D0C09800F004F87C
:101C8000204695E7002093E71CB5002100910191C3
:101C900048B10068082269460FF000FF002801D013
:101CA0006FF005001CBD4FF0FF301CBD38B50C00B7
:101CB000054623D06946FFF729FF00281DD10021E2
:101CC000284600F061F9002817D100980168C4E99E
:101CD000001500980268A2604268E2600A6A0AB1D0
:101CE00003681A44226102684B6A1A446261896A75
:101CF00039B100680844A061002038BD4FF0FF30C2
:101D000038BD0020F7E738B50A46040004D069461C
:101D10001046FFF7FBFE08B1002038BDA08A10F482
:101D20007060FAD121460098FFF7D1FE38BD30B47B
:101D300050B149B142693AB10B68B3F1011F06D005
:101D40006FF0070030BC70474FF0FF30FAE78B6848
:101D50006FF00404CBB10068CB68C56AAB4214D302
:101D6000436B23B10D6985B14D699D420DD3C36BA2
:101D700023B18D694DB1CD699D4206D3406C30B120
:101D80000B6A13B14B6A834201D22046DAE730BCBA
:101D9000084610472DE9F04FC1B00D46040016D09B
:101DA00040A92846FFF7B2FE002812D14098724E93
:101DB000724BD0E90021891A01F10108D4E9002110
:101DC000724059406FF003090A4371D104E04FF0AB
:101DD000FF3041B0BDE8F08FA1686FF00706012920
:101DE00069D1E168B1F1011F65D1A16C012962D10E
:101DF000216911B18068814264D1207DC00757D02C
:101E000029462046FFF77FFF054621464098FFF709
:101E10005EFE4FF40067B84201D14FF460600542A6
:101E200050D0681E05424DD14FF4007B4FF4807AAC
:101E30005D4504D0B5F5806F01D0BD421ED1206B49
:101E4000FFF716FE98B3616B89B3B1FBF0F200FBAC
:101E5000121272BB5D4502D100EB400006E0B5F501
:101E6000806F09D0BD4209D100EBC000B1FBF0F298
:101E700000FB1210E8B906E0C000F7E7554502D1B3
:101E8000606E40283DD2E06B0028A06B12D0FFF7B7
:101E9000EFFD60B1E16BB1FBF0F200FB121232B961
:101EA000C000B1FBF0F200FB121010B905E002E037
:101EB00049E026E008B130468BE74099A0690968FF
:101EC000884202D06FF0010083E7E069FF2818D94B
:101ED000404516D8A16D0546B1B1294A636D1A4433
:101EE000B2F5703F2FD2E56DFF2D2CD985422AD255
:101EF0005A18934205D8234B9A4202D8294481426A
:101F000006D96FF0040064E7616DE1B9E16DD1B904
:101F1000616AFFF76FFD0028CED1606AA84212D235
:101F2000216A09B1A9420ED2A06A08B1A8420AD218
:101F300019B1E069FFF75EFD28B9A16A29B1E0692E
:101F4000FFF758FD08B1484643E75546524621463B
:101F50006846FEF77BFC002014902A466946401E26
:101F6000FFF756FD216DC043814202D06FF006009D
:101F70002FE700202DE70000474D4941323345430C
:101F8000804BFFDF80740420F8B50D460646694695
:101F9000FFF7BCFD002818D10098314604682046A0
:101FA000FFF7F8FE002810D10098E26901684FF0B1
:101FB000FF3001F58071A2F58072FFF729FDE16C19
:101FC000C043814202D06FF00600F8BD2DB14FF43E
:101FD000807221462846FEF739FC0020F8BD00B586
:101FE00051B100280AD0FFF706FC30B1B1FBF0F286
:101FF00000FB121008B902E008B1002000BD01206A
:1020000000BD000070B5040022D0FFF71FFC02469F
:10201000B0F5703F00D900224FF470300D4D0059DB
:102020000119E960C5E901120B481DF0D4FC0B4809
:10203000844207D1D5E9010108440949884201D801
:10204000012000E000206875BDE8704000F006BA8D
:1020500070BD0000E002002050BE002080B40020CF
:1020600080740420002903D00844401E491E884380
:10207000704700002DE9F04105002DD01948417D41
:1020800051B3D0E901400619A86D6FF0040750B1B3
:10209000696D08442021FFF7E5FF696DA1421ED359
:1020A000B0421CD804462021686BFFF7DBFF0444D4
:1020B0002021E86BFFF7D6FF04442021686CFFF76E
:1020C000D1FF04442021E86AFFF7CCFF2044B0424E
:1020D00005D80020BDE8F0816FF00700FAE7384628
:1020E000F8E70000E002002070B504462021FEF76A
:1020F000E7FB3048314D008820802F48C18961803E
:10210000018AA180418AE18001892181418961811F
:102110008189A1810188E181418821828088608252
:10212000D5F800034FF6FF71A0FB010140F6E44231
:102130005310C018002641F100013346FEF75AF94A
:102140001F4BA082E68293ED000A1E4910EE100A92
:102150009FED1D1ADFED1D0A4FF04742884202DD58
:10216000B0EE410A05E010EE100A904201D9B0EE3F
:10217000600ABDEEC00A10EE100A208393ED010A3A
:1021800010EE100A884202DDB0EE410A05E010EEC2
:10219000100A904201D9B0EE600ABDEEC00A10EEFE
:1021A000100A6083D5F8F802A083D5F8F802000C75
:1021B000E08370BDC801002038B0002090B9002035
:1021C0004006002000FEFF4600FEFF46000000C75C
:1021D0007FB50E4800240294406803904FF48C7140
:1021E0000B48FEF78FFB0A48651E0123056000942B
:1021F00003AA02A90748019400F0FAFA054800F082
:102200008AFB04480565C0F80C417FBD0C1E04081C
:10221000E0020020A8BC00200448406820B1D0F8AB
:10222000C00008B1012070470020704790B900201D
:102230000AB1084402E000207047801A9042FCD2A4
:10224000704712B900207047891A9142FCD2884227
:1022500001D3401A7047081A101A70472DE9F05F31
:102260000C465FEA000A93464FF0FF3824D0104630
:10227000FFF7C1FA00B3B4FBF0F100FB1141D9B98B
:10228000B4FBF0F5DDB372B628498B68284887683F
:102290004A68466862B6896B71B1806B60B1402A4A
:1022A0000AD3402E08D32348006828B12248D0F82A
:1022B0001001446E402C02D34046BDE8F09F4021FF
:1022C0001846FFF7BEFF8146324640213846FFF7E9
:1022D000B8FF202C01D2154E00E0154E02D300BFEE
:1022E000A4F12004A04600D2484672684FEA851146
:1022F000A1F14001FFF7A5FF0746002412E013E01B
:1023000007EB4801304600F091F803B222465946E7
:10231000504600F03BF9726840213846FFF788FFCD
:102320000746641CAC42EBD30020C6E750B0002047
:1023300090B0002090B10020A8BC00202DE9FF4FF4
:1023400089B00024169D09989A460E46671E60B112
:10235000BAF1000F09D045B10B98FFF74CFA20B144
:10236000B6FBF0F100FB116119B138460DB0BDE8C4
:10237000F08FB6FBF0F62EB37019401EB0FBF5F9E6
:1023800072B629498868D1F804B062B6896B19B170
:102390005946BBF1200F16D26846FFF7A5FE6F46DF
:1023A0000EE000BFB4FBF5F005FB104122461AF821
:1023B00001000B9937F91030099800F0E7F8641C18
:1023C000B442EFD32DE00A462021FFF73AFF4FEA4F
:1023D00049115A462039FFF734FF009000201DE0D4
:1023E00000270FE01AF80700009901EB40010E48A2
:1023F00000F01CF803B222460B99099800F0C6F8C9
:10240000641C7F1CAF4201D2B442EBD35A46202158
:102410000098FFF70DFF009008F101008046484545
:10242000DED30020A2E7000010B1002010B520B1DB
:10243000826B12B14368022B01D2002010BD4368A9
:10244000B1FBF3F003FB1010411CB1FBF3F403FBF1
:102450001411105C515C40EA012010BD70B51748A2
:1024600000F059FA1548FFF7B3F9154C6FF007055E
:102470002068401C607D07D020B1A06810B1FFF734
:10248000CBFE28B1256170BD0028FBD00025F9E7FF
:102490000B481830FFF7EEFD28B9D4E9023207489F
:1024A0002168FEF7B8FF20610028ECD1207D0028CC
:1024B000E9D0BDE87040014800F026BAA8BC002071
:1024C000E00200202DE9F0470E4628498046894663
:1024D000FFF75AFD254C05004FF0FF37A4F1180413
:1024E00002D0276025612EE0C4F80080FFF794FE3B
:1024F0000546607D10B1A06800B185B11C4800F0B0
:102500000AFA1B48FFF764F96FF007002061002EFC
:1025100003D0002D01D000212175BDE8F087484689
:10252000FFF7A8FD206130B9D4E9023210482168D4
:10253000FEF771FF206105000DD04FF48071484611
:102540002760FEF7DFF90A4800F0E5F90848FFF7D1
:102550003FF92846E1E7064826B100F0D5F9012009
:102560002075F6E700F0D7F9F3E70000F802002045
:10257000A8BC0020002806D0002904D00A46014645
:1025800001480DF0C1BA704790B90020012906D06A
:1025900002290DD0032901D1190A8154704700EE98
:1025A000103A00EB8200B8EEC00A80ED000A7047D6
:1025B00020F8123070470000F8B5314C4FF0FF3072
:1025C00005466188012935D1D4F81021002A31D07F
:1025D000D4F8D81000292DD0D4F8DC10002929D047
:1025E000D4F814111046D834FFF78DFB074674E871
:1025F0003601FEF765F90826B7F5807F09D0B7F5F3
:10260000007F0DD0B7F5806F15D0B7F5006F10D1F2
:1026100018E0D83494E80700D83CFFF71FFE06E026
:102620000320D834009094E80700164B11E0050011
:1026300013D02846F8BDD834009694E80700114B13
:10264000103306E00920D834009094E807000D4BC1
:102650001833D83CFFF772FEE9E7D4F8FC0068B104
:10266000D4F8001151B1FEF72BF9FC340096054B5C
:1026700094E807000833FFF761FEF8BD0020F8BDBD
:10268000A8BC00200C1E040810B504461C2100F54F
:102690008870FEF737F9342104F59670FEF732F9A9
:1026A000482104F5B070FEF72DF900209CB104F12B
:1026B0009802C4F8D82003214023C4E93731C4E983
:1026C0003E10C4F800015032C4F804010823C4F8D5
:1026D0000801C4E93C23608010BD70B5CAB006464D
:1026E00028216846FEF70EF93046FFF71FFA054627
:1026F0003046FFF7FFF904460AA93046FFF744FCCD
:1027000018B30021AD228DF800209B228DF8012006
:102710008DF802608DF803100394CDE9010549B1ED
:10272000119804900F9805901F980690159807909F
:1027300017980890DA208DF824008DF825002621BE
:102740006846FFF717FF4AB070BD0121DAE70000C5
:1027500010B588B020216846FEF7D4F82249002041
:102760004A7D02B101200A68531C01D040F00200EA
:102770000B7D0BB140F004001C4B1C78A40701D565
:1027800040F008005B88012B01D140F01000AD2320
:102790008DF8003099238DF801308DF80200022A5F
:1027A00001D2D0B200E0FF208DF80300086901904B
:1027B0004868029088680D49039001F18000D1F8C3
:1027C000DC100491406F05900848D0F80C01069089
:1027D000DA208DF81C008DF81D001E216846FFF7D9
:1027E000C9FE08B010BD0000E0020020A8BC002017
:1027F0002DE9F05F9B46DDE90A8615460F46040089
:102800004FF0FF3A58D0EFB3E5B3FEF7E1FF207881
:102810004FF00009C00706D0D4F8E40018B1FDF766
:10282000C2FDC4F8E490A4F800903888A0807888AD
:10283000E080288820816888608184F854B0A4F8FA
:10284000568000201EB1404501DA315C00E00021D5
:102850002218401C11744028F4DB2046FFF714FFB7
:10286000402204F1980104F158001DF0B4F8002052
:1028700049462218401C82F898104028F9DB0020B5
:10288000221800E018E0401C82F8E8100828F7DB66
:10289000A08840B1E28832B15043FDF755FDC4F83D
:1028A000E40048B101E0C4F8E410208840F00100E1
:1028B00020800020BDE8F09F5046FBE770B5040083
:1028C00002D02078800702D44FF0FF3070BD0D4E4B
:1028D00075686088012807D019F0D3FB7068401B29
:1028E000C4F80C01206D70BD04F5B07104F588705A
:1028F000FFF71DFA7168491BC4F80C110028F2DBC0
:10290000206570BD001000E0002803D0018841F070
:10291000020101807047002803D0018821F00201E4
:10292000018070471FB5234C206808B1002000E0EB
:1029300001204FF48071CDE902101F4B4A00CDE910
:1029400000231E4A1E491F4807F0E2FE00B3002183
:10295000052007F005FE402116480BF0A3FB0122DD
:102960001146052007F0AAFC206B00B31649174852
:102970000123828BC06892B2CDE90202CDE9001337
:1029800013481449D0E909231348FEF7C3FA1FBDC1
:102990000121052007F0E4FD052007F0E5FB08F024
:1029A000C7F814220D49074808F000F8DCE70021B9
:1029B000DDE7000090B10020000402400C3001204F
:1029C000502B012018C200200071020038F70420AB
:1029D00040A60020082B012090C2002024B0002037
:1029E00070B5164D287818B11548B0F8980208B19E
:1029F000002070BD287918B919F0E8FF0028F8D038
:102A000019F0E7FF0028F4D000242C702C710D4839
:102A1000022180F8F012A0F8124319F0F5FE08B177
:102A20000EF018FF0CF02CF9074808A10A680261A3
:102A3000898881828475012070BD00009801002082
:102A4000709F002090B90020980200204345363442
:102A5000535F000070B5144D2878002803D0FFF7AD
:102A6000BFFF08B1002070BD10480024B0F89802E4
:102A7000012816D00E48012180F8F012A0F8124368
:102A800019F09EFE08B10EF0E5FE0CF0F9F80948C9
:102A900009A10A6802618988818284752C700120ED
:102AA00070BD2C70DEE7000098010020709F0020B0
:102AB00090B900209802002043453634585F00004A
:102AC00070B5002100B10170114AD2E90243A3425E
:102AD0001BD9B3F5004F18D9D56CA54215D3A3F572
:102AE00000439C4211D21A1B0FD02B1B934200D9DA
:102AF000134608B10124047064245008E3FB040168
:102B00000023FDF777FCC0B270BDFF2070BD000050
:102B1000702900202DE9F047334E6FF0020906F5C9
:102B20004055D5F8340230B1816B21B1096811B13B
:102B30000020BDE8F087EFF3108772B618B1806B04
:102B400008B10068C0BB29490868C00709D1D5F899
:102B50003002C268120604D4D5F8382212F4A03F1D
:102B600002D04FF0FF303BE0C26822F08002C2602A
:102B70001F48426922F0800242611E4C4FF0006003
:102B80004FF00008C4E9001040200101A060C4E932
:102B90000381C4F81480C4F81880C4F81C80C4F8F9
:102BA00020802046C4F824800FF056FC28B16FF036
:102BB0000100C4F8008013E00FE00F488463A063B5
:102BC000462010F067FD304608F093FED5F8340239
:102BD00028B1806B18B1006808B1002000E04846B9
:102BE000002FA6D162B6A4E7082D0020B8640240E9
:102BF000001001408C3401201C2F01202DE9F041F0
:102C00008046454886B00025016841F00201016018
:102C1000016801F002010591016841F004010160C1
:102C20000068142100F0040005906846FDF76AFE74
:102C30004FF4804401260094CDE90165374F694681
:102C4000384603950FF02EFE6000CDE90006032004
:102C5000CDE90250694638460FF024FE0122214694
:102C600038460FF01AFF2E48006808B919F046FDE3
:102C70002C4CD4F8B40218B94FF49640C4F8B402FE
:102C800084F8B9522649284808F03DF8274806F04C
:102C900016F9274806F013F92548322225497A38D3
:102CA000FDF74DFDB8F1000F07D064200FF084FC54
:102CB0001D4806F099FBE0B121E018481830016882
:102CC00041F480410160B4F8B00220F00800A4F89B
:102CD000B00204F52C7400F03BFA208820F080004C
:102CE000208054F87C0C0EF017F8208840F0020089
:102CF000208010483038016841F0020101600E4820
:102D0000C16841F02001C160C16821F40051C16077
:102D100006B0BDE8F08100003038024000080240F3
:102D20001C2F0120085D0020082D0020A064002039
:102D30003C600020A8020020001001402DE9F04175
:102D40000FF0B0FE2A4D064605F54054D4F8340283
:102D500018B1806B08B1006858B9D4F83002C06867
:102D6000000606D4D4F8380210F4A03F01D1FFF7D2
:102D7000D1FE05F580500746D0F80C0918B9D4F8F3
:102D80003802C00309D5284608F0A4FBD4F838025D
:102D9000C00302D5284608F0FBFAD7F80C0920B981
:102DA000D4F8380210F4A03000D00120B4F8B012EA
:102DB000090700D418B1BDE8F04100F0D1B9B4F86A
:102DC000B002C00604D40B48406928B1301A03D5BC
:102DD000BDE8F04100F0BCB907480068002804D104
:102DE0000648016841F400410160BDE8F08100003F
:102DF000082D00201802002090B100201808024081
:102E0000F0B5144EADF5017D044602281EDA4FF4EC
:102E1000007739466D4601A8FDF774FD0E483A4625
:102E20008068009004F191008DF80100DA208DF89F
:102E300002028DF80302094800EB4421A81CFDF7AB
:102E40007EFC3A1D6946304600F00AF80DF5017D1A
:102E5000F0BD0000082D0020081C040890B50020DB
:102E60002DE9F04115460F465FEA00084FF00004D7
:102E700001D007B12DBB4FF0FF30BDE8F0812E1B14
:102E8000142E00D9142639193246404602F07DFC32
:102E900010B16FF00100F0E7404608F01BFB401C4A
:102EA00006D0404608F036FC28B16FF00300E4E796
:102EB0006FF00200E1E73444AC4202D232200FF05E
:102EC0007BFBAC42DBD30020D7E7000070B5224883
:102ED000204DADF5816D8179E1B14FF40076324638
:102EE0001E4981A8FDF7B2FC1D4CA068CDF8040472
:102EF000218A41B10DF20442204604F02AFC10B1AF
:102F0000A068CDF80404E168DDF80404814206D924
:102F1000081A05E00121C1710DF5816D70BD002019
:102F2000C59031466C4601A8FDF7ECFC0D483246D1
:102F300081A940680090DA208DF802028DF8030222
:102F4000A01CFDF7FCFB4FF4017269462846FFF711
:102F500087FFE1E7082D00209801002090B10020B4
:102F600070290020081C04082DE9F0413D48006844
:102F70003C49091D0968C0F3015101EB8101C0F30F
:102F8000034202EB4103C0F3023101EB8101C0F3C4
:102F9000032202EB4101C0F3021202EB820200F0B5
:102FA0000F0000EB42004FF4616213FB02F2C1EB31
:102FB000011102EB81010C182B48D0F8DC022C4DDA
:102FC00010F0020F29484FF0010100F1800602D0F5
:102FD00080F8211043E090F82120002AF8D0306BCF
:102FE000201A2844B0FBF5F105FB11004AF6C00198
:102FF000884232D21F48B0F8B012C9062DD4B0F8BA
:10300000B01240F60842114227D1D0F8381211F41C
:10301000844F22D1A0F50051D1F80C1900291CD100
:10302000D0F82412002918D1D0F88C17002914D117
:10303000D0F8F00B002810D10F4807460CF0BAFB6F
:103040000A2239460D4806F013FB40B114F1010481
:10305000B4FBF5F005FB10403063BDE8F0810C34A3
:10306000F6E700000028004090B9002098010020F9
:1030700080510100085D002006600020082D00201E
:103080000848D0F85C0100B90748D0F81011074A89
:10309000B1FBF2F20649A1F89E220089A1F8A20232
:1030A000704700007029002090B1002080841E002D
:1030B000085D002070B50E4604000DD004F54055A3
:1030C000D5F8340240B1006830B1204608F022FB48
:1030D00028B16FF0010070BD4FF0FF3070BD04F5F6
:1030E0008054D4F80C0920B9D5F8380217490842A1
:1030F00002D06FF0020070BDD5F8340258B1806B79
:1031000048B1006838B1416811B90068C00702D001
:103110006FF0030070BD0FF0C5FC044609E000BF6E
:103120000FF0C0FC001B142802D36FF0040070BD28
:1031300000BFD5F83402006800684006F0D516B12B
:1031400030460FF039FA002070BD00002040010029
:103150000248016841F000410160704718080240D0
:1031600010B5FFF7F5FF0FF09DFC024932304861C2
:1031700010BD00001802002010B5044600F016F83B
:10318000002C12D0002810D0017B890702D541699C
:1031900001B12181017B490701D581696160017B12
:1031A000090702D5C069C4F8A40010BD10B50748CE
:1031B000074C084BD0E90021624059400A4302D134
:1031C0008168012900D0002010BD000000C0000867
:1031D00047464344323345430C4808B5016841F043
:1031E00080510160006800F08050009010F0C8FA33
:1031F000074A1021074810F0F4FF01221121054869
:1032000010F0EFFF10F0B0FA002008BD4038024087
:1032100007B032CEA42B01200A48416E826F01EB29
:10322000410189088A4204D3816F426ED2439142A0
:1032300006D30089012803D1012102481CF01CBBE0
:103240007047000038C300207FB505460C460820B3
:1032500006F08AFF00F048F813480822CDE9000282
:103260002021CDE9020123462A461049104802F0E8
:10327000B9FD78B10021082007F072F9012211464A
:10328000082007F01BF80A4802F012FD4FF0FF304B
:1032900004B070BD0121082007F062F9082006F093
:1032A00063FF0020F4E7000000040240742C0120BA
:1032B00038C30020094810B5C06A4FF0FF3440B150
:1032C000074881698068FFF7BFFF002800D02046CB
:1032D00010BD044802F0ECFCF9E7000090B10020BA
:1032E00038F7042038C3002018F014BD2DE9F04150
:1032F0001CF0EAFA00252C4A2C462846D2F8042075
:1033000029469C2600EBC00306EB8303D3585D19C6
:103310004C41401C0628F5DB2846214600F050F8B9
:10332000074606F017FF02462048214B00785B1B3A
:10333000C0F340010020A04101D2012300E000239E
:103340001C48C66A06B901B105271B4E356074607A
:10335000B7600468F460C46A3461046B7461C06A65
:1033600000B1012040EA410040EA8300002A0AD06F
:103370004FF0000140EAC100F06107D14FF00000BA
:1033800019F0F8FC05E04FF00101F3E7384619F0B9
:103390003FFC19F0D9FD09480068B0610DF028F82C
:1033A0000020BDE8F081000090B90020A8BC0020FA
:1033B0000068420090B10020A8A700203806002035
:1033C000124B00221B1A8A4101D300207047104B78
:1033D00000221B1A8A4101D3012070470D4B0022A5
:1033E0001B1A8A4101D3022070470B4B00221B1A83
:1033F0008A4101D303207047084B0022181A8A41E2
:1034000001D304207047052070470000A2170F0069
:10341000831F14001F2C1C00073F28008B5E3C00FC
:1034200010B504462DED028B403091ED000A0DF0F1
:1034300079FDB0EE408A84ED008A04F562700DF0EB
:1034400071FDA06A012820D0F0EE408A41F2387167
:10345000B0EE680A60180DF065FD84ED010A84ED98
:10346000048AC4ED058A002104F5D4500DF018FE3D
:1034700041F6A820005DC0070AD0BDEC028B2046B3
:10348000BDE81040002100F003BEF0EEC08ADDE789
:10349000BDEC028B10BD704770B504462DED028B5C
:1034A0000D4691ED000A40300DF03CFD606A0128A8
:1034B00001D1B0EEC00A41F2F031F0EE408A60185E
:1034C0000DF030FD84ED000A95ED010A04F56270FF
:1034D0000DF028FDA06A012834D0B0EE408A00BF6C
:1034E00041F23871B0EE480A60180DF01BFD84ED12
:1034F000010AC4ED048A84ED058A94ED000A0021D6
:1035000004F5D4500DF0CCFD41F6BC2094ED010A39
:10351000012120440DF0C4FD04F5805595F8A80A5A
:10352000C00703D00021204600F0B2FD95F8E40A60
:10353000C0070AD0BDEC028B2046BDE870400121D7
:1035400000F0A6BDB0EEC08ACAE7BDEC028B70BD2C
:103550002DE9F04704462DED0A8B0D46403091EDE4
:10356000000A0DF0DFFC41F2F030F0EE408A20441A
:103570000DF0D8FCB0EE409A95ED010A04F56270AA
:103580000DF0D0FC41F23870B0EE408A20440DF0CE
:10359000C9FC69EE090AF0EE409A48EEA80A10EE5E
:1035A000900A1DF0CFFF41EC100B1BF0C9FC51EC51
:1035B000100B1DF0E3F869EEA90A206048EE080A36
:1035C00010EE900A1DF0BEFF41EC100B1BF0B8FC92
:1035D00051EC100B1DF0D2F86060C4ED048A84ED4C
:1035E000058A94ED000A002104F5D4500DF058FD31
:1035F00041F6BC2294ED010A0121A0180DF050FD06
:1036000004F58057002697F8A80AC00700D00126C5
:1036100018EE900A1DF096FF41EC1A0B19EE100AF5
:103620001DF090FF41EC100BB0EE4A1AF0EE6A1A52
:103630001AF082FC51EC100B1DF0A0F809EE100AF4
:10364000E06A594D4FF0010890ED5D0AD0ED618AB6
:10365000B4EEC09AF1EE10FA02DA0026C5F808803E
:103660009FED52AB9FED53BBF4EEC08AF1EE10FA22
:1036700021D218EE900A1DF065FF53EC1A2B1DF0B5
:10368000AFF81DF07BF808EE900AA86840001DF026
:103690005CFB53EC1B2B1DF005FC41EC1C0B19EEE5
:1036A000100A1DF04FFF53EC1C2B1DF099F81DF074
:1036B00065F809EE100A4FF00009B4EEE89AF1EE51
:1036C00010FA03DB002000F0F3FC06E02EB100212D
:1036D000204600F0DDFCC5F8089097F8E40A0026C3
:1036E000C00700D0012618EE100A1DF02BFF41EC98
:1036F000180B19EE900A1DF025FF41EC100BB0EEEF
:10370000481AF0EE681A1AF017FC51EC100B1DF075
:1037100035F808EE900AE06A90ED5D0A90ED618A56
:10372000F4EEC08AF1EE10FA02DA0026C5F80C8039
:10373000B4EEC08AF1EE10FA21D218EE100A1DF094
:1037400001FF53EC1A2B1DF04BF81DF017F808EE93
:10375000100AE86840001DF0F8FA53EC1B2B1DF02E
:10376000A1FB41EC190B18EE900A1DF0EBFE53EC97
:10377000192B1DF035F81DF001F808EE900AF4EE53
:10378000C88AF1EE10FA06DB012000F091FCBDECD6
:103790000A8BBDE8F087002EF9D00121204600F009
:1037A00077FCC5F80C90F2E700000020112D44547E
:1037B000FB211940112D4454FB21094070B50446EA
:1037C0002DED028B0D4691ED000A40300DF0AAFB65
:1037D000606A012801D1B0EEC00A41F2F031F0EE8A
:1037E000408A60180DF09EFB84ED000A95ED010AF9
:1037F00004F562700DF096FBA06A012830D0B0EE9F
:10380000408A00BF41F23871B0EE480A60180DF0EE
:1038100089FB84ED010AC4ED048A84ED058A94EDE8
:10382000000A002104F5D4500DF03AFC41F6BC200A
:1038300094ED010A012120440DF032FC04F5805082
:1038400090F8A81AC9070ED090F8E40AC0070AD069
:10385000BDEC028B2046BDE87040002100F018BC92
:10386000B0EEC08ACEE7BDEC028B70BD2DE9F05FF3
:1038700004462DED028B00F58059C162002004F54D
:103880000056C9F8F82A9FED3A8A93468846A6F86A
:103890002C030546824600BF04EB4507F88B20F455
:1038A0000060F883A08B052809D90BEB4520D0F8E0
:1038B00084100A2903D250F8841F18310160284669
:1038C00000F0F4FB2946204600F0D2F929462046B4
:1038D00000F054F804EB8501012007F58057486299
:1038E000A7F818AFA7F81CAFB6F82411C01EA8405F
:1038F0000140A6F82411B6F828110140A6F82811B5
:10390000002004EB052100BF01EB800202F500520C
:10391000401C82ED4B8A4028F6DB6D1C022DBBDB80
:10392000E06A90F840016083D8F87021D8F86C11F3
:10393000204600F017FAC4F82C80D8F8A400A08321
:10394000A4F822A0AD2189F8201FAE2189F8211FFB
:10395000DA2086F8220186F823010648E06306484B
:103960000068BDEC028BBDE8F05FFCF7ABBE000069
:103970000000000085410208282800402DE9F84396
:1039800006460F46C06A40F2E24108B1406B00B9FA
:10399000084680B2B0FBF1F1C7EB0710C0EBC000E6
:1039A00006EBC00505F5DA6005F5566404294AD032
:1039B00004DC012972D002292FD15AE0082915D040
:1039C00010292AD1DFF80081032308F14802A2F16F
:1039D0002401CDF800800DF0F5FA08F148022046E8
:1039E0000323A2F12401CDF8008014E0DFF8D88091
:1039F000032308F16C0808F14802A2F12401CDF874
:103A000000800DF0DFFA08F1480220460323A2F1FE
:103A10002401CDF800800DF0D5FA41F6F820805948
:103A200000EB472241F2F030291805F1400007F081
:103A300085FFC7EB071006EB8000BDE8F84300F5F3
:103A4000D4500DF0F5BADFF88080032308F1D808D0
:103A500008F14802A2F12401CDF800800DF0B2FA7D
:103A600008F1480220460323A2F12401CDF800808A
:103A7000D1E7DFF858800323A8F1FC0202F590712A
:103A8000CDF800800DF09EFAA8F1FC022046032339
:103A900002F59071CDF80080BDE7FFE7DFF82C80DC
:103AA000032308F1480808F14802A2F12401CDF8E7
:103AB00000800DF087FA08F1480220460323A2F1A6
:103AC0002401CDF80080A6E7001804084419040872
:103AD0002DE9FC4789460446002500F5805600BFC5
:103AE00004EB8508D6F8F80AD8F8303000EB45200A
:103AF00001AA49469847C5EB0510C0EBC00004EB8E
:103B0000C00000F5DA6007469DED010A0DF00AFAE3
:103B100088ED020AD6F8F80A6A4600EB45204946C5
:103B20000DF02DF938469DED000A0DF0FBF96D1CE6
:103B30008DED000A022DD3DB208B618B884227D1CB
:103B400000202083014604F5005000BF04EB012251
:103B5000B0F82C339DED000A02EB830202F500520F
:103B6000491C82ED4B0A0229F0DB90F82C13491C0A
:103B700001F03F01A0F82C1304F10801A26B0D46DF
:103B800020469047E26B294620469047BDE8FC87D7
:103B9000401C2083FAE710B500F5D8510446D1E95E
:103BA0000223521E43F1FF33C1E90223D14371EADC
:103BB000030107D100F008F82046BDE810400021BD
:103BC00000F066BA10BD00002DE9F04100252DED92
:103BD000028BC16A09B1496B09B940F2E2418FB267
:103BE00000F5D854FCF776FB00EE100ADFED170A5B
:103BF000D4E90060B8EEC00A801B60EE200A00EE37
:103C0000100AB8EE400A20EE800A10EE100A1DF0ED
:103C100051FD36184D4138461DF0AEF89FED0C1B96
:103C200053EC112B1CF098FE41EC180B3046294642
:103C30001DF0B6F853EC182B1DF034F91DF0FEFC06
:103C4000C4E90201BDEC028BBDE8F0810000003048
:103C5000000000000000244004498A8E22F48052B3
:103C600042F400528A860AF06BBC000098010020E2
:103C70002DE9F043C56A85B00E4604464FF00009B1
:103C80000DB1686B08B940F2E2401FFA80F841F6C6
:103C9000F820678B005900EB462104EB860030309A
:103CA0000DF09AF805EB860006F0FF0CD0F8E8302E
:103CB000D0F8D82050F8A81F0DF1040E8EE80E1091
:103CC0000169009190ED160A016C016B01680069B1
:103CD000D5F8FC30D5F8F820C6EB061004EB8000D0
:103CE000414600F5D4500DF0A9F931462046FFF7C2
:103CF00045FEE06AD0F8A40080B2A0836783A4F8F0
:103D00001890082809D2DFE800F004060F111315F7
:103D100017190B4800E00B48A0630B48006805B07A
:103D2000BDE8F043FCF7CEBC0848F5E70848F3E7E8
:103D30000848F1E70848EFE70848EDE70848EBE7EF
:103D400097340208A93D0208282800409934020847
:103D500021340208BD370208973B02080D3E0208D5
:103D60005135020800F5805303F5306306C3FFF7B1
:103D70002BBF000030B442F22412002311521A4625
:103D80005FF0010505FA02F40C4200D00123521C39
:103D9000022AF7DB1BB10349C16330BC704730BC5A
:103DA00000F0CEB9B940020810B504462DED028BE3
:103DB000403091ED000A0DF0B5F8606A01281ED080
:103DC000B0EE408A41F2F031B0EE480A60180DF0D2
:103DD000A9F884ED000A84ED048A002104F5D4508A
:103DE0000DF05EF941F6A820005DC0070AD0BDECD9
:103DF000028B2046BDE81040002100F049B9B0EE2A
:103E0000C08ADFE7BDEC028B10BD000070B5044630
:103E10002DED068B403091ED000A0DF083F841F254
:103E2000F030B0EE408A20440DF07CF8B0EE409ABD
:103E300069EE090A48EE080A10EE900A1DF082FBAE
:103E400041EC100B1BF07CF851EC100B1CF096FCB5
:103E5000206084ED048A18EE100A1DF073FB41EC1B
:103E60001A0B19EE100A1DF06DFB41EC100BB0EEB1
:103E70004A1AF0EE6A1A1AF05FF851EC100B1CF0B7
:103E80007DFC08EE900A18EE100A1DF05BFB41EC79
:103E90001A0B19EE100A1DF055FB41EC100BB0EE99
:103EA0004A1AF0EE6A1A1AF047F89FED311B51ECEE
:103EB000100B53EC112B1CF04FFD9FED2F9B53EC7F
:103EC000192B1CF0EFFF53EC192B1CF089FC1CF094
:103ED00055FC6060606194ED000A002104F5D45047
:103EE0000DF0DEF841F6A8200025005DC00700D0E7
:103EF0000125E06A90ED5D9A90ED618AB4EEC98A81
:103F0000F1EE10FA0DD218EE100A1DF01BFB9FED1A
:103F10001C1B53EC112B1CF063FC1CF02FFC08EE57
:103F2000100A194E35B1F4EEC98AF1EE10FA01DB30
:103F3000C6ED018AD6ED010AB0EE680A1CF0B2FBAC
:103F4000B4EEC80A86ED010AF1EE10FA05DB002096
:103F500000F0AEF8BDEC068B70BD002DFAD0BDECC4
:103F6000068B20460021BDE8704000F091B80000AB
:103F7000112D4454FB21094000000000004CCD40AD
:103F8000112D4454FB2119400000002010B5838BF3
:103F900000F5D45141F6BC244FF400622044082BB4
:103FA00006D2DFE803F005040606060404068A626A
:103FB00010BD8A62826210BD0348818E21F40051D7
:103FC00041F48051818670479801002070B52B4CD8
:103FD0000500208E02D0012D06D102E040F0010044
:103FE00001E040F0040020862548D0F8A000012818
:103FF0003ED10EF057FD234B002153F82520861AA1
:1040000071EB01060E4606D2821A66EB0101521EC2
:1040100041F1000102E0821A66EB010143F825003C
:104020000A2300209A1A884122D217484188012980
:104030000DD1007880070AD5FEF7BEFA18B91248EC
:10404000FEF73CFC18B1208E40F400600FE0208E9B
:1040500020F4006020860120A840C1B20B480BF07C
:10406000CBF835B1012D03D1208E40F00800208619
:1040700070BD208E40F00200F9E70000980100209A
:1040800090B1002098020020A8BC0020706F002092
:1040900010B500F500500123B0F826218B401A43DB
:1040A000A0F826210846FFF791FF10BD00BF70471A
:1040B00000BF704700BF704730B51F4900F5805200
:1040C0000C88B2F8183F641CA4B20C80022C32D1C8
:1040D00000240C8090ED020A00EB430404F58054A8
:1040E000BDEEC00A10EE101AA4F8181B00F500511E
:1040F00091F82641E4071AD0B2F81C4F651CA2F8CB
:104100001C5F802C13D3B1F8264124F00104A1F8E0
:104110002641B1F8244124F00104A1F82441074CC0
:10412000C463B1F8280140F00100A1F828015B1C2C
:10413000D8B2A2F8180F30BD000000208541020857
:1041400070B50F490022C1631346951E00F500515A
:1041500000EB420404F58054A4F8183FA4F81C3F77
:10416000B1F8246105FA02F42640A1F82461B1F8FF
:104170002861521C2640A1F82861022AE8DB70BDA4
:104180008541020800BF70472DE9F04100F5005558
:10419000044695F828010026012710F0010F2BD0C6
:1041A00004F580510022B1F8180FA1F8182FA1F8DA
:1041B0001C2F114604EB462202EB400304EB410C9A
:1041C00003F580530CF5805C401CB3F8183B491C88
:1041D000ACF8223FC0B2FF29EEDD4FF4017204F5C6
:1041E000F951304600F00CF8B5F82801B740B84353
:1041F000A5F828010148E063BDE8F081B940020854
:10420000084810B5D0F8DC0200F00200401C07D0CE
:10421000054807F029F8BDE81040034807F05AB9EF
:1042200010BD000090B90020082D00202DE9F04FAE
:10423000FB48DFF8F4B3FD4F2DED088BADF5137D92
:10424000F6EE008A8690F74800F5C0599FEDF88A8F
:104250009FEDF89AF84E00F5DA6A00F58058B4E25E
:104260000EF020FCF54DC5F8E802849C20788A28E1
:1042700075D04CDC312873D024DC142871D010DCCC
:104280000528ECD006DC01286CD002286BD003286E
:10429000E5D1EDE0112867D0122877D01328DED1C0
:1042A0006BE1212873D006DC152871D01828D6D0F0
:1042B0002028D4D1CCE122286BD023286AD0302802
:1042C000CDD180E251287DD010DC41287BD006DCA6
:1042D000322879D0332878D04028C0D1B9E242289A
:1042E00074D0432873D05028B9D1F6E281286FD01A
:1042F00006DC60286DD061286CD08028AFD10CE33B
:10430000822868D0842867D08928A8D183E39E2892
:104310007BD017DCA0F18C001228A0D2DFE810F0CF
:10432000F903330455020A05C305C605C805CC05C3
:104330001A0627062F0644064D065606550259064C
:1043400055026806B8287DD016DCAB287BD00CDC83
:104350009F2884D0A02877D0A12899D1FDE3A5E398
:1043600034E21BE11EE051E0B1E0AC286DD0AD2895
:104370006CD0AE288CD1F1E3F12868D00BDCBA28E0
:1043800066D0BB2871D0F02889D1E8E3E5E07EE172
:1043900025E1A1E1DAE1F22868D0F32867D0F4281A
:1043A00087D1EFE34FF40072A5496846FCF74EFA57
:1043B00094F8913069468DF8903091204FF48872CE
:1043C00023180AE092E24CE209E224E258E27FE29A
:1043D000B7E290E29BE2C7E219E35B780B54401C22
:1043E0009042EDDB084602F0C6F8002886D14FF473
:1043F000007269469248FCF729FA924A9049894826
:10440000FFF734FA0BF060FBFEE1FDE34FF40072BE
:104410006846611C02F0B6F8684602F06EF80028A3
:104420009BD189488090874882908098CDF80CD2A3
:104430000021416180984FF400748161809880214F
:10444000816006E0FEE3FEE3FEE3FEE3FEE3FEE35F
:10445000FEE380980EF000F828B9DDE982212346BA
:1044600080980EF063F8002125E0F2E3F2E3F2E336
:104470004FF400726846611C02F084F8684602F04E
:104480003CF800288CD170488090CDF80CD20021E7
:10449000416180984FF4007481618098802181602F
:1044A00080980DF0D9FF28B923465A468399809801
:1044B0000EF03CF801215B48FFF7DAFB0BF004FB40
:1044C000D5F8DC0240F00800C5F8DC02C7E66078E9
:1044D00000F00F00042805D8607800F00F0158485C
:1044E000C0F8A4105648D0F8A41029B9D8F8A81AD2
:1044F00041F40062C8F8A82AD0F8A41002290BD110
:10450000D8F8A81A41F40062C8F8A82AD8F8E41A22
:1045100041F40062C8F8E42AD0F8A41004290BD1B1
:10452000D8F8A81A41F40062C8F8A82AD8F8E41A02
:1045300041F40062C8F8E42AD0F8A4000328C5D1E9
:10454000D8F8A80A40F40061C8F8A81AD8F8E40A14
:1045500040F40061C8F8E41A81E6012103AA0020B2
:10456000849B5B5C1354491C401CC9B20428F7DBD4
:1045700033480399C0F8141171E6012003AA002101
:10458000849B1B5C5354401C491CC0B20229F7DBBE
:104590002B48BDF80C10C0F8201198E06378022178
:1045A000022B93D26A460020849C645C1454491CFC
:1045B000401CC9B20428F7DB13B1012B86D105E0FA
:1045C0009DED000A174889EDA50A25E09DED000A3A
:1045D0001E4889EDB40A00BF09F0B2FF3FE66278D9
:1045E000022AB9D201A90020849B03449B780B5472
:1045F000401C0428F8DB0B48C2EB021100EB8100E1
:104600009DED010A00F5C05181EDA60AD1EDA70A82
:1046100020EE200A81EDA50A00F5D450DCE7000069
:10462000082D00204006002090B7002010A2002096
:10463000000000006666663F709F002090B9002071
:1046400090B1002090B50020AC2F0120FC2000206C
:1046500014216846FCF756F91422611C684601F0E3
:1046600091FFFF480099C8F8841AC0F8D810019942
:10467000C8F8881AC0F8E8100299C8F88C1AC0F86F
:10468000B8100399C8F8901A40F8A81F1DE014212B
:104690006846FCF737F91422611C684601F072FF86
:1046A000EF480099C8F8C01AC0F8DC100199C8F8A2
:1046B000C41AC0F8EC100299C8F8C81AC0F8BC10A7
:1046C0000399C8F8CC1A40F8AC1F04990162E44978
:1046D000E4480AF0ADFAC2E51C218CA8FCF712F9F7
:1046E000889D012D29D96D1E1C2D00D91C252A4617
:1046F000611C8CA801F046FF4FF400742246DA4991
:104700006846FCF7A3F88C9823908D9821908E989A
:1047100020908F988DF8000090988DF80100919866
:104720008DF802001C2D02D392988DF80300684684
:1047300001F0E3FE0028CED101E00025D7E72246B4
:104740006946C948FCF782F8002138E01C218CA892
:10475000FCF7D8F8889D012D29D96D1E1C2D00D994
:104760001C252A46611C8CA801F00CFF4FF4007434
:10477000224659466846FCF769F88C9823908D9834
:1047800021908E9820908F988DF8000090988DF849
:10479000010091988DF802001C2D02D392988DF89B
:1047A0000300684601F0A9FE002894D101E000252D
:1047B000D7E7224669465846FCF748F80121AB483E
:1047C000FFF7DCF84BE508F009FCA5E208F034FC43
:1047D000A7A00522D0E90010CDE90010C2E000201A
:1047E000ADF8000002226846611C01F0CBFEBDF866
:1047F000003044F62060834200DD03464FF0FF3274
:1048000000219D481BF0C8FED5F8E00240F04000B2
:10481000C5F8E00254E600200090019002900C22BE
:104820006846611C01F0AEFE009944F620608142AA
:1048300000D808468A4988620198102800D91020BB
:10484000C8628E48029A824200D8104608638B6A7A
:10485000D4E7D5F8DC0240F00200C5F8DC0288A0FD
:1048600006E0D5F8DC0220F00200C5F8DC0285A0E5
:1048700003220068009069467A480AF07EFC4BE209
:1048800060780006607800F07F000CD4402899D250
:10489000EFF3108572B661787148C0F818110121E4
:1048A000A0F5A0700AE010288CD2EFF3108572B644
:1048B00061786B48C0F818110121803807F092FC2C
:1048C0006748C03807F06EFC002DD8D162B623E2ED
:1048D00061786648FFF74EFA1EE26B4801680906E8
:1048E000FCD55F49D1F81C11416015E2D5F8E00212
:1048F00040F00200A6E36478E00702D00020FFF752
:1049000065FBA007BBD50120FFF760FB04E26178DF
:10491000A27859480AF046FFFEE15B4801680906A3
:10492000FCD55AA00122006800906946869800F0E4
:104930002CFF869806F0CEFD388840F008003880BD
:10494000EAE1514801680906FCD5514B0FCB8DE8CF
:104950000F00504800680168CDF80110806ACDF85A
:1049600005000D226946F7E3B6F8980210B1012858
:1049700009D015E0484801240470FEF76BF878B1BF
:10498000454844700CE00EF08DF843498A782AB10E
:104990008A6B801A41F28832904201D3012048701C
:1049A000388840072ED597ED020AD7ED010A97ED1A
:1049B000061AF88C70EE600A97ED030AADF8140041
:1049C000AD208DF8000082208DF8010001208DF8C7
:1049D000020010EE900A6946CDF8030011EE100AAD
:1049E000CDF8070010EE100ACDF80B00BDF814004A
:1049F000ADF80F00DA208DF811008DF812001322A7
:104A00002648FAE3D5F8E00240F001001AE3E07826
:104A100007F0A4FA80E122480BF086F900203880E4
:104A20001D4880ED0F8A80ED108A80ED118A816C1F
:104A3000491C8164D5F8E00240F00100C5F8E002AD
:104A40001848B0F8981221F0800141F04001A0F818
:104A50009812B6F898020128DCD113A008E70000EC
:104A600090B10020706F002090B50020400600201B
:104A70005A5A31A5A500000090B90020007102002B
:104A80003C403E003C413E000010014080000000E0
:104A9000401C0408A42B012098010020082D0020B0
:104AA00010A20020085D00203C893E00042205A8D9
:104AB000611C01F067FD849914226846491D01F0CC
:104AC00061FD3888042807D00024694605A809F04C
:104AD00071F9B8B114B10DE00124F6E7FE4880ED9C
:104AE0000F8A80ED108A80ED118AFC480BF01CF9CA
:104AF00001203880072005F037FBF9A1869806F0E1
:104B0000BBFC09E102220421072005F0D7FBF7A135
:104B1000F4E708220DA8611C01F034FD84990822F5
:104B20000FA8093101F02EFD0DA90FA80BF02AFBEB
:104B3000E948803080ED100A90ED100AE7480BF04C
:104B40000DF9002208A9EE480FF058FC002207A931
:104B5000EB480FF031FC3C2002E076E2FDE2E5E3B9
:104B60008DF800008A208DF801000798CDF802002A
:104B7000142208A90DF10600FBF7E1FD3E208DF897
:104B80001A00C9E0EAE308220AA8611C01F0FAFC55
:104B9000849908220CA8093101F0F4FC84990822B8
:104BA0000EA8113101F0EEFCD54C00252A4605A9CE
:104BB00020460FF023FC2A4610A920460FF0FCFBEC
:104BC0009DF815009DF81610C0EB001001EB800059
:104BD0000390079818B9CB480069C0F30E000699F6
:104BE000814200D90146079A401A1AB9C549096994
:104BF000C1F30E0242F20F71904200D910460AB181
:104C0000914205D1884200E00DE215D9084613E033
:104C100003460020521C410842F210744FEA320051
:104C2000E3FB04014FF00003FBF7E4FB631E0022EB
:104C30001B1A8A4100D2601E04900AA90CA80BF02E
:104C4000A1FA09E0A5E223E2F5E138E268E2D4E363
:104C50000DE339E3FEE3FEE3B0EE40AA03A90EA89C
:104C60000BF090FAF0EE40AA0AA93AEE2A0A03A83D
:104C700020EE28BA0BF086FAF0EE409A0CA90EA8A6
:104C80000BF080FA79EEC09AF5EEC09AF1EE10FAC8
:104C900019DD19EE900A9C49884214DAB0EE4B0AED
:104CA0008E480BF05BF88C4890ED0F0AB5EEC00A09
:104CB000F1EE10FA04D9F4EEC09AF1EE10FA02D235
:104CC0003C30C0EC039AF5EEC09AF1EE10FA23DD09
:104CD000D7ED040A29EEA80AF5EEC00AF1EE10FAA3
:104CE00006D9D7ED040AF4EEC00AF1EE10FA01DDA0
:104CF00087ED040A97ED030AB5EEC00AF1EE10FA4B
:104D000097ED040A06D9D7ED030AF4EEC00AF1EED6
:104D100010FA02DD87ED030AB1E3D7ED030A9FED38
:104D20007B1A60EE810A9FED7A1A40EE010AC7ED08
:104D3000030AA4E3002008900422611C08A801F0E3
:104D400021FC74480899C0F8F8126D4C002203A9A0
:104D500020460FF053FB00220AA920460FF02CFB3F
:104D60009DF80D009DF80E10C0EB001001EB8004C3
:104D7000059919B963480069C0F30E010498884287
:104D800000D90846059A0B1A1AB95E480069C0F3A3
:104D90000E0242F20F70934200D913460AB19042BC
:104DA00003D1834214D8184612E00020521C410857
:104DB00042F210754FEA3200E3FB05014FF00003A9
:104DC000FBF718FB6B1E00221B1A8A4100D2681EDB
:104DD0000A21B0FBF1F004EB4401C1EBC41100EB7C
:104DE000C100089C4B4A210DC0F313050091C2F885
:104DF000FC52AD218DF80C108F218DF80D10CDF8DF
:104E00000E00DA208DF812008DF81300082203A995
:104E1000414800F0BAFC869806F05CFB00996018E7
:104E2000C0F31300281AB0F5002F02DDA0F58010A2
:104E300004E010F5002F01DA00F5801000EE100AF2
:104E40009FED361A244CF8EEC00AE08D80EE810A00
:104E5000002804F1800021D0D0ED110A9FED301A16
:104E600060EE890A40EE010AC0ED110A1A489FED72
:104E70002C1A8030D0ED110A70EE600A90ED120A03
:104E800020EE090A60EEA00A00EE810A80ED120A07
:104E90000BF054F9E08D401CE085F0E280ED110A42
:104EA00080ED128AE2E7FEF711F8E8E2002000E068
:104EB0000120FDF7A5FFE2E260780228EDD2AD21E6
:104EC0008DF8001093218DF801108DF80200C0EBD1
:104ED0000011144828E000009801002010A20020D2
:104EE00052544320534554204F4B0000455252200A
:104EF0003037303420463430204430300000000059
:104F0000A42B0120002800400000404052B87E3F02
:104F10000AD7A33B90B90020082D002000007A4456
:104F2000CDCCCC3D4006002000EB8100A0F26C50BF
:104F300000F500500168CDF803104168CDF8071066
:104F40008068CDF80B00DA208DF80F008DF8100086
:104F5000112207E588990020032903D36178A078FE
:104F600041EA0020FE4988850120887687E2607842
:104F700000B90120FA4908760120C8757FE20020B7
:104F800088990090022901D3647800E0FF24062963
:104F900005D3849904226846891C01F0F3FA20465F
:104FA0000099FCF7A7FC6AE28898022801D3607890
:104FB00000E0FF20FCF7D4FC61E28898022801D3CE
:104FC000607800E00020FCF767FC58E2FDF7C0FBCA
:104FD00055E28898022804D36078FF2801D06078D1
:104FE00003E00020FDF779FB0120FDF776FB46E2A8
:104FF000AD208DF800009D208DF80100D948018B6F
:10500000ADF80C10408BADF8080088B2ADF8020086
:10501000BDF80800ADF80400DA208DF806008DF820
:10502000070008229EE4607810B108F0C7F926E274
:1050300008F0EAF923E260780A2897D1D5F8E0026F
:1050400040F00400C5F8E00219E2647800201CB1C9
:10505000012C01D0022C89D1B6F89812012912D165
:10506000012C00D10220C0A10422096802918DF810
:105070000A0002A9BD480AF080F8BC4806F04AFBC5
:1050800002200DF099FA204609F01CFAA12079E0DF
:105090006078BA2887D1B6F8980201280DD1B4A05B
:1050A0000422006800906946B0480AF066F8AF48EC
:1050B00006F030FB02200DF07FFAAB2062E0607852
:1050C000CA282CD1B6F8980201280DD1A9A0042233
:1050D000006800906946A5480AF04FF8A34806F01A
:1050E00019FB02200DF068FAA349AC2048600120AA
:1050F0000DF062FAA14C206840F08040206014203E
:105100000DF05AFA9EA1A14815F0A4FA64200DF002
:1051100053FA206840F480402060FBF773FEAEE154
:105120006078DA286AD114216846FBF7EBFB684601
:1051300017F058F996A002220068059095A005A9DD
:1051400000680690869800F020FB12226946869837
:1051500000F01BFB022206A985E0B6F898020128A0
:105160000DD18DA003220068009069467F480AF0A7
:1051700004F87E4806F0CEFA02200DF01DFAFEF784
:105180002BF8AE207C49486001200DF015FA18F08C
:1051900041FDFF218C9183910120617800255629E2
:1051A00050D1A17833294DD109F0FCFA50B16946AC
:1051B0004FF4805011F090FC10F0FF00839003D06A
:1051C00003203FE002203DE0012500206C466902FB
:1051D000225CFF2A13D00025FF224FF400712046E5
:1051E000FBF766FB69464FF4805012F089FF10F020
:1051F000FF008C9009D0042024E035E063E0401CDF
:105200008842E5D300208C901BE04FF40071684683
:10521000FBF778FB69464FF4805011F05DFC10F00D
:10522000FF00839001D005200CE0012500206902D9
:10523000225CFF2A02D00025062003E0401C8842A1
:10524000F6D3002055A2D2E90012CDE980128DF8E4
:1052500002028C988DF8030283988DF804028DF871
:105260000552082280A9869800F08FFA04E109F01F
:1052700099FA40B38499002504228C958CA8491C86
:1052800001F080F9AD208DF80400BA208DF80500FA
:105290008C9801ACCDF80600A11D11F01DFC8DAA63
:1052A0004FF40071A01D8D950BF024FEADF80A029D
:1052B000DA208DF80C028DF80D0240F20A2201A9C5
:1052C0008698FDF7CDFDDAE009F06CFAF0B3849929
:1052D00000240422829482A8491C01F053F9849985
:1052E0004FF400752A466846491D01F04BF9849930
:1052F000ADF80042022280A801F2052101F042F936
:1053000083AA2946684683940BF0F4FDBDF8001289
:10531000884203D16946829812F0F2FE21A08CAB3C
:1053200007C883E8070009228CA99CE76A464FF466
:105330000171869800F09EFA40B90098AD2100F8FE
:10534000011BF02100F8011B002400E084E0254649
:10535000CDF80000ADF80850849829E00CE1000079
:105360009801002038C300203CA1003E706F00204F
:105370003CABBA3E3CACCA3E0010014018080240AB
:105380003C504556454E3E00000000001C2F0120B9
:10539000ADDA0000DADA00003CAE3E00ADB8000045
:1053A0000000DADAADBB0000000000DADA0000002D
:1053B00000EB4401022202A8491C01F0E3F8BDF908
:1053C000080000EE100A5046B8EEC00A0BF0AAFD25
:1053D000BDEEC00A0098641C10EE101A00F8011B04
:1053E000090A00F8011B0090FF2CB3DDDA2100F858
:1053F000011B00F8011B00903BE002AA4FF4017171
:10540000869800F037FA38BB0298AD2100F8011BEE
:10541000F12100F8011B0024254602908498ADF884
:105420000C5000EB4401022203A8491C01F0AAF829
:10543000BDF90C0000EE100A5046B8EEC00A0BF0A1
:1054400071FDBDEEC00A029810EE101A00F8011BA3
:10545000090A02E021E057E011E000F8011B641C9A
:105460000290FF2CDADDDA2100F8011B00F8011BA5
:105470000290869800F09EF9869806F02BF888AA8C
:1054800084A9869805F090FC00283EF4E9AE0DF55D
:10549000137DBDEC088BBDE8F08F6A464FF40171B7
:1054A000869800F0E7F90028E9D10098AD2100F8CE
:1054B000011BF22100F8011B009000244A482546F8
:1054C000CDF808008498ADF8105000EB440102229A
:1054D00004A8491C01F056F8BDF9100000EE100AAE
:1054E0000298B8EEC00A0BF01DFDBDEEC00A009890
:1054F000641C10EE101A00F8011B090A00F8011BC9
:105500000090FF2CDEDD71E702AA4FF4017186984E
:1055100000F0B0F90028B2D10298AD2100F8011BCB
:10552000F32100F8011B029000243048254600902A
:105530008498ADF80C5000EB4401022203A8491CEA
:1055400001F020F8BDF90C0000EE100A0098B8EE4A
:10555000C00AB0EEC00A0BF0E5FCBDEEC00A02982E
:10556000641C10EE101A00F8011B090A00F8011B58
:105570000290FF2CDCDD76E702AA4FF401718698D9
:1055800000F078F900288FD10298AD2100F8011BB6
:10559000F42100F8011B02900024154825460090D4
:1055A0008498ADF8105000EB4401022204A8491C75
:1055B00000F0E8FFBDF9100000EE100A0098B8EE08
:1055C000C00AB0EEC00A0BF0ADFCBDEEC00A0298F6
:1055D000641C10EE101A00F8011B090A00F8011BE8
:1055E0000290FF2CDCDD3EE758100020301A00202E
:1055F000781D002070B500F58053D3F80C499CB39A
:10560000D3F8086900EB860505F58055D5F84C48B8
:1056100000EB460000F58050B0F8346811B1D5F8C1
:1056200004580D6002B11460D3F80819491C0C2904
:10563000D3F8081901D2491C00E00B39C3F8081946
:10564000D3F80C19491EC3F80C19B3F87C1821447F
:10565000A3F87C18B3F87C183144A3F87C18002117
:10566000A0F83418084670BDFFE74FF0FF30FAE7A6
:1056700030B500F58053D3F80C29A2B393F8FC2879
:105680000024C2B9D3F8082900EB820202F5805247
:10569000D2F80428C3F8F028D3F8082900EB8202D6
:1056A00002F58052D2F84C28C3F8F828C3F8F44821
:1056B000012283F8FC28D3F8F428D3F8F0581544D5
:1056C000521CC3F8F4282A780A70D3F8F418D3F8D7
:1056D000F828914205D383F8FC4800221146FFF7D1
:1056E00089FF002030BDFFE74FF0FF30FAE700F5FB
:1056F00080500021C0F8F41880F8FC180846704764
:1057000030B500F58053D3F80C594FF0FF340C2D11
:1057100039D2B3F87C58954235DBD3F8004900EB19
:10572000840404F58054C4F80418D3F8001900EB7D
:10573000810101F58051C1F84C28D3F800490021BE
:1057400000EB440000F58050A0F83418B3F87C0852
:10575000801AA3F87C08D3F80009401C0C28D3F861
:10576000000901D2401C00E00B38C3F80009D3F84F
:105770000C09401CC3F80C09D3F81009401CC3F8ED
:105780001009002030BD204630BDF8B514460D4646
:1057900006466A46214600F06DF810B14FF0FF3022
:1057A000F8BD224629460098FAF7C9FF304600F0B6
:1057B00001F8F8BDF0B500F5805191F8EC284FF0F4
:1057C000FF36BAB1D1F80C290C2A13D2D1F800490E
:1057D000D1F8E05800EB440303F580532A1A921ED7
:1057E000B3F8343892B2B1F87C78D1F8E8C89C4468
:1057F000674501D23046F0BD00EB840000F58050D3
:10580000C0F80458D1F8E848C0F84C48B1F87C0812
:10581000D1F8E8482344C01AA1F87C08D1F8E80878
:105820001044B0F5C05FD1F8E80801D3A2F5C0522A
:105830001044C1F80409D1F80009401C0C28D1F823
:10584000000901D2401C00E00B38C1F80009D1F872
:105850000C09401CC1F80C09D1F81009401CC1F812
:105860001009002081F8EC08C1F8E808C1F8E40844
:10587000F0BD00002DE9F04100F580549046D4F8C9
:10588000042986B093B2C3F5C05295B20022561EC9
:10589000B1F5C05F75DCD4F80C790C2F71D2A94238
:1058A00001DB2A460023B4F87C588F18BD4268DB20
:1058B00003449B1CC4F8E038C4F8E8180026C4F878
:1058C000E468012184F8EC18D4F8001900EB4101D8
:1058D00001F58051A1F83428D4F800192A4F00EBC3
:1058E000C10532466946384605F5C4550EF086FDB9
:1058F000324605A938460EF05FFD9DF801109DF86F
:105900000200C1EB011100EB810028601F4F0298DB
:1059100010B93869C0F30E000199814200D90146DF
:10592000029B421A13B93869C0F30E0342F20F709A
:105930009A4200D91A460BB1984203D1824216D836
:10594000104614E017465A1C710842F2107C4FEAC8
:105950003200E7FB0C014FF00003FAF74BFD42F277
:105960000F7300221B1A8A4101D242F20F70686045
:10597000D4F8E0180020C8F8001006B0BDE8F081A7
:10598000FFE73046F9E70000A42B01200028004083
:1059900000F58050D0F8E428D0F8E8389A420AD2CE
:1059A000D0F8E428D0F8E0381344521CC0F8E428BA
:1059B000197000207047D0F8E418491CC0F8E418AA
:1059C0004FF0FF307047A0F21C7000F5005000212E
:1059D000017241600160016B491C01630020704746
:1059E00000F58050D0F8E818D0F8E408081A70479D
:1059F00010B500F58053D3F80C499CB1D3F8084991
:105A000000EB840404F58054D4F804480C60D3F807
:105A1000081900EB810000F58050D0F84C081060A8
:105A2000002010BD4FF0FF3010BD00F58050D0F8C1
:105A30000C09704710B5044641F61811FAF762FFD9
:105A400004F580544FF4C050A4F87C08002010BD29
:105A500010B5044810F051F8BDE81040024808F0B5
:105A6000FABF00001C2F0120706F002010B5044603
:105A700016F044FE2046FDF7C1F8FDF769FBFDF77F
:105A800049F80F4805F035FF1CB10D4803F07EFBC7
:105A900007E00C48C16841F40051C160084805F0B6
:105AA00019FD09480068002808D0816B002905D03D
:105AB000BDE81040054A064809F040B810BD000096
:105AC000082D00200010014090B9002090B1002066
:105AD000706F002000BF704700BF70472DE9F04F86
:105AE000534986B003AD1CC98DE81C000EC985E87A
:105AF0000E004E4F002634464FF0FF3EF0B3D0F874
:105B000020C0BCF1000F3CD00023EA46A9464FF06C
:105B10000C0B5AF82310002201EB8108C8EBC111CD
:105B20000BEB810859F8221041444D1CBD420AD2AA
:105B30001CF801101CF8055001F07F0145EA012115
:105B400006EB5116641C521C032AEBD35B1C032B7F
:105B5000DFD39CB1B6FBF4F3A3F50072D117A0F824
:105B6000483002EB117190F84A2002EB21143149C0
:105B7000026DCD699A4208D26D1C00E001E0CD6152
:105B800016E0704606B0BDE8F08F2A4A466D92696D
:105B90009E4201D9521C0AE0002D01DC002500E0E4
:105BA0006D1ECD61002A01DC002200E0521E8A61D8
:105BB0000023FF2C03DDFF2280F84A2006E0002CA2
:105BC00002DA80F84A3001E080F84A40CA69202AA7
:105BD00006DD90F84B2002B1521E80F84B20CB61BD
:105BE0008A69202A07DD90F84B20032A00D0521C36
:105BF00080F84B208B6190F84D2090F84A30920746
:105C0000120E42EA032290F84B30017E03F00303A8
:105C100042EA031290F84C3001F0030103F0030351
:105C200042EA83020A4302830020ABE70C670200CA
:105C30007C3004080C04002070B50168CA6C92F82E
:105C40005C30916D202202FA03F38B600368DB6CF9
:105C500093F85C40082303FA04F48C600468E46C55
:105C600094F85C50102404FA05F58D600568ED6C1D
:105C700095F85C60012505FA06F68E6001688E6C69
:105C8000B16D96F85C60B2408A600268926C92F8DE
:105C90005C2093408B600268926C92F85C20944088
:105CA0008C600068806C90F85C0085408D6070BDF1
:105CB00010B50021017101810221C18000F002F8BC
:105CC000002010BD10B504480EF0E3FD0348016844
:105CD00041F48021016010BD742C012018040240A1
:105CE0002DE9F04704460CF0DDFE616C401A1949BD
:105CF0004862204600F0ACFB204600F086FAA08BFC
:105D0000022101EB00154FF4F6704543CE1ECF0380
:105D10004FF6FF7816E02079C8B1E088052816D044
:105D2000BD4201D3404600E0284680B2814601468C
:105D3000204616F007FA207948B1E088052806D0F9
:105D4000A5EB0905002DE6D10020BDE8F08730461F
:105D5000FBE700000C0400202DE9F04186B004466A
:105D60000E46808A009001A9012000274FF0030809
:105D700081E881016946E0680CF094FDA18A002267
:105D8000E0680CF08AFE01200CF016FC002518E0FB
:105D9000A18A0122E0680CF080FE00BF00BF022053
:105DA00000BF401C0528FBDBA18A0022E0680CF044
:105DB00074FE00BF00BF022000BF401C0528FBDBB3
:105DC0006D1CB542E4D3A08A009001A9022081E8AD
:105DD0008101062004906946E0680CF063FD06B07E
:105DE000BDE8F0812DE9FC5F354D0446DDF830B0AB
:105DF000DDF838A06868984617468946401C6860F8
:105E00000026AE605FF0040045F82060401C0C28BE
:105E1000FAD3012000F074F826712681C4F80CB082
:105E2000C4F800900D98A082C4F810A00F98E082EA
:105E300000F04EF820680068016841F04001016000
:105E40000520A083E66239004FF0FF36216203D0BF
:105E50001C4A4046904504D2AE60E02000F050F865
:105E600009E0024604F1600019F0B5FD204600F09B
:105E7000DBF838B1A860207940F008002071304686
:105E8000BDE8FC9F207910A140F001002071D1E90C
:105E90000001CDE90001206A00990160BDF80410FD
:105EA00081800220E0800021204619F0E5FC0121DC
:105EB000204619F0E1FC062000F022F80020DFE780
:105EC000F8C2002000710200434533324300000055
:105ED000094810B5016841F00401016032200CF05E
:105EE0006BFB0648006810B104480EF0D2FCBDE818
:105EF000104015F00FBF000018040240742C012060
:105F000010B5034C20600CF0CDFDE06010BD00002A
:105F1000F8C200202DE9FC470446D0F8208000207C
:105F2000009001900520A08340F6DF20208342F6F8
:105F30006400608301212046FFF70EFF208B902133
:105F400041EAD0318DF80010C0098DF80100207EA3
:105F5000922140008DF80200608B4FF47A7641EA7E
:105F6000D0308DF80300608B3346C0098DF80400F3
:105F7000A07E032240008DF805006946204600F00F
:105F800093FA3346032220460DF1030100F08CFA08
:105F900001200CF011FB0A212046FFF7DDFE0C2149
:105FA0002046FFF7D9FE0320FFF7AAFF4FF4F6774C
:105FB0003A465521204600F0DBF94FF0FF3508B195
:105FC000E2200AE00420FFF79BFF4FF47672552190
:105FD000204600F0CDF928B1E320FFF791FF2846D5
:105FE000BDE8FC872046FFF77BFEB946DFF830A00E
:105FF00000254FF4A07753464A464146204600F01C
:1060000055F86D1CBD42F6DB33460C22054920468F
:1060100000F04CF80520FFF773FF0020E0E70000D8
:10602000A086010028C3002010B504460220FFF717
:1060300067FF204600F081F828B1E120FFF760FFFC
:106040004FF0FF3010BD2046FFF764FF10B16FF036
:10605000010010BD002084F84A00012084F84B00A4
:10606000022084F84C0084F84D004FF4B370606552
:1060700040F29920206598202083207F4FF40971F9
:1060800000F00F0041EAC02060832068C26C016804
:1060900012680C3191600168C06C0C31006881603D
:1060A000002010BD002070470020704770B51446D6
:1060B0000D46064600F0CCF9304600F0A6F806E0A2
:1060C0000021304616F006FA05F8010B641E002C7C
:1060D000F6D170BD70B516460D46044600F0B8F90D
:1060E000204600F092F8A6622046A563BDE8704005
:1060F00016F0BAB810B504460CF0D4FC616C401A26
:1061000008498862204600F0A3F9204600F07DF897
:10611000054A42F210732046216AFFF7DBFF002098
:1061200010BD00000C0400200C67020010B500F048
:10613000B9F8FFF7CFFC002010BDF0B587B00446DA
:10614000C08A029002200025CDE9030503200590B6
:106150000620069002A920690CF0A4FB00950520FA
:106160000195A08340F6DF20208342F6660060831D
:1061700001212046FFF7F0FD208B902141EAD0312C
:106180008DF80010C0098DF80100207E922140009A
:106190008DF80200608B6F4641EAD0308DF8030025
:1061A000608B4FF47A76C0098DF80400A07E400021
:1061B0008DF8050001212046FFF7CEFD334603226E
:1061C0006946204600F070F933460322F91C204648
:1061D00000F06AF96D1CFF2DECDD01200CF0ECF9EC
:1061E00007B00020F0BD10B5816A59B9016809688F
:1061F0004968C90703D0FFF71FFD002010BD032128
:1062000019F03AFB4FF0FF3010BD08B500680021CF
:1062100002689160006802E0017B8DF800108168DF
:10622000C943C907F8D008BD7CB504460CF03AFC58
:1062300005460CF03DFC4FF47A7110FB01F0616CE7
:106240006564691AB0FBF1F0A06500200090019030
:10625000608B902120F002006083208B41EAD031D6
:106260008DF80010C0098DF80100207E92214000B9
:106270008DF80200608B41EAD0308DF80300608B0E
:10628000C0098DF80400A07E40008DF80500FFF7DE
:1062900023FC4FF47A7306226946204600F004F985
:1062A00000207CBD10B50279046822F0040202715E
:1062B000226842F21071536823F003035360E26CCA
:1062C0001268136823F001031360A26C126813684C
:1062D00023F0010313600268126800E000BF9368B6
:1062E0009B0701D4491EF9D221680A6822F04002B6
:1062F0000A60E16C09680A6822F484720A60A16C81
:1063000009680A6822F48C720A60FFF795FC20681D
:10631000016841F04001016010BD00002DE9F0412D
:1063200080460CF0BFFBD8F84410104C401A606255
:10633000404600F08DF84046FFF767FFE4684FF4F1
:106340008036771E04F570740AE0B44201D33846F3
:1063500000E0204685B22946404615F0F3FE641B56
:10636000002CF2D10020BDE8F08100000C040020D8
:106370002DE9F74F82B09346029800F069F8029831
:10638000FFF743FF00244CF25030ABF1010A2746DF
:10639000A04625462646A14600903CE000210298F2
:1063A00016F098F8002801DA09F10109C1B2B8F134
:1063B000000F05D041450CD04FF00008002409E043
:1063C000552903D0AA2901D00D46F7E788460124B4
:1063D00000E0641CBC4200D927463146009A761C76
:1063E000914218D91749C1F810B04E618F61C86148
:1063F0000298006800688068086213480068486274
:106400001148001D00688862C1F82C904FF0FF30E1
:1064100005B0BDE8F08F5445C0D30C49AA22FF2037
:106420004969002305EA0004944205D05208400857
:10643000491C5B1C082BF5DD0298FFF78DFC002042
:10644000E6E70000F8C20020100402400C0400201F
:1064500000B5017985B08A070CD521F002010171E0
:10646000C18A0091002101910221029100696946CF
:106470000CF018FA05B000BD00B5017985B08A07A7
:1064800010D441F002010171C18A009102210191F1
:1064900000210291032103910621049100696946BC
:1064A0000CF000FA05B000BD2DE9F04114460D4690
:1064B00007460668FFF7E0FF3846FFF7A6FE05E04F
:1064C0002978384616F006F8641E6D1C002CF7D1AA
:1064D00030688168C943890701D500BFF9E7BDE885
:1064E000F08110B5B0F90610022902D00222C28054
:1064F00089B219F0C1F9002010BD4FF0FF3278B316
:106500000021435CFF2B02D0435C402B31D2491C5D
:106510008029F6DBD0F8801002292AD8D0F88C1018
:10652000F1B1D0F88C10B1F5007F22D8D0F88410EA
:106530000A291ED2D0F888100A291AD2D0F8801061
:1065400021B1012904D0022913D10AE0007803E027
:106550000178FF290DD04078FF280AD0002070472D
:1065600007E00178FF2904D04178FF2901D0807825
:10657000F2E71046F3E708B1002070474FF0FF3014
:106580007047000004E000BF11F8013B00F8013B38
:10659000521EF9D27047B0F80402084201D0002020
:1065A00070474FF0FF30704770B586B002F016FBB1
:1065B000624C206A0EF01CFD60690EF019FDE06966
:1065C0000EF016FDA0690EF013FD606A0EF010FDCE
:1065D000A06A0EF00DFD206A0EF066FD60690EF0F7
:1065E00063FDE0690EF060FDA0690EF05DFD606A7C
:1065F0000EF05AFDA06A0EF057FD51480CF06EFCEB
:10660000012108024F4B4200CDE90201CDE90023F0
:106610004D4A4B494D4804F07BF810B94B4804F003
:10662000B7FA47480CF099FA45480CF041FF484842
:10663000FFF73EFB47480EF02CF946480EF09EF956
:1066400045480EF026F944480EF098F943480EF0FC
:1066500020F942480EF092F9414C002208212046D0
:106660000CF01BFA3F480EF014F93E480EF086F984
:106670000122042120460CF010FA14216846FAF792
:1066800041F908200326CDE9000600256946029558
:1066900020460CF007F914216846FAF733F9042074
:1066A000CDE900066946029520460CF0FBF82E481D
:1066B0000FF023FA2C480FF06DFA2C480FF01DFA5A
:1066C0002A480FF067FA2A480BF0B4FC28480BF070
:1066D000F9FC14216846FAF715F9F002CDE9000635
:1066E0006946029520460CF0DDF82248B0F8980281
:1066F000012801D116F042F9A06940F40040A061E0
:10670000A06940F08070A0610E481830016841F027
:1067100080510160016841F48021016016480168E0
:1067200021F0010101601548A0F868511448016882
:1067300041F00051016006B070BD000040A600208D
:10674000502B0120000402400C30012018C2002010
:1067500038C300201C2C0120742C0120CC2C0120DB
:1067600000000240C42B0120D42E0120642F012000
:10677000082B0120709F0020780200207029002043
:106780001808024010B586B002F028FA14216846B5
:10679000FAF7B8F80420009001200190029003203D
:1067A000104C0390694620460CF07CF8A06940F03C
:1067B0000400A06115F094FF15F0C6FF16F06AF80A
:1067C00015F0D0FF08F032FDA06940F48070A061A0
:1067D00064200BF0F1FE0448016841F4805101602F
:1067E00006B010BD000002401804024010B54FF47E
:1067F000807106480DF086FD05490020C8730548E4
:10680000016841F40051016010BD0000A42B01207B
:10681000980100201808024003490020C8704FF476
:10682000007102480DF06EBD98010020A42B0120DC
:106830002DE9F0433048A1B0808B002858D02F4F6D
:10684000F86B002854D10120F8632D4E306A84097A
:1068500006F5A07090F8401119B190F84001042895
:1068600000D20420264DE946083584423CD904462E
:106870003AE07369306A402838D321494FF0400824
:106880004A6848694030904203D3B0FBF2FC0CFBED
:106890001200486105F1180050E8001FA1EB080143
:1068A00040E80012002AF7D1B06B4FEA090100EB73
:1068B000030C13484030806BC21800203CF81030A5
:1068C00021F81030401C2028F8DB002001EB400CA0
:1068D00032F81030401C5B00ACF840302028F5DB6B
:1068E00069460548FDF7F4F8641EC2D20020F8633B
:1068F00021B0BDE8F083000040060020180200200F
:1069000050B0002008490A6842F080520A600968C5
:1069100006490A6842F480720A60096804490860FE
:10692000BFF34F8F704700004038024000700040B6
:10693000842800400248006800F001007047000011
:10694000F0ED00E000B50D498BB00120C8730102E5
:106950008DF82000800707904FF0803005904FF0B1
:1069600070600690002009918DF8030002460190A6
:10697000694603480DF0EEFD0BB000BD9801002004
:10698000A42B012030B58FB0054614216846F9F7D5
:10699000B9FF282105A8F9F7B5FF00244FF0004002
:1069A0000894CDE9094001208DF834000B940C9433
:1069B0002246694617480DF021FD9DF80100284444
:1069C000C0B28DF801003C2807D33C388DF8010097
:1069D0009DF80000401C8DF800009DF8000018286C
:1069E00001D38DF800409DF800008DF814009DF84B
:1069F00001008DF815009DF802008DF816004FF487
:106A000000700E90002205A902480DF0A3FD0FB002
:106A100030BD0000A42B01202DE9FF412B4C606B01
:106A2000C4F8B401206881B204F500600AF0E8F906
:106A300005F0B4FA04F69800054612F0BBF9A4F587
:106A400035604023416900F521604268CDE90021AD
:106A5000CDE9025300F14001826B8B6B1C491D484C
:106A600012F0C8F822680020CDE9000004F50063A8
:106A70000146D3F804309C2700EBC00407EB8404E4
:106A8000DDE900561C59651941EB0604CDE90054B7
:106A9000401C0428F0DB104BE81A74F1000001D20E
:106AA000012100E0002144F62060824200D3002151
:106AB0000A4801F09FF80A4A04490A48FCF7D6FE42
:106AC00004B00848BDE8F041FDF760BA90B100207D
:106AD000CC2C01201C2C0120C0C62D0070290020C8
:106AE00090B50020400600202DE9F0436A48DFF809
:106AF000A491C3B00168B0F808808EB200F50067B9
:106B0000D7F8E00280077CD56448B0F8681119B165
:106B1000B0F86801012874D144F6206340220021B6
:106B20005F4819F039FD0021022016F075F85D4824
:106B300002F082FB09F05CFC06F078F9FFF76CFFCD
:106B40004FF4FA700BF038FD554D0835284612F019
:106B5000FBFC284612F038F9842253496846F9F7BD
:106B600075FE00204FEA0D0205EB800191ED440A0D
:106B7000BCEEC00A10EE101AADF8841002EB400112
:106B8000BDF88430401C4B804028EDDB84226946F0
:106B900048460AF0DDF84449842284316846F9F712
:106BA00055FE00204FEA0D0105EB4002B2F810221D
:106BB000ADF8842001EB4002BDF88430401C5380C6
:106BC0004028F1DB8422694648460AF0C1F80024D7
:106BD00027E0802122A8F9F795FEA1B222AA284633
:106BE00012F03EFD882231496846F9F72FFEADF8D4
:106BF0000240002022AA694632F81030ADF8083170
:106C000000E043E001EB4003BDF808C1401CA3F8DD
:106C100004C04028F0DB8622694648460AF098F80E
:106C2000641C2878A042D4DC01F0A6FA484604F09F
:106C300071FD0BF037FF04461D4D04E00BF032FFF1
:106C4000001B0A2802D828684006F7D5334642467A
:106C50000021134819F0A0FCD7F8E00220F0020050
:106C6000C7F8E00218F030FE03F074FA00280DD1E6
:106C70000021084616F082F816F066F9094802F07D
:106C8000DBFA43B0BDE8F04309F0B2BB43B0BDE866
:106C9000F0830000082D002090B100207029002012
:106CA00090B900201C2F0120641C04086C1D0408EE
:106CB000001001400448016841F4C0610160BFF365
:106CC0004F8FBFF36F8F7047003C02402DE9F05F9C
:106CD0005FEA03080A9D92460F46064639D0002D0A
:106CE00037D0022E35D200242DE01B4800EB462081
:106CF000005DFF282DD0042C01D3002829D0834625
:106D0000B8F1000F1ED0EDB1B9F1080F1AD25946F3
:106D1000D34517D20A4601200021F9F7E2FBD8E952
:106D2000002302400B401A430CD1DFF830C00CF8AE
:106D300009B02A68521C2A60D8E9002302430B4399
:106D4000C8E90023641CBC4203D228688146082895
:106D5000CBD3BDE8F09F000090B50020A00200203A
:106D60000F490A6842F080520A6009680D490A68B2
:106D700042F480720A600A4A3032126812040DD559
:106D80000968C9050AD5084940F480700860BFF356
:106D90004F8F091F05480860BFF34F8F70470000F1
:106DA00040380240007000408C28004017FA32CE74
:106DB00070B50C46050021D04FF40071F9F7A2FD23
:106DC000FF2280212846F9F773FD2C70601C4028B3
:106DD000204600D2401C6870A01C402800D2A41C91
:106DE000AC70FF2005F8030F0020C5F87D00C5F842
:106DF0008100C5F885000120C5F8890070BD00003C
:106E00002DE9F04F8FB01746189D99468A46040029
:106E10007DD0BAF1000FFBD0002DF9D0B4F86C0092
:106E2000002874D140212846F9F76CFDB4F96C00B4
:106E300000EBC00004EB800090F890608030002EE2
:106E4000E6D0042E63D8017E8846B1425FD2026844
:106E50005245E6D157EA0901DAD0F905E1D104E05B
:106E600050F82120002AD3D0491C8E42F8D87F0A3E
:106E700047EAC9574FF0000A4FF0FF314FEA59294E
:106E8000324653460846F9F7B5FAC01B71EB0901C3
:106E90007ED3A6FB07230AFB073306FB09314346D3
:106EA00004928B46D21A71EB0A0130D31A46049B26
:106EB0004FF001099A1A6BEB0A01C5E9002100BFE6
:106EC000002109EBC900CDE90A1104EB8006A9F104
:106ED000010705EB8702D6F894000992D062D6F834
:106EE0009C000B46803688B3328CB2F100082DD05E
:106EF0008A46491E53460846F9F77CFA049A801AD6
:106F000071EB0B01C4D34046A0FB021C00E090E0F3
:106F10000AFB02C2D6F814C000FB0B206FEA0C0378
:106F20006FEA0A025B1A824132D31CEB01024AEB80
:106F300000080998510AC2F30802C2620120EA1946
:106F400041EAC8514FEA582382F8380004EB870021
:106F50004FF0FF38026F4FF0000C521843F1000061
:106F60009246B8EB02027CEB000C11D3DDF824C092
:106F7000CCF820A0D5E900C26FEA0C08CDF820C0FB
:106F80006FEA020CB8EB01087CEB030C00D300E0C5
:106F90009DE0DDF820C01CEB01015A41C5E900125B
:106FA000E91991F8381011B95AEA000104D0317C7E
:106FB000012943D13168E1B35AEA000161D04302AB
:106FC0004FF0000C0AA94FF400708DE803104FEA4F
:106FD0004A2243EADA5390469A466146306818F0EE
:106FE00006FD00282ADBDDE90A01C20526D105EBF2
:106FF000C702C2E90201DDE90A01B0EB080271EB48
:107000000A0201D3002006E0B8EB00006AEB01029F
:10701000400A40EAC25009990862DDE90A01B8EB6A
:1070200000037AEB010205D2B0EB080061EB0A0124
:1070300002E003E000200146C20503D002200FB0A9
:10704000BDE8F08FD5E900C8420A42EAC1524B0AB6
:107050006FEA0C076FEA0806BF1A9E4137D31CEB94
:10706000020248EB0308C5E90028099AD36A002206
:10707000C61A914102D30998C26202E0191A09980E
:10708000C16209F10109B9F1030F7FF719AFE06897
:10709000B0F5004F1BD9D5E900120023D1F1FF351F
:1070A000934114D30023E6695F1ED6EB070663EB1A
:1070B0000305761A95410AD3E46CA0F5004084429A
:1070C00005D2001B63EB0303401A934101D2012058
:1070D000B5E70020B3E7000010B50446807CF0B1AE
:1070E00013480068C00720D10EF05EFF002803DDC2
:1070F000204601F076FA18E003DA204601F07BFA28
:1071000013E00B48001D006878B9B4F86800C0F3BC
:107110000E01481C0A29F0D8A4F8680005E094F88C
:107120007C0010B90220A4F86801002010BD000006
:107130005864024070B51C461546062902D94FF026
:10714000FF3070BD01EBC10100EB8100002322463E
:107150002946803019F083FA002070BD38B51C46EE
:10716000049B1546062902D94FF0FF3038BD01EBCC
:10717000C101002200EB81000092224629468030A6
:1071800019F07EFA002038BD2DE9FF47044650F87B
:10719000808FD0F86C90A07C00287DD1B4F8680076
:1071A000000403D5032004B0BDE8F0870020CDE93A
:1071B0000200D8F81810D8F804000127654E002501
:1071C0004FF4007A814223D902AB52460021404657
:1071D000009518F0A4FC002819DD02AA41462046BB
:1071E00000F0BAF9012801D008BB02E084F8407031
:1071F00024E0D4E90E30DDE9021259185041C4E907
:107200000E1084F8407031617061377000E00EDB61
:10721000206F18B9606F08B9A06FC8B1012080460F
:107220000146204600F01BFC012807D058B184F825
:107230004070002000F094F80220B4E7072000F02E
:107240008FF80120AFE708F1010080460328E7DD51
:10725000414F387818B1B4F84C00C0043AD0E07C03
:10726000B8B3B4F96C0000EBC00004EB8000D0F8B8
:1072700080008069B0F5806F39D200204FEA0A01A2
:1072800000EBC00304EB8302D2F894208A422ED292
:10729000401C0628F4DB00E024E0B4F8600008B3EA
:1072A000002108464FEA010202EBC20704EB870304
:1072B000D3F89C3059186841521C062AF4DBD4F8E4
:1072C0005C21136844F62067BB4217D2D26AAAB980
:1072D0000FE029E00121204601F0DEFA18B102207A
:1072E00000F03EF833E03D70E06960622FE0F56049
:1072F00020E01A4A891A70F1000005D314270BF018
:10730000D1FBF16819B104E000270BF0CBFBF06072
:107310001FB1F168401AB84219D3E07C10B110F0E7
:1073200017FCE574F56012E0F560D9F81800616E9D
:10733000884203D3204601F031FA08E0012104F528
:10734000B870FFF728F910B9204600F0A6FC00201D
:1073500029E7000010000020B301002080841E00F7
:107360002DE9F041DFF89481012708280ED008F1BB
:107370008005634CA96D491CA965B90208285DD236
:10738000DFE800F00D2F745C425C682603210122C7
:10739000084602F093FF88F81970BDE8F08194F870
:1073A0007D0020B9B4F85E0008B105F045FE20214B
:1073B000544806F077FE02220621042002F07EFFE8
:1073C00051A1564804F058F8544804F083F835E0C9
:1073D0004C4806F067FE01220721032002F06EFFF1
:1073E00002E0484806F05EFE4DA14C4804F044F827
:1073F0004A4804F06FF894F87D00F8B9B4F85E00DC
:10740000E0B105F019FE19E03C48E030016821F0D8
:10741000010101604FF480713A4806F043FE0222F8
:107420000121032002F04AFF40A13C4804F024F867
:107430003A4804F04FF8394804F06CF9A86D052873
:10744000ABDDE86D0028A8D13A4942F210723A4803
:10745000EF6518E04FF400612A4806F023FE02228F
:107460000421032002F02AFF34A1AAE74FF400719F
:10747000244806F017FE03210222084602F01EFFF0
:1074800031A19EE700BF83689B0701D4521EF9D249
:10749000426822F0020242602E4A136823F0010380
:1074A000136000E000BF1368DB0701D0491EF9D26A
:1074B00011684FF00006C90705D084F8407094F8B1
:1074C0007D0098B10FE0016821F040010160016882
:1074D00041F040010160A674E07C10B110F038FB6F
:1074E000E67488F81970AE65EE6556E7B4F85E008C
:1074F0000028F8D005F0A0FDF5E700009801002075
:107500007029002090B10020455048595320425521
:1075100046464552204F565200000000082D0020DC
:10752000436172642046756C6C0000004E6F20430E
:1075300061726400A086010000300140534420467F
:107540006F726D6174000000436172642045727255
:107550006F720000586402402DE9F04FB9B0044644
:107560004FF00000CDE932000E465FEA02091046F6
:1075700003D000220260C9F80420CCB1C6B1E07C7F
:10758000002718B110F0E4FA90B9E774EFF3108512
:1075900072B6BB4632AB4FF4007200213046009702
:1075A00018F0BDFA002807DC05B962B6002800D043
:1075B000022039B0BDE8F08F0DF10808CDF8008049
:1075C000DDE9322331462046FFF71AFC18B1002DC1
:1075D000EFD162B6EDE71296306B0DF1480A716B90
:1075E000CDE91401F0681690B06917903068012752
:1075F0001890384600EBC001421E04EB810108EBF5
:10760000C203D1F88010D3E902231A431ED000220E
:1076100053460AE003EB421CDCF800C08C4503D162
:10762000002DC5D162B6C3E7521CBA42F2D303EBB8
:10763000471211600B6BD1F834C0C2E9023CCB6831
:1076400013618B69536109687F1C9161401C032899
:10765000D0DDDDE932230021304618F063F998B916
:107660005FF00106711E08EBC10106EBC600D1E90F
:10767000022304EB8000803052EA030107D0006847
:10768000002118F04FF910B1002053465EE0761C3F
:10769000032EE7DD012046464FEA0B0200EBC00156
:1076A00004EB8103411E06EB810704EB8108D7F848
:1076B00020C0C8F870C0FF6A3144C3F8947091F8D4
:1076C0003810803309B11A765A76401C0328E5DD5C
:1076D000B4F96C0000EBC00004EB800080F8982047
:1076E000B4F96C0000EBC00004EB800080F8992036
:1076F000E06C02990844E064E169029B1944E1618D
:1077000060614FF0FF30A4F86A00A261A4F85C2029
:107710000220A4F86801B9F1000004D0DDE93212BA
:107720000160C9F8042005B962B6002041E700BF36
:1077300003EB4011D1E902460A68146356630C69F1
:10774000D4604C69946189691160401CB842EFD3E0
:1077500066E710B5038A8B420ED33F23491E91FB87
:10776000F3F403FB1411D0F86001042303EB81014F
:1077700040581060002010BD4FF0FF3010BD2DE9C3
:10778000FC470446DDE90A89B0F85E001F4616464C
:107790000D4618B14FF0FF30BDE8FC87204600F0E1
:1077A00083F81120C4F86C5160604FF40050A06061
:1077B0000025E562E56125626563E060C4E90E5578
:1077C00004F5AE7080E8C00184F84050A565A5744A
:1077D000A56184F87C50204600F01DFF204600F093
:1077E00077F800F041F80EB1706B08B940F2E24052
:1077F000A4F848000220A4F86A01C4F87053A4F861
:107800007453B4F86010204600F0F4F90020CDE97C
:10781000000000EBC00104EB8101DDE90032D1F88A
:107820009C10CB1845EB0201CDE90031401C042827
:10783000EFDB18461021A1FB0067002202FB00705D
:10784000019B01FB0300810241EA9650401C4FEA74
:107850004030A062B9F1000F04D00520A4F85C000C
:10786000A4F86851002097E710B50C48FBF784FC9A
:107870000A483321A0F84811094991F89B12A0F851
:107880004A1100F598710748C26E4A63B0F870005B
:107890000887BDE81040FFF7BFB8000090B1002096
:1078A000085D0020885F0020704710B5044600F096
:1078B00019FA38B10020A4F868010220A4F86A017E
:1078C000C01E10BD2046BDE8104000F095BB000072
:1078D0002DE9F047044600F0ADF907F013FC4FF432
:1078E000007950B91120D4F85C110FF0F5F820B1EF
:1078F0004946D4F85C0106F0D5FBD4F85C0101F0F0
:10790000DBF8D4F85C113320A1F848011220D4F838
:1079100064110FF0E1F84FF4803A48B10021D4F837
:107920006401FFF745FA5146D4F85C0106F0BAFB52
:107930000021D4F8640101F06AF8D4F8641113202E
:1079400001F500710FF0C8F858B1D4F86401202196
:1079500000F50070FFF72CFA5146D4F85C0106F0F0
:10796000A1FBD4F86401202100F5007001F04FF86C
:10797000D4E9028700252E46A4F8105005F18000B6
:10798000D4F860110FF0A8F848B14946D4F85C016A
:1079900006F088FB4946D4F86001F8F7B3FFD4F845
:1079A000600100683F2809D95146D4F85C0106F00F
:1079B00079FB4946D4F86001F8F7A4FFD4F86001D8
:1079C000218A026811442182016871B10168042290
:1079D000491E02EB810250F802804FF4807202EBE4
:1079E00081014158012621F0004701683F2904D058
:1079F00080216165016889B117E0681CB0F5786F76
:107A00000AD35146D4F85C0106F04CFB4946D4F841
:107A10006001F8F777FF08E06D1CAFE72EB1C0F802
:107A2000FC80D4F86001C0F8F871D4F85C11D4F887
:107A30006C010EF041FED4F85C01D0F8101131B1A8
:107A4000D0F81011D0F81001A0F50040E06000F06F
:107A5000C0F8204600F0DFFD0020BDE8F0872DE9EA
:107A6000F04F87B0040051D001294FDB03294DDCD2
:107A700001EBC100491E04EB810B04EB8005DBF830
:107A800070008035002842D0287C01283ED128682B
:107A9000E0B3EFF3108872B60020DBF8701004AE8C
:107AA000CB0D4A024FF400710091CDE9016092467E
:107AB00099460021286817F09AFF002803DBDDE9CA
:107AC0000401C20504D0B8F1000F1FD162B61DE059
:107AD000BAEB000379EB010204D2B0EB0A0061EBD0
:107AE000090101E000200146460ACDE9000146EA0D
:107AF000C1564F0A56EA07000FD0E07C68B1B8F1D2
:107B0000000F00D162B610F023F818B1022007B0C0
:107B1000BDE8F08F0020E074BBE756EA07001FD0F5
:107B2000E068B0F5004F15D9E3694FF0FF3C002144
:107B3000D3EB0C0361EB01029B1BBA410AD3E26C4D
:107B4000A0F50040824205D2801A61EB0101801B42
:107B5000B94105D2B8F1000F00D162B60120D6E7D5
:107B6000DDE904230021286817F0DCFE0028AAD1F3
:107B7000DDE90410B1EB0A0270EB090201D3002029
:107B800006E0BAEB010169EB0002480A40EAC25084
:107B9000CBF8700056EA070015D0E06C3044E06482
:107BA000E1693144E1616061DDE900316869002229
:107BB0001B1A914101D36A6102E00099401A686181
:107BC000012084F84000B8F1000F00D162B6002017
:107BD0009DE717F079BE10B5B0F85E2000210AB11C
:107BE000A0F85E1081610521A0F85C1000F0C4FAD5
:107BF000002010BD10B5044689B10120A4F8600032
:107C0000D4F8EC00406819F0B7F89FED081B53EC6E
:107C1000112B19F047F919F06BF8606610BD0020C0
:107C2000A4F860004FF48060F7E700009A999999F2
:107C30009999E93F10B5074CD4F8DC02000708D544
:107C4000054800F05DF8D4F8DC0220F00800C4F824
:107C5000DC0210BD90B9002070290020FAF762BE46
:107C600070B5040016D0E07C002510B10FF070FF55
:107C7000E574A574A561606B401C6063A4F85C505A
:107C800094F87C0038B9B4F86801042803D00220C5
:107C9000A4F8680170BD0420FAE710B50446C07C62
:107CA00018B10FF055FF0020E07404F5B871D4F856
:107CB00070030EF011FF0220A4F87403002010BD21
:107CC00010B5FBF713FB05F0B1F80548C06A18B111
:107CD000BDE81040FBF7EEBAFBF7ECFA002010BD50
:107CE00090B1002010B50446FFF7EAFF002805D048
:107CF0000021A4F868110221A4F86A1110BD000047
:107D00002DE9F0410746002407F0FCF9651E68B92B
:107D100000261120D7F85C1110F0F2F930B1022ED4
:107D200000D12C46761CF6B2032EF2D30026122088
:107D3000D7F8641110F0E4F930B1022E00D12C46CE
:107D4000761CF6B2032EF2D30026D7F86411132066
:107D500001F5007110F0D4F930B1022E00D12C469B
:107D6000761CF6B2032EF0D300260749202010F02F
:107D7000C7F930B1022E00D12C46761CF6B2032E84
:107D8000F3D32046BDE8F08110A200202DE9F04396
:107D90001E4885B00178002934D01D49B1F8B012D1
:107DA000C9062FD51B4F41F60C11C959082929D2F4
:107DB0000569804646694F208DF800000024E94699
:107DC000C4F10F00820028463146F8F79DFB00F011
:107DD0000F000A2801D2303000E0373009EB0401EF
:107DE000641C4870102CEBDB00248DF811406946B0
:107DF000384603F041FB002804D1384603F06AFB03
:107E000088F8004005B0BDE8F083000010000020B5
:107E1000085D0020082D00202DE9FF5F68480168FB
:107E200041F000510160674D4FF0010B002685F8CD
:107E300008B0654C04F1140007C812F0E7FA634873
:107E4000F9F760FA04F0A8FF614F206AB046A8B1C4
:107E5000006898B1C0F82480206A0068016921F0A8
:107E600001010161206A08F0B5FAB7F8980201280B
:107E700004D0206A0DF076FA00B10126687C38B192
:107E8000B7F89802012803D104F022FF00B10126BF
:107E900004F082FF4F496269A1F6D8104FF0400C00
:107EA0004368A246CDF80CC00093CDE9012100F152
:107EB0004001826B8B6B4849484810F09BFE484953
:107EC000D1E90301CDE90001EFF3108972B6002476
:107ED00000215DF8240017F093FE641C022CF7D3F8
:107EE000B9F1000F00D162B65EB9687C48B1B7F84D
:107EF0009802012805D105F01BFA10B185F8088019
:107F00002AE085F808803EBB0AF11400544607C8F1
:107F100012F03EFA00BB3348006B18B12B48F9F75A
:107F20004DF9C8B9206AD8B10068C8B1B7F898024D
:107F3000012815D12748983814F0F0FB60B9206A61
:107F400008F048FA618E206A0DF0D0FC00B10126DD
:107F5000206A08F03FFA1EB1BDE8FF5F04F058BE8A
:107F6000687CA8B9204900220C4620480CF046FA4B
:107F70001D49002214311D480CF01EFA1C4800F562
:107F80001861896AC161142221462030F8F75EFC2D
:107F9000104C983CC4F8F4820A491648803104F524
:107FA0003874C1F81C8085F809B0FBF7EFFF04F0C6
:107FB000E7FE206840F010002060BDE8FF9F000051
:107FC000180802409801002040A6002090C200201E
:107FD000709F002028BA0020CC2C01201C2C0120EE
:107FE000081C040890B1002054BC0020A42B0120E0
:107FF000C0B20020400600202DE9F0470446B0F84A
:108000005E004FF0FF3A012845D006F0C3FB012780
:108010004FF00208F0B30020C4E90E00064684F8D1
:108020004000024602EBC20004EB8000803018F0F2
:1080300033FB521C062AF5DB5FF0000004EB8001E5
:10804000401C0E670328F9DBFFF708FE208A4FF07B
:108050003F09401E494690FBF1F290FBF9FCD4F831
:10806000605109FB1C0104D2A068E064E06820654F
:108070000EE005EB81035868E064D3F8003123F08B
:108080000043236541F6FF7318446FF30C00E0646E
:1080900031B111E002E05046BDE8F087042054E021
:1080A0002E60E06C6860206DC5F80001606D2946A7
:1080B000104400F04BFDE8BBA665208A4A46401CF0
:1080C00080B22082401E90FBF2F190FBF9F309FB95
:1080D0001300421C2A603E2806D1606D491C0844EA
:1080E000234900F033FD28BBD4F85C0100F5A871EA
:1080F000081F04F085FE78B9D4F85C1100221D48F1
:1081000001F5A8710CF07AF9D4F85C110022194835
:1081100001F5A6710CF050F9D4F85C11E06C00F098
:1081200015FD38B9E06CD4F86411401C00F00EFD68
:1081300000B900E008E0E06CD4F86411801C01F59F
:10814000007100F003FD38B10220FFF709F9A4F82F
:108150006871A4F86A819EE754F84C0F00F500504E
:10816000206067822682FFF757FE002094E7000018
:10817000F8190408A42B01202DE9F047374C384E9C
:10818000206A38B1016829B1B6F89812012914D0D3
:108190000DF064F904F1140007C812F037F9314802
:1081A000F9F7B0F8304D0027EF742F756F722FA1DB
:1081B000314803F061F948B112E00DF04FF9618EDA
:1081C000206A0DF0F7FB14F0D9FBE3E72A4803F02F
:1081D00081F9401C04D019212748FAF76BFF20B120
:1081E00001220221062002F069F86879DFF88C90FC
:1081F00009F5006888B16F71494611200EF06CFCDA
:1082000020B14FF40071484605F04CFF98F8F01289
:1082100089F8B3113321A9F84811FEF7C5F9B6F86A
:108220009802022802D0012802D003E0144800E09E
:108230001448A063D8F8000068B1816B59B1D6F832
:108240003402884202D0104802F05DFD0E48C6F8A4
:108250009C9206F013FC2F72BDE8F08740A6002028
:10826000709F002090C2002098010020526563207A
:1082700053746F7000000000082D002090B10020A2
:10828000642F0120D42E0120706F00202DE9F05FB3
:108290000446012084F87C004FF00008DFF824B188
:1082A00046464746DFF820A1ABF1040945464EE0BB
:1082B000D9F80000C00713D10DF076FE002803DDC9
:1082C000204600F08EF942E002DBDBF8000038B116
:1082D000B4F8680040F40040A4F86800A57434E0E5
:1082E00008F10108D04532D9384A42F210713848B5
:1082F00000E000BF83689B0701D4491EF9D24168A2
:1083000021F002014160D9F80030494623F0010311
:10831000C9F8003000E000BF0B68DB0701D0521E37
:10832000F9D20968C90701D0012707E0016821F0E7
:1083300040010160016841F040010160A574B4F89A
:10834000680040F40040A4F86800012602E0A07C28
:108350000028ADD1B4F86800000403D50126E57407
:10836000A5610BE056B9A06940B12046D4F834802D
:1083700000F040F8616B414500D00126E07C28B157
:1083800017B90FF0E5FB00B10126E5740027A561E0
:1083900046B90021204600F07FFA78B17F1CFFB279
:1083A000032FF6D30220FEF7DBFF00BF84F87C50DA
:1083B0000320A4F86A010020BDE8F09F2046FFF7E3
:1083C0009FFCF3E75C64024080841E00A0860100ED
:1083D0000030014010B5002181748161C174426B8D
:1083E000521C4263A0F85C100820FEF7B9FF002081
:1083F00010BD00002DE9F0418669044606B901264A
:108400000025A574E168E06C884205D30520A4F836
:108410005C000720FEF7A4FF0FF006FE0028E07CBA
:1084200009D010B10FF094FBE5742046FFF718FC5B
:108430000020BDE8F081012802D16069304460610C
:10844000B4F96A00401C60D0B4F86A000428B4F99A
:108450006A0000EBC00035D004EB800191F8902059
:108460008031012A52D0087E521E904272D10D7680
:1084700008684FF400724768C36803F50073BB4295
:1084800003D3B3FBF7FC0CFB1733C360036BD0F8CB
:1084900034C04FF40077DF194CF1000307634363E6
:1084A00010F1180050E8003F9B1A40E80037002FF9
:1084B000F8D1B4F96A00B4F96C20904271D1B4F9E2
:1084C0006C0069E004EB80007102D0F88000436822
:1084D000C2680A449A4203D3B2FBF3F707FB1322A4
:1084E000C260036B426B5B186A41036342631830DE
:1084F00050E8002F521A40E80023002BF8D1206AE0
:1085000030442062206D3044206557E008687202D4
:108510004768C3681344BB4203D3B3FBF7FC0CFBAF
:108520001733C360076B436BBF186B41076343632B
:1085300010F1180050E8003F9B1A40E80037002F68
:10854000F8D1B4F96A00B4F96C20904212D1B4F9B0
:108550006C000BE02AE000BF00EBC00104EB8101DE
:1085600051F8942F8B8903FB06220A60401C0628D1
:10857000F2DB1DE04869724200EB422014E000BFCC
:1085800000EBC00204EB820291F810C052F8943F55
:10859000978907FB0C331360401C0628F0DB07E0CB
:1085A000FFE74869A0F50070486101E0401C0876CB
:1085B000E0693044E061E06C3044E064A561A4F817
:1085C0005C50B4F8680104283FF432AFA07C002866
:1085D0007FF42EAF0220A4F868012046FEF7D4FDF8
:1085E00026E70021817490F87C10002902D1032134
:1085F000A0F86A117047B0F8681041F40041A0F883
:1086000068100021817490F87C10002902D10421A7
:10861000A0F86A1170472DE9F041002506462C4666
:10862000A84604EBC40006EB8007D7F89C0070B1A5
:1086300015B90546A6F86C40D7F89C002A46C10D2E
:1086400040020023F7F7D6FEA7F8A00001E0A7F844
:10865000A080D6F85C1104F2D5100C54D6F85C2139
:1086600004F5F57197F8A0005054641C062CD8DB73
:10867000D6F85C11062081F8D401D6F85C110220EE
:1086800081F8B801BDE8F0812DE9F0410446C07CD5
:1086900017460E46002510B10FF05AFAE5746661D0
:1086A0000120A061A074394630460FF029FDA57461
:1086B000A56118B14FF0FF30BDE8F0810320A4F8A8
:1086C0006A010020F8E72DE9FF5F0F46044613B169
:1086D0001D46012B00D901250026A4F86860E07C26
:1086E0004FF003094FF0FF3B4FF001084BB14FF43F
:1086F000800AF8B16069B8421CD1E06CC10415D0A1
:1087000030E010B10FF024FAE6746761C4F8188005
:1087100084F81280A4F86891384602990FF0BCFFE3
:1087200000281AD0C01C34D0A66115E0616C401A34
:10873000504517D3E07C10B10FF00AFAE674B4F894
:10874000600018B950460DF0F1FE20B93846676454
:108750000FF0DAFA20B1A674584604B0BDE8F09FD5
:1087600084F813806761A56184F81280B4F8680109
:10877000022801D1A4F868914FF6FF7000EA452164
:10878000029810F07FF9C11C03D00028E5D0A66143
:10879000E1E72046FFF72FFF0020DEE72DE9F0415B
:1087A000044600F180020020B4F96C10012501EBB1
:1087B000C10102EB81016E020B7C012B0BD90B7EF8
:1087C0004BB108688069B0424AD3B4F86C00A4F891
:1087D0006A0008462AE000210B4608E000234F1EED
:1087E000022F04D804EB8103DB6E03B1012301EBFC
:1087F000C10702EB87077F69B74200D35BB3491C0F
:108800000629EBDB95B1B4F96C0000EBC00052F81F
:1088100020008069B04223D3B4F86C00A4F86A0049
:10882000B4F96A0000EBC00002EB8000E268E16C82
:10883000A2F50042914229D2027E037C50F8222008
:10884000012B10D9B4F96A30B4F96C50AB420AD19B
:108850000068C06808E0A4F86A1001EBC100E3E713
:108860000320BDE8F081D0680123A4F85C30926B4E
:1088700002442046FFF727FF0028F2D02046FFF7EA
:10888000EFF90220FEF76CFD0220EAE70720FEF771
:1088900067FD0120E5E700002DE9F05F4FF0030AD6
:1088A0008B460446A0F85CA0C76939484668DFF8E3
:1088B000E490D9F80410D9F80800A7EB0108351A9C
:1088C0001BD014F041FB00EE108ADFED330A334871
:1088D000B8EE400A20EE200A00EE905AB8EE601A78
:1088E000D0ED000AF8EE601AC1EE210A80EE201ADF
:1088F0009FED2B0A21EE000A01E09FED2A0A84ED8C
:108900000C0AC9E90176E07C18B10FF021F90020CA
:10891000E074218A3F22491E91FBF2F391FBF2F0B1
:1089200002FB1313E16C41F6FF750D4494F87C6073
:10893000D4F860216FF30C0506B1E56402EB830205
:108940005160216D94F8403021F000410BB14FF09F
:1089500000431943C2F800114FF0FF35A4F86A50E4
:10896000A4F85CA0616DD4F860210144BBF1000F54
:108970004FF00003204602D0FFF7A5FE01E0FFF70D
:1089800083FE401C02D00020BDE8F09F2846FBE794
:10899000001000E010000020000000443806002015
:1089A000000080350000000070B5044690F87D009E
:1089B0000225F0B1B4F8680104281AD0002084F828
:1089C0007D00A4F86A510521204617F0D1F9EFF394
:1089D0000580D0B9B4F86801042816D194F87C0059
:1089E00098B9B4F86A0103280FD1A4F86A51032199
:1089F00008E0B4F96A01022803D0A4F86A5181B2F0
:108A000000E00221204617F0B3F9002070BD70B5D8
:108A10000D4604004FD0E0780123FF22002130B939
:108A20000420265C1EB9401C8028FAD3E270002086
:108A3000265CFF2E03D0265C402E00D32254401C1F
:108A40008028F5D3D4F88000022801D9C4F880101A
:108A5000D4F884000A2801D3C4F88410D4F888001C
:108A60000A2801D3C4F88810D4F88C0020B1D4F8B7
:108A70008C00B0F5007F01D9C4F88C30D4F88000A8
:108A8000401CC2B2002009E0215CFF2905D1291851
:108A9000C9B2402900D329462154401C9042F3D347
:108AA0002046FDF72AFD002805D029462046BDE8CE
:108AB0007040FEF77DB970BD10B5002842D0036844
:108AC00044F620620021934200D90160836A9342F8
:108AD00001D903688362C36A102B00D9C162036B9A
:108AE000194CA34200D90163436B934202D940F26F
:108AF000E2424263826A002A026801D012B103E0B6
:108B0000826201E0826A0260D0F8A420042A01D9BE
:108B1000C0F8A410D0F8A020012A01D9C0F8A010F4
:108B2000D0F81821120607D5D0F8181101F07F01EE
:108B3000102907D3802103E0D0F81821402A01D35F
:108B4000C0F8181110BD00000071020070B50D468C
:108B500006460024294630460FF0D2FA002805D0F8
:108B6000641CE4B2032CF5D34FF0FF3070BD00005D
:108B700070B5134E0446002535B1012D0CD0022DE1
:108B80000ED0032D13D116E094F8EC224FF40051CF
:108B90000C4806F0EBFB012594F8ED22102103E0D0
:108BA00094F8EE224FF40071304606F0DFFB6D1CA6
:108BB000042DE1DB70BD94F8EF224FF48061F3E700
:108BC00000000240000802400348406B002801D129
:108BD00040F2E2407047000090B1002010B54FF025
:108BE000E0200169C90701D0406910B902200AF0EC
:108BF00005FDBDE810400BF045BE70B5D0F8583407
:108C000073B3D0F8544400EB8405D5F8103400EB6E
:108C10004406B6F80C4411B1D5F804540D6002B105
:108C20001360D0F85414491C0229D0F8541401D20E
:108C3000491C00E0491EC0F85414D0F85814491ECD
:108C4000C0F85814B0F818141944A0F81814B0F863
:108C500018142144A0F818140020A6F80C0470BDC4
:108C6000FFE74FF0FF30FAE77CB50446D0F8580430
:108C70000E46A0B394F84804002578B96A4601A9C5
:108C8000204600F006F90198C4F83C040098C4F8A6
:108C90004404C4F84054012084F84804D4F8400443
:108CA000D4F8441488421BD2D4F84004D4F83C14BD
:108CB0000144401CC4F8400408783070D4F84004E3
:108CC000D4F84414884208D384F84854C4F8405473
:108CD000002211462046FFF790FF00207CBDFFE7F1
:108CE0004FF0FF30FAE710B5044600221146204647
:108CF000FFF783FF0028F8D0002010BDF8B5144618
:108D00000D4606466A46214600F068F810B14FF05D
:108D1000FF30F8BD224629460098F7F710FD30468F
:108D200000F001F8F8BDF0B590F838144FF0FF35B9
:108D3000B1B1D0F85814022912D2D0F84C34D0F87E
:108D40002C4400EB4302211A891EB2F80C2489B28C
:108D5000B0F81864D0F834741744BFB2BE4201D2E0
:108D60002846F0BD00EB8303C3F80444D0F8344434
:108D7000C3F81044B0F81834D0F8344422449A1A96
:108D8000A0F81824D0F834240A44B2F5806FD0F843
:108D9000342401D3A1F580611144C0F85014D0F8F7
:108DA0004C14491C0229D0F84C1401D2491C00E093
:108DB000491EC0F84C14D0F85814491CC0F8581477
:108DC000D0F85C14491CC0F85C14002180F83814F9
:108DD000C0F83414C0F830140846F0BDF0B5D0F82F
:108DE00050349CB2C4F580639DB200235E1EB1F581
:108DF000806F25DCD0F85874022F21D28FB2AF4299
:108E000001D32B460024B0F81854CF18BFB2BD428E
:108E100016D30444A41CC0F82C44C0F83414002118
:108E2000C0F83014012180F83814D0F84C1400EB4D
:108E30004101A1F80C34D0F82C0410600020F0BDE2
:108E40003046F0BDD0F83024D0F834349A420AD2FB
:108E5000D0F83024D0F82C341344521CC0F83024FD
:108E6000197000207047D0F83014491CC0F8301435
:108E70004FF0FF307047002180F83814C0F83414E8
:108E8000C0F83014D0F86014491CC0F860140020F9
:108E90007047D0F858347BB1D0F8543400EB8303DA
:108EA000D3F804340B60D0F8541400EB8100D0F8F0
:108EB00010041060002070474FF0FF30704710B56D
:108EC000044640F26441F7F71DFD4FF48060A4F8BA
:108ED0001804002010BD00002DE9F84343F29871FA
:108EE00000F540544518D4F830024FF0FF36C16801
:108EF000890679D50068800676D509F0D3FD8046CD
:108F0000D4F83002016821F020010160D4F8300269
:108F10004068C7B2D4F83802DFF8D490800554D541
:108F2000D9F81410A8EB0100B0F5FA7F08D928464B
:108F3000FFF7A1FFD4F8380220F40071C4F838120A
:108F400095F8380428B96A464FF400712846FFF7AF
:108F500045FFD5F83404D5F8301488420BD528469F
:108F6000FFF789FFD4F8380220F40070C4F8380203
:108F70006FF0010636E03E2F06D039462846FFF74F
:108F800061FF401C17D02DE0D5F83004C5F834043B
:108F90002846FFF7C8FE2846FFF76DFFD4F83802D1
:108FA00020F40071C4F83812B4F8B00240F48060C4
:108FB000A4F8B00215E02846FFF75DFFD4F83802A8
:108FC00020F40070C4F838020CE03C2F0AD1D4F829
:108FD000380240F40070C4F8380209F063FDC9F8A3
:108FE00014000026C9F814803046BDE8F88300005C
:108FF0007801002008B54FF0FF31009100F5405195
:109000000A46D1F83012CB689B060CD50B689B063C
:1090100009D50B6823F020030B60D2F830124968A1
:10902000C9B201F059FF009808BD00002DE9FF47C3
:10903000064641F61810371843F24820DFF84891E9
:109040004FF0000806F54055341863E04FF0000A71
:1090500009F028FDD9E90623811A78EB0300CDE950
:10906000021006D508460399401E41F10001CDE9E2
:109070000201DDE9022141F2883300209A1A884179
:1090800001DA4FF0010A41F6EC00C05D48B99DF8E5
:10909000000001F0A3FD011E06DD01AA3846FCF721
:1090A000E9FBBAF1000F09D03846FCF78CFCD5F883
:1090B000380220F40070C5F8380227E09DF800104F
:1090C0003846FCF765FC401C24D19DF800003E2882
:1090D00009D03846FCF777FCD5F8380220F4007048
:1090E000C5F8380216E0304601F063FED5F83802C4
:1090F00020F40070C5F83802B5F8B00240F0100056
:10910000A5F8B002304600F0C5F803E09DF8000075
:109110003C282BD0A169204689B34168C368826B83
:10912000D25C8DF80020C268521CC260C2688A42BC
:1091300002D3C268511AC160026B0121436B521CF9
:10914000C44643F100030263436304F1180000BF07
:1091500050E8002F521A40E80023002BF8D143F2C8
:109160003820E04680598005D0D56FE709F09AFC99
:10917000C9E90608D5F8380240F40070B0E7FFE707
:1091800004B00020BDE8F0877801002008490A6893
:1091900042F480420A600A6842F000420A600549CF
:1091A000CA6842F40052CA6080224A6002F092B952
:1091B000180802400010014018B5044643F234314B
:1091C000621804F540544FF0FF30D4F83012CB68E9
:1091D0001B0613D50B681B0610D5D2F858040028BF
:1091E00014DD69461046FFF73FFD0028D4F8300231
:1091F00005D0C16821F08001C160002018BD016860
:109200000906FCD59DF800104160F6E7C86820F01B
:109210008000C860F1E700F54050D0F83002C16826
:1092200042F288021143C160704702F053B910B591
:1092300002F03DFA002010BD70B5050020D01149A4
:10924000286888421CD1104EF068002818D00F49B9
:109250006860C1F8B40200F011FE040002D10AF007
:10926000A9FD0446F16800F0B7FDA0F110014FF62A
:10927000EF72914204D829688860054908618C61C1
:1092800070BD00000010014078010020085D002042
:10929000E82C0020022006F02FB800002DE9F04154
:1092A00005460027FFF7C3FF80BB05F54054D4F8FF
:1092B0003002C1680906FCD4284611F091F9D4F8AF
:1092C000380220F40070C4F8380212A63046F7F7CE
:1092D00017FA024643F2343031462844FFF70EFDB8
:1092E0002846FFF798FF284611F0C6F9002243F2FE
:1092F000987011462844FFF780FC284611F090F939
:10930000B4F8B00220F40040A4F8B0023846BDE83A
:10931000F08100003C444953424F4E443E0000005F
:1093200070B592B0044634216846F7F7EBFA142181
:109330000DA8F7F7E7FAACB31E48016801F00C017D
:10934000042920D0082920D000212160016801F0E3
:10935000F0016160016801F4E051A160006800F46F
:109360006040E06014480068002500F007002061BC
:109370002575012630040695CDE9006068460AF09F
:109380005BFD78B903E00121DFE70221DDE70F2073
:10939000CDE90E650D90109500210DA811950AF0EC
:1093A000C7FB10B1012012B070BD13F0CDFD2675C2
:1093B0000020F8E708380240003C0240A0F13001EC
:1093C000092901D808467047A0F14101052901D8B3
:1093D00037387047A0F16101052901D85738704727
:1093E0004FF0FF3070470000F8B5064606F54054D0
:1093F0000020A4F8B002B4F8B00220F08000A4F875
:10940000B002D4F8340207F087FC1C4B4FF400750F
:109410004FF47A773A46A3F57A713046009500F01A
:109420009FF9D8B1154B3A46A3F57A7130460095AD
:1094300000F096F990B1D4F8340207F04FFC0F4BCE
:109440003A46A3F57A713046009500F089F928B1C3
:10945000D4F8340207F060FC0120F8BDD4F83402DF
:1094600007F05AFC3046FFF719FFB4F8B00240F09D
:109470000200A4F8B0020020F8BD0000706D0020CA
:109480002DE9F0410446C06B00254FF480668560ED
:10949000E06BC560E06B0661E06B4561E06B856188
:1094A000E06BC561E06B0562E06B08F0D5FF6F1EF5
:1094B000A0B9E06B8463A16B40208860A06BC5609D
:1094C000A06B0661A06B4561A06B8561A06BC56157
:1094D000A06B0562A06B08F0BFFF10B13846BDE875
:1094E000F081A06B00220321846325200AF0FEF89E
:1094F00025200AF0EDF82068C16841F40051C160F0
:109500002068C16841F02001C1602068C16821F075
:109510008001C16094F8420020F0220084F84200EB
:109520000020DCE72DE9FF4790460D4604004FF090
:1095300000064FF0FF394DD0B8F1000F4AD0E5B327
:10954000002009E0215C20395F2904D3062D08D0D2
:10955000072D09D002E0401CA842F3D30027EA46B9
:109560001CE04046216802E054F8011F40460160BB
:10957000A188818038E0E05DFFF720FF00280CDB48
:10958000102E06D30F220AF101016846F7F71CF9E5
:109590000F26E15D0AF80610761C7F1CAF42EAD365
:1095A0000C2E17D30AEB060547460C3D12D027B107
:1095B0005FF0000415F8140000E00BE0FFF7FEFE7A
:1095C000064605EB44004078FFF7F8FE002E01DB6D
:1095D000002803DA484604B0BDE8F08740EA0610E8
:1095E0003855641C062CE5D30020F4E72DE9F0473C
:1095F0009846914604000D464FF0FF362DD065B3D6
:109600000846F7F77DF8022827D329783C2924D18A
:10961000284410F8010C3E281FD104F54050D0F822
:10962000381221F40071C0F8381243F298702044C7
:109630000746FFF758FB2846F7F762F8024643F261
:10964000343029462044FFF759FB30B92046FFF754
:10965000E2FD204611F010F810B13046BDE8F08769
:10966000424649463846BDE8F047FFF7C6BA000013
:109670002DE9F04F91B005004FF00000ADF840002B
:109680004FF0FF3016468A46804661D0BAF1000F8F
:1096900001D1002E5CD1284610F0A2FF05F5405004
:1096A000D0F8381221F40071C0F8381243F29870E3
:1096B00028448146FFF717FB40216846F7F722F957
:1096C0003C208DF8000024A00A240168CDF8011088
:1096D0008088ADF8050041208DF8070043208DF803
:1096E00008004520EB468DF809000A2E02D30A2710
:1096F000002602E0374600260BE00BEB04011AF8C7
:10970000060010AAF7F764FBBDF84000761C04447D
:10971000F6B2BE42F1D33E210BF8041043F23430CE
:10972000621C69462844FFF7E9FA68B92846FFF742
:1097300072FD284610F0A0FF30B9002211464846BD
:10974000FFF75BFA4FF00008284610F069FF40462B
:1097500011B0BDE8F08F000041445644415441002F
:109760002DE9F04300F540550446D5F834021F4674
:109770009DB0836B249E1B685B680093C06B006880
:10978000436804F5705016F02CF9D5F83402816B5B
:10979000096849680091C06B0068436832463946E1
:1097A00004F5715016F01DF9204610F019FFD5F898
:1097B0003402FFF765FE204600F048F943F23430EA
:1097C000204407228B490746FFF798FA2046FFF707
:1097D00022FD4FF4FA7008F0EFFE4FF00008CDF8CC
:1097E0004480CDF84880CDF8008001AB6A4682A164
:1097F0002046CDF80480FFF7F9FE04F54A5628B953
:10980000DDE9000111AAFFF78DFEE8B34046C6F876
:109810006C8000BFA6F870000020211804EB400205
:1098200001F5405102F5405291F8EC3282F8FE32D7
:1098300091F8EC12401C82F8FF120628EDDBCDF8FF
:109840006080CDF86480CDF8688000260DF1600955
:10985000CDF86C80A01900F5405009EB460190F856
:10986000EC021CAAF7F7B4FA761C062EF2DB1421E0
:1098700013A8F7F747F8CDF8008001AB6A4660A15E
:109880002046CDF8048000E009E0FFF7AFFE58B1B4
:10989000204610F0C5FE01201DB0BDE8F0831198F0
:1098A000F066BDF84800B5E7009961B1019A042A55
:1098B00009D9101F122801D9122200E0121F13A883
:1098C000091DF6F73CFF4FF00108002613A8F6F734
:1098D00017FF81B2002013AB0EE00A1A1A4412F8E7
:1098E000012C303A092A06D802FB0862D6B208EBEE
:1098F00088024FEA4208401C8842EEDB85F89B62F2
:10990000342104A8F6F7FEFF43F2BA2121443123A3
:109910003E22CDE90031CDE902923C233AA2322128
:1099200004A8F6F705FE04A8F6F7EAFE024604A925
:109930003846FFF7E3F92046FFF76DFC204610F0AC
:109940009BFE43F298700022204411460646FFF722
:1099500054F90A2008F030FE14222FA16846F6F7C9
:1099600075FF6846F6F7CCFE024669463846FFF7B3
:10997000C5F92046FFF74FFC204610F07DFE00227F
:1099800011463046FFF739F928A08046F6F7B8FEB1
:10999000024641463846FFF7B1F92046FFF73BFC47
:1099A000204610F069FE002211463046FFF725F9E7
:1099B00021A08046F6F7A4FE024641463846FFF74E
:1099C0009DF92046FFF727FC204610F055FE0022A7
:1099D00011463046FFF711F91B48016841F48041F8
:1099E0000160B5F8B00220F00800A5F8B002002030
:1099F00052E70000FF1B04083C4D41433E000000BD
:109A00003C485645523E000025634E414D45252EAB
:109A10002A732573256300003C464143436F6D70F4
:109A20006163742045706879733E00003C4449537B
:109A3000424F4E443E0000003C41445647415035A1
:109A400030303E0000000000180802402DE9F04FC1
:109A50000027BB46A5B00646D946C846182104A82B
:109A6000F6F750FF142110A8F6F74CFFD2490878FA
:109A700040B1C86818B1002025B0BDE8F08F4FF0A4
:109A8000FF30F9E7CC49CD4C4FF0010A81F800A036
:109A9000C4F800A046B106F54055D5F8340218B117
:109AA0000168C748814201D0E12014E0D5F83802AE
:109AB00020F40070C5F8380243F298703044FFF784
:109AC00012F943F234303044FFF70DF904A8FFF7E0
:109AD00027FC10B1E4202060D1E70AF06BF94FF4C5
:109AE000964100F079F9A0F110014FF6EF72914222
:109AF00009D8D5F834224FF496415160B14AC2F8E2
:109B0000B412AF498860AE48C1680B91C16821F0BA
:109B10002001C160AC4800682290AB48001D00687D
:109B20002190A948083000680A90A7480C300068C6
:109B30002090A548203000681F90A44800681E901F
:109B4000A248001D00681D90A048083000681C90C5
:109B50009E480C3000681B909C48183000681A9092
:109B60009A482030006819909848283000680E9074
:109B700096482C3000680D909448243000680C9072
:109B800093485E46016841F002010160006800F000
:109B9000020002908E48103000688D4940F00400A9
:109BA00010310860086810A900F0040002908020BD
:109BB00010900220CDE9110613901490824808F00D
:109BC00071FE82480660001D0660001D0660001DD3
:109BD00006607E48203006607C4980151831086098
:109BE0007A482830066079494FF6FF702C310860BA
:109BF000764824300660754810300660011DC1F8B3
:109C000000A07249B020203108607049012008602E
:109C10000AF0C0F86E492839096811F4E05F00D0F5
:109C2000400082466B49D5F8340210F013FD08F06D
:109C300039FF06462FE065481030016849072AD5EC
:109C400062493831096815AA22F817104FF6FB311E
:109C500001607F1C022F1ED35FEA0A0220D0BDF8EC
:109C60005600BDF85410401A0604360C18D00323D1
:109C700070085946EAFB030132460023F6F7BAFBA7
:109C8000E061A0F58C41503940F6C412914207D8EA
:109C9000B146804604E008F005FF801BFA28CAD3CD
:109CA0005E46DFF828B10BF1200BCBF80060474887
:109CB00006601E2008F080FC44491D98091D0860BC
:109CC000091D1C980860091D1B9808603F491A98D7
:109CD000183108601998CBF800003C490E982831DB
:109CE0000860091D0D9808600BF104010C980860CC
:109CF00036481030066035491E980860324922986F
:109D00000860091D21980860091D0A980860091D4E
:109D1000209808602C491F9820310860284E306830
:109D20000290706802900B98F06014210AA8F6F770
:109D3000E9FD9DF8240078B10F200A9004980B905B
:109D400005980C9006980D9007980E900AA808990F
:109D500009F0EEFE13F0F8F8C4F804A05FEA090079
:109D6000A06067611AD04046C4F80C80A8F58C4109
:109D7000503940F6C512914212D3E32020600AF018
:109D800019F84FF4964100F027F8A0F110014FF6B2
:109D9000EF7291423FF6A0AEB06070E6E220EDE7D0
:109DA0000549C860C5F8B402D5F83402FFF744FA93
:109DB00046F20D0020605EE678010020E82C0020CD
:109DC00000100140085D002000040240000800402F
:109DD00030380240F81B040810B50A0007D05308B9
:109DE0001818002149410023F6F704FB10BD00209C
:109DF00010BD884201D3401A7047081A704700000E
:109E000010B500F00FF80549086505490A6822F009
:109E1000F80242EAC000086010BD0000980100206E
:109E2000003802401F2800D91F207047124910B582
:109E3000002008600A1D1060121D1060131D1860BC
:109E40000D4B183318601B1D18601B1D18600A4B42
:109E500028331860084C431E2C342360064B2433EF
:109E60001860054B10331860034C01231434236031
:109E700015231360086010BD000C004010B5114C94
:109E8000207B20B11048016811F00C0F01D0002098
:109E900010BD0068C0F30312C0F342310120082A4C
:109EA00001D2012302E0D21F00FA02F3042901D2F9
:109EB000012001E0C91E88404343606DB0FBF3F010
:109EC00010BD000098010020083802400148006DD4
:109ED00070470000980100202DE9F84F4FF0000571
:109EE00091460C0082462E46A84601D000271AE073
:109EF000012400275046FFF783FF40464FF40061DE
:109F0000CDF8008000BF401C00908842FAD347F291
:109F100030525100484601F0CBFE411C0FD02D18A5
:109F200046EB08067F1CA742E4D36008401948EBC3
:109F3000060122460023F6F75DFABDE8F88F4FF0E0
:109F4000FF30FAE72DE9F04FA1B0582104A8F6F749
:109F5000D9FC704D00204FF0FF371B90B946286D9B
:109F6000FFF760FF06464AF6C87034466866AE667C
:109F7000EE662F67686D68670120A867664A002053
:109F8000A2F18008BA4648F8207042F82070401CC0
:109F90001F28F7D9614801684FF00210884301D0AB
:109FA000022019E05D489430006800F040401E90A7
:109FB0005A484030016801F008011D91006800F422
:109FC00000701C904FF4805004908004159004A8F9
:109FD00009F012FC28B10320A867286D21B0BDE864
:109FE000F08F4E484030016841F400710160016813
:109FF00001F400710391016841F0080101600068FB
:10A0000000F008000390464800682090FFF70EFF1C
:10A010004048042181670025C34604212846209A30
:10A02000FFF75AFF411C05D04AF6C871884207D392
:10A03000411A06E04BF82500374840F825A01CE0FF
:10A04000091A88464BF82500334840F82510494541
:10A050000BD312D131462846FFF7CBFE07463146D7
:10A060002046FFF7C6FE874207D201201B902948F1
:10A070002C46C146C566C0F870806D1C1F2DCCD91A
:10A080001B9888B32046FFF7BBFE5BF824105846A8
:10A09000491C0FD050F8242000232248A72104F0A7
:10A0A00041FA2149214A0144914203D8194948659E
:10A0B000012008731748416D4167C466C0F870906D
:10A0C000052181671649002010390860144920983D
:10A0D00008601248943001681E9A21F040411143F3
:10A0E00001601D9830B10BE0FFE734463046FFF7C2
:10A0F00087FEDFE709484030016821F00801016070
:10A100001C9828B905484030016821F400710160AD
:10A11000204663E79801002028A70020003802406D
:10A1200020240040002058A300E548FF00127A00D8
:10A1300010B5064A064B00211468044201D00120E4
:10A1400010BD491C9942F7D3002010BD00240040E7
:10A1500020A107000348016811B9C06A002800D097
:10A160000120704790B1002010B500F00FFAEFF316
:10A17000108272B609490B794C792343034208D007
:10A180000B7983430B714B7983434B71C879401C26
:10A19000C871002A00D162B610BD000088A6002058
:10A1A0000C4808B5016841F080510160006800F07A
:10A1B0008050009009F0E4FA00220E2106480AF0CF
:10A1C00010F800220F2104480AF00BF8BDE80840FF
:10A1D00009F0CABA40380240A42B012010B5032070
:10A1E00000F00EF80446052000F00AF844EA800466
:10A1F000082000F005F844EA0010C0B210BD0000CD
:10A2000010B500F0C3F918B107498A79024201D1AB
:10A21000002010BD0A7949790A43024201D0022088
:10A2200010BD012010BD000088A60020F8B51B4D10
:10A23000A87D002830D11A480126AE75016841F08A
:10A2400080510160006800F08050009009F098FA99
:10A250000E21144809F0C0FF07460F21114809F0EC
:10A26000BBFF044609F080FA0F48C4F30722E1B2AD
:10A27000874211D1012A0BD1092909D30D2907D809
:10A280006C8530466E75BDE8F840022200F016B8C5
:10A29000BDE8F840FFF784BFF8BD0000980100203A
:10A2A00040380240A42B012017FA32CE10B508F036
:10A2B000F9FB0149886010BD88A600202DE9F04116
:10A2C00014460D46064600F061F90146EFF3108290
:10A2D000002072B6194B1F8845EA0625AF4201D00F
:10A2E0001D800120C1B1022C0CD31C790C4201D17C
:10A2F000012400E0002420431C790C431C715C798C
:10A300008C4308E05C790C4201D1012400E0002478
:10A3100020435C790C435C7150B15888A0F57F41B3
:10A32000FF3902D05888401C5880D879401CD87119
:10A33000002A00D162B6BDE8F081000088A60020A6
:10A340002DE9F04786B008F0ADFB784906460A6A69
:10A35000801A7CD4DFF8D8A106F57A700862BAF8C2
:10A360005E0088464FF00009A1F1800538B37148BE
:10A37000006820B3704815F020FBD8E91A32044673
:10A380000F4658405140084307D085F81F900420DD
:10A39000FFF7EAFEC8E91A4718E0E87FFF2801D274
:10A3A000401CE877C0B20328F4D302220521042020
:10A3B000FFF784FF20215F4803F074FEEAE785F889
:10A3C0001F905D4815F0F9FAC8E91A01BAF85E0065
:10A3D0005A4C80B1A06870B1A06840F6B831301A0C
:10A3E000884208D9052101220846FFF767FF80212E
:10A3F000504803F057FE697D514849B3B0F8B01298
:10A40000C90647D514224FA16846F6F71FFA6E8D8C
:10A41000012000F0BBF82179627908434E4901EB35
:10A4200016331B788DF80430C6F30323CB5C8DF80C
:10A430000530C6F30313CB5C8DF8063006F00F032E
:10A44000CB5C8DF8073001EB10131B7801E01EE0A8
:10A4500020E000F00F008DF80A30085C8DF80B004A
:10A4600001EB121000788DF80E0002F00F00085C6E
:10A470008DF80F006946394800F0FEFF002806D12C
:10A48000364801F027F885F81590FFF789FE06B0E9
:10A49000BDE8F087E17995F820209142F7D0B0F837
:10A4A000B002C006F3D5142226A16846F6F7CEF90D
:10A4B00020882379627940EA0301114332D026498A
:10A4C000113101EB103636788DF80460C0F30326A5
:10A4D0008E5D8DF80560C0F3031600F00F008E5DF1
:10A4E0008DF80660085C8DF8070001EB131000780A
:10A4F0008DF80A0003F00F00085C8DF80B0001EBEB
:10A50000121000788DF80E0002F00F00085C8DF834
:10A510000F006946114800F0AFFF0028B7D10F487F
:10A5200000F0D8FFE07985F82000B0E7180200209D
:10A530007029002090B1002050B0002088A6002093
:10A54000085D0020455252203030303020463030F7
:10A5500020443030000000001C1C0408082D00209E
:10A5600010B50C4600F012F8EFF3108300280AD063
:10A5700072B6054A91790CB1014300E081439171B3
:10A58000002B00D162B610BD88A60020401E07280F
:10A5900003D801218140C8B270470020704770B5D0
:10A5A0000D0006464FF000044FF0B60100D1641EC6
:10A5B0007E2016F0C5F80F2015F068FB1CB929465F
:10A5C000304600F01DF8204670BD10B50A2015F089
:10A5D0005DFB11217E2016F0B3F8322015F056FBFA
:10A5E00015217E2016F0ACF8642015F04FFB1921E0
:10A5F0007E2016F0A5F80A2015F048FB002010BDBB
:10A600000220C87509224A7515230B7500238B7526
:10A61000C8734A73102008730320887348688860E1
:10A6200048698861C86808611846704710B586B0E7
:10A63000044618216846F6F765F917226946042092
:10A6400015F020FEBDF90000BDF9021000EE100A61
:10A65000BDF90420F8EEC00A9FED2C0A60EE800AD6
:10A66000C4ED120A00EE901AF8EEE00A60EE800ADD
:10A67000C4ED130A00EE902AF8EEE00A20EE800AFC
:10A6800084ED140ABDF9081094ED0F0A00EE901A3B
:10A69000BDF90A00BDF90C20F8EEE00A60EE200AD0
:10A6A000C4ED1A0A00EE900AF8EEE00A60EE200A05
:10A6B000C4ED1B0A00EE902AF8EEE00A20EE200A14
:10A6C00084ED1C0ABDF90E0094ED0E0A00EE900A0E
:10A6D000BDF91010BDF91220F8EEE00A002060EE7E
:10A6E000200AC4ED160A00EE901AF8EEE00A60EEB9
:10A6F000200AC4ED170A00EE902AF8EEE00A20EED8
:10A70000200A84ED180A06B010BD00009A99993EFF
:10A710002DE9FF410DF12808044698E8E10084F88E
:10A720002A7004F11408656288E80E0020842685EA
:10A730000026B620A6858DF80C0035464FF064083B
:10A740000127204600F070F900F05AF903A98DE8BE
:10A75000820101237E22D021606908F011FE60B1E0
:10A76000681C042803D3012004B0BDE8F0810A204E
:10A7700015F08CFA6D1C042DE3D326639FED160AA9
:10A78000682084ED0E0A9FED150A84ED0F0A84F807
:10A79000400094F82A0038B10128204611D000F07A
:10A7A00027F9A6850020DFE72046FFF70EFF2046A9
:10A7B00000F016F8204600F053F8204600F0B4F8F8
:10A7C00004E000F08DF8204600F00AF82046FFF77C
:10A7D0002DFFA785E6E70000B3CC1C3AF8C1F93B92
:10A7E00010B5044690F82A0058B1882141F02001A4
:10A7F000402015F0A5FF0221204600F005F80020BA
:10A8000010BD0921F2E7000010B59FED110A29B132
:10A81000012907D002290FD0032913D080ED0E0A99
:10A82000032104E09FED0B0A052180ED0E0A412073
:10A8300015F086FF002010BD9FED070A082180ED6E
:10A840000E0AF4E79FED050A0C2180ED0E0AEEE7F3
:10A85000E5FF1F3AE5FF9F3A1000203BFAFF9F3BC0
:10A8600010B504462921422015F06AFF0021204638
:10A8700000F002F8002010BD10B59FED140A052964
:10A8800020D2DFE801F019130D1F03009FED100A1D
:10A89000042180ED0F0A432015F052FF002010BD67
:10A8A0009FED0C0A022180ED0F0AF4E79FED0A0AE2
:10A8B000012180ED0F0AEEE79FED080A002180EDEF
:10A8C0000F0AE8E780ED0F0A0321E4E7F8C1F93B3E
:10A8D000F8C1793B8DC1793C8DC1F93C8DC1793D81
:10A8E00010B5044600F059F8642015F0CFF9204661
:10A8F00000F01AF8642015F0C9F912217E2015F035
:10A900001FFF642015F0C2F917217E2015F018FFF3
:10A91000642015F0BBF91B217E2015F011FF642087
:10A9200015F0B4F9002010BD10B580214C2015F0B1
:10A9300007FF322015F0AAF901214F2015F000FF82
:10A940004B214E2015F0FCFE04214F2015F0F8FE9F
:10A9500051214E2015F0F4FE0E214F2015F0F0FE8F
:10A9600052214E2015F0ECFE02214F2015F0E8FE9A
:10A970004C214E2015F0E4FE42214D2015F0E0FE62
:10A980000821442015F0DCFE03214C2015F0D8FEF0
:10A99000322015F07BF9002010BD10B5416CFFF797
:10A9A000FEFD40B2002800D0012010BD1CB50446B9
:10A9B000808D012802D04FF0FF301CBD94F82A0092
:10A9C00070B10620012312220E31CDE90010D121F1
:10A9D000064808F067FC0028EFD10221A1851CBDC4
:10A9E000CDE9001201230422F1E70000502B0120E1
:10A9F00010B5FFF7D2FF642015F048F9002010BD14
:10AA000010B5074808F0A9F80648016841F400119C
:10AA10000160016821F40011016011F095FE10BD84
:10AA2000502B01202038024010B50446018D86B01D
:10AA3000406A012208F031F814216846F5F762FFF8
:10AA4000208D218C0843009001200190029002206B
:10AA500003906946606A07F025FF218C0022E069B7
:10AA600008F01BF8218D0022606A08F016F801201A
:10AA700007F0A2FD218D0122606A08F00EF8012086
:10AA800007F09AFD218D0022606A08F006F8012087
:10AA900007F092FD218D0122606A07F0FEFF012080
:10AAA00007F08AFD218C0122E06907F0F6FF012002
:10AAB00007F082FD002001906946606A07F0F2FE0F
:10AAC00006B010BD0948B0F85E1011B990F87C00CE
:10AAD00008B100F011B80649002088850548D0F873
:10AAE000E01241F02001C0F8E01270477029002008
:10AAF00018C2002090B900200A480B4A0168914210
:10AB00000CD14A6822F4E0624A60202180F83D10AE
:10AB1000002180F83E100164418501850349012030
:10AB200088857047502B01200054004018C2002037
:10AB30000248016841F0200101607047003C01407B
:10AB40001048416B09B940F2E2410F48002390F8E8
:10AB50002A200E481AB1012A03D0038010E0C8222F
:10AB600000E064228A4201D3038007E003881A448C
:10AB700092B202808A4203D3511A018001207047A9
:10AB80000020704790B1002018C200200406002069
:10AB900010B504460020A0852046FFF729FF606914
:10ABA00007F0F4FF2046BDE81040FFF73DBF10B5A9
:10ABB000044641F61810204400F58050D0F8E418FF
:10ABC000C0F8E818204600F0F4F804F54054D4F832
:10ABD000380220F40070C4F8380210BD014600208D
:10ABE00085297AD051DC312928D028DC14297AD063
:10ABF00013DC10296DD009DC40F20122012903D0B9
:10AC0000022901D0032900D11046704711296CD0C8
:10AC1000122973D01329F8D135E0212906D007DC99
:10AC2000152960D0182969D02029EED11520704748
:10AC3000222950D023294ED03029F8D15AE0512969
:10AC400058D010DC402955D006DC322954D03329A5
:10AC500043D03429EBD144E041294BD0422944D0A0
:10AC60004329E4D141E0812946D006DC60293CD06B
:10AC7000612941D08029DAD13CE0822903D083299F
:10AC800033D08429D3D10420704786393629FBD2AA
:10AC9000DFE801F0271B1B30271B25272B34303022
:10ACA000302B322B292B2B301B2B1B302B342B2BF7
:10ACB0001B1B1B1B1B1B1B1B1B2B2B2D301B1B1B9D
:10ACC0001B1B1B1B1B1B321B3436DDE705E00AE098
:10ACD000FFE73D2070471D2070472120704711205D
:10ACE000704719207047062070470220704789205E
:10ACF000704703E00120FBE70320F9E70520F7E7B1
:10AD000040F20720F4E770B5040028D0002926D0CF
:10AD10000868002823D0EFF3108572B604F5405080
:10AD2000C0F834120968C0F830120021C0F8381297
:10AD300080F8901241F618102044FAF77BFE204666
:10AD4000FAF778FE41F61A10211843F248204FF422
:10AD5000C052204414F03FFE002D00D162B670BDF9
:10AD6000B0B13E2914D100F5805090F8EC1879B1BB
:10AD7000D0F8E01861B1D0F8E8281D2A08D1D0F841
:10AD8000E408192804D10878222803D0232801D008
:10AD900000207047012070470249884201D1F8F72E
:10ADA000DFB97047082D002041F618131844FAF750
:10ADB00021BC41F618110844FAF7FCBC41F6181200
:10ADC0001044FAF7E5BD00002DE9F84341F61811EB
:10ADD00000F5405480464718D4F830024FF0FF3554
:10ADE000C16889066CD50168890669D5016800913A
:10ADF0004068C6B23146404600F0B1F810B135495E
:10AE000001200870D4F83802800557D541F6EC00CF
:10AE1000C05DA0B93046FFF7E1FE00280CDD3046EA
:10AE2000FFF7DCFE01466A463846FAF723FD30B1EB
:10AE30003846FAF7C8FD26E03846FAF7C4FD38462A
:10AE4000FAF7CEFD002814DD31463846FFF788FFBB
:10AE500018B14046FFF7ABFE09E031464046FFF728
:10AE6000ADFF401C2CD13846FAF7ADFD1BE00025A4
:10AE700026E03E2E0ED03846FAF7A5FDD4F88C0217
:10AE8000401CC4F88C02D4F8380220F40070C4F8D6
:10AE9000380215E04046FFF78CFF48B1D4F88C0229
:10AEA000401CC4F88C02D4F8380220F400700EE084
:10AEB000D4F88802401CC4F88802F4E73C2E02D083
:10AEC0002846BDE8F883D4F8380240F40070C4F88E
:10AED0003802CCE7F803002070B50D46040036D0E8
:10AEE000FFF75AFF2946204600F039F810B11949FA
:10AEF0000120087043F24820221850689368916B33
:10AF0000CD549168491C91609168814202D3916847
:10AF1000081A9060906A0123D16A401C41F1000137
:10AF20009062D1625FF0000102EB810010F1180025
:10AF300050E8005F1D4440E80056002EF8D1491C3F
:10AF40000329F1DB204600F007F8002070BD4FF028
:10AF5000FF3070BDF8030020082004F0CDB910B513
:10AF6000002818D043F290221044047801233CB109
:10AF70000022012C07D0022C0ED0032C09D110E0A6
:10AF80003C2913D006E0AB2901D1022107E03C297E
:10AF90000CD00270002010BDBA29F8D10321017035
:10AFA000F8E73E29F3D10270012010BD0370F1E7EC
:10AFB00010B500281ED0016800291BD0816D002922
:10AFC00018D090F85C303D229A408A6000680A49A7
:10AFD000884201D10F2009E00849884201D145206B
:10AFE00004E006491831884202D1462008F052FB9D
:10AFF000BFF34F8F10BD000070600240A06402409C
:10B000002DE9FC4105004FF0FF3736D005F54054DF
:10B01000D4F83802400430D5D4F8380280062CD455
:10B02000D4F8340258B1866B4EB1306838B14168FB
:10B0300019BB00F025F800BB3046FFF7B9FFD4F884
:10B04000380220F48040C4F8380201AA6946284634
:10B05000FAF7D0FA0028284602D000F007FC0CE0EE
:10B0600000F038FA48B1D4F83802C00302D42846B8
:10B0700000F0FCFB0020BDE8FC813846FBE7000047
:10B0800009494FF0FF3230B1036823F00103036038
:10B0900004E0491E01D21046704700BF0368DB0779
:10B0A000F7D1002070470000A08601002DE9F04193
:10B0B0000D465FEA00084FF0FF3759D008F54054BD
:10B0C000D4F83002002853D0F5B32868E0B3EFF38A
:10B0D000108672B6D4F8382244F22001914345D14B
:10B0E0000168C90742D1406878BB404600F0B0F81B
:10B0F00058B3404600F0DDF838B3D4F83002C168E8
:10B1000021F08001C1602868FFF7BAFFE8B928681C
:10B11000016821F010010160D4F83002416921F08A
:10B1200080014161284604F50C74FFF741FF404659
:10B13000FAF7DDFAA06820F48040A060A0680E490C
:10B140000843A060404601E012E00FE000F0BAF9C9
:10B150002068C16842F20C021143C1602068C168D6
:10B1600041F08001C160BFF34F8F002706B962B67E
:10B170003846BDE8F0810000220001002DE9F041D1
:10B1800005004FF0FF3638D005F54052D2F83402B2
:10B1900068B3846B5CB3206848B3A16D39B30868A9
:10B1A00094F85CC020270D234FF03D0E07FA0CF7F2
:10B1B00003FA0CF30EFA0CFE00EA0E0CC1F808C0FC
:10B1C000184215D0D2F8380240F02000C2F83802F8
:10B1D0002068FFF755FF2046FFF7EAFE2068406829
:10B1E00028B921462846FFF761FF002806D004E071
:10B1F000384202D02068406810B13046BDE8F08186
:10B200002846BDE8F041FFF7FBBE10B54FF0FF3117
:10B21000D8B1EFF3108472B600F54052D2F838324C
:10B220005B0410D5D2F838329B060CD4D2F8341215
:10B2300031B1896B21B1096811B1FFF79FFF01E0BE
:10B24000FFF7DEFE014604B962B6084610BD0000F5
:10B250000349884201D10120704700207047000057
:10B26000082D0020FAF704BAF8B514460D4606007A
:10B270004FF0FF3707D035B1002C04DD6A46214678
:10B28000FAF7F8FA08B13846F8BD22462946009880
:10B29000F5F755FA3046FAF78DFA0028304602D015
:10B2A000FAF791FBEFE700F002F80020F8BD00F09C
:10B2B00011B91CB500210091019118B301AA69468A
:10B2C000FAF796FBF0B90098E0B1019904290BD385
:10B2D0000278AD2A08D1421812F8023CDA2B03D1C9
:10B2E00012F8012CDA2A0FD005290BD101785A293E
:10B2F00008D141785A2905D1C178A52902D1007910
:10B30000A52801D000201CBD01201CBDF8B50500FA
:10B310004FF0FF3029D005F54054D4F83012002901
:10B3200023D0EFF3108672B6CA6812061AD50968E0
:10B33000090617D52846FAF778FB002816DD694676
:10B340002846FFF78FFF88B9D4F830020168090654
:10B35000FCD59DF8001041602846FAF766FB0028EE
:10B3600004DD0020002E00D162B6F8BDD4F8300212
:10B37000C16821F08001C160D4F83802C003F0D464
:10B38000D4F8380220F00200C4F83802E9E70000DF
:10B390002DE9F04106004FF0FF30054667D006F575
:10B3A0004054D4F83012002961D0EFF3108772B600
:10B3B000D4F83802C00301D4002543E03046FAF740
:10B3C00034FB6FF0010800281CDDD4F8300241691D
:10B3D00021F080014161D4F8380240F00200C4F845
:10B3E0003802D4F83002C16842F20C021143C16045
:10B3F000D4F83002C16841F08001C1603046FFF7E7
:10B4000085FF0FE006F5805696F8FC08D0B9D4F811
:10B410003002C16821F08001C160D4F830020168B7
:10B42000490601D445460DE0416921F080014161A2
:10B43000D4F8340280B1866B76B1306860B1FFF722
:10B440001FFE08B18FB111E03068016821F01001D2
:10B4500001603046FFF7ACFDD4F8380205490840DA
:10B46000C4F83802BFF34F8FA6E762B62846BDE89E
:10B47000F0810000DDBFFEFF30B589B00C46054607
:10B4800024216846F5F73EFAAD208DF800008520AE
:10B490008DF801002046F5F733F9202800DD202043
:10B4A000024621460DF10200F5F749F9DA208DF840
:10B4B00022008DF82300242269462846FFF7D4FE97
:10B4C00009B030BD0249884201D1F7F749BE704743
:10B4D000082D00202DE9FC4106004FF0FF385DD01B
:10B4E00006F54054D4F83002002857D0D4F838126A
:10B4F0006FF00107C90315D5416921F08001416151
:10B50000D4F8380240F00200C4F838023046FAF7A6
:10B510008CFA002867DDD4F83002C16841F0800160
:10B52000C16060E0D4F8380240044CD43046FAF7E9
:10B530007CFA002832DD01AA69463046FAF758FA4B
:10B540003046FFF7BFFFD4F8340240B3876B37B300
:10B550003D6825B3D4F83002416921F08001416192
:10B560002846FFF78DFD00286DD13846FFF720FDF6
:10B570000098E86001986860286840F01000286032
:10B58000D4F8380240F48040C4F8380249E000BFE3
:10B59000D4F8380240F02000C4F8380253E0D4F860
:10B5A000380240F00200C4F83802D4F83002C16812
:10B5B00042F20C021143C160D4F83002C16841F07C
:10B5C0008001C1603DE0D4F8340260B1806B50B1BD
:10B5D000056845B1686818B12868C00706D002E060
:10B5E0003046FFF712FE3846BDE8FC81002001908E
:10B5F00000906F686A4601A93046FAF7F9F910BB66
:10B60000009887421FD8D4F83402806BFFF7D0FC33
:10B6100000980199C01B0844E860286840F01000B9
:10B620002860D4F8380220F02000C4F838023046F0
:10B6300000F040F92868C007AAD0D4F83802800684
:10B64000A6D40020D0E74046CEE710B500F5405123
:10B65000D1F8342213685C69240604D40AE0936BA1
:10B660001B685B681BB1D1F838325B04F7D400F07B
:10B67000FDF81AE05B691B0605D4B0B13AB1926BD4
:10B680002AB112681AB1BDE8104000F010B8D1F824
:10B69000300250B1C26822F08002C260D1F8380294
:10B6A00044F202029043C1F83802002010BD70B588
:10B6B00060B300F5405444F20205D4F83412B9B135
:10B6C0008A6BAAB112689AB10B685B691B0602D437
:10B6D00008E0516819B1D4F838124904F9D400F0DF
:10B6E000C5F811E008460AF0D0F9D4F8300202E0BB
:10B6F000D4F8300250B1C16821F08001C160D4F8A3
:10B700003802A843C4F83802002070BD4FF0FF3063
:10B7100070BD00002DE9F84F00F540540546D4F8FF
:10B7200034020068C16842F20800884303D04FF039
:10B73000FF30BDE8F88F07F0B5F907464FF4FA6A15
:10B74000002D76D0D4F83402002872D0806B002807
:10B750006FD0006800286CD04FF6FF7B002605F5FF
:10B76000805819E0D4F83402806BD0F80090284655
:10B77000FFF7B0FED4F83802C00317D52846FFF70C
:10B7800007FE0026401C01D1C01ED2E707F08AF94F
:10B79000C01B504547D800BFD8F80C090028E1D19C
:10B7A000D4F83802C003DDD40020C2E7D4F8380250
:10B7B000800705D5D4F8340200684069000602D439
:10B7C000284600F041F8D4F8380240041BD5D9F8D7
:10B7D000040080B20090D9F8000000F00109009840
:10B7E00010B92846FFF711FDB9F1000F02D00099FA
:10B7F00059450AD11348761CDDF800B08642C5D9F8
:10B80000284600F021F80026C0E700268B46BDE759
:10B810002846FFF75FFE2846FFF778FD07F042F95C
:10B82000C01BA04203D96FF0010082E701E000BF16
:10B8300002E0544605F58056D6F80C090028E7D1F9
:10B8400077E70000400D030010B5044600F051F802
:10B850002046BDE81040FFF73DBE000002490878D1
:10B8600000220A7070470000F803002000F54051E4
:10B87000D1F8382244F202039A43C1F83822002852
:10B8800017D0D1F83402002813D0806B002810D0D4
:10B89000006800280DD0D1F83012026822F01002A2
:10B8A0000260026822F001020260486920F0800014
:10B8B0004861704700F54051D1F8382242F0020249
:10B8C000C1F83822002813D0D1F8340200280FD054
:10B8D000806B00280CD00068002809D0D1F8301205
:10B8E000026842F001020260486940F0800048614D
:10B8F0007047002821D000F54050D0F834120029BC
:10B900001BD0896B002918D00968002915D0D0F800
:10B910003002C268920402D502681206FCD5021DEC
:10B920008A60C16821F40051C160416941F0800121
:10B930004161C16841F40051C16070472DE9F74F82
:10B94000D2F884C081B0CE4DCE4905F1D80205F1C0
:10B950006C0602F16C0902F1D80702F5D87302F502
:10B96000227A02F5A27B02F53D7E02F25464BCF11C
:10B97000220F12D2DFE80CF011213242536473859A
:10B9800097A8B0BF1111111111111111111111113D
:10B99000CEDFF7F5F4F3F2F1F0EFB94A03234832C2
:10B9A000A2F12401009505F00DFBB748032300F137
:10B9B000480200F1240100905CE1B14A0323B43253
:10B9C000A2F12401009605F0FDFAAF486C30032384
:10B9D00000F1480200F1240100904BE10092AB4AD3
:10B9E0000323A2F1240105F0EDFAA748D830032380
:10B9F00000F1480200F1240100903BE1A34A032337
:10BA00006C32A2F12401CDF8009005F0DBFAA048D9
:10BA1000032300F1480200F1240100902AE19B4A2F
:10BA20000323D832A2F12401009705F0CBFA9848FD
:10BA30006C30032300F1480200F12401009019E169
:10BA4000944A00930323A2F1240105F0BBFA924823
:10BA5000032300F1480200F1240100900AE18A4A20
:10BA60000323903AA2F12401CDF800A005F0AAFA30
:10BA70008948D830032300F1480200F124010090E6
:10BA8000F8E0844A03236C3AA2F12401CDF800B017
:10BA900005F098FA80486C38032300F1480200F161
:10BAA00024010090E6E0784A0323243AA2F124011D
:10BAB000CDF800E005F086FA7848032300F148024B
:10BAC00000F124010090D5E072490323243101F1F3
:10BAD0004802009124311AE00B882BB10A1D009214
:10BAE00001F58272443112E06C4A0323903AA2F1CC
:10BAF00024010094BEE0B1F8C431002BF4D06149B8
:10BB000001F5E472009201F5327201F5027105F05F
:10BB100059FAE9E75A4A03234832A2F12401009571
:10BB200005F050FA5D486C30072300F1A80200F1DF
:10BB3000540100909EE0554A03236C3AA2F124017F
:10BB4000009605F03FFA5648072300F1A80200F1DD
:10BB5000540100908EE07CE069E056E044E034E07F
:10BB600022E010E0FFE70092484A0323A2F12401FB
:10BB700005F028FA4A48FC30072300F1A80200F13A
:10BB80005401009076E0414A03236C32A2F1240173
:10BB9000CDF8009005F016FA4248052300F178022E
:10BBA00000F13C01009065E0384A0323D832A2F14D
:10BBB0002401009705F006FA3A48B430032300F157
:10BBC000480200F12401009054E0324A009303231C
:10BBD000A2F1240105F0F6F93348032300F14802ED
:10BBE00000F12401009045E0274A0323903AA2F196
:10BBF0002401CDF800A005F0E5F92C48032300F15D
:10BC0000480200F12401009034E0224A03236C3AF8
:10BC1000A2F12401CDF800B005F0D4F92248B438DF
:10BC2000052300F1780200F13C01009022E0164A61
:10BC30000323243AA2F12401CDF800E005F0C2F973
:10BC40001A486C30032300F1480200F124010090EF
:10BC500010E010490323243101F1480200912431FE
:10BC600005F0B0F910486C30052300F1780200F1BE
:10BC70003C010090029805F0A5F9BDE8FF8F000097
:10BC8000301E040890BE002068220408501F0408DB
:10BC9000AC23040800210408F02404083426040816
:10BCA0009C27040894290408682B0408882C04089D
:10BCB0002DE9F84315464FF0FF3841B13DB18D42B3
:10BCC00005D24FF48032914201D2954202D34046D0
:10BCD000BDE8F8832C4A136843F4007313601368BB
:10BCE00023F400731360294A40F008001060274CC9
:10BCF0000026103C2660201F0660001F0660234FB0
:10BD00007F201C3F386001202060009600BF009813
:10BD1000401C00908028F9D31C480838016010208E
:10BD2000FEF706FA40B31020386018480C3805605A
:10BD30000820FEF7FDF9F8B10B203860144D286893
:10BD400020F001002860124F24373E601048103068
:10BD50000660286840F001002860206840F002007A
:10BD600020600220FEF7E4F940B13868296821F02C
:10BD7000010129602660ABE72660A8E7286820F06B
:10BD800001002860F8E7000020380240202400402D
:10BD9000000C00402DE9F04FABB0342116A8F4F7A9
:10BDA000B1FD58216846F4F7ADFDDFF8A4A10121EB
:10BDB000CAF81010AAF180050026EE67891ECAF89D
:10BDC0000010A96DCAF804106248006880070FD4FB
:10BDD000082016900120CDE91B0616A808F02CF8C3
:10BDE00030B10221CAF81010A86D2BB0BDE8F08F59
:10BDF00007F0D0FF044657486C38006810F4E05F45
:10BE000000D06400A946EC67DCB1524820300068DD
:10BE1000504D00F04040343D2990286800F0080063
:10BE20002890286800F400702790A8140090C0049F
:10BE30001190684607F0E0FC28B10421CAF8101000
:10BE40006EE00321FAE743483438016841F4007199
:10BE50000160016801F400712391016841F008015B
:10BE60000160006800F0080023903B48D0F800B063
:10BE7000FDF7DCFF4FF400602490401004270025FC
:10BE80002E46A8462390DDE923215846FFF710FFF0
:10BE9000411C24D02D1846F1000608F10108B845D0
:10BEA000F1D37808401946F100013A460023F4F72F
:10BEB000A1FA02465546CAF8002027490020103949
:10BEC00008602549C1F800B0224820300168299B4C
:10BED00021F0404119430160289818B108E04FF063
:10BEE000FF32E7E71B483438016821F008010160A0
:10BEF000279828B917483438016821F40071016087
:10BF0000501C10D0A10DA002002302F00BFBA0F5E5
:10BF10009C41203947F23152914206D306202861D4
:10BF2000D9F8580061E70520F9E70121C9F8580060
:10BF300089F80D104C4626AA25A901F0FBFEA06D3C
:10BF400068602599A9602699E960072129614CE775
:10BF50001802002074380240202400400021C2074B
:10BF600000D01021820701D541F02001420701D500
:10BF700041F04001020701D541F08001C20601D520
:10BF800041F48071800601D541F400710248828E2F
:10BF90000A43828670470000980100207FB52A4836
:10BFA0000068F4F78FFB294900206A4600EBC003C4
:10BFB00001EB8303D3F89C3042F82030401C042866
:10BFC000F4DB1146224800F02DFD224C6069850A01
:10BFD000AD024FF48050854200D205466E083246CD
:10BFE0001D48616813F0F7FC6068324600EB5501AC
:10BFF0001948403013F0EFFC1848A269A16813F00B
:10C00000EAFC1748E269E16813F0E5FC206A420A9D
:10C010005202202A00D202460F482169C03013F094
:10C02000DAFC10494FF4006201F6BC0013F0D3FCB7
:10C03000094910223C3901F59E7013F0CCFC0448EC
:10C04000F5F7E0FF7FBD00002828004070290020A0
:10C050003837012038F7042050B0002098C3002062
:10C06000B8C2002014A800202DE9F0471D46089E04
:10C0700017468946040048D0002D46D0002E44D0F3
:10C0800033462A4600F030FC012F3ED96068002874
:10C090003BD02868B0FBF7F107FB1100002834D033
:10C0A000391A3068884204D84946204600F09AF888
:10C0B00023E0D4F804C0204604EB8902D7680F447B
:10C0C000674503D3B7FBFCF808FB1C77D760B9F1D1
:10C0D000000F09D1D0F830C0436B1CEB010C43F1C9
:10C0E0000003C0F830C0436312F1180252E8000F99
:10C0F000401A42E80003002BF8D133462A4649464D
:10C100002046BDE8F04700F0EFBBBDE8F087000037
:10C110002DE9F84F1D460A9F904689464FF0FF3A99
:10C12000A0B1B9F1000F11D04168C66880290DD3C4
:10C1300048060BD1700609D106F18000884205D867
:10C140006A468C211648F9F795FB10B15046BDE8B8
:10C15000F88F009CAD2009EB06012070607084F818
:10C1600002804FEA1820E0702571280A6071280CBF
:10C17000A071280EE0712772380A60720A3480229A
:10C180002046F4F7DCFADA2004F8800F60700448E7
:10C19000F9F710FB0028DAD00148F9F714FCD5E7CD
:10C1A000082D002010B5002819D0EFF3108472B6C6
:10C1B00081684268A2B1914203D3B1FBF2F302FB62
:10C1C000131111F07F0305D0C3F18003194491428C
:10C1D00000D3891A13F014FD002C00D162B610BDF3
:10C1E0000021F7E710B5002809D0032907D2EFF3A3
:10C1F000108472B613F029FD002C00D162B610BD78
:10C200002DE9F04F85B0FE48F7F7BEFFFD48FD4D24
:10C21000FD4C407A803500287ED006F043FC06466F
:10C22000E86908B1301A03D401F030F86436EE61E1
:10C23000F648B0F8B002C0062DD5D4F8DC0210F0F4
:10C24000020F28D0D4F8F402A969884223D0D4F888
:10C25000000303F05DF8ADF81000ED48AD21C069B2
:10C260008DF80010AF218DF80110EA49496CCDF826
:10C2700002100290DA20BDF810108DF80C00ADF815
:10C2800006108DF80D000E226946E348F9F77DFA95
:10C29000D4F8F402A861DC48D0F8DC02DF4C10F0DE
:10C2A000020F4FF0000677D004F1A800D0F8181163
:10C2B000090673D400F022FAA4F1180000F02AFB5A
:10C2C0000028F0D0A4F198052868400564D4A4F1B2
:10C2D00018008069B0F5006F21D9A4F118004FF45F
:10C2E00080614368C26802F580629A4203D3B2FB60
:10C2F000F3F707FB1322C260026B436B4FF48067B6
:10C30000D21943F100030263C0F8343054E8000F3F
:10C31000401A44E8000300E019E0002BF6D1286839
:10C3200040F480602860B848D0F8000302F0F0FFC5
:10C3300002B2B748B34FBA493237C3693888009060
:10C3400001F6BC00FFF7E4FE002876D102E04FF0D2
:10C35000FF309FE73E80B048FFF7BCF8AF48183881
:10C3600080224368C1688031994203D3B1FBF3F660
:10C3700006FB1311C160016B466B8023CB1846F19D
:10C3800000010363C0F8341054E8000F801A44E839
:10C390000003002BF8D124E1F4E0FFE79F48A83028
:10C3A000D0F81801402500F07F0003900020019094
:10C3B000029001A80090994802AB20220121283068
:10C3C000FFF752FE019880287ED34038B0FBF5F687
:10C3D000924828304068DFF844B2B0FBF5F0301ADC
:10C3E0000BF1440B00282ADDABF1DC01096849059B
:10C3F00025D4ABF11C0380015A68196901449142AC
:10C4000003D3B1FBF2F606FB121119614FEA0B01DF
:10C4100051E8002F121A41E80023002BF8D17F4881
:10C4200001AB02AA0121283000F05EFA0198A8426F
:10C4300004D3401BB0FBF5F601E0DFE000267748AF
:10C44000029A283040684FEA500E00203FE000205A
:10C4500000EB520103980844704501D3A0EB0E0095
:10C460006E492831896B31F810106C48183887688C
:10C47000836BD9538168891C8160816843685B1E26
:10C4800019408160816A4FF0020AC36A891C43F136
:10C4900000038162C362002300EB83015746183119
:10C4A00051E800CFBC4441E800C8B8F1000FF7D113
:10C4B0005B1C032BF0DB59482A4428304168914229
:10C4C00001D84068121A00E019E009F10100814624
:10C4D000B042BCD35149283175434A6808692844A1
:10C4E000904203D3B0FBF2F303FB120008615846FD
:10C4F00050E8001F491B40E80012002AF8D14748C5
:10C50000183800F007FAE8B3444D983D2868400514
:10C510006BD405F180008069B0F5006F1FD905F17B
:10C5200080004FF480614368C26802F580629A42DD
:10C5300003D3B2FBF3F606FB1322C260026B436B1C
:10C540004FF48066961943F100020663C0F8342068
:10C5500054E8000F401A44E80003002BF8D1286883
:10C5600040F4806028602D48A830D0F8180100F011
:10C570007F0007282448D0F800037CD202F0C8FED0
:10C5800002B200E031E022481E4E25493236C3692E
:10C590003088009001F6BC00FFF7BAFD70BB0020A8
:10C5A00030801D48FEF796FF1C48183880224368EB
:10C5B000C1688031994203D3B1FBF3F606FB131136
:10C5C000C160016B466B8023CB1846F10001036309
:10C5D000C0F8341054E8000F801A44E80003002B20
:10C5E000F8D1286820F4806028600C4898380168E9
:10C5F00049053CD50B490968002915E049E00000D0
:10C60000400600209801002090B90020085D00201D
:10C610007029002040BC0020082D0020E8B0002038
:10C6200014A80020BC64024021D12E490968C90722
:10C630001DD0016821F48061016080308022436850
:10C64000C1688031994203D3B1FBF3F505FB1311A7
:10C65000C160016B436B803143F1000301634363AD
:10C6600054E8000F801A44E800010029F8D105B011
:10C67000BDE8F08FFFE702F04BFE02B21A481B4EF6
:10C680001B49C3693088009001F6BC00FFF740FDEC
:10C6900038B11848FFF786FD286820F480602860CC
:10C6A000E5E7002030801448FEF714FF114880228F
:10C6B0004368C1688031994203D3B1FBF3F606FBAE
:10C6C0001311C160016B466B8023CB1846F100014A
:10C6D0000363416354E8000F801A44E80003002B11
:10C6E000F8D17EE7B864024070290020CA0100201A
:10C6F00014A80020D0B00020082D00202DE9F05F04
:10C700007648D0F81811DFF8D88101F07F050023B2
:10C71000402D21D2A0F5A072916BB1F1000B1BD07E
:10C72000A0F58071896B5FEA010915D090F841117D
:10C7300091B190F8410184010ED0D069A0420DD38F
:10C74000EFF3108772B6906AD16AD2F808A05668E3
:10C7500007B962B6A64203D288F82530BDE8F09F3B
:10C76000DFF87CC198F825200CF1800C6AB198F8AC
:10C770002420954209D1DCF83820A24205D1DCE919
:10C780001E27821A71EB07020AD288F82450CCF8CF
:10C790003840CCE91E010122CCE91C0188F8252093
:10C7A000CCE91E01DCE91C279046821A71EB0702D6
:10C7B000D4D3B0EB080061EB070122460023F3F766
:10C7C00019FE401CA0FB043C41F1000101FB04C127
:10C7D000002200FB021013EB08017841404A2F466B
:10C7E0008032202DC2E91C1002D3203F484600E0D1
:10C7F000584680463948C03881694068891C814262
:10C8000003D93648C038FFF7CDFC504616B9002092
:10C810000AE0A41BB442FCD2A04202D3AAEB04005B
:10C8200002E0A4EB0A01701A720807EB5001914272
:10C8300000D3891A294838F81110202DA0F1C00022
:10C8400023D28368826BD1528168891C81608168A0
:10C850004268521E11408160816A0222C36A891CAB
:10C8600043F100038162C3625FF0000100EB8103CA
:10C8700013F1180353E8004F144443E80045002D1A
:10C88000F8D1491C0329F1DB22E08368826B49005F
:10C89000D1528168891C816081684268521E1140B2
:10C8A0008160816A0222C36A891C43F100038162AC
:10C8B000C362002100EB810313F1180353E8004F1A
:10C8C000144443E80045002DF8D1491C0329F1DB4D
:10C8D000BDE8F05F01210348FFF784BC90B1002060
:10C8E0009801002050B0002010B5002811D0002A77
:10C8F0000FD0002B0DD003290BD2EFF3108472B6AA
:10C9000000EB8100C168116080691860002C00D1C3
:10C9100062B610BD30B588B3416880292FD3416815
:10C9200049062CD1C16842688A4228D911F07F019A
:10C930001FD08269C1F180018A4220D34368C26856
:10C940000A449A4203D3B2FBF3F404FB1322C260FD
:10C95000056B436B6D1843F100030563436300F1FE
:10C96000180200BF52E8003F5B1A42E80034002C76
:10C97000F8D18069802802D3012030BDFFE7002074
:10C98000FBE7000070B586B014216846F3F7BAFFE4
:10C990000E480024016841F00101016000680C4E5E
:10C9A00000F001004FF4807505902246294630467C
:10C9B00006F073F801200095CDE901046946304680
:10C9C000039405F06FFF06B070BD000030380240E0
:10C9D0000000024070B586B014216846F3F792FF5C
:10C9E0000E480024016841F00201016000680C4E0D
:10C9F00000F002004FF4805505902246294630464B
:10CA000006F04BF801200095CDE901046946304657
:10CA1000039405F047FF06B070BD000030380240B7
:10CA2000000402402DE9F04F91B00D4604464FF44A
:10CA300000664FF48058F4F709FFB0F5703F04D357
:10CA40006FF0020011B0BDE8F08F04F57031C0F551
:10CA5000703008600020844604EB800202F57032DA
:10CA6000401CC2F804C0C2F814C00428F4DB686893
:10CA700008B1654B00E0002307AA26E028B301288F
:10CA800026D0374642F82070401C0428F6DB0023ED
:10CA90001E46581E52F8267037B11F3323F01F036D
:10CAA0003B440F68BB42CDD8761C042EF2DB0E68E7
:10CAB0000027A6EB030BCDF830C0CDF834C0CDF87D
:10CAC00038C03B46CDF83CC006E00120CDF81C80C4
:10CAD0001F46D7E7012B10D055F8236016B18642C8
:10CAE00000D230465B1C042BF4DB431C0DF1300EEE
:10CAF00015D00023A0F1010903E00223ECE7012B8C
:10CB000038D055F823603EB14E44B6FBF0F606B976
:10CB100001264EF8236037445B1C042BEFDB002614
:10CB2000BA4633464FEA020959F82320C2B31F36EA
:10CB300026F01F061046012B3ED055F8237087B310
:10CB4000BAF1000F38D05EF8237004974FB307FB9B
:10CB50000BF7B7FBFAF727F01F07D019002B0CD003
:10CB60004FF40077A7F1010720EA070008D14FF43E
:10CB70007F3706E04FF00203C3E74FF48067F1E729
:10CB8000224FB84200D938460BB96FF309004FF471
:10CB90000077B84200D23846824203D2821A02E0BD
:10CBA00027E009E000225F465A4500D93A46ABEB40
:10CBB000020B049AAAEB020A0A683718974206D9B0
:10CBC000B24201D9901B00E0002020F01F0080B18C
:10CBD00004EB8302A71902F57032064457605061D6
:10CBE0005B1C042BA0DB0868B0420BD26FF0010085
:10CBF00028E704EB830000F57030C0F804C0C0F8EB
:10CC000014C0EDE700201DE700710200FEFF0100E7
:10CC100070B5224C606940B1E26932B1016821B15E
:10CC2000116811B1A1690DF0F1FB1D48F4F76AFB21
:10CC30001C48007928B11B48F9F778FA1948F9F728
:10CC400037F8206A38B1016829B1618E08F0B2FE68
:10CC5000206A08F003FC1448B0F89802012801D1BA
:10CC60000FF08CFE4FF48071104807F04BFB104D15
:10CC70000024EC7300F084F86C7201210D4801F07F
:10CC800011FA0DA11048FEF7F7FB0F48FEF722FC42
:10CC90000E49012081F87D0070BD000040A60020F3
:10CCA00090C2002038C30020709F0020A42B0120D8
:10CCB0009801002090B1002053594E432054494D13
:10CCC0002045525200000000082D0020702900204D
:10CCD00070B590B028216846F3F714FE254D687CA6
:10CCE000002815D00FA90AA800F0E6FF0AA90FA88E
:10CCF00000F002FF04460E461F4905F15C0000F0FB
:10CD0000FBFE201A76EB010204D3012028740020D8
:10CD100010B070BD4FF480763146184807F0F2FA33
:10CD20001548002401788DF8001041788DF8011025
:10CD300081788DF80210406801908DF803400394CB
:10CD40004FF070600494CDE905400A4807945C30C8
:10CD500080788DF8200002200996E8732C74224612
:10CD60006946064807F0F6FB0028D1D0EC73601E38
:10CD7000CEE700009801002094A60020A42B0120FB
:10CD80000449002048740874CA7B022A00D1C87381
:10CD90007047000098010020F0B585B014221549B5
:10CDA0006846F3F753FD72B60024134E4FF4007734
:10CDB0004FEA0D0555F824008168B04209D1426858
:10CDC000BA4206D301F2FF116FF30801914200D37A
:10CDD000891A12F015FF641C052CEBD307490020BB
:10CDE00081F80E03A1F50C60FFF7DCF962B605B01F
:10CDF000F0BD0000501C040810B1002090B90020C4
:10CE00000B46084910B54A7C52B148B143B1C96DCF
:10CE10000160142204491846F3F718FD012010BDE3
:10CE2000002010BD9801002094A600207CB51E4D66
:10CE30000024AC7142F20100F4F7C4FCF9F7A2FC43
:10CE4000FDF776FE194890F8F002194981F8B30110
:10CE5000642005F0B1FBFFF7A1F842F20200F4F7FD
:10CE6000B1FCF4F71BFC42F20300F4F7ABFC01F059
:10CE700007FC42F20400F4F7A5FC0E48CDE90004DB
:10CE8000A0F500730A4A0C490C48FAF778FC012017
:10CE9000A871E87910B1EC71F6F718F8BDE87C409C
:10CEA00042F20500F4F78EBC9801002090B90020F2
:10CEB00090B1002090B50020C42B012070290020E3
:10CEC000F0B52F4E87B006F5405440F6C415B4F8BF
:10CED0009802012804D102F09BF8284605F06CFB6B
:10CEE000274801F0CBFDD4F834024FF0FF37C8B328
:10CEF0000068B8B3D4F83002A0B3214802F008F9B2
:10CF000080BB3046FEF7E6FA401C03D03046FEF701
:10CF100001FC18B11A4801F047FE23E0184801F05F
:10CF200043FE284605F048FB284600F02FF8154838
:10CF3000417CB9B13C218DF8001034218DF80110ED
:10CF4000C06DCDF8020014220F490DF10600F3F771
:10CF5000F6FB3E208DF81A001B226946084802F0B5
:10CF60000CF910B1384607B0F0BD3046FEF7D2FBE1
:10CF70000028CFD1024801F017FE0020F3E700009F
:10CF8000706F00209801002094A6002010B586B094
:10CF9000044605A9684600F08FFE2246694605A8AA
:10CFA00000F0A4FB694605A800F03EF906B010BDEC
:10CFB00070B5084C0120A077617F002909D1607706
:10CFC0000025A5770448FBF7EFFCA07F0028F8D1E7
:10CFD000657770BD980100207029002070B5134C52
:10CFE000B4F86801012806D0B4F8680118B1BDE8AA
:10CFF000704003F035BC0E4DB5F89802012804D1FD
:10D00000FFF75EFF08B1FFF7BBFE0A4901260E726B
:10D0100000208874C874B5F89822022A00D00875D8
:10D02000FFF7BAFEA4F86A6170BD00007029002005
:10D03000709F0020980100202DE9F0473649374DB8
:10D040004FF00106087900BFEFF3058232B1AE72EE
:10D05000002801D00520C880BDE8F0874FF0000906
:10D0600085F80A902E722E4F87F87D6028B12A48E5
:10D07000F9F75CF82848F8F71BFEDFF8A880B8F845
:10D080009802012809D1A87C38B903222649A8F5BD
:10D09000405002F072F800B9AE74B7F86801012888
:10D0A0002DD0B7F8680140B3204C606940B1E26907
:10D0B00032B1016821B1116811B1A1690DF0A6F971
:10D0C0001B48F4F71FF940B101211A4800F0EAFFAC
:10D0D000012205211046FDF7F1F8B8F89802012861
:10D0E0000CD1206A50B1016841B108F0B7F9618EE6
:10D0F000206A08F05FFC0FF041FC00E02E7287F818
:10D100007D600C4885F80990D0F81C1121F00301CE
:10D11000C0F81C11A0E7000038C3002098010020CF
:10D1200070290020709F0020081C040840A60020E1
:10D1300090C2002090B100202DE9F047364C4FF00E
:10D14000000700BFEFF3058020B9A07A10B1A772E5
:10D15000FFF772FF0120A077617F00295AD1607725
:10D160002D4EDFF8B8908036DFF8B48005F09AFCD9
:10D170000546A777706A08B1281A04D403F096FB15
:10D1800005F10A007062607A90B3B8F85E0078B377
:10D190002448B0F8980202282FD1D9F8200038B3DB
:10D1A000006828B3217D69B10169C90705D001690B
:10D1B00021F00101016127750CE0206E281A1DD4B1
:10D1C000277517E0B16A29B1691A17D4E17C21B13A
:10D1D000012103E01435B56210E014212944B16245
:10D1E0000169C90705D0016921F00101016105E06C
:10D1F00003E0E774FFF720FF00E0B7620848FBF7A1
:10D20000D3FBB8F85E0008B9FAF7C0FDA07F00288C
:10D21000ACD16777BDE8F0879801002040A60020D8
:10D2200070290020709F002070B504000E461ED0AB
:10D23000002E1CD00E4D20681422E8650D48F3F72F
:10D2400005FB01206874002028740B482168816266
:10D25000142231461430F3F7F9FA08482168C16105
:10D260003146BDE8704014222030F3F7EFBA70BDAC
:10D270009801002094A6002040BC0020C0B20020ED
:10D280000148807A704700009801002070B58CB08A
:10D29000002205A9234807F0B1F800220BA9214874
:10D2A00007F08AF8002269461E4807F0A7F8002216
:10D2B0000AA91C4807F080F89DF816009DF8021096
:10D2C0008842E5D19DF82E009DF82A108842DFD1D2
:10D2D0009DF82D009DF829108842D9D19DF82F0086
:10D2E0009DF82B108842D3D10F4901F1140000F0B2
:10D2F00003FC04460D4669460AA800F0FDFB0B4EF0
:10D30000021B71EB050208D3001B61EB05014FF412
:10D310007A720023F3F76EF800E00020C6F8F402FA
:10D320000CB070BDA42B012054BC002090B900208B
:10D330002DE9F0471E4C86B0607C002827D01D499F
:10D3400004F15C0000F0D8FB05460E4605F0AAFB90
:10D35000804600274FF4807A41F294191DE005A918
:10D36000684600F0A9FC694605A800F0C5FB401B13
:10D37000B14115D205F096FBA0EB0801494509D94A
:10D3800051460D4806F0BEFFE7734FF0FF3006B080
:10D39000BDE8F087012005F00FF9207C0028DED0E1
:10D3A0005146054806F0AEFFE77327740020EEE70C
:10D3B0009801002094A60020A42B01200F481049BA
:10D3C00090F8C0378B63A0F5C0421079C8634FF066
:10D3D000FF30042B10D0136A23B1082228219F208C
:10D3E00000F038B800230B60D2F898204A60054A54
:10D3F00093688B609269CA607047000038230120EF
:10D40000C8A7002038F704200F48104990F8C0370B
:10D410008B63A0F5C0421079C8634FF0FF30042B36
:10D4200010D0136A23B10222A021AC2000F012B860
:10D4300000230B60D2F898204A60054A93688B60FD
:10D440009269CA607047000038230120C8A70020F5
:10D4500038F704202DE9F05F0C464A49834691468F
:10D46000086A4FF0FF3330B12CB1A02C03D8601DF7
:10D4700085B2A52D02D91846BDE8F09F09EB4900F9
:10D480004608601E09FB00F202EB8207C7EBC212DE
:10D490000E2707EB820200FB06283B483B4F8045E6
:10D4A00003D238494A6E824204D2C7F82080486EBF
:10D4B0007862E0E74946204600F088F88246314825
:10D4C000016A3960D0F89810796031498A68BA6089
:10D4D0008969F960416E3961017979610189B961C0
:10D4E000C06AF861C7F82080C7F824A0BE62294846
:10D4F000D0F80C09F8622848D0F83802386305F0F3
:10D50000D1FA786300202EE009FB00F101EB8103E2
:10D51000C3EBC1131B4900FB05F28F184FF0AD0C94
:10D5200087F8A0C087F8A1B002EB050C87F8A2002D
:10D530008C44DA278CF89E708CF89F700AEB83037A
:10D5400000270C330CE000BFD1F820C002EB070825
:10D5500007FB06CC884413F80CC088F8A3C07F1CD6
:10D56000A742F1D3401CA042CED30C4800214180F9
:10D570008480C58080F808B080F80990042101708B
:10D58000002079E738C3002000710200C8A70020FE
:10D5900038F70420083D0020085D0020F82A01200B
:10D5A000094A92F8C00702280DD192F8C80700B9BD
:10D5B000AC20B2F8C41701B9A02192F8C92702B96A
:10D5C0000222FFF747BF7047382301202DE9FE47AD
:10D5D0008A46054601EB4A0100204FEA51092249DB
:10D5E000009001900290D1F820C0BCF1000F02D051
:10D5F0000024694624E00020BDE8FE870AFB04F20F
:10D6000002EB8203C3EBC2120C2303EB820700225E
:10D610000023BE180EE000BF03FB09681CF8088059
:10D620005FEA086805D551F8228008F1010841F841
:10D6300022800833AB42EFD3521C032AE8D30834CC
:10D64000AC42DBD3094C002251F8223044F822309E
:10D6500051F82050AB4200D9D0B2521C032AF3D368
:10D66000034981F84200C7E738C3002008A800201A
:10D670009802002070B5184C184994F8C0278A63A6
:10D68000B4F8C207C863042A02D04FF0FF3070BD5F
:10D690001349D1F80C19E1B9B4F8C4170825884228
:10D6A00015D2B4F8C6270F4900FB02110E48F8F74F
:10D6B00027F870B90C48FDF70DFFB4F8C207401CFD
:10D6C00080B2A4F8C207B4F8C417884201D384F822
:10D6D000C057002070BD000038230120C8A70020DB
:10D6E000083D0020D8C30020082D0020FEB51446B8
:10D6F0000D46060052D0002D50D000F0FDF9001963
:10D7000041F10001264A0023F2F774FE1446074651
:10D7100002AB01AA694600F08BF92248B4FBF0F194
:10D720002970B4FBF0F100FB11404EF66021B0FB14
:10D73000F1F26A70B0FBF1F201FB12004FF47A7261
:10D74000B0FBF2F1A970B0FBF2F102FB1100AC6882
:10D750001CB915490969C1F30E04611CA0FB010144
:10D760000023F2F747FEA04200D92046201AC5E95F
:10D7700001040098FF1CA0F5FA60F0700198707029
:10D780000298B070072097FBF0F100FB1171C91DE2
:10D7900091FBF0F200FB1210401C3070FEBD000047
:10D7A000005C260580EE3600002800402DE9F0419F
:10D7B000884605005DD0A8682F49041E02D10A6979
:10D7C000C2F30E0402D10869C0F30E0069688142F9
:10D7D00000D90146401A4FF47A77A0FB0701661C76
:10D7E00032460023F2F706FEB84200D3781E2978AD
:10D7F000224A40F2537351436A7812FB03F201EB61
:10D800004211AA7802EB4203C3EBC21201EBC20140
:10D8100008441B494044B0FBF1F201FB12001749D8
:10D820001822B0FBF1F1B1FBF2F302FB13112970E6
:10D830004EF66021B0FBF1F23C21B2FBF1F301FBAB
:10D8400013226A703A46B0FBF2F3B3FBF1F701FB27
:10D850001731A970B0FBF2F102FB1100A0FB060129
:10D860000023F2F7C7FDA04200D92046201AC5E9DF
:10D870000104BDE8F08100000028004080EE360081
:10D88000005C26052DE9F04106462DED0A8BB0EE31
:10D89000408A016800209FED5ECB4FF000479FED6E
:10D8A0005EAB11B10869C0F30E000446401C13F0D2
:10D8B00063FA41EC190B18EE100A13F043FE53EC17
:10D8C000192B41EC180B00259FED550B51EC100B5B
:10D8D00013F042F853EC182B13F0A8FA11D253ECC2
:10D8E000192B9FED510B51EC100B13F035F853EC45
:10D8F000182B13F0D5FB04D20020BDEC0A8BBDE839
:10D90000F08153EC1C2B51EC180B13F0C9FB38D8E9
:10D9100012E000223946304606F068FC0500ECD1E2
:10D92000B0EE4A0AF0EE6A0A53EC102B51EC180BD9
:10D9300013F01EFD41EC180B53EC1A2B51EC180B95
:10D9400013F0AEFBE5D953EC1C2B51EC180B13F084
:10D95000A7FB5AD253EC182B51EC1A0B13F008FD0D
:10D9600053EC192B13F09EFA41EC100B10F0DCFB7A
:10D97000002800DA0020A04200DD20460246394699
:10D980003FE051EC180B12F0EDFE41EC180B204675
:10D9900013F0F2F953EC192B12F0DEFF41EC1B0BE4
:10D9A0000EE022460021304606F020FC0500A4D1FE
:10D9B00053EC1B2B51EC180B13F0DAFC41EC180B59
:10D9C00053EC1A2B51EC180B13F06AFBE9D953EC0A
:10D9D0001C2B51EC180B13F063FB16D253EC192BD4
:10D9E00051EC180B13F05EFA41EC100B10F09CFB9D
:10D9F000002800DA0020A04200DD2046020004D00A
:10DA00000021304606F0F2FB0546284675E7000087
:10DA10000000000000000000000000000000F03FD7
:10DA2000000000000000E0BF000000000000E03F38
:10DA3000F0B5284C0419284802D494FBF0F003E018
:10DA4000264D254495FBF0F0244D48F6AC666D1E3E
:10DA500005FB004540F2B454B5FBF4F4B5FBF6F613
:10DA60002C1B34441C4E761EB5FBF6F6A41B40F26C
:10DA70006D16B4FBF6F400EBC00606EB001004EBE9
:10DA800000166420B4FBF0F740F26D10604300EB29
:10DA90009400C01B2C1A04EB84009925801CB0FB59
:10DAA000F5F000EB001505EBC5050527AD1CB5FB32
:10DAB000F7F5641B641C1C600A2801D2C01C00E03E
:10DAC00009381060022801D8012000E0002030440D
:10DAD0000860F0BD6CFA0A00B13A020050C5FDFFC3
:10DAE00004480068C0F30120032801D000207047DB
:10DAF000012070477038024030B5C378427884788E
:10DB000003F5FA63022A01D8012000E000201B1A65
:10DB10004FF4C87002D493FBF0F003E0A3F28F152A
:10DB200095FBF0F06FF01805454303EB0513022A4F
:10DB300001D9D21E00E0093202EB021202EBC2024E
:10DB40000525921CB2FBF5F222446424B3FBF4F5E4
:10DB500040F26D145C4304EB93035B1B521E1A44AA
:10DB6000174B00FB0320174A024409B1886818B913
:10DB700015480069C0F30E004B68834201D90023A9
:10DB800000E0C31A4FF47A746343401CB3FBF0F017
:10DB90000B780E4C40F2537563434C7814FB05F43C
:10DBA000897803EB441301EB4104C4EBC11103EB8F
:10DBB000C1010844064B0021C2FB030130BD000037
:10DBC000B13A02009405F5FF0028004080EE3600CF
:10DBD000005C260570B5204DA4B02868204A1F4976
:10DBE00010F4407F4FF00104116017D1342116A8C2
:10DBF000F2F788FE58216846F2F784FE08260020D6
:10DC00001696CDE91B4016A806F016F9E0B9600299
:10DC100009900096684605F0EFFDA8B92868C0F3A2
:10DC20000120022813D10C490E48091D0A6842F050
:10DC300001020A6000E000BF0A68920701D4401E9A
:10DC4000F9D20868800702D4002024B070BD0648CD
:10DC500004600120F9E7000070380240002800400D
:10DC6000A42B0120400D03003C0E474210B5FCF7E9
:10DC700071FA08B1002010BD012010BD7CB50C4622
:10DC8000050016D0002C14D00A48417B09B1806DE4
:10DC900001E04FF4FA4001AA694600F04BF8009801
:10DCA00028600198206003480099803081600199C4
:10DCB000C1607CBD9801002030B58DB00C460500D8
:10DCC00034D0002C32D0002205A9194806F096FB6A
:10DCD00000220BA9164806F06FFB00226946144883
:10DCE00006F08CFB00220AA9114806F065FB9DF89E
:10DCF00016009DF802108842E5D19DF82E009DF88F
:10DD00002A108842DFD19DF82D009DF82910884205
:10DD1000D9D19DF82F009DF82B108842D3D1142221
:10DD200069462846F2F792FD0A9820600DB030BD92
:10DD3000A42B01202DE9F05F93465FEA010A074614
:10DD40004FF063084FF4A0794FF0FF362FD0BBF1AE
:10DD5000000F2CD00FB94FF4FA477F24651C002325
:10DD60002A463846194600F0DDFB38B1B0F5004FC1
:10DD700015D84543BD4203D3E91B02E00120F8E773
:10DD8000791BB14208D301D1444505D8B14206D12F
:10DD9000444504D1484502D90E46A0468146641E3A
:10DDA000DCD5A9F10100CAF80080CBF80000BDE87D
:10DDB000F09F000010B500248EB0002876D0002916
:10DDC00074D00278521E072A70D24278002A6DD091
:10DDD000122A6BD88278002A68D01F2A66D8C278A7
:10DDE000632A63D80A78172A60D84A783B2A5DD814
:10DDF0008A783B2A5AD800680590142207A8F2F7BF
:10DE000025FD2B488DF81F400A940B94016841F0C2
:10DE100080510160006800F080500C9005F0B0FC6B
:10DE2000002207A9234806F0B1FC040013D1002208
:10DE300005A9204806F05EFC04000CD100226946CA
:10DE40001C4806F0DBFA040005D1002206A9194897
:10DE500006F0B2FA044605F087FC34BB9DF81800C2
:10DE60009DF81410884221D19DF819009DF81510D5
:10DE700088421BD19DF81A009DF81610884215D1D2
:10DE80009DF81B009DF8171088420FD19DF80000E7
:10DE90009DF81C10884209D19DF801009DF81D10C5
:10DEA000884203D101200EB010BDFFE70020FAE741
:10DEB00040380240A42B01202DE9F05F0546007F89
:10DEC0000F46012828D04FF0010B85F81CB0022026
:10DED00068772868002680684FEA4060FAB1002819
:10DEE00000DBFE70B878397840EA01447878F97838
:10DEF000000240EA014004432968CA2048622968B8
:10DF00005320486228460EF0E3F84FF0FF084FF028
:10DF1000040A00286AD116E00220BDE8F09F00281C
:10DF200000DBFE7038780EF0C8F8040478780EF044
:10DF3000C4F844EA0024B8780EF0BFF80443F87837
:10DF400044EA0044D8E73148044028680460304976
:10DF50000FB1BA6812B90869C0F30E0228684FF011
:10DF60000004B0F1000902D00069C0F30E040FB143
:10DF7000B86810B90869C0F30E000FB1796800E005
:10DF80000021814200D90146401A904200D9104632
:10DF90000AB1944204D12146A04212D9084610E0A9
:10DFA000631C521C074671084FEA3200E7FB03016D
:10DFB0004FF00003F2F71EFA221A76EB010100D2AD
:10DFC0002046211AC9F828102868816821F4802188
:10DFD00081602868C16821F08001C160286880687C
:10DFE00080060BD4284606F031FC38B12968C1F808
:10DFF000248085F81DA02E7701208EE72968C1F8BE
:10E00000248085F81DB02E77002086E77F7F7F0073
:10E010000028004000B58BB0002269461F4806F07A
:10E02000EDF900220AA91D4806F0C6F9002205A94B
:10E030001A4806F0E3F900220AA9184806F0BCF9CC
:10E040009DF802009DF816108842E5D1079818B98E
:10E0500013480069C0F30E000699814200D90146B9
:10E06000411A4FF47A725143401CB1FBF0F09DF815
:10E0700014104FF4616211FB02F19DF81520C2EB00
:10E08000021201EB82019DF816200BB0114401EB46
:10E090004102C2EBC11100EBC10000BDA42B012065
:10E0A00000280040D0F844210A43C0F844217047BA
:10E0B0002DE9FF5FF2488346B0F8B002C0F30014C8
:10E0C000F4F78EFCDFF8BC83EF4D4FF00109BCB1D3
:10E0D00095F82200A0B9F4F7BDFCEC4F064638884D
:10E0E000082802D1384601F01FFE388828B9D8F830
:10E0F000E01241F00101C8F8E0120EB185F801907C
:10E1000000F0E8FFDFF888A30026BAF8980201289B
:10E1100036D114B195F8220008B1687890B100F0BA
:10E1200077FF04F0BFFCA86385F8029000F03CFF85
:10E13000042085F8230004F0B5FCD3498031783001
:10E1400048636E70D4B195F82300C8B104F0AAFCFE
:10E15000CD4907468031496B401A11D4CD48D0F8DB
:10E160000C0930B900F020FF95F82300401E85F817
:10E170002300C5488030B437476301E085F8236049
:10E1800085F82240A87BC44C60B1B4F85E0048B961
:10E1900094F87C0030B9AE73D8F8E01241F0200159
:10E1A000C8F8E012D8F8E0024746800628D5D7F82C
:10E1B000E00220F02000C7F8E002B4F85E0010B9D9
:10E1C00094F87C0010B185F80E9019E0B3494FF433
:10E1D0008070B34B91F82A104200CDE90201CDE9DD
:10E1E0000023B04AB049AD48FCF792FA98B18021BB
:10E1F000AE48FFF757FF012208210520FCF75EF823
:10E20000D7F8E002C0063ED5B4F85E0080B194F8BD
:10E210007D0068B905E01422A549A048FCF7C6FBBB
:10E22000EEE7B4F86801042802D0A07C48B906E003
:10E23000D7F8E00220F01000C7F8E00223E0E06920
:10E2400008B302F00DFB80B99AA19D48FDF714F9BF
:10E2500058B99B48FDF73EF9401C04D01921984855
:10E26000F4F728FF01E04FF0FF30D7F8E01221F07B
:10E270001001C7F8E01230B1012202210620FCF79C
:10E280001DF8FEF7D9FED7F8E002C00728D0BAF88B
:10E29000980202280BD0BBF8B002C00620D5DFF8E8
:10E2A000EC81B8F8000010F00C0F07D010E0D7F8A0
:10E2B000E00220F00100C7F8E00211E0FFF7D6FC11
:10E2C00020B9FFF70DFC08B90DF0C2FB02F08AFB84
:10E2D000B8F8000010F00C0F02D002F00DFB30B1C6
:10E2E000D7F8E002400614D5E87A50B111E0B8F84A
:10E2F0000000042802D16D4801F072FCF8F776FAAC
:10E30000D5E7D7F8E00220F04000C7F8E002F4F7C4
:10E31000EDFFD7F8DC02B846DFF86C91000709F191
:10E32000E00922D5B4F85E00F8B994F87C00E0B9B1
:10E33000A07CD0B9E07CC0B9002700F005FA20B17C
:10E34000012700F039FB00F09BF999F80000C007A5
:10E3500002D05148F9F7D4FC0FB1F8F725F9D8F8F5
:10E36000DC1221F00801C8F8DC12687E00B394F8D2
:10E370007C00E8B972B66E7662B6B4F85E0070B131
:10E3800000F044FAA0B10220F8F7EAFF94F87D000B
:10E3900070B9B4F85E0058B1FEF74EFE1BE000F015
:10E3A000D3F930B100F008FB00F06AF9F8F7FCF897
:10E3B00011E03B4F1837386840F080503860142027
:10E3C00004F0FAF8386840F480503860642004F0B3
:10E3D000F3F800F055F9E87DE0B3B4F85E00C8BB8F
:10E3E00094F87C00B0BB002700F0AEF920B1012703
:10E3F00000F0E2FA00F044F9E07C10B109F0A8FB6B
:10E40000E674A07C00B1A67472B6287EEE7562B682
:10E4100099F80010C90702D000F0B2F800E0208A95
:10E42000AD218DF8001095218DF80110CDF8020076
:10E43000DA208DF806008DF807000822694620488A
:10E44000F7F7A3F91E48FDF745F8F4F73FFD0FB1C4
:10E45000F8F7AAF8A87E48B1D8F8E002C00705D1BD
:10E4600072B6A88DAE7662B600F048FAFFF702F9F0
:10E47000F8F73AFBF4F778FDBDE8FF5FF4F75EBC10
:10E48000085D002090B900209801002010A2002013
:10E49000709F0020707F00207029002018C200208B
:10E4A000000402400C300120502B012090B10020CC
:10E4B00024B0002052656320537461727400000020
:10E4C000082D002038B504461348016841F08051FA
:10E4D0000160006800F08050009005F051F9FFF7EE
:10E4E00079FB68B1012C0FD0022C0DD00022122133
:10E4F0000A4805F076FE00221321084805F071FE57
:10E50000BDE8384005F030B9054A1221034805F04E
:10E5100068FE2246F0E7000040380240A42B0120AC
:10E52000A120E30C70B552EA030407D05C084FEA5F
:10E53000320528186141F1F75DFF70BD002070BD04
:10E5400000B591B0AD218DF8001010218DF80110AB
:10E5500001463C220DF10200F2F7F1F8DA208DF8C5
:10E560003E008DF83F00402269460448FCF77CFEDF
:10E570000248FCF7AFFF11B000BD0000082D0020DD
:10E580002DE9F047DFF8F0800446ADF5806DB8F86E
:10E590001050B8F85E00002868D1384E3078C007B7
:10E5A00004D100F06DF83078C0075FD004B90124C1
:10E5B000AC4200D9ECB2ACB32C1B3F2715B3681E9C
:10E5C000B0FBF7F04FF4007A814656465146684654
:10E5D000F2F798F9314680A8F2F794F9A4B1601ED9
:10E5E000B0FBF7F6B0FBF7F107FB110717F10107D6
:10E5F000D8F8601159B1B14509D152466846F7F7CC
:10E60000C1FF0AE00020DDE700263746F0E7694653
:10E6100006F1800000F0EAF820B900973F2F02D3FE
:10E62000012001E022E000207F902CB9D8F80810EA
:10E630000191D8F80C004090694606F1800000F086
:10E64000CDF998B980A906F1810000F0C7F968B941
:10E65000A8F810408020C8F85400D8F8600145465A
:10E6600018B152466946F2F7F1F82D8A0DF5806D22
:10E670002846BDE8F08700007029002078020020BD
:10E6800010B52C4C206820F0010020600EF002F93B
:10E69000022003F091FF284807F052FE78B10021D4
:10E6A0000320FBF75DFF022201210320FBF706FE9A
:10E6B000BDE810404FF480712048FFF7F3BC20689C
:10E6C000012140F0010020600320FBF749FF0320F7
:10E6D000FBF74AFD42F21071194800E000BF826862
:10E6E000920701D4491EF9D21549164A0C3111601E
:10E6F000016821F040010160416841F00201416080
:10E70000016841F04001016007F050FD70B12068E0
:10E71000002120F0010020600320FBF721FF0222EE
:10E720000321BDE810400846FBF7C8BDBDE8104016
:10E73000F4F7A6BC78020020C42B012090B1002081
:10E7400000300140606402400020042100E0401CD1
:10E7500021FA00F2D20713D0102813D20B4909680E
:10E760004000C14001F0030003280DD000200849FB
:10E77000096841F30031491C20B119B101207047EB
:10E780001028E4D3002070470120F0E70000024089
:10E79000140402400248007800F0010070470000B5
:10E7A000780200200F488079B8B10F48B0F85C10AB
:10E7B00019B1B0F85C1005290FD1B0F85E1061B93D
:10E7C000817C51B9C17C41B990F87D1029B990F88C
:10E7D0007C1011B9B0F8680108B100207047012021
:10E7E00070470000980100207029002070B50D4688
:10E7F000064600242946304608F06EF9002804D069
:10E80000641C042CF6D34FF0FF3070BD2DE9F041AD
:10E81000334CB4F86800334AC30B42F210703249EB
:10E8200000E000BF8D68AD0701D4401EF9D24868F2
:10E8300020F0020048602D48056825F001050560BC
:10E8400000E000BF0568ED0701D0521EF9D2006854
:10E850004FF0FF35C00705D00121284684F840104D
:10E86000BDE8F081086820F040000860086840F0CA
:10E87000400008600026A674E07C10B10BB909F0D6
:10E8800067F9E6741A48816941F004018161BFF3B8
:10E890004F8F184F386840F080503860142003F0D4
:10E8A0008BFE386840F480503860642003F084FEAA
:10E8B000FFF7E6FE10480078C00708D0A4F86860AB
:10E8C000B4F85E0050B194F87C0010B106E0284620
:10E8D000C6E70220A4F86801A4F86A010020BFE797
:10E8E00070290020A08601000030014058640240D9
:10E8F0000000024018040240780200202DE9F04395
:10E90000ADF2044D05464FF4017949466846F1F7EA
:10E91000F9FF26480024018A19B13F22491EB1FBA4
:10E92000F2F1AD228DF8002094228DF801206E4680
:10E930004FF40077A94207D1D0F8601151B13A469F
:10E94000B01CF7F71FFE1EE0FFF7FEFE10B101241A
:10E9500000F032F8B846394681A8F1F7D3FF144FDA
:10E960003878C00704D1FFF78BFE3878C0070AD08B
:10E9700081A905F18000FFF739FF20B9424681A93E
:10E98000B01CF1F7DCFEDA208DF802028DF80302EC
:10E990004A4669460748F4F763FA002C01D0F7F7B6
:10E9A00003FE0DF2044DBDE8F08300007029002045
:10E9B00078020020082D0020074810B5016841F0BA
:10E9C00080510160142003F0F7FDF7F7DBFEBDE88E
:10E9D0001040642003F0F0BD1804024070B50D46ED
:10E9E000064600242946304609F08AFB002804D058
:10E9F000641C042CF6D34FF0FF3070BD10B5002816
:10EA00001AD000F54050B0F89802022814D10B48F3
:10EA1000417C69B9007D58B90948B0F868110129ED
:10EA200002D0B0F8680118B940F6C410FEF7AEFA8B
:10EA3000BDE81040FEF7D2BA10BD000098010020DA
:10EA40007029002028B100F54050B0F89802012844
:10EA500000D00020704710B500280ED000F54051BE
:10EA60000C46D1F83412002907D0FCF7FFFED4F889
:10EA70003402BDE8104007F040B810BD38B50400BE
:10EA800033D000F0B7F804F54055D5F8340200282B
:10EA90002BD00168C5F830120068002825D0002965
:10EAA00023D02046FCF725FFD5F8300258B1016885
:10EAB000009141688DF800109DF80010C16842F285
:10EAC00020021143C1602046FFF7BCFF00280CD094
:10EAD00041F60C100059002807D0204600F090F8AD
:10EAE0002046BDE83840FCF7F5BC38BD38B50446D3
:10EAF00011A0006800902046FFF7A4FF00281AD05C
:10EB000004F54051D1F83402002814D000680028E0
:10EB100011D0D1F8300200280DD0204600F070F856
:10EB2000032269462046FCF79FFB204600F0F0FADE
:10EB30002046FCF7CFFC38BD3C803E0070B50D464A
:10EB400004001DD0002D1BD02868002818D0002AF2
:10EB500016D043F29C200251204600F04FF829467F
:10EB60002046FCF7D0F82046FFF788FF2046FFF745
:10EB700069FF002804D02046BDE87040FFF7B6BF0B
:10EB800070BD00000648007A30B90648B0F85E1043
:10EB900011B990F87C0008B100207047012070473F
:10EBA000980100207029002000281BD000F540505B
:10EBB000D0F83402002815D00168002912D00A4884
:10EBC00000E000BF0A68520601D4401EF9D2074A8D
:10EBD00007489142416802D141F4006101E041F4EB
:10EBE0008051416070470000400D03000014014057
:10EBF0000000024010B50DF05DFE10BD0DF05ABED4
:10EC0000094960B100F54050D0F8340238B10068CD
:10EC1000064A904203D1486820F4006002E0486848
:10EC200020F480504860704700000240001401400A
:10EC300070B50E460546FFF705FF00281ED0002ED2
:10EC40001CD005F54054D4F83402002816D00068D2
:10EC5000002813D0C4F89C62C4F83002284600F0A3
:10EC600057FA2846FCF736FC002807DA2846FCF756
:10EC7000EBFD2846BDE87040FCF72CBC70BD0000E1
:10EC80000C4810B50068002813D0816B002910D003
:10EC9000094CD4F83402884203D0A4F54050FCF764
:10ECA00032F80648C4F89C02BDE810400448FFF75B
:10ECB000E5BE10BD90B90020709F002090B10020EB
:10ECC000706F00202DE9F047ADF5047DDFF8A892C4
:10ECD00081AA80A94846FCF767F8002821D143F2B1
:10ECE0009820002730F80900A44D022800D12F7089
:10ECF0008099A34CDFF88C820A78A34E4FF0040A67
:10ED0000822A75D021DC4FF00106342A5BD00CDC5E
:10ED1000012A6ED0302A52D0312A02D1022800D1E5
:10ED2000EE740DF5047DBDE8F087402A62D0412ADB
:10ED300067D0802AF5D10128F3D1FFF723FF0028FF
:10ED4000EFD08D4800F0E4F9EBE78A2A62D024DCAA
:10ED5000832A7CD0862A7BD0892AE2D1894800F098
:10ED6000E3FFA8F800709FED890A85ED0F0A85ED95
:10ED7000100A85ED110AA86C401CA864D4F8E002C2
:10ED800040F00100C4F8E002B6F8980220F08000DC
:10ED900040F04000A6F89802C3E77D4CA12A76D047
:10EDA000AB2A75D0AC2ABCD14878CA28B9D1AC20DE
:10EDB0006060012003F000FCF2F724F8B1E7484658
:10EDC000FFF71CFEADE70228ABD17248B0F868111E
:10EDD000012903D0B0F868010028A2D1FDF7D0FFC7
:10EDE0002E7503F05FFE41F2941108442866E6E7B1
:10EDF00073E04EE0022894D1D4F8DC0240F0020027
:10EE000005E002288DD1D4F8DC0220F00200C4F81D
:10EE1000DC0286E704226846491CF7F7B3FB8099B9
:10EE2000142203A8491DF7F7ADFB03A96846FEF7B6
:10EE3000C1FFB0B1A8F800A0D4F8E00220F00100B2
:10EE4000C4F8E002B6F8980220F0400001E05FE06C
:10EE50000DE040F08000A6F898020720FBF784F947
:10EE60005FE7022204210720FBF728FA59E7042272
:10EE70006846491CF7F786FB8099142202A8491DB1
:10EE8000F7F780FB02A96846FEF7CEF949E743E0B1
:10EE900067E0022892D1FFF775FE00288ED0819896
:10EEA0004FF40077B84289D980993A466846491CA0
:10EEB000F7F768FB6846F7F75EFB0028A9D13A46EA
:10EEC00069463548F1F7C2FC94F8F002324981F8FE
:10EED000B3016E71FDF7AAFF23E7ADF80070488813
:10EEE000ADF80000B6F89802BDF8001020F0C000A0
:10EEF00001F0C0021043A6F89802080689D5A8F8C8
:10EF000000A0D4F8E00220F00100C4F8E00208E715
:10EF10004878FDF723F804E74878F0B101281CD0C1
:10EF200002289DD11D48016841F0805101600068B0
:10EF300000F08050009004F023FCFEF74BFE48B137
:10EF4000174A1221174805F04CF9022213211548DF
:10EF500005F047F904F008FC01E0FFF7B3FAA1203F
:10EF600003E04878BA2891D1AB206060012003F01B
:10EF700023FB0EF04FFE0000706F00209801002070
:10EF800090B9002010A20020085D002000000000C1
:10EF9000001001407029002090B10020403802404C
:10EFA000A220E30CA42B012000B516488DB0B0F8C8
:10EFB0009802012823D1002208A9134805F01EFA5F
:10EFC000002207A9104805F0F7F93C208DF8000051
:10EFD0008A208DF801000798CDF80200142208A9B4
:10EFE0000DF10600F1F7ABFB3E208DF81A001B2255
:10EFF0006946064800F0C1F80448FCF78BFB0DB0E9
:10F0000000BD0000709F0020A42B0120706F002025
:10F0100070B586B014216846F1F774FC264CB4F83C
:10F020009802012845D125482549806B884240D166
:10F030002448407A00283CD1084606F05EFD20486E
:10F0400006F0A8FD20480021026842F0010202609B
:10F0500000684FF4805500F00100009505900120F4
:10F06000CDE90101194E03916946304603F01AFCBF
:10F0700001222946304603F010FD022003F09CFADD
:10F0800000222946304603F008FD282003F094FAB8
:10F0900001222946304603F000FD022003F08CFADD
:10F0A0000DF008FC0A48C4F89C02A4F54050FFF794
:10F0B000E5FC06B070BD0000709F002040A6002057
:10F0C000D42E012098010020303802400000024078
:10F0D00090B100200A4B10B503F54050B0F89802EB
:10F0E00001280CD141F60C10C058002807D0184652
:10F0F000FFF786FDBDE810401846FCF7EBB910BDE0
:10F10000706F00200148407970470000980100208E
:10F11000F8B50546FFF796FC4FF0FF3658B105F5F8
:10F120004054D4F89C0230B16A4640F2032128468C
:10F13000F6F7A0FB08B13046F8BD00983C214FF42B
:10F14000007200F8011B012100F8011BD4F89C1289
:10F15000F1F7F5FA00993E2081F802022846FFF700
:10F160004FFD2846F6F726FB0028E5D02846F6F79F
:10F170002AFC2846FFF718FDDDE72DE9F04115468A
:10F180000E460446FFF75EFC4FF0FF37F0B1EEB1DC
:10F19000E5B104F54051D1F83402B8B10068A8B126
:10F1A000D1F8300290B12046FFF72AFD2A463146B9
:10F1B0002046FCF759F860B12046FCF745FB2A468B
:10F1C00031462046FCF750F890B902E03846BDE8D9
:10F1D000F0812046FCF77EF9401C07D12046FCF761
:10F1E00033FB2046FCF776F9401C01D00020EEE707
:10F1F0002046FFF7D9FCE9E738B504460AA00068C5
:10F2000000908DF802102046FFF71CFC00280AD061
:10F210002046FFF7F5FC042269462046FCF724F857
:10F220002046FCF757F938BD3C83003E10B5314C01
:10F23000206840F00200206001220621072004F02F
:10F2400055FA072004F044FA206840F004002060DA
:10F2500001220721082004F049FA082004F038FAB6
:10F26000206840F00800206001220521092004F0F8
:10F270003DFA092004F02CFA206840F010002060CC
:10F28000012207210A2004F031FA0A2004F020FAB2
:10F29000206840F02000206000220721172004F0A1
:10F2A00025FA172004F014FA206840F0800020604E
:10F2B00001220721172004F019FA172004F008FA98
:10F2C000206840F48070206001220621172004F09D
:10F2D0000DFA172004F0FCF9206840F4007020605B
:10F2E00000220721172004F001FABDE81040172082
:10F2F00004F0EEB9003C014004490B680122824051
:10F3000093430B600868104308607047103C01404D
:10F3100043F29031AFF3008070B569B14FF6FF72E0
:10F320004C080025E0FB02450A46204600232946FA
:10F33000F1F760F880B270BD002070BD10B590F894
:10F34000101300290ED0002180F8101300F0D2FA1B
:10F350000548016A002905D140680068816821F0EC
:10F360000101816010BD000090C20020F0B50E4682
:10F3700002F00701D7080446464A4748002585B0F1
:10F38000944207D1026842F001020260006800F076
:10F3900001004BE0414A944207D1026842F0020268
:10F3A0000260006800F0020040E03D4A944207D14C
:10F3B000026842F004020260006800F0040035E0D8
:10F3C000384A944207D1026842F00802026000689D
:10F3D00000F008002AE0344A944207D1026842F063
:10F3E00010020260006800F010001FE02F4A9442F3
:10F3F00007D1026842F020020260006800F020009D
:10F4000014E02B4A944207D1026842F040020260A5
:10F41000006800F0400009E0264A944207D10268E3
:10F4200042F080020260006800F08000009099B114
:10F4300001291AD0022925D114216846F1F762FA70
:10F4400001200096CDE9010569462046039503F0A9
:10F4500029FACFB1012218E014216846F1F752FAD7
:10F4600003200096CDE9010507E014216846F1F775
:10F4700049FA02200096CDE90150694620460395DD
:10F4800003F010FA05B0F0BD00223146204603F02B
:10F4900004FBF7E70000024030380240000402405D
:10F4A00000080240000C024000100240001402401C
:10F4B00000180240001C024061B10E4B01290FD020
:10F4C000022911D0032914D190F8EF2219151846FA
:10F4D000FFF74CBF90F8EC224FF400510648F7E7D5
:10F4E00090F8ED221021F2E790F8EE224FF400712F
:10F4F000EDE77047000002400008024010B5F7F742
:10F5000019FA04461B48016841F0005101600020CF
:10F510000DF030FC00F08CF817490120C870F7F7A7
:10F5200031FA05F0EAFC1549486814B140F00300CF
:10F5300001E020F00700486004F010F9104801686D
:10F5400041F00401016004F003F90E49086820F459
:10F5500000700860086820F4806008604FF00101C6
:10F5600008461CB1BDE8104004F016B9BDE81040D3
:10F5700004F024B91808024098010020002004E09B
:10F5800000700040003C024010B5172004F08FF8D6
:10F590000DF0B4F80DF0C0F8F3F722FA1B4C1C483C
:10F5A000B4F89812012902D01A49816303E01A497C
:10F5B00081630DF0E3F91948006870B1816B61B1A6
:10F5C000D4F83402884202D01548FBF79CFB15485A
:10F5D000C4F89C021248FFF751FA1348FCF789F966
:10F5E0001248C16841F40051C16000220721172070
:10F5F00004F07CF8172004F06BF8B4F898020128A6
:10F6000003D1BDE81040FFF703BD10BD709F00207F
:10F6100040A60020642F0120D42E012090B90020A4
:10F62000706F002090B10020082D002000100140D4
:10F630002DE9F04786B0F6F7B7FF52484FF00008C3
:10F64000016841F0010101600068142100F001002F
:10F6500005906846F1F756F94B484D4F4C4DB0F8C0
:10F6600098124A48143701244FF4C059012966D032
:10F670004FF44411CDF80090CDE901144E4669468F
:10F6800003F010F93F481430016841F480410160F3
:10F69000006800F4804005903E48016821F4704104
:10F6A0000160001D016821F00F010160286840F42D
:10F6B000C050286036480830016841F4C0510160EC
:10F6C000001D016841F4C05101603E600022062126
:10F6D000282004F00BF8282003F0FAFF2E480168D8
:10F6E00041F4004101602D4806F007FA2B4806F06E
:10F6F00051FA4020CDE90004294DCDF80880694633
:10F700002846CDF80C8003F0CDF801224021284690
:10F7100003F0C3F9802000904FF40410CDE90104F8
:10F720006946284603F0BEF800220721172003F09F
:10F73000DDFF172003F0CCFF06B0BDE8F0874FF4E3
:10F74000006146468DE8520000228246CDF80C80CA
:10F7500003F0A3F96946504603F0A4F84FF4805033
:10F76000CDE9000669460294504603F09BF82868EC
:10F7700020F4C0502860C7F80090282003F097FFBD
:10F78000ACE7000030380240709F002000000240CB
:10F79000003C014010380140180802401C2F012095
:10F7A00000040240042902D2431883F8EC22FFF738
:10F7B00083BE00002DE9F8434FF0000104004FF034
:10F7C00040058DF800103FD0216020486160218104
:10F7D000B0F85E1011B990F87C0000B141251C4FC3
:10F7E000D7F8DC0210F0020F01D045F002056846A0
:10F7F000F3F766F980469DF8000008B145F004056E
:10F80000D7F8F462B6F1807F01D36FF07F46D7F866
:10F8100000031421B0FBF1F087B2FF2F00D9FF27BE
:10F820002570FAF7DBFC60700A480188090AA170AC
:10F830000188E1700179217140796071A77184F8C4
:10F8400007802672300A6072BDE8F88370290020B4
:10F8500090B9002088A600200022C0F8DC220223F4
:10F8600080F8EC32C0F8E822C0F80023A0F80423A6
:10F87000A0F80623A0F80823A0F80A23A0F80C2378
:10F8800080F80E2380F80F2380F810230160704762
:10F89000D0F8DC0200F0020070470000124810B5FA
:10F8A000016841F400710160016841F48061016008
:10F8B00000200DF0ADF9022003F0A0FE04F0E2FFFD
:10F8C000FFF762FEF3F744FC0848016841F4005179
:10F8D0000160322002F070FE0548D0F8E01241F0DD
:10F8E0000101C0F8E01210BD003C024018080240BF
:10F8F00090B900202DE9F04788B0054620216846E0
:10F90000F1F700F80027781E0646002D18D095F86C
:10F910000F430823012000214F4A032C01D3002468
:10F9200003E0022C07D0012C14D0CDE90030049064
:10F93000022C0DD011E0136A2BB185F80F130020B3
:10F9400008B0BDE8F087454BCDE900305F11049069
:10F95000072303E0CDE90030049004230293404BD9
:10F96000CDE906318DF81510039188468DF8140005
:10F9700091466946506802F0CBF9DFF8E8A0E8BB91
:10F98000DAF8041321F440013943CAF804135FB1D3
:10F99000354836490068B0FBF1F0102802D200BFAC
:10F9A0000E2000BF401EFCD22B48F1F7ADFB28BB58
:10F9B0002948F1F7D5FB08BB2748F1F7A5FBE8B9C3
:10F9C0002548F1F7CDFBC8B9B9F814004FF6FF721E
:10F9D0002CB102EA4000012C2FD0022C32D043F28D
:10F9E0009031A0FB010147F6FF73C01841F10001FF
:10F9F0000023F0F7FFFCA0F5FA6100E013E041F20C
:10FA0000951291420FD2C5F8000340F6E441FFF78A
:10FA100083FCA5F80803641C0026E4B2032C00D381
:10FA2000002485F80F43DAF8041321F44001CAF8E2
:10FA3000041376B1022C0AD00BE0A5F80403A5F854
:10FA40000A03E8E7A5F80603A5F80C03E3E785F841
:10FA50000F83304674E7000090C2002012000010AF
:10FA600001000F000020014038060020A0860100A0
:10FA70001CB512A000680190EFF31080002815D18A
:10FA8000EFF3058090B904F0FDFE042201A90C48B3
:10FA900000F03AF80B4864210068B0FBF1F00090E8
:10FAA00001E000BF0846411E0091FAD272B6BFF3D2
:10FAB0004F8FBFF36F8F0EF0ADF80000ADABDADA09
:10FAC00090B90020380600200A4A10B5A2F58061DE
:10FAD0000948F3F7CBFE09480068002808D0816B7D
:10FAE000002905D0BDE81040054A0648FFF726B8B2
:10FAF00010BD000090B500204006002090B9002005
:10FB000090B10020706F002010B50446D0F8C002FC
:10FB1000F5F73BFED4F8C002BDE81040FBF7DABCB5
:10FB200070B5F6F707FF204D0446286840F00050F6
:10FB3000286001200DF01EF90520F6F723FF05F0DF
:10FB4000DCF91A49486814B140F0010001E020F0E6
:10FB50000100486003F0FCFD154C206820F40070A3
:10FB60002060206820F4806020600121084603F0B6
:10FB700013FE206840F400702060206840F480602C
:10FB8000206000200DF044F804F07CFE00F012F834
:10FB9000F3F7DEFA286840F400502860BDE87040B2
:10FBA000322002F009BD000018080240002004E0E5
:10FBB000003C0240074810B5006828B1816B19B1BC
:10FBC000054A0648FEF7BAFFBDE810400148F8F7BD
:10FBD000CFBF000090B9002090B10020706F0020CE
:10FBE00070B5094D04460022286804F5A871006C20
:10FBF00004F004FC286804F5A6710022006CBDE83E
:10FC0000704004F0D9BB000090B90020C0F8001388
:10FC1000704700002DE9F04788B005461E46DDE933
:10FC200010091C230F46129A0021C5F8A0321F2389
:10FC3000C5F89C3295F808806B68D3F85C410223C4
:10FC400084F8B831A662E0622263676306FB08F3BA
:10FC50005B004FEAE37CCDE9063C324B5843C317C7
:10FC6000CDE9040309FB02F04000CDE9020178016F
:10FC7000C217CDE90002002004EB4002118111837C
:10FC8000401C0828F8DB6763A4F80880DDE906015A
:10FC9000DDE90023F0F7AEFB2083696806984FF09A
:10FCA000010AC1F89C00A4F80AA0DDE90401DDE91D
:10FCB0000023F0F79FFB608369680498C1F8C000D7
:10FCC000A4F80C90DDE90201DDE90023F0F792FBD6
:10FCD000A08369680298C1F8E4001020E081A4F8CC
:10FCE0001EA069680098C1F8080140F2E24086420F
:10FCF00000D20646B6FBF7F084F8400140F27120CE
:10FD0000B6FBF0F084F84101B6FBF7F14FEAE87278
:10FD100008EB127000114143A4F8421108B0BDE88D
:10FD2000F0870000007102009FED0B0A002180EDBA
:10FD3000070A80ED080A80ED050A80ED030A80EDD0
:10FD4000040A80ED060A80ED010A80ED020A818432
:10FD5000C184018501807047000000002DE9F04753
:10FD600004462DED088B008800287DD09FED51AA18
:10FD7000012802D0022877D112E0E08C04EB800049
:10FD800080ED0B0AD4ED050A40EE0A0AC4ED050A1F
:10FD9000E08C401CE084E08CFF2865D9022083E0E1
:10FDA0000020DFED458A0546B0EE688A9FED439B53
:10FDB00004EB802604EB800806EB8500D8ED050AED
:10FDC00090ED0B0A30EE600A10EE100A11F0BAFB4B
:10FDD00041EC100BB0EE491AF0EE691A0EF024FA5D
:10FDE000B0EE40BAF0EE60BA18EE100A11F0AAFBBD
:10FDF00053EC1B2B10F0F4FC10F0C0FC08EE100AC2
:10FE00006D1CFF2DD8DD06F12C004FF4807100F041
:10FE100077F928EE0A0A10EE100A11F093FB41EC74
:10FE2000100B0FF08DF851EC100B10F0A7FC08EE42
:10FE3000100A40259FED239B4FF0C0095FF000079B
:10FE400006EB8500C06A11F07DFB53EC192B10F016
:10FE5000C7FC41EC190B6D1C7F1C4D45F0D377B1ED
:10FE6000384610F089FF00E01FE041EC100B51EC28
:10FE7000190B53EC102B10F06FFD41EC190B51ECEA
:10FE8000190B10F07BFC00EE100A042088ED070A25
:10FE900096ED8A0A88ED080A88ED068A94ED070A2D
:10FEA00084ED020AC4ED018A20802088BDEC088B15
:10FEB000BDE8F0870000803B00000000000000006B
:10FEC000000000400000000000000000F0B50D46FA
:10FED0008FB006460024224604A9284604F08EFA74
:10FEE00022460EA9284604F067FA9DF811109DF8E5
:10FEF0001200C1EB011100EB81052E4B069810B9E1
:10FF00001869C0F30E000599814200D90146421AD2
:10FF1000069810B91869C0F30E0042F20F718242C0
:10FF200000D90246002408B1814203D18A4218D97F
:10FF30000A4616E0401C610842F210734FEA30078F
:10FF4000E2FB037102464FF000033846F0F752FA25
:10FF500042F20F7300221B1A8A4101D242F20F7043
:10FF60000246AD208DF824008C208DF82500CDF8B8
:10FF70002650CDF82A20DA208DF836008DF837008B
:10FF8000142209A93046FBF76FF90B4D58B1288DA3
:10FF9000401C80B22885032801D3082028804FF018
:10FFA000FF300FB0F0BD3046FBF794FA2C850020EF
:10FFB000F7E700000028004010A2002038B50546F1
:10FFC000AD208DF800008B208DF80100DA208DF82F
:10FFD00002008DF80300042269462846FBF744F925
:10FFE000094C50B1208D401C80B22085032801D3DC
:10FFF000082020804FF0FF3038BD2846FBF76AFA12
:020000040803EF
:100000000020208538BD000010A20020F0B50C466D
:1000100091B0064600252A4604A9204604F0EEF9D0
:100020002A4610A9204604F0C7F99DF811109DF842
:100030001200C1EB011100EB81052F4B069810B99E
:100040001869C0F30E000599814200D90146421A91
:10005000069810B91869C0F30E0042F20F7182427F
:1000600000D90246002408B1814203D18A4215D941
:100070000A4613E01346421C610842F210774FEA29
:100080003200E3FB07014FF00003F0F7B3F97B1EEA
:1000900000221B1A8A4100D2781E0246AD208DF83C
:1000A00024008D208DF82500CDF82650CDF82A208B
:1000B00010210DF12E00F0F703FCDA208DF83E0040
:1000C0008DF83F001C2209A93046FBF7CDF80B4DF7
:1000D00058B1288D401C80B22885032801D3082000
:1000E00028804FF0FF3011B0F0BD3046FBF7F2F939
:1000F0002C850020F7E700000028004010A2002017
:1001000070B500234E1E14E00022CD1A6D1E0DE0C6
:1001100000EB820494EC020AB4EEE00AF1EE10FA6D
:1001200003DDC4ED000A84ED010A521C9542EFD8AC
:100130005B1CB342E8D3002070BD0000F0EE400A23
:10014000F5EEC00AF1EE10FA02D89FED0D0A7047E5
:1001500010EE900AB0F17E5F02DDB0EE600A01E0C1
:10016000B7EE000A0020B6EE001A00BFC0EE801AFB
:10017000401C062831EE800A20EE010AF6DB7047AB
:100180000000000090ED010ADFED150AB8EE401AFC
:100190009FED140AC1EE001A90ED001AB8EE411A54
:1001A00031EE811AD1ED011AB8EE612AC2EE001AC1
:1001B00091ED000A0C49B8EE400A31EE800A31EEAA
:1001C000400A10EE100A884202DD30EE600A7047E5
:1001D00010EE100A05498842F9D930EE200A70471E
:1001E0000000614500401C460000E1440000E1C4FD
:1001F0002DE9F04705462DED088BADF5806DB0EE8D
:1002000040BA008801285ED1EC8C8C425BD3B4F5F7
:10021000807F58D89FED608B0026B0EE48AAF0EEA4
:1002200068AA0CE005EB8600C06A11F08BF953EC6C
:100230001A2B10F0D5FA41EC1A0B761CB6B2A64276
:10024000F0D3204610F098FD884648EC110B074685
:1002500053EC112B51EC1A0B10F07EFB41EC190BF7
:10026000B0EE48AAF0EE68AA002616E005EB86007C
:10027000C06A11F067F953EC192B11F079F841ECD1
:10028000110B53EC112B10F00DFE53EC1A2B10F048
:10029000A7FA41EC1A0B761CB6B2A642E6D348EC9C
:1002A000107B51EC1A0B53EC102B10F055FB10F097
:1002B00065FA82466BEE0B0A00EE10AAB4EEE00A75
:1002C000F1EE10FA06DD00200DF5806DBDEC088B17
:1002D000BDE8F0870020E9460AE000BF05EB800199
:1002E00091ED0B0A09EB8001401C81ED000A80B200
:1002F000A042F3D321464846FFF702FFA708E01BC0
:1003000086B2BE4201D800272646002080460FE074
:1003100059F8270011F016F953EC182B10F060FA79
:1003200041EC180B08F1010080B27F1C8046BFB27F
:10033000B742EDD3B8F1000F0BD010F01DFD41EC2A
:10034000100B51EC180B53EC102B10F005FB41EC8B
:10035000190B51EC190B10F011FA00EE100A61089C
:1003600009EB810085ED070A90ED000A85ED080A8A
:1003700000EE10AAFFF7E2FE85ED060A95ED070AEA
:10038000042085ED020A9FED060A85ED010A28800A
:1003900001200DF5806D99E70000000000000000CD
:1003A0000000000072B60A4845F255510160032171
:1003B00041604FF47A7181604AF6AA2101604CF6DF
:1003C000CC410160BFF34F8FBFF36F8F0DF034FC52
:1003D00000300040002807D0044A0168914203D150
:1003E0000022CA60006802617047000000000140FE
:1003F0002DE9F04FFE48A1B0D0F8E002FD4FC0F368
:10040000400AB7F8980201280BD0022809D0002131
:10041000F94D286A50B1006840B1BAF1000F02D01E
:1004200004E00121F4E709B1012600E00026F8F715
:10043000CBFB02900CF0AEF9F04801688CB240F2B0
:10044000E2418C4200D20C46B0F808904FF0000B0D
:10045000CDF858B0CDF85CB0CDF860B01C210BA839
:10046000CDF864B0F0F74EFA142106A8F0F74AFA76
:10047000E1484569C5E901BB286801F01DFCCDE9EB
:100480001E0102460B46DE480021EFF7B3FF80460F
:100490004FEA590001906043CDE9040BDDE91E01EC
:1004A0006A680023521CEFF7A5FF0190002E7DD053
:1004B000B7F89812D348022900D140100499B0FB34
:1004C000F1F0401EC5E9030B8020A861284604F026
:1004D000BDFD08B101F0BEF920201A9080201B90CC
:1004E0001AA9284604F03CFD08B101F0B3F94FF415
:1004F0008050169016A9284604F0DBFF08B101F0E1
:10050000A9F9284605F0C2F908B101F0A3F9702055
:100510000B90E8680022401E0C9002200D900BA961
:10052000CDF83CB0284605F04BF908B101F092F93E
:10053000AE21B1FBF8F0401C0C9008220BA9284614
:1005400005F03EF908B101F085F960209A210B9081
:10055000B1FBF8F0401CCDE90C0BD8460C220BA9DE
:10056000284605F02DF908B101F074F9284605F088
:10057000A7F85FEA0A00DFF890A2DFF890B225D072
:100580002868504515D0B0F1804F12D0584510D092
:100590009F4988420DD09F4988420AD09E4988428F
:1005A00007D09E49884204D09D4900E007E0884278
:1005B0000CD1CDF8188006A9CDF81C8022E00023CC
:1005C0001946049AEFF716FF401E7BE706B328682A
:1005D000504513D0B0F1804F10D058450ED08C4903
:1005E00088420BD08B49884208D08B49884205D07D
:1005F0008A49884202D08A49884209D10720CDE938
:10060000060806A9284605F014FA08B101F022F9F7
:100610002868016821F0080101600298B4FBF0F03D
:1006200000FB09F0400800D10120DFF8CC91401E0A
:10063000D9F81C20D060D9F81C0004F007FD08B1DF
:1006400001F008F936B3D9F81C502868504513D08A
:10065000B0F1804F10D058450ED06D4988420BD074
:100660006C49884208D06C49884205D06B49884261
:1006700002D06B4988420DD1142104A8F0F742F949
:100680000720CDE9040804A9284605F0D2F908B1ED
:1006900001F0E0F858488569F5B32868E0B3002E0A
:1006A0007ED0504513D0B0F1804F10D058450ED0B9
:1006B000574988420BD05749884208D0564988424A
:1006C00005D05649884202D0554A904268D1B7F8C1
:1006D00098024FF0010902287DD04A48CDE906086A
:1006E000C5E9018822460023DDE90601EFF782FE15
:1006F000401EC5E903082846C5F8188004F0A6FC8A
:1007000008B101F0A7F8B9F1000F0FD0142104A827
:10071000F0F7F8F8072000E008E0CDE9040804A9A4
:10072000284605F086F908B101F094F8CEB3B7F881
:100730009802012878D14546CDF820801C216846D2
:10074000CDF82480F0F7DEF82B4E346A206801F0F3
:10075000B3FACDE90A016560A560DDE90A01294A1D
:100760000023EFF747FE401EC4E903052046A561BC
:1007700004F06CFC08B101F06DF820200890802096
:10078000099008A9204604F0EBFB08B101F062F8DB
:1007900017480BF0C3FF60200090E068400801E0BC
:1007A0004CE01BE0CDE90105728E6946204605F05C
:1007B00007F808B101F04EF8204604F081FF20460A
:1007C000FFF708FE718E306A05F0F4F8306A04F025
:1007D00045FE204600E03CE0FFF7FCFDB7F898023C
:1007E000012838D10F48B0F85E10002933D11CE041
:1007F00090B90020709F002040A6002090B10020FA
:1008000000CA9A3B00881300000001400004004029
:1008100000080040000C004000040140004001407E
:10082000001800407029002015E090F87C00002896
:1008300011D121B0BDE8F04F0CF0A0B84FF0000985
:1008400001F03AFACDE90601C5E901882246002304
:100850004AE7024842E721B0BDE8F08F00C4090032
:1008600000B589B0AD208DF800008E208DF8010014
:100870000C48806A0B49CDF80200142214310DF1A6
:100880000600EFF75CFF30208DF81A00DA208DF8B3
:100890001B008DF81C001D2269460348F2F7E0FAA0
:1008A00009B000BD40BC0020082D002070B502F04A
:1008B000F9F80F4C42F2107304F18001627A32B100
:1008C0000C4AB2F85E2012B1CA6A2AB106E00022D0
:1008D000E2761844C86270BDC218CA62851AFAD49A
:1008E0000125E5761A44841AFCD5CA6270BD000061
:1008F00098010020702900202DE9F041354C86B088
:10090000A66C354D2888042811D00027E07A4FF0D6
:10091000000880B1E06CB04243D019212F48F2F7B3
:10092000C9FB30B14FF0FF3006B0BDE8F0810127C0
:10093000ECE784F80B8095ED020AD5ED010A95ED00
:10094000031AE88C70EE600A95ED060AADF8140003
:10095000AD208DF8000082208DF8010010EE900A85
:100960008DF80270CDF8030010EE100A1322CDF8B6
:10097000070011EE100A6946CDF80B00BDF814000F
:10098000ADF80F00DA208DF811008DF81200134831
:10099000F4F7FBFE10B16FF00100C5E70120E6643B
:1009A000E0720F48D0F80C0920B10C48FAF792FD1C
:1009B000401C07D019210948F2F77CFB28B16FF0E1
:1009C0000300B1E76FF00200AEE784F80B8000206F
:1009D000AAE700009801002010A20020082D0020A6
:1009E000083D00202DE9F04F2DED028B8DB002F077
:1009F00059F89FEDB18AF5F7A5FFB04FDFF8C0B207
:100A0000B04C00BF02F04EF802900390DBF848A013
:100A10004FF0140902F046F8A0F114060096E08C9D
:100A2000019020884FF00008042851D1DFE000BF7A
:100A300002F038F80546B7F8B002C0067ED5DBF8FC
:100A400048108A45DED1B8F1000F0AD1A91B4945EB
:100A500007D39D48FFF7B2FA10B94FF0010800958F
:100A60002E46E18C0198814206D0E08C4FF00008C0
:100A70004FF01409019014E0B8F1000F11D0009864
:100A8000281AB0F5FA7F0CD34FF00008B9F1A00F87
:100A900006D24FEA4909B9F1A00F01D94FF0A009D8
:100AA0002E460298291A8948814205D20398291AAC
:100AB00043F69820814201D308202080208808280E
:100AC0003CD0F2F73BF9FEF705FB012001F074FD85
:100AD00020880028ACD00020009001F0E3FF0190B6
:100AE00003908046E68C6CE001F0DCFF0546B7F829
:100AF000B002C006A2D52088002883D0DBF84810B9
:100B00008A459FD120880828DAD0E08CB0420ED0E8
:100B1000208801280BD1E68C002000904FF01409AA
:100B20004021B0EE480A03956648FFF761FB208834
:100B3000042849D0009898B1019800E0B4E0281A40
:100B4000B0F5FA7F26D300200090B9F1A00F06D2AD
:100B50004FEA4909B9F1A00F01D94FF0A009A84601
:100B6000A5EB0801494515D3E08C50B9029841F234
:100B70008831281A884204D955495348FFF7A6F905
:100B800003E053495048FFF741FA10B90120CDE97D
:100B90000005A8460298291A4C48814205D20398BC
:100BA000291A43F69820814201D30820208020880A
:100BB00008287AD0F2F7C2F8FEF78CFA012001F08B
:100BC000FBFC208804288FD15FF0000594ED020A19
:100BD000D4ED010A3E4830EE600AFCF753FE30B116
:100BE000022001F0E9FC6D1CEDB2032DEED3394873
:100BF000B0F89802012852D1002208A9344803F025
:100C0000FDFB002207A9324803F0D6FB0026032291
:100C1000694631480096FEF7B0FA2F48FAF77AFD98
:100C2000192001F0C9FC3C248DF800408A208DF881
:100C300001000798CDF80200142208A90DF1060062
:100C4000EFF77DFD3E258DF81A501B22694622489C
:100C5000FEF793FA2048FAF75DFD0C2001F0ACFC9A
:100C60001B2269461C48FEF788FA1B48FAF752FD1A
:100C70008DF8004082208DF8010001208DF80200DF
:100C800081208DF803008DF804608DF80550062250
:100C900069461148FEF771FA0F48FAF73BFD0DB0AF
:100CA000BDEC028BBDE8F08FFFE70DB0BDEC028B11
:100CB000BDE8F04FF5F79ABD6F12833A085D00204A
:100CC0009801002010A20020082D002020BF020063
:100CD000A42B0120709F0020706F002010B50446E7
:100CE0000C4820604FF49640606000204FF4806113
:100CF000A060C4E903010C21C4E90510E0612046AD
:100D000004F016FF08B100F0A5FD2046BDE8104034
:100D1000F8F792BA0010014010B504460B48206065
:100D20004FF4964060600020A0600C21E060C4E9B0
:100D30000401A061E061204604F0FAFE08B100F071
:100D400089FD2046BDE81040F8F776BA0010014052
:100D500010B5040003D011B1F4F717FD10B14FF036
:100D6000FF3010BD2046FAF7B5FB401C04D02046EA
:100D7000BDE81040FAF7CEBC6FF0010010BD00785E
:100D800031F9100000EE100AB8EEC00A82ED000A38
:100D900070470378407831F9133031F91000181A90
:100DA00000EE100AB8EEC00A82ED000A704710B5D6
:100DB00043780478807831F9133031F9144031F9EF
:100DC0001000C3EB4403181A00EE100AB8EEC00A74
:100DD00082ED000A10BD0000D1F8802005493AB12B
:100DE000012A02D0022A03D101E0034900E00349AD
:100DF000016070477F0D0308930D0308AF0D0308D2
:100E00002DE9F04F804640F2E240020187B00C46E7
:100E1000814202D20446002604E00026944201D317
:100E200010260BE062082C4B102500BF53F825401C
:100E3000944201D82E4601E06D1EF7D5814201D2C1
:100E4000044600E00C4625490020C8F80410CDE90E
:100E50000000234801684FF0000919B14FF0FF303E
:100E6000014623E00021CDE9021107894FF0040B70
:100E7000CDF804900FB1402F00D94027FF22082160
:100E80001848EFF715FD00250DF1040A02AB3A46AC
:100E900059462846CDF800A0F5F718FF6D1C022D25
:100EA00002D201980828F1D3DDE90201CDE9000161
:100EB00008F108000690DDE90001CDE90401CDE963
:100EC00000490823084A02960849094808F046FFE5
:100ED00007B0BDE8F08F0000602D040870290020E5
:100EE00090B10020A002002000000240CC2C012084
:100EF0001C2C012070B5044615466618106804E0E5
:100F000014F8011B80B20CF04FFDB442F8D32860F6
:100F100080B200210CF048FDBDE8704000210CF0CB
:100F200043BD0000F0B5002247E000BF02EB4201E4
:100F300000EB810500EB820395ED601AD0F8407359
:100F4000D3F80013F0EE400A21EE000A0E46012409
:100F500057F8227016E000BF05EB840E05EB810CFC
:100F60009EED601ADCED001A9CED302A491E21EE40
:100F7000211ADEED901A01EEC21A31EE000A00D5F8
:100F80003944641CA742E7DC761CC3F80063D0F840
:100F9000401351F82210B14201DD314602E0002138
:100FA000C3F8001305EB8101521CC1ED000AD3F810
:100FB000001305EB810181ED300AD0F84413914212
:100FC000B4DCF0BD2DE9F04F93468A460022DDF8EF
:100FD00024E025E002EB420400219FED140A89463B
:100FE00000EB82070BEB84060AEB840500EB840C14
:100FF0000CEB810406EB810884ED000A84ED300AD5
:10100000C7F80093D8ED000A05EB8108C4ED900AFB
:10101000D8ED000A491CC4ED600A0329E8DB521C24
:101020009A42D7DBC0E9D0E3BDE8F08F00000000B2
:10103000002141634FF4006181627047F0B50DF10A
:10104000140EDDE908549EE8C0104A43426201FBD9
:1010500003F2026201FB06F34FF47A72B3FBF2F380
:10106000C36001FB07F3B3FBF2F3036101FB0CF375
:101070006943B3FBF2F6B1FBF2F1C0E90161B3FBE6
:10108000F2F101600021C16280ED060A9FED030AC2
:10109000416380ED050A84638162F0BD00000000B9
:1010A00010B50446806A010556D5010454D4810464
:1010B00046D4C10427D5636A626B9A423CDB216A3D
:1010C0000B4493420CDD00EE901AF8EEE00A80EE3D
:1010D000201A94ED070A31EE000A84ED070A2BE08E
:1010E00094ED070AD4ED060A20F4805040F4005035
:1010F00020EE200A84ED050AA0620020E06220466E
:10110000F2F7AAFD18E0626A616B91420CDB20F4F1
:1011100080409FED160A40F4805084ED070AA062DB
:101120002046F2F749FF07E0410405D440F480402F
:10113000A0622046F2F7BEFF606B401C60630BE0CC
:10114000D4ED050AC10709D0F4EEC00AF1EE10FA99
:1011500002DD20F00100A062A06A10BDF4EEC00A1A
:10116000F1EE10FAF8D240F00100F4E700000000C0
:10117000014801F0A1B80000AC3201202DE9F04196
:101180006449012251F8580F0B7902FA03F3836086
:101190000C79042303FA04F484600D79082404FA1A
:1011A00005F585600E79202505FA06F68660097931
:1011B000102606FA01F18160574850F8581F077948
:1011C000BA408A60027993408B60027994408C60C7
:1011D000027995408D60007986408E604F4C616B3E
:1011E000A06A2268401AA062E06A0844E062636E66
:1011F000606B04F16001A56E0544A566A56E9D4275
:1012000006D38D68B5FBF3F68D6806FB13558D602C
:101210008E6A0B46CD6A361845F100058E62CD62A6
:101220005FF0000503EB850616F1180656E8007F0F
:10123000074446E8007CBCF1000FF7D16D1C032D7C
:10124000F0DBA06A20B12046BDE8F0410BF078B891
:10125000207920F0040020712068006800E000BFC1
:1012600083689B07FBD51068036823F04003036085
:101270001068436823F003034360D06C0068036880
:1012800023F001030360906C0068036823F00103FE
:1012900003601068026842F040020260E26A40F6B1
:1012A000F41002F6F412E2624A688B6803F6F41353
:1012B0008B608B68934206D38B688D68B3FBF2F327
:1012C00003FB12528A608B6ACA6A40F6F4155B19F6
:1012D00042F100028B62CA625FF0000201EB8203FE
:1012E00013F1180353E8005F054443E80056002E4D
:1012F000F8D1521C032AF1DB2046F4F7EFFBFCF790
:101300004FF9F4F7E7FB2046BDE8F04103210EF06A
:10131000B3BA00002C3101208C31012038C30020E9
:1013200070470000094810B5016800290CD0806D95
:10133000002809D00648F9F721FF002804D1BDE8AC
:1013400010400348FDF730BC10BD0000CC33012035
:10135000706F0020014800F0AFBF00000C3001208A
:1013600070B50F4EB46D256896F85C10102088405B
:10137000284205D0A1680143A1600A48EFF78EFD1D
:1013800096F85C1020208840284207D0A1680143CD
:10139000A160BDE870400348EFF780BD70BD00005C
:1013A0000C33012090C200202248012250F8581F1F
:1013B00003799A408A60037904229A408A6003790B
:1013C00008229A408A60037920229A408A60027932
:1013D0001020904088601848036B426A0168D21A56
:1013E0004262C26B1A44C263826A1AB10CF0F2BA4A
:1013F00000BF00E0086882689207F9D508680268B3
:1014000022F0400202600868426822F00302426053
:10141000C86C0068026822F001020260886C0068F3
:10142000026822F0010202600868016841F0400190
:10143000016070478C31012038C3002070470000E4
:1014400070B50F4EB46D256896F85C10102088407A
:10145000284205D0A1680143A1600A48EFF71EFDAC
:1014600096F85C1020208840284207D0A1680143EC
:10147000A160BDE870400348EFF710BD70BD0000EB
:101480006C33012090C200207047000010B504F0BA
:10149000CFFD0B49002806DD887C00280FD00846C8
:1014A000F7F79FF806E00ADA887C002807D004489E
:1014B000F7F7A1F8BDE810400320FDF71DBF10BDF0
:1014C0007029002070470000094810B50168002904
:1014D0000CD0806D002809D00648F9F74FFE00288F
:1014E00004D1BDE810400348FDF75EBB10BD00000D
:1014F000EC340120706F00200148F9F73FBE000076
:10150000082D002001681823CAB2103AB2FBF3F28A
:10151000054B6FF30901032A9B5CC36500D9091DC4
:1015200081650846704700009430040810B50146F4
:1015300000208B698A6A4FF0C07453B1B3F5005F25
:1015400015D072B1012A0CD0022A0AD0032A09D17F
:1015500004E01AB1012A06D0022A03D1C96AC901DE
:1015600000D5012010BDC96AA142FAD010BD002AE1
:10157000F7D0012AF2D0022AF3D0032AF3D010BD0B
:1015800030B50468256825F480252560046863600B
:101590008368402B036803D099600068C26030BD47
:1015A0009A600068C16030BD704700002DE9F05FAF
:1015B000FCF730FDDFF8E4900646D9F80000384F1C
:1015C000DFF8E080384C00054FF0010A4FF00005CD
:1015D00048D54FF4006BC9F800B0B7F8980230B99D
:1015E0005946324801F04CFA08B984F804A0B7F81B
:1015F000980201280BD0D8F8E0124046490706D5DA
:10160000D0F8E01221F00401C0F8E012E57059466C
:10161000264801F035FA0100234800F1800007D088
:1016200094F82810F1B1416D8E420CD3711A0DE07F
:10163000466584F828A0D8F8E01221F00401C8F823
:10164000E012E5700EE01A4A511A31440F2906D310
:10165000D8F8E02222F00402C8F8E022E5704565DF
:1016600084F82850D9F800104846C90414D54FF41E
:1016700080510160B7F8980200280DD10B4801F0A5
:10168000FFF9002808D184F804A0D8F8E01221F06E
:101690000401C8F8E012E570BDE8F09F143C014079
:1016A000709F002090B900209801002000000240A7
:1016B000005C260504480168890703D50221016002
:1016C000F5F7B6B870470000143C0140114810B55A
:1016D000016849071CD50421016001F0E3F90E49B6
:1016E000C1F8E4020D4CB4F8B002C00605D5F1F71C
:1016F000B1F910B10A4901204870F2F797FDB4F82A
:10170000B002000404D4BDE810400648F7F78DBDD0
:1017100010BD0000143C014090B90020085D00207D
:1017200098010020082D002004480168090703D50E
:1017300008210160FBF73CBC70470000143C0140ED
:101740000B480168C90611D510210160094941F211
:101750008832086D90FBF2F302FB1302401C08650F
:10176000002A03D10449012081F8100370470000CA
:10177000143C01401802002090B9002070B52F4E93
:1017800030682F4C80064FF0000538D5202030609F
:101790002C48808D012811D0022825D094F82600ED
:1017A000401CC0B284F82600052828D90122022155
:1017B0000520F8F783FDF9F785F910E01422224996
:1017C0002048F9F7F3F850B194F82600401CC0B255
:1017D00084F82600052812D901220321E8E784F8BD
:1017E000265084F827500AE094F82700401CC0B225
:1017F00084F82700052802D901220521D8E730689E
:1018000000060BD58020306001F040F80F48D0F87A
:10181000E01221F00401C0F8E012E5703068C00564
:1018200005D54FF4807030600948F7F7FFFB30684A
:10183000800502D54FF40070306070BD143C01404B
:101840009801002018C2002024B0002090B9002088
:10185000082D00200C48026842F0805202600068A7
:101860000A48026842F4807202600068094A084827
:101870001060084808380160BFF34F8F72B600BF90
:10188000FEF7F6F8FCE70000403802400070004028
:101890002152524584280040002229B101291AD042
:1018A00002291BD04FF440720E490B6823F4407399
:1018B0000B600B6813430B600A6822F078020A6021
:1018C0000A68022303EBC00002430A60086840F480
:1018D0008030086070474FF48072E5E74FF4007283
:1018E000E2E70000103C02401348016889050FD56B
:1018F000016821F400710160016841F40061016038
:10190000016821F400610160016841F40071016027
:10191000016849050FD5016821F480610160016803
:1019200041F480510160016821F480510160016837
:1019300041F4806101607047003C024010B586B000
:101940000C46B0F1006F20D312498C421DD8A04242
:101950001BD800F021F80346204600F01DF8591C62
:1019600013D0411C11D00021C01A00910221401C4B
:101970000293CDE9030100F0C5FE05A9684600F019
:101980002DFE044600F076FE14B1012006B010BD15
:101990000020FBE7FFFF1708A0F10061B1F5C01FB1
:1019A00002D34FF0FF3070474FF48042914201D292
:1019B000002070472C490144914201D20120704718
:1019C0002A490144914201D202207047284901442A
:1019D000914201D20320704726490144B1F5803F6E
:1019E00001D204207047244942184FF400318A4242
:1019F00001D205207047214A02448A4201D20620C2
:101A000070471F4A02448A4201D2072070471D4A8C
:101A100002448A4201D2082070471B4A02448A428B
:101A200001D209207047194A02448A4201D20A2091
:101A30007047174A02448A4201D20B207047A0F136
:101A400001628A4201D20C207047124A02448A4243
:101A500001D20D207047104A1044884201D20E2056
:101A600070470F207047000000C0FFF70080FFF7AD
:101A70000040FFF70000FFF70000FEF70000FCF752
:101A80000000FAF70000F8F70000F6F70000F4F79E
:101A90000000F2F70000EEF70000ECF72DE9F84344
:101AA00004460E461546800702D00420BDE8F883A0
:101AB0006EB1B4F1006F0AD31C48844207D842B11A
:101AC000EA1C22F003012144491E814201D903206E
:101AD000ECE700F017FE4FF0FF3820E0CDF8008073
:101AE000042D01D3042700E02F463A4631466846CC
:101AF000EEF725FE002321460220009A00F0C4FDE7
:101B000010B100F0B7FDE2E720680099884203D0E9
:101B100000F0B0FD0220C9E7ED1B3E44241D002D5E
:101B2000DCD100F0A7FD0020C0E70000FFFF170890
:101B300008490A6822F440720A600A6842F0040206
:101B40000A600A684FF4803343EA002002430A60C7
:101B500070470000103C0240064A136823F44073AB
:101B6000136013681360136843F00103136001707E
:101B700070470000103C0240094910B50C6824F47D
:101B800040740C600C6844F440740C600C6844F0C1
:101B900001040C600260BFF36F8F436010BD000052
:101BA000103C0240074A136823F440731360136823
:101BB00043F480731360136843F0010313600180E2
:101BC00070470000103C0240074A136823F440733A
:101BD0001360136843F400731360136843F0010348
:101BE0001360016070470000103C02401C49086807
:101BF000C2061C4805D5C26942F01002C26110221B
:101C00000A600A68920605D5C26942F00802C261FC
:101C100020220A600A68520605D5C26942F0040211
:101C2000C26140220A600A68120605D5C26942F004
:101C30000202C26180220A600A68D20506D5C26922
:101C400042F00102C2614FF480720A600A68920792
:101C500005D5C26942F02002C261022008607047C7
:101C60000C3C02400C06002070B5114904460020CF
:101C7000C86100F017FF06460E4D09E0601C07D052
:101C800024B100F00FFF801BA04201D9032070BDDA
:101C90002868C003F2D42868C00701D0012028605A
:101CA000286810F4F970F2D0FFF7A0FF012070BD92
:101CB0000C0600200C3C024010B50F490F4C884226
:101CC0000BD00F49884208D00E49884205D00E49F2
:101CD000884202D00D49884205D102F06BF8216894
:101CE00001F4604104E002F055F8216801F4E0518C
:101CF00001B14000002110BD000001400838024041
:101D000000040140004001400044014000480140FF
:101D100070B590F83C206A4D012A19D0012280F854
:101D20003C200A6807230468092A13D9E6680A3A9E
:101D300002EB420293409E43E6600A788B680A3ABF
:101D400002EB420293400268D4682343D36010E060
:101D5000022070BD266902EB420293409E43266139
:101D60000B788A6803EB43039A4003681C6922439B
:101D70001A610268936B23F4401393630268936BB8
:101D80000C8A504E06EB0454234393630A790B7C70
:101D9000D21AD21C02EB82021F2393400268946B7A
:101DA0009C4394630A790B7CD21AD21C02EB820307
:101DB0000A8892B29A4003689C6B22439A638A69AC
:101DC000AA420268936823F47023936002689368C0
:101DD0000CD08C69234393600268936823F440130A
:101DE000936002689368CC69234301E023F44013B5
:101DF00093604A7D002A0268536802D043F48063EE
:101E000001E023F4806353600A7D002A026853686E
:101E100002D043F4805301E023F4805353604A68B6
:101E2000012A16D0022A1FD0032A026827D0136A7B
:101E30006FF30B0313620268136ACC6823431362C7
:101E4000224B0468204A9C4227D10C68122C20D0D7
:101E500023E0026853696FF30B035361026853690F
:101E6000CC6823435361EBE7026893696FF30B037C
:101E7000936102689369CC6823439361E0E7D36977
:101E80006FF30B03D3610268D369CC682343D3613A
:101E9000D6E7546844F48004546004689C420AD134
:101EA0000968A1F18053123B01D0112903D1516877
:101EB00041F400015160002180F83C10084670BDDB
:101EC00001000F000000F0FF00230140002001404E
:101ED00078B50024009490F83C20012A19D0012202
:101EE00080F83C200A6807230568092A13D9EE68A0
:101EF0000A3A02EB420293409E43EE600B788A68F6
:101F00000A3B03EB43039A400368DD682A43DA6027
:101F100010E0022078BD2E6902EB420293409E43FE
:101F20002E610B788A6803EB43039A4003681D69AE
:101F30002A431A614A681F23072A13D205686E6B69
:101F4000521E02EB820293409E436E630A8893B254
:101F50000A79521E02EB820293400268556B2B43B2
:101F6000536327E005680D2A12D22E6BD21F02EBB5
:101F7000820293409E432E630B790A88DB1F92B244
:101F800003EB83039A4003681D6B2A431A6311E035
:101F9000EE6A0D3A02EB820293409E43EE620B79A9
:101FA0000A880D3B92B203EB83039A400368DD6A13
:101FB0002A43DA621B4B0568194A9D420AD10D6813
:101FC000122D07D1556825F400055560556845F474
:101FD0008005556005689D421DD1134D0B68AB42CD
:101FE00001D0112B17D1536823F480035360536839
:101FF00043F4000353600968A9420CD10B490C4A11
:102000000968B1FBF2F101EB8101490000E0491ED2
:1020100000910029FBD180F83C40002078BD0000F1
:10202000002301400020014012000010380600206B
:1020300040420F0070B504000FD0206C40F0020049
:1020400020642068816821F0010181602068806837
:102050004FF00005C00702D006E0012070BD204609
:1020600000F030F865642564284684F83C5070BD63
:1020700070B504004FF0000503D0206C002610B1AD
:1020800007E0012070BD204600F03CF8666484F84B
:102090003C60206CC00610D4206C20F4885040F0C6
:1020A000020020642046EEF7FFFD6664206C20F0FD
:1020B000020040F00100206400E0012584F83C604B
:1020C000284670BD10B500680A49884211D10A48F7
:1020D000016821F4807101600121084800F028FBAB
:1020E0000121074800F024FBBDE81040122001F058
:1020F000DEBA10BD0020014044380240000002401A
:102100000004024070B586B0044614216846EEF71C
:10211000F9FB1D492068884233D11C48002401681E
:1021200041F480710160006800F4807005901748E8
:102130001438016841F001010160016801F00101FA
:102140000591016841F0020101600068012500F07D
:102150000200009505900326CDE9016469460C480C
:1021600000F0A0FB0095CDE901646946094800F044
:1021700099FB00220721122001F0B8FA122001F089
:10218000A7FA06B070BD00000020014044380240AC
:1021900000000240000402402DE9F0410446876D32
:1021A00000F080FC064694F835000025022806D091
:1021B0008020606584F834500120BDE8F0812068FB
:1021C000016821F0160101602068416921F0800159
:1021D0004161206C08B9A06C20B12068016821F031
:1021E000080101602068016821F0010101600CE034
:1021F00000F058FC801B052807D9202060650320CB
:1022000084F8350084F83450D7E720680068C007A8
:10221000EED194F85C103F208840B860012084F82B
:10222000350084F834500020C7E790F835100229B3
:1022300003D08021416501207047052180F83510C9
:102240000068016821F0010101600020704770B54D
:1022500004002BD094F83500022826D020680168AD
:1022600021F00101016020680025056020684560BB
:10227000206885602068C56020680561216821208C
:1022800048612046FFF73EF9E56325646564A5646F
:10229000E564256594F85C203F2191408160656587
:1022A00084F8355084F83450002070BD012070BD92
:1022B00090F83500704700002DE9F84304464FF0D0
:1022C0000009CDF8009063484FF41651A56D0068E1
:1022D000B0FBF1F72E6894F85C10082000FA01F1C9
:1022E00031420FD021680A6852070BD50A6822F0E4
:1022F00004020A6094F85C108840A860606D40F0A9
:102300000100606594F85C104FF0010808FA01F0D4
:10231000304208D021684969090604D5A860606D7B
:1023200040F00200606594F85C1004208840304260
:1023300008D021680968890704D5A860606D40F05D
:102340000400606594F85C1010208840304218D07A
:1023500021680968090714D5A86020680168490345
:1023600004D50068000308D5A16C07E00168C90521
:1023700003D4016821F008010160216C09B12046F5
:10238000884794F85C1020208840304231D0216882
:102390000968C9062DD5A86094F83500052820687D
:1023A000016806D0490347D5006800031DD4616C5D
:1023B0001CE021F0160101602068416921F08001D4
:1023C0004161206C08B9A06C20B12068016821F03F
:1023D0000801016094F85C103F208840A86084F8F0
:1023E000358084F83490216D1FE0E16B09B12046FF
:1023F0008847606D00282BD0606DC00714D0052081
:1024000084F835002068016821F00101016000981E
:10241000401C0090B84203D820680068C007F6D17D
:1024200084F8358084F83490E16C002910D001B034
:102430002046BDE8F04308470168C905D5D40168C6
:1024400021F01001016084F8358084F83490CCE7E5
:10245000BDE8F883380600202DE9F041044600F07D
:1024600021FB06465CB1022084F83500002584F883
:1024700034502068016821F0010101600DE0012065
:10248000BDE8F08100F00EFB801B052805D9202057
:102490006065032084F83500F2E720680068C00713
:1024A000F0D12268116820480140D4E901031843A3
:1024B000D4E903363343184363691843A3691843C7
:1024C000E3691843236A18430843616A042903D166
:1024D000D4E90B1319430843106020684069666A09
:1024E00020F0070130460E43012704280CD1A06AD2
:1024F0000643E06A40B12046FFF718F820B14020BB
:10250000606584F83570BAE7206846612046FEF7BA
:10251000F9FF94F85C203F2191408160656584F863
:1025200035700020ACE700003F8010E070B5044635
:1025300090F83400002501280CD0012084F83400E4
:1025400094F835600020012E06D084F8340002256E
:10255000284670BD022070BD022684F83560606593
:102560002046FFF70DF82068016841F00101016085
:10257000EEE700000D4910B56FF49A3008600020B6
:102580000860091D0A4A0A6008600849094A1039AA
:102590000A600860C022091D0A6008600322091D44
:1025A0000A60086001F04AF8002010BD203802409F
:1025B000F3795703FF10600070B5044600F072FA1B
:1025C0000546601C02D004480078044400F06AFA12
:1025D000401BA042FAD370BD2C0600202DE9F04725
:1025E000044622480F46017E01290AD00121804677
:1025F00001764CF250394846FFF736FB020003D013
:102600002FE00220BDE8F0874FF0FF3038602068EF
:10261000174D012801D0A6681CE0207C6168FFF7F7
:1026200087FA4846FFF720FB0246286820F004009E
:10263000286014E0217C3046FFF72EF94846FFF76A
:1026400013FB0200286820F07A00286001D03E6069
:1026500005E0761CD4E902100844B042EAD8FFF73E
:1026600043F9002188F818101046CBE70C0600202B
:10267000103C02400348016841F000410160002025
:1026800070470000103C02402DE9F0471B4E054604
:102690001446307E1F468946012808D00120307636
:1026A0004CF250384046FFF7DFFA18B114E0022030
:1026B000BDE8F0879DB1012D16D0022D19D022461C
:1026C0003B464846FFF758FA4046FFF7CDFA0C491B
:1026D0000A6822F001020A6000213176E8E7E1B2DF
:1026E0004846FFF739FAEFE7A1B24846FFF75AFA32
:1026F000EAE721464846FFF767FAE5E70C060020BF
:10270000103C0240074900200A68002A09DA054AFD
:10271000054B0C3A1360054B13600968002900DA79
:1027200001207047103C024023016745AB89EFCD83
:102730002DE9F04F0022DFF82CB101264FF00F09F0
:1027400006FA02F401EA0403A3427DD122F0030752
:102750005F44D7F8088895074FEA157C09FA0CFA08
:102760000AEA0805DFF80081404502D14FF0000871
:102770002BE0DFF8F880404502D14FF0010824E05B
:10278000DFF8EC80404502D14FF002081DE0DFF891
:10279000E480404502D14FF0030816E0DFF8D8800E
:1027A000404502D14FF004080FE0DFF8D0804045EB
:1027B00002D14FF0050808E0DFF8C480404502D19F
:1027C0004FF0060801E04FF0070808FA0CF8A8459A
:1027D00022D12C4DD5F800C02CEA030CC5F800C05E
:1027E0002D1DD5F800C02CEA030CC5F800C0254DFE
:1027F0000C35D5F800C02CEA030CC5F800C02D1F1D
:10280000D5F800C02CEA030CC5F800C0D7F808586A
:1028100025EA0A05C7F80858056857000323BB4096
:102820009D430560D50800EB8507D7F820C0550704
:102830004FEAD56809FA08F52CEA050CC7F820C05C
:10284000C5689D43C56000E005E04568A543456057
:1028500084689C438460521C102AFFF471AFBDE869
:10286000F08F0000003001400000024000040240F0
:1028700000080240000C0240001002400014024018
:1028800000180240003C014070470000044910B5A8
:102890000A68024202D00860FFF7F6FF10BD000090
:1028A000143C01402DE9F84FDFF8ACA100220124CF
:1028B00003254FF00F090AF1040BAAF1040E00BF23
:1028C0000B6804FA02F63340B3426ED10F7907F079
:1028D0000307012F01D0022F16D187684FEA420863
:1028E00005FA08FC27EA0C07D1F80CC00CFA08FC22
:1028F0004CEA070CC0F808C04768B7430E79C6F326
:10290000001696403E4346600E79F643B6070AD05D
:10291000C6684FEA420C05FA0CF7BE438F6807FA07
:102920000CF73743C7600E7906F00306022E10D16C
:10293000D60800EB8608D8F8206057074FEAD76C16
:1029400009FA0CF7BE430F6907FA0CF73743C8F8CA
:10295000207006684FEA420C05FA0CF7BE430F7967
:1029600007F0030707FA0CF7374307604E6816F4C1
:10297000403F6BD0394E376847F480473760366840
:1029800022F0030706F480460096354E07EB060C4E
:10299000DCF8086897074FEA177809FA08F7BE438A
:1029A000304FB84202D100271FE04FE02E4FB8420F
:1029B00001D1012719E02D4FB84201D1022714E0BF
:1029C0002B4FB84201D103270FE02A4FB84201D163
:1029D00004270AE0284FB84201D1052705E0274F18
:1029E000B84201D1062700E0072707FA08F7374366
:1029F000CCF80878DAF800605746D1F804C09E4356
:102A00005FEACC2C00D51E433E60DBF800605F46D9
:102A1000D1F804C09E435FEA8C2C00D51E433E6073
:102A2000DEF800607746D1F804C09E435FEA8C3C34
:102A300000D51E433E60084F083F3E68D1F804C0F1
:102A40009E435FEACC3C00D51E433E60521C102AD8
:102A5000FFF436AFBDE8F88F083C0140443802402F
:102A60000030014000000240000402400008024023
:102A7000000C024000100240001402400018024006
:102A80000069084000D001207047426921EA020332
:102A90000A4043EA0241816170470AB1816170478F
:102AA0000904FBE701488068704700002C060020FD
:102AB00001480078704700002C06002070B5040023
:102AC00004D094F84100002510B106E0012070BD4B
:102AD00084F84050204603F0BFF8242084F84100D9
:102AE0002068C16821F40051C16020460AF064FEEC
:102AF0002068016921F4904101612068416921F059
:102B0000220141612068416941F00801416120686A
:102B1000C16841F40051C1606564202084F841001F
:102B200084F842006563002070BD000007498842B8
:102B30000AD10749002088850648D0F8E01241F004
:102B40002001C0F8E0127047EFF7ECBE502B0120D7
:102B500018C2002090B90020704710B5040013D0AF
:102B6000242084F83D002068016821F00101016003
:102B7000204600F09DFC0020206484F83D0044F8CD
:102B8000300FA073207310BD012010BD90F83D10D0
:102B9000282901D00220704790F83D1090F83E207F
:102BA00001F003010A430263202180F83D10002157
:102BB00080F83E1050F8201B0A6822F480620A60F8
:102BC00050F8200C416821F44071416000207047AA
:102BD0002DE9F041016804464A694E6890F83E00CC
:102BE0000025D743FA0506D4F243D20503D46FF487
:102BF000807201254A61B90508D4F143C90505D49D
:102C000022686FF4007145F002055161790525D401
:102C1000F143C90522D4638D94F83D10226B20281E
:102C200008D13BB9212910D029290ED0282901D15A
:102C3000212A0AD022686FF48061516145F00405B1
:102C4000102806D0402804D008E0204608F02AFAD0
:102C500004E02068016841F400710160380508D47F
:102C6000F043C00505D421686FF4006045F0080505
:102C70004861002D07D0206C284320642046BDE821
:102C8000F04107F0ABBDBDE8F0812DE9F0470268E7
:102C900000215368C66A90F83E4090F83D50102CD1
:102CA00012D0402C10D0046C002C7DD05469E44329
:102CB000A6077AD4DE43B60577D4036C03B19169D5
:102CC000BDE8F04708F0CAB9976951694FF42A0C7A
:102CD000C9435FEAC1784FF02A4904D066452AD03B
:102CE0004E4528D010E0DE43B6050DD4C16A6145DB
:102CF00001D1012103E0C16A494501D10821C16226
:102D0000BDE8F04708F03EB80E0716D4DE43B6051E
:102D100013D4416CC9B21161416B09B1C96B29B9B6
:102D2000816B002907D0C96B002904D00068416875
:102D300041F400614160BDE8F0878E0706D4DE43B0
:102D4000B60503D4BDE8F04707F090BFFE435268D4
:102D500076074FEA02521DD4002AECDB0A0608D49B
:102D6000DA43520505D4490705D5BDE8F04707F019
:102D700021BF4907DFD4D9438905DCD4212D05D0F3
:102D8000402CD8D1BDE8F04708F042B8BDE8F04784
:102D900007F0CEBE002ACEDB4A060BD4DA4352053A
:102DA00008D4490708D501E00DE00EE0BDE8F04782
:102DB00007F044BE4907BED4D9438905BBD4BDE85A
:102DC000F04707F0CEBD916970E7E10606D4D9431C
:102DD000890503D4BDE8F04708F0ACB92821212DBE
:102DE00027D0292D25D0650655D4DD436D0552D455
:102DF000640752D590F83D30448D002C9BD0126969
:102E0000446A2270426A521C4262428D521E4285BE
:102E1000428D002A8FD12A2B8DD10268536823F46A
:102E2000806353602222026380F83D1000F0C6FBED
:102E300081E7250623D4DD436D0520D4640720D522
:102E400090F83D30448D002CF2D0446A247814610F
:102E5000426A521C4262428D521E4285428D002AB5
:102E6000E6D1292BE4D10268536823F480635360D0
:102E70002122026380F83D1000F0A1FB5BE76107AF
:102E8000D6D4D9438905D3D4418D0029D0D0416A05
:102E9000097811610AE06107CAD4D9438905C7D40A
:102EA000418D0029C4D01169426A1170416A491CE0
:102EB0004162418D491E41853DE70000064910B53C
:102EC000884208D1012203210520F7F7F7F9BDE870
:102ED0001040F7F711BE10BD502B012070B5040053
:102EE00025D094F83D00002520B984F83C502046B8
:102EF00000F004FB242084F83D002068016821F0E4
:102F0000010101602068016841F40041016020680E
:102F1000016821F40041016000F03CFF4D4A616806
:102F2000914201D84C4900E04C49884201D201202D
:102F300070BD4B492368B0FBF1F15E6826F03F0697
:102F40000E435E606368934206D94FF4967359430B
:102F50004FF47A73B1FBF3F12368491C1E6A26F023
:102F60003F06314319626168914210D84900401E02
:102F7000B0FBF1F2521CC2F30B02042A01D204206E
:102F800022E0B0FBF1F0401CC0F30B001CE0A26893
:102F9000F2B301EBC10303EB0116431EB3FBF6F3DF
:102FA0005B1C43F480431B0549D092B301EBC10283
:102FB00002EB0111401EB0FBF1F0401CC0F30B000E
:102FC00040F4804040F400402168CA694CF6FF7329
:102FD0009A431043C861D4E907100143206802688E
:102FE00022F0C00211430160D4E9030101432068CB
:102FF000826848F2FF339A4311438160D4E90501A6
:1030000008432168CA6822F0FF021043C86001E04B
:103010000EE016E02068016841F0010101602564BE
:10302000202084F83D00256384F83E50002070BDC8
:1030300001EB4106431EB3FBF6F35B1CB3E7012033
:10304000C2E701EB4101401EB0FBF1F0401CC0F3B0
:103050000B00B7E7A086010080841E0000093D0038
:1030600040420F007047704770470000084910B594
:1030700088420CD1074901208885F7F717F90649DE
:10308000BDE81040142201F11400EDF758BB10BD4B
:10309000502B012018C2002024B0002070470000EF
:1030A0002DE9FF4F83B09A46DDE911879346044628
:1030B000DDF84090FFF7F6FC054694F83D00202827
:1030C00070D11923012274492046009508F00CF9AB
:1030D0000028F5D194F83C00012863D0012084F841
:1030E0003C0020680168C90703D1016841F0010173
:1030F00001602068016821F400610160222084F8E9
:103100003D00402084F83E0000262664C4F8249048
:10311000A4F82A80608D20856048E062CDE90075C2
:1031200053465A462046049907F0C6FE002879D136
:10313000208DD0B1012821D00228206824D04169F7
:1031400080690090208D032866D801282BD054492F
:1031500002283B464FF00002009557D08846204693
:1031600008F0C2F800285DD13AE020684169816921
:103170000091016841F4007101607DE02068016800
:1031800021F480610160F0E7016821F48061016051
:103190002068016841F4006101602068416980692C
:1031A000009069E075E02A463946204608F042F969
:1031B00088BB54E02068016841F400710160206818
:1031C0000069616A0870606A401C6062218D491E56
:1031D0002185618D491E618521680969017042E080
:1031E0002068016821F48061016020680069616ADB
:1031F0000870606A401C6062208D401E2085608DD2
:10320000401E60853B46002241460095204608F05E
:103210006BF800B9CEE705E02A463946204608F0AB
:1032200009F918B1012007B0BDE8F08F20680069E6
:10323000616A0870606A401C6062208D401E81B225
:103240002185608D401E608520684269D243520707
:1032500012D4032903D1016821F480610160206840
:103260000069616A0870606A401C6062208D401EBF
:103270002085608D401E6085208D00287FF462AF20
:10328000202084F83D0084F83E6084F83C600020F3
:10329000C9E70220C7E70000020010000000FFFF9E
:1032A00004000100F8B50024DDE90676009490F8EA
:1032B0003D50202D5ED1304D46F2A81C2D68B5FB47
:1032C000FCF505EBC50C0CEB051500956D1E009586
:1032D00006D00568AD69ED43AD070BD4009DF5E759
:1032E00040F8304F202141738473016941F020017F
:1032F00001613FE090F83C50012D3BD0012580F862
:103300003C500568D5F800C05FEACC7C05D1D5F803
:1033100000C04CF0010CC5F800C00568D5F800C02D
:103320002CF4006CC5F800C0222580F83D504025E3
:1033300080F83E50046447624685458D05850F4DF3
:10334000C56241648264C364046501680A6842F42A
:1033500080620A6001680A6842F480720A6080F83C
:103360003C40018D21B10068416841F4E061416059
:103370000020F8BD0220F8BD380600200000FFFF45
:103380002DE9FF4F83B09A46DDE911979346044635
:10339000DDF84080FFF786FB054694F83D002028C5
:1033A0007FD11923012240492046009507F09CFF58
:1033B000002876D194F83C00012872D0012084F8CE
:1033C0003C0020680168C90703D1016841F0010190
:1033D00001602068016821F400610160212084F807
:1033E0003D00402084F83E0000262664C4F8248076
:1033F000A4F82A90608D20852C48E062CDE9007504
:1034000053465A462046049907F0D4FD70B930E07F
:103410002A463946204608F045F858B1206C042861
:1034200004D12068016841F400710160012007B0F7
:10343000BDE8F08F606A216800780861606A401C0E
:103440006062218D491E89B22185628D521E62857E
:1034500022685369DB435B070BD469B100781061C4
:10346000606A401C6062208D401E2085608D401E79
:103470006085208D0028CBD12A463946204607F0AA
:1034800007FF0028CAD154F83D0B016841F40071D0
:103490000160202004F81E09E67766770020C6E761
:1034A000FFE70220C3E70000020010000000FFFF5A
:1034B00070B5044600680E49884218D10D4801686D
:1034C00021F4001101600C4D81152846FFF730F9F9
:1034D00069152846FFF72CF9A06BFEF7B8FE1F20F0
:1034E00000F0E5F8BDE87040202000F0E0B870BDC5
:1034F00000540040403802400004024070B586B0DD
:10350000064614216846EDF7FDF9274930688842E0
:1035100048D126480025016841F002010160006899
:10352000694600F0020005904FF4407000901220B0
:1035300001900120CDE90205042004901C48FFF70A
:10354000B1F91A481030016841F4001101600068B7
:10355000194C00F400100590164820604FF00070E0
:10356000C4E90105C013C4E903506561A561E561C3
:10357000256220466562FEF76FFF08B1FEF76AF923
:10358000B463012207211F20A66300F0AFF81F20BB
:1035900000F09EF800220721202000F0A7F820204C
:1035A00000F096F806B070BD00540040303802407C
:1035B00000040240886002400C30012070477047D0
:1035C0000248816802781144816070472C0600200F
:1035D000094810B5016841F400710160016841F4C7
:1035E00080610160032000F0A1F8022000F006F8DD
:1035F00000F026F8002010BD003C024070B50D4DD3
:1036000004464FF47A712878B1FBF0F00A49096852
:10361000B1FBF0F001F05DFC48B9102C07D200229C
:103620002146501E00F062F800206C6070BD012041
:1036300070BD00002C0600203806002070470000F6
:10364000134808B5016841F480410160006800F446
:10365000804000900E48001F016841F080510160D9
:10366000006800F080500090042000F05FF8002215
:103670000721501F00F03AF800220721101F00F028
:1036800035F800220721BDE80840901E00F02EB852
:1036900044380240002809DB00F01F02012191405C
:1036A0004009800000F1E020C0F880127047002837
:1036B0000DDB00F01F02012191404009800000F164
:1036C000E020C0F88011BFF34F8FBFF36F8F7047BA
:1036D000002809DB00F01F02012191404009800011
:1036E00000F1E020C0F8001170470000F0B40E4B6C
:1036F0001B680C46C3F30223C3F10705042D00D950
:103700000425191D072901D2002300E0DB1E012634
:1037100006FA05F1491E214099409E40761E16404A
:103720003143F0BC0AF066BA0CED00E0064900F047
:10373000070208684FF6FF03184040EA0220034AD8
:1037400010430860704700000CED00E00000FA052F
:10375000014901204862704700000E4201490120E2
:103760008862704700000E42034908B500200862D5
:1037700002480068009008BD00000E420070004042
:10378000034908B50120086202480068009008BD9E
:1037900000000E42007000400748026822F0040258
:1037A0000260012905D0032901D040BF20BF20BFFE
:1037B000704730BF7047000010ED00E00C4A1368FE
:1037C00023F00303034313600A48026842F0040233
:1037D0000260012909D0032901D040BF20BF20BFCA
:1037E000016821F004010160704730BFF8E7000074
:1037F0000070004010ED00E02DE9F84F044600781D
:103800000027C34DC00708D02868E16920F0C060D8
:1038100008432860E06900B901272078800708D5AF
:103820002868216A20F0C05008432860206A00B947
:103830000127208881046FF0FF0015D52968A26C4C
:1038400021F4401111432960A16C19B1B1F5001F99
:1038500002D009E0012707E02968626921F4F851E4
:1038600000EB0222114329602188490415D52968FB
:10387000E26C21F4400111432960E16C19B1B1F50A
:10388000000F02D009E0012707E02968626921F4EE
:10389000F85100EB02200143296020784FF0000925
:1038A000000755D59A484C38016841F080510160B5
:1038B0000068DFF8608200F080500090D8F80010B7
:1038C00041F48071C8F80010FFF7ECF8064604E0F8
:1038D000FFF7E8F8801B02286FD8D8F80000C00571
:1038E000F6D58B4E1C3E306810F440701FD0A18C72
:1038F00001F4407181421AD03068012220F44071F5
:1039000085480260C0F8009031603068C0070ED072
:10391000FFF7C8F8804641F2883A05E0FFF7C2F8A1
:10392000A0EB0801514548D830688007F6D5616A98
:103930007748C1F301228438032A36D0016821F484
:10394000F81101603068A18CC1F30B0108433060AD
:103950002078DFF8C8A1400703D594F85410CAF8BE
:10396000E01120786E4EC00605D53068E16A20F47B
:1039700040000843306020784FF00068800609D589
:103980003068216B20F0006008433060206B4045B8
:1039900000D101272078400605D53068A16A20F0C3
:1039A00080500843306067B908E002685D4B22F43C
:1039B000F81219400A430260C4E773E020688028C7
:1039C00077D1DFF864B1CBF86890FFF76BF8504F10
:1039D00081468C3F06E000BFFFF764F8A0EB0900CA
:1039E00002285FD838680001F6D4216DCAF8D810D3
:1039F00020684E49C20701D0E2697AB1820701D539
:103A0000226A5AB1820602D5226B424506D0400690
:103A10000FD5A06A68B9206B40450AD1D4E90102EC
:103A200040EA8210227B237C120642EA0372104392
:103A300008602068820401D5A26C1AB1400415D533
:103A4000E06C98B90868D4E9012342EA8312C0F314
:103A50000360237C000640EA037002430A60286882
:103A6000A26920F01F00521E104328602078000633
:103A70000AD5D4E9010240EA8210227B237C120697
:103A800042EA0372104308600120CBF86800FFF798
:103A900009F880460AE000BFFFF704F8A0EB080031
:103AA000022803D90320BDE8F88F02E0386800013E
:103AB000F2D52088C00505D52868616B20F000404C
:103AC000084328602088800505D52868A16B20F46C
:103AD0000040084328602088400505D52868E16B30
:103AE00020F00040084328602088000505D528689C
:103AF000216C20F48040084328602088C00405D54C
:103B00003068616C20F04040084330600020CAE714
:103B10008C38024000700040400E4742001047427F
:103B200094380240FFFCFF0F0000474284380240F7
:103B30002DE9F0470E46050065D0DFF81481D8F86E
:103B40000000F7B200F00700B04207D288F800701A
:103B5000D8F8000000F00700B04254D128683D4C6E
:103B6000810712D5400703D5206840F4E05020605B
:103B70002878000703D5206840F460402060206862
:103B8000A96820F0F000084320602878C0072DD0F5
:103B9000304968680839012812D0022813D0032858
:103BA00011D00968890700292DDA216821F0030165
:103BB00001432160FEF776FF814641F2883A0EE02C
:103BC00009688903EFE709688901ECE7FEF76AFFF6
:103BD000A0EB0901514502D90320BDE8F087206818
:103BE000696800F00C00B0EB810FEFD1D8F800103D
:103BF000404601F00701B14207D90770006800F0A4
:103C00000700B04201D00120E7E72878400705D53A
:103C10002068E96820F4E050084320602878000715
:103C200006D52068296920F4604040EAC100206080
:103C300000F0D0F82168084AC1F30311515CC84074
:103C40000649086006480068FFF7D8FC0020C4E772
:103C5000003C0240083802409C300408380600202E
:103C6000300600202DE9F041FEF71CFF444C0546CC
:103C7000206840F00100206005E000BFFEF712FF61
:103C8000401B022847D820688007F7D5206840F0FD
:103C900080002060FEF706FF0546394E00200836FA
:103CA000306041F2883704E0FEF7FCFE401BB8426A
:103CB00031D8306810F00C0FF6D1FEF7F3FE054650
:103CC000206820F45020206005E000BFFEF7EAFEE7
:103CD000401B64281FD820688003F7D4FEF7E2FE5B
:103CE0000546206820F08070206004E0FEF7DAFED0
:103CF000401B02280FD820688001F7D4FEF7D2FEBF
:103D00000546206820F08060206007E0FEF7CAFECC
:103D1000401B022802D90320BDE8F0812068000181
:103D2000F4D417491748091D086015498431086003
:103D300013480C30016821F4F8510160016821F446
:103D400000510160016841F41F010160016841F404
:103D5000001101600A487430016821F0010101601E
:103D6000016841F08071016008490748086008480F
:103D70000068FFF743FC0028CED00120CCE700000C
:103D800000380240103000240024F40038060020DF
:103D9000300600200448054900680968044AC1F358
:103DA0008221515CC8407047380600200838024024
:103DB000AC3004080448054900680968044AC1F3A6
:103DC0004231515CC8407047380600200838024034
:103DD000AC300408154810B5006810F00C02144807
:103DE00013D01449042A0FD0082A0ED10F4C241FD7
:103DF0002268236802F03F025B0207D52068C0F307
:103E00008810A0FB010106E0084610BD2168C1F33F
:103E10008811A1FB00010023ECF7ECFA2168C1F343
:103E20000141491C4900B0FBF1F010BD08380240C7
:103E30000024F40000366E012DE9F84F04006ED026
:103E40002078DFF86093C007A9F104054AD009F192
:103E500004000168C1F38101012908D00068C0F3A2
:103E6000810002280AD1D9F80000400206D528684E
:103E7000800337D560680028E1D033E06068B0F592
:103E8000803F10D0B0F5A02F286810D020F48030EB
:103E90002860286820F4802028606068A8B1FEF7B8
:103EA00001FE06460DE0286840F48030F4E740F457
:103EB00080202860F7E700BFFEF7F4FD801B642830
:103EC00073D828688003F7D50CE0FEF7EBFD0646B3
:103ED00005E000BFFEF7E6FD801B6428F0D82868E7
:103EE0008003F7D42078DFF8C08280074FF0000A03
:103EF0003ED5AC48001D016811F00C0F08D00068D9
:103F0000C0F3810002280BD1D9F80000400207D489
:103F10002868800716D5E068012800D112E03CE14E
:103F2000E068B8B10120C8F80000FEF7BBFD064606
:103F300005E000BFFEF7B6FD801B0228C0D8286848
:103F40008007F7D52868216920F0F80040EAC10011
:103F500028600DE0C8F800A0FEF7A4FD064604E0C6
:103F6000FEF7A0FD801B02281FD828688007F7D421
:103F70002078000722D58B4E8C486169703671B16C
:103F800001210160FEF78EFD074604E0FEF78AFD81
:103F9000C01B022809D830688007F7D50EE0C0F8AA
:103FA00000A0FEF77FFD074605E082E0FEF77AFD00
:103FB000C01B02287DD830688007F7D420784007DE
:103FC00068D5DFF8E0B100270BF13C0BDBF800000F
:103FD000C0000BD4DBF8001041F08051CBF800108A
:103FE000DBF80000012700F080500090704E306830
:103FF000C00510D4306840F480703060FEF752FD88
:10400000009005E0FEF74EFD0099401A022850D8B6
:104010003068C005F6D5634EA0686C3601280FD015
:104020000528306810D020F001003060306820F0A2
:1040300004003060A068B8B1FEF734FD00900FE0D6
:10404000306840F00100F4E740F004003060F7E72A
:10405000FEF728FD0099411A41F28830814268D864
:1040600030688007F4D50EE0FEF71CFD009007E0F5
:10407000FEF718FD0099411A41F28830814258D864
:1040800030688007F4D42FB1DBF8001021F08051A4
:10409000CBF80010A069D8B34249091D0968C1F3E3
:1040A000810102294CD00228504607D0C8F8600090
:1040B00000E03EE0FEF7F6FC04463DE04746C8F867
:1040C0006000FEF7EFFC064605E000BFFEF7EAFCE5
:1040D000801B02282DD828688001F7D4F4E9070155
:1040E0000843E168334A490802EB0141A26841EA0A
:1040F00082110843217C40EA0160217D40EA017180
:10410000C9F8001001203866FEF7CCFC044606E032
:1041100045E000BFFEF7C6FC001B022809D828684E
:104120008001F7D53BE000BFFEF7BCFC001B022876
:1041300002D90320BDE8F88F28688001F4D42EE06E
:104140000128F7D0D9F80000E26900F4800191421B
:1041500023D1226A00F03F0191421ED147F6C0717F
:10416000626A0140B1EB821F17D1A26A4FF0FF33A0
:1041700000F4403103EB5202B1EB024F0DD194F841
:104180002C2000F07061B1EB026F06D194F8301072
:1041900000F0E040B0EB017F01D00120CAE7002031
:1041A000C8E700000438024000004742800E474242
:1041B000007000400000FFFF0548C078002806D0CE
:1041C0000448D0F8E01241F00401C0F8E012704752
:1041D0009801002090B900200068503050F821006C
:1041E00070470068503040F8212070472DE9F05F9B
:1041F0000446007F92468B46012813D04FF00108F9
:1042000084F81C80022060772068CA2141622168FE
:1042100053204862FEF746FC00250746FF264FF470
:104220007A790EE00220BDE8F09F00BFFEF73AFC6D
:10423000C01B484505D92068466203206077257772
:10424000F1E72068C0680007F0D4206881684FF06B
:104250000407C9060BD44AEA0B01C16220688068D2
:10426000800609D4204600F0F1FA28B120684662A1
:10427000677725770120D6E72068466284F81D809D
:1042800025770020CFE700000648C17B022906D031
:10429000C07B012805D141030348FEF7F6BB01218D
:1042A00001747047980100200008024010B51449BD
:1042B00004464FF40030086020688168C9040BD5BB
:1042C000C168C90508D5C16801F0800161F4C071F9
:1042D000C1602046FFF7D8FF2068816889040BD5AC
:1042E000C168890508D5C16801F0800161F42071B9
:1042F000C1602046FFF760FF0120607710BD00001D
:10430000143C01402DE9F0470446007F012822D0EB
:104310004FF0010884F81C80022060772268CA20D0
:10432000506222685320506220680025FF26B1F5B4
:10433000807F81684FF0030A4FF47A790ED021F420
:10434000007181602068816821F400518160FEF76E
:10435000A9FB074624E00220BDE8F08721F4807124
:1043600081602068816821F480518160FEF79AFBAA
:10437000074604E0FEF796FBC01B484509D82068B5
:10438000C068C007F6D00FE0FEF78CFBC01B4845A5
:1043900006D92068466284F81DA025770320DBE754
:1043A0002068C0688007EFD52068466284F81D80C9
:1043B00025770020D0E7000010B500680B46416863
:1043C0000D480140080CD870C1F304245C7001F062
:1043D0003F049C70C1F34231197052B907F064FE7A
:1043E000D870587807F060FE5870987807F05CFE37
:1043F0009870002010BD00003FFFFF0010B50B4675
:104400000168896A596001680969C1F30E01996000
:10441000006801680D480140C1F305401870C1F300
:1044200006245C7001F07F049C70890DD97052B92C
:1044300007F03AFE1870587807F036FE58709878F2
:1044400007F032FE9870002010BD00007F7F7F00D3
:1044500010B5040002D0607F10B106E0012010BD4D
:1044600000202077204600F041F802206077206885
:10447000C168C943C90632D5CA21416221685320A7
:104480004862204607F024FE20BB20688168164A57
:10449000114081602168886862681043D4E9042370
:1044A0001A43104388602168E06808612068016948
:1044B000228941EA02410161204607F02DFE48B9F8
:1044C00021680A6C22F480220A6421680A6CA369BC
:1044D0001A430A642268FF21516208B110BD00200E
:1044E0000121617710BD0000BFFF8FFF10B596B0AE
:1044F000044658216846ECF705FA124920688842BC
:104500001AD10820009010480068C0F3012002284A
:1045100014D00E4809906846FFF76EF908B1FDF710
:1045200099F90B4901200860002207212920FFF793
:10453000DDF82920FFF7CCF816B010BD4FF400705D
:10454000E8E700000028004070380240000318002F
:104550003C0E47422DE9F843644E03464FF4FA47B8
:1045600030680C46B0FBF7F0791148430090187F93
:10457000012877D04FF0010983F81C90022058776A
:1045800018680025002A80684FEA40606CD0002837
:1045900000DBE570A078227894F803C040EA02407E
:1045A0006278E169120242EA8C52104394F82020AA
:1045B00040EA026008436169A26908436168D3F870
:1045C00000C01143CA22CCF82420D3F800C05322E3
:1045D000CCF82420626AFF24B2F5807F1A684FF07D
:1045E000030C5CD0D2F8088028F40078C2F8088068
:1045F0001A68D2F80C8008F0800868F42078C2F8B5
:104600000C8032684FF47A76B2FBF7F27243009274
:104610001A68009E761E009661D0D668B607F8D557
:104620001062186881641868816841F400718160C3
:104630001868816841F4005181602D48016841F497
:10464000003101602A480830016841F400310160FE
:104650001868446283F81D901D770020BDE8F88338
:1046600000E001E00220F9E7002800DBE570207897
:1046700007F023FD0204607807F01FFD42EA0022E4
:10468000A07807F01AFD0243E07842EA805294F8DD
:10469000200007F012FD42EA0060E1698AE79668AF
:1046A00026F4807696601A68D66806F0800666F46E
:1046B000C076D6601A68009E761E00960FD0D66827
:1046C000F607F8D0D061186841641868816841F431
:1046D000807181601868816841F48051ACE7546250
:1046E00083F81DC01D770320B8E7000038060020BE
:1046F000003C014070B50446007F0B46012819D0EC
:104700000126267702206077B2B19878D97840EAFE
:10471000014558781978000240EA41300543216884
:10472000CA204862216853204862204607F0D0FC26
:10473000D0B122E0022070BD5878C10603D500F048
:10474000EF000A305870D87807F0B7FC02045878A8
:1047500007F0B3FC42EA0022987807F0AEFC02436F
:10476000187842EA4035DAE7074805402068456096
:10477000204607F0D1FC00B966772268FF2151621C
:104780000021217770BD00003FFFFF002DE9F041BF
:104790000446007F0D46012823D04FF0010884F81D
:1047A0001C80022060772068002780684FEA406004
:1047B000D2B1002800DBEF70A878297840EA0146E2
:1047C0006878E978000240EA815006432168CA20EF
:1047D0004862216853204862204607F079FCB8B14E
:1047E0002CE00220BDE8F081002800DBEF70287883
:1047F00007F063FC0204687807F05FFC42EA0022DD
:10480000A87807F05AFC0243E87842EA8056DDE7D0
:104810000D480640206806602068816821F48021E8
:104820008160D5E90301084321688A6810438860E4
:10483000204607F071FC08B984F81D802268FF212A
:1048400051622777CEE700007F7F7F0070B5044676
:104850000B482168C860FEF725F905464FF47A76C3
:1048600007E000BFFEF71EF9401BB04201D903204C
:1048700070BD2068C0688006F4D5002070BD0000BF
:104880005F3F01004FF0E020016941F0020101614A
:10489000704710B5040011D0022084F85100206840
:1048A000016821F040010160204600F067F8002017
:1048B000606584F8510084F8500010BD012010BDDF
:1048C00070B5040009D0606A002540B125616561BA
:1048D000A56294F8510040B10CE0012070BD606801
:1048E000B0F5827FF4D0E561F2E784F850502046BD
:1048F00000F096F8022084F851002068016821F049
:1049000040010160A088218900F4827001F4044113
:104910000843A18901F400610843217C01F00201F0
:104920000843217D01F001010843218B01F400714E
:104930000843217F01F03801084394F8201001F06A
:1049400080010843218D01F400510843216808606B
:10495000A069042101EA104094F8241001F010012C
:104960000843216848602068C16921F40061C16181
:104970006565012084F85100002070BD70B50446C3
:1049800001682048204A214B814208D1106820F458
:1049900080501060E0211846FDF7CAFE1AE01A4860
:1049A0001B4E001F1B4DB14206D1016821F480410E
:1049B00001604FF444411CE0174EB1420CD1016834
:1049C00021F40041016038212846FDF7B1FEE06C7A
:1049D000FDF73DFCA06C10E01048814211D1106839
:1049E00020F40050106002211846FDF7A1FE4FF49C
:1049F00000512846FDF79CFEE06CBDE87040FDF7D5
:104A000026BC70BD00300140443802400000024026
:104A10000038004000040240003C004000340140E7
:104A20002DE9F04F87B0054614216846EBF76AFF81
:104A3000C148DFF80083D5F800C002210322052316
:104A40000615042700244FF4804AC44555D1DFF8E9
:104A5000E8C20CF1140CDCF8008048F48058CCF863
:104A60000080DCF800C00CF4805CCDF814C0D0F8F5
:104A700000C04CF0010CC0F800C000680DF1040942
:104A800000F001000590A0200090022090469B4677
:104A900089E811096946A948FDF704FF4FF040096C
:104AA0000220CDE900900DF1080C01208CE80109ED
:104AB0006946A248FDF7F6FEDFF888B2A0495846DD
:104AC000CBF80010C0E90346C0E9054A4FF0C061C9
:104AD000CBF81C40C0E901190BF12009B10189E8AC
:104AE0008201C901CBE90B14FDF7B6FC08B1FCF754
:104AF000B1FE5846C5F848B057E0DFF84C82DFF801
:104B000038E2DFF848B20EF1100E4FF48079C44558
:104B10004FD1DEF8008048F48048CEF80080DEF8FF
:104B200000C00CF4804CCDF814C0D0F800C04CF09C
:104B3000020CC0F800C0006801A900F00200059056
:104B40004FF4044000900220904681E811010520B6
:104B5000049069465846FDF7A5FE0220CDE900A065
:104B60000120CDE902080520049069465846FDF76A
:104B700099FEDFF8E08176494046C0E90014C8F8A4
:104B80000840C8F818A0C914C8F80C40C0E904616E
:104B9000C0E909748901C8F82C40C8E90791C8F830
:104BA0003040BDE0FCF756FEBFE0856307B0BDE8CE
:104BB000F08FDFF8A481C44555D1DEF800C04CF475
:104BC000004CCEF800C0DEF8003003F4004305933B
:104BD000036843F002030360006800F002000590E0
:104BE00038208DE813000620CDE903206946584699
:104BF000FDF758FEDFF86481554940461839C0E991
:104C00000014C8F80840C0E90346C8F81440C8F8C2
:104C10001840C8F81C40C0E90847C8F82840C8F840
:104C20002C40C8F83040FDF717FC08B1FCF712FE25
:104C300047484B4EC5F84C806030C8F83850C6E93C
:104C400000044020C6E9020434617461C6E90649E3
:104C5000346230467462FDF7FFFB08B1FCF7FAFDE1
:104C6000AE64B563A2E7DFF8FC80C4459ED1DFF8EF
:104C7000C8C00CF1140CDCF8008048F40058CCF8E3
:104C80000080DCF800C00CF4005CCDF814C0D0F853
:104C900000C04CF0010CC0F800C0D0F800C00CF00F
:104CA000010CCDF814C0D0F800C04CF0020CC0F8D4
:104CB00000C00068009100F002000590CDE90114E9
:104CC0000320CDE90303884669461C48FDF7EAFD49
:104CD0004FF40050CDE900080320CDE90240062042
:104CE000049069465846FDF7DDFD1549DFF87880E8
:104CF00048394046C8F80010C905C0E90114C8F891
:104D000018A00914C8F80C40C0E90461C0E909748E
:104D10004FF44031C8F82C40C8E90791C8F830403A
:104D2000FDF79AFB00287FF43DAF4046C5F84C8064
:104D30003BE70000003001403038024000000240F4
:104D4000586402406C3001200038004000040240EA
:104D500058600240CC300120003C00402C31012042
:104D60008C31012000340140EC3101202DE9F84F55
:104D7000984616468A460446FDF794FE814694F806
:104D8000510001281ED1BAF1000F73D0002E71D04E
:104D900094F85000012815D0012784F850700320A2
:104DA00084F8510000256565C4F830A0A686E68623
:104DB000A563A587E58765642564A068B0F5004F05
:104DC00003D00CE00220BDE8F88F2068016821F0D4
:104DD000400101602068016841F480410160206861
:104DE0000168490603D4016841F040010160E068B0
:104DF000B0F5006F606803D048B3012E27D047E0BC
:104E000008B1012E1FD1206B21680088C86006E020
:104E100020688168890709D5216B0988C160206BEA
:104E2000801C2063E08E401EE0860CE0FDF73AFE19
:104E3000A0EB0901414503D3B8F1FF3F03D035E0B2
:104E4000B8F1000F32D0E08E0028E1D123E0206BD2
:104E500021680078087306E02068816889070AD510
:104E6000216B09780173206B401C2063E08E401E8B
:104E7000E0860DE02BE0FDF715FEA0EB09014145B2
:104E800003D3B8F1FF3F03D010E0B8F1000F0DD00D
:104E9000E08E0028E0D14A464146204607F0E4FA79
:104EA00008B120206065A06830B109E084F8517035
:104EB00084F85050032086E72068C168806800901D
:104EC00084F8517004F8505F60680028F3D0012026
:104ED00079E710B5401EB0F1807F01D3012010BDED
:104EE0004FF0E02460610F21601708F083FE00207E
:104EF000A06107202061002010BD4FF0E020016973
:104F000021F00201016170477047704710B590F8B9
:104F10003C20012A22D0012280F83C20CA688C68FB
:104F200022F4407222434C6822F4806222430C68CF
:104F300022F4006222430C6922F4805222434C691D
:104F400022F400522243C969002322F480420A431A
:104F500001684A6480F83C30002010BD022010BD7A
:104F600070B590F83C20012A32D0012480F83C40F2
:104F7000022280F83D2003685A689D6822F070067E
:104F80000A6832435A60134B02689A4214D0B2F155
:104F9000804F11D0104B9A420ED0104B9A420BD03A
:104FA0000F4B9A4208D00F4B9A4205D00E4B9A42B3
:104FB00002D00E4B9A4204D1496825F08003194370
:104FC000916080F83D40002180F83C10084670BD9B
:104FD000022070BD000001400004004000080040B5
:104FE000000C004000040140004001400018004057
:104FF00010B50446022084F83D002068016A41F2A1
:105000001112114207D1016A9210114203D10168B5
:1050100021F001010160204600F046F8002084F8EC
:10502000460084F83E0084F83F0084F8400084F88D
:10503000410084F8420084F8430084F8440084F876
:10504000450084F83D0084F83C0010BD10B5040014
:1050500003D094F83D0010B107E0012010BD0020FE
:1050600084F83C00204600F06FF8022084F83D00F0
:10507000211D206808F09AF9012084F8460084F880
:105080003E0084F83F0084F8400084F8410084F832
:10509000420084F8430084F8440084F8450084F812
:1050A0003D00002010BD000010B504460068204AF5
:1050B0002049904203D1086820F0010021E01D4AF8
:1050C000121FB0F1804F07D01B4B984213D11068CC
:1050D00020F00400106015E0106820F0010010605E
:1050E000206AFDF7B4F8E06AFDF7B1F8BDE81040BA
:1050F0001C20FEF7DCBA114B984208D1086820F05A
:1051000002000860206ABDE81040FDF7A0B80C4B13
:10511000984204D1086820F48030086010BD094925
:105120008842FBD1106820F48070106010BD000030
:1051300000000140443802400008004000040140E3
:1051400000400140002000402DE9F84F0446D0F80F
:1051500000C07948774A00210315C5148615042735
:105160004FF400594FF4803A4FF0010B944525D18C
:10517000026842F0010202600068DFF8C48100F0BA
:10518000010000906D4A4046C8F800204FF0406290
:10519000C0E9012108F10C02C8F8247082E82A0253
:1051A000C0E90AB1C8E9076AC8F830102DE000BFAD
:1051B000C4F82080C8F83840BDE8F88F5E4A121F56
:1051C000BCF1804F28D0DFF87C81C4455BD11068EA
:1051D00040F0040010601068DFF8708100F00400F7
:1051E0000090594A4046C8F800204FF08062C0E95C
:1051F000012108F10C0CC8F824708CE82A02C0E9DF
:105200000AB1C8E9076AC8F83010FDF725F9002887
:10521000CED0FCF71FFBCBE7106840F00100106018
:105220001068494A00F00100DFF824810090783AC4
:10523000C8F800204FF0C062C8F804204046402261
:10524000C8F81030C0E902211202C0E90552C0E9D5
:1052500009714FF44032C8F82C10C8E90762C8F849
:105260003010FDF7F9F808B1FCF7F4FAC4F8208023
:10527000C4F82C80012202211C20C8F83840FEF717
:1052800035FA1C2051E0DFF8CC80C44529D10268F2
:1052900042F0020202600068DFF8BC8000F0020009
:1052A0000090264842466038C8F800004FF0606021
:1052B000C2E9010108F10C0CC8F824708CE82A023C
:1052C000C2E90AB1C8E9076A4046C8F83010FDF7DC
:1052D000C3F808B1FCF7BEFAC4F82080C8F838401B
:1052E0001DE01E498C450ED1016841F480310160FA
:1052F0000068002200F48030009011461820FEF76C
:10530000F5F9182011E0164884457FF455AF106870
:1053100040F480701060106800F4807000900022EB
:1053200007212D20FEF7E2F92D20BDE8F84FFEF70A
:10533000CFB90000000001404438024088640240B8
:105340004C32012000080040A06002400C330120D4
:10535000AC320120000401406C33012000400140C8
:105360000020004090F83D10012901D00120704735
:10537000022180F83D1000681149884214D0B0F134
:10538000804F11D00F4988420ED00F4988420BD070
:105390000E49884208D00E49884205D00D498842FE
:1053A00002D00D49884204D1816801F00701062925
:1053B00003D0016841F00101016000207047000046
:1053C000000001400004004000080040000C0040C4
:1053D00000040140004001400018004090F83D10DA
:1053E000012901D001207047022180F83D10016899
:1053F000CA6842F00102CA6000681149884214D0AC
:10540000B0F1804F11D00F4988420ED00E4988422A
:105410000BD00E49884208D00D49884205D00D496D
:10542000884202D00C49884204D1816801F007010A
:10543000062903D0016841F0010101600020704796
:10544000000001400004004000080040000C004043
:1054500000040140004001400018004001680A6A51
:1054600041F211131A4207D10A6A9B101A4203D162
:105470000A6822F001020A60012180F83D10002034
:1054800070470168CA6822F00102CA6001680A6AAE
:1054900041F211131A4207D10A6A9B101A4203D132
:1054A0000A6822F001020A60012180F83D10002004
:1054B000704770B5044690F83C000025012817D0CD
:1054C000012684F83C60022084F83D002068826850
:1054D00022F0770222F47F4282600868502838D098
:1054E0000DDC20284FD005DC90B3102811D14AE004
:1054F000022070BD302846D040280AD13BE0602809
:105500002FD070280DD0B0F5805F03D0B0F5005FCC
:1055100012D0012584F83D60002084F83C00284624
:1055200070BDCB68D1E90121206807F0B4FF206885
:10553000816841F0770109E0CB68D1E90121206859
:1055400007F0A9FF2068816841F480418160E1E7AC
:1055500019E0CA684968206808F0B8F85021206846
:1055600006E0CA684968206808F0C1F86021206830
:1055700007F09BFFCEE7CA684968206808F0A6F8E4
:1055800040212068F4E7226801461046F0E77047A2
:105590002DE9F04104460068C66805694FF0000730
:1055A000A90713D5B10711D5F91E01610120207794
:1055B000206880698007204602D0FFF7E8FF04E0FA
:1055C00000F0CFF8204600F08FF92777680716D54E
:1055D000700714D521686FF004000861022020775D
:1055E0002068806910F4407F204602D0FFF7CFFF8B
:1055F00004E000F0B6F8204600F076F92777280797
:1056000015D5300713D521686FF008000861042014
:1056100020772068C0698007204602D0FFF7B7FFD7
:1056200004E000F09EF8204600F05EF92777E806D7
:1056300016D5F00614D521686FF010000861082017
:1056400020772068C06910F4407F204602D0FFF721
:105650009EFF04E000F085F8204600F045F927772A
:10566000E80708D0F00706D021686FF00100086154
:10567000204600F0DDF9280608D5300606D5216859
:105680006FF0800008612046FFF73EFC680608D5F1
:10569000700606D521686FF040000861204600F0D2
:1056A000F3F9A8060AD5B00608D521686FF02000E6
:1056B00008612046BDE8F041FFF727BCBDE8F08156
:1056C00010B586B0044614216846EBF71BF9206834
:1056D000B0F1804F15D10C480021026842F0010260
:1056E0000260006800F00100059008200090022090
:1056F000CDE901010120CDE9031069460348FDF71A
:10570000D1F806B010BD0000303802400000024061
:1057100070B5044690F83C00002501280FD0012008
:1057200084F83C006AB1042A0FD0082A11D00C2A50
:1057300013D00125002084F83C00284670BD0220CB
:1057400070BD206807F0BAFEF4E7206807F0E6FEB7
:10575000F0E7206807F018FFECE7206807F048FF43
:10576000E8E7704710B5040003D094F83D0010B18D
:1057700007E0012010BD002084F83C00204600F026
:105780001EF8022084F83D00211D206807F00EFE5F
:10579000012084F8460084F83E0084F83F0084F835
:1057A000400084F8410084F8420084F8430084F803
:1057B000440084F8450084F83D00002010BD704787
:1057C00070B5044690F83C0000260D4601280FD025
:1057D000012084F83C006AB1042A1DD0082A2FD089
:1057E0000C2A3FD00126002084F83C00304670BDD2
:1057F000022070BD206807F061FE2068816941F0D9
:10580000080181612068816921F0040181612068BB
:1058100081692A69114311E0206807F07FFE206842
:10582000816941F4006181612068816921F48061AE
:105830008161206881692A6941EA02218161D2E798
:10584000206807F0A1FE2068C16941F00801C1612C
:105850002068C16921F00401C1612068C1692A6919
:10586000114311E0206807F0C3FE2068C16941F4CC
:105870000061C1612068C16921F48061C161206853
:10588000C1692A6941EA0221C161ACE710B504008F
:1058900003D094F83D0010B107E0012010BD0020B6
:1058A00084F83C00204600F01EF8022084F83D00F9
:1058B000211D206807F07AFD012084F8460084F855
:1058C0003E0084F83F0084F8400084F8410084F8EA
:1058D000420084F8430084F8440084F8450084F8CA
:1058E0003D00002010BD70477047000010B5044611
:1058F000022249B104290ED0082913D094F841009E
:10590000012816D0012010BD94F83E000128F9D1DD
:1059100084F83E200FE094F83F000128F2D184F88B
:105920003F2008E094F840000128EBD184F84020A3
:1059300001E084F841200122206807F09FFD16490C
:105940002068164A884201D0904203D1436C43F448
:10595000004343642068884213D0B0F1804F10D0D8
:105960000F4988420DD00F4988420AD00E4988421B
:1059700007D0904205D00D49884202D00C49884298
:1059800004D1816801F00701062903D0016841F0C4
:1059900001010160002010BD000001400004014031
:1059A0000004004000080040000C0040004001409E
:1059B0000018004030B504460D460068002207F08C
:1059C0005DFD194B41F2111120688A10984202D0F6
:1059D000164B984209D1036A0B4206D1036A13425F
:1059E00003D1436C23F4004343642068036A0B42F1
:1059F00006D1016A114203D1016821F00101016061
:105A000001203DB1042D08D0082D09D084F84100B3
:105A1000002030BD84F83E00FAE784F83F00F7E745
:105A200084F84000F4E70000000001400004014059
:105A3000704770B5044690F83C00012812D001254B
:105A400084F83C50022084F83D00204607F0F8FD21
:105A500001004FF0000007D084F83D5084F83C006E
:105A6000012070BD022070BD2168CA6822F040028A
:105A7000CA602168CA6822F48042CA6084F83D5036
:105A800084F83C00002070BD704710B504460068E3
:105A9000406994F84110C0F3C010212911D180B1A0
:105AA0002068143050E8001F21F0800140E8001207
:105AB000002AF5D1A06B08B1FCF76EFB204607F079
:105AC0006CFE2068406994F84210C0F380102229CF
:105AD00011D180B12068143050E8001F21F040013E
:105AE00040E80012002AF5D1E06B08B1FCF754FB46
:105AF000204607F02BFE002010BD10B5040015D085
:105B0000242084F841002068C16821F40051C1605C
:105B1000204600F03FF80020606484F8410084F8DB
:105B2000420044F8300F6060207410BD012010BDA9
:105B300070B5040004D094F84100002510B106E0CF
:105B4000012070BD84F84050204600F085F82420E4
:105B500084F841002068C16821F40051C1602046EA
:105B600007F02AFE2068016921F490410161206854
:105B7000416921F02A0141612068C16841F4005166
:105B8000C1606564202084F8410084F842006563A8
:105B9000002070BD2DE9F04704462A4D0068284FCB
:105BA000DFF8A4902E1D4FF48058B8420CD128681D
:105BB00020F40020286041464846FCF7B9FDA06B60
:105BC000FCF745FB342011E02049884210D13068B1
:105BD00020F010003060C0211D48FCF7A9FDE06BEB
:105BE000FCF735FBA06BFCF732FB2520FDF75FFDD2
:105BF0002068B8420FD1286820F400202860414670
:105C00004846FCF795FDE06BFCF721FBA06BFCF729
:105C10001EFB34200EE00F4988420FD1306820F07F
:105C200020003060C9144846FCF782FDA06BFCF7E9
:105C30000EFB4720BDE8F047FDF739BDBDE8F08712
:105C4000004C00404038024000000240001001407B
:105C500000040240001401402DE9F04F87B00446D3
:105C600014216846EAF74EFE9A4920689A4E0025AC
:105C70000F154FF0120B4FF0010A4FF040084FF094
:105C80000069884239D194481030016841F40021FC
:105C90000160006800F400200590306840F00100C9
:105CA00030603068694600F001000590B014CDE91D
:105CB000000B0320CDE902A00B2004908748FCF7DD
:105CC000F1FD88488649C0F80880C0E9035745615E
:105CD0008561C56105624562C0E90019FCF7BCFB3E
:105CE00008B1FBF7B7FD7F48A0630122846305215B
:105CF0003420FDF7FBFC342050E07B4988424FD133
:105D000075481430016841F010010160006800F02E
:105D100010000590306840F002003060306801A942
:105D200000F002000590C0200090022081E82104CC
:105D30000720049069466D48FCF7B4FD6D486C4936
:105D40000160C0E90195C0E9035745618561C561FE
:105D500005624562FCF780FB08B1FBF77BFD6548F7
:105D6000E0636349846364487831C0F80880C0E91F
:105D7000035745618561C56105624562C0E9001947
:105D8000FCF76AFB08B1FBF765FD5B48A0630022E6
:105D9000846303212520FDF7A9FC2520FDF798FC4D
:105DA0004C492068884251D14B4800251030016889
:105DB00041F400210160006800F400200590306883
:105DC00040F0010030603068694600F00100059045
:105DD0004FF48050CDE9000B0320CDE902A00B2049
:105DE00004903E48FCF75EFD3D48444E303830603C
:105DF000C6E90195C6E903577561B561F56135627C
:105E000030467562FCF728FB08B1FBF723FD354DE2
:105E1000E663B4633248C5F80880C5E9000900208C
:105E2000C5E903076861A861E861286268622846DD
:105E3000FCF712FB08B1FBF70DFDA563012205215C
:105E40003420AC63FDF752FC34203DE02C498842FD
:105E50003CD121481430016841F020010160006804
:105E600000F020000590306840F00100306030689C
:105E7000694600F0010005904FF400600090CDE904
:105E800001B50820CDE903501448FCF70BFD184874
:105E90001C4E60303060C6E903577561B561F5612D
:105EA00035624FF020607562C6E901083046FCF7A4
:105EB000D3FA08B1FBF7CEFCA663002205214720E8
:105EC000B463FDF713FC4720FDF702FC07B0BDE803
:105ED000F08F0000004C00403038024000000240CB
:105EE00070600240CC3301200010014000040240E9
:105EF000406402402C3401208C3401204C350120B8
:105F000000140140EC3401202DE9F043244A4023E1
:105F10004FF480791060224C083C2160221F1068E9
:105F200040F001001060BFF34F8F4FF0FF30156855
:105F300015F0010F19D01B4B5D6845F002055D603F
:105F4000BFF34F8FDFF858C0ACF1640CDCF80050A1
:105F5000266805F0746517685FEA851807F0010781
:105F600017D48E4210D2CFB90AE000BF5B1EDED23A
:105F7000116821F001011160BFF34F8FBDE8F0837C
:105F80003EB929010AD404E01FB100BFB9F10109EB
:105F9000DCD2596821F002015960E9E70020EDE701
:105FA000646402400030014070B50C480068C007CE
:105FB00005D00A485838006810F040700CD0EFF354
:105FC000108472B600F034F8050002D03B2007F0D0
:105FD000F7FD04B962B6284670BD0000586402405F
:105FE0002DE9F041104F04240F4EDFF840804FF0B0
:105FF0007465083F3560BFF34F8F3B2007F0E0FD2D
:10600000BFF34F8FBFF36F8F386810F0746F04D1F8
:10601000D8F8000210F0006003D0641EEAD24FF0FE
:10602000FF30BDE8F08100000864024004E000E0B9
:1060300070B5204800681F4900F074605C31096841
:106040001C4A583212681C4C02F00102E378194DC8
:106050004FF074660835022B06D110F0407F03D153
:10606000030101D501B932B1E4780023022C0DD02F
:10607000E8B12E601BE01148416821F00201416047
:106080002E60BFF35F8F0120E07070BD10F0407F85
:1060900004D102B911B9040104D519B100F01AF8FC
:1060A000034604E0400102D54FF0806028601846A6
:1060B00070BD000000640240FC030020003001407D
:1060C00003480021C17081608180817070470000A9
:1060D000FC0300202DE9F047314930484A6822F09E
:1060E00002024A602F4D296821F00101296000E079
:1060F00000BF2968C90701D0401EF9D228682A4C80
:10610000C0074FF0FF3A4FF0000103D05046E17056
:10611000BDE8F08723488946001D0068D0B1A188FA
:10612000884217D8A268AAB12B6813F4F04F11D196
:10613000DFF8708008F11408D8F800305B0709D444
:10614000A378022B06D2091A8E1887B202D0FFF765
:1061500047FF28B1FFF744FF84F803905046D7E784
:10616000286820F008002860286840F016002860A1
:10617000D8F8001021F08001C8F80010A660A780B0
:10618000A078401CA0700220E07000223946304602
:10619000FFF7BAFE0028DFD1BAE70000A0860100B1
:1061A0000030014058640240FC03002070B5274DC8
:1061B0000020E870264A42F21071264C00E000BF31
:1061C000A3689B0701D4491EF9D2616821F002013E
:1061D000616021490B6823F001030B6000E000BF00
:1061E0000B68DB0701D0521EF9D20A684FF0FF3668
:1061F000D20701D0304670BD226822F040022260F2
:10620000226842F0400222600A6822F008020A6016
:106210000A6842F016020A600F4914310A6822F037
:1062200080020A600C49091D0860A860A880A87057
:10623000FFF7D6FE0028DDD1606820F00200606024
:10624000BFF35F8F0120E870002070BDFC030020C9
:10625000A0860100003001405864024030B528B1EA
:1062600021B1154AD378012B0BD102E04FF0FF305A
:1062700030BD124B1C68E40703D1114C6568AD07B3
:1062800002D56FF0010030BD9060918000259570BF
:106290000225D570BFF35F8F084A0C3210600748A3
:1062A000001D0160186840F001001860606840F04F
:1062B00002006060002030BDFC03002058640240F2
:1062C0000030014010B519A1A6B0D1E90001CDE917
:1062D000000118A1194CD1E90001CDE922010020EB
:1062E000E06002A9684609F0DBFF18B14FF0FF300B
:1062F00026B010BD9DF81500800702D46FF0010094
:10630000F6E712A922A809F0CBFF10B16FF0020046
:10631000EEE79DF8580000F00F00012802D06FF062
:106320000300E5E70120E0600020E1E74600FFFF11
:10633000F10100004680FFFFF1010000FC03002096
:106340002DE9F04704466E488EB00025C5604FF435
:106350008276C4E90165E5604FF400782561C4E9FF
:1063600005583820C4E907054FF00A096562C4E9F9
:106370000A592046FEF7A4FA18B101200EB0BDE874
:10638000F0872068016841F040010160AA465D4D38
:10639000A86940F00400A8615B48002342F2107134
:1063A00002684FF0FF0C520603D4026842F040022C
:1063B00002600A4600E000BF8768BF0701D4521E92
:1063C000F9D28268D2070AD0C2688DF800208268AC
:1063D000D20702D0C2688DF800209DF8002080F816
:1063E0000CC00A4600E000BF8768FF0701D1521EBB
:1063F000F9D28268D20700D0C2685B1C102BCFDBB9
:1064000042A10027D1E90001CDE90201A86940F4C9
:106410008020A8610A20FCF7CFF802A800F0E6FF70
:106420007F1C642F02DB0AF07FF8A6E70128EDD17C
:1064300038A10025D1E900014FF47A77CDE90401B4
:1064400009E0BD4203DB0AF06FF8022096E7012065
:10645000FCF7B2F86D1C04A801F09CFA0128F0D1F9
:106460002EA10025D1E90001CDE9060109E0BD42D8
:1064700003DB0AF059F8032080E70120FCF79CF8C1
:106480006D1C06A800F0B4FC0028F0D125A1002561
:10649000D1E90001CDE9080109E0BD4203DB0AF0C2
:1064A00043F804206AE70120FCF786F86D1C0AA96E
:1064B00008A801F015F90028EFD1FFF703FF18B184
:1064C0000AF032F8052059E7C4E9016AC4F80CA0C3
:1064D000C4F810A0C4E905A8C4F81CA0C4F820A002
:1064E000C4F824A0C4E90AA92046FEF7E9F920B9B6
:1064F0002068016841F04001016000203EE7000093
:10650000FC03002000000240003001404000000079
:106510000095000048000001AA87000069400000C3
:1065200000E500007A000000000100000EB5002127
:106530000CA20291D2E90012CDE90012B0F5800F51
:1065400000D90A488DF80400010E8DF80110010CE5
:106550008DF80210010A8DF80310684600F048FC1F
:1065600002900EBD5700000000010000FFFF3F0039
:10657000F0B586B0FF248DF8084042F2107216463E
:106580004B492DE00B68FF275B0603D40B6843F0F3
:1065900040030B60154600E000BF8B689B0701D4E9
:1065A0006D1EF9D28B68DB070AD0CB688DF80030FE
:1065B0008B68DB0702D0CB688DF800309DF8003087
:1065C0000F73134600E000BF8D68ED0701D15B1E1D
:1065D000F9D28B68DB0701D0CB68DBB28DF80830CD
:1065E0009DF80830FE2B01D0761ECBD29DF80830E6
:1065F000FE2B03D06FF0010006B0F0BD0B684FF426
:1066000000775B0603D40B6843F040030B60002364
:10661000154600E000BF8E68B60705D46D1EF9D29E
:1066200002E0CD688DF810508D68ED07F9D10C733C
:10663000154600E000BF8E68F60701D16D1EF9D245
:106640008D68ED0704D0CD68C5545B1CBB42DFDB11
:1066500018A003AF0068039008680226400603D420
:10666000086840F0400008600023104600E000BFCA
:106670008D68AD0705D4401EF9D202E0C8688DF8D8
:1066800010008868C007F9D10C73104600E000BF05
:106690008D68ED0701D1401EF9D28868C00704D08B
:1066A000C868F8545B1CB342DFDB0020A4E700009D
:1066B00000300140FFFF0000F0B589B04925FF22FE
:1066C0008DF81C20FE4A936943F480239361FD4AB0
:1066D00013685B0603D4136843F04003136042F26F
:1066E00010731C4600E000BF9668B60701D4641E14
:1066F000F9D29468E4070AD0D4688DF80040946811
:10670000E40702D0D4688DF800409DF8004015736E
:106710001C4600E000BF9568ED0701D1641EF9D268
:106720009468E40700D0D468156800246D0603D48B
:10673000156845F0400515601D4600E000BF9668ED
:10674000B60701D46D1EF9D29568ED070AD0D56859
:106750008DF800509568ED0702D0D5688DF800508F
:106760009DF8005014731D4600E000BF9668F607C0
:1067700001D16D1EF9D29568ED0700D0D568156876
:106780006D0603D4156845F0400515601D4600E010
:1067900000BF9668B60701D46D1EF9D29568ED0763
:1067A0000AD0D5688DF800509568ED0702D0D568FD
:1067B0008DF800509DF8005014731D4600E000BF96
:1067C0009668F60701D16D1EF9D29568ED0700D0E5
:1067D000D56815686D0603D4156845F04005156049
:1067E0001D4600E000BF9668B60701D46D1EF9D2C1
:1067F0009568ED070AD0D5688DF800509568ED07CB
:1068000002D0D5688DF800509DF8005014731D46D5
:1068100000E000BF9668F60701D16D1EF9D29568B9
:10682000ED0700D0D56815686D0603D4156845F0EE
:10683000400515601D4600E000BF9668B60701D40C
:106840006D1EF9D29568ED070AD0D5688DF8005015
:106850009568ED0702D0D5688DF800509DF800507E
:1068600014731C4600E000BF9568ED0701D1641E5B
:10687000F9D29468E40700D0D4681468FF25640650
:1068800003D4146844F0400414601C4600E000BFC8
:106890009668B60701D4641EF9D29468E4070AD05A
:1068A000D4688DF800409468E40702D0D4688DF86D
:1068B00000409DF8004015731C4600E000BF95683D
:1068C000ED0701D1641EF9D29468E40700D0D468C2
:1068D0001D464FF0000C2DE01468FF27640603D41A
:1068E000146844F0400414601C4600E000BF966841
:1068F000B60701D4641EF9D29468E4070AD0D468BC
:106900008DF800409468E40702D0D4688DF8004008
:106910009DF8004017731C4600E000BF9668F6071C
:1069200001D1641EF9D29468E40708D0D468E4B2B7
:106930008DF81C409DF81C40FF2C02D003E06446FB
:10694000F6E76D1EC8D29DF81C40FF2C06D09DF8BE
:106950001C4034B14FF0FF3009B0F0BD6FF00100C2
:10696000FAE71D462EE01468FF27640603D4146876
:1069700044F0400414601C4600E000BF9668B6076F
:1069800001D4641EF9D29468E4070AD0D4688DF863
:1069900000409468E40702D0D4688DF800409DF868
:1069A000004017731C4600E000BF9668F60701D14F
:1069B000641EF9D29468E40711D0D4685FFA84F4B5
:1069C0008DF81C409DF81C40FE2C01D06D1ECAD2D3
:1069D0009DF81C40FE2C04D06FF00200BCE764461A
:1069E000EEE700251468FF27640603D4146844F01A
:1069F000400414601C4600E000BF9668B60701D44E
:106A0000641EF9D29468E4070AD0D4688DF8004077
:106A10009468E40702D0D4688DF800409DF80040E7
:106A200017731C4600E000BF9668F60701D1641E8C
:106A3000F9D29468E40711D0D468E4B203AE745577
:106A40006D1C102DCEDB00251668FF24760603D4BE
:106A5000166846F0400616601E4602E06446EDE702
:106A600000BF9768BF0701D4761EF9D29668F60773
:106A70000AD0D6688DF800609668F60702D0D6680E
:106A80008DF800609DF8006014731C4600E000BFA4
:106A90009668F60701D1641EF9D29468E40700D025
:106AA000D4686D1C022DCFDB9DF813209DF81430A7
:106AB000120442EA03229DF815301A43920203E0C1
:106AC000000002400030014002F58062C1F8102150
:106AD000FFF736FC00203FE770B585B0FF228DF848
:106AE0000820C14A936943F480239361BF4C51232A
:106AF0002268520603D4226842F04002226042F229
:106B000010752A4600E000BFA668B60701D4521EE1
:106B1000F9D2A268D2070AD0E2688DF80020A268F4
:106B2000D20702D0E2688DF800209DF80020237380
:106B30002A4600E000BFA368DB0701D1521EF9D24C
:106B4000A268D20700D0E2682268030E520603D47E
:106B5000226842F0400222602A4600E000BFA66898
:106B6000B60701D4521EF9D2A268D2070AD0E26851
:106B70008DF80020A268D20702D0E2688DF80020CC
:106B80009DF8002023732A4600E000BFA368DB07BE
:106B900001D1521EF9D2A268D20700D0E268226861
:106BA000C0F30743520603D4226842F04002226039
:106BB0002A4600E000BFA668B60701D4521EF9D2EB
:106BC000A268D2070AD0E2688DF80020A268D20736
:106BD00002D0E2688DF800209DF8002023732A4639
:106BE00000E000BFA368DB0701D1521EF9D2A26802
:106BF000D20700D0E2682268C0F30723520603D40C
:106C0000226842F0400222602A4600E000BFA668E7
:106C1000B60701D4521EF9D2A268D2070AD0E268A0
:106C20008DF80020A268D20702D0E2688DF800201B
:106C30009DF8002023732A4600E000BFA368DB070D
:106C400001D1521EF9D2A268D20700D0E2682268B0
:106C5000C0B2520603D4226842F0400222602A46A3
:106C600000E000BFA3689B0701D4521EF9D2A268BE
:106C7000D2070AD0E2688DF80020A268D20702D0BD
:106C8000E2688DF800209DF800202073284600E07F
:106C900000BFA268D20701D1401EF9D2A068C00788
:106CA00000D0E06820680122400603D4206840F04C
:106CB00040002060284600E000BFA3689B0701D485
:106CC000401EF9D2A068C0070AD0E0688DF8000025
:106CD000A068C00702D0E0688DF800009DF80000B1
:106CE0002273284600E000BFA268D20701D1401EEF
:106CF000F9D2A068C00700D0E0682A462DE02068DD
:106D0000FF26400603D4206840F04000206028465B
:106D100000E000BFA3689B0701D4401EF9D2A06821
:106D2000C0070AD0E0688DF80000A068C00702D054
:106D3000E0688DF800009DF800002673284600E00A
:106D400000BFA368DB0701D1401EF9D2A068C007CD
:106D500001D0E068C0B28DF808009DF80800FF2857
:106D600001D1521ECBD29DF80800FF2806D09DF815
:106D7000080030B14FF0FF3005B070BD6FF001007A
:106D8000FAE70846FFF7F4FB8DF808002068FF21BA
:106D9000400603D4206840F040002060284600E010
:106DA00000BFA268920701D4401EF9D2A068C007B4
:106DB0000AD0E0688DF80000A068C00702D0E06843
:106DC0008DF800009DF80000217300E000BFA0686E
:106DD000C00701D16D1EF9D2A068C00700D0E068DD
:106DE0009DF80800C8E700000000024000300140A4
:106DF000F0B5FFA187B0D1E90053FF268DF81060F0
:106E0000FD4900248A6942F480228A61FB49EFB27D
:106E10000A68520603D40A6842F040020A6042F24D
:106E20001072944600E000BFD1F808E05FEA8E7E61
:106E300002D4BCF1010CF6D2D1F808C05FEACC7CD8
:106E40000ED0D1F80CC08DF808C0D1F808C05FEAA8
:106E5000CC7C03D0D1F80CC08DF808C09DF808C0D8
:106E60000F73174600E000BFD1F808C05FEACC7C82
:106E700001D17F1EF7D28F68FF0700D0CF68D1F80D
:106E800000C0C5F307275FEA4C6C05D4D1F800C0F9
:106E90004CF0400CC1F800C0944600E000BFD1F8AF
:106EA00008E05FEA8E7E02D4BCF1010CF6D2D1F884
:106EB00008C05FEACC7C0ED0D1F80CC08DF808C0B9
:106EC000D1F808C05FEACC7C03D0D1F80CC08DF8B3
:106ED00008C09DF808C00F73174600E000BFD1F846
:106EE00008C05FEACC7C01D17F1EF7D28F68FF0714
:106EF00000D0CF68D1F800C0C5F307475FEA4C6CFB
:106F000005D4D1F800C04CF0400CC1F800C0944644
:106F100000E000BFD1F808E05FEA8E7E02D4BCF149
:106F2000010CF6D2D1F808C05FEACC7C0ED0D1F8C3
:106F30000CC08DF808C0D1F808C05FEACC7C03D043
:106F4000D1F80CC08DF808C09DF808C00F73174623
:106F500000E000BFD1F808C05FEACC7C01D17F1E01
:106F6000F7D28F68FF0700D0CF680F682D0E7F061D
:106F700003D40F6847F040070F60174600E000BFDA
:106F8000D1F808C05FEA8C7C01D47F1EF7D28F68ED
:106F9000FF070AD0CF688DF800708F68FF0702D016
:106FA000CF688DF800709DF800700D73154600E0F5
:106FB00000BF8F68FF0701D16D1EF9D28D68ED0704
:106FC00000D0CD680F68DDB27F0603D40F6847F0AC
:106FD00040070F60174600E000BFD1F808C05FEA25
:106FE0008C7C01D47F1EF7D28F68FF070AD0CF6850
:106FF0008DF800708F68FF0702D0CF688DF80070A1
:107000009DF800700D73154600E000BF8F68FF0704
:1070100001D16D1EF9D28D68ED0700D0CD680D68E5
:10702000C3F307236D0603D40D6845F040050D60DA
:10703000154600E000BF8F68BF0701D46D1EF9D26E
:107040008D68ED070AD0CD688DF800508D68ED078A
:1070500002D0CD688DF800509DF800500B73134698
:1070600000E000BF8D68ED0701D15B1EF9D28B688F
:107070004FF0000CDB0731D0CB682FE00B68FF2707
:107080005B0603D40B6843F040030B60964613463F
:1070900000E000BF8D68AD0701D45B1EF9D28B689C
:1070A000DB070AD0CB688DF800308B68DB0702D095
:1070B000CB688DF800309DF800300F7300E000BF02
:1070C0008B68DB0702D1BEF1010EF8D28B68DB07BB
:1070D00009D0CB685FFA83F38DF810309DF810303B
:1070E000FF2B02D005E06346F6E72346641C93427B
:1070F000C4D39DF81030FF2B09D003780C686406C8
:1071000003D40C6844F040040C60154604E04FF0D2
:10711000FF3007B0F0BD00BF8C68A40701D46D1E1E
:10712000F9D28C68E4070AD0CC688DF800408C68EE
:10713000E40702D0CC688DF800409DF800400B7346
:10714000144600E000BF8B68DB0701D1641EF9D252
:107150008B68DB0700D0CB6843780C68640603D4E7
:107160000C6844F040040C60144600E000BF8D68D9
:10717000AD0701D4641EF9D28C68E4070AD0CC684C
:107180008DF800408C68E40702D0CC688DF8004090
:107190009DF800400B73134600E000BF8C68E407C5
:1071A00001D15B1EF9D28B68DB0700D0CB688478F5
:1071B0000B685B0603D40B6843F040030B60134677
:1071C00000E000BF8D68AD0701D45B1EF9D28B686B
:1071D000DB070AD0CB688DF800308B68DB0702D064
:1071E000CB688DF800309DF800300C73144608E031
:1071F0007700000000010000000002400030014064
:1072000000BF8B68DB0701D1641EF9D28B68DB07F6
:1072100000D0CB68C3780C68640603D40C6844F0D3
:1072200040040C60144600E000BF8D68AD0701D437
:10723000641EF9D28C68E4070AD0CC688DF800404F
:107240008C68E40702D0CC688DF800409DF80040BF
:107250000B73144600E000BF8B68DB0701D1641E8E
:10726000F9D28B68DB0700D0CB6803790C68640621
:1072700003D40C6844F040040C60144600E000BFE6
:107280008D68AD0701D4641EF9D28C68E4070AD07A
:10729000CC688DF800408C68E40702D0CC688DF88B
:1072A00000409DF800400B73134600E000BF8C685F
:1072B000E40701D15B1EF9D28B68DB0700D0CB68F5
:1072C00043790868400603D4086840F0400008602D
:1072D000104600E000BF8C68A40701D4401EF9D21C
:1072E0008868C0070AD0C8688DF800008868C007A1
:1072F00002D0C8688DF800009DF800000B7310469E
:1073000000E000BF8B68DB0701D1401EF9D288681E
:10731000C00700D0C8688DF8106000242EE008680F
:10732000FF23400603D4086840F040000860104680
:1073300000E000BF8D68AD0701D4401EF9D2886817
:10734000C0070AD0C8688DF800008868C00702D05E
:10735000C8688DF800009DF800000B73134600E02C
:1073600000BF8868C00701D15B1EF9D28868C007DA
:1073700009D0C8685FFA80F08DF810009DF8100001
:10738000FF2802D005E06046F6E72046641C9042E4
:10739000C5D30868FF23400603D4086840F04000C6
:1073A0000860104600E000BF8C68A40701D4401EAE
:1073B000F9D28868C0070AD0C8688DF800008868CC
:1073C000C00702D0C8688DF800009DF800000B735C
:1073D00000E000BF8868C00701D1521EF9D288685A
:1073E000C00700D0C8689DF8100092E670B585B05F
:1073F000FF218DF80810B84900238A6942F48022E1
:107400008A61B64905780A68520603D40A6842F0D0
:1074100040020A6042F21072144600E000BF8E681B
:10742000B60701D4641EF9D28C68E4070AD0CC6890
:107430008DF800408C68E40702D0CC688DF80040DD
:107440009DF800400D73144600E000BF8D68ED0705
:1074500001D1641EF9D28C68E40700D0CC6845786D
:107460000C68640603D40C6844F040040C601446B5
:1074700000E000BF8E68B60701D4641EF9D28C68A4
:10748000E4070AD0CC688DF800408C68E40702D08D
:10749000CC688DF800409DF800400D73144600E064
:1074A00000BF8D68ED0701D1641EF9D28C68E40736
:1074B00000D0CC6884780D686D0603D40D6845F063
:1074C00040050D60154600E000BF8E68B60701D488
:1074D0006D1EF9D28D68ED070AD0CD688DF8005089
:1074E0008D68ED0702D0CD688DF800509DF80050F2
:1074F0000C73154600E000BF8C68E40701D16D1ED7
:10750000F9D28C68E40700D0CC68C4780D686D06A9
:1075100003D40D6845F040050D60154600E000BF3E
:107520008E68B60701D46D1EF9D28D68ED070AD0BA
:10753000CD688DF800508D68ED0702D0CD688DF8CC
:1075400000509DF800500C73144600E000BF8D6899
:10755000ED0701D1641EF9D28C68E40700D0CC6835
:1075600005790C68640603D40C6844F040040C6090
:10757000144600E000BF8E68B60701D4641EF9D23D
:107580008C68E4070AD0CC688DF800408C68E4076A
:1075900002D0CC688DF800409DF800400D73144671
:1075A00000E000BF8D68ED0701D1641EF9D28C6840
:1075B000E40700D0CC6844790868400603D4086822
:1075C00040F040000860104600E000BF8D68AD0745
:1075D00001D4401EF9D28868C0070AD0C8688DF867
:1075E00000008868C00702D0C8688DF800009DF8C8
:1075F00000000C73104600E000BF8C68E40701D166
:10760000401EF9D28868C0072FD0C8682DE00868EE
:10761000FF24400603D4086840F04000086010468C
:1076200000E000BF8D68AD0701D4401EF9D2886824
:10763000C0070AD0C8688DF800008868C00702D06B
:10764000C8688DF800009DF800000C73104600E03B
:1076500000BF8C68E40701D1401EF9D28868C007DA
:1076600001D0C868C0B28DF808009DF80800FF2856
:1076700003D118465B1C9042C9D30868FF2340061B
:1076800003D4086840F040000860104600E000BFE6
:107690008C68A40701D4401EF9D28868C0070AD0BC
:1076A000C8688DF800008868C00702D0C8688DF8E7
:1076B00000009DF800000B7300E000BF8868C00761
:1076C00001D1521EF9D28868C00700D0C8689DF861
:1076D000080005B070BD000000000240003001400D
:1076E000F0B586B0FF228DF80C20A84A00269369D9
:1076F00043F480239361A64A4FF0060E13685B069D
:1077000003D4136843F040031360002542F2107362
:107710001C4600E000BF9768BF0705D4641EF9D27D
:1077200002E0D4688DF814409468E407F9D1445D10
:1077300014731C461F4600E000BFD2F808C05FEA81
:10774000CC7C01D17F1EF7D29768FF0734D0D76871
:107750008DF814706D1C7545DADB2DE01068FF277D
:10776000400603D4106840F040001060204600E05E
:1077700000BF9568AD0701D4401EF9D29068C007DC
:107780000AD0D0688DF800009068C00702D0D06899
:107790008DF800009DF800001773204600E000BF40
:1077A0009568ED0701D1401EF9D29068C00701D05D
:1077B000D068C0B28DF80C009DF80C00FF2803D1F2
:1077C0003046761CA042C9D39DF80C00FF2809D092
:1077D000CC781068400603D4106840F04000106078
:1077E000184604E04FF0FF3006B0F0BD00BF9568CA
:1077F000AD0701D4401EF9D29068C0070AD0D06806
:107800008DF800009068C00702D0D0688DF80000A5
:107810009DF800001473184600E000BF9468E40768
:1078200001D1401EF9D29068C00700D0D0688C7892
:107830001068400603D4106840F0400010601846FD
:1078400000E000BF9568AD0701D4401EF9D29068F2
:10785000C0070AD0D0688DF800009068C00702D039
:10786000D0688DF800009DF800001473184600E001
:1078700000BF9468E40701D1401EF9D29068C007A8
:1078800000D0D06848781468640603D4146844F0C3
:10789000400414601C4600E000BF9568AD0701D4A9
:1078A000641EF9D29468E4070AD0D4688DF80040C9
:1078B0009468E40702D0D4688DF800409DF8004039
:1078C0001073184600E000BF9468E40701D1401E21
:1078D000F9D29068C00700D0D068097810684006D7
:1078E00003D4106840F040001060184600E000BF6C
:1078F0009468A40701D4401EF9D29068C0070AD04A
:10790000D0688DF800009068C00702D0D0688DF86C
:1079100000009DF800001173184600E000BF916858
:10792000C90701D1401EF9D29068C00700D0D068C5
:107930001068FF21400603D4106840F0400010603A
:107940001C4600E000BF9068800702D4641E601CE3
:10795000F8D19068C0070AD0D0688DF80000906810
:10796000C00702D0D0688DF800009DF800001173A8
:1079700000E000BF9068C00701D15B1EF9D290689B
:10798000C00700D0D0689DF80C002DE70000024031
:1079900000300140F0B56BA187B009680491FF2168
:1079A0008DF80C10684900258A6942F480228A61AA
:1079B000664A06271168490603D4116841F0400160
:1079C0001160002442F210710B4600E000BF96687F
:1079D000B60705D45B1EF9D202E0D3688DF81830E3
:1079E0009368DB07F9D1035D13730B460E4600E085
:1079F00000BFD2F808C05FEACC7C01D1761EF7D276
:107A00009668F60734D0D6688DF81860641CBC42BE
:107A1000DADB2DE01068FF21400603D4106840F047
:107A200040001060184600E000BF9468A40701D42D
:107A3000401EF9D29068C0070AD0D0688DF80000C7
:107A40009068C00702D0D0688DF800009DF8000053
:107A50001173184600E000BF9168C90701D1401EAC
:107A6000F9D29068C00701D0D068C0B28DF80C0080
:107A70009DF80C00FF2803D128466D1C9842C9D3FD
:107A80009DF80C00FF280BD0106804AC04254006BC
:107A900003D4106840F0400010600021184604E054
:107AA0004FF0FF3007B0F0BD00BF9668B60705D4B1
:107AB000401EF9D202E0D0688DF814009068C0072B
:107AC000F9D1605C10731E4600E000BF9068C007EB
:107AD00001D1761EF9D29068C00705D0D0688DF824
:107AE0001400491CA942D9DB1068FF21400603D4C9
:107AF000106840F040001060184600E000BF946835
:107B0000A40701D4401EF9D29068C0070AD0D068FB
:107B10008DF800009068C00702D0D0688DF8000092
:107B20009DF80000117300E000BF9068C00701D10C
:107B30005B1EF9D29068C00700D0D0689DF80C0099
:107B4000B0E70000FFFFFFFF0000024000300140EF
:107B5000F0B5694C85B0002323708DF80830684873
:107B6000664D816941F4802181616648FD26016886
:107B7000490603D4016841F04001016042F21071EE
:107B80000A4600E000BF8768BF0701D4521EF9D241
:107B90008268D2070AD0C2688DF800208268D207B6
:107BA00002D0C2688DF800209DF8002006730A46B6
:107BB00000E000BF8668F60701D1521EF9D2826844
:107BC000D20700D0C2680668FF22760603D4066892
:107BD00046F0400606600E4600E000BF8768BF071B
:107BE00001D4761EF9D28668F6070AD0C6688DF8E9
:107BF00000608668F60702D0C6688DF800609DF8C0
:107C0000006002730A4600E000BF8668F60701D1F3
:107C1000521EF9D28268D20700D0C2685FF0010715
:107C20009DF80820FF2A33D06D1E31D363700A46B9
:107C300000E000BF8668B60701D4521EF9D2826800
:107C4000920701D4677021E0FF2202730A4600E028
:107C500000BF8668F60701D1521EF9D28268D207AA
:107C600009D0027B8DF808206278002AD8D06FF006
:107C7000010005B0F0BD826800926770520605D51C
:107C8000027B8DF800209DF8002082681A46E9E703
:107C90009DF80820FF2A02D04FF0FF30E9E7026884
:107CA000FF23520603D4026842F0400202600A46F3
:107CB00000E000BF8468A40701D4521EF9D2826894
:107CC000D2070AD0C2688DF800208268D20702D09D
:107CD000C2688DF800209DF80020037300E000BF0B
:107CE0008268D20701D1491EF9D28168C90700D044
:107CF000C0680020BDE70000FC03002080380100C0
:107D0000000002400030014070B5C44985B0002336
:107D10000B70FF218DF80810C1498A6942F4802256
:107D20008A61C04A59251168490603D4116841F097
:107D30004001116042F210710C4600E000BF9668ED
:107D4000B60701D4641EF9D29468E4070AD0D46857
:107D50008DF800409468E40702D0D4688DF80040A4
:107D60009DF8004015730C4600E000BF9568ED07D4
:107D700001D1641EF9D29468E40700D0D468146875
:107D8000050E640603D4146844F0400414600C46E5
:107D900000E000BF9668B60701D4641EF9D294686B
:107DA000E4070AD0D4688DF800409468E40702D054
:107DB000D4688DF800409DF8004015730C4600E033
:107DC00000BF9568ED0701D1641EF9D29468E407FD
:107DD00000D0D4681468C0F30745640603D414685F
:107DE00044F0400414600E4600E000BF9468A4070D
:107DF00002D4761E741CF8D19468E4070AD0D468C3
:107E00008DF800409468E40702D0D4688DF80040F3
:107E10009DF8004015730C4600E000BF9568ED0723
:107E200001D1641EF9D29468E40700D0D4681468C4
:107E3000C0F30725640603D4146844F040041460BA
:107E40000C4600E000BF9668B60701D4641EF9D264
:107E50009468E4070AD0D4688DF800409468E40779
:107E600002D0D4688DF800409DF8004015730C4690
:107E700000E000BF9568ED0701D1641EF9D2946857
:107E8000E40700D0D4681468C0B2640603D4146850
:107E900044F0400414600C4600E000BF9568AD0754
:107EA00001D4641EF9D29468E4070AD0D4688DF82E
:107EB00000409468E40702D0D4688DF800409DF833
:107EC00000401073084600E000BF9468E40701D149
:107ED000401EF9D29068C00700D0D0681068012415
:107EE000400603D4106840F040001060084600E0EF
:107EF00000BF9568AD0701D4401EF9D29068C00755
:107F00000AD0D0688DF800009068C00702D0D06811
:107F10008DF800009DF800001473084600E000BFD3
:107F20009468E40701D1401EF9D29068C00700D0E0
:107F3000D068002438E02046641CA4B2052803D988
:107F40006FF0010005B070BD1568FF206D0603D409
:107F5000156845F0400515600D4600E000BF9668C5
:107F6000B60701D46D1EF9D29568ED070AD0D56821
:107F70008DF800509568ED0702D0D5688DF8005057
:107F80009DF8005010730D4600E000BF9068C007D8
:107F900002D16D1E681CF8D19068C0070ED0D06861
:107FA0005FFA80F08DF808009DF80800FF28C2D025
:107FB0009DF8080020B14FF0FF30C3E71846F1E705
:107FC0001068FF23400603D4106840F040001060A2
:107FD000084600E000BF9468A40701D4401EF9D20F
:107FE0009068C0070AD0D0688DF800009068C0077C
:107FF00002D0D0688DF800009DF80000137300E0F7
:1080000000BF9068C00701D1491EF9D29068C0072F
:1080100000D0D0689DF8080094E70000FC03002021
:1080200000000240003001402DE9F84304F0E8F977
:1080300004F0E6F904F0E4F900F01F0000232C4AF4
:10804000052803D01370581EBDE8F883DFF8A4C0DC
:10805000DCF8049028484FF47A710068B0FBF1F81E
:10806000FA2008FB00F8254842F21071012700258C
:1080700053700C4600E000BF8668B60701D4641E4A
:10808000F9D28468A40701D457701BE0FF2404735D
:108090000C4600E000BF8668F60701D1641EF9D2E5
:1080A0008468E40703D0047BFF2C11D00AE08468C5
:1080B00000945770640605D5047B8DF800409DF848
:1080C00000408468547834B113706FF00200BBE74D
:1080D00017700020B8E76D1C402DC9D3DCF80450A0
:1080E000A5EB09044445C2D313706FF00100ABE760
:1080F000FC030020001000E03806002000300140A2
:108100002DE9F04186B00546FF200C468DF80C00A5
:1081100008F00AFAFE49886940F480208861FD4A27
:1081200058261068400603D4106840F040001060E4
:1081300042F21073184600E000BF9768BF0701D4F1
:10814000401EF9D29068C0070AD0D0688DF80000B0
:108150009068C00702D0D0688DF800009DF800003C
:108160001673184600E000BF9668F60701D1401E5E
:10817000F9D29068C00700D0D0681668280E76063D
:1081800003D4166846F0400616601E4600E000BFA5
:108190009768BF0701D4761EF9D29668F6070AD011
:1081A000D6688DF800609668F60702D0D6688DF81C
:1081B00000609DF8006010731E4600E000BF9068EC
:1081C000C00701D1761EF9D29068C00700D0D068F0
:1081D0001668C5F30740760603D4166846F04006D5
:1081E00016601E4600E000BF9768BF0701D4761EE8
:1081F000F9D29668F6070AD0D6688DF800609668BE
:10820000F60702D0D6688DF800609DF80060107304
:108210001E4600E000BF9068C00701D1761EF9D26B
:108220009068C00700D0D0681668C5F307207606AE
:1082300003D4166846F0400616601E4600E000BFF4
:108240009768BF0701D4761EF9D29668F6070AD060
:10825000D6688DF800609668F60702D0D6688DF86B
:1082600000609DF800601073184600E000BF96683B
:10827000F60701D1401EF9D29068C00700D0D0683F
:108280001068EDB2400603D4106840F04000106062
:10829000184600E000BF9668B60701D4401EF9D228
:1082A0009068C0070AD0D0688DF800009068C007B9
:1082B00002D0D0688DF800009DF8000015731846B4
:1082C00000E000BF9568ED0701D1401EF9D290682B
:1082D000C00700D0D06810680125400603D410689C
:1082E00040F040001060184600E000BF9668B607F6
:1082F00001D4401EF9D29068C0070AD0D0688DF82A
:1083000000009068C00702D0D0688DF800009DF88A
:1083100000001573184600E000BF9568ED0701D115
:10832000401EF9D29068C00700D0D0681D460026D4
:1083300030E000BF10684FF0FF0C400603D4106817
:1083400040F040001060184600E000BF9768BF078B
:1083500001D4401EF9D29068C0070AD0D0688DF8C9
:1083600000009068C00702D0D0688DF800009DF82A
:10837000000082F80CC0184600E000BF9768FF07B5
:1083800001D1401EF9D29068C00708D0D068C0B2B1
:108390008DF80C009DF80C00FF2802D003E0304659
:1083A000F6E76D1EC6D29DF80C00FF2806D09DF89A
:1083B0000C004FF0FF38002874D106E008F0B4F844
:1083C0006FF0010006B0BDE8F0811568FF206D0672
:1083D00003D4156845F0400515601D4600E000BF58
:1083E0009768BF0701D46D1EF9D29568ED070AD0D2
:1083F000D5688DF800509568ED0702D0D5688DF8E6
:1084000000509DF800501073184600E000BF9568BA
:10841000ED0701D1401EF9D29068C00700D0D068A6
:10842000886940F4802088611068FE21400603D4EA
:10843000106840F040001060184600E000BF9568EA
:10844000AD0701D4401EF9D29068C0070AD0D068A9
:108450008DF800009068C00702D0D0688DF8000049
:108460009DF800001173184600E000BF9168C9072D
:1084700001D1401EF9D29068C00700D0D0681068C2
:108480004FF40077400603D4106840F040001060BD
:108490000021184600E000BF9568AD0706D4401ED5
:1084A000F9D203E0A8E0D0688DF810009068C0070A
:1084B000F9D1605C1073184600E000BF9568ED07C5
:1084C00001D1401EF9D29068C00705D0D0688DF860
:1084D0001000491CB942DCDB1068FF21400603D4C0
:1084E000106840F040001060184600E000BF94683B
:1084F000A40701D4401EF9D29068C00710D0D068FC
:108500008DF800009068C00708D0D06804E0000033
:1085100000000240003001408DF800009DF800008E
:108520001173184600E000BF9168C90701D1401ED1
:10853000F9D29068C00700D0D0681068FF214006CB
:1085400003D4106840F040001060184600E000BFFF
:108550009468A40701D4401EF9D29068C0070AD0DD
:10856000D0688DF800009068C00702D0D0688DF800
:1085700000009DF800001173184600E000BF9168EC
:10858000C90701D1401EF9D29068C00700D0D06859
:108590001068FF21400603D4106840F040001060CE
:1085A000184600E000BF9468A40701D4401EF9D229
:1085B0009068C0070AD0D0688DF800009068C007A6
:1085C00002D0D0688DF800009DF8000011731846A5
:1085D00000E000BF9168C90701D1401EF9D2906840
:1085E000C0070DD0D068C0B28DF80C009DF80C000B
:1085F00000F01F00052805D007F096FF4046E1E691
:108600003046F1E78DF80C6022492DE01068FF2418
:10861000400603D4106840F040001060184600E0A7
:1086200000BF9568AD0701D4401EF9D29068C0071D
:108630000AD0D0688DF800009068C00702D0D068DA
:108640008DF800009DF800001473184600E000BF8C
:108650009468E40701D1401EF9D29068C00707D0A2
:10866000D068C0B28DF80C009DF80C0010B104E089
:108670003046F7E7491E481CC8D19DF80C0018B1D8
:1086800007F052FF00209DE607F04EFF6FF002005A
:1086900098E60000803801002DE9F0438946F4494E
:1086A00085B04FF0000C81F800C0F24B19684FF014
:1086B000FF38CC07F0496FF0010742F2107226D064
:1086C000EE4D144600E000BF8E68B60701D4641E6C
:1086D000F9D24C6824F002044C601C6824F00104B8
:1086E0001C6000E000BF1C68E40701D06D1EF9D2D9
:1086F0001B68DB0703D0384605B0BDE8F0830B6884
:1087000023F040030B600B6843F040030B60FF2332
:108710008DF80830DA4B9C6944F480249C610D6824
:1087200058246D0603D40D6845F040050D601546CC
:1087300000E000BF8E68B60701D46D1EF9D28D68C7
:10874000ED070AD0CD688DF800508D68ED0702D096
:10875000CD688DF800509DF800500C73144600E071
:1087600000BF8D68ED0701D1641EF9D28C68E40763
:1087700000D0CC680D68040E6D0603D40D6845F07A
:1087800040050D60154600E000BF8E68B60701D4B5
:108790006D1EF9D28D68ED070AD0CD688DF80050B6
:1087A0008D68ED0702D0CD688DF800509DF800501F
:1087B0000C73144600E000BF8D68ED0701D1641E04
:1087C000F9D28C68E40700D0CC680C68C0F3074588
:1087D000640603D40C6844F040040C60144600E0C6
:1087E00000BF8E68B60701D4641EF9D28C68E40716
:1087F0000AD0CC688DF800408C68E40702D0CC68C1
:108800008DF800409DF800400D73144600E000BF55
:108810008D68ED0701D1641EF9D28C68E40700D0A1
:10882000CC680D68C0F307246D0603D40D6845F0CD
:1088300040050D60154600E000BF8E68B60701D404
:108840006D1EF9D28D68ED070AD0CD688DF8005005
:108850008D68ED0702D0CD688DF800509DF800506E
:108860000C73144600E000BF8D68ED0701D1641E53
:10887000F9D28C68E40700D0CC680C68C0B26406FA
:1088800003D40C6844F040040C60144600E000BFC0
:108890008D68AD0701D4641EF9D28C68E4070AD054
:1088A000CC688DF800408C68E40702D0CC688DF865
:1088B00000409DF800400873104600E000BF8C683F
:1088C000E40701D1401EF9D28868C00700D0C8680B
:1088D0000C680120640603D40C6844F040040C606A
:1088E000144600E000BF8D68AD0701D4641EF9D2C4
:1088F0008C68E4070AD0CC688DF800408C68E407E7
:1089000002D0CC688DF800409DF8004008731046F6
:1089100000E000BF8C68E40701D1401EF9D28868EE
:10892000C00700D0C868002434E02046641CA4B20C
:1089300005283FF6E0AE0868FF26400603D4086825
:1089400040F040000860104600E000BF8D68AD07B1
:1089500001D4401EF9D28868C0070AD0C8688DF8D3
:1089600000008868C00702D0C8688DF800009DF834
:1089700000000E73104600E000BF8D68ED0701D1C6
:10898000401EF9D28868C0070DD0C8685FFA80F031
:108990008DF808009DF80800FF28C6D09DF8080053
:1089A00018B14046A8E66046F2E70868FF24400692
:1089B00003D4086840F040000860104600E000BFA3
:1089C0008D68AD0701D4401EF9D28868C0070AD06F
:1089D000C8688DF800008868C00702D0C8688DF8A4
:1089E00000009DF800000C73144600E000BF88688A
:1089F000C00701D1641EF9D28868C00700D0C868DA
:108A0000986940F4802098610868FE23400603D4EA
:108A1000086840F040000860104600E000BF8C6825
:108A2000A40701D4401EF9D28868C0070AD0C868DC
:108A30008DF800008868C00702D0C8688DF8000073
:108A40009DF800000B7300E000BF8868C00701D1EB
:108A5000521EF9D28868C00700D0C8684FF4007170
:108A60004846FDF7FBFB00289CD06FF0020043E670
:108A7000FC0300205864024000300140A086010041
:108A8000000002402DE9F847554D82468946286886
:108A9000544BC60754494FF0FF386FF001004FF0B8
:108AA000000442F2107227D0504F164600E000BF7B
:108AB000D1F808C05FEA8C7C01D4761EF7D24E68EC
:108AC00026F002064E602E6826F001062E6000E0B9
:108AD00000BF2E68F60701D07F1EF9D22D68ED0782
:108AE00002D01C70BDE8F8870D6825F040050D60C8
:108AF0000D6845F040050D603D4DAE6946F4802699
:108B0000AE611D784DBB00264FF0010C5C70154620
:108B100000E000BF8F68BF0701D46D1EF9D28D68D9
:108B2000AD0702D483F801C00FE0FF250D73154691
:108B300000E000BF8F68FF0701D16D1EF9D28D687C
:108B4000ED0714D00D7BFF2D07D05D78002DC8D127
:108B5000032E19D0761C042ED8D30868FC234006B7
:108B600003D4086840F040000860104610E08D68AB
:108B7000009583F801C06D06E7D50D7B8DF8005098
:108B80009DF800508D68E0E71C704046AAE700BFE2
:108B90008C68A40701D4401EF9D28868C0070AD0A7
:108BA000C8688DF800008868C00702D0C8688DF8D2
:108BB00000009DF800000B7300E000BF8868C0074C
:108BC00001D1521EF9D28868C00700D0C868494652
:108BD0005046FDF743FB002884D06FF0020081E788
:108BE00058640240FC03002000300140A0860100D0
:108BF000000002402DE9F05F04460BA80D4690E806
:108C0000400C20680A9F98464168914621F0010176
:108C100041602868416821F001014160E06C01F089
:108C200087F8E86C01F084F8F06A01F081F82046DA
:108C300001F056F8284601F053F8E16C0968C1F8D4
:108C40000C80E16C08EB570009680861E06C006873
:108C5000016841F480210160E06C0068016821F442
:108C600000210160E16C206809680C308860E16CCB
:108C7000B8088046096848602068016821F0400112
:108C800001602068416841F001014160206801688D
:108C900041F040010160E06C0068016841F00101B1
:108CA0000160424908680006FCD44148826942F4E8
:108CB0000022826100BF00BF022200BF521C322A84
:108CC000FBDB3A4B4FF44E421B1D1A600A6812063A
:108CD000FCD400BF00BF022200BF521C322AFBDBC3
:108CE000826942F00802826100BF00BF022000BF1B
:108CF000401C3228FBDB08680006FCD4284600F044
:108D0000EFFFE96C0968C1F80C90E96C09EB5700BA
:108D100009680861E86C0068016841F4802101601D
:108D2000E86C0068016821F400210160E96C2868A2
:108D300009680C308860E96C0968C1F8048028680B
:108D4000016821F0400101602868416841F001019B
:108D500041602868016841F040010160E86C0068EA
:108D6000016841F001010160F16A0968C1F80CA0D5
:108D7000F16A206809680C308860F16A4FEA5B008C
:108D800009684860F06A0068016821F0100101601C
:108D90003068C16841F40061C160F06A0068016830
:108DA00041F001010160BDE8F09F0000083800407B
:108DB000000002400021CA1CD206D20C20F811206B
:108DC000491C2029F7DB70472DE9F04F04462DEDB3
:108DD0000A8BADF2745D4FF00009D4E9A765D0F8B5
:108DE000B002CDF80005B4F8B402CDF8FC040A20B6
:108DF00004F51E74CDF80090CDF80805FAF7EAFFE7
:108E0000CDF85005FE4807C89FEDFE0A0DF2445309
:108E100083E8070004ED7C0AA069A4F51E748007AE
:108E20007DD400279FEDF89BF3EE04AA9FEDF88B0D
:108E3000DFF8E4A39FEDF9AA780007F086FF53EC72
:108E4000192B08F02FF807F099FC00EE900A80EE3D
:108E5000AA0A10EE100A08F075FB41EC100B06F0A0
:108E60000BF853EC182B51EC100B08F01BF853ECDB
:108E7000182B07F0B5FC07F081FC00EE100A10EE8D
:108E8000100A504501DD9FEDE60AB5EEC00AF1EE8D
:108E900010FA01D2B0EE4A0A0DF5A361BCEEC00A89
:108EA00010EE100AC8557F1C142FC5DBB4F88600DD
:108EB0001822012820784FF0080C44F6206743D090
:108EC000B7FBF0F14FF0FF300DF11008034688E8D2
:108ED00019008DE8061029463046DDF8FC34DDF82F
:108EE000002500F03BFF2946304601F06BF9492090
:108EF000009005233046DDF8FC24DDF8001501F074
:108F0000E3FAD4F8900240F00400C4F89002DDF8CF
:108F1000FC044FF0010A0221CDF8389500E004E38B
:108F2000CDF83C15CDF83005CDF834A5CDF84095F9
:108F30000DF5A661DDF80005F9F7B4FC00200DF190
:108F40001C0BCDF8540519E0B7FBF0F34FF0FF30E0
:108F50000DF10808014688E81300CDE9002C3046E1
:108F6000DDF8FC24DDF8001501F020F8BFE7010072
:108F700004D0012904D0022805D103E0412002E0F9
:108F8000492000E05920009005233046DDF8FC24FC
:108F9000DDF8001501F098FAA24908680B1FCDF81A
:108FA00068051868CDF864059E482C380068CDF82F
:108FB00060059C48283800689A4ACDF85C05203A3C
:108FC0001068CDF8580500201860DDF8503544F6DB
:108FD0002067B3FBF7F35B1E0B601060914A012121
:108FE000183A1160111F08608E4908390860074659
:108FF000FFE100204FEA0B0101EB8002401C82EDF3
:1090000000AA1428F8DB07F03F0000900723304641
:10901000DDF8FC24DDF8001501F056FA8149002046
:109020001C3908607F482C38016841F0010101605B
:10903000002000907C4801680906FCD47B498A69BD
:1090400042F400228A6100BF00BF022200BF521C0E
:10905000322AFBDB9DF8182542F40643724A121DA2
:10906000136003681B06FCD400BF00BF022300BFCF
:109070005B1C322BFBDB8B6943F008038B6100BF69
:1090800000BF022300BF5B1C322BFBDB3368DB68B5
:10909000ADF804302B68DB68ADF8043003681B06BC
:1090A000FCD48B6943F400238B6100BF00BF022313
:1090B00000BF5B1C322BFBDBFB06DB0C9A469646A3
:1090C000136002681206FCD400BF00BF022200BF7A
:1090D000521C322AFBDB8A69894642F008028A6107
:1090E00000BF00BF022100BF491C3229FBDB504BEF
:1090F0001968C907FCD03168C968ADF8081029683B
:10910000C968ADF80810002246491C39D1F800C0E2
:109110005FEACC7CF8D04FF0000CC1F800C00168C9
:109120000906FCD4D9F818C04CF4002CC9F818C0B2
:1091300000BF00BF022100BF491C3229FBDB511CCC
:109140004FF0140C91FBFCF80CFB181C0DF5A361FF
:10915000F04611F80C1041F4064CCEF800C001683E
:109160000906FCD400BF00BF022100BF491C322900
:10917000FBDBD9F818C049464CF0080CC9F818C0F8
:1091800000BF00BF4FF0020C00BF0CF1010CBCF19E
:10919000320FF9DBD6F800C0DCF80CC0ADF814C013
:1091A000D5F800C0DCF80CC0ADF814C0D0F800C091
:1091B0005FEA0C6CFAD4D1F818C04CF4002CC1F85A
:1091C00018C000BF00BF4FF0020C00BF0CF1010C33
:1091D000BCF1320FF9DBC8F800A000BFD0F800C026
:1091E0005FEA0C6CFAD400BF00BF4FF0020C00BF66
:1091F0000CF1010CBCF1320FF9DBD1F818C019E009
:109200004C30040800007A4344174154FB210940C4
:10921000000000000000604000007F4300000000EC
:1092200000007F432C0C0040083800400000024042
:10923000083401404CF0080CC1F818C000BF00BF52
:10924000022100BF491C3229FBDB1968C907FCD089
:109250003168C968ADF80C102968C968ADF81010FC
:109260001F2F0EDDBDF80C104FF6FF7C0CEA4101FC
:10927000ADF80C100BEB8201BDF80CC0D1ED000A6B
:1092800005E00BEB8201BDF810C0D1ED000A0FFA2A
:109290008CFC00EE10CA521C142AB8EEC00A30EE44
:1092A000800A81ED000AFFF62FAF0099DDF808254E
:1092B000491C00919142FFF6BEAE0798804608F027
:1092C00041F941EC190B404608F03CF941EC180B10
:1092D0004FF000080BEB8809D9F8000008F032F9CC
:1092E00053EC192B07F0DCFE05D2D9F8000008F08A
:1092F00029F941EC190BD9F8000008F023F953ECD7
:10930000182B07F093FD05D2D9F8000008F01AF9E0
:1093100041EC180BDDF8080508F101088045D9DBA0
:1093200007F013FD8A4680464AEC1B0BDDF8540516
:109330000DF2445101EB8009D9F8000008F002F960
:1093400041EC1C0B53EC182B51EC190B08F010F8E6
:1093500053EC1C2B07F000FB9FED759B53EC192B76
:1093600007F0A0FD9FED74CB53EC1C2B07F09AFD8A
:1093700053EC1B2B07F0F0FA07F000FA00900DF504
:10938000A2631BAA142107A804F098FBD9ED000AD8
:109390009DED1B1A4AEC188B81EE200A10EE100A84
:1093A00008F0D0F853EC192B07F07CFD53EC1C2B84
:1093B00007F078FD53EC182B07F0CEFA07F0DEF932
:1093C00007EB47011EAA02EB8103DDF854251B9031
:1093D00043F82200DEA800EB4101DDF85405BDF89A
:1093E000102521F810205648016821F00101016084
:1093F0007F1C2078B8423FF7FCAD5149DDF8680585
:109400002C310860091FDDF8640508604C49DDF85F
:10941000600508604A48DDF85C15001D0160484998
:10942000DDF858050C310860DDF85405401CCDF816
:1094300054050328FFF69BAD42480022D0ED0E0AEA
:1094400090ED0F0A104635E000EB40071EAB03EB32
:109450008703002193ED021AB4EEC01AF1EE10FA60
:1094600001D8022107E093ED011AB4EEE01AF1EE03
:1094700010FA00D8012103EB81030DF55E7C93ED1A
:10948000001A04EB80030CEB470783ED441A37F80E
:10949000111004EB4007A7F8101293ED441AD4ED15
:1094A000221AB4EEE11AF1EE10FA00D2521CC4F8FE
:1094B0008C20401C21788142C6DCB4F8860001284B
:1094C00020D04FF0FF31CDE904110694A288E18845
:1094D00060888DE8070029463046DDF8FC34DDF869
:1094E000002500F03BFC00BFD4F8900220F00400FF
:1094F000C4F89002002000900DF2745DBDEC0A8B60
:10950000BDE8F08F4FF0FF3002AA014682E8130059
:10951000A188E088CDE9000163883046DDF8FC24AD
:10952000DDF8001500F042FDDEE74FF0FF30E2E726
:10953000E72AAB23262C8A3EFCA9F1D24D62503F8C
:10954000000C00402430040830B50446414887B080
:10955000142145696846E7F7D5F9002C77D0002D2E
:1095600075D02868002872D0D4F89C0270B10068C9
:1095700060B1416821F003014160D4F89C02C06CE5
:1095800000F0D6FBD4F89C0200F0AAFBD4F8A002AD
:1095900070B1006860B1416821F003014160D4F806
:1095A000A002C06C00F0C4FBD4F8A00200F098FB4D
:1095B000E86A00F0BDFB2868C16821F40061C16061
:1095C0002868016821F00101016028680021C1605C
:1095D00028680161286841621F48026842F0080259
:1095E0000260006800F0080005901C480160001D42
:1095F0000160001D0160001D016018481830016005
:10960000001D0160001D0160144828300160134AEC
:10961000481E2C3210601148243001600F4A01208E
:1096200014321060121F1160B4F8B4220092CDE918
:10963000010102200390D4F8B002694604F52C74AD
:10964000F9F730F9A18801222068F9F726FA07B066
:1096500030BD000040A6002040380240000C004011
:109660002DE9F74F04462DED0A8BBAB0D4E9A76572
:10967000D0F8B0020990B4F8B402089005201F9009
:10968000002004F51E740090FAF7A4FB8146FE4802
:109690002AAB07C883E8070002209FEDFC0A2D9043
:1096A00004ED7C0AA069A4F51E7480077ED400270F
:1096B0009FEDF79BB3EE04AA9FEDF78BDFF8E0A3D5
:1096C0009FEDF8BA780007F040FB53EC192B07F038
:1096D000E9FB07F053F800EE900A80EE8A0A10EEDC
:1096E000100A07F02FFF41EC100B05F0C5FB53ECFF
:1096F000182B51EC100B07F0D5FB53EC182B07F08F
:109700006FF807F03BF800EE100A10EE100A504513
:1097100001DD9FEDE50AB5EEC00AF1EE10FA01D2C7
:10972000B0EE4B0A20A9BCEEC00A10EE100AC855D4
:109730007F1C142FC6DBB4F886200820182123785C
:1097400044F62068012A5FD0B8FBF3F24FF0FF37F0
:1097500004970092CDE90110CDE90574DDE90832E6
:109760002946304600F0FAFA2946304600F02AFD34
:109770004920DDE9082100900523304600F0A4FED1
:10978000D4F8900240F00400C4F890024FF0010AAF
:109790000898CDE9250A00270220CDE9277025A9E0
:1097A00029970998F9F77EF8592000E053E2DDE99E
:1097B000082100900523304600F086FEBB48016872
:1097C0002F91011F0A680592B84A2C3A1268049238
:1097D000B64A283A12680392B44A203A13680293B0
:1097E0000F60B9FBF8F1491E01601760AF491839E5
:1097F000C1F800A0081F0760AC48083807604FF0A8
:1098000000080DF12C0BE0E14FF0FF320DF1040ADE
:109810001746049400918AE88500B8FBF3F3DDE96C
:109820000821304600F0C2FBA2E700204FEA0B01FE
:1098300001EB8002401C82ED00BA1428F8DB459849
:10984000DDE9082100F03F0000900723304600F0DA
:109850003BFE964800211C38016094482C38016872
:1098600041F0010101600020019091480168090662
:10987000FCD490498A6942F400228A6100BF00BF8B
:10988000022200BF521C322AFBDB9DF8802042F4EA
:109890000643874A121D136003681B06FCD400BFF1
:1098A00000BF022300BF5B1C322BFBDB8B6943F044
:1098B00008038B6100BF00BF022300BF5B1C322B7B
:1098C000FBDB3368DB68ADF800302B68DB68ADF894
:1098D000003003681B06FCD48B6943F400238B61C2
:1098E00000BF00BF022300BF5B1C322BFBDB4FEA33
:1098F000C863DB0C9A469646136002681206FCD4D5
:1099000000BF00BF022200BF521C322AFBDB8A6963
:10991000894642F008028A6100BF00BF022100BFF1
:10992000491C3229FBDB644B1968C907FCD031683C
:10993000C968ADF800102968C968ADF800100022A8
:109940005A491C390F68FF07FAD000270F600168D9
:109950000906FCD4D9F8187047F40027C9F8187024
:1099600000BF00BF022100BF491C3229FBDB511C94
:10997000142791FBF7FC07FB1C1720A9F446C95DCF
:1099800041F40641CEF8001001680906FCD400BF7E
:1099900000BF022100BF491C3229FBDBD9F8187037
:1099A000494647F00807C9F8187000BF00BF0227F2
:1099B00000BF7F1C322FFBDB3768FF68ADF8CC702F
:1099C0002F68FF68ADF8CC7007683F06FCD48F693C
:1099D00047F400278F6100BF00BF022700BF7F1C34
:1099E000322FFBDBCCF800A007683F06FCD400BF99
:1099F00000BF022700BF7F1C322FFBDB8F6947F0BF
:109A000008078F6100BF00BF022100BF491C322937
:109A1000FBDB1968C907FCD03168C968ADF8C41010
:109A20002968C968ADF8C810B8F11F0F0EDDBDF880
:109A3000C4104FF6FF7707EA4101ADF8C4100BEBF5
:109A40008201BDF8C470D1ED000A05E00BEB820184
:109A5000BDF8C870D1ED000A3FB200EE107A521C7A
:109A6000142AB8EEC00A30EE800A81ED000AFFF633
:109A700067AF0199491C01911F9A9142FFF6F6AE1A
:109A80000B9807461AE000006430040800007A438F
:109A900044174154FB2109400000000000006040D1
:109AA00000007F430000000000007F432C0C0040BA
:109AB00008380040000002400834014007F042FD31
:109AC00041EC190B384607F03DFD41EC180B00271F
:109AD0000BEB8709D9F8000007F034FD53EC192B84
:109AE00007F0DEFA05D2D9F8000007F02BFD41ECB3
:109AF000190BD9F8000007F025FD53EC182B07F0DF
:109B000095F905D2D9F8000007F01CFD41EC180BBF
:109B10001F987F1C8742DBDB07F017F98A46074650
:109B20004AEC1C0B2D992AA800EB8109D9F80000FA
:109B300007F008FD41EC1A0B53EC182B51EC190BF4
:109B400007F016FC53EC1A2B06F006FF9FED439B23
:109B500053EC192B07F0A6F99FED42AB53EC1A2BEF
:109B600007F0A0F953EC1C2B06F0F6FE07F0C0F846
:109B7000469934AB06AA21F8180014210BA803F06B
:109B80009DFFD9ED000A9DED061A4AEC187B81EE87
:109B9000200A10EE100A07F0D5FC53EC192B07F041
:109BA00081F953EC1A2B07F07DF953EC182B06F0D2
:109BB000D3FE07F09DF8469921F818002B4801685C
:109BC00021F00101016008F10108217841453FF7CA
:109BD0002CAE26492F982C310860091F0598086083
:109BE000224904980860091D039808601F490298DB
:109BF0000C310860B4F8860001281CD04FF0FF310A
:109C0000CDE904110694A288E18860888DE80700F8
:109C1000DDE908322946304600F0A0F8D4F8900279
:109C200020F00400C4F89002002000903AB0BDEC8F
:109C30000A8BBDE8FE8F4FF0FF31CDE9021104948D
:109C4000A188E088CDE900016388DDE9082130467C
:109C500000F0ACF9E2E74FF0FF30E6E7E72AAB238C
:109C6000262C8A3EFCA9F1D24D62503F000C0040E8
:109C70002DE9F843804616460F464FF4AA40ADF84A
:109C80000000002231463846F8F707FF0120F8F7B8
:109C900093FC4FF47A752B46022269464046FBF747
:109CA00065F80020ADF80000012231463846F8F78B
:109CB000F4FE0024002231463846F8F7EEFE2B462B
:109CC000022269464046FBF751F8012231463846E8
:109CD000F8F7E3FE641CE4B2092CEBD3BDE8F8838B
:109CE00008B5002805D00068002802D0C168806847
:109CF000009008BD002806D00168002903D000228A
:109D00000A6100684262704700B585B00820009083
:109D100002200021CDE90101039001200490694651
:109D20000248F8F7BFFD05B000BD0000000002408A
:109D3000094A00280ED0016800290BD00B6823F0D7
:109D400001030B60006800E000BF0168C90701D093
:109D5000521EF9D270470000A08601002DE9FF4F86
:109D60008DB00025DDE91F86DDE91B97DDF868A0D1
:109D70000F98C6F8B002A6F8B4320D98C6E9A7014C
:109D80000120CDE908050220CDE90A050C469B46D5
:109D9000079307A90F98F8F785FD0D9801F0ADFB23
:109DA0004FF48060C4E901504000C4E9030501207C
:109DB00060614002C4E9060525620A206562C4E9C3
:109DC0000A502046FAF77CFD20B92068016841F06E
:109DD00040010160002423465A460F990D9800F077
:109DE0004FFA06EB44010881641CE4B2402CF2D324
:109DF000304606F089FC20B14FF0FF3011B0BDE8CD
:109E0000F08FB6F884003070A6F802A000EE10AA19
:109E10000024B8EE400A10EE100A07F093FB9FED05
:109E20005C1B53EC112B07F03DF89FED5B1B53ECD3
:109E3000112B06F091FD06F0E7FE0146584A00207E
:109E400052F820308B4200D20446401C0928F7DB30
:109E5000DE208DF80400524853492430504A10F84F
:109E600024008DF805004E48483010F824008DF885
:109E7000060002208DF8070040208DF808004948B0
:109E80008DF8095010F827008DF80C004548443033
:109E900010F827008DF80D004248883010F8270090
:109EA0008DF80E003F48CC3010F827008DF80F00D9
:109EB00011F8290064318DF81000643A11F8291066
:109EC00012F8290041EA80108DF81100A6F80690DA
:109ED000B780B6F886701E984FEA1861030A43EA05
:109EE0000863DCB2030CC2B2000E43EA084340EA46
:109EF0000820DBB2C0B2012F02D0042F25D110E020
:109F00008DF814308DF815008DF812208DF816504C
:109F10008DF818508DF813408DF817508DF81950A2
:109F200013E08DF814308DF815008DF816804FEA87
:109F300018208DF817004FEA18408DF812208DF880
:109F400018008DF813408DF819101620009001AB01
:109F50005A460F990D9800F09FFA002423465A465E
:109F60000F990D9800F08CF906EB44010881641CF0
:109F7000E4B2402CF2D35A460F990D98FFF778FEC1
:109F8000D6F8900240F00100C6F89002002035E7B4
:109F900000000000000040400000000000408F4032
:109FA000E02F0408A42D0408B42E04082DE9FF4F67
:109FB0008DB04FF0000BDDE91D54DDE91A860E98D7
:109FC000C4F8B002A4F8B4220D98C4F8A0B2C4F842
:109FD0009C020121CDE9081B0221CDE90A1B99460B
:109FE0009246079207A90E98F8F75CFC0D9801F0CD
:109FF00084FA0027DDE90D013B46524600F040F9A6
:10A0000004EB470108817F1CFFB2402FF2D32046AA
:10A0100006F07AFB20B14FF0FF3011B0BDE8F08FB1
:10A02000B4F884002070A4F802909FED600A00EE5E
:10A03000909A0027F8EE600A20EE800A10EE100ACF
:10A0400007F080FA9FED5A1B53EC112B06F084FCAD
:10A0500006F0DAFD0146584A002000BF52F82030D1
:10A060008B4200D20746401C0928F7DBDE208DF822
:10A070000400514851492430514A10F827008DF806
:10A0800005004D484C4B483010F827008DF806006D
:10A0900002208DF8070040208DF808008DF809B0E7
:10A0A00011F826108DF80C1044495846443111F827
:10A0B00026108DF80D104149883111F826108DF8C1
:10A0C0000E103E49CC3111F826108DF80F1012F801
:10A0D000281064328DF81010643B12F8282013F811
:10A0E000281042EA81118DF81110A4F80680A6808C
:10A0F000B4F886C01C990A0A0F0CCEB242EA056277
:10A10000D3B247EA0547090EFAB241EA05212F0EFC
:10A11000C9B2BCF1010F03D0BCF1040F23D110E090
:10A120008DF814208DF815108DF812608DF816003A
:10A130008DF818008DF813308DF817008DF8190080
:10A1400011E08DF814208DF815108DF81650280A9E
:10A150008DF81700280C8DF812608DF818008DF816
:10A1600013308DF8197016200090DDE90D0101AB58
:10A17000524600F091F90025DDE90D012B465246CB
:10A1800000F07EF804EB450108816D1CEDB2402D16
:10A19000F2D3DDE90D015246FFF76AFDD4F89002D3
:10A1A00040F00100C4F89002002036E700000042B1
:10A1B0000000000000408F40E02F0408A42D040898
:10A1C000B42E0408F8B50C46050053D0002C51D02D
:10A1D000286800284ED0206800284BD02846FFF77A
:10A1E0007FFD2046FFF77CFD2349244A00200B68B1
:10A1F0001B06FCD4936943F40023936100BF00BFA6
:10A20000022300BF5B1C322BFBDB1B4E0023361DE1
:10A2100033600B681B06FCD400BF00BF022300BFE5
:10A220005B1C322BFBDB936943F00803936100BF97
:10A2300000BF022300BF5B1C322BFBDB2B689E6838
:10A24000F607FCD0DB68ADF8003023689E68F6079F
:10A25000FCD0DB68ADF80030BDF80030401CC0B267
:10A260000328C4D32846FFF73BFD2046BDE8F8404D
:10A27000FFF736BDF8BD000008380040000002407E
:10A2800070B543F0C0003F49020208680006FCD4E4
:10A290003D48836943F40023836100BF00BF02236C
:10A2A00000BF5B1C322BFBDB364B1B1D1A600C689E
:10A2B0002406FCD400BF00BF022400BF641C322C63
:10A2C000FBDB846944F00804846100BF00BF022402
:10A2D00000BF641C322CFBDB0C682406FCD48469B0
:10A2E00044F40024846100BF00BF022400BF641C4A
:10A2F000322CFBDB1A600C682406FCD400BF00BFC4
:10A30000022400BF641C322CFBDB846944F0080487
:10A31000846100BF00BF022400BF641C322CFBDB41
:10A320001A4C2568ED07FCD0184E361D35680D68AF
:10A330002D06FCD4856945F40025856100BF00BF6A
:10A34000022500BF6D1C322DFBDB1A600A68120665
:10A35000FCD400BF00BF022100BF491C3229FBDB37
:10A36000816941F00801816100BF00BF022000BF88
:10A37000401C3228FBDB2068C007FCD03068C0B22C
:10A3800070BD000008380040000002400834014061
:10A3900070B51546040017D0B5B12068A0B1286883
:10A3A00090B121B1086810B10846FFF7A3FC284618
:10A3B000FFF7A0FC2046FFF79DFC2846FBF70EF8B0
:10A3C00028B16FF0010070BD4FF0FF3070BDFFF796
:10A3D0009BFC01220C21206803F050F8012200218F
:10A3E000206803F04BF82068416C41F4004141645F
:10A3F0002068016841F00101016020680068C00721
:10A4000001D0002070BD6FF0020070BD70B5154620
:10A410000E46040029D0206838B32046FBF731F8F7
:10A420002068016821F00101016000220C212068F0
:10A4300003F024F800220821206803F01FF800220E
:10A440001146206803F01AF82068016A41F21112DF
:10A45000114207D1016A9210114203D1416C21F4DB
:10A46000004141642046FFF745FC3EB1306828B109
:10A470003046FAF7F3FF3046FFF73CFC002D0AD0D8
:10A480002868002807D02846FAF7FBFF2846BDE8D1
:10A490007040FFF72FBC70BD2DE9F8431D461746ED
:10A4A000884681460024089E09E0285D00902346E6
:10A4B0003A464146484600F007F8641CE4B2B4420C
:10A4C000F3D30020BDE8F88370B503F0BF00049912
:10A4D00040F0800041EA00233E4908680006FCD4B1
:10A4E0003D48826942F40022826100BF00BF02221F
:10A4F00000BF521C322AFBDB364C241D23600A6845
:10A500001206FCD400BF00BF022200BF521C322A38
:10A51000FBDB826942F00802826100BF00BF0222B9
:10A5200000BF521C322AFBDB0A681206FCD4826987
:10A5300042F40022826100BF00BF022200BF521C11
:10A54000322AFBDB23600A681206FCD400BF00BF7E
:10A55000022200BF521C322AFBDB826942F0080251
:10A56000826100BF00BF022200BF521C322AFBDB07
:10A570001A4A1568ED07FCD0184D2D1D2E680E687F
:10A580003606FCD4866946F40026866100BF00BF0B
:10A59000022600BF761C322EFBDB23600B681B06F5
:10A5A000FCD400BF00BF022100BF491C3229FBDBE5
:10A5B000816941F00801816100BF00BF022000BF36
:10A5C000401C3228FBDB1068C007FCD02868C0B2F2
:10A5D00070BD00000838004000000240083401400F
:10A5E00070B50446F1F763F80C4D286840F0004060
:10A5F00028600520F7F7E0FF286840F080402860D9
:10A6000004F54054B4F8B00240F00800A4F8B002D9
:10A61000BDE870400520F7F7CFBF000018080240E2
:10A6200010B504460A48016841F48041016004F510
:10A630004050B0F8B01221F00801A0F8B012052087
:10A64000F7F7BAFF2046BDE81040F0F743BF00001F
:10A650001808024030B5074C00228B5C002B08D054
:10A66000636003681D68ED432D06FBD4521CD2B213
:10A67000F3E730BD0010014070B500F54054B4F868
:10A68000B00240F40060A4F8B002F8F70BFA0546F7
:10A6900005E000BFF8F706FA401BC8280DD8D4F82B
:10A6A0008C070028F6D1F8F7FDF9054613E000BF46
:10A6B000F8F7F8F9401BC8280DD9B4F8B00240F0FB
:10A6C0002000A4F8B002B4F8B00220F40060A4F8AE
:10A6D000B002012070BDD4F8F00B0028E8D0B4F827
:10A6E000B00220F44060A4F8B002002070BD0A203F
:10A6F000ECF736FBF5F756FE0148F8F769BA0000AB
:10A70000502B01200148F8F7C0BA0000502B01205F
:10A7100038B5806B002190F83D202B4B46F2A814F1
:10A720001B68B3FBF4F3C3EBC30303EB8303009396
:10A730003BB15B1E009303681B689B0505D5009B1E
:10A74000F6E7036C43F020030364436B03B1D96362
:10A75000836B03B1D96303681C6824F480641C60B4
:10A760004185436B03B11965836B03B119650368B8
:10A770001C6824F001041C6090F83D402023602CEC
:10A780000BD0282434EA02020FD080F83D3080F844
:10A790003E1000BFF8F792FB38BD80F83D3080F8DE
:10A7A0003E100164F8F7C2F938BD0268136843F03F
:10A7B000010313600268136843F48063136001634C
:10A7C00080F83D40E6E70000380600200068416957
:10A7D000C943090601D400210161704770B50446E0
:10A7E00090F83D0094F83E10102901D0402906D180
:10A7F000222804D121680A6822F400620A60282114
:10A8000031EA00024FF000054FF0200626D0216803
:10A810004968090505D4602803D084F83D6084F8B0
:10A820003E50256320684168090537D5416821F409
:10A8300000614160606B90F835203C49012A11D0DD
:10A840000165606BF7F7F1FC38B32068016821F00F
:10A850000101016084F83D60606B1CE0256384F8B1
:10A860003D10DFE7A06B0165A06BF7F7DEFCA0B140
:10A8700020684169C943490605D40069616A0870C6
:10A88000606A401C60622068016821F0010101607B
:10A8900084F83D60A06B016D884710E094F83D108E
:10A8A000602910D04169C943490605D40069616A2D
:10A8B0000870606A401C60622046F8F7FFFA206C5E
:10A8C000C1071CD115E084F83D6025644169C94386
:10A8D000490605D40069616A0870606A401C6062BC
:10A8E0002068016821F0010101602046F8F71EF997
:10A8F000E5E7810703D4410701D4000704D52068A8
:10A90000416821F4E061416094F83D00216C490701
:10A910000BD5282809D10648E062256384F83D60FC
:10A9200084F83E502046F8F79DFB70BD11A7030840
:10A930000000FFFF01684A69D24352050FD46FF44B
:10A9400080624A61002140F8301F202242738173E7
:10A95000026942F004020261017301207047002085
:10A96000704710B5C26A438D0168042B06D0438D31
:10A97000032B08D0438D022B1DD012E04A6822F42D
:10A9800080624A600CE04B6823F480634B60042AC9
:10A9900006D0022A04D001680A6822F480620A60A4
:10A9A00001680969426A1170416A491C4162418D1E
:10A9B000491E418510BD012A34D0102A32D0042A04
:10A9C00034D0022A32D00B6843F400730B60016864
:10A9D0000969436A1970416A491C4162438D5B1ED3
:10A9E000438503681B690B70416A491C4162418DB4
:10A9F000491E418501684B6823F440734B60202158
:10AA000080F83D1090F83E300021402B80F83E1039
:10AA100010D0082A02D0202A00D012210163F8F7B2
:10AA200022FB10BD0B6823F48063CFE70B6843F46F
:10AA30008063CBE70163F8F719FB10BD38B590F8D8
:10AA40003D10222910D1C36A418D03290DD9016817
:10AA50000969426A1170416A491C4162418D491E6F
:10AA60004185418D032906D038BDC26A022A02D031
:10AA7000012906D029B10068416821F48061416054
:10AA800038BD2A4A46F2A81400211268B2FBF4F23B
:10AA900002EB8202009202682024009D6D1E009548
:10AAA00026D01568AD05F8D4156825F480651560C5
:10AAB0000268556825F4E065556002681269456AC8
:10AAC0002A70426A521C4262428D521E428580F8B0
:10AAD0003D4090F83E2080F83E10402A21D0082BBF
:10AAE00002D0202B00D012210163F8F7BCFA38BD48
:10AAF000036C43F020030364536823F4E063536062
:10AB000002681269436A1A70426A521C4262428D9C
:10AB1000521E428580F83D4080F83E10F8F7CEF98D
:10AB200038BD0163F8F7A2FA38BD000038060020EE
:10AB300010B5C26A90F83D1021290BD1418D51B159
:10AB4000416A026809781161416A491C4162418D7C
:10AB5000491E418510BD20230021082A13D0202A38
:10AB600011D012F5803F0ED00268546824F4E064DE
:10AB700054601122026380F83E1080F83D3000BF1F
:10AB8000F8F772FA10BD0268546824F4E064546067
:10AB90000268146844F400741460016380F83D3066
:10ABA00090F83E2080F83E10402AE9D1F8F776FA76
:10ABB00010BD000010B590F83D1090F83E30C26A0C
:10ABC000048DB4B1212903D0402B11D122290FD1FA
:10ABD000418DE1B390F83E10402942D0416A0268AD
:10ABE00009781161416A491C4162418D491E4185C4
:10ABF00010BD2129E8D120230021082A13D0202AC2
:10AC000011D012F5803F0ED00268546824F4E0643D
:10AC100054601122026380F83E1080F83D3000BF7E
:10AC2000F8F722FA10BD0268546824F4E064546016
:10AC30000268146844F400741460016380F83D30C5
:10AC400090F83E2080F83E10402AE9D100E002E072
:10AC5000F8F724FA10BD0068416821F48061416072
:10AC600010BDBDE8104000F0D3B8000078B590F8F2
:10AC70003E50C26A036B90F83D6000240168222EAA
:10AC80007AD1066D0EB9402D76D0056D1DB90569D6
:10AC9000B5F5404F09D0458D05B3468D384D012E91
:10ACA0000ED0438D022B3AD05DE04A698A6900924A
:10ACB0000A6842F480720A60016D491C016578BD22
:10ACC000AA4213D10A6822F480620A6001684A68C5
:10ACD000120503D50A6822F4806216E04A698A697F
:10ACE00000920A6842F400720A6039E0082A10D023
:10ACF000202A0ED0122B0AD0042A03D0022A01D017
:10AD0000102AE7D10A6842F480620A6024E0012A2E
:10AD1000E0D00A6822F480620A600168DEE7042A53
:10AD200021D0022A1FD0102A1DD00B6823F4806383
:10AD30000B6001680B6843F400630B6001684B68AB
:10AD40001B0509D5AA4212D0012A10D0082A0ED01C
:10AD5000102A0CD0202A0AD001684A69896900911A
:10AD6000046578BD08E00B6843F48063E5E74A6852
:10AD700042F480524A60EFE7486988690090F0E742
:10AD80000000FFFF90F83E10402910D00169B1F596
:10AD9000804F19D0016DA9B3016D012910D1416C0B
:10ADA0005FF0F10201F4407142EAD11106E0016D59
:10ADB0000029416C05D0C9B241F001010068016170
:10ADC000704701F0FE01F9E790F83D102129416C30
:10ADD00009D0C9B241F0010102681161416B29B18A
:10ADE000C96B49B902E001F0FE01F5E7816B00296A
:10ADF000E6D0C96B0029E3D00068416841F40061E6
:10AE000041607047FFE7416CF02201F44071CBE7ED
:10AE100010B590F83D10026D4AB1026D012A14D0B0
:10AE2000026D022A16D0BDE81040FFF7CFBCC16CFE
:10AE30000129816C02D0C1F3072108E00268C9B280
:10AE40001161016D891C016510BD816CC9B2026878
:10AE5000116123E022291CD0428D0AB1212920D082
:10AE6000428D002AF0D12129EED101684A6822F4EE
:10AE7000E0624A6001680A6842F400720A600021D8
:10AE80000163202280F83D2080F83E10F8F706F993
:10AE900010BD01680A6842F480720A60016D491CA5
:10AEA000D1E7416A026809781161416A491C41622F
:10AEB000418D491E418510BD2DE9F84F04460068BB
:10AEC00089460B9D01689846174641F480610160F0
:10AED0002068016841F48071016000954FF0011B0A
:10AEE0000022594620460A9B00F0FEF94FF4007AF2
:10AEF00040B120680068C00501D5C4F840A0032017
:10AF0000BDE8F88F216809F0FE0008612B4628494A
:10AF100020460A9A00F030FAF0BB20684169806947
:10AF200000902A4620460A9900F0BCFA40B1206CF5
:10AF300004283AD12068016841F40071016034E0CE
:10AF4000FEB2B8F1010F09D02168380A08612A461B
:10AF500020460A9900F0A6FA0028E8D12068066188
:10AF60002A4620460A9900F09DFA0028DFD1206881
:10AF7000016841F480710160009500225946204625
:10AF80000A9B00F0B1F90028B3D1216809F0FF0055
:10AF900040F00100086100E007E02B46044920462C
:10AFA0000A9A00F0E9F90028AAD00120A8E70000D9
:10AFB000020001002DE9F843044600680D46DDE972
:10AFC000089701689846164641F4807101604B4627
:10AFD00000224FF001112046009700F085F948B19A
:10AFE00020680068C00502D54FF40070206403207B
:10AFF000BDE8F883216805F0FE0008613B464A463B
:10B000001549204600F0B8F988B92068416980697F
:10B0100000903A464946204600F044FA48B1206C78
:10B02000042804D12068016841F400710160012006
:10B03000DEE7F5B2B8F1010F09D02168300A0861E6
:10B040003A464946204600F02DFA0028E7D120680C
:10B0500005610020CCE700000200010038B50C4675
:10B0600090F83D2000212825954302680B4605D025
:10B0700051699169009180F83C3038BD556825F4DC
:10B0800080655560E243540700D50121120601D5C1
:10B09000828900E0028B80F83C3092B2F7F75CFDC9
:10B0A00038BD00002DE9F04190F83D300446C26AF9
:10B0B000002120261E4F00686FF48065082A01D009
:10B0C000202A01D1282B04D0212B17D04561BDE8BF
:10B0D000F081E762426822F4E062426020684561E4
:10B0E0002068026822F480620260216384F83D6077
:10B0F00084F83E102046F7F7B5FFE8E7E762212223
:10B10000226384F83D6084F83E10416821F4E061D8
:10B110004160206845612068016821F48061016018
:10B120002046FFF753FB2046F8F749FACFE7000027
:10B130000000FFFFF8B590F83D60044600684168E4
:10B1400021F4E061416020680025416900910168B7
:10B1500041F0010101602068016821F48061016013
:10B1600020684168090520D5474F222E48D02A2E55
:10B1700046D0616B096849686185618D19B1216CA0
:10B1800041F004012164416821F400614160606B79
:10B19000F7F78EF8012808D0606B0765606BF7F74A
:10B1A00044F810B1606B016D8847608D08B320686A
:10B1B0004169C943490708D40069616A0870606A37
:10B1C000401C6062608D401E608520684169C943F3
:10B1D000490608D40069616A0870606A401C6062B0
:10B1E000608D401E6085608D18B1206C40F00400B9
:10B1F0002064206C00B32046BDE8F840FFF7EEBAAB
:10B20000A16B096849686185618D19B1216C41F0B4
:10B2100004012164416821F400614160A06BF7F7EB
:10B2200047F80128C1D0A06B0765A06BF6F7FDFFBA
:10B230000028BAD0A06BB6E72A2E06D125632820B5
:10B2400084F83D002046F8F7B9F994F83D10202025
:10B2500028290DD0216B222901D0222E07D1256368
:10B2600084F83D0084F83E502046F8F7A7F9F8BD71
:10B270000649E162256384F83D0084F83E5020468B
:10B28000F7F7F0FEF8BD000011A703080000FFFF6C
:10B2900070B516460D4604461EE02046FFF74AFBF1
:10B2A00008B1012070BD681C16D0F7F7FBFB801BAE
:10B2B000A84200D885B920684069C04340070BD533
:10B2C000002044F8300F20216173A073216941F000
:10B2D000200121612073E4E720684069C0434007F2
:10B2E000DBD4002070BD00002DE9F04798461746DA
:10B2F0000D460446C1F30746DDF820902AE000BF62
:10B30000B8F1FF3F26D0F7F7CDFBA0EB090141458F
:10B3100002D8B8F1000F1DD12068012E16D0806927
:10B3200025EA00000004000C12D00020B84211D120
:10B33000002044F8300F20216173A073216941F08F
:10B340002001216120730120BDE8F0874069E7E713
:10B350000120EBE72068012E0AD0806925EA000071
:10B360000004000C06D00020B842C9D00020EBE752
:10B370004069F3E70120F7E72DE9F04798461646C4
:10B380000D4604464FF000094FF0200AC1F307476D
:10B3900023E020684069C043400515D42068016857
:10B3A00041F40071016021686FF480604861C4F865
:10B3B000309084F83DA084F83E90216C41F0040167
:10B3C000216484F83C9021E0701C06D0F7F76AFBFA
:10B3D000A0EB0800B04203D816B1012F1FD021E026
:10B3E0002068012F15D0806925EA00000004000CB8
:10B3F00018D000BF44F8309F84F80DA084F80E9058
:10B40000216941F02001216184F80C900120BDE800
:10B41000F087406925EA00000004000CEAD12068AA
:10B42000406901E02068806925EA00000004000C02
:10B43000AFD1ECE72DE9F041002590460E460446D9
:10B44000202728E04069C043C0060CD454F8301BC4
:10B450006FF01000486144F810596777A577206AAB
:10B460002062257714E0F7F71DFBA0EB0800B0423F
:10B4700000D886B920684069C04340060BD544F81F
:10B48000305F6773A573206940F020002061257349
:10B490000120BDE8F08120684169C9434906D1D443
:10B4A0000020F6E770B516460D4604461EE020461D
:10B4B000FFF740FA08B1012070BD681C16D0F7F7FD
:10B4C000F1FA801BA84200D885B920684069C043C2
:10B4D00000060BD5002044F8300F20216173A073C3
:10B4E000216941F0200121612073E4E7206840696F
:10B4F000C0430006DBD4002070BD10B504464FF4F5
:10B500008270606000204FF40061C4E9020189107C
:10B510002061C4E90501E06120626062A0620A2046
:10B52000E0622046F9F7CCF908B1012010BD20688F
:10B53000016841F040010160002010BD2DE9F04399
:10B54000364C8DB0206C10B12046F6F773FD002507
:10B55000089509950A95202168460B95E5F7D2F9DB
:10B56000012626612E484FF48039A560C4E9000900
:10B57000257684F820503007E0624FF01060A0621A
:10B58000F002E661E06084F8305024486661F6F726
:10B590006FFD90BB03200895CDE9096008A91F48FD
:10B5A000F6F796FC48BB08274FF002080420CDF8B8
:10B5B00010800097CDE901601A48CDE906058DF8A5
:10B5C00015508DF81460694614480395F6F7A0FBF2
:10B5D00098B9CDE9007869461048F6F799FB60B94B
:10B5E000F8F7E8FB1049884201D8656009E00F4987
:10B5F000884203D8C4F8049003E006E04FF400301A
:10B6000060600648F6F734FD08B1F6F723F90848FC
:10B61000F4F770F90DB0BDE8F0830000082B0120AD
:10B620000020014001000F0001A24A0403449508D4
:10B6300090B900204F4808B50268002142F400127A
:10B640000260026802F400120092026842F4800272
:10B6500002600068484A00F4800000904748C0E952
:10B660000021802282609200C2605200026192003A
:10B6700042619200C0E906210422C0E908120322B7
:10B68000C0E90A210163F6F7E7FE08B1F6F7E2F830
:10B69000002201210C20F8F729F80C20F8F718F8FF
:10B6A000002205210D20F8F721F80D20F8F710F8F9
:10B6B000002204210E20F8F719F80E20F8F708F8F8
:10B6C000002205210F20F8F711F80F20F8F700F8F5
:10B6D000002205211020F8F709F81020F7F7F8FFED
:10B6E000002201211120F8F701F81120F7F7F0FFEF
:10B6F000002205212F20F7F7F9FF2F20F7F7E8FFA9
:10B70000002202213820F7F7F1FF3820F7F7E0FF99
:10B71000002201213920F7F7E9FF3920F7F7D8FF98
:10B72000012204213A20F7F7E1FF3A20F7F7D0FF92
:10B73000012211463B20F7F7D9FF3B20F7F7C8FF5E
:10B74000002201214420F7F7D1FF4420F7F7C0FF82
:10B75000002205214520F7F7C9FF4520F7F7B8FF7C
:10B76000002205214620F7F7C1FFBDE8084046202A
:10B77000F7F7AEBF3038024070640240AC2F0120B2
:10B780002DE9F04387B014216846E5F7BBF83F4840
:10B790000024016841F004010160016801F0040126
:10B7A0000591016841F080010160016801F08001AC
:10B7B0000591016841F001010160016801F001019A
:10B7C0000591016841F0020101600068304E00F00F
:10B7D00002004FF460450590002229463046F7F7F5
:10B7E0005CF9DFF8B090002248F204114846F7F700
:10B7F00054F9DFF8A48041F204070022394640469C
:10B80000F7F74BF900950125CDE90154694630461B
:10B810000394F7F747F80420CDE900050326CDE9A6
:10B82000025669464846F7F73DF84FF4C260CDE945
:10B830000006694602944846F7F734F80220CDE93D
:10B840000006694602944046F7F72CF80097CDE9C8
:10B850000154694640460394F7F724F84FF4014039
:10B860000090CDE90154694648460394F7F71AF869
:10B87000E80200904FF48810CDE90104694648467B
:10B88000F7F710F807B0BDE8F08300003038024049
:10B89000000802400000024000040240124810B5B7
:10B8A000406B40F2E24108B1884200D908464FF4AB
:10B8B000AA7148430D49884200D908460D490C4AEF
:10B8C000C1E90020002012148860C1E90302486128
:10B8D0008861C86108620846F7F700FB002801D0BC
:10B8E000F5F7B8FF10BD000090B10020801A0600E7
:10B8F00000540040502B0120F0B5524893B0002472
:10B90000016841F080510160006800F080501290A1
:10B91000F7F736FFF2F75EF978B36320494D1090E0
:10B9200042F20F703035119028680126C0F30120D3
:10B93000022804D0434840380068800303D411A98A
:10B9400010A8F2F79BF914210AA8E4F7DBFF2821DD
:10B9500068460F94E4F7D6FF286800273B4D3A4924
:10B96000296001041FD510F4407F1CD000220AA9D1
:10B970002846F8F743FD20B115E0FFE7F7F7F4FE9E
:10B980005AE000220FA93148F8F716FD58B99DF882
:10B990003D00012806D19DF83E00012802D19DF806
:10B9A0003F0000B101276C601098A8601198C5E9AC
:10B9B00003046C612548AC61F8F74AFDE0BBDFB9D0
:10B9C0008DF828408DF829408DF82A408DF83C608C
:10B9D0008DF83D608DF83E600D940E948DF83F40DB
:10B9E00000220AA91948F8F7D1FE28BB00220FA9A6
:10B9F0001648F8F77FFEF8B98DF800408DF8014041
:10BA000004944FF480708DF80240019403940990DF
:10BA10000594069407948DF82060002269460B482F
:10BA2000F8F798FD40B94FF400700990002269467C
:10BA30000648F8F78FFD08B1F5F70CFFF7F794FE0D
:10BA400013B0F0BD4038024000280040A42B012074
:10BA500070B5AAB0F2F744F8002857D1F7F722F8EA
:10BA60000546142123A8E4F74DFF0024224623A90C
:10BA700027482894F8F7C2FC002228A92448F8F7A0
:10BA80009BFC342116A8E4F73DFF012630041C94EA
:10BA9000CDE9166016A8F8F7CFF958216846E4F703
:10BAA00031FF082000901B4809906846F7F7A4FE74
:10BAB000194806601648F8F7C9FE15491748C1E944
:10BAC00000046320886042F20F70C1E903044C61F6
:10BAD00008468C61F8F7BCFC08B1F5F7BBFEF6F739
:10BAE000E1FF411B23A8F1F761FE002223A90848CA
:10BAF000F2F7E2F908B1F5F7ADFE002228A90448F3
:10BB0000F8F7F8FD002801D0F5F7A4FE2AB070BDC3
:10BB1000A42B0120000318003C0E474200280040DF
:10BB20002DE9F047AEB06320299040F23F102A90F3
:10BB30000026142124A8E4F7E5FE0024342116A8E9
:10BB40002B94E4F7DFFE58216846E4F7DBFE484813
:10BB500000684FF00108C0F3012002287DD045485D
:10BB6000407B08B9F0F716F92AA929A8F2F786F858
:10BB7000F6F798FF414D82463F4F002224A9284600
:10BB80002F60F8F73BFC88B900222BA92846F8F76C
:10BB900013FC58B99DF8AD00012806D19DF8AE0000
:10BBA000012802D19DF8AF0000B101264FF008092D
:10BBB000CDF85890CDE91B8416A8F8F73DF94FF45D
:10BBC00000700990CDF800906846F7F715FE2C49F3
:10BBD000C1F80080C5E900742998A8602A98C5E9D1
:10BBE00003046C612548AC61F8F732FC08B1F5F745
:10BBF00031FE6EB1F6F756FFA0EB0A0124A8F1F76B
:10BC0000D5FD002224A91D48F8F7C0FD98B90CE025
:10BC100006208DF8AC008DF8AD808DF8AE808DF8E3
:10BC2000AF40249427942894EBE700222BA91348D3
:10BC3000F8F760FD08B1F5F70DFE002E14D111489C
:10BC4000F4F772F81048B0F8981221F0800141F032
:10BC50004001A0F898120D4800E005E0D0F8E0128D
:10BC600041F00101C0F8E0122EB0BDE8F0870000FD
:10BC7000703802409801002000280040A42B0120C9
:10BC80003C0E474210A20020085D002090B9002021
:10BC90000E4810B50C4901604FF4827141600021DB
:10BCA0008160C1604FF400720161C0E90512C16199
:10BCB0000162416281620A21C162F8F701FE002837
:10BCC00001D0F5F7C7FD10BD00300140C42B0120A5
:10BCD0000F4810B50D4901604FF482714160002199
:10BCE0004FF40062C0E9021292100161C0E905122E
:10BCF000C1610162416281620A21C162F8F7E0FD1F
:10BD0000002801D0F5F7A6FD10BD00000038004066
:10BD10001C2C01200E4810B50C4901604FF48271B3
:10BD2000416000218160C1604FF400720161C0E98F
:10BD30000512C1610162416281620A21C162F8F7A4
:10BD4000BFFD002801D0F5F785FD10BD003C004087
:10BD5000742C01200E4810B50C49016000214FF4ED
:10BD60008062C0E901125200C0E903210122426150
:10BD7000016252024162826181620A21C162F8F766
:10BD80009FFD002801D0F5F765FD10BD003401408E
:10BD9000CC2C012030B595B000240F941094119450
:10BDA000129413941C2108A81494E4F7ABFD2021ED
:10BDB0006846E4F7A7FD254D2348C5E900044FF484
:10BDC0009670C5E902402C616C612846AC61F9F7B8
:10BDD0003DF980BB4FF480500F900FA92846F9F72A
:10BDE00068FB40BB2846F9F7BDFC20BB2020139020
:10BDF0008020149013A92846F9F7B2F8D8B9322058
:10BE0000CDE908400A940B940C940D94002208A9E3
:10BE100028460E94F9F77CFC68B900944FF4005062
:10BE2000CDE904400294019403946946284607949E
:10BE3000F9F76CF808B1F5F70DFD2868C4602868BB
:10BE4000046115B030BD000000000140242D012028
:10BE500010B592B000240C940D940E94142107A8F0
:10BE60000F94E4F74FFD10941C2168461194E4F7F9
:10BE700049FD27484FF08041C0E9001440F22B11E2
:10BE8000C0E9024104618461F9F7E0F8C8BB4FF4EE
:10BE900080500C900CA91E48F9F70BFB88BB1C487E
:10BEA000F9F7F4FC68BB0420CDE9070407A918489A
:10BEB000F9F7BFFD28BB202010908020119010A919
:10BEC0001348F9F74DF8E0B9602000901420019074
:10BED000022002900022694604940D48F9F770FC94
:10BEE00078B91E20CDE90104082269460848F9F70F
:10BEF00067FC30B90C22694605480194F9F760FCEB
:10BF000008B1F5F7A7FC0248F9F7DAFB12B010BD4B
:10BF10006C2D012010B58EB0142107A8E4F7F2FCB7
:10BF200000240C941C2168460D94E4F7EBFC1B489C
:10BF30001949C0E900144FF49671C0E90241046147
:10BF40008461F9F783F818BB1448F9F70BFCF8B9CA
:10BF50000720CDE9070407A91048F9F76AFDB8B929
:10BF60002020CDE90C040CA90C48F8F7F9FF78B9AA
:10BF7000602000900120CDE901040394049405940D
:10BF80000C22694605480694F9F71AFC002801D0EE
:10BF9000F5F760FC0EB010BD00080040B42D012084
:10BFA00010B588B014216846E4F7ACFC00241348AF
:10BFB000059411490694C0E900144FF49671C0E944
:10BFC0000241046144618461F9F740F878B90720BF
:10BFD000CDE9000469460948F9F72BFD38B9059405
:10BFE00005A906480694F8F7BBFF002801D0F5F72D
:10BFF00031FC08B010BD000000040140FC2D012000
:10C0000010B586B014216846E4F77CFC0D480C4955
:10C010000024C0E90014FF21C0E9024104618461E9
:10C02000F9F714F840B90720CDE90004694605483E
:10C03000F9F7FFFC002801D0F5F70CFC06B010BDA5
:10C0400000400140442E01200C4810B50A4901600F
:10C050004FF496414160002181600C22C160C0E92B
:10C0600004128161C161F9F763FD08B1F5F7F2FBD4
:10C070000248EDF7E1F810BD001001401C2F01202F
:10C08000704770470B20EAF76BFEF4F78BF9092035
:10C09000EAF766FEF4F786F9704700000148F8F702
:10C0A00005B90000A42B0120010901EB810100F07A
:10C0B0000F0000EB4100C0B27047002102E00A38D7
:10C0C000C0B2491C0A28FAD2090740EA1160704739
:10C0D0002DE9F041044600680025C168490618D4DE
:10C0E000C16841F08001C160F6F7DCFC06464FF400
:10C0F0007A78042707E000BFF6F7D4FC801B4045A0
:10C1000001D9677701252068C068400601D4002D59
:10C11000F2D02846BDE8F08170B5044600680025DD
:10C12000C16821F08001C16020688068800606D463
:10C130002046F8F78BFB10B10420607701252846D4
:10C1400070BD000070B50C460546EAF781F96C63D6
:10C150002C68E06C0068016821F001010160A06CAE
:10C160000068016821F0010101602068016821F088
:10C17000400101602068416821F0030141602846C8
:10C18000E9F75AFDE16C37480968C860E16C20683E
:10C1900009680C308860E16C686B09684860E06C85
:10C1A0000068016821F4A2610160A16C2D48096852
:10C1B000801CC860A16C206809680C308860A16C84
:10C1C000686B09684860A06C0068016821F4A2618E
:10C1D00001602068016821F0400101602068416829
:10C1E00041F001014160E06C0068016841F001012B
:10C1F0000160A06C0068016841F0010101602068E5
:10C20000416841F0020141602068016841F040014D
:10C210000160A06C006841680029FCD12068816839
:10C22000090601D500BFFAE7016821F0400101606D
:10C230002068416821F003014160E06C00680168FA
:10C2400021F001010160A06C0068016821F001018A
:10C2500001602846E9F7F0FC2068016841F04001E0
:10C26000016070BD1004002010B50446EAF7F0F834
:10C27000A06A4FF6FF71B0FBF1F2B0FBF1F301FBE6
:10C28000130101B101211144B0FBF1F06063002002
:10C29000E0622168C86C0068026822F00102026056
:10C2A000886C0068026822F0010202600868426837
:10C2B00022F003024260CA6CA06B1268D060CA6CA4
:10C2C000606B12685060C86C0068026822F4847267
:10C2D0000260C86C0068026842F4826202608A6C84
:10C2E00016481268D0608A6C606B12685060886C67
:10C2F0000068026822F4A36202600868426842F0A3
:10C3000001024260C86C0068026842F001020260EB
:10C31000886C0068026842F00102026008684268A6
:10C3200042F002024260207940F004002071086867
:10C33000016841F04001016010BD00000C040020C4
:10C340000168CA6C1268136823F0010313608A6CD9
:10C350001268136823F0010313600A68536823F01E
:10C3600003035360C36A826B1A44CB6C1B68DA60A8
:10C37000CB6C426B1B685A60CA6C1268136823F45A
:10C3800084731360CA6C1268136843F48263136089
:10C390008B6C426B1B685A608A6C1268136823F4BA
:10C3A000A36313600A68536843F001035360CA6CC7
:10C3B0001268136843F0010313608A6C12681368F3
:10C3C00043F0010313600A68536843F002035360AB
:10C3D000027942F0040202710868016841F04001EC
:10C3E000016070470549096801600449091D096831
:10C3F000416002490831096881607047107AFF1F67
:10C4000018B51848FF230168490603D4016841F0B4
:10C410004001016042F210710A4600E000BF8468EA
:10C42000A40701D4521EF9D28268D2070AD0C2688A
:10C430008DF800208268D20702D0C2688DF80020F3
:10C440009DF80020037300E000BF8268D20701D18D
:10C45000491EF9D28168C90702D0C068C0B218BDB0
:10C46000002018BD00300140F8B515460E460B46B9
:10C47000009204460122022100F04CF8A0B91348B2
:10C4800013490068B0FBF1F04FF47A714843009013
:10C490006068B0F5827F0DD13346002280212046AE
:10C4A000009500F037F870B1606D40F020006065D5
:10C4B0000320F8BD009830B1401E009020688068CD
:10C4C000C0430006F6D50020F8BD00003806002065
:10C4D00000366E0108B5006802689368DB439B076D
:10C4E00014D411730022006806E0521C642A03DD94
:10C4F00001736FF0010008BD8368DB43DB07F4D1F3
:10C50000007B8DF800009DF8000008BD4FF0FF3063
:10C5100008BD00002DE9F8431E46914688460446B2
:10C52000089DF6F7BFFA401B351AF6F7BBFA074627
:10C5300026480068C0F3CB3068430AE0701C09D07D
:10C54000F6F7B0FAC01BA8420FD275B10098B8B385
:10C55000401E00902068816838EA010033D0002135
:10C560004945EBD10020BDE8F8832068416821F0FF
:10C57000E00141606068B0F5827F0BD1A068B0F542
:10C58000004F02D0B0F5806F04D12068016821F01F
:10C5900040010160A06AB0F5005F09D12068016820
:10C5A00021F4005101602068016841F400510160EC
:10C5B000012084F85100002084F850000320D2E7C5
:10C5C000FFE70025C6E70121CAE700003806002082
:10C5D00070470000F8B505003DD0002028702048C5
:10C5E0000068010437D510F4407F34D01C4830383F
:10C5F000016841F080510160006800F080500090B7
:10C60000F7F7BEF812211748F7F7E6FD06461321A3
:10C610001448F7F7E1FD0446F7F7A6F81249481E5B
:10C620008E4212D1022C16D1F7F7AAF8002212215D
:10C630000C48F7F7D6FD002213210A48F7F7D1FD81
:10C64000F7F792F80220287008E0864203D1012C07
:10C6500003D0022C01D00020F8BD2C700120F8BDC1
:10C6600070380240A42B0120A220E30C194808B521
:10C67000016841F480410160006800F4804000904E
:10C680001548016821F470410160001D016821F026
:10C690000F0101601148016841F4C05101600F4869
:10C6A0000830016841F4C0510160001D016841F487
:10C6B000C051016009494FF4C05014310860002294
:10C6C00006212820F7F712F8BDE808402820F6F7E1
:10C6D000FFBF00004438024010380140003C0140D8
:10C6E000054810B5006810B10348F5F7A3FCBDE894
:10C6F0001040FEF723BF0000082B0120054810B5AD
:10C70000006810B10348F9F7F8F9BDE81040FFF7E9
:10C710009BBC00001C2F0120FEF78CBF00B585B02C
:10C720004FF40060009002200021CDE90101039048
:10C730000120049069460348F6F7B4F805B00020DC
:10C7400000BD000000000240054810B5006810B1AF
:10C750000348F6F702FABDE81040FFF79FB8000063
:10C76000502B01200A4810B5006810B10848F8F7AE
:10C7700090F80748B030006818B10548B030F8F7B5
:10C7800088F8FFF7A5FABDE81040FFF7E3BA00000C
:10C790001C2C0120094810B5B0F89802012804D0DB
:10C7A00000F09EFD18B1F5F755F8FFF7F3FAFFF723
:10C7B0004FFBBDE81040FFF723BC0000709F002036
:10C7C000044910B50122A1F8982200F005F80020D4
:10C7D00010BD0000709F00200A4910B5084888630A
:10C7E0009030F9F78AF906489030F9F7D3F900F05C
:10C7F00061F8FFF7CFFA00F0C1F8002010BD00008B
:10C80000D42E012040A60020044910B50222A1F830
:10C81000982200F005F8002010BD0000709F002055
:10C8200000B587B014216846E4F76CF8164915483E
:10C8300088639038F9F761F912489038F9F7AAF946
:10C8400000F038F81148016841F00101016000680A
:10C85000032100F0010005904FF480500090022069
:10C8600001900120CDE90201049069460848F6F7DD
:10C8700019F800F035FD002801D04FF0FF3007B067
:10C8800000BD0000642F012040A600203038024087
:10C890000000024010B5F9F713FC0548006810B11C
:10C8A0000348F7F7F6FFBDE81040FFF7F1B90000C5
:10C8B000C42B01202DE9F0410F20F6F7F8FE4520AA
:10C8C000F6F7F5FE3420F6F7F2FE4720F6F7EFFE16
:10C8D0002448D0F8341229B1D0F8300210B12248DF
:10C8E000EEF7B3FE2148224C0025806B0C274FF455
:10C8F000E136A04216D1206810B12046F9F7FDF8C4
:10C900001C482060C4E90165E560C4E90457A561DD
:10C910001748E561F6F7D2F8D0B94720F6F7D8FE08
:10C9200045201BE0124C903C206810B12046F9F7DE
:10C93000E4F811482060C4E90165E560C4E90457E2
:10C94000C013C4E906500A489038F6F7B7F808B1A2
:10C95000F4F780FF3420F6F7BBFE0F20BDE8F0416E
:10C96000F6F7B6BE709F0020706F002040A6002032
:10C97000642F012000140140004C004070B586B0C7
:10C9800014216846E3F7BEFF0E480024016841F019
:10C990000101016000680C4E00F001004FF40065D9
:10C9A0000590224629463046F6F777F80120009593
:10C9B000CDE90104694630460394F5F773FF06B0EC
:10C9C00070BD00003038024000000240002000F03E
:10C9D00003B80120AFF300802DE9F14F4FF00009BB
:10C9E00093B05D48CDF81490CDF80490CDF83C900C
:10C9F00001684A464D46CE46CB464B4641F00101C2
:10CA00000160006800F0010000905448D0F800C0B8
:10CA1000C7682CF07071016027F0707141F0A0714F
:10CA2000C160BFF34F8F4E49C8260C684D49B4FB17
:10CA3000F1F171434FF47A76B14200D231464A4E59
:10CA4000B4FBF6F4102C00D2102444480069C0F363
:10CA50000030029045480068DFF81481C00105D518
:10CA6000D8F80000C00701D0012000E00020824675
:10CA700008014FF40066B04202D33A4EB04200D9EA
:10CA800030463B4E766811963EE000BFBAF1000F8B
:10CA900008D0374ED6F80480119EA8EB06068E42C9
:10CAA00036D205E0D8460BF1010BB8F5806F2FD2D6
:10CAB0002A4ED6F81080C8F30038CDF800803669C9
:10CAC000C6F3C02606B16D1CB8F1000F2BD0521C66
:10CAD000DDF80880009E464516D0BAF1000F11D04F
:10CAE000234E7668DDF83C80B8F1000F07D0DDF802
:10CAF0000480A6EB0808A04501D80EF1010E0196AE
:10CB000001260F96009E02961E465B1C8642BDD3F0
:10CB10001248C760C0F800C0BFF34F8F05981028B7
:10CB20000AD342B108E009F10109002ED0D1059ED7
:10CB3000761C0596CCE765B1139818B1B9F1100FC2
:10CB400000D312B1BEF1040F03D3012014B0BDE82D
:10CB5000F08F0020FAE70000303802400000024069
:10CB60003806002040420F0090D00300FCED00E0AA
:10CB7000001000E010B5F6F723FDBDE810400420DA
:10CB8000F2F7BABB30B593B034216846E3F7BAFE8A
:10CB900014210DA8E3F7B6FE1B480024016841F0FC
:10CBA00080510160006800F08050129017480168C1
:10CBB00021F4404141F4804101600068012500F406
:10CBC00040401290032000904FF480300395019074
:10CBD000EDF77CF9049006946846F7F72DF950B903
:10CBE0000F20CDE90E540D90109400210DA8119442
:10CBF000F6F79EFF08B1F4F72DFEEDF7A3F9EFF776
:10CC0000C9F813B030BD0000403802400070004049
:10CC1000012100F001B800002DE9F04F93B05FEA68
:10CC2000010B044601D000F05FF90021012000F063
:10CC3000A5F84D484FF002094FF0010A01684FF482
:10CC400080484E464FF4805721F4807101604FF4C4
:10CC50004041062C5DD2DFE804F003090E14191ED2
:10CC60004FF0000A0C256024564602E00F255024A0
:10CC700003E0002717E00F2570244FF00409012678
:10CC8000F7E70F25A0244FF004090CE00C256424DD
:10CC90008846032607E088460C256424016803269D
:10CCA00041F48071016034216846E3F72BFE1421C2
:10CCB0000DA8E3F727FE2D48016841F0805101607F
:10CCC000006800F0805012902948016821F440412A
:10CCD00041EA0801016000684FF0010800F440409B
:10CCE00012904FF48030CDE900805FEA0A024FF0E5
:10CCF0000F0A4FF480014FF0020010D006AA8046C0
:10CD000082E823000421CDE90B10CDE909496846EA
:10CD10000FE00C256024BBE7F4F79CFD0DE0CDE9A6
:10CD200006810C2108916021CDE909100B900C902F
:10CD30006846F7F781F80028EED10020CDE90F070B
:10CD40001190CDE90DA831460DA8F6F7F1FE08B116
:10CD5000F4F780FDE9F7AEFFBBF1000F01D000F062
:10CD60008FF813B0BDE8F08F003C0240403802401D
:10CD700000700040012100F001B80000F0B5B5B02E
:10CD80000E46070004D1F0F771FF08B1EFF702F883
:10CD90000EB100F0A9F8342116A8E3F7B3FD142171
:10CDA00023A8E3F7AFFD33480024016841F0805128
:10CDB0000160006800F0805000902F48016821F465
:10CDC000404141F4804101600068012500F4404089
:10CDD00000900220169029481995006D1A901C9415
:10CDE00016A8F7F729F808B1F4F734FD0F20CDE9BC
:10CDF00023044FF48050CDE92540002123A8279437
:10CE0000F6F796FE08B1F4F725FD34216846E3F7FE
:10CE100079FD684606950094F7F70EF808B1F4F727
:10CE200019FDFFB9F0F722FFE0B1FEF779FE3421DA
:10CE300028A8E3F767FDCDE9285428A82D95F6F733
:10CE4000FBFF08B1F4F706FD58216846E3F75AFDE9
:10CE500008200090800109906846F6F7CDFC08B1E3
:10CE6000F4F7F8FCE9F726FF002E01D000F008F8EF
:10CE700035B0F0BD403802400070004098010020FD
:10CE8000154808B5B0F8B002C00619D51348ECF73C
:10CE9000D3F91349087F00281CD012480268009279
:10CEA00042680092C26842F40052C260C26842F016
:10CEB0002002C26000200877BDE80840E6F748B9C4
:10CEC000FFF72AFC0020E8F7D1FDBDE80840034841
:10CED000ECF7B2B908BD0000085D00201C2F01204E
:10CEE0009801002000100140134810B5B0F8B002BE
:10CEF000C0061CD5E6F72CF900211048E6F7DAF851
:10CF00000F4940B10020087701220221BDE81040FE
:10CF10000620EDF7D3B90B48C26822F40052C26074
:10CF2000BFF34F8FBFF36F8F0120087710BDBDE8AF
:10CF30001040E8F78DBD0000085D0020082D00209E
:10CF4000980100200010014070B5194C2068194A62
:10CF500010F00C01184804D0184D042903D00829FA
:10CF600003D002601BE0056019E01149091F0B683E
:10CF7000C3F380560B6803F03F0316B1B5FBF3F221
:10CF800001E0B2FBF3F20B680968C3F388135A435C
:10CF9000C1F30141491C4900B2FBF1F10160216874
:10CFA000074AC1F30311515C0268CA40026070BDB8
:10CFB000083802400024F4003806002000366E01D4
:10CFC0009C3004080248016841F470010160704718
:10CFD00088ED00E02DE9F05FAF480169C9070DD089
:10CFE000016921F001010161AC480078DFF8B082ED
:10CFF000AC4E002220B13280A8F80020BDE8F09F9E
:10D00000AA4DA94895F840114368890184680C44E9
:10D01000846084689C4206D384688768B4FBF3F418
:10D0200004FB13738360846AC36A64185341846287
:10D03000C362002300EB830414F1180454E8007F5A
:10D040000F4444E8007CBCF1000FF7D15B1C032BBC
:10D05000F0DB9748974B41F66A04816D491C816566
:10D060005888401C81B294485980A14203D35A8009
:10D07000012180F8101391498C6B89680C44296850
:10D08000F1B30021894690F80E1300EB4105B5F885
:10D090000853491CC9B2032900D30021834680F8F4
:10D0A0000E138048B8F80060924601883143018031
:10D0B0008348A8F80020B9F1000FC28941EA024173
:10D0C0002160018A428A41EA024262607ED076484B
:10D0D000002704F108068169B846402928D3C168B1
:10D0E000806B471877484022806B00EB01086E4840
:10D0F0004368C1684031994205D3B1FBF3FC00E0BD
:10D1000014E00CFB1311C160016BD0F834C0402354
:10D11000CB184CF1000103634163183050E8001F45
:10D12000891A40E80013002BF8D105E00121A9E796
:10D1300000215D4802F089FD634B00205246195CD6
:10D14000FF2908D03FB1B8F1000F04D0202905D243
:10D1500037F9111008E026F8102007E008EB41012C
:10D1600031F8401C490009B226F81010401C08286C
:10D17000E5D3B9F1000F01D025836283DBF8F80213
:10D18000A083000CE0834D4820224168836820334F
:10D19000836083688B4206D383688468B3FBF1F3B2
:10D1A00003FB11418160816AC36A20240C19554632
:10D1B00043F100018462C1625FF0000100EB810372
:10D1C00013F1180353E8004F144400E01AE043E859
:10D1D0000046002EF6D1491C0329EFDB3B493148BC
:10D1E0000A8803881A430A8005800120F2F784F830
:10D1F000EDF7A6FC00283FF401AFBDE8F05F052085
:10D20000F2F77AB8DFF8C8C0324E9FED331A9CEDC2
:10D21000000ADFED320A10EE101A4FF04747B14214
:10D2200002DDB0EE410A05E010EE101AB94201D954
:10D23000B0EE600ABDEEC00A10EE101A9CED010AB5
:10D240000AB210EE101AB14202DDB0EE410A05E05A
:10D2500010EE101AB94201D9B0EE600A068947896A
:10D26000BDEEC00A46EA0746A6608789068810EE2A
:10D27000101A47EA0646E6604688808846EA00407B
:10D2800020619888461C9E8045EA0040606190B20B
:10D2900040EA0140A06171E700400140A001002088
:10D2A000CC010020C801002050B0002090B1002027
:10D2B000702900200406002090B9002010B1002041
:10D2C00038B0002090B00020A0020020CA01002049
:10D2D0004006002000FEFF4600FEFF46000000C79B
:10D2E00070B58CB014216846E3F70CFB0025244888
:10D2F000059506950795089509950A95016841F0E9
:10D30000010101600068012600F001000B904FF45C
:10D31000805000900220CDE901060320CDE90306EC
:10D3200069461848F5F7BEFA184C1748C4E90005D5
:10D33000C4E90256256165612046A561F7F786FEBE
:10D340006E1E98B94FF40050CDE90505079505A963
:10D3500020460895F8F7ADF840B9202009908020C4
:10D360000A9009A92046F7F7FBFD10B130460CB032
:10D3700070BD2068C560206805610020F7E70000E7
:10D38000303802400000024000000140242D0120FE
:10D390000148F8F7FDB800006C2D012002496FF03C
:10D3A000010008617047000000200040F0B50268ED
:10D3B000274B284D284E294F294C4FF0804C98423E
:10D3C00009D0604507D0A84205D0B04203D0B8428A
:10D3D00001D0A04204D122F0700E4A6842EA0E0247
:10D3E00098421BD0604519D0A84217D0B04215D042
:10D3F000B84213D0A04211D01A4DA8420ED01A4DF7
:10D40000A8420BD0194DA84208D0194DA84205D00A
:10D41000184DA84202D0184DA84203D122F44075FD
:10D42000CA682A434D6922F080022A438D68C5628A
:10D430000D688562984201D0A04201D1096901635B
:10D44000016841F004010160012141610260F0BD09
:10D45000000001400004004000080040000C0040B3
:10D4600000040140004001400044014000480140E8
:10D4700000180040001C00400020004010B501F0E2
:10D480001F030121046A99408C430462016A9A4097
:10D490001143016210BD10B5846842EA032224F4EE
:10D4A0007F440A432243826010BD826822F07002EA
:10D4B0000A4342F00701816070470000F0B5036A3B
:10D4C000026A22F00102026242688469124E24F06C
:10D4D00073050C682C4323F002058B682B430D4D1C
:10D4E000A84201D0B04205D123F00807CB683B43E6
:10D4F00023F00403A84201D0B04205D14D6922F4C3
:10D50000407215438A692A434260846149684163D5
:10D510000362F0BD0000014000040140F0B5026A62
:10D52000036A23F010030362436884690D6824F4DE
:10D53000E64444EA05248D6822F0200242EA0512FE
:10D540000F4D104EA84201D0B04206D1CF6822F054
:10D55000800242EA071222F04002A84201D0B04203
:10D5600007D14D6923F4406343EA85038D6943EA9B
:10D57000850343608461496881630262F0BD0000F5
:10D580000000014000040140F0B5026A036A23F480
:10D59000807303624368C46922F4007224F0730547
:10D5A0000C68124E2C438D6842EA05220E4DA842AB
:10D5B00001D0B04206D1CF6822F4006242EA0722CD
:10D5C00022F48062A84201D0B04207D14D6923F411
:10D5D000405343EA05138D6943EA05134360C46170
:10D5E0004968C1630262F0BD0000014000040140CF
:10D5F00030B5046A026A22F4805202624268C3694A
:10D600000D6823F4E64343EA05238D6824F40054AF
:10D6100044EA0534084DA84202D0084DA84204D17E
:10D620004D6922F4804242EA85124260C361496832
:10D630000164046230BD00000000014000040140AC
:10D6400070B5036800249A6822F070054A682A437E
:10D6500022F007050A682A439A604A6812F00F0F01
:10D6600031D11211082A2ED2DFE802F02E2E2E2EF2
:10D670000B2127040B69D1E902210068FFF70BFF9A
:10D6800022E00A68052A10D00268136A156A25F09C
:10D690000105156202689569096925F0F00545EAFA
:10D6A00001119161006803620EE0012070BD0A69FA
:10D6B0008968006800F00AF806E00A69896800686D
:10D6C00000F015F800E00124204670BD10B5036A93
:10D6D000046A24F001040462846924F0F00444EA3A
:10D6E000021423F00A020A438461026210BD10B5DD
:10D6F000036A046A24F010040462846923F0A0031E
:10D7000024F4704444EA023243EA01118261016266
:10D7100010BD00000A4810B5016821F02001016029
:10D720000848EDF751FBEEF799F820B10648E9F704
:10D73000E9F8F2F737FEBDE810400220F1F7DCBD52
:10D7400050B00020706F00203452534901680C31F2
:10D7500051E8002F22F4907241E80023002BF5D10C
:10D760000168143151E8002F22F0010241E8002342
:10D77000002BF5D1016B012909D101680C3151E869
:10D78000002F22F0100241E80023002BF5D12021C8
:10D7900080F8421000210163704701680C3151E8A4
:10D7A000002F22F0C00241E80023002BF5D12021F8
:10D7B00080F841107047000070B5044600680169A8
:10D7C000E26821F44051114301612169A068E269D6
:10D7D00008436169114308432168CA6849F20C6330
:10D7E0009A430243CA6020684169A26921F44071EA
:10D7F0001143416134492068884208D03349884246
:10D8000005D03349884202D03249884202D1F6F726
:10D81000D1FA01E0F6F7BEFAE26900231921642586
:10D820003226B2F5004F626828D0A0FB0101930FA9
:10D830009200E2F7DFFD0146B0FBF5F06FF0180251
:10D84000504301EB800006EB0010B0FBF5F000F058
:10D85000F002B1FBF5F002EB0012B1FBF5F06FF056
:10D860001803584301EB800006EB0010B0FBF5F005
:10D8700000F00F0021681044886070BDA0FB01011A
:10D8800092185B41E2F7B6FD0146B0FBF5F00201EC
:10D89000B1FBF5F06FF01803584301EB800006EB85
:10D8A000C000B0FBF5F000F0F80002EB4002B1FB65
:10D8B000F5F0584301EB800006EBC000B0FBF5F03B
:10D8C00000F00700D6E700000010014000140140FE
:10D8D00000180140001C014010B5F6F7D3FF1B48AB
:10D8E000016821F0200101604FF480411848F5F7EC
:10D8F000C7F80028174809D0EBF77CFBEDF7AEFF1F
:10D9000058B11548E8F7FEFFF2F74CFDEBF7E4FAE3
:10D91000BDE810400F48EBF74FBC1048D0F8381264
:10D92000C9030CD4D0F83012C96809060CD5D0F858
:10D93000340220B1806B10B10068002804D1BDE82A
:10D9400010400448EDF7E2BC10BD000050B00020CC
:10D9500000080240082D002042525349085D002073
:10D960000D4810B5016821F0200101600B48EDF76A
:10D970002BFAEDF773FF20B10948E8F7C3FFF2F780
:10D9800011FD0848016841F020010160BDE8104028
:10D990000220F1F7B1BC000050B00020706F0020F1
:10D9A000365253490C14014041F4807141F2210276
:10D9B00040004900CB0500D5401CC30300D55040B2
:10D9C000CB03F5D580B270470D20E9F7C9F9F2F71E
:10D9D000E9FC000070B50546E8F74EFD686AB0F551
:10D9E000803F01D34FF6FF7028632C68E06C00681D
:10D9F000016821F001010160A06C0068016821F05C
:10DA0000010101602068016821F040010160206887
:10DA1000416821F0030141602846E8F70DF9E16C07
:10DA200025480968C860E16C206809680C30886086
:10DA3000E16C286B09684860E06C0068016821F4BB
:10DA4000A2610160A16CE86B0968C860A16C2068E4
:10DA500009680C308860A16C286B09684860A06C6C
:10DA60000068016841F482610160A06C006801688F
:10DA700021F4807101602068016821F0400101609B
:10DA80002068416841F001014160E06C0068016874
:10DA900041F001010160A06C0068016841F00101E2
:10DAA00001602068416841F002014160206801681E
:10DAB00041F04001016070BD140400202DE9F041E7
:10DAC00006462DED048B94B000209FED2E8A9FED2D
:10DAD0002E9B1D46904618800746F3EE048A6C463E
:10DAE000780003F032F953EC192B03F0DBF902F064
:10DAF00045FE00EE900A80EEA80A10EE100A03F030
:10DB000021FD41EC100B01F0B7F951EC100B02F0C4
:10DB100035FE44F827007F1C142FE1DB0021F0EED6
:10DB2000480A1422F0EE608A0020431893FBF2F7B3
:10DB300002FB173304EB830393ED000A06EB80032B
:10DB4000401C93ED001A142841EE008AEDDBB2EE82
:10DB5000041A88EE810AB4EEC08AF1EE10FA09D2F6
:10DB60004FF4B470484390FBF2F088ED000AB0EE39
:10DB7000408A2880491C1429D4DB14B0BDEC048BE6
:10DB8000BDE8F0810000000044174154FB2109402A
:10DB900003B401984100009850EAC12018BF042046
:10DBA0004A0D18BF40F0010040F2FF72B2EB515F26
:10DBB00008BF40F00200012808BF052002B07047EE
:10DBC000002809DB00F01F0201219140400980007C
:10DBD00000F1E020C0F880127047002809DB00F057
:10DBE0001F02012191404009800000F1E020C0F8AF
:10DBF000801270470907090E002804DB00F1E020BD
:10DC000080F80014704700F00F0000F1E02080F869
:10DC1000141D7047BFF34F8F05480168054A01F492
:10DC2000E06111430160BFF34F8F00BFFDE70000CB
:10DC30000CED00E00400FA05BFF34F8F05480168C2
:10DC4000054A01F4E06111430160BFF34F8F00BF4B
:10DC5000FDE700000CED00E00400FA050000000004
:10DC600070B59B482DED020B2DED068B079D25F021
:10DC70000044A04218DC9748844202DC0AD106988E
:10DC800040B19DED060BBDEC068B02B0BDE87040C7
:10DC900001F096BD002DCCBF9FED8F0B9FED900B3B
:10DCA000BDEC068B02B070BD8F48A04215DD8F48D9
:10DCB000A042D8BF4FF0FF3458DD9DED060B51EC6C
:10DCC000100BFFF765FF042808BF01F0ADFD9DEDC7
:10DCD000060BBDEC068B02B070BD9DED060B51EC42
:10DCE000100B02F02BF8CDE9060181489FED828BE5
:10DCF000A0423CDD8248A0421FDD00249FED82ABA4
:10DD00009DED060B53EC1A2B51EC100B02F068FD45
:10DD10009DED060B41EC190B53EC1A2B51EC100B3B
:10DD200003F0C0F853EC182B03F022FB53EC192B33
:10DD300002F012FECDE9060149E09DED060B01243B
:10DD400053EC182B51EC100B02F04AFD9DED060B25
:10DD500041EC190B53EC182B51EC100B03F008FBA2
:10DD600053EC192B02F0F8FDCDE906012FE06848CD
:10DD7000A0421FDD02249FED689B9DED060B53EC36
:10DD8000192B51EC100B03F08DF853EC182B02F00B
:10DD900027FD9DED060B41EC180B53EC192B51ECB4
:10DDA000100B03F0E5FA53EC182B02F0D5FDCDE98A
:10DDB00006010CE09DED060B032453EC102B9FEDA8
:10DDC000580B51EC100B02F0C7FDCDE906019DED9B
:10DDD000060B53EC102B51EC100B03F063F841ECE5
:10DDE000180B53EC182B03F05DF841EC190B4E485F
:10DDF0000621B0EE490AF0EE690A784401F0B4FB5E
:10DE000053EC182B51EC100B03F04CF841EC180BB1
:10DE10004648B0EE490AF0EE690A0521784401F05F
:10DE2000A3FB53EC192B51EC100B03F03BF841EC26
:10DE3000100B51EC180B53EC102B002C0EDA02F0E7
:10DE4000CFFC9DED061B53EC112B03F02BF89DED41
:10DE5000061B53EC112B03F0B3F935E002F0C0FCC4
:10DE60009DED061B53EC112B03F01CF841EC100B3D
:10DE70002F48784400EBC40090ED001B51EC100BD0
:10DE800053EC112B03F074FA9DED061B53EC112B90
:10DE900003F06EFA41EC100B2648784400EBC40006
:10DEA00090ED001B51EC100B53EC112B03F088F993
:10DEB00041EC100B002DA2BFBDEC068B02B070BD73
:10DEC00051EC100B02F04EFC41EC100B01E700008E
:10DED000000010440000F07F182D4454FB21F93F4E
:10DEE000182D4454FB21F9BF0000DC3F0000203E08
:10DEF0000000F33F00000000000000000000F03FC1
:10DF00000000E63F000000000000000000000040AC
:10DF10000080034000000000000000000000F83F07
:10DF2000000000000000F0BFAA5300006053000092
:10DF3000EA520000A252000070B56B4E2DED040BAA
:10DF40002DED028B82B0DDF81CC0DDE905235C42BB
:10DF50002CF000411C4341EAD474049D22F000409F
:10DF6000B44205D86C422C4340EAD474B4420BD975
:10DF70009DED061B9DED040B02B0BDEC028B04B0C1
:10DF8000BDE8704001F026BCACF14054A4F17F64C0
:10DF90001C430BD0022404EAAC7444EAD274054357
:10DFA0009FED538B9FED542B07D015E09DED040B97
:10DFB00051EC100B01F04FFC42E0002C11BF012C82
:10DFC0009DED040B02B0BDEC028B04BF04B070BD2C
:10DFD000022C38D0032C3BD00B439FED491B9FED07
:10DFE0004A0B0AD0B14218D1B04209D121F0804188
:10DFF00020F08040079105900FE0002A15DA10E02C
:10E00000434B7B44002C08BF93ED000B0DD0012C3B
:10E0100010D0022C17D0032C1AD0B0421DD1002AE8
:10E0200003DAB0EE410AF0EE610A02B0BDEC028BF9
:10E0300004B070BD93ED000B51EC100B02F092FB9D
:10E0400041EC100BF1E7B0EE480AF0EE680AECE79D
:10E05000B0EE420AF0EE620AE7E7401A00153C28EB
:10E06000C8BF8DED000B19DCBCF1000FBEBF10F175
:10E070003C0F9FED290B8DED000B0FDB9DED060B8B
:10E0800053EC102B9DED040B51EC100B02F064FCD3
:10E0900001F054FE01F0DFFBCDE90001002C08BFC8
:10E0A0009DED000BC1D0012C10D0022C9FED1C0B5C
:10E0B00053EC102B9DED000B51EC100B0DD003F029
:10E0C00057F953EC182B03F053F9B9E7019880F096
:10E0D000004001909DED000BA7E703F049F953ECD8
:10E0E000182B03F06DF8ABE70000F07F0000000094
:10E0F000182D4454FB210940182D4454FB2109C01C
:10E10000182D4454FB21F9BF182D4454FB21F93F2D
:10E1100002520000000000000000000000000000AB
:10E12000075C143326A6A13C10B52DED020B2DED96
:10E13000088B9DED080B51EC100B02F0E7FF41EC52
:10E14000180B9DED080B53EC182B51EC100B03F042
:10E150000FF941EC190B09989FED2D0B10F0004FB2
:10E1600053EC102B51EC190B9FED25AB9FED26BB0B
:10E170000DD002F05BFE0DD953EC1B2B51EC190BAB
:10E1800002F08EFF1BD213E041EC180B17E002F0F7
:10E190004DFE06D253EC1A2B51EC180B03F0E8F8A5
:10E1A000F2E753EC1B2B51EC190B02F079FF06D868
:10E1B00053EC1A2B51EC180B02F012FBE4E79FED25
:10E1C000160B51EC180B53EC102B02F069FF08D31F
:10E1D00051EC180B9FED120B53EC102B02F026FEA6
:10E1E00002D20120E2F70FFC51EC180BBDEC088BBA
:10E1F00002B0BDE8104002F037BD00000000000092
:10E20000000000000000F03F000000000000E03FC0
:10E21000000000000000E0BF0000C0FFFFFFDF4182
:10E22000000000000000E0C12DE9F04D2DED040BD1
:10E230002DED0E8B96B0DDE92550279CDDF890A0E2
:10E2400025F0004624F00048BAF1000F14BF012168
:10E25000002101EB4502FC4953184A1093422AD38E
:10E26000002814BF0123002303EB44030B44F749A8
:10E270008B4220D358EA00019FEDF59B76D0DFF862
:10E28000D8B35D4503D1BAF1000F05D188E0BAF1EA
:10E29000000F08BF002100D0012101EB450111F55D
:10E2A000001F08D8002814BF0121002101EB440100
:10E2B00011F5001F0BD99DED261B9DED240B16B00B
:10E2C000BDEC0E8B04B0BDE8F04D01F083BA002721
:10E2D000002DBCBFE149884521DAE1498845A8BF46
:10E2E00002271CDAC3451ADCDE4901EB2851142948
:10E2F00008DDC1F1340220FA02F101FA02F2824291
:10E300000DD108E058B9C1F1140228FA02F101FA5E
:10E3100002F2424503D101F00101C1F1020756EAC0
:10E320000A0124D1002C22DA002D18BF022F01D0BF
:10E33000012F0AD00220E2F766FB16B0BDEC0E8B6F
:10E3400004B0BDE8F04D01F023BA0220E2F75BFB18
:10E3500001F01EFA51EC100B02F004FA41EC100B24
:10E3600016B0BDEC0E8B04B0BDE8F08D18E09FED4B
:10E37000BEAB9FEDBF8B002871D1B848804522D13C
:10E3800005F1804010F5801008BFBAF1000F07D0EA
:10E39000B3450ADC002CA8BF9DED260BE0DA0DE0AA
:10E3A000B0EE490AF0EE690ADAE7002C06DA9DEDD4
:10E3B000260B51EC100B02F0D5F96FE0AE48784413
:10E3C00090ED000BCCE7D8454DD1002C48DA2EB1AA
:10E3D00086423AD1BAF1000F42D126E0BAF1000FDD
:10E3E00013D00220E2F70FFB01F00EFA8DED020BC5
:10E3F0009DED240B8DED000B10EE900A039961F357
:10E400001E0003909DED020BAAE78DED02AB9DED82
:10E41000240B1AEE901A10EE900A8DED000B61F3AA
:10E420001E0003909DED020B9AE78DED028B9DED92
:10E43000240B18EE901A10EE900A8DED000B61F38C
:10E440001E0003909DED020B8AE709DA9DED240B77
:10E4500051EC190B53EC102B02F07EFA1EE020E079
:10E460009DED240B7CE786421BDAB4F1804F0DD082
:10E47000A4F10050B0F1FF5013D1002D11DB9DED40
:10E48000240B51EC100B02F0B3F807E09DED240BC8
:10E4900053EC102B51EC100B00F0C2BC41EC100BF4
:10E4A0005EE79DED240B51EC100B01F047FCBAF137
:10E4B000000FCDE90E0142D19FED710B46B3A6F1DD
:10E4C000E040B0F17F600CD05E4538D1002D00DA1D
:10E4D000A7B3022F0CBF01204FF0FF3002F035FC34
:10E4E000DCE7002D01DD002C0DDA002D01DD002C14
:10E4F0001FDB002D16DA002C14DB012F08BF9FED67
:10E50000620B3FF42DAFB0EE4A0AF0EE6A0A27E73D
:10E51000022F18BF002D0CD0012F0AD1002DFFF6BD
:10E520001FAF06E0002DB8BF002C08DA012F3FF422
:10E5300017AFB0EE480AF0EE680A11E71BE00120C1
:10E5400000EBE57050EA070115D0791EB0EE498A5C
:10E55000F0EE698A084308BF9FED4D8B4E480025B9
:10E56000804570DD4D494E48884514DDB0420DDBD5
:10E57000002C19DB2FE00120E2F745FA16B0BDECC4
:10E580000E8B04B0BDE8F04D01F02EB9B34502DCAE
:10E59000002C09DC1FE0864202DA002C1BDA03E0C3
:10E5A0005E452BDD002C16DD0220E2F72CFA01F08F
:10E5B0002BF98DED020B53EC1A2B51EC180B02F0DA
:10E5C00071FCCDE900010399019861F31E000390ED
:10E5D0009DED020BC4E60220E2F715FA01F024F9E2
:10E5E00010EE901A18EE900A8DED020B8DED008B57
:10E5F00061F31E0003909DED020BB1E69DED0E0B45
:10E6000053EC192B51EC100B02F0B2FE9FED260BD0
:10E61000CDE9080153EC102B9DED080B51EC100BCC
:10E6200002F040FC9FED221B53EC112B02F0C8FDC1
:10E630009DED081B53EC112B02F034FC9FED1E1BCB
:10E6400053EC112B3CE08CE0FFFF1F00FFFF0F009D
:10E65000000000000000F03F0000F03F0000F07FED
:10E660000000404301FCFFFF000000000000F07FBD
:10E670000000000000000000464E00000000000006
:10E680000000000000000080000000000000F0FF1B
:10E69000000000000000F0BF0000E0410000F04377
:10E6A000FFFFEF3F00000000000000000000D03F2F
:10E6B000555555555555D53F000000000000E03F29
:10E6C00002F07EFD9DED080B41EC1A0B53EC102B74
:10E6D00051EC100B02F0E6FB53EC1A2B02F0E2FBBC
:10E6E00041EC1A0B9FEDFE0B53EC102B9DED080B2C
:10E6F00051EC100B02F0D6FB41EC1B0B9FEDFA0B1B
:10E7000051EC1A0B53EC102B02F0CCFB41EC1A0B22
:10E710009FEDF70B53EC102B9DED080B51EC100BFC
:10E7200002F0C0FB53EC1A2B02F022FE41EC1A0B54
:10E7300051EC1B0B53EC1A2B02F052F80690CDE96A
:10E7400006519DED060B53EC1B2B51EC100B02F008
:10E750000FFE53EC1A2B02F033FD41EC100B00F0CE
:10E76000A1B90020B6F5801F0EDA9FEDE30B53EC44
:10E77000102B9DED0E0B51EC100B02F093FBCDE92D
:10E780000E016FF034000E4600EB2650A0F2FF376A
:10E79000C6F31300DA4940F07F6646F040568842DF
:10E7A000D8BF002408DDD7498142C8BF012403DC5B
:10E7B0000024A6F580167F1CD348784400EBC400E3
:10E7C0000F9690ED00CB9DED0E0B53EC1C2B51ECF6
:10E7D000100B02F0CDFD9DED0E0B41EC1B0B53EC2D
:10E7E0001C2B51EC100B01F0FBFF41EC100B51EC1A
:10E7F000190B53EC102B02F0AFF841EC1D0B51EC50
:10E800001B0B53EC1D2B02F04DFB41EC1A0BBF48C8
:10E810008DED10AB7844109590ED000B4FF000504B
:10E8200040EA660000EB84408DED080B00F5002007
:10E8300009909DED080B53EC1C2B51EC100B02F0D2
:10E8400097FD9DED0E1B53EC112B02F0B9FC41EC32
:10E85000100B53EC102B9DED100B51EC100B02F034
:10E8600021FB9DED080B41EC1C0B53EC102B9DED97
:10E87000100B51EC100B02F015FB53EC1B2B02F0AC
:10E880009FFC53EC1C2B02F073FD53EC1D2B02F08C
:10E8900009FB41EC1C0B53EC1A2B51EC1A0B02F048
:10E8A00001FB41EC1B0B9A480621B0EE4B0AF0EE3F
:10E8B0006B0A784400F058FEB0EE401AF0EE601A91
:10E8C000B0EE41DAF0EE61DA53EC1B2B51EC1B0B8E
:10E8D00002F0E8FA53EC1D2B02F0E4FA9DED100B68
:10E8E00041EC1B0B53EC1A2B51EC100B01F078FF91
:10E8F00053EC1C2B02F0D6FA53EC1B2B01F070FFEB
:10E900009DED100B41EC1B0B53EC102B51EC100B3D
:10E9100002F0C8FA41EC1D0B9FED7FEB53EC1E2B70
:10E9200001F05EFF53EC1B2B01F05AFF0890CDE97C
:10E9300008519DED080B53EC1E2B51EC100B02F00F
:10E9400017FD53EC1D2B02F013FD53EC1B2B02F0B3
:10E9500037FC9DED080B41EC1D0B53EC102B9DED8E
:10E96000100B51EC100B02F09DFA41EC1B0B53EC19
:10E970001A2B51EC1D0B02F095FA9DED080B41ECA2
:10E980001A0B53EC102B51EC1C0B02F08BFA53ECCE
:10E990001A2B01F025FF41EC1A0B51EC1B0B53EC29
:10E9A0001A2B01F01DFF0C90CDE90C519DED0C0BC5
:10E9B00053EC1B2B51EC100B02F0DAFC53EC1A2B2E
:10E9C00002F0FEFB41EC1B0B9FED550B53EC102BA3
:10E9D0009DED0C0B51EC100B02F064FA41EC1A0B9C
:10E9E0009FED510B51EC1B0B53EC102B02F05AFA1C
:10E9F00041EC1B0B9FED4E0B53EC102B9DED0C0BC4
:10EA000051EC100B02F04EFA53EC1B2B01F0E8FE18
:10EA100041EC100B4848784400EBC40090ED001B1B
:10EA200051EC100B53EC112B01F0DAFE41EC1B0BF7
:10EA3000384602F08AF9CDE9080153EC1B2B51EC62
:10EA40001A0B01F0CDFE41EC100B3C48784400EB72
:10EA5000C40090ED00CB51EC100B53EC1C2B01F0DB
:10EA6000BFFE9DED081B53EC112B01F0B9FE069083
:10EA7000CDE906519DED080B53EC102B9DED060BD7
:10EA800051EC100B02F074FC53EC1C2B02F070FCE8
:10EA900053EC1A2B02F06CFC53EC1B2B02F090FB96
:10EAA00041EC100B9DED261B53EC102B8DED001B44
:10EAB00000959DED260B51EC100B02F0F3F99DED46
:10EAC000000B41EC1A0B53EC102B9DED260B51EC77
:10EAD000100B02F04DFC9DED061B53EC112B2FE0AB
:10EAE000000000604715F73FFE822B654715F73F92
:10EAF00044DF5DF80BAE543E0000000000004043D0
:10EB00008E9803007AB60B00FA480000F049000026
:10EB10003248000000000000000000000000084033
:10EB2000000000E009C7EE3FFD033ADC09C7EE3FF5
:10EB3000F5015B14E02F3EBEBE46000078460000A3
:10EB400002F0B0F953EC1A2B01F04AFE9DED060BD2
:10EB500041EC1A0B53EC102B9DED000B51EC100BFC
:10EB600002F0A0F9CDE90C019DED0C0B51EC1A0B54
:10EB700053EC102B01F034FECDE902010C46AA49FA
:10EB80008C422FDB611A084318D19DED0C0B53EC1E
:10EB9000102B9DED020B51EC100B02F0E9FB41EC48
:10EBA0001B0B9FEDA30B51EC1A0B53EC102B01F038
:10EBB00017FE53EC1B2B02F073FA2DD20220E1F763
:10EBC00022FF00F021FE10EE901A18EE900A8DED53
:10EBD000020B8DED008B61F31E0003909DED020B87
:10EBE000FFF7BEBB944A24F00041914214D39349ED
:10EBF000214408437FF4EFAC9DED0C0B53EC102B3C
:10EC00009DED020B51EC100B02F0B2FB53EC1A2BF2
:10EC100002F046FA7FF6DFAC24F000408849894ACA
:10EC2000002601EB205182422BDA481C4FF4801160
:10EC300021FA00F02044844AC0F30A517A44A1F238
:10EC4000FF3192ED000B814A8DED080BCA4020EA9E
:10EC50000202C0F3130040F48010C1F1140120FA45
:10EC600001F60992002CB8BF76429DED080B53ECDB
:10EC7000102B9DED0C0B51EC100B02F079FBCDE944
:10EC80000C019DED0C0B51EC1A0B53EC102B01F009
:10EC9000A7FD9FED6F0B0890CDE9085153EC102BA9
:10ECA0009DED080B51EC100B02F0FCF841EC1B0B36
:10ECB0009FED690B53EC102B9DED080B51EC100BE5
:10ECC00002F0F0F89DED0C0B41EC1C0B53EC102BFB
:10ECD0009DED080B51EC100B02F04AFB53EC1A2B84
:10ECE00002F06EFA9FED5E1B53EC112B02F0DAF886
:10ECF00053EC1C2B01F074FD41EC1A0B51EC1B0B77
:10ED000053EC1A2B01F06CFDCDE902019DED020BD5
:10ED100053EC1B2B51EC100B02F02AFB53EC1A2B7B
:10ED200002F04EFA9DED020B41EC1A0B53EC102B46
:10ED300051EC100B02F0B6F8CDE908014A489DED00
:10ED4000080B0521784400F00FFC9DED081B51ECE9
:10ED5000100B53EC112B02F0A5F89DED021B53ECA8
:10ED6000112B02F02DFACDE906019DED020B53ECBB
:10ED70001A2B51EC100B02F095F853EC1A2B01F002
:10ED80002FFD9FED3B0B41EC1A0B53EC102B9DED2F
:10ED9000060B51EC100B02F0EBFA9DED060B41EC6B
:10EDA0001B0B53EC102B9DED020B51EC100B02F0E2
:10EDB00079F853EC1B2B01F0CFFD53EC1A2B02F02A
:10EDC000D7FA9DED021B53EC112B02F0D1FA53EC54
:10EDD000192B02F0F5F9CDE9020101EB06500115FE
:10EDE0000029C8BF039015DC9DED020B324651ECA3
:10EDF000100B02F0BFFCFEF7CBFE042808BF00F0AA
:10EE000013FD32469DED020B51EC100B02F0B2FCEB
:10EE1000CDE902019DED020B51EC180B53EC102BC8
:10EE200002F040F8FFF73ABB0000904000000000FD
:10EE3000FE822B654715973C00CC904000346F3F15
:10EE400001FCFFFF0000E03FC8450000FFFF0F008E
:10EE500000000000432EE63F396CA80C615C20BE28
:10EE6000EF39FAFE422EE63FD043000000000000DA
:10EE7000000000000000004010B52F499FED2C1B42
:10EE80002DED020B84B0059820F000408842DCBFD5
:10EE900000209DED040B32DD2849884209D10498F9
:10EEA00040B94FF00100E1F7AEFD00F09DFC06B067
:10EEB00010BD05DB9DED040B00F082FC06B010BD1B
:10EEC00068469DED040B00F07BF810F0030011D0B4
:10EED000012818D09DED021B9DED000B02281AD0D1
:10EEE00000F08AFA51EC100B01F03CFC06B041EC4A
:10EEF000100B10BD9DED021B9DED000B012000F0DD
:10EF0000AFFB06B010BD9DED021B9DED000B00F0A8
:10EF100073FA06B010BD012000F0A2FB51EC100BFB
:10EF200001F020FC06B041EC100B10BD0000000009
:10EF30000000000000000000FB21E93F0000F07F1E
:10EF400000B52DED048BB0EE409AF0EE609A83B0E0
:10EF500051EC190B02F040F941EC180B18EE100AB5
:10EF600018EE901A8DED008B002818BF0120084381
:10EF700020F00040C0F17F6000F1E040C00F14D0ED
:10EF800019EE101A19EE900A8DED009B002918BF9A
:10EF90000121084320F00040C0F17F6000F1E04013
:10EFA000C00F04BF0120E1F72EFDB0EE480A03B008
:10EFB000F0EE680ABDEC048B00BD0000000000000C
:10EFC0002DE9F14F04462DED020B2DED088B8AB093
:10EFD0009FEDE70B80ED020B139EE74826F00045FE
:10EFE00085420ADC9DED120B002084ED000B0AB077
:10EFF000BDEC088B03B0BDE8F08FE0489FEDE0ABBF
:10F000009FEDE1BBA84247DDE14F9FEDE39B9FED04
:10F01000E48B9DED120B53EC1A2B51EC100B002ED0
:10F020001CDD02F0A5F941EC100BBD4208D053ECF9
:10F030001B2B51EC100B02F09BF9C4E900010BE013
:10F0400053EC192B51EC100B02F092F953EC182BE6
:10F0500002F08EF9C4E900010120C8E701F0C0FB0D
:10F0600041EC100BBD4208D053EC1B2B51EC100BA4
:10F0700001F0B6FBC4E900010BE053EC192B51EC95
:10F08000100B01F0ADFB53EC182B01F0A9FBC4E908
:10F0900000014FF0FF30AAE7C348A84279DB9DED9D
:10F0A000120B51EC100B00F049FE41EC180B9FEDD8
:10F0B000C00B53EC102B01F0F5FE9FEDBF1B53EC82
:10F0C000112B01F08DFB01F09FFD074601F03DFE85
:10F0D00041EC190B53EC1A2B01F0E4FE53EC182B06
:10F0E00002F06EF841EC180B53EC1B2B51EC190B92
:10F0F00001F0D8FEDFF8C8A241EC100B4FEA15581A
:10F100000125FA4453EC102B51EC180B02F030F9A6
:10F11000032DC4E900013DD0C1F30A5005EB4511B0
:10F12000A8EB00001139814234DA0AEB051BB0EE7E
:10F1300048AA9BED000BF0EE68AA53EC102B51ECA3
:10F14000190B01F0AFFE41EC1B0B51EC1A0B53EC09
:10F150001B2B02F00DF941EC180B51EC1A0B53EC80
:10F16000182B02F005F953EC1B2B02F001F99BED73
:10F17000020B41EC1A0B53EC102B51EC190B01F064
:10F1800091FE53EC1A2B02F0F3F841EC100B6D1CBE
:10F19000B8E70EE0002EA8BF3846BFF628AF94EDC2
:10F1A000000B51EC100B01F0DDFAC4E900017842CC
:10F1B0001DE7C6F3130040F4801EC6F30A50A0F208
:10F1C000F530471100F01F05C5F12000DDF848B00B
:10F1D00008900020069007900520EC467949002D04
:10F1E00007EB0002794408BF51F8221009D051F80A
:10F1F000223001EB8201AB404A68089922FA01F102
:10F200001943A1FB0E26A1FB0B131A449A4234BFEB
:10F210000123002303EB06080CEB8003D3E901A6CE
:10F220000E448E4234BF0121002192448A4411B120
:10F23000924502D903E0924501D2012100E000216C
:10F24000C3E901A641444CF82010011EA0F10100C1
:10F25000C4DC029800F10050850F0298DDE90367D5
:10F260008000DDF8148001F070FD41EC1A0B30468F
:10F2700001F082FD9FED541B53EC112B01F012FEA7
:10F2800041EC1B0B384601F077FD9FED511B53EC11
:10F29000112B01F007FE41EC180B404601F06CFD0C
:10F2A0009FED4D1B53EC112B01F0FCFD41EC190BB4
:10F2B00051EC180B53EC192B01F092FA53EC1B2B69
:10F2C00001F08EFA53EC1A2B01F08AFACDE908010D
:10F2D000002008909DED080B53EC1A2B51EC100BFD
:10F2E00002F046F853EC1B2B02F042F853EC182BBB
:10F2F00002F03EF853EC192B01F062FF9FED381B32
:10F3000053EC112B01F0CEFD9FED370B41EC180BA8
:10F3100053EC102B9DED080B51EC100B01F0C2FDCE
:10F3200053EC182B01F05CFA9FED310B41EC180BFC
:10F3300053EC102B9DED080B51EC100B01F0B2FDBE
:10F3400053EC182B01F04CFA41EC100B139810F011
:10F35000004F06D06D4251EC100B01F003FA41EC66
:10F36000100B284684ED000B41E600000000000071
:10F370000000000000000000FB21E93F7CD90240B2
:10F3800000004054FB21F93F3163621A61B4D03D63
:10F39000FB21F93F000000000000601A61B4D03D7D
:10F3A0007370032E8A19A33BFB2139410000000032
:10F3B00083C8C96D305FE43F000000000000E03FFB
:10F3C0000A41000058400000000000000000103E0C
:10F3D000000000000000103C000000000000103A97
:10F3E000182D4454FB21F93D3326A611460B113C40
:10F3F00000000054FB21F93D10B52DED040B2DED5F
:10F40000088B82B0B0EE419AF0EE619A0B9820F032
:10F4100000449FED4BABB4F1795F11DA9DED0A0B1F
:10F4200051EC100B01F0F0FB002801BFB0EE4A0ACE
:10F43000F0EE6A0A02B0BDEC088B04BF04B010BD48
:10F440009DED0A0B53EC102B51EC100B01F02AFD33
:10F4500041EC180B3C480621B0EE480AF0EE680A71
:10F46000784400F081F853EC182B51EC100B01F0AC
:10F4700019FD9DED0A0B41EC1B0B53EC192B51ECC4
:10F48000100B01F00FFD41EC190B53EC1B2B51EC51
:10F49000180B01F007FD53EC192B01F069FF9FEDEC
:10F4A0002C0B41EC190B53EC102B51EC180B01F009
:10F4B000F9FC41EC100B2848844210DA53EC192B6C
:10F4C00051EC100B01F054FF53EC1A2B01F078FEB5
:10F4D00041EC100B02B0BDEC088B04B010BD1F480E
:10F4E000A042BCBF9FED1E1B8DED001B06DBA4F5EB
:10F4F00000100190002000909DED001B51EC100BBE
:10F5000053EC112B01F034FF9DED000B41EC180B77
:10F5100053EC102B51EC1A0B01F02AFF41EC1A0BA3
:10F5200053EC192B51EC180B01F022FF53EC1A2B62
:10F5300001F046FE41EC100BCCE70000000000009B
:10F54000000000000000F03F743D000000000000DB
:10F55000000000000000E03F3333D33F0000E93FEC
:10F56000000000000000D23F70B504462DED028B74
:10F570004D1E00EBC500B0EE408AF0EE608A90EDC3
:10F58000000B35F0060017D053EC182B51EC100B84
:10F5900001F088FC41EC100B6D1E04EBC50090EDF2
:10F5A000001B51EC100B53EC112B01F019F941EC3D
:10F5B000100B35F00600E7D1022D36D0042D1CD0FB
:10F5C000062D1CBFBDEC028B70BD53EC182B51EC0B
:10F5D000100B01F067FC94ED0A1B53EC112B01F0AA
:10F5E000FFF853EC182B01F05DFC94ED081B53EC75
:10F5F000112B01F0F5F841EC100B53EC182B51ECEA
:10F60000100B01F04FFC94ED061B53EC112B01F095
:10F61000E7F853EC182B01F045FC94ED040B53EC88
:10F62000102B01F0DDF841EC100B53EC182B51ECD2
:10F63000100B01F037FC94ED021B53EC112B01F081
:10F64000CFF853EC182B01F02DFC94ED001B53EC7C
:10F65000112B01F0C5F8BDEC028B41EC100B70BD15
:10F6600031B504462DED040B2DED0A8BB0EE41BAF9
:10F67000F0EE61BA0B989DED0A0B20F00040B0F15E
:10F68000795F0DDA51EC100BFEF782FA042808BFFF
:10F6900000F0CAF89DED0A0BBDEC0A8B05B030BD39
:10F6A00053EC102B51EC100B01F0FCFB41EC180B50
:10F6B0009DED0A0B53EC182B51EC100B01F0F2FBF3
:10F6C00041EC190B2C48B0EE480AF0EE680A05210F
:10F6D0007844FFF749FF9FED2ACBB0EE40AAF0EE49
:10F6E00060AA9CB353EC1C2B51EC190B01F0DAFB14
:10F6F00041EC1C0B53EC1A2B51EC190B01F0D2FB13
:10F700009FED210B41EC190B53EC102B51EC1B0B13
:10F7100001F0C8FB53EC192B01F02AFE53EC182B17
:10F7200001F0C0FB53EC1B2B01F022FE53EC1C2B11
:10F7300001F01EFE9DED0A1B53EC112B01F040FD64
:10F74000BDEC0A8B05B041EC100B30BDFFE753EC6C
:10F750001A2B51EC180B01F0A5FB53EC1C2B01F0FC
:10F760003FF853EC192B01F09DFB9DED0A1B53EC68
:10F77000112B01F035F8E3E7043C00000000000025
:10F78000495555555555C5BF000000000000E03FE4
:10F790009FED070B10B553EC102B9FED070B51ECB1
:10F7A000100B01F0D9F841EC100B10BD0000000067
:10F7B0000000000000000000000000000000F03F1A
:10F7C00010B553EC102B51EC100B01F009F841EC83
:10F7D000100B10BD10B553EC112B51EC100B00F0B9
:10F7E000FFFF41EC100B10BD9FED050B10B553EC66
:10F7F000102B51EC100B01F0AFF841EC100B10BDC9
:10F8000000000000000000009FED050B10B553EC58
:10F81000102B51EC100B01F045FB41EC100B10BD0F
:10F8200000000000000000709FED050B10B553ECC8
:10F83000102B51EC100B01F035FB41EC100B10BDFF
:10F84000000000000000001030380A2801D201201A
:10F8500070470020704710B541EC100BFEF700FA1E
:10F8600051EC100B10BD002905D08A78028149683F
:10F87000002900D0084770470289082A1ED2DFE815
:10F8800002F00406090C0F1214170D4A12E00C4A7C
:10F8900038320FE00A4A70320CE0094AA83209E017
:10F8A000074AE03206E0074A04E0064A383201E03F
:10F8B000044A703202EBC101FFF7D5BF7047000068
:10F8C00040040020580500203EB5124C656BE9F756
:10F8D0007BF9216BD9B1104AE16A01B110210F4BBC
:10F8E0001B791B0700D50021C4F8B4510123CDE9D1
:10F8F00000130292216840228BB281B20848F0F7CF
:10F9000089F9E2F75DF8A8B2606300203EBD0022ED
:10F91000E2E7000090B100200071020038C300202F
:10F9200090B900202DE9F05F15461E4604004FF007
:10F93000FF3B2AD049BB606838B3EFF3108772B63B
:10F94000D4F82880E06AD4F830C0616BB8EB0C02C0
:10F9500070EB010217D3B8EB0C0A60EB0109BAEBAC
:10F96000050279EB06090ED31CEB050C7141B8EBCF
:10F970000C02D4F8048060EB010091460023B8EB40
:10F980000202834104D207B962B65846BDE8F09F2F
:10F99000C4F830C06163626800236046E0F72AFD66
:10F9A000E260C4F81890354303D0206840F400703A
:10F9B000206007B962B60020E8E7010008D0EFF345
:10F9C000108272B6886AC96A002A00D162B670478E
:10F9D000002001467047426081630021016000F011
:10F9E0000FB9426081630021016000F009B92DE97F
:10F9F000FF5F82B0002399469846DDE910A3129A72
:10FA00001BB1119D0023C5E9003312B10023C2E9E7
:10FA100000334FF0FF35D8B1D1B94168C1B1BAF167
:10FA2000000F02D04368534501D24FF0010AEFF3B3
:10FA30001081019172B6876AC46A036B416B9B4661
:10FA40000091FB1A74EB010106D2019800B962B66D
:10FA5000284606B0BDE8F09F009EB7EB0B0564EBAF
:10FA600006010AB1C2E90051436800225B1B72EB38
:10FA7000010321D240689046381A64EB080105461C
:10FA80000E4652460023E0F7B5FC52EA030005D0CB
:10FA9000BAEB020168EB03004D194641781B74EB89
:10FAA000060001D23D4626460099B5EB0B0966EBF0
:10FAB00001087D1B64EB0601DDE90423B9EB0202BA
:10FAC0004C4678EB030004D20498021B63EB080356
:10FAD00001E0002213461046521B73EB010201D2D3
:10FAE000194600E0284604460D4652460023E0F73A
:10FAF00081FCA01A119A65EB030132B119EB0000E9
:10FB000048EB01021199C1E90002019800B962B6FF
:10FB100059EA080001D001209BE7002099E72DE970
:10FB2000FF5F90460E9B039A12B10024C2E9004485
:10FB300013B10022C3E900224FF0FF34D8B1D1B98C
:10FB40004168C1B1B8F1000F02D04268424501D20C
:10FB50004FF00108EFF3108B72B6876AC56A026B2B
:10FB6000D0F834A09146BA1A75EB0A0107D2BBF15E
:10FB7000000F00D162B6204604B0BDE8F09FB7EB9D
:10FB8000090265EB0A010BB1C3E9002144680023B7
:10FB9000A21A73EB010105D3BBF1000F00D162B6CD
:10FBA0000020E9E740683E1A65EB03044046B8F1DF
:10FBB000010F0FD90246002330462146E0F71AFC18
:10FBC00052EA030006D00020B8EB020160EB03000C
:10FBD0008E194441B81B75EB040001D23E462C46F9
:10FBE000039830B10398B6EB090164EB0A04C0E94D
:10FBF0000014BBF1000F00D162B60120BCE7000089
:10FC000030B5002820D04268002A1DD04268B1FBE0
:10FC1000F2F302FB1311EFF3108472B6816000233C
:10FC20008162C362016343634FEA030200EB820512
:10FC3000E960AB61521C032AF8DB016821F4007112
:10FC40000160002C00D162B630BD2DE9F0410D46B7
:10FC5000040018D0032D16D26068002813D0EFF3EB
:10FC6000108672B6A06AE16A0DB9206361636268AA
:10FC700000273B46E0F7BEFB04EB8500C2608761CE
:10FC8000002E00D162B6BDE8F08100002DE9F84FEA
:10FC9000050032D02648016841F080710160254E90
:10FCA000306840F0010030603068DFF88CA010F060
:10FCB000010F4FF47A7B4FF47A590BD0F2F7F2FE32
:10FCC0000746D6F804803C46DAF80010B1FBFBF09A
:10FCD000A8B115E0DAF80010B1FBFBF000B9484616
:10FCE0000021C20807E0009200E000BF0098431E18
:10FCF0000093FAD2491CA942F5D3BDE8F88F4846D3
:10FD0000A91C00FB01F90CE0F2F7CCFEA04203D0E5
:10FD10000446D6F8048004E07068A0EB0801494569
:10FD2000EBD8F2F7BFFEC01BA842EDD3E5E7000019
:10FD3000FCED00E0001000E03806002082B0CDE9C4
:10FD4000000121F0004001909DED000B02B051EC4C
:10FD5000100B704700290AD0B0F868218A78A0F803
:10FD600068214968002902D0B0F868210847704727
:10FD700010B50446B0F86801062820D2DFE800F08C
:10FD800003050E1114170E4801E00D48383000EB42
:10FD9000C1012046BDE81040FFF7DCBF08487030C5
:10FDA00006E00748A83003E00548E03000E00548D9
:10FDB00000EBC1012046FFF7CDFFB4F8680110BD8C
:10FDC00028000020400100201FB5F949F7480860CD
:10FDD000F4F758FD62B6F648F430016841F08071DE
:10FDE0000160F44800264660016841F001010160AD
:10FDF000BFF34F8FBFF36F8FF3F7EAFBFCF7C2FE41
:10FE000040F20110E1F7DEFCEC48EB49EC4D0160FB
:10FE1000A0F19C0169644831C5E90F107830686031
:10FE2000B030A860A0F58470286000F5F8706862B2
:10FE30004830A862903868610C21A9850820E885BF
:10FE40002886E048A8614838E861A0F590702862EB
:10FE5000698600F5FC7068634838A8632946DA486B
:10FE6000EFF7FAFC4FF48170E1F7ACFCFBF788FC8C
:10FE7000FBF7E0FB40F20310E1F7A4FCD34C267043
:10FE80008DF800606846FCF7A5FB012728B19DF8B6
:10FE90000000012802D0022800D027704FF48270A1
:10FEA000E1F790FCFCF7E2FBC74C84F8F072A4F891
:10FEB00012632046FCF784FC08B1F1F7CBFCFCF799
:10FEC00029F8FBF7C5FFFCF79BF8FCF769F8C04879
:10FED000C04A818BC06889B2CDE90201CDE9002713
:10FEE000B649D5E909239C39BB48E1F713F800204E
:10FEF00001460090B94BBA4ABA48E7F72FF90023F8
:10FF0000B94A0121B748E7F715F9B34A0023283267
:10FF10000221B448E7F70EF90023B44A0321B1489F
:10FF2000E7F708F9B2A0D0E90010CDE90010B24817
:10FF30000160BDF8041081809DF806108171ECF716
:10FF400049FDECF71FFD9E499F48EFF785FCFCF744
:10FF500097F8E2F73DF9002207212920F3F7C6FBC5
:10FF60002920F3F7B5FBA548016841F40051016071
:10FF7000DFF87082DFF888B2A24FA34EFCF776FB61
:10FF8000A248EFF7D1FE0120E5F770FDB7F898021F
:10FF9000022802D1FCF71DFD78B9D4F8E00240F048
:10FFA000040000BFC4F8E00212E00120FCF7E2FE0A
:10FFB000FBF7C4FAE1F760FB20B1D4F8E00220F0CF
:10FFC0000400EFE7E1F76AFBE6F7EEFAEFF796FADF
:10FFD000D4F8E0024007E8D48D49086820F4C05006
:10FFE00008608B484FF4C051143001602820F3F7AB
:10FFF0005EFBEFF7DFFDEFF751FCE6F70DFCFBF7DB
:020000040804EE
:100000007BFCEAF713F9FCF73BF8E2F7E1F841F281
:100010000200E1F7D7FBECF709FF41F20300E1F73B
:10002000D1FB00210820EAF79BFA0820EAF79CF8A8
:10003000E6F7BAFA0020E5F719FDD4F8E002254604
:1000400040F04000C4F8E00241F20400E1F7BAFBDE
:10005000DFF894A1AAF1600AE1F720FBEDF76CF854
:10006000ECF7CEF8EEF724F8EAF76AF95648EFF71E
:1000700065F99AF8040028B15B486038E6F731FA70
:10008000E3F7CAF8EEF71EFEEDF7FAF80028E3D121
:1000900098F87D1040460029DED190F87C100029A8
:1000A000DAD1B0F868110429D6D0B0F85E10012971
:1000B00011D03068002876D05648019043F6982039
:1000C0000290BBF8B002C0F300100090D5F8E00237
:1000D000C0074ED143E05049096861B3B0F86010E1
:1000E000A1B1D0F8802052685208D0F8803092B286
:1000F0009B6993422FD2B7F89822022A09D0002296
:10010000914651B1B9F1000F05D006E04FF40062FD
:10011000EBE70122F4E7F4F7F0FE01210846F3F7DC
:100120003BFBB8F86000B0B1B9F1000F13D100BFCC
:10013000F4F7A8FB0FE0D0F8EC108969426E914209
:1001400009D2B8F8600008B1F4F7D7FE01210846DB
:10015000F3F722FBECE7F2F7A5FC30607CE79BF8B5
:100160009802400605D429480188490703D4C08C69
:1001700008B1012000E0002081462748406B38B9D3
:100180001148EFF785FB18B9009868B12148019034
:10019000B9F1000F02D0F2F785FC3060009850EA08
:1001A00009003DD054E049E038E0000000000208BA
:1001B00008ED00E0001000E000280040A42B012022
:1001C00040A600208C2E012090B90020980100202C
:1001D00038F704200071020090C2002090B0002087
:1001E00050B000207029002098C3002010B10020DA
:1001F00043453634585F0000A8020020180802402A
:10020000085D0020709F00200006002010A2002042
:10021000003C0140C027090090B100200298B6E7D9
:10022000F2F740FC3168411A0198814210D3B7F8C7
:100230009802022806D1FCF7CCFB18B1F2F732FC89
:10024000306005E0D5F8E00240F00400C5F8E002B7
:1002500001210846F3F7A0FAD5F8E00240077FF540
:100260007DAF6420F2F7A8F94FF00009C6F80090BE
:10027000E6F79AF90248EFF753FCC5F8E0927DE6FD
:1002800090B900200EB54FF47A738DE80E00024647
:100290000123D1210148F2F703FF0EBD502B0120AD
:1002A000F8B50F46044600F03FF99D48816941F4D6
:1002B000802181619B4906260868400603D40868AE
:1002C00040F040000860002542F21072134600E042
:1002D00000BF8868800705D45B1EF9D202E0C868B9
:1002E0008DF800008868C007F9D1605D087310467A
:1002F00000E000BF8B68DB0701D1401EF9D288689F
:10030000C00705D0C8688DF800006D1CB542DDDB64
:10031000134600200D68FF246D0603D40D6845F0D8
:1003200040050D60164600E000BF8D68AD0701D4A2
:10033000761EF9D28D68ED070AD0CD688DF8005091
:100340008D68ED0702D0CD688DF800509DF8005003
:100350000C73144600E000BF8D68ED0701D1641EE8
:10036000F9D28C68E40704D0CC68E4B2FF2C01D148
:1003700007E0044603B13CB100F0D6F84FF0FF307F
:10038000F8BD5B1EC6D1F7E713460C68FF2664066E
:1003900003D40C6844F040040C60154600E000BF34
:1003A0008C68A40701D46D1EF9D28C68E4070AD0CA
:1003B000CC688DF800408C68E40702D0CC688DF8DA
:1003C00000409DF800400E731446154600E000BF43
:1003D0008E68F60701D16D1EF9D28D68ED0704D045
:1003E000CD68EDB2FF2D01D108E005460BB1FE2D21
:1003F00007D000F099F86FF00100F8BD5B1EC4D182
:10040000F7E7002322460D68FF246D0603D40D682C
:1004100045F040050D60154600E000BF8E68B60748
:1004200001D46D1EF9D28D68ED070AD0CD688DF824
:1004300000508D68ED0702D0CD688DF800509DF812
:1004400000500C73144600E000BF8D68ED0701D129
:10045000641EF9D28C68E4070FD0CC68E4B2FC5477
:100460005B1C402BCFD30B68FF205B0603D40B68CB
:1004700043F040030B60134602E00446EFE700BF81
:100480008C68A40701D45B1EF9D28B68DB070AD005
:10049000CB688DF800308B68DB0702D0CB688DF815
:1004A00000309DF800300873104600E000BF8B68F4
:1004B000DB0701D1401EF9D28868C00700D0C868A8
:1004C0000868FF23400603D4086840F04000086035
:1004D000104600E000BF8C68A40701D4401EF9D28A
:1004E0008868C0070AD0C8688DF800008868C0070F
:1004F00002D0C8688DF800009DF800000B7300E082
:1005000000BF8868C00702D1521E501CF8D188680D
:10051000C00700D0C86800F007F80020F8BD000050
:10052000000002400030014018B51948816941F0CF
:10053000040181611748FF230168490603D401685B
:1005400041F04001016042F210710A4600E000BF34
:100550008468A40701D4521EF9D28268D2070AD057
:10056000C2688DF800208268D20702D0C2688DF878
:1005700000209DF80020037300E000BF8268D207CE
:1005800001D1491EF9D28168C90700D0C06818BDE1
:10059000000002400030014070B5144C1D4604EBD1
:1005A0004106002A00DB3281002D0ADB082908D22F
:1005B00004EB8100856229B1E8F706FBB5FBF0F09A
:1005C000308370BD2689E8F7FFFA420106B940265C
:1005D00052B1A5FB0601001849410023DFF70AFFCD
:1005E00080B22083256070BD0020FAE790B1002022
:1005F00000B52DED048B83B041EC190B00F0ECFD40
:1006000041EC180B18EE100A18EE901A8DED008BC5
:10061000002818BF0120084320F00040C0F17F608F
:1006200000F1E040C00F14D019EE101A19EE900A34
:100630008DED009B002918BF0121084320F00040E8
:10064000C0F17F6000F1E040C00F04BF0120E0F77F
:10065000DAF951EC180B03B0BDEC048B00BD70B59A
:100660000D46044600F018F85002E2611A460023D5
:100670001946DFF7BFFE208401202074256070BD7D
:1006800070B51E46154604463246049BFFF7E7FF49
:1006900002202074656070BD0021017641764161C1
:1006A0007047000070EE600A10B510EE900A2DED54
:1006B000028B11499FED118B884208DB10EE100A66
:1006C00000F040FF53EC182B00F052FE0CE010EE4F
:1006D000900A0C4988420BD910EE100A00F032FF44
:1006E00053EC182B00F07CF800F048F800EE100AEC
:1006F000BDEC028B10BD0000DB0F4940112D4454AE
:10070000FB211940DB0F49C01CB50BA2D2E9001236
:10071000CDE9001200216A4600EB4103B3F85830DE
:10072000545CA34202D04FF0FF301CBD491C052988
:10073000F2DB00201CBD0000494E54414E00000079
:1007400003B583B04FF47A73012204A98DE80E003B
:1007500013460246D0210248F2F712FE05B000BD52
:10076000502B012081F00041704780F0004070471D
:1007700021F00041704720F00040704721F0004216
:10078000A2F16052B2F5801F01F0004328BFD2F100
:100790007F6C0BD95FEA001C43EAC20242EB507047
:1007A00018BF704728BF20F001007047B2F5801FC6
:1007B000BCBF184670474FEA410C1CF5001F02D21F
:1007C000084600F035BF70B500F016FC0000008947
:1007D000FFF7F6BF4FF00040A0F580007047000023
:1007E00010B591EA030F48BF83F0004300F1C885BC
:1007F000841A71EB030C05D2121943EB0C03001B96
:1008000061EB0C01DFF824E14FEA1154A4EB135C17
:100810001EEA430F18BF9EEA445F73D023EA0E031B
:10082000DCF1200E21EA045143F4801332D322FA82
:100830000CFE10EB0E0023FA0CFE41EB0E01CCF186
:10084000200E03FA0EFE10EB0E0051F10001B1F57F
:10085000801FCCF1200E32D201EB045112FA0EF2BD
:10086000BDE8104058BF7047401C38BF5FEA4202E5
:1008700018BF7047002814BF20F0010041F10001AB
:100880004FEA410313F5001F38BF7047A1F1C04183
:1008900000F000BC012A43EB0302ACF1200CDCF1B8
:1008A0001F0E32BF4FF0000E23FA0CF310EB0300C3
:1008B00041EB0451B4EB115FD0D0A1EB045101F531
:1008C000801149085FEA300001EB04510ED350F16A
:1008D000000038BF12FA0EFE08D1BDE81040C9E78B
:1008E000401C38BF5FEA4202CAD1C3E7BDE81040EE
:1008F0004FEA410313F5001F38BF7047A1F1C04113
:1009000000F0C8BB9EEA445F08D011EA5E0FBDE864
:10091000104004BF01F0004100207047BDE81040C6
:1009200070B500F069FB00BF64FBBE3E0000E0FF55
:1009300002494FF0000000F0EBBE00BF0000F87F5E
:10094000491058BFC1F140415B1058BFC3F140434B
:100950008B42EFF3008070472DE9C04130B4DFF8DF
:10096000A0C23CEA111418BF3CEA131400F0EC805A
:1009700081EA03051CEA111444EAD57418BF1CEA85
:10098000131500F0C780A4EB05044FF0004545EABD
:10099000C12145EAC32341EA505143EA525304F1CD
:1009A0007F74994204F500344FEAC0204FEAC22216
:1009B00008BF904200F09C804FEA13650FF240168A
:1009C000765D4FEA134506FB05F7C7F1807706FB16
:1009D00007F74FEAD737A7FB03687642C8F5803898
:1009E000A7FB06CE38BFA8F1010807FB08E64FF0C9
:1009F000000EA6FB028CE6FB03CEDCF1000CCEF170
:100A0000004E38BFAEF1010EA6FB0C584FF00007A8
:100A10004FF00005E6FB0E87A1FB08C6A0FB07CE42
:100A200016EB0E0645F10005E1FB076515F1E04EFA
:100A30007EBFA4F580345FEA46066D4116F180075B
:100A400045F100054FEA17274FEA066647EA0567B2
:100A5000A6F1DE46B6F1805F4FEA15251FD938466C
:100A600024F0010C05EBC471BCF1FE6F01EB0C111D
:100A700002D8F0BCBDE8008124425CBF01F5801EB5
:100A80009EEAC47F02D4F0BCBDE80081244238D481
:100A9000F0BCA1F1C041BDE8004100F0FBBA4FEA53
:100AA000D22242EA43524FEAD323A7FB02864FEAFF
:100AB000D02040EA415007FB03661EEA0E0F4FEAC2
:100AC000D12105FB026658BFA6EB0056B6EB0056D7
:100AD0004FEA520E4EEAC37E18EB0E0E56EB530E43
:100AE000BDD518EB02085E417F1C55F10005B6E745
:100AF0004FF480154FF000074FF000064FF000084C
:100B0000ADE7F0BC4FF0000001F1C04101F0004141
:100B1000BDE8008111EA0C1F0CEA131500D00CE0AF
:100B200013EA0C1F00F025804FF00000F0BC81EAB2
:100B3000030101F00041BDE80081F0BCBDE80041C7
:100B400081EA030100F0A6BAF0BCBDE8004170B52F
:100B500000F052FA097EFC3E00F007B881EA03017A
:100B60004FF0000001F00041704781EA030100F0FE
:100B700091BAF0BCBDE800414FF000002149704738
:100B8000FFFDFBF9F7F5F4F2F0EEEDEBE9E8E6E452
:100B9000E3E1E0DEDDDBDAD8D7D5D4D3D1D0CFCDD9
:100BA000CCCBCAC8C7C6C5C4C2C1C0BFBEBDBCBB12
:100BB000BAB9B8B7B6B5B4B3B2B1B0AFAEADACAB0D
:100BC000AAA9A8A8A7A6A5A4A3A3A2A1A09F9F9EE7
:100BD0009D9C9C9B9A999998979796959594939399
:100BE000929191908F8F8E8E8D8C8C8B8B8A898930
:100BF00088888787868585848483838282818180B3
:100C00000000FF070000F87F4FEA41034FEA53530B
:100C1000A3F58063D3F11E03C8BFD3F1210C0CDD13
:100C20004FF0004242EAC12242EA505232FA03FC3B
:100C30008CEAE17CACEBE1707047102BC4BF002064
:100C4000704703F5787CBCF1FF3F04D06FF00042A1
:100C500082EA2100704770B500F0CEF949922480F5
:100C600000207047F2E700004FEA41034FEA535378
:100C7000A3F58063D3F11E03C8BFD3F1210C20DD9F
:100C80004FF0004242EAC12242EA505232FA03FCDB
:100C90000DD362FA03F282EA0C021CF1010C0BD6AE
:100CA0004FEA420252EAC02208BF2CF0010C8CEA43
:100CB000E17CACEBE1707047094258BFACF1010C2C
:100CC000F5E7102BC4BF0020704703F5787CBCF11A
:100CD000FF3F04D06FF0004282EA2100704770B5F8
:100CE00000F08AF94992248000207047F2E7000062
:100CF0004FEA1153A3F58063D3F11E03A8BFD3F1CC
:100D0000200C08DB4FF0004242EAC12252EA505266
:100D100032FA03F0704709420BD4102BC4BF0020F5
:100D2000704703F5787CBCF1FF3F05D04FF0FF30F2
:100D300070474FF00000704770B500F05DF900BFDC
:100D40004992248000207047F0E710F0004248BF2D
:100D50004042B0FA80F310FA03F10AD0C3F11D0348
:100D600003F580634FEA415002EB035202EBD121BD
:100D700070474FF000007047B0FA80F310FA03F1AB
:100D80000AD0C3F11D0303F580634FEA41504FEAD7
:100D9000035202EBD12170474FF000007047000072
:100DA000B1FA81F30B3B20D3994010D1B0FA80F314
:100DB00010FA03F108BF7047C3F11D0303F5806308
:100DC0004FEAD1224FEA415002EB03517047C3F181
:100DD000200C20FA0CFC9840C3F1320303F5806329
:100DE00041EA0C0101EB0351704710B5C3F1000457
:100DF000C3F1320CC4F1200E0CF5806201FA0EFC36
:100E000021FA04F100FA0EF3E040BDE8104040EA98
:100E10000C0001EB025138BF7047401C41F100014A
:100E20005B0008BF20F001007047000051EA030C8E
:100E300017D41CF5801F58BFBCF5801F00F1068039
:100E4000994218BF704708BF9042704707D711F505
:100E5000801F58BF13F5801F19D4994270478942EB
:100E600070471CF5801F08D5BCF5801FF7D58B4255
:100E700018BF704708BF824270474FF4001C1CEB3C
:100E8000410F38BF1CEB430F01D28B42704770B546
:100E900000F0B2F8922449004FF000514FF0805317
:100EA000FFF74EBDDFF848C170B51CEA111E1EBF2A
:100EB0001CEA13159EEA0C0F95EA0C0F00F06F80E8
:100EC00081EA030423EA4C134EEAD47E21EA4C1152
:100ED00041F4801143F48013AE44A1FB024CA0FB0B
:100EE0000365AEF17F7E361955EB0C05A1FB034C73
:100EF0004CF10003A0FB021C16EB0C06654153F1FC
:100F00000003094218BF46F0010613F4007F0BD11D
:100F10004FEA03314FEA0530340341EA155140EA04
:100F200016506FF003020AE04FEAC3214FEAC520D2
:100F3000F40241EA555140EA56506FF0020202EBCA
:100F40002E4201EB025585EACE710AD05FEA440CCD
:100F500018BF24F0004450F1000041F1000120EAE4
:100F6000D47040F2FE7C624500D270BDA84214BF2E
:100F70004FF080444FF04044002E08BF0024BEF1E3
:100F8000806FA8BFA1F1C041BDE8704080F28280AF
:100F90004FF0000001F1C04101F0004170479EEAAE
:100FA0000C0F0CEA131518BF95EA0C0F06D04FF082
:100FB000000081EA030E0EF0004170BD00F01CF845
:100FC0008900013E00F007B800F009B84FEA430C71
:100FD0005FEA5C5C08D081EA030100F05BB84FEA8D
:100FE000410C5FEA5C5CF6D14FF0000001497047AC
:100FF0000000FF070000F87F0EF1020E2EF0030E36
:101000005EF8046B364205D4012A43EB030515F55F
:10101000001F12D8012841EB010C1CF5001F0CD851
:101020000ED14FEAD17C15F5001F0CEB4C0C0CF1E6
:10103000020C08BF4CEBD37C04E04FF0080C01E03D
:101040004FEAD37C0CEB4C0526FA05F606F00706B2
:10105000B6F1040C06D20EEB860CBDE870404CF0E5
:10106000010C6047DFE80CF0090B02024FF0004171
:101070004FF00000A1F5002170BD1946104601286F
:1010800051EB010418BFD4F5001484BF002001F017
:10109000004170BD0808A0F500114FEA310170470A
:1010A00053EA010C17D41CF5801F58BFBCF5801FF4
:1010B00000F106808B4218BF704708BF824270471C
:1010C00007D713F5801F58BF11F5801F19D48B4225
:1010D00070479B4270471CF5801F08D5BCF5801FE8
:1010E000F7D5994218BF704708BF904270474FF438
:1010F000001C1CEB430F38BF1CEB410F01D299427F
:1011000070470FB40CBC03BCFFF7C1BE5FEA410CD3
:101110005FEA5C5CACF580635B1C39D4D3F13402CC
:1011200040F34580B2F1200314DA4FF0010C0CFAC1
:1011300002FCACF101030340B3EB5C0220EA0300C4
:1011400008BF10EA0C0F98BF704710EB0C0041F17C
:10115000000170470AD0C3F1200201FA02FC012805
:1011600021FA03F101FA03F14CF100004FF0010CF8
:101170000CFA03FCACF10103B0F1004F21EA0301CA
:1011800008BF11EA0C0F4FF0000088BF61447047A0
:10119000B3F1FF3F28BF50EAC12C01F000414FF0EE
:1011A000000084BF41F07C5141F470017047B3F5F9
:1011B000806FB8BF704770B5FFF71EFF40DBB6BE4B
:1011C00091EA030F10B581F000413FF511AB83F0B8
:1011D000004300F0D5B800002DE9F04101F5801C76
:1011E000BCF5001FC0F2A9804FEA115C21EA0C5146
:1011F0000CF1FD0C41F480115FEA5C0C0CF5C07C35
:1012000001D34000494130A4890241EA905187024C
:101210008E0E0A0CA45D04FB04F602FB06F6C6F172
:101220004046A4FB0662F60D46EA422606FB06F49B
:10123000A4FB01235242C3F1404338BF5B1EA6FB0F
:1012400002420024E6FB0324D20B42EA4446A6FBFA
:101250000623A1FB02E2A3FB07E4E3FB6142644235
:10126000C2F1404E38BFAEF1010EA6FB04234FF091
:101270000002E6FB0E32A2FB03463400E2FB62648E
:10128000A1FB06E6A4FB07E8E4FB61687642C8F12F
:10129000405838BFA8F10108A2FB06E4A3FB08E50B
:1012A000E2FB6854A1FB05E6A7FB04E8E1FB6486CA
:1012B00018F1200556F10006A809A8F11B08B1098C
:1012C00008F03F08B8F10A0F40EA86601CD901EB2C
:1012D0000C51BDE8F08100BFFCF5EEE8E2DDD8D3AB
:1012E000CFCBC7C3C0BDB9B6B4B1AEACA9A7A5A397
:1012F000A19F9D9B9A9896959392908F8D8C8B89A8
:101300008887868584838281A0FB006800FB01F2C8
:1013100008EB4208B8EB872807D5341858EB0104CE
:10132000D5D5401C51F10001D1E7341A78EB010406
:10133000CDD4401E71F10001C9E75FEA4C0C5FEAB1
:101340009C5C0DD105D34FF0000001F00041BDE8D9
:10135000F081BDE8F04170B5FFF74EFE6DDBFFBEDA
:10136000BDE8F0414FF00000004970470000F87FF1
:1013700010B591EA030F48BF83F000433FF538AA48
:10138000841A71EB030C07D212198CF0004C43EB5A
:101390000C03001B61EB0C01DFF8A4E14FEA1154D0
:1013A000A4EB135C1EEA430F18BF9EEA445F00F0F3
:1013B000B08023EA6E03524221EA0451C3EB6E036C
:1013C00038BF5B1EDCF1200E25D322FA0CFE10EB99
:1013D0000E0043FA0CFE41EB0E01CCF1200E03FA95
:1013E0000EFE10EB0E0051F10001CCF1200E29D4BD
:1013F00012FA0EF201EB0451BDE8104058BF7047DD
:10140000401C1CBFB2F1004F704700280CBF491CA4
:1014100020F00100704712EB020E43EB030218BFED
:101420004FF0010E4EEA4202ACF1200CDCF11E0E30
:1014300054D943FA0CFE10EB0E0051F1FF31CCF100
:101440001E0ED5D50EF1010E12FA0EFE404141EBF3
:10145000010101EB445C5FEA5C5C10D910EBDE70CB
:1014600001EB045138BFBEF1004FBDE8104018BF7A
:10147000704700280CBF491C20F00100704730D293
:101480004FEAD42C11F5001124F400641BD0B1FAFA
:1014900081F20B3AA41AA41ED2F12003914030FA33
:1014A00003F31943904001EBCC71002C01EB045184
:1014B000BDE81040A8BF704701F1C0414FF00000E7
:1014C00001F000417047B0FA80F310FA03F100D147
:1014D00010BDE41A173C4805C90AE4E701EB0451C2
:1014E00010BD491001EB0451BDE810404FEA300037
:1014F00002E04FF0000170474A0008BF0042F8D0F8
:10150000B2F5001F28BF704701F000414FF0000006
:1015100070479EEA445F07D011EA5E0FBDE81040B5
:1015200004BF002100207047BDE8104070B5FFF7F0
:1015300063FD00BF40DFF63E83F000411046704778
:101540000000E0FF43004FEAD30C4FEA3C0C43405D
:101550001FBF40070CF1605113F0FE4F70471CF0A5
:10156000006F03D100200CF0004170470CF00043E5
:1015700043EA507010B540EACC0000F00EF800BF0E
:10158000000000924FEA0001FFF784BD4FF00041D8
:101590004FF00000A1F5002170470EF1020E2EF071
:1015A000030E5EF8044B244204D44FEA4102B2F128
:1015B0007F4F11D84FEA4003B3F17F4F0CD80ED1C3
:1015C0004FEAD07CB2F17F4F0CEB4C0C0CF1020CCB
:1015D00008BF4CEBD17C04E04FF0080C01E04FEA6F
:1015E000D17C0CEB4C0324FA03F404F00704B4F1AF
:1015F000040C06D20EEB840CBDE810404CF0010C3C
:101600006047DFE80CF0070802024FF00040A0F549
:10161000800010BD0846420018BFD2F1807288BF1A
:1016200000F0004010BD4FF04070E1EE100A70472E
:10163000FF2141EAD050C005704700004FEAC123A6
:101640000A1543EA50534FEAC02C18BF43F0004339
:101650001BD4A2F24E02D2F57C72C0F22080502A36
:10166000A8BF502223FA02F12CFA02F060B4D2F1A2
:10167000200284BF03FA02F52843C2F100029CBF96
:1016800023FA02F5284360BC704701F1804212F54D
:10169000801F04DA4FF000004FF00001704770B572
:1016A000FFF7AAFC49922480002001E06FEAE17074
:1016B00001467047C2154FEA002318BF43F00043AC
:1016C0000ED4D2F1BE0215D323FA02F1B2F1200CEE
:1016D0002EBF23FA0CF0C2F1200C03FA0CF0704775
:1016E0004FEA400CBCF1FE4F04D24FF000004FF027
:1016F0000001704710B5FFF750FF00BF92244980EA
:1017000000204FF0000170476FEAE070014670471B
:101710000CF00F03092B08BF082000F059800A2B9A
:101720000BD0082B18BF704708BF1CF0400F0AD021
:101730004FF000004FF0000170471CF0400F18BF41
:101740004FF0004070471CF0100F08D020F070439D
:1017500000F07F4242EAD3014FEA4370704700F045
:10176000604021F07F4242EA000201F07F4040EAFF
:10177000727070474FF0FF0C4CF4E06C1CEA115390
:101780001CBF9CEA030C9445C2BFDA4201EB025134
:101790007047002B0DD0BCF1000F0FD0002A01F0D4
:1017A0000041A4BF41F0E04141F07F614FF00000F3
:1017B000704701F000414FF00000704750EA0133DC
:1017C0004FF09B0C18BF4CF0806C7FF4B1A87047B1
:1017D0001CF4801F11D01CF4E02F03D06FEACC3131
:1017E000490070474FF04050EFF3008222F0704202
:1017F00042EA000282F3008870474FF00000704711
:1018000001000000030000000100000000000000D3
:1018100000000000000000000000000000000000C8
:101820000000000040530A3C0000000000000000DF
:101830000000803F000000400000803F0000803F2B
:1018400000000000000000000000803F00000000D9
:10185000000000000000803F7AA5DCBFCCEE413FD5
:101860000000803F000000000000000001000000B8
:101870000300000001000000000000000000000064
:101880000000000000000000000000000000000058
:101890003064F53C00000000000000000000803FC4
:1018A000000000400000803F0000803F000000007A
:1018B000000000000000803F000000000000000069
:1018C0000000803F3A23BABF99F5123F0000803FE5
:1018D0000000000000000000010000000300000004
:1018E00001000000000000000000000000000000F7
:1018F000000000000000000000000000C3F2C73D2F
:1019000000000000000000000000803F00000040D8
:101910000000803F0000803F000000000000000049
:101920000000803F00000000000000000000803F39
:10193000FF5B71BF3BAAAA3E0000803F0000000091
:101940000000000001000000030000000100000092
:101950000000000000000000000000000000000087
:101960000000000000000000AEF5953E0000000001
:10197000000000000000803F000000400000803FA9
:101980000000803F00000000000000000100000097
:101990000300000001000000000000000000000043
:1019A0000000000000000000000000000000000037
:1019B0000000803F00000000000000000000803FA9
:1019C000000000400000803F0000803F0000000059
:1019D000000000000000803F000000000000000048
:1019E0000000803F000000400000803F0000803F7A
:1019F00000000000000000000000000000000000E7
:101A000000000000000000000000000000000000D6
:101A100000000000000000000000000000000000C6
:101A200000000000000000000000000000000000B6
:101A300000000000000000000000000000000000A6
:101A40000000000000000000000000000000000096
:101A50000000000000000000000000000000000086
:101A60000000000000000000000000000000000076
:101A70000000000000000000000000000000000066
:101A80000000000000000000000000000000000056
:101A90000000000000000000000000000000000046
:101AA0000000000000000000000000000000000036
:101AB0000000000000000000000000000000000026
:101AC0000000000000000000000000000000000016
:101AD0000000000000000000000000000000000006
:101AE00000000000000000000000000000000000F6
:101AF00000000000000000000000000000000000E6
:101B000000000000000000000000000000000000D5
:101B100000000000000000000000000000000000C5
:101B200000000000000000000000000000000000B5
:101B300000000000000000000000000000000000A5
:101B40000000000000000000000000000000000095
:101B50000000000000000000000000000000000085
:101B60000000000000000000000000000000000075
:101B70000000000000000000000000000000000065
:101B80000000000000000000000000000000000055
:101B90000000000000000000000000000000000045
:101BA0000000000000000000000000000000000035
:101BB0000000000000000000000000000000000025
:101BC0000000000000000000000000000000000015
:101BD0000000000000000000000000000000000005
:101BE00000000000000000000000000000000000F5
:101BF00000000000000000003C485645523E003CFA
:101C000052455345543E00003C313E00AD9000002B
:101C1000AD00000050B0002090B0002030313233D1
:101C20003435363738394142434445460030313245
:101C30003334353637383941424344454600000095
:101C40008100000000000000000000000000000013
:101C500050B0002090B0002010B10020B8C2002089
:101C600098C30020AD5100000000000000000000FB
:101C70000000000000000000000000000000000064
:101C80000000000000000000000000000000000054
:101C90000000000000000000000000000000000044
:101CA0000000000000000000000000000000000034
:101CB0000000000000000000000000000000000024
:101CC0000000000000000000000000000000000014
:101CD0000000000000000000000000000000000004
:101CE000000000000000DADAAD5300000000000040
:101CF00000000000000000000000000000000000E4
:101D000000000000000000000000000000000000D3
:101D100000000000000000000000000000000000C3
:101D200000000000000000000000000000000000B3
:101D300000000000000000000000000000000000A3
:101D40000000000000000000000000000000000093
:101D50000000000000000000000000000000000083
:101D600000000000000000000000DADAAD520000C0
:101D70000000000000000000000000000000000063
:101D80000000000000000000000000000000000053
:101D90000000000000000000000000000000000043
:101DA0000000000000000000000000000000000033
:101DB0000000000000000000000000000000000023
:101DC0000000000000000000000000000000000013
:101DD0000000000000000000000000000000000003
:101DE00000000000000000000000000000000000F3
:101DF000DADA000000001008FFFF130801000000FD
:101E000000001408FFFF1708020000000102030091
:101E100001000100000102030A0B0C0D0001020386
:101E20000A0B0C0D01020304050607080900000057
:101E3000010000000300000001000000000000009D
:101E40000000000000000000000000000000000092
:101E5000000000009613233C00000000000000007A
:101E60000000803F00000000000080BF0000803FB5
:101E700000000000000000000000803F00000000A3
:101E8000000000000000803F5D6DFDBF2EE77A3F3F
:101E90000000803F00000000000000000100000082
:101EA000030000000100000000000000000000002E
:101EB0000000000000000000000000000000000022
:101EC0009613233C00000000000000000000803F4B
:101ED00000000000000080BF0000803F0000000004
:101EE000000000000000803F000000000000000033
:101EF0000000803FB459FDBF2EE77A3F0000803FCD
:101F000000000000000000000100000003000000CD
:101F100001000000000000000000000000000000C0
:101F200000000000000000000000000082574B3C51
:101F300000000000000000000000803F00000000E2
:101F4000000080BF0000803F000000000000000093
:101F50000000803F00000000000000000000803F03
:101F6000287EFCBF65A5793F0000803F000000008F
:101F7000000000000100000003000000010000005C
:101F80000000000000000000000000000000000051
:101F9000000000000000000091EE273D000000005E
:101FA000000000000000803F00000000000080BF33
:101FB0000000803F00000000000000000000803FA3
:101FC00000000000000000000000803F014DF4BF51
:101FD0000C026B3F0000803F00000000000000008A
:101FE00001000000030000000100000000000000EC
:101FF00000000000000000000000000000000000E1
:102000000000000024B4E53D0000000000000000D6
:102010000000803F00000000000080BF0000803F03
:1020200000000000000000000000803F00000000F1
:10203000000000000000803FF163DCBFF792463FE4
:102040000000803F000000000000000001000000D0
:10205000030000000100000000000000000000007C
:102060000000000000000000000000000000000070
:10207000B130443D00000000000000000000803F3F
:1020800000000000000080BF0000803F0000000052
:10209000000000000000803F000000000000000081
:1020A0000000803F2B18E5BFA779673F0000803F05
:1020B000000000000000000001000000030000001C
:1020C000010000000000000000000000000000000F
:1020D00000000000000000000000000076A7BB3DEB
:1020E00000000000000000000000803F0000000031
:1020F000000080BF0000803F0000000000000000E2
:102100000000803F00000000000000000000803F51
:1021100014D0CCBFDF15513F0000803F000000000D
:1021200000000000010000000300000001000000AA
:10213000000000000000000000000000000000009F
:102140000000000000000000C764313D00000000F6
:10215000000000000000803F00000000000080BF81
:102160000000803F00000000000000000000803FF1
:1021700000000000000000000000803F36CDF3BFEB
:1021800046D3693F0000803F0000000000000000CF
:10219000010000000300000001000000000000003A
:1021A000000000000000000000000000000000002F
:1021B00000000000137E893E0000000000000000C7
:1021C0000000803F00000000000080BF0000803F52
:1021D00000000000000000000000803F0000000040
:1021E000000000000000803FA67E76BF8A02ED3E20
:1021F0000000803F0000000000000000010000001F
:1022000003000000010000000000000000000000CA
:1022100000000000000000000000000000000000BE
:102220000534513E00000000000000000000803F27
:1022300000000000000080BF0000803F00000000A0
:10224000000000000000803F0000000000000000CF
:102250000000803F3C4E99BFFE65173F0000803F65
:10226000000000000000000001000000030000006A
:10227000010000000000000000000000000000005D
:102280000000000000000000000000000000803F8F
:1022900000000000000000000000803F000000007F
:1022A000000000000000803F00000000000000006F
:1022B0000000803F00000000000000000000803FA0
:1022C00000000000000000000000803F000000004F
:1022D00000000000010000000300000001000000F9
:1022E00000000000000000000000000000000000EE
:1022F00000000000000000009613233C00000000D6
:10230000000000000000803F0000803F000000004F
:102310000000803F00000000000000000000803F3F
:1023200000000000000000000000803F2EE77ABFA0
:10233000000000000000803F0000000000000000DE
:102340000100000003000000010000000000000088
:10235000000000000000000000000000000000007D
:10236000000000009613233C000000000000000065
:102370000000803F0000803F000000000000803F20
:1023800000000000000000000000803F000000008E
:10239000000000000000803F2EE77ABF0000000030
:1023A0000000803F0000000000000000010000006D
:1023B0000300000001000000000000000000000019
:1023C000000000000000000000000000000000000D
:1023D0005DE2C83C00000000000000000000803FFB
:1023E0000000803F000000000000803F000000006F
:1023F000000000000000803F00000000000000001E
:102400000000803F1D7273BF000000000000803F8D
:1024100000000000000000000100000003000000B8
:1024200001000000000000000000000000000000AB
:102430000000000000000000000000008BDF143DE1
:1024400000000000000000000000803F0000803F0E
:10245000000000000000803F0000000000000000BD
:102460000000803F00000000000000000000803FEE
:1024700030646DBF000000000000803F00000000DD
:102480000000000001000000030000000100000047
:10249000000000000000000000000000000000003C
:1024A0000000000000000000E4D78F3D00000000A5
:1024B000000000000000803F0000803F000000009E
:1024C0000000803F00000000000000000000803F8E
:1024D00000000000000000000000803F280A5CBFF0
:1024E000000000000000803F00000000000000002D
:1024F00001000000030000000100000000000000D7
:1025000000000000000000000000000000000000CB
:102510000000000076A7BB3D0000000000000000A6
:102520000000803F0000803F000000000000803F6E
:1025300000000000000000000000803F00000000DC
:10254000000000000000803FDF1551BF00000000C8
:102550000000803F000000000000000001000000BB
:102560000300000001000000000000000000000067
:10257000000000000000000000000000000000005B
:1025800082574B3C00000000000000000000803F2C
:102590000000803F000000000000803F00000000BD
:1025A000000000000000803F00000000000000006C
:1025B0000000803F65A579BF000000000000803F5B
:1025C0000000000000000000010000000300000007
:1025D00001000000000000000000000000000000FA
:1025E0000000000000000000000000004B1FFA3D4A
:1025F00000000000000000000000803F0000803F5D
:10260000000000000000803F00000000000000000B
:102610000000803F00000000000000000000803F3C
:10262000D57841BF000000000000803F000000009E
:102630000000000001000000030000000100000095
:10264000000000000000000000000000000000008A
:10265000000000000000000024B4E53D0000000080
:10266000000000000000803F0000803F00000000EC
:102670000000803F00000000000000000000803FDC
:1026800000000000000000000000803FF79246BFFD
:10269000000000000000803F00000000000000007B
:1026A0000100000003000000010000000300000022
:1026B0000100000003000000010000000000000015
:1026C000000000000000000000000000000000000A
:1026D00000000000000000000000000000000000FA
:1026E00000000000000000000000000000000000EA
:1026F000000000008E1E1FBE000000000000000051
:102700000000803F23DB81BF000000000000803F0D
:1027100000000000000000000000803FC65016BF0F
:10272000F85377400000803F0000000000000000E8
:102730000000803FCA3204C0AEB6E23F0000803FD6
:1027400000000000000000000000803F00000000CA
:10275000000000000000803F410E6ABF0000000042
:102760000000803F00000000000000000000803FEB
:102770002D43BCBF598B273F0000803F0000000065
:10278000000000000000803FF0BF6DBF5EF4353FE9
:102790000000803F00000000000000000100000079
:1027A0000300000001000000030000000100000021
:1027B0000300000001000000000000000000000015
:1027C0000000000000000000000000000000000009
:1027D00000000000000000000000000000000000F9
:1027E00000000000000000000000000000000000E9
:1027F0006A4DF3BD00000000000000000000803FB3
:102800002CD482BF000000000000803F00000000C8
:10281000000000000000803FB5E045BDDE71724061
:102820000000803F00000000000000000000803F2A
:10283000583900C071ACF33F0000803F0000000039
:10284000000000000000803F0000000000000000C9
:102850000000803FDE9367BF000000000000803F63
:1028600000000000000000000000803F36ABAEBF5B
:10287000A6D5183F0000803F0000000000000000C7
:102880000000803FF44F38BF09FE273F0000803F23
:102890000000000000000000010000000300000034
:1028A0000100000003000000010000000300000020
:1028B0000100000000000000000000000000000017
:1028C0000000000000000000000000000000000008
:1028D00000000000000000000000000000000000F8
:1028E000000000000000000000000000E201E5BD63
:1028F00000000000000000000000803FA30184BF32
:10290000000000000000803F000000000000000008
:102910000000803FBB0F283FF24163400000803F32
:1029200000000000000000000000803F6C78F2BF53
:10293000857C04400000803F000000000000000093
:102940000000803F00000000000000000000803F09
:1029500049D764BF000000000000803F0000000075
:10296000000000000000803F1FF49CBFBD3A073FFD
:102970000000803F00000000000000000000803FD9
:10298000740CE8BEAA43163F0000803F0000000020
:102990000000000001000000030000000100000032
:1029A0000300000001000000000000000000000023
:1029B0000000000000000000000000000000000017
:1029C0000000000000000000000000000000000007
:1029D0001F1153BE00000000000000000000803FF7
:1029E000A4DF86BF000000000000803F0000000060
:1029F000000000000000803F2F8692BE418286408A
:102A00000000803F00000000000000000000803F48
:102A100000000000000000000000803F6F4758BF2A
:102A2000000000000000803F0000000000000000E7
:102A30000000803F14ED5ABFE76FE23E0000803F88
:102A40000000000000000000010000000300000082
:102A50000100000000000000000000000000000075
:102A6000000000000000000000000000B6DB2EBFE8
:102A700000000000000000000000803FC66D9CBF09
:102A8000000000000000803F000000000000000087
:102A90000000803F00000000000000000000803FB8
:102AA00043E25EBF000000000000803F0000000025
:102AB0000000000001000000030000000100000011
:102AC0000300000001000000000000000000000002
:102AD00000000000000000000000000000000000F6
:102AE00000000000000000000000000000000000E6
:102AF000115312BF00000000000000000000803FE2
:102B0000B81E4D3F000000000000803F00000000A4
:102B1000000000000000803F4BC8EFBF1591393F17
:102B20000000803F00000000000000000000803F27
:102B300000000000000000000000803FF569953DA6
:102B4000000000000000803F0000000000000000C6
:102B50000000803FA39292BF0B419E3E0000803F49
:102B60000000000000000000010000000300000061
:102B70000100000000000000000000000000000054
:102B8000000000000000000000000000AEBB79BFA4
:102B900000000000000000000000803F3B01F5BF86
:102BA0003867343F0000803F000000000000000054
:102BB0000000803F00000000000000000000803F97
:102BC000C6166ABF5DDC063E0000803F00000000C4
:102BD00000000000010000000300000001000000F0
:102BE00003000000010000000000000000000000E1
:102BF00000000000000000000000000000000000D5
:102C000000000000000000000000000000000000C4
:102C1000809F51BE00000000000000000000803FC7
:102C2000A4DF86BF000000000000803F000000001D
:102C3000000000000000803F2F8692BE4182864047
:102C40000000803F00000000000000000000803F06
:102C500000000000000000000000803F6F4758BFE8
:102C6000000000000000803F0000000000000000A5
:102C70000000803F14ED5ABFE76FE23E0000803F46
:102C80000000000000000000010000000300000040
:102C90000100000000000000000000000000000033
:102CA000000000000000000000000000CC0B68BF26
:102CB00000000000000000000000803F3B01F5BF65
:102CC0003867343F0000803F000000000000000033
:102CD0000000803F00000000000000000000803F76
:102CE000C6166ABF5DDC063E0000803F00000000A3
:102CF00000000000010000000300000001000000CF
:102D000000000000000000000000000000000000C3
:102D1000000000000000000030646DBF00000000F3
:102D2000000000000000803F3B01F5BF3867343FE2
:102D30000000803F00000000000000000000803F15
:102D400000000000000000000000803FC6166ABFBF
:102D50005DDC063E0000803F000000000000000037
:102D60006400000096000000C8000000FA000000A7
:102D70002C010000F4010000EE020000E803000056
:102D8000DC050000D0070000C4090000B80B0000FB
:102D9000881300004C1D000010270000983A000026
:102DA000204E0000260000002C000000180000004B
:102DB0002A000000060000001E000000290000009C
:102DC0002E000000010000001B0000000D000000AC
:102DD00003000000210000001600000011000000A8
:102DE0000B000000080000001A00000011000000A5
:102DF0000D0000000A0000000900000005000000AE
:102E000003000000020000000200000001000000BA
:102E100001000000010000000000000000000000B0
:102E2000000000000000000000000000050000009D
:102E3000080000000700000005000000020000007C
:102E40002B000000240000001E00000017000000FE
:102E50002C000000190000000D00000025000000FB
:102E6000170000001000000008000000040000002F
:102E70001F00000015000000100000000D00000001
:102E80000B0000000600000004000000030000002A
:102E9000020000000100000001000000010000002D
:102EA0000000000000000000000000000000000022
:102EB00000000000100000003800000001000000C9
:102EC00023000000310000002C0000000900000079
:102ED000080000002A000000140000002800000084
:102EE00012000000050000003E0000003600000057
:102EF000300000002C000000220000001C00000038
:102F00001900000015000000120000001100000070
:102F10000F0000000D0000003C0000003600000023
:102F20002800000011000000090000000600000059
:102F30000400000003000000020000000200000086
:102F4000010000000100000001000000000000007E
:102F50000000000000000000000000000000000071
:102F60000000000000000000000000000000000061
:102F70000000000000000000000000000100000050
:102F80000000000000000000000000000000000041
:102F90000000000000000000000000000000000031
:102FA0000000000000000000000000000000000021
:102FB0000000000000000000000000000000000011
:102FC0000000000000000000000000000000000001
:102FD00000000000000000000000000000000000F1
:102FE000780000008C000000AF000000DC00000052
:102FF000180100005E010000B80100000D02000091
:10300000BC020000200000001000000008000000CA
:103010000800000008000000040000000300000099
:10302000030000000200000028000000280000004B
:1030300028000000200000001A000000120000001C
:103040001000000007000000040000003FE8D02F3F
:10305000279182317135233300606A460080BB447A
:10306000000016433FE8D02F27918231713523337A
:103070003FE8D02F27918231713523335000000073
:10308000A0000000F000000050000000F000000070
:103090009001000000061016000610160000000047
:1030A00000000000010203040607080900000000F8
:1030B0000102030400000000000000000000F03FD7
:1030C000000000000000F83F0000000000000000C9
:1030D0000000004003B8E23F0000000000000000D4
:1030E00006D0CF43EBFD4C3E033333333333E33F62
:1030F000FFAB6FDBB66DDB3F4D268F515555D53F8E
:1031000001411DA96074D13F65DBC9934A86CD3F5B
:10311000EF4E454A287ECA3F3E5555555555C53F49
:1031200093BDBE166CC166BF2CDE25AF6A56113F3B
:10313000F16BD2C541BDBBBED0A4BE726937663E3D
:103140004FBB610567ACDD3F182D4454FB21E93FBF
:103150009BF681D20B73EF3F182D4454FB21F93FAE
:10316000E2652F227F2B7A3C075C143326A6813C34
:10317000BDCBF07A8807703C075C143326A6913CDF
:10318000C4EB98999999C9BF711623FEC671BCBF4B
:103190006D9A74AFF2B0B3BF9AFDDE522DDEADBFB3
:1031A0002F6C6A2C44B4A2BF0D5555555555D53FCB
:1031B000FF8300922449C23F6E204CC5CD45B73FE6
:1031C000513DD0A0660DB13FEB0D76244B7BA93F5E
:1031D00011DA22E33AAD903F4C5555555555A53F70
:1031E0007751C1166CC156BF9015CB19A001FA3E9C
:1031F000AD529C804F7E92BEC4B1B4BD9EEE213EC6
:10320000D43888BEE9FAA8BD000000000000000024
:1032100000004054FB21F93F3163621A61B4D03D94
:103220000000601A61B4D03D7370032E8A19A33B6D
:103230000000002E8A19A33BC14920259A837B39BF
:1032400000000000000000006E83F9A22915444E22
:10325000D15727FCC0DD34F5999562DB4190433CA2
:10326000AB6351FE61C5BBDE3A6E24B7E0D24D427E
:10327000EA2E49061C92D1091CEB1DFE3EA729B17E
:10328000F53582E88444BB2E26709CE9417E5FB40C
:1032900039D69139F43953838B5F849C3B28F9BD2F
:1032A000FF97F81F0F9805DE8B112FEF1F6D0A5A3D
:1032B000CF7E366DB709CB27663F464F2DEA5F9E1E
:1032C000C7BA27757BF1E5EBF739073DEA92528AD9
:1032D000B15FFB6B085D8D1FA6F810111111813FC6
:1032E000D561C119A0012ABF7DFEB157E31DC73EBC
:1032F000EB9C2B8AE6E55ABE7CD5CF5A3AD9E53D00
:1033000020330408000000203C06000014020208DC
:10331000D83404083C06002024F904007002020896
:10332000012A120115E57C02081301021BAB780883
:1033300072027203720472056A06364A010819386D
:103340001008F97F02080102011BD970081303015C
:103350001BF583081304012AD5085A052859385A41
:1033600002381A0238390813020238088971020833
:10337000020302383C02040238140205041B8D8249
:103380000859385A03384B0301993C030203705A19
:1033900003385A03385A03385A03385A04C15B04B5
:1033A00001083B0204381A04471BD77B0859E01A6E
:1033B0000438390859385A05704B0501F95B050284
:1033C000085A03081970390859705A0538013849E4
:1033D0006E215AFF04012842102324F4021B7D2988
:1033E00020C1192C32636A3F7529741901017407D1
:1033F0003243453634585F0976B001C023D80332D2
:10340000052904011EBA0107117202194051720404
:1034100069496A062F4931140101025F29620208D5
:103420000102105A03085A04081305011B2D6120DC
:1034300059385A02611A023839081302034F1D63C2
:1034400002080203715A02703C020506385A02381B
:103450005A03915B03010819295EE15C02080338F5
:103460005A03385A03385A03385A04C15B04010816
:103470001302055EF560020804315B040408593844
:103480005A04385A05F15B05010819381AE7205A21
:1034900005E05A05E05A05381907511A060239089D
:1034A00059F11A06C11AA9701A06A72AA50859A81F
:1034B0005A06315A0638120749504C070107085A74
:1034C00002085A03085A040859385A0738011C4997
:0834D00052C91082101324F40C
:04000005080002AD40
:00000001FF
