:020000040800F2
:1000000060FF042009030008ABC0010813A7010822
:10001000A1C00108910E0008FDD9010800000000F0
:10002000000000000000000000000000EDC5010815
:10003000CD15010800000000B5C00108A9CB0108DA
:1000400023030008230300082303000823030008F8
:10005000230300082303000823030008D91601081E
:10006000F11601084D170108651701082303000860
:1000700095110108A1110108451301084913010850
:1000800079130108851301085D0C0008230300089B
:10009000230300082303000823030008A117010815
:1000A00009D00108230300082303000823030008E4
:1000B000C5D30108230300082303000829A701086A
:1000C0001DA70108230300082303000823030008D9
:1000D000230300080DD901082303000823030008A7
:1000E000D1150108B9C00108230300082303000843
:1000F00023030008D1D3010823030008CD1301080E
:100100002303000823030008230300082303000837
:1001100049D701082303000823030008230300082C
:100120006114010865140108AD140108B114010837
:100130002303000823030008230300082303000807
:1001400023030008230300082303000823030008F7
:10015000E9140108ED1401081D15010895D90108DD
:1001600023030008230300082303000823030008D7
:100170002303000823030008000000000000000023
:1001800023030008230300082303000823030008B7
:1001900023030008230300080000000023030008D5
:1001A00023030008230300080000000000000000F3
:1001B00023030008000000000000000023030008E3
:1001C0002303000823030008230300082303000877
:1001D000230300082303000800F002F800F06AF887
:1001E0000AA090E8000C82448344AAF10107DA4592
:1001F00001D100F05FF8AFF2090EBAE80F0013F07A
:10020000010F18BFFB1A43F00103184784310200A5
:10021000A43102000A444FF0000C10F8013B13F027
:10022000070408BF10F8014B1D1108BF10F8015B4F
:10023000641E05D010F8016B641E01F8016BF9D142
:1002400013F0080F1EBF10F8014BAD1C0C1B09D199
:100250006D1E58BF01F801CBFAD505E014F8016B0B
:1002600001F8016B6D1EF9D59142D6D3704700009D
:100270000023002400250026103A28BF78C1FBD8AF
:10028000520728BF30C148BF0B607047632900F098
:10029000F083732900F0F583002070471FB521F02B
:1002A0000CFA9DE8030000F073FB00F020FA1FBD7C
:1002B00010B510BD00F050FC1146FFF7EFFF1FF026
:1002C0008BFD00F06EFC03B4FFF7F2FF03BC00F0FF
:1002D0009FFC00000B49D1F800C04A685CF8043B61
:1002E0001068184442F8040B8C4528BFA1F1DC0CBF
:1002F0008A4228BFA1F1DC02C1F800C04A6020F0A8
:100300000040704788360120094880470948004767
:10031000FEE7FEE7FEE7FEE7FEE7FEE7FEE7FEE7B5
:10032000FEE7FEE704480549054A064B7047000012
:10033000F9CF0108D901000860F7042060FF04200C
:1003400060FB042060FB042070B5064600F004FB4F
:10035000056806F10B0020F00704B4429CBF0020A2
:1003600070BD2B466A68BAB11068A04210D304F180
:10037000080188423CBF5068586007D35168101983
:1003800041601168091B016058601460101D70BD48
:1003900013465268002AE7D12146284600F0E4FAC5
:1003A0000028DED170BD70B50446051F00F0D4FAF8
:1003B0000068002C14BF446870BD002C18BFAC420C
:1003C0003CBF20466468F8D301680A18AA4218BFE7
:1003D000456003D12A680546114401602868411927
:1003E000A1421CBF6C6070BD6168696021680844EF
:1003F000286070BD53EA020C00F069802DE9F04BD3
:100400004FF00006002B1FBFB3FA83F503FA05F483
:1004100024FA05F65E4012BF1643B2FA82F502FADC
:1004200005F4C5F120051EBF22FA05FC44EA0C04C0
:10043000203556EA044C4FEA144418BF641C4FF0B0
:1004400000084FF00009904271EB030C39D30029EA
:1004500019BFB1FA81F701FA07F6B0FA80F700FA8E
:1004600007F6C7F120071EBF20FA07FC46EA0C0674
:100470002037B6FBF4FCA7EB0507103F07F01F0B76
:10048000CBF120060CFA0BFB2CFA06F644BFB34660
:100490000026202FA4BF5E464FF0000B5BEA060C3F
:1004A00008BF4FF0010B19EB0B09ABFB027C48EBCB
:1004B0000608C01B06FB02CC0BFB03CC71EB0C0146
:1004C000C1E70B46024641464846BDE8F08B13B5EE
:1004D0004FF000004FF00001AFF30080BDE81C407A
:1004E0007047B2F120030AD5C2F1200301FA02F1EC
:1004F00020FA03F300FA02F041EA0301704700FA20
:1005000003F14FF000007047B2F120030AD5C2F1A9
:10051000200320FA02F001FA03F321FA02F140EA83
:100520000300704721FA03F04FF00001704700000C
:100530000FB41CB50C0007AA009001D02044401E47
:10054000074B7B4469460190069800F068FA002C3E
:1005500003D06946002000F075FA1CBC5DF814FB5E
:100560000905000070B50C460546012A05D028781B
:10057000800600D5EA69002302E0012305E05B1C48
:10058000934202D2E05C0028F9D1A869E618C01AAB
:10059000A861286A184428622846AFF3008004E066
:1005A000D5E9012114F8010B9047B442F8D328464D
:1005B000AFF3008070BD2DE9F0474FF0000A894687
:1005C0000446C0F820A02046E1688847002876D07D
:1005D000252806D0D4E901219047206A401C2062DA
:1005E000F1E7E168204600258847C4F81CA00646CC
:1005F0000027C4F818A02A2E09D030461FF02CF985
:1006000038B304EB8708303EC8F8186019E059F891
:10061000041B204604EB87029161E1688847012FA3
:10062000064618D1E069002820DA25F020051DE0F3
:10063000D8F8180000EB800006EB40003038C8F80E
:1006400018002046E168884706461FF005F9002893
:10065000EED1012F0AD02E2E08D12046E16888471E
:100660007F1C0646022F45F02005C4DBA069002848
:1006700003DA404245F00105A061E80701D025F00A
:100680001005B6B1A6F14100192802D8203645F46C
:1006900000654A463146204625604D46FFF7F6FD87
:1006A00058B1012806D0ED1D25F0070000F108091A
:1006B00089E704E005F1040985E730468AE7206A06
:1006C000BDE8F0870B4910B5A1F17C020A4CC2E9E4
:1006D0003712372106E000EB104342F82130074B78
:1006E00000FB03400B1EA1F10101F4DC10BD012051
:1006F000E8E7000028360120E119D666CD0D01009B
:1007000010B5431C02E010F8011B71B18107FAD14A
:100710004FF0013202C88C1A8C4314EAC211F9D08E
:10072000C01A0A0603D0C01E10BDC01A10BD0A04AC
:1007300001D0801E10BD0902FCD0401E10BD032A4E
:1007400040F2308010F0030C00F0158011F8013BEE
:10075000BCF1020F624498BF11F801CB00F8013BD5
:1007600038BF11F8013BA2F1040298BF00F801CB99
:1007700038BF00F8013B11F0030300F06780083A2E
:10078000C0F0088051F8043B083A51F804CBA0E8C7
:100790000810F5E7121D5CBF51F8043B40F8043B1C
:1007A000AFF30080D20724BF11F8013B11F801CB51
:1007B00048BF11F8012B24BF00F8013B00F801CB22
:1007C00048BF00F8012B7047431A28BF9A427FF6B2
:1007D000B6AF032A1044114440F2268010F0030FF4
:1007E0001EBF11F8013D521E00F8013D10F0030F2D
:1007F0007FF4F6AF11F0030300F05A81083AC0F01D
:100800000B8051F8043D083A51F804CD40F8043DFE
:1008100040F804CDFFF7F3BF121D5CBF51F8043D53
:1008200040F8043DAFF30080D20724BF11F8013D2A
:1008300011F801CD48BF11F8012C24BF00F8013D8B
:1008400000F801CD48BF00F8012C704710B5203AE0
:10085000C0F00B80B1E81850203AA0E81850B1E879
:100860001850A0E81850BFF4F5AF5FEA027C24BF2F
:10087000B1E81850A0E8185044BF18C918C0BDE826
:1008800010405FEA827C24BF51F8043B40F8043BEF
:1008900008BF7047D20728BF31F8023B48BF11F8A4
:1008A000012B28BF20F8023B48BF00F8012B7047FE
:1008B00002F0FF0343EA032242EA024200F002B8D8
:1008C0004FF000020429C0F0128010F0030C00F079
:1008D0001B80CCF1040CBCF1020F18BF00F8012BF7
:1008E000A8BF20F8022BA1EB0C0100F00DB85FEAC5
:1008F000C17C24BF00F8012B00F8012B48BF00F891
:10090000012B70474FF0000200B5134694469646FF
:10091000203922BFA0E80C50A0E80C50B1F1200112
:10092000BFF4F7AF090728BFA0E80C5048BF0CC0C0
:100930005DF804EB890028BF40F8042B08BF70471E
:1009400048BF20F8022B11F0804F18BF00F8012B90
:1009500070477047704770470048704798360120CD
:10096000704770477047704738B504460A46002004
:100970006946AFF30080002808BF38BD02460099E1
:10098000204600F0C7F8012038BD012000F0DCB897
:10099000F8B5AFF30080054600200C46102000BFDC
:1009A0000646A819A0420DD9324669460020AFF389
:1009B0000080070008BF00F0C7F80098A04218BFE9
:1009C0000546C419FFF7C8FF05600746F01D20F073
:1009D00007004619284600F00AF8B44208BFF8BDDF
:1009E000A21B31463868BDE8F84000F093B80021FA
:1009F0000160C0E9011070471020704710B500F089
:100A000085F8006810BD10B5044600F07FF804605A
:100A100010BD000001694A1C02610878704700B5EA
:100A20008FB0CDE901310021059105497944CDE927
:100A3000031011466846FFF7BEFD0FB000BD000071
:100A4000E5FFFFFF0A6802F8010B0A607047D1E971
:100A500000239A4202D2531C0B601070704710B5ED
:100A6000436913B1AFF3008001E0FFF77BFD012084
:100A700010BD127800F124010A7000224A70012290
:100A8000EDE711684FF0FF32E9E7431A28BF9A42B9
:100A90007FF6DCAE104410F0030F11441EBF11F8B6
:100AA000013D521E00F8013D10F0030F7FF4F6AF38
:100AB000103AC0F00A8010B531E91850103A20E918
:100AC0001850BFF4F9AFBDE81040530724BF31E917
:100AD000081020E9081044BF51F8043D40F8043DD7
:100AE00012F0030F08BF7047D20728BF31F8023D4C
:100AF00048BF11F8012C28BF20F8023D48BF00F87C
:100B0000012C70470048704790360120004870471C
:100B100090360120034640688C46002818BF884262
:100B20003CBF03464068F8D318681844884207D091
:100B30000CF1030020F00700001D411A521A014673
:100B4000081D0A60FFF72FBC10B500F039F8BDE8AA
:100B5000104000F02FB870477546FFF7D3FFAE4640
:100B600005006946534620F00700854618B020B5B9
:100B7000FFF7D8FBBDE820404FF000064FF000071C
:100B80004FF000084FF0000B21F00701AC46ACE835
:100B9000C009ACE8C009ACE8C009ACE8C0098D46A2
:100BA000704710B50446AFF300802046BDE8104002
:100BB000FFF789BB002801D000F02AB87047000079
:100BC00010B5012805D0002103A000F027F801206E
:100BD00010BD09A1F8E7000053494752544D454D57
:100BE0003A204F7574206F662068656170206D65CE
:100BF0006D6F7279000000003A2048656170206DC9
:100C0000656D6F727920636F7272757074656400C0
:100C100001491820ABBEFEE72600020070B505466C
:100C20000C460A2000E06D1C00F011F835B1287860
:100C30000028F8D102E0641C00F009F814B1207813
:100C40000028F8D1BDE870400A20AFF3008008B555
:100C500069468DF800000320ABBE08BD104810B5F2
:100C600002680021116001688A6822F001028A602E
:100C70000068C06B46F2207180B2A0FB010147F60C
:100C8000FF72801841F100014FF6FF720023FFF759
:100C9000B1FB0146BDE8104002480EF0B9BF0000AC
:100CA000082B012090B90020464910B54A6822F46B
:100CB00040324A604A6843681A434A6001684A6899
:100CC00022F480724A6001684A68036942EA03229A
:100CD0004A6001684A6822F040724A6001684A68C6
:100CE00083681A434A6001688A6822F400628A6055
:100CF00001688A68C3681A438A60816A6FF070620B
:100D0000D14201688A6822F070628A6001688A684C
:100D10000CD0836A1A438A6001688A6822F04052C4
:100D20008A6001688A68C36A1A4301E022F040526F
:100D30008A6001688A6822F002028A6001688A6813
:100D4000037E42EA43028A6090F82010002901687D
:100D50004A680FD042F400624A6001684A6822F48F
:100D600060424A6001684A68174C436A04EB4333A7
:100D70001A4301E022F400624A600168CA6A22F460
:100D80007002CA620168CA6A838B104C04EB035379
:100D90001A43CA6201688A6822F400728A60016894
:100DA0008A6890F8303042EA43228A6001688A6893
:100DB00022F480628A6001688A68406942EA802081
:100DC000886010BD0023014000E0FFFF0000F0FF3D
:100DD00018B50023009303098DF8003000F00F00D0
:100DE0008DF8010000206C46235C0A2B01D23033C1
:100DF00000E037330B54401C0228F5DB0220108042
:100E0000002018BD1E4C08B5656812F03DFF11F0BA
:100E1000C3FB4FF0E0210020086148618861194858
:100E2000016841F02061016072B60020421E81001D
:100E300001F1E021C1F88021C1F88022401C08287E
:100E4000F5D31148016841F480410160006800F465
:100E5000804000900D48016821F0030101600168A5
:100E600041F0010101600748001D0460BFF34F8F8E
:100E7000BFF36F8F206880F3088862B6A847FEE74B
:100E80000000FF1F04ED00E044380240003801403C
:100E90000C2005F065FF0FF087FA000030B5002840
:100EA00034D0016A002931D01949B1F85E20002AF6
:100EB0002CD091F87D10002928D100F12801C06ABA
:100EC000420848688B6813448B608B68834206D362
:100ED0008B688C68B3FBF0F303FB104088608C6A6E
:100EE000C86AA41840F100008C62C8625FF000007C
:100EF00001EB800313F1180353E8004F144443E857
:100F00000045002DF8D1401C0328F1DB30BD000066
:100F1000702900202DE9F04F85B015461C460A4681
:100F20000646DDE91010DDE90E733762C6E90341BC
:100F3000C6E901250246B37706F128001EF053FDED
:100F40006648DFF89C91006A38B1006828B1B9F8AA
:100F5000980201281DD002281BD000208046002DB9
:100F60007ED0DFF880A128684FEA074BF0B3F7B3D3
:100F700010F0B4FEB8F1000F0ED05B4A2968914220
:100F800001D0514508D1B9F898125848022902D029
:100F900002E00120E2E75648B0FBFBF1491C07FBE9
:100FA00001F2B0FBF2F0491E69600021401EC5E964
:100FB00002102846296114F05BF84B4928688842E2
:100FC00001D050452DD14B4A904215D0B0F1804F01
:100FD00012D0494A90420FD088420DD047498842EA
:100FE0000AD0504508D04649884201E019E016E091
:100FF00002D04449884214D114216846FFF782FC8C
:101000005FEA080000D007200090002001906946A8
:10101000284614F020FD20B110F02EFC01E0002045
:10102000B060ECB12068D8B1F7B310F057FEB8F15A
:10103000000F0BD02C4A2168914201D0514505D1B7
:10104000B9F898122948022900D14010B0FBFBF1F1
:10105000491C4F43B0FBF7F0491E0025401E00E03D
:1010600038E06160C4E902502046256114F000F8C0
:101070001D492068884201D050452BD11D4A90421D
:1010800014D0B0F1804F11D01B4A90420ED088424C
:101090000CD01A49884209D0504507D018498842D7
:1010A00004D01849884200E012E013D114216846A8
:1010B000FFF728FC5FEA080000D00720CDE9000513
:1010C0006946204614F0C7FC20B110F0D5FB01E0C2
:1010D0000020F06005B00020BDE8F08F40A60020A1
:1010E000709F0020000401400008004000881300A9
:1010F00000C409000000014000040040000C004052
:10110000004001400018004038B1406828B1006834
:1011100018B18168C90703D018E04FF0FF3070475D
:10112000816841F0010181600B490C4A0968B1FBFB
:10113000F2F1102901D20F2105E0B1F5006F03D9BA
:1011400000BF40F2FE7100BF491EFCD2816841F42D
:10115000800181600020704738060020400D0300A8
:1011600030B54FF0FF33A0B14168096889B1002262
:101170004CF250340FE08D68ED070AD01546521C32
:10118000A54208D9086820F0080008606FF0010047
:1011900030BD184630BD0D686D07ECD5CA6B828234
:1011A0000A6CC2824A6C02838A6C4283086820F00F
:1011B0000C000860002030BD00BF704770B50446C9
:1011C000006A002871D02046FFF7F6FF61684FF4EF
:1011D000885009684860E068016801B9A068006A41
:1011E00005684348296821F018012960296821F021
:1011F0000101296000E000BF2968C90701D0401E35
:10120000F9D22868C00702D06FF0010070BDEFF37B
:10121000108672B63748A8602069E860E06A400826
:101220006860002104F128001EF0F2FC324885427B
:1012300007D131494FF474602039086039201CF01F
:10124000E6FC06B962B6A068016879B3002048627E
:10125000A16809680A6922F001020A61E168096867
:1012600041B14862E0680068016921F00101016153
:10127000E06800E0A0680068C16841F48071C16066
:1012800060680068816840F201121143816028683B
:1012900040F019002860A168184A0868904206D1F9
:1012A000016A41F4805101620EE01EE016E0144A2A
:1012B000904210D1016A41F001010162A06800680A
:1012C000416C41F400414164A0680068016841F04C
:1012D0000101016002E0084614F056F8E068006879
:1012E00018B1016841F001010160002070BD0000EB
:1012F000400D03004C2001402864024000080040DB
:101300000000014070B504004FF000051CD060687B
:10131000D0B10068C0B1A06800F052F8E06820B118
:10132000A168884201D000F04BF8606800688168CD
:10133000204A11408160616841B3E06838B10268B9
:101340002AB1006A58B902E04FF0FF3070BDA068C2
:1013500018B102680AB1006A08B9886BB0B10068B8
:10136000A0B11549026822F018020260026822F05A
:101370000102026000E000BF0268D20701D0491EEE
:10138000F9D20168C90702D06FF001050AE00B49E4
:10139000884207D109494FF4746020390860392028
:1013A0001CF035FC60680068016821F01E010160D6
:1013B000284670BDFEFEBFBF400D030028640240FA
:1013C00000281CD00168002919D0CA6822F4807254
:1013D000CA6001680A6822F001020A60084A0168CE
:1013E000914203D10A6A22F4805205E0054A9142F3
:1013F00003D10A6A22F001020A6214F041B8704770
:101400000008004000000140002903D00844401EAD
:10141000491E884370472DE9FF4F81B01F4615468E
:10142000040010D000F0D4F904F5887100910298FE
:1014300000F03CFC060009D0204601F025F93046BA
:1014400005B0BDE8F08F4FF0FF30F9E7D4F8100198
:10145000416B006B00F0C3FD00287ED0D4F8100172
:10146000C16B806B00F0BBFD002876D0D4F8100172
:10147000416C006C00F0B3FD00286ED0D4F8100170
:1014800000F0C5F9002869D0002D67D0874265D3E8
:1014900005EB07080027C4F80871D4F810112E4690
:1014A000B946886D60B34D6D2021FFF7ADFF07464B
:1014B000B54253D305EB070AC2454FD8D4F81011F3
:1014C000C86DFF2804D98A6DC96983188B4205D974
:1014D000204601F0D9F86FF00300B1E7D4F81811F5
:1014E00001EB000B11462846FFF7EAF9D4F810018A
:1014F0005946826D2846FFF722F9A81B0744554636
:10150000D4F81001406B90B12021FFF77DFF2844F3
:1015100040455CD8C4F8D850D4F810110546871B54
:101520004A6BC4F8DC20096BC4F8E01005E0C4F88D
:10153000D890C4F8DC90C4F8E090D4F81001C06BE7
:10154000A8B12021FFF760FF284440453FD8C4F8E8
:10155000FC50D4F81011CA6B01E03EE037E0C4F84B
:101560000021896B0546871BC4F8041105E0C4F807
:10157000FC90C4F80091C4F80491D4F81001406CB8
:1015800090B12021FFF740FF284440451FD8C4F800
:10159000F050D4F810110546871B4A6CC4F8F420AB
:1015A000096CC4F8F81005E0C4F8F090C4F8F490A1
:1015B000C4F8F890D4F8D80078B1D4F8F00060B14D
:1015C000D4F81001A8EB0506C06A86420BD220466B
:1015D00001F05AF86FF0040032E7204601F054F8A9
:1015E0006FF007002CE72021FFF70EFF00EB070844
:1015F00004F59670814600F047FA482104F5B07072
:10160000FFF780F9D4F81001476917F4706F03D120
:10161000029900F078FB07434FF00110C4E9580726
:10162000C4E95A56D4F8D800C4F87001D4F8DC00E4
:10163000C4F87401D4F8FC00C4F87801D4F80001AF
:10164000C4F87C01D4F8F000C4F88001D4F8F400A8
:10165000C4F80881C4F884014946009800F070FA83
:10166000050004D0204600F0B3F82846E8E6012043
:1016700060800020E4E600000548006805498842D3
:1016800002D00549884201D10120704700207047EF
:10169000F4360120494145434B4F4D532DE9F05F4E
:1016A000444A4FF000084FF0FF361368FFF7E4FF9D
:1016B00000287CD04048834201D1012700E0002768
:1016C0004FF0000B91461046C2F820B0C2F818B097
:1016D000C2F81CB052688568384C022A02D36FF0F9
:1016E000010055E06FF0040A102D10D807B175B154
:1016F0000121104600F0E6FED8BBD4F8D80040B176
:10170000D4F8F01029B1D4F8DC10A94204D2504624
:101710003EE04FF0FF303BE0FFF7D2F8F4E93C0148
:10172000FFF7CEF8E068F03C18B1D4F80011FFF7ED
:10173000C7F85FB11F48D4F8D810243004E000BFC8
:1017400010F8012B01F8012B6D1EF9D21B4801F096
:10175000B5F8060000D40020D4F8F480B8F1100FDA
:1017600001D94FF01008134942463431D4F8F03013
:1017700004E00DE013F8015B01F8015B521EF9D2A1
:10178000B8F1040F04D3D4F8F0100968C9F81C109C
:10179000C9F80C00C9F81060D4F80C01C9F814009D
:1017A000C9F818800648C9F82000C9F800B0BDE89B
:1017B000F09F0000F436012049414543A8BC0020B9
:1017C000434541490149086070470000F036012057
:1017D00010B504000ED06088012806D1D4F810019D
:1017E00018B104F5887000F02AF92046BDE81040D1
:1017F00000F04ABF10BD012805D0022802D00328FE
:1018000003D000207047042070470120704770B556
:10181000040019D02021606BFFF7F6FD054620215A
:10182000E06BFFF7F1FD05442021606CFFF7ECFD54
:1018300005442021A06DFFF7E7FD05442021E06A63
:10184000FFF7E2FD284470BD002070BD10B500F028
:10185000E3FCA8B90D480168491C13D1007D88B983
:101860000024204600F062F938B1D0E90010084B9E
:10187000084A59405040014304D0641C022CF0D364
:10188000002010BD4FF4803010BD0000E0020020A9
:10189000474D49413233454370B500B10120134CE7
:1018A0000025207560B100F0B7FC70B1104801F060
:1018B00032F80F48FFF78CFF25756FF0070012E034
:1018C0000B4801F028F8256104E02068401C05D091
:1018D00000F0C4FDBDE8704000F03ABF044801F0DC
:1018E0001AF86FF001002061F4E70000E002002028
:1018F000A8BC002030B5184CC1B00546022802D360
:101900006FF0010005E01548B0F85E0018B16FF007
:101910000700206105E06A46284600F030F92061A2
:1019200020B1284600F0D9FE41B030BD2068A84261
:1019300008D109484FF4807269461830FEF786FFD7
:1019400000F08CFD284600F0C8FE2068A842EBD1CC
:1019500000F0FEFEE8E70000E00200207029002011
:1019600070B50546144C4FF0FF3604F11800FF2DFA
:1019700003D0022D08D3700018E04FF48071266068
:10198000FEF7C0FF002005E00146284600F0FCFA03
:1019900040B126602061094800F0BDFF0748FFF70D
:1019A00017FF04E0217D284600F08CFD2061BDE892
:1019B000704000F0CDBE0000E0020020A8BC002076
:1019C00010B500F029FC00280ED0084800F0A3FF55
:1019D0000648FFF7FDFE06480168491C02D06FF07B
:1019E000070101610021017510BD0000A8BC0020A5
:1019F000E002002001F0010252420A4203D0FF2916
:101A000001D9814202D36FF0030070470020704774
:101A100030B5002A0FD0084C11F8013B5840002384
:101A2000C50702D084EA500000E040085B1C082B88
:101A3000F6D3521EF0D130BD2083B8ED704718B1F7
:101A40008069002802D000474FF0FF30704708B58A
:101A5000694600F05BF810B16FF0010008BD009816
:101A600003C80FF07DFF0028F8D06FF0050008BD17
:101A7000012805D0022802D0032803D00020704797
:101A8000042070470120704710B504000DD03421A8
:101A9000FEF738FF4FF0011020600120606003481E
:101AA000A0600348E0600348206110BDC92A010816
:101AB000DD2501083D1A000818B1012804D00020D6
:101AC00070474FF4805070474FF490507047002893
:101AD00009D0806811B1096901B10846012803D015
:101AE000022804D0002070474FF4807070474FF4F4
:101AF0000060704708B5694600F008F808B100209A
:101B000008BD009803C8081A401C08BD09B1022886
:101B100002D36FF001007047034A00EB400002EB74
:101B20008000086000207047881E020808B56946DA
:101B3000FFF7ECFF08B1002008BD0098006808BD61
:101B400010B58EB0040004D02069002803D021B164
:101B500007E04FF0FF300EB010BD6846FFF794FF6E
:101B600069460868B0F1011F02D14868012802D017
:101B70006FF00700EFE7226908469047EBE72DE991
:101B8000F74FADF5427D0C46C0A9C298FFF7BEFFE6
:101B900000280DD1C2981CB9FFF78EFF04000BD0AE
:101BA0006946204614F0AAFF6FF0020B38B1584680
:101BB0000DF5457DBDE8F08F6FF00100F8E74FF4BB
:101BC0008072694680A8FEF741FE80A8C29900F0A5
:101BD000E1F80028ECD1C298FFF739FF0028E7D1DF
:101BE000C098879E4FF0FF39D0F800A006F2FF1092
:101BF000470A00252EE045B16019694614F07EFFC2
:101C000018B1C09800F040F8D1E74FF40070864258
:101C100000D8304680461DB102466946484606E077
:101C2000B8F5807F06D9A8F58072484640A9FFF72D
:101C3000EFFE81464246694650460FF041FF28B10B
:101C4000C09800F021F86FF00500B1E7C244A6EBA0
:101C500008066D1CBD42CED393996FEA09008142FC
:101C600005D0C09800F010F86FF00600A0E7C49906
:101C7000C29800F089F9040004D0C09800F004F87C
:101C8000204695E7002093E71CB5002100910191C3
:101C900048B10068082269460FF012FF002801D001
:101CA0006FF005001CBD4FF0FF301CBD38B50C00B7
:101CB000054623D06946FFF729FF00281DD10021E2
:101CC000284600F061F9002817D100980168C4E99E
:101CD000001500980268A2604268E2600A6A0AB1D0
:101CE00003681A44226102684B6A1A446261896A75
:101CF00039B100680844A061002038BD4FF0FF30C2
:101D000038BD0020F7E738B50A46040004D069461C
:101D10001046FFF7FBFE08B1002038BDA08A10F482
:101D20007060FAD121460098FFF7D1FE38BD30B47B
:101D300050B149B142693AB10B68B3F1011F06D005
:101D40006FF0070030BC70474FF0FF30FAE78B6848
:101D50006FF00404CBB10068CB68C56AAB4214D302
:101D6000436B23B10D6985B14D699D420DD3C36BA2
:101D700023B18D694DB1CD699D4206D3406C30B120
:101D80000B6A13B14B6A834201D22046DAE730BCBA
:101D9000084610472DE9F04FC1B00D46040016D09B
:101DA00040A92846FFF7B2FE002812D14098724E93
:101DB000724BD0E90021891A01F10108D4E9002110
:101DC000724059406FF003090A4371D104E04FF0AB
:101DD000FF3041B0BDE8F08FA1686FF00706012920
:101DE00069D1E168B1F1011F65D1A16C012962D10E
:101DF000216911B18068814264D1207DC00757D02C
:101E000029462046FFF77FFF054621464098FFF709
:101E10005EFE4FF40067B84201D14FF460600542A6
:101E200050D0681E05424DD14FF4007B4FF4807AAC
:101E30005D4504D0B5F5806F01D0BD421ED1206B49
:101E4000FFF716FE98B3616B89B3B1FBF0F200FBAC
:101E5000121272BB5D4502D100EB400006E0B5F501
:101E6000806F09D0BD4209D100EBC000B1FBF0F298
:101E700000FB1210E8B906E0C000F7E7554502D1B3
:101E8000606E40283DD2E06B0028A06B12D0FFF7B7
:101E9000EFFD60B1E16BB1FBF0F200FB121232B961
:101EA000C000B1FBF0F200FB121010B905E002E037
:101EB00049E026E008B130468BE74099A0690968FF
:101EC000884202D06FF0010083E7E069FF2818D94B
:101ED000404516D8A16D0546B1B1294A636D1A4433
:101EE000B2F5703F2FD2E56DFF2D2CD985422AD255
:101EF0005A18934205D8234B9A4202D8294481426A
:101F000006D96FF0040064E7616DE1B9E16DD1B904
:101F1000616AFFF76FFD0028CED1606AA84212D235
:101F2000216A09B1A9420ED2A06A08B1A8420AD218
:101F300019B1E069FFF75EFD28B9A16A29B1E0692E
:101F4000FFF758FD08B1484643E75546524621463B
:101F50006846FEF77BFC002014902A466946401E26
:101F6000FFF756FD216DC043814202D06FF006009D
:101F70002FE700202DE70000474D4941323345430C
:101F8000804BFFDF80740420F8B50D460646694695
:101F9000FFF7BCFD002818D10098314604682046A0
:101FA000FFF7F8FE002810D10098E26901684FF0B1
:101FB000FF3001F58071A2F58072FFF729FDE16C19
:101FC000C043814202D06FF00600F8BD2DB14FF43E
:101FD000807221462846FEF739FC0020F8BD00B586
:101FE00051B100280AD0FFF706FC30B1B1FBF0F286
:101FF00000FB121008B902E008B1002000BD01206A
:1020000000BD000070B5040022D0FFF71FFC02469F
:10201000B0F5703F00D900224FF470300D4D0059DB
:102020000119E960C5E901120B481DF0DCFC0B4801
:10203000844207D1D5E9010108440949884201D801
:10204000012000E000206875BDE8704000F006BA8D
:1020500070BD0000E002002050BE002080B40020CF
:1020600080740420002903D00844401E491E884380
:10207000704700002DE9F04105002DD01948417D41
:1020800051B3D0E901400619A86D6FF0040750B1B3
:10209000696D08442021FFF7E5FF696DA1421ED359
:1020A000B0421CD804462021686BFFF7DBFF0444D4
:1020B0002021E86BFFF7D6FF04442021686CFFF76E
:1020C000D1FF04442021E86AFFF7CCFF2044B0424E
:1020D00005D80020BDE8F0816FF00700FAE7384628
:1020E000F8E70000E002002070B504462021FEF76A
:1020F000E7FB3048314D008820802F48C18961803E
:10210000018AA180418AE18001892181418961811F
:102110008189A1810188E181418821828088608252
:10212000D5F800034FF6FF71A0FB010140F6E44231
:102130005310C018002641F100013346FEF75AF94A
:102140001F4BA082E68293ED000A1E4910EE100A92
:102150009FED1D1ADFED1D0A4FF04742884202DD58
:10216000B0EE410A05E010EE100A904201D9B0EE3F
:10217000600ABDEEC00A10EE100A208393ED010A3A
:1021800010EE100A884202DDB0EE410A05E010EEC2
:10219000100A904201D9B0EE600ABDEEC00A10EEFE
:1021A000100A6083D5F8F802A083D5F8F802000C75
:1021B000E08370BDC801002038B0002090B9002035
:1021C0004006002000FEFF4600FEFF46000000C75C
:1021D0007FB50E4800240294406803904FF48C7140
:1021E0000B48FEF78FFB0A48651E0123056000942B
:1021F00003AA02A90748019400F0FAFA054800F082
:102200008AFB04480565C0F80C417FBDA01E02088A
:10221000E0020020A8BC00200448406820B1D0F8AB
:10222000C00008B1012070470020704790B900201D
:102230000AB1084402E000207047801A9042FCD2A4
:10224000704712B900207047891A9142FCD2884227
:1022500001D3401A7047081A101A70472DE9F05F31
:102260000C465FEA000A93464FF0FF3824D0104630
:10227000FFF7C1FA00B3B4FBF0F100FB1141D9B98B
:10228000B4FBF0F5DDB372B628498B68284887683F
:102290004A68466862B6896B71B1806B60B1402A4A
:1022A0000AD3402E08D32348006828B12248D0F82A
:1022B0001001446E402C02D34046BDE8F09F4021FF
:1022C0001846FFF7BEFF8146324640213846FFF7E9
:1022D000B8FF202C01D2154E00E0154E02D300BFEE
:1022E000A4F12004A04600D2484672684FEA851146
:1022F000A1F14001FFF7A5FF0746002412E013E01B
:1023000007EB4801304600F091F803B222465946E7
:10231000504600F03BF9726840213846FFF788FFCD
:102320000746641CAC42EBD30020C6E750B0002047
:1023300090B0002090B10020A8BC00202DE9FF4FF4
:1023400089B00024169D09989A460E46671E60B112
:10235000BAF1000F09D045B10B98FFF74CFA20B144
:10236000B6FBF0F100FB116119B138460DB0BDE8C4
:10237000F08FB6FBF0F62EB37019401EB0FBF5F9E6
:1023800072B629498868D1F804B062B6896B19B170
:102390005946BBF1200F16D26846FFF7A5FE6F46DF
:1023A0000EE000BFB4FBF5F005FB104122461AF821
:1023B00001000B9937F91030099800F0E7F8641C18
:1023C000B442EFD32DE00A462021FFF73AFF4FEA4F
:1023D00049115A462039FFF734FF009000201DE0D4
:1023E00000270FE01AF80700009901EB40010E48A2
:1023F00000F01CF803B222460B99099800F0C6F8C9
:10240000641C7F1CAF4201D2B442EBD35A46202158
:102410000098FFF70DFF009008F101008046484545
:10242000DED30020A2E7000010B1002010B520B1DB
:10243000826B12B14368022B01D2002010BD4368A9
:10244000B1FBF3F003FB1010411CB1FBF3F403FBF1
:102450001411105C515C40EA012010BD70B51748A2
:1024600000F059FA1548FFF7B3F9154C6FF007055E
:102470002068401C607D07D020B1A06810B1FFF734
:10248000CBFE28B1256170BD0028FBD00025F9E7FF
:102490000B481830FFF7EEFD28B9D4E9023207489F
:1024A0002168FEF7B8FF20610028ECD1207D0028CC
:1024B000E9D0BDE87040014800F026BAA8BC002071
:1024C000E00200202DE9F0470E4628498046894663
:1024D000FFF75AFD254C05004FF0FF37A4F1180413
:1024E00002D0276025612EE0C4F80080FFF794FE3B
:1024F0000546607D10B1A06800B185B11C4800F0B0
:102500000AFA1B48FFF764F96FF007002061002EFC
:1025100003D0002D01D000212175BDE8F087484689
:10252000FFF7A8FD206130B9D4E9023210482168D4
:10253000FEF771FF206105000DD04FF48071484611
:102540002760FEF7DFF90A4800F0E5F90848FFF7D1
:102550003FF92846E1E7064826B100F0D5F9012009
:102560002075F6E700F0D7F9F3E70000F802002045
:10257000A8BC0020002806D0002904D00A46014645
:1025800001480DF0C3BA704790B90020012906D068
:1025900002290DD0032901D1190A8154704700EE98
:1025A000103A00EB8200B8EEC00A80ED000A7047D6
:1025B00020F8123070470000F8B5314C4FF0FF3072
:1025C00005466188012935D1D4F81021002A31D07F
:1025D000D4F8D81000292DD0D4F8DC10002929D047
:1025E000D4F814111046D834FFF78DFB074674E871
:1025F0003601FEF765F90826B7F5807F09D0B7F5F3
:10260000007F0DD0B7F5806F15D0B7F5006F10D1F2
:1026100018E0D83494E80700D83CFFF71FFE06E026
:102620000320D834009094E80700164B11E0050011
:1026300013D02846F8BDD834009694E80700114B13
:10264000103306E00920D834009094E807000D4BC1
:102650001833D83CFFF772FEE9E7D4F8FC0068B104
:10266000D4F8001151B1FEF72BF9FC340096054B5C
:1026700094E807000833FFF761FEF8BD0020F8BDBD
:10268000A8BC0020A01E020810B504461C2100F5BD
:102690008870FEF737F9342104F59670FEF732F9A9
:1026A000482104F5B070FEF72DF900209CB104F12B
:1026B0009802C4F8D82003214023C4E93731C4E983
:1026C0003E10C4F800015032C4F804010823C4F8D5
:1026D0000801C4E93C23608010BD70B5CAB006464D
:1026E00028216846FEF70EF93046FFF71FFA054627
:1026F0003046FFF7FFF904460AA93046FFF744FCCD
:1027000018B30021AD228DF800209B228DF8012006
:102710008DF802608DF803100394CDE9010549B1ED
:10272000119804900F9805901F980690159807909F
:1027300017980890DA208DF824008DF825002621BE
:102740006846FFF717FF4AB070BD0121DAE70000C5
:1027500010B588B020216846FEF7D4F82249002041
:102760004A7D02B101200A68531C01D040F00200EA
:102770000B7D0BB140F004001C4B1C78A40701D565
:1027800040F008005B88012B01D140F01000AD2320
:102790008DF8003099238DF801308DF80200022A5F
:1027A00001D2D0B200E0FF208DF80300086901904B
:1027B0004868029088680D49039001F18000D1F8C3
:1027C000DC100491406F05900848D0F80C01069089
:1027D000DA208DF81C008DF81D001E216846FFF7D9
:1027E000C9FE08B010BD0000E0020020A8BC002017
:1027F0002DE9F05F9B46DDE90A8615460F46040089
:102800004FF0FF3A58D0EFB3E5B3FEF7E1FF207881
:102810004FF00009C00706D0D4F8E40018B1FDF766
:10282000C2FDC4F8E490A4F800903888A0807888AD
:10283000E080288820816888608184F854B0A4F8FA
:10284000568000201EB1404501DA315C00E00021D5
:102850002218401C11744028F4DB2046FFF714FFB7
:10286000402204F1980104F158001DF0BCF800204A
:1028700049462218401C82F898104028F9DB0020B5
:10288000221800E018E0401C82F8E8100828F7DB66
:10289000A08840B1E28832B15043FDF755FDC4F83D
:1028A000E40048B101E0C4F8E410208840F00100E1
:1028B00020800020BDE8F09F5046FBE770B5040083
:1028C00002D02078800702D44FF0FF3070BD0D4E4B
:1028D00075686088012807D019F0E1FB7068401B1B
:1028E000C4F80C01206D70BD04F5B07104F588705A
:1028F000FFF71DFA7168491BC4F80C110028F2DBC0
:10290000206570BD001000E0002803D0018841F070
:10291000020101807047002803D0018821F00201E4
:10292000018070471FB5234C206808B1002000E0EB
:1029300001204FF48071CDE902101F4B4A00CDE910
:1029400000231E4A1E491F4807F0E2FE00B3002183
:10295000052007F005FE402116480BF0A3FB0122DD
:102960001146052007F0AAFC206B00B31649174852
:102970000123828BC06892B2CDE90202CDE9001337
:1029800013481449D0E909231348FEF7C3FA1FBDC1
:102990000121052007F0E4FD052007F0E5FB08F024
:1029A000C7F814220D49074808F000F8DCE70021B9
:1029B000DDE7000090B10020000402400C3001204F
:1029C000502B012018C200200071020038F70420AB
:1029D00040A60020082B012090C2002024B0002037
:1029E00070B5164D287818B11548B0F8980208B19E
:1029F000002070BD287918B91AF002F80028F8D024
:102A00001AF001F80028F4D000242C702C710D4825
:102A1000022180F8F012A0F8124319F00FFF08B15C
:102A20000EF02AFF0CF02CF9074808A10A68026191
:102A3000898881828475012070BD00009801002082
:102A4000709F002090B90020980200204345363442
:102A5000535F000070B5144D2878002803D0FFF7AD
:102A6000BFFF08B1002070BD10480024B0F89802E4
:102A7000012816D00E48012180F8F012A0F8124368
:102A800019F0B8FE08B10EF0F7FE0CF0F9F809489D
:102A900009A10A6802618988818284752C700120ED
:102AA00070BD2C70DEE7000098010020709F0020B0
:102AB00090B900209802002043453634585F00004A
:102AC00070B5002100B10170114AD2E90243A3425E
:102AD0001BD9B3F5004F18D9D56CA54215D3A3F572
:102AE00000439C4211D21A1B0FD02B1B934200D9DA
:102AF000134608B10124047064245008E3FB040168
:102B00000023FDF777FCC0B270BDFF2070BD000050
:102B1000702900202DE9F047334E6FF0020906F5C9
:102B20004055D5F8340230B1816B21B1096811B13B
:102B30000020BDE8F087EFF3108772B618B1806B04
:102B400008B10068C0BB29490868C00709D1D5F899
:102B50003002C268120604D4D5F8382212F4A03F1D
:102B600002D04FF0FF303BE0C26822F08002C2602A
:102B70001F48426922F0800242611E4C4FF0006003
:102B80004FF00008C4E9001040200101A060C4E932
:102B90000381C4F81480C4F81880C4F81C80C4F8F9
:102BA00020802046C4F824800FF068FC28B16FF024
:102BB0000100C4F8008013E00FE00F488463A063B5
:102BC000462010F079FD304608F093FED5F8340227
:102BD00028B1806B18B1006808B1002000E04846B9
:102BE000002FA6D162B6A4E7082D0020B8640240E9
:102BF000001001408C3401201C2F01202DE9F041F0
:102C00008046454886B00025016841F00201016018
:102C1000016801F002010591016841F004010160C1
:102C20000068142100F0040005906846FDF76AFE74
:102C30004FF4804401260094CDE90165374F694681
:102C4000384603950FF040FE6000CDE900060320F2
:102C5000CDE90250694638460FF036FE0122214682
:102C600038460FF02CFF2E48006808B919F054FDC3
:102C70002C4CD4F8B40218B94FF49640C4F8B402FE
:102C800084F8B9522649284808F03DF8274806F04C
:102C900016F9274806F013F92548322225497A38D3
:102CA000FDF74DFDB8F1000F07D064200FF096FC42
:102CB0001D4806F099FBE0B121E018481830016882
:102CC00041F480410160B4F8B00220F00800A4F89B
:102CD000B00204F52C7400F03BFA208820F080004C
:102CE000208054F87C0C0EF029F8208840F0020077
:102CF000208010483038016841F0020101600E4820
:102D0000C16841F02001C160C16821F40051C16077
:102D100006B0BDE8F08100003038024000080240F3
:102D20001C2F0120085D0020082D0020A064002039
:102D30003C600020A8020020001001402DE9F04175
:102D40000FF0C2FE2A4D064605F54054D4F8340271
:102D500018B1806B08B1006858B9D4F83002C06867
:102D6000000606D4D4F8380210F4A03F01D1FFF7D2
:102D7000D1FE05F580500746D0F80C0918B9D4F8F3
:102D80003802C00309D5284608F0A4FBD4F838025D
:102D9000C00302D5284608F0FBFAD7F80C0920B981
:102DA000D4F8380210F4A03000D00120B4F8B012EA
:102DB000090700D418B1BDE8F04100F0D1B9B4F86A
:102DC000B002C00604D40B48406928B1301A03D5BC
:102DD000BDE8F04100F0BCB907480068002804D104
:102DE0000648016841F400410160BDE8F08100003F
:102DF000082D00201802002090B100201808024081
:102E0000F0B5144EADF5017D044602281EDA4FF4EC
:102E1000007739466D4601A8FDF774FD0E483A4625
:102E20008068009004F191008DF80100DA208DF89F
:102E300002028DF80302094800EB4421A81CFDF7AB
:102E40007EFC3A1D6946304600F00AF80DF5017D1A
:102E5000F0BD0000082D00209C1C020890B5002049
:102E60002DE9F04115460F465FEA00084FF00004D7
:102E700001D007B12DBB4FF0FF30BDE8F0812E1B14
:102E8000142E00D9142639193246404602F07DFC32
:102E900010B16FF00100F0E7404608F01BFB401C4A
:102EA00006D0404608F036FC28B16FF00300E4E796
:102EB0006FF00200E1E73444AC4202D232200FF05E
:102EC0008DFBAC42DBD30020D7E7000070B5224871
:102ED000204DADF5816D8179E1B14FF40076324638
:102EE0001E4981A8FDF7B2FC1D4CA068CDF8040472
:102EF000218A41B10DF20442204604F02AFC10B1AF
:102F0000A068CDF80404E168DDF80404814206D924
:102F1000081A05E00121C1710DF5816D70BD002019
:102F2000C59031466C4601A8FDF7ECFC0D483246D1
:102F300081A940680090DA208DF802028DF8030222
:102F4000A01CFDF7FCFB4FF4017269462846FFF711
:102F500087FFE1E7082D00209801002090B10020B4
:102F6000702900209C1C02082DE9F0413D480068B2
:102F70003C49091D0968C0F3015101EB8101C0F30F
:102F8000034202EB4103C0F3023101EB8101C0F3C4
:102F9000032202EB4101C0F3021202EB820200F0B5
:102FA0000F0000EB42004FF4616213FB02F2C1EB31
:102FB000011102EB81010C182B48D0F8DC022C4DDA
:102FC00010F0020F29484FF0010100F1800602D0F5
:102FD00080F8211043E090F82120002AF8D0306BCF
:102FE000201A2844B0FBF5F105FB11004AF6C00198
:102FF000884232D21F48B0F8B012C9062DD4B0F8BA
:10300000B01240F60842114227D1D0F8381211F41C
:10301000844F22D1A0F50051D1F80C1900291CD100
:10302000D0F82412002918D1D0F88C17002914D117
:10303000D0F8F00B002810D10F4807460CF0BAFB6F
:103040000A2239460D4806F013FB40B114F1010481
:10305000B4FBF5F005FB10403063BDE8F0810C34A3
:10306000F6E700000028004090B9002098010020F9
:1030700080510100085D002006600020082D00201E
:103080000848D0F85C0100B90748D0F81011074A89
:10309000B1FBF2F20649A1F89E220089A1F8A20232
:1030A000704700007029002090B1002080841E002D
:1030B000085D002070B50E4604000DD004F54055A3
:1030C000D5F8340240B1006830B1204608F022FB48
:1030D00028B16FF0010070BD4FF0FF3070BD04F5F6
:1030E0008054D4F80C0920B9D5F8380217490842A1
:1030F00002D06FF0020070BDD5F8340258B1806B79
:1031000048B1006838B1416811B90068C00702D001
:103110006FF0030070BD0FF0D7FC044609E000BF5C
:103120000FF0D2FC001B142802D36FF0040070BD16
:1031300000BFD5F83402006800684006F0D516B12B
:1031400030460FF04BFA002070BD00002040010017
:103150000248016841F000410160704718080240D0
:1031600010B5FFF7F5FF0FF0AFFC024932304861B0
:1031700010BD00001802002010B5044600F016F83B
:10318000002C12D0002810D0017B890702D541699C
:1031900001B12181017B490701D581696160017B12
:1031A000090702D5C069C4F8A40010BD10B50748CE
:1031B000074C084BD0E90021624059400A4302D134
:1031C0008168012900D0002010BD000000C0000867
:1031D00047464344323345430C4808B5016841F043
:1031E00080510160006800F08050009010F0DAFA21
:1031F000074A1021074811F006F80122112105485D
:1032000011F001F810F0C2FA002008BD4038024069
:1032100007B032CEA42B01200A48416E826F01EB29
:10322000410189088A4204D3816F426ED2439142A0
:1032300006D30089012803D1012102481CF024BBD8
:103240007047000038C300207FB505460C460820B3
:1032500006F08AFF00F048F813480822CDE9000282
:103260002021CDE9020123462A461049104802F0E8
:10327000B9FD78B10021082007F072F9012211464A
:10328000082007F01BF80A4802F012FD4FF0FF304B
:1032900004B070BD0121082007F062F9082006F093
:1032A00063FF0020F4E7000000040240742C0120BA
:1032B00038C30020094810B5C06A4FF0FF3440B150
:1032C000074881698068FFF7BFFF002800D02046CB
:1032D00010BD044802F0ECFCF9E7000090B10020BA
:1032E00038F7042038C3002018F022BD2DE9F04142
:1032F0001CF0F2FA00252C4A2C462846D2F804206D
:1033000029469C2600EBC00306EB8303D3585D19C6
:103310004C41401C0628F5DB2846214600F050F8B9
:10332000074606F017FF02462048214B00785B1B3A
:10333000C0F340010020A04101D2012300E000239E
:103340001C48C66A06B901B105271B4E356074607A
:10335000B7600468F460C46A3461046B7461C06A65
:1033600000B1012040EA410040EA8300002A0AD06F
:103370004FF0000140EAC100F06107D14FF00000BA
:1033800019F012FD05E04FF00101F3E7384619F09E
:1033900059FC19F0F3FD09480068B0610DF03AF8E6
:1033A0000020BDE8F081000090B90020A8BC0020FA
:1033B0000068420090B10020A8A700203806002035
:1033C000124B00221B1A8A4101D300207047104B78
:1033D00000221B1A8A4101D3012070470D4B0022A5
:1033E0001B1A8A4101D3022070470B4B00221B1A83
:1033F0008A4101D303207047084B0022181A8A41E2
:1034000001D304207047052070470000A2170F0069
:10341000831F14001F2C1C00073F28008B5E3C00FC
:1034200010B504462DED028B403091ED000A0DF0F1
:103430008BFDB0EE408A84ED008A04F562700DF0D9
:1034400083FDA06A012820D0F0EE408A41F2387155
:10345000B0EE680A60180DF077FD84ED010A84ED86
:10346000048AC4ED058A002104F5D4500DF02AFE2B
:1034700041F6A820005DC0070AD0BDEC028B2046B3
:10348000BDE81040002100F003BEF0EEC08ADDE789
:10349000BDEC028B10BD704770B504462DED028B5C
:1034A0000D4691ED000A40300DF04EFD606A012896
:1034B00001D1B0EEC00A41F2F031F0EE408A60185E
:1034C0000DF042FD84ED000A95ED010A04F56270ED
:1034D0000DF03AFDA06A012834D0B0EE408A00BF5A
:1034E00041F23871B0EE480A60180DF02DFD84ED00
:1034F000010AC4ED048A84ED058A94ED000A0021D6
:1035000004F5D4500DF0DEFD41F6BC2094ED010A27
:10351000012120440DF0D6FD04F5805595F8A80A48
:10352000C00703D00021204600F0B2FD95F8E40A60
:10353000C0070AD0BDEC028B2046BDE870400121D7
:1035400000F0A6BDB0EEC08ACAE7BDEC028B70BD2C
:103550002DE9F04704462DED0A8B0D46403091EDE4
:10356000000A0DF0F1FC41F2F030F0EE408A204408
:103570000DF0EAFCB0EE409A95ED010A04F5627098
:103580000DF0E2FC41F23870B0EE408A20440DF0BC
:10359000DBFC69EE090AF0EE409A48EEA80A10EE4C
:1035A000900A1EF019F841EC100B1BF0D1FC51EC05
:1035B000100B1DF02DF969EEA90A206048EE080AEB
:1035C00010EE900A1EF008F841EC100B1BF0C0FC46
:1035D00051EC100B1DF01CF96060C4ED048A84ED01
:1035E000058A94ED000A002104F5D4500DF06AFD1F
:1035F00041F6BC2294ED010A0121A0180DF062FDF4
:1036000004F58057002697F8A80AC00700D00126C5
:1036100018EE900A1DF0E0FF41EC1A0B19EE100AAB
:103620001DF0DAFF41EC100BB0EE4A1AF0EE6A1A08
:103630001AF08AFC51EC100B1DF0EAF809EE100AA2
:10364000E06A594D4FF0010890ED5D0AD0ED618AB6
:10365000B4EEC09AF1EE10FA02DA0026C5F808803E
:103660009FED52AB9FED53BBF4EEC08AF1EE10FA22
:1036700021D218EE900A1DF0AFFF53EC1A2B1DF06B
:10368000F9F81DF0C5F808EE900AA86840001DF092
:10369000A6FB53EC1B2B1DF04FFC41EC1C0B19EE51
:1036A000100A1DF099FF53EC1C2B1DF0E3F81DF0E0
:1036B000AFF809EE100A4FF00009B4EEE89AF1EE07
:1036C00010FA03DB002000F0F3FC06E02EB100212D
:1036D000204600F0DDFCC5F8089097F8E40A0026C3
:1036E000C00700D0012618EE100A1DF075FF41EC4E
:1036F000180B19EE900A1DF06FFF41EC100BB0EEA5
:10370000481AF0EE681A1AF01FFC51EC100B1DF06D
:103710007FF808EE900AE06A90ED5D0A90ED618A0C
:10372000F4EEC08AF1EE10FA02DA0026C5F80C8039
:10373000B4EEC08AF1EE10FA21D218EE100A1DF094
:103740004BFF53EC1A2B1DF095F81DF061F808EEB5
:10375000100AE86840001DF042FB53EC1B2B1DF0E3
:10376000EBFB41EC190B18EE900A1DF035FF53EC02
:10377000192B1DF07FF81DF04BF808EE900AF4EEBF
:10378000C88AF1EE10FA06DB012000F091FCBDECD6
:103790000A8BBDE8F087002EF9D00121204600F009
:1037A00077FCC5F80C90F2E700000020112D44547E
:1037B000FB211940112D4454FB21094070B50446EA
:1037C0002DED028B0D4691ED000A40300DF0BCFB53
:1037D000606A012801D1B0EEC00A41F2F031F0EE8A
:1037E000408A60180DF0B0FB84ED000A95ED010AE7
:1037F00004F562700DF0A8FBA06A012830D0B0EE8D
:10380000408A00BF41F23871B0EE480A60180DF0EE
:103810009BFB84ED010AC4ED048A84ED058A94EDD6
:10382000000A002104F5D4500DF04CFC41F6BC20F8
:1038300094ED010A012120440DF044FC04F5805070
:1038400090F8A81AC9070ED090F8E40AC0070AD069
:10385000BDEC028B2046BDE87040002100F018BC92
:10386000B0EEC08ACEE7BDEC028B70BD2DE9F05FF3
:1038700004462DED028B00F58059C162002004F54D
:103880000056C9F8F82A9FED3A8A93468846A6F86A
:103890002C030546824600BF04EB4507F88B20F455
:1038A0000060F883A08B052809D90BEB4520D0F8E0
:1038B00084100A2903D250F8841F18310160284669
:1038C00000F0F4FB2946204600F0D2F929462046B4
:1038D00000F054F804EB8501012007F58057486299
:1038E000A7F818AFA7F81CAFB6F82411C01EA8405F
:1038F0000140A6F82411B6F828110140A6F82811B5
:10390000002004EB052100BF01EB800202F500520C
:10391000401C82ED4B8A4028F6DB6D1C022DBBDB80
:10392000E06A90F840016083D8F87021D8F86C11F3
:10393000204600F017FAC4F82C80D8F8A400A08321
:10394000A4F822A0AD2189F8201FAE2189F8211FFB
:10395000DA2086F8220186F823010648E06306484B
:103960000068BDEC028BBDE8F05FFCF7ABBE000069
:103970000000000085410008282800402DE9F84398
:1039800006460F46C06A40F2E24108B1406B00B9FA
:10399000084680B2B0FBF1F1C7EB0710C0EBC000E6
:1039A00006EBC00505F5DA6005F5566404294AD032
:1039B00004DC012972D002292FD15AE0082915D040
:1039C00010292AD1DFF80081032308F14802A2F16F
:1039D0002401CDF800800DF007FB08F148022046D5
:1039E0000323A2F12401CDF8008014E0DFF8D88091
:1039F000032308F16C0808F14802A2F12401CDF874
:103A000000800DF0F1FA08F1480220460323A2F1EC
:103A10002401CDF800800DF0E7FA41F6F820805936
:103A200000EB472241F2F030291805F1400007F081
:103A300085FFC7EB071006EB8000BDE8F84300F5F3
:103A4000D4500DF007BBDFF88080032308F1D808BD
:103A500008F14802A2F12401CDF800800DF0C4FA6B
:103A600008F1480220460323A2F12401CDF800808A
:103A7000D1E7DFF858800323A8F1FC0202F590712A
:103A8000CDF800800DF0B0FAA8F1FC022046032327
:103A900002F59071CDF80080BDE7FFE7DFF82C80DC
:103AA000032308F1480808F14802A2F12401CDF8E7
:103AB00000800DF099FA08F1480220460323A2F194
:103AC0002401CDF80080A6E794180208D81902084E
:103AD0002DE9FC4789460446002500F5805600BFC5
:103AE00004EB8508D6F8F80AD8F8303000EB45200A
:103AF00001AA49469847C5EB0510C0EBC00004EB8E
:103B0000C00000F5DA6007469DED010A0DF01CFAD1
:103B100088ED020AD6F8F80A6A4600EB45204946C5
:103B20000DF03FF938469DED000A0DF00DFA6D1CC1
:103B30008DED000A022DD3DB208B618B884227D1CB
:103B400000202083014604F5005000BF04EB012251
:103B5000B0F82C339DED000A02EB830202F500520F
:103B6000491C82ED4B0A0229F0DB90F82C13491C0A
:103B700001F03F01A0F82C1304F10801A26B0D46DF
:103B800020469047E26B294620469047BDE8FC87D7
:103B9000401C2083FAE710B500F5D8510446D1E95E
:103BA0000223521E43F1FF33C1E90223D14371EADC
:103BB000030107D100F008F82046BDE810400021BD
:103BC00000F066BA10BD00002DE9F04100252DED92
:103BD000028BC16A09B1496B09B940F2E2418FB267
:103BE00000F5D854FCF776FB00EE100ADFED170A5B
:103BF000D4E90060B8EEC00A801B60EE200A00EE37
:103C0000100AB8EE400A20EE800A10EE100A1DF0ED
:103C10009BFD36184D4138461DF0F8F89FED0C1B02
:103C200053EC112B1CF0E2FE41EC180B30462946F8
:103C30001DF000F953EC182B1DF07EF91DF048FD26
:103C4000C4E90201BDEC028BBDE8F0810000003048
:103C5000000000000000244004498A8E22F48052B3
:103C600042F400528A860AF06BBC000098010020E2
:103C70002DE9F043C56A85B00E4604464FF00009B1
:103C80000DB1686B08B940F2E2401FFA80F841F6C6
:103C9000F820678B005900EB462104EB860030309A
:103CA0000DF0ACF805EB860006F0FF0CD0F8E8301C
:103CB000D0F8D82050F8A81F0DF1040E8EE80E1091
:103CC0000169009190ED160A016C016B01680069B1
:103CD000D5F8FC30D5F8F820C6EB061004EB8000D0
:103CE000414600F5D4500DF0BBF931462046FFF7B0
:103CF00045FEE06AD0F8A40080B2A0836783A4F8F0
:103D00001890082809D2DFE800F004060F111315F7
:103D100017190B4800E00B48A0630B48006805B07A
:103D2000BDE8F043FCF7CEBC0848F5E70848F3E7E8
:103D30000848F1E70848EFE70848EDE70848EBE7EF
:103D400097340008A93D000828280040993400084D
:103D500021340008BD370008973B00080D3E0008DD
:103D60005135000800F5805303F5306306C3FFF7B3
:103D70002BBF000030B442F22412002311521A4625
:103D80005FF0010505FA02F40C4200D00123521C39
:103D9000022AF7DB1BB10349C16330BC704730BC5A
:103DA00000F0CEB9B940000810B504462DED028BE5
:103DB000403091ED000A0DF0C7F8606A01281ED06E
:103DC000B0EE408A41F2F031B0EE480A60180DF0D2
:103DD000BBF884ED000A84ED048A002104F5D45078
:103DE0000DF070F941F6A820005DC0070AD0BDECC7
:103DF000028B2046BDE81040002100F049B9B0EE2A
:103E0000C08ADFE7BDEC028B10BD000070B5044630
:103E10002DED068B403091ED000A0DF095F841F242
:103E2000F030B0EE408A20440DF08EF8B0EE409AAB
:103E300069EE090A48EE080A10EE900A1DF0CCFB64
:103E400041EC100B1BF084F851EC100B1CF0E0FC63
:103E5000206084ED048A18EE100A1DF0BDFB41ECD1
:103E60001A0B19EE100A1DF0B7FB41EC100BB0EE67
:103E70004A1AF0EE6A1A1AF067F851EC100B1CF0AF
:103E8000C7FC08EE900A18EE100A1DF0A5FB41ECE5
:103E90001A0B19EE100A1DF09FFB41EC100BB0EE4F
:103EA0004A1AF0EE6A1A1AF04FF89FED311B51ECE6
:103EB000100B53EC112B1CF099FD9FED2F9B53EC35
:103EC000192B1DF039F853EC192B1CF0D3FC1CF006
:103ED0009FFC6060606194ED000A002104F5D450FD
:103EE0000DF0F0F841F6A8200025005DC00700D0D5
:103EF0000125E06A90ED5D9A90ED618AB4EEC98A81
:103F0000F1EE10FA0DD218EE100A1DF065FB9FEDD0
:103F10001C1B53EC112B1CF0ADFC1CF079FC08EEC3
:103F2000100A194E35B1F4EEC98AF1EE10FA01DB30
:103F3000C6ED018AD6ED010AB0EE680A1CF0FCFB62
:103F4000B4EEC80A86ED010AF1EE10FA05DB002096
:103F500000F0AEF8BDEC068B70BD002DFAD0BDECC4
:103F6000068B20460021BDE8704000F091B80000AB
:103F7000112D4454FB21094000000000004CCD40AD
:103F8000112D4454FB2119400000002010B5838BF3
:103F900000F5D45141F6BC244FF400622044082BB4
:103FA00006D2DFE803F005040606060404068A626A
:103FB00010BD8A62826210BD0348818E21F40051D7
:103FC00041F48051818670479801002070B52B4CD8
:103FD0000500208E02D0012D06D102E040F0010044
:103FE00001E040F0040020862548D0F8A000012818
:103FF0003ED10EF069FD234B002153F82520861A8F
:1040000071EB01060E4606D2821A66EB0101521EC2
:1040100041F1000102E0821A66EB010143F825003C
:104020000A2300209A1A884122D217484188012980
:104030000DD1007880070AD5FEF7BEFA18B91248EC
:10404000FEF73CFC18B1208E40F400600FE0208E9B
:1040500020F4006020860120A840C1B20B480BF07C
:10406000CBF835B1012D03D1208E40F00800208619
:1040700070BD208E40F00200F9E70000980100209A
:1040800090B1002098020020A8BC0020706F002092
:1040900010B500F500500123B0F826218B401A43DB
:1040A000A0F826210846FFF791FF10BD00BF70471A
:1040B00000BF704700BF704730B51F4900F5805200
:1040C0000C88B2F8183F641CA4B20C80022C32D1C8
:1040D00000240C8090ED020A00EB430404F58054A8
:1040E000BDEEC00A10EE101AA4F8181B00F500511E
:1040F00091F82641E4071AD0B2F81C4F651CA2F8CB
:104100001C5F802C13D3B1F8264124F00104A1F8E0
:104110002641B1F8244124F00104A1F82441074CC0
:10412000C463B1F8280140F00100A1F828015B1C2C
:10413000D8B2A2F8180F30BD000000208541000859
:1041400070B50F490022C1631346951E00F500515A
:1041500000EB420404F58054A4F8183FA4F81C3F77
:10416000B1F8246105FA02F42640A1F82461B1F8FF
:104170002861521C2640A1F82861022AE8DB70BDA4
:104180008541000800BF70472DE9F04100F500555A
:10419000044695F828010026012710F0010F2BD0C6
:1041A00004F580510022B1F8180FA1F8182FA1F8DA
:1041B0001C2F114604EB462202EB400304EB410C9A
:1041C00003F580530CF5805C401CB3F8183B491C88
:1041D000ACF8223FC0B2FF29EEDD4FF4017204F5C6
:1041E000F951304600F00CF8B5F82801B740B84353
:1041F000A5F828010148E063BDE8F081B940000856
:10420000084810B5D0F8DC0200F00200401C07D0CE
:10421000054807F029F8BDE81040034807F05AB9EF
:1042200010BD000090B90020082D00202DE9F04FAE
:10423000FB48DFF8F4B3FD4F2DED088BADF5137D92
:10424000F6EE008A8690F74800F5C0599FEDF88A8F
:104250009FEDF89AF84E00F5DA6A00F58058B4E25E
:104260000EF032FCF54DC5F8E802849C20788A28CF
:1042700075D04CDC312873D024DC142871D010DCCC
:104280000528ECD006DC01286CD002286BD003286E
:10429000E5D1EDE0112867D0122877D01328DED1C0
:1042A0006BE1212873D006DC152871D01828D6D0F0
:1042B0002028D4D1CCE122286BD023286AD0302802
:1042C000CDD180E251287DD010DC41287BD006DCA6
:1042D000322879D0332878D04028C0D1B9E242289A
:1042E00074D0432873D05028B9D1F6E281286FD01A
:1042F00006DC60286DD061286CD08028AFD10CE33B
:10430000822868D0842867D08928A8D183E39E2892
:104310007BD017DCA0F18C001228A0D2DFE810F0CF
:10432000F903330455020A05C305C605C805CC05C3
:104330001A0627062F0644064D065606550259064C
:1043400055026806B8287DD016DCAB287BD00CDC83
:104350009F2884D0A02877D0A12899D1FDE3A5E398
:1043600034E21BE11EE051E0B1E0AC286DD0AD2895
:104370006CD0AE288CD1F1E3F12868D00BDCBA28E0
:1043800066D0BB2871D0F02889D1E8E3E5E07EE172
:1043900025E1A1E1DAE1F22868D0F32867D0F4281A
:1043A00087D1EFE34FF40072A5496846FCF74EFA57
:1043B00094F8913069468DF8903091204FF48872CE
:1043C00023180AE092E24CE209E224E258E27FE29A
:1043D000B7E290E29BE2C7E219E35B780B54401C22
:1043E0009042EDDB084602F0C6F8002886D14FF473
:1043F000007269469248FCF729FA924A9049894826
:10440000FFF734FA0BF062FBFEE1FDE34FF40072BC
:104410006846611C02F0B6F8684602F06EF80028A3
:104420009BD189488090874882908098CDF80CD2A3
:104430000021416180984FF400748161809880214F
:10444000816006E0FEE3FEE3FEE3FEE3FEE3FEE35F
:10445000FEE380980EF012F828B9DDE982212346A8
:1044600080980EF075F8002125E0F2E3F2E3F2E324
:104470004FF400726846611C02F084F8684602F04E
:104480003CF800288CD170488090CDF80CD20021E7
:10449000416180984FF4007481618098802181602F
:1044A00080980DF0EBFF28B923465A4683998098EF
:1044B0000EF04EF801215B48FFF7DAFB0BF006FB2C
:1044C000D5F8DC0240F00800C5F8DC02C7E66078E9
:1044D00000F00F00042805D8607800F00F0158485C
:1044E000C0F8A4105648D0F8A41029B9D8F8A81AD2
:1044F00041F40062C8F8A82AD0F8A41002290BD110
:10450000D8F8A81A41F40062C8F8A82AD8F8E41A22
:1045100041F40062C8F8E42AD0F8A41004290BD1B1
:10452000D8F8A81A41F40062C8F8A82AD8F8E41A02
:1045300041F40062C8F8E42AD0F8A4000328C5D1E9
:10454000D8F8A80A40F40061C8F8A81AD8F8E40A14
:1045500040F40061C8F8E41A81E6012103AA0020B2
:10456000849B5B5C1354491C401CC9B20428F7DBD4
:1045700033480399C0F8141171E6012003AA002101
:10458000849B1B5C5354401C491CC0B20229F7DBBE
:104590002B48BDF80C10C0F8201198E06378022178
:1045A000022B93D26A460020849C645C1454491CFC
:1045B000401CC9B20428F7DB13B1012B86D105E0FA
:1045C0009DED000A174889EDA50A25E09DED000A3A
:1045D0001E4889EDB40A00BF09F0B2FF3FE66278D9
:1045E000022AB9D201A90020849B03449B780B5472
:1045F000401C0428F8DB0B48C2EB021100EB8100E1
:104600009DED010A00F5C05181EDA60AD1EDA70A82
:1046100020EE200A81EDA50A00F5D450DCE7000069
:10462000082D00204006002090B7002010A2002096
:10463000000000006666663F709F002090B9002071
:1046400090B1002090B50020AC2F0120FC2000206C
:1046500014216846FCF756F91422611C684601F0E3
:1046600091FFFF480099C8F8841AC0F8D810019942
:10467000C8F8881AC0F8E8100299C8F88C1AC0F86F
:10468000B8100399C8F8901A40F8A81F1DE014212B
:104690006846FCF737F91422611C684601F072FF86
:1046A000EF480099C8F8C01AC0F8DC100199C8F8A2
:1046B000C41AC0F8EC100299C8F8C81AC0F8BC10A7
:1046C0000399C8F8CC1A40F8AC1F04990162E44978
:1046D000E4480AF0ADFAC2E51C218CA8FCF712F9F7
:1046E000889D012D29D96D1E1C2D00D91C252A4617
:1046F000611C8CA801F046FF4FF400742246DA4991
:104700006846FCF7A3F88C9823908D9821908E989A
:1047100020908F988DF8000090988DF80100919866
:104720008DF802001C2D02D392988DF80300684684
:1047300001F0E3FE0028CED101E00025D7E72246B4
:104740006946C948FCF782F8002138E01C218CA892
:10475000FCF7D8F8889D012D29D96D1E1C2D00D994
:104760001C252A46611C8CA801F00CFF4FF4007434
:10477000224659466846FCF769F88C9823908D9834
:1047800021908E9820908F988DF8000090988DF849
:10479000010091988DF802001C2D02D392988DF89B
:1047A0000300684601F0A9FE002894D101E000252D
:1047B000D7E7224669465846FCF748F80121AB483E
:1047C000FFF7DCF84BE508F009FCA5E208F034FC43
:1047D000A7A00522D0E90010CDE90010C2E000201A
:1047E000ADF8000002226846611C01F0CBFEBDF866
:1047F000003044F62060834200DD03464FF0FF3274
:1048000000219D481BF012FFD5F8E00240F0400067
:10481000C5F8E00254E600200090019002900C22BE
:104820006846611C01F0AEFE009944F620608142AA
:1048300000D808468A4988620198102800D91020BB
:10484000C8628E48029A824200D8104608638B6A7A
:10485000D4E7D5F8DC0240F00200C5F8DC0288A0FD
:1048600006E0D5F8DC0220F00200C5F8DC0285A0E5
:1048700003220068009069467A480AF07EFC4BE209
:1048800060780006607800F07F000CD4402899D250
:10489000EFF3108572B661787148C0F818110121E4
:1048A000A0F5A0700AE010288CD2EFF3108572B644
:1048B00061786B48C0F818110121803807F092FC2C
:1048C0006748C03807F06EFC002DD8D162B623E2ED
:1048D00061786648FFF74EFA1EE26B4801680906E8
:1048E000FCD55F49D1F81C11416015E2D5F8E00212
:1048F00040F00200A6E36478E00702D00020FFF752
:1049000065FBA007BBD50120FFF760FB04E26178DF
:10491000A27859480AF046FFFEE15B4801680906A3
:10492000FCD55AA00122006800906946869800F0E4
:104930002CFF869806F0CEFD388840F008003880BD
:10494000EAE1514801680906FCD5514B0FCB8DE8CF
:104950000F00504800680168CDF80110806ACDF85A
:1049600005000D226946F7E3B6F8980210B1012858
:1049700009D015E0484801240470FEF76BF878B1BF
:10498000454844700CE00EF09FF843498A782AB1FC
:104990008A6B801A41F28832904201D3012048701C
:1049A000388840072ED597ED020AD7ED010A97ED1A
:1049B000061AF88C70EE600A97ED030AADF8140041
:1049C000AD208DF8000082208DF8010001208DF8C7
:1049D000020010EE900A6946CDF8030011EE100AAD
:1049E000CDF8070010EE100ACDF80B00BDF814004A
:1049F000ADF80F00DA208DF811008DF812001322A7
:104A00002648FAE3D5F8E00240F001001AE3E07826
:104A100007F0A4FA80E122480BF088F900203880E2
:104A20001D4880ED0F8A80ED108A80ED118A816C1F
:104A3000491C8164D5F8E00240F00100C5F8E002AD
:104A40001848B0F8981221F0800141F04001A0F818
:104A50009812B6F898020128DCD113A008E70000EC
:104A600090B10020706F002090B50020400600201B
:104A70005A5A31A5A500000090B90020007102002B
:104A80003C403E003C413E000010014080000000E0
:104A9000D41C0208A42B012098010020082D00201E
:104AA00010A20020085D00203C893E00042205A8D9
:104AB000611C01F067FD849914226846491D01F0CC
:104AC00061FD3888042807D00024694605A809F04C
:104AD00071F9B8B114B10DE00124F6E7FE4880ED9C
:104AE0000F8A80ED108A80ED118AFC480BF01EF9C8
:104AF00001203880072005F037FBF9A1869806F0E1
:104B0000BBFC09E102220421072005F0D7FBF7A135
:104B1000F4E708220DA8611C01F034FD84990822F5
:104B20000FA8093101F02EFD0DA90FA80BF02CFBE9
:104B3000E948803080ED100A90ED100AE7480BF04C
:104B40000FF9002208A9EE480FF06AFC002207A91D
:104B5000EB480FF043FC3C2002E076E2FDE2E5E3A7
:104B60008DF800008A208DF801000798CDF802002A
:104B7000142208A90DF10600FBF7E1FD3E208DF897
:104B80001A00C9E0EAE308220AA8611C01F0FAFC55
:104B9000849908220CA8093101F0F4FC84990822B8
:104BA0000EA8113101F0EEFCD54C00252A4605A9CE
:104BB00020460FF035FC2A4610A920460FF00EFCC7
:104BC0009DF815009DF81610C0EB001001EB800059
:104BD0000390079818B9CB480069C0F30E000699F6
:104BE000814200D90146079A401A1AB9C549096994
:104BF000C1F30E0242F20F71904200D910460AB181
:104C0000914205D1884200E00DE215D9084613E033
:104C100003460020521C410842F210744FEA320051
:104C2000E3FB04014FF00003FBF7E4FB631E0022EB
:104C30001B1A8A4100D2601E04900AA90CA80BF02E
:104C4000A3FA09E0A5E223E2F5E138E268E2D4E361
:104C50000DE339E3FEE3FEE3B0EE40AA03A90EA89C
:104C60000BF092FAF0EE40AA0AA93AEE2A0A03A83B
:104C700020EE28BA0BF088FAF0EE409A0CA90EA8A4
:104C80000BF082FA79EEC09AF5EEC09AF1EE10FAC6
:104C900019DD19EE900A9C49884214DAB0EE4B0AED
:104CA0008E480BF05DF88C4890ED0F0AB5EEC00A07
:104CB000F1EE10FA04D9F4EEC09AF1EE10FA02D235
:104CC0003C30C0EC039AF5EEC09AF1EE10FA23DD09
:104CD000D7ED040A29EEA80AF5EEC00AF1EE10FAA3
:104CE00006D9D7ED040AF4EEC00AF1EE10FA01DDA0
:104CF00087ED040A97ED030AB5EEC00AF1EE10FA4B
:104D000097ED040A06D9D7ED030AF4EEC00AF1EED6
:104D100010FA02DD87ED030AB1E3D7ED030A9FED38
:104D20007B1A60EE810A9FED7A1A40EE010AC7ED08
:104D3000030AA4E3002008900422611C08A801F0E3
:104D400021FC74480899C0F8F8126D4C002203A9A0
:104D500020460FF065FB00220AA920460FF03EFB1B
:104D60009DF80D009DF80E10C0EB001001EB8004C3
:104D7000059919B963480069C0F30E010498884287
:104D800000D90846059A0B1A1AB95E480069C0F3A3
:104D90000E0242F20F70934200D913460AB19042BC
:104DA00003D1834214D8184612E00020521C410857
:104DB00042F210754FEA3200E3FB05014FF00003A9
:104DC000FBF718FB6B1E00221B1A8A4100D2681EDB
:104DD0000A21B0FBF1F004EB4401C1EBC41100EB7C
:104DE000C100089C4B4A210DC0F313050091C2F885
:104DF000FC52AD218DF80C108F218DF80D10CDF8DF
:104E00000E00DA208DF812008DF81300082203A995
:104E1000414800F0BAFC869806F05CFB00996018E7
:104E2000C0F31300281AB0F5002F02DDA0F58010A2
:104E300004E010F5002F01DA00F5801000EE100AF2
:104E40009FED361A244CF8EEC00AE08D80EE810A00
:104E5000002804F1800021D0D0ED110A9FED301A16
:104E600060EE890A40EE010AC0ED110A1A489FED72
:104E70002C1A8030D0ED110A70EE600A90ED120A03
:104E800020EE090A60EEA00A00EE810A80ED120A07
:104E90000BF056F9E08D401CE085F0E280ED110A40
:104EA00080ED128AE2E7FEF711F8E8E2002000E068
:104EB0000120FDF7A5FFE2E260780228EDD2AD21E6
:104EC0008DF8001093218DF801108DF80200C0EBD1
:104ED0000011144828E000009801002010A20020D2
:104EE00052544320534554204F4B0000455252200A
:104EF0003037303420463430204430300000000059
:104F0000A42B0120002800400000404052B87E3F02
:104F10000AD7A33B90B90020082D002000007A4456
:104F2000CDCCCC3D4006002000EB8100A0F26C50BF
:104F300000F500500168CDF803104168CDF8071066
:104F40008068CDF80B00DA208DF80F008DF8100086
:104F5000112207E588990020032903D36178A078FE
:104F600041EA0020FE4988850120887687E2607842
:104F700000B90120FA4908760120C8757FE20020B7
:104F800088990090022901D3647800E0FF24062963
:104F900005D3849904226846891C01F0F3FA20465F
:104FA0000099FCF7A7FC6AE28898022801D3607890
:104FB00000E0FF20FCF7D4FC61E28898022801D3CE
:104FC000607800E00020FCF767FC58E2FDF7C0FBCA
:104FD00055E28898022804D36078FF2801D06078D1
:104FE00003E00020FDF779FB0120FDF776FB46E2A8
:104FF000AD208DF800009D208DF80100D948018B6F
:10500000ADF80C10408BADF8080088B2ADF8020086
:10501000BDF80800ADF80400DA208DF806008DF820
:10502000070008229EE4607810B108F0C7F926E274
:1050300008F0EAF923E260780A2897D1D5F8E0026F
:1050400040F00400C5F8E00219E2647800201CB1C9
:10505000012C01D0022C89D1B6F89812012912D165
:10506000012C00D10220C0A10422096802918DF810
:105070000A0002A9BD480AF080F8BC4806F04AFBC5
:1050800002200DF0ABFA204609F01CFAA12079E0CD
:105090006078BA2887D1B6F8980201280DD1B4A05B
:1050A0000422006800906946B0480AF066F8AF48EC
:1050B00006F030FB02200DF091FAAB2062E0607840
:1050C000CA282CD1B6F8980201280DD1A9A0042233
:1050D000006800906946A5480AF04FF8A34806F01A
:1050E00019FB02200DF07AFAA349AC204860012098
:1050F0000DF074FAA14C206840F08040206014202C
:105100000DF06CFA9EA1A14815F0B6FA64200DF0DE
:1051100065FA206840F480402060FBF773FEAEE142
:105120006078DA286AD114216846FBF7EBFB684601
:1051300017F066F996A002220068059095A005A9CF
:1051400000680690869800F020FB12226946869837
:1051500000F01BFB022206A985E0B6F898020128A0
:105160000DD18DA003220068009069467F480AF0A7
:1051700004F87E4806F0CEFA02200DF02FFAFEF772
:105180002BF8AE207C49486001200DF027FA18F07A
:105190005BFDFF218C9183910120617800255629C8
:1051A00050D1A17833294DD109F0FCFA50B16946AC
:1051B0004FF4805011F0A2FC10F0FF00839003D058
:1051C00003203FE002203DE0012500206C466902FB
:1051D000225CFF2A13D00025FF224FF400712046E5
:1051E000FBF766FB69464FF4805012F09BFF10F00E
:1051F000FF008C9009D0042024E035E063E0401CDF
:105200008842E5D300208C901BE04FF40071684683
:10521000FBF778FB69464FF4805011F06FFC10F0FB
:10522000FF00839001D005200CE0012500206902D9
:10523000225CFF2A02D00025062003E0401C8842A1
:10524000F6D3002055A2D2E90012CDE980128DF8E4
:1052500002028C988DF8030283988DF804028DF871
:105260000552082280A9869800F08FFA04E109F01F
:1052700099FA40B38499002504228C958CA8491C86
:1052800001F080F9AD208DF80400BA208DF80500FA
:105290008C9801ACCDF80600A11D11F02FFC8DAA51
:1052A0004FF40071A01D8D950BF036FEADF80A028B
:1052B000DA208DF80C028DF80D0240F20A2201A9C5
:1052C0008698FDF7CDFDDAE009F06CFAF0B3849929
:1052D00000240422829482A8491C01F053F9849985
:1052E0004FF400752A466846491D01F04BF9849930
:1052F000ADF80042022280A801F2052101F042F936
:1053000083AA2946684683940BF006FEBDF8001276
:10531000884203D16946829812F004FF21A08CAB29
:1053200007C883E8070009228CA99CE76A464FF466
:105330000171869800F09EFA40B90098AD2100F8FE
:10534000011BF02100F8011B002400E084E0254649
:10535000CDF80000ADF80850849829E00CE1000079
:105360009801002038C300203CA1003E706F00204F
:105370003CABBA3E3CACCA3E0010014018080240AB
:105380003C504556454E3E00000000001C2F0120B9
:10539000ADDA0000DADA00003CAE3E00ADB8000045
:1053A0000000DADAADBB0000000000DADA0000002D
:1053B00000EB4401022202A8491C01F0E3F8BDF908
:1053C000080000EE100A5046B8EEC00A0BF0BCFD13
:1053D000BDEEC00A0098641C10EE101A00F8011B04
:1053E000090A00F8011B0090FF2CB3DDDA2100F858
:1053F000011B00F8011B00903BE002AA4FF4017171
:10540000869800F037FA38BB0298AD2100F8011BEE
:10541000F12100F8011B0024254602908498ADF884
:105420000C5000EB4401022203A8491C01F0AAF829
:10543000BDF90C0000EE100A5046B8EEC00A0BF0A1
:1054400083FDBDEEC00A029810EE101A00F8011B91
:10545000090A02E021E057E011E000F8011B641C9A
:105460000290FF2CDADDDA2100F8011B00F8011BA5
:105470000290869800F09EF9869806F02BF888AA8C
:1054800084A9869805F090FC00283EF4E9AE0DF55D
:10549000137DBDEC088BBDE8F08F6A464FF40171B7
:1054A000869800F0E7F90028E9D10098AD2100F8CE
:1054B000011BF22100F8011B009000244A482546F8
:1054C000CDF808008498ADF8105000EB440102229A
:1054D00004A8491C01F056F8BDF9100000EE100AAE
:1054E0000298B8EEC00A0BF02FFDBDEEC00A00987E
:1054F000641C10EE101A00F8011B090A00F8011BC9
:105500000090FF2CDEDD71E702AA4FF4017186984E
:1055100000F0B0F90028B2D10298AD2100F8011BCB
:10552000F32100F8011B029000243048254600902A
:105530008498ADF80C5000EB4401022203A8491CEA
:1055400001F020F8BDF90C0000EE100A0098B8EE4A
:10555000C00AB0EEC00A0BF0F7FCBDEEC00A02981C
:10556000641C10EE101A00F8011B090A00F8011B58
:105570000290FF2CDCDD76E702AA4FF401718698D9
:1055800000F078F900288FD10298AD2100F8011BB6
:10559000F42100F8011B02900024154825460090D4
:1055A0008498ADF8105000EB4401022204A8491C75
:1055B00000F0E8FFBDF9100000EE100A0098B8EE08
:1055C000C00AB0EEC00A0BF0BFFCBDEEC00A0298E4
:1055D000641C10EE101A00F8011B090A00F8011BE8
:1055E0000290FF2CDCDD3EE758100020301A00202E
:1055F000781D002070B500F58053D3F80C499CB39A
:10560000D3F8086900EB860505F58055D5F84C48B8
:1056100000EB460000F58050B0F8346811B1D5F8C1
:1056200004580D6002B11460D3F80819491C0C2904
:10563000D3F8081901D2491C00E00B39C3F8081946
:10564000D3F80C19491EC3F80C19B3F87C1821447F
:10565000A3F87C18B3F87C183144A3F87C18002117
:10566000A0F83418084670BDFFE74FF0FF30FAE7A6
:1056700030B500F58053D3F80C29A2B393F8FC2879
:105680000024C2B9D3F8082900EB820202F5805247
:10569000D2F80428C3F8F028D3F8082900EB8202D6
:1056A00002F58052D2F84C28C3F8F828C3F8F44821
:1056B000012283F8FC28D3F8F428D3F8F0581544D5
:1056C000521CC3F8F4282A780A70D3F8F418D3F8D7
:1056D000F828914205D383F8FC4800221146FFF7D1
:1056E00089FF002030BDFFE74FF0FF30FAE700F5FB
:1056F00080500021C0F8F41880F8FC180846704764
:1057000030B500F58053D3F80C594FF0FF340C2D11
:1057100039D2B3F87C58954235DBD3F8004900EB19
:10572000840404F58054C4F80418D3F8001900EB7D
:10573000810101F58051C1F84C28D3F800490021BE
:1057400000EB440000F58050A0F83418B3F87C0852
:10575000801AA3F87C08D3F80009401C0C28D3F861
:10576000000901D2401C00E00B38C3F80009D3F84F
:105770000C09401CC3F80C09D3F81009401CC3F8ED
:105780001009002030BD204630BDF8B514460D4646
:1057900006466A46214600F06DF810B14FF0FF3022
:1057A000F8BD224629460098FAF7C9FF304600F0B6
:1057B00001F8F8BDF0B500F5805191F8EC284FF0F4
:1057C000FF36BAB1D1F80C290C2A13D2D1F800490E
:1057D000D1F8E05800EB440303F580532A1A921ED7
:1057E000B3F8343892B2B1F87C78D1F8E8C89C4468
:1057F000674501D23046F0BD00EB840000F58050D3
:10580000C0F80458D1F8E848C0F84C48B1F87C0812
:10581000D1F8E8482344C01AA1F87C08D1F8E80878
:105820001044B0F5C05FD1F8E80801D3A2F5C0522A
:105830001044C1F80409D1F80009401C0C28D1F823
:10584000000901D2401C00E00B38C1F80009D1F872
:105850000C09401CC1F80C09D1F81009401CC1F812
:105860001009002081F8EC08C1F8E808C1F8E40844
:10587000F0BD00002DE9F04100F580549046D4F8C9
:10588000042986B093B2C3F5C05295B20022561EC9
:10589000B1F5C05F75DCD4F80C790C2F71D2A94238
:1058A00001DB2A460023B4F87C588F18BD4268DB20
:1058B00003449B1CC4F8E038C4F8E8180026C4F878
:1058C000E468012184F8EC18D4F8001900EB4101D8
:1058D00001F58051A1F83428D4F800192A4F00EBC3
:1058E000C10532466946384605F5C4550EF098FDA7
:1058F000324605A938460EF071FD9DF801109DF85D
:105900000200C1EB011100EB810028601F4F0298DB
:1059100010B93869C0F30E000199814200D90146DF
:10592000029B421A13B93869C0F30E0342F20F709A
:105930009A4200D91A460BB1984203D1824216D836
:10594000104614E017465A1C710842F2107C4FEAC8
:105950003200E7FB0C014FF00003FAF74BFD42F277
:105960000F7300221B1A8A4101D242F20F70686045
:10597000D4F8E0180020C8F8001006B0BDE8F081A7
:10598000FFE73046F9E70000A42B01200028004083
:1059900000F58050D0F8E428D0F8E8389A420AD2CE
:1059A000D0F8E428D0F8E0381344521CC0F8E428BA
:1059B000197000207047D0F8E418491CC0F8E418AA
:1059C0004FF0FF307047A0F21C7000F5005000212E
:1059D000017241600160016B491C01630020704746
:1059E00000F58050D0F8E818D0F8E408081A70479D
:1059F00010B500F58053D3F80C499CB1D3F8084991
:105A000000EB840404F58054D4F804480C60D3F807
:105A1000081900EB810000F58050D0F84C081060A8
:105A2000002010BD4FF0FF3010BD00F58050D0F8C1
:105A30000C09704710B5044641F61811FAF762FFD9
:105A400004F580544FF4C050A4F87C08002010BD29
:105A500010B5044810F063F8BDE81040024808F0A3
:105A6000FABF00001C2F0120706F002010B5044603
:105A700016F052FE2046FDF7C1F8FDF769FBFDF771
:105A800049F80F4805F035FF1CB10D4803F07EFBC7
:105A900007E00C48C16841F40051C160084805F0B6
:105AA00019FD09480068002808D0816B002905D03D
:105AB000BDE81040054A064809F040B810BD000096
:105AC000082D00200010014090B9002090B1002066
:105AD000706F002000BF704700BF70472DE9F04F86
:105AE000534986B003AD1CC98DE81C000EC985E87A
:105AF0000E004E4F002634464FF0FF3EF0B3D0F874
:105B000020C0BCF1000F3CD00023EA46A9464FF06C
:105B10000C0B5AF82310002201EB8108C8EBC111CD
:105B20000BEB810859F8221041444D1CBD420AD2AA
:105B30001CF801101CF8055001F07F0145EA012115
:105B400006EB5116641C521C032AEBD35B1C032B7F
:105B5000DFD39CB1B6FBF4F3A3F50072D117A0F824
:105B6000483002EB117190F84A2002EB21143149C0
:105B7000026DCD699A4208D26D1C00E001E0CD6152
:105B800016E0704606B0BDE8F08F2A4A466D92696D
:105B90009E4201D9521C0AE0002D01DC002500E0E4
:105BA0006D1ECD61002A01DC002200E0521E8A61D8
:105BB0000023FF2C03DDFF2280F84A2006E0002CA2
:105BC00002DA80F84A3001E080F84A40CA69202AA7
:105BD00006DD90F84B2002B1521E80F84B20CB61BD
:105BE0008A69202A07DD90F84B20032A00D0521C36
:105BF00080F84B208B6190F84D2090F84A30920746
:105C0000120E42EA032290F84B30017E03F00303A8
:105C100042EA031290F84C3001F0030103F0030351
:105C200042EA83020A4302830020ABE70C670200CA
:105C3000103102080C04002070B50168CA6C92F89B
:105C40005C30916D202202FA03F38B600368DB6CF9
:105C500093F85C40082303FA04F48C600468E46C55
:105C600094F85C50102404FA05F58D600568ED6C1D
:105C700095F85C60012505FA06F68E6001688E6C69
:105C8000B16D96F85C60B2408A600268926C92F8DE
:105C90005C2093408B600268926C92F85C20944088
:105CA0008C600068806C90F85C0085408D6070BDF1
:105CB00010B50021017101810221C18000F002F8BC
:105CC000002010BD10B504480EF0F5FD0348016832
:105CD00041F48021016010BD742C012018040240A1
:105CE0002DE9F04704460CF0EFFE616C401A1949AB
:105CF0004862204600F0ACFB204600F086FAA08BFC
:105D0000022101EB00154FF4F6704543CE1ECF0380
:105D10004FF6FF7816E02079C8B1E088052816D044
:105D2000BD4201D3404600E0284680B2814601468C
:105D3000204616F015FA207948B1E088052806D0EB
:105D4000A5EB0905002DE6D10020BDE8F08730461F
:105D5000FBE700000C0400202DE9F04186B004466A
:105D60000E46808A009001A9012000274FF0030809
:105D700081E881016946E0680CF0A6FDA18A002255
:105D8000E0680CF09CFE01200CF028FC002518E0D7
:105D9000A18A0122E0680CF092FE00BF00BF022041
:105DA00000BF401C0528FBDBA18A0022E0680CF044
:105DB00086FE00BF00BF022000BF401C0528FBDBA1
:105DC0006D1CB542E4D3A08A009001A9022081E8AD
:105DD0008101062004906946E0680CF075FD06B06C
:105DE000BDE8F0812DE9FC5F354D0446DDF830B0AB
:105DF000DDF838A06868984617468946401C6860F8
:105E00000026AE605FF0040045F82060401C0C28BE
:105E1000FAD3012000F074F826712681C4F80CB082
:105E2000C4F800900D98A082C4F810A00F98E082EA
:105E300000F04EF820680068016841F04001016000
:105E40000520A083E66239004FF0FF36216203D0BF
:105E50001C4A4046904504D2AE60E02000F050F865
:105E600009E0024604F1600019F0BDFD204600F093
:105E7000DBF838B1A860207940F008002071304686
:105E8000BDE8FC9F207910A140F001002071D1E90C
:105E90000001CDE90001206A00990160BDF80410FD
:105EA00081800220E0800021204619F0EDFC0121D4
:105EB000204619F0E9FC062000F022F80020DFE778
:105EC000F8C2002000710200434533324300000055
:105ED000094810B5016841F00401016032200CF05E
:105EE0007DFB0648006810B104480EF0E4FCBDE8F4
:105EF000104015F01DBF000018040240742C012052
:105F000010B5034C20600CF0DFFDE06010BD000018
:105F1000F8C200202DE9FC470446D0F8208000207C
:105F2000009001900520A08340F6DF20208342F6F8
:105F30006400608301212046FFF70EFF208B902133
:105F400041EAD0318DF80010C0098DF80100207EA3
:105F5000922140008DF80200608B4FF47A7641EA7E
:105F6000D0308DF80300608B3346C0098DF80400F3
:105F7000A07E032240008DF805006946204600F00F
:105F800093FA3346032220460DF1030100F08CFA08
:105F900001200CF023FB0A212046FFF7DDFE0C2137
:105FA0002046FFF7D9FE0320FFF7AAFF4FF4F6774C
:105FB0003A465521204600F0DBF94FF0FF3508B195
:105FC000E2200AE00420FFF79BFF4FF47672552190
:105FD000204600F0CDF928B1E320FFF791FF2846D5
:105FE000BDE8FC872046FFF77BFEB946DFF830A00E
:105FF00000254FF4A07753464A464146204600F01C
:1060000055F86D1CBD42F6DB33460C22054920468F
:1060100000F04CF80520FFF773FF0020E0E70000D8
:10602000A086010028C3002010B504460220FFF717
:1060300067FF204600F081F828B1E120FFF760FFFC
:106040004FF0FF3010BD2046FFF764FF10B16FF036
:10605000010010BD002084F84A00012084F84B00A4
:10606000022084F84C0084F84D004FF4B370606552
:1060700040F29920206598202083207F4FF40971F9
:1060800000F00F0041EAC02060832068C26C016804
:1060900012680C3191600168C06C0C31006881603D
:1060A000002010BD002070470020704770B51446D6
:1060B0000D46064600F0CCF9304600F0A6F806E0A2
:1060C0000021304616F014FA05F8010B641E002C6E
:1060D000F6D170BD70B516460D46044600F0B8F90D
:1060E000204600F092F8A6622046A563BDE8704005
:1060F00016F0C8B810B504460CF0E6FC616C401A06
:1061000008498862204600F0A3F9204600F07DF897
:10611000054A42F210732046216AFFF7DBFF002098
:1061200010BD00000C0400200C67020010B500F048
:10613000B9F8FFF7CFFC002010BDF0B587B00446DA
:10614000C08A029002200025CDE9030503200590B6
:106150000620069002A920690CF0B6FB00950520E8
:106160000195A08340F6DF20208342F6660060831D
:1061700001212046FFF7F0FD208B902141EAD0312C
:106180008DF80010C0098DF80100207E922140009A
:106190008DF80200608B6F4641EAD0308DF8030025
:1061A000608B4FF47A76C0098DF80400A07E400021
:1061B0008DF8050001212046FFF7CEFD334603226E
:1061C0006946204600F070F933460322F91C204648
:1061D00000F06AF96D1CFF2DECDD01200CF0FEF9DA
:1061E00007B00020F0BD10B5816A59B9016809688F
:1061F0004968C90703D0FFF71FFD002010BD032128
:1062000019F042FB4FF0FF3010BD08B500680021C7
:1062100002689160006802E0017B8DF800108168DF
:10622000C943C907F8D008BD7CB504460CF04CFC46
:1062300005460CF04FFC4FF47A7110FB01F0616CD5
:106240006564691AB0FBF1F0A06500200090019030
:10625000608B902120F002006083208B41EAD031D6
:106260008DF80010C0098DF80100207E92214000B9
:106270008DF80200608B41EAD0308DF80300608B0E
:10628000C0098DF80400A07E40008DF80500FFF7DE
:1062900023FC4FF47A7306226946204600F004F985
:1062A00000207CBD10B50279046822F0040202715E
:1062B000226842F21071536823F003035360E26CCA
:1062C0001268136823F001031360A26C126813684C
:1062D00023F0010313600268126800E000BF9368B6
:1062E0009B0701D4491EF9D221680A6822F04002B6
:1062F0000A60E16C09680A6822F484720A60A16C81
:1063000009680A6822F48C720A60FFF795FC20681D
:10631000016841F04001016010BD00002DE9F0412D
:1063200080460CF0D1FBD8F84410104C401A606243
:10633000404600F08DF84046FFF767FFE4684FF4F1
:106340008036771E04F570740AE0B44201D33846F3
:1063500000E0204685B22946404615F001FF641B47
:10636000002CF2D10020BDE8F08100000C040020D8
:106370002DE9F74F82B09346029800F069F8029831
:10638000FFF743FF00244CF25030ABF1010A2746DF
:10639000A04625462646A14600903CE000210298F2
:1063A00016F0A6F8002801DA09F10109C1B2B8F126
:1063B000000F05D041450CD04FF00008002409E043
:1063C000552903D0AA2901D00D46F7E788460124B4
:1063D00000E0641CBC4200D927463146009A761C76
:1063E000914218D91749C1F810B04E618F61C86148
:1063F0000298006800688068086213480068486274
:106400001148001D00688862C1F82C904FF0FF30E1
:1064100005B0BDE8F08F5445C0D30C49AA22FF2037
:106420004969002305EA0004944205D05208400857
:10643000491C5B1C082BF5DD0298FFF78DFC002042
:10644000E6E70000F8C20020100402400C0400201F
:1064500000B5017985B08A070CD521F002010171E0
:10646000C18A0091002101910221029100696946CF
:106470000CF02AFA05B000BD00B5017985B08A0795
:1064800010D441F002010171C18A009102210191F1
:1064900000210291032103910621049100696946BC
:1064A0000CF012FA05B000BD2DE9F04114460D467E
:1064B00007460668FFF7E0FF3846FFF7A6FE05E04F
:1064C0002978384616F014F8641E6D1C002CF7D19C
:1064D00030688168C943890701D500BFF9E7BDE885
:1064E000F08110B5B0F90610022902D00222C28054
:1064F00089B219F0C9F9002010BD4FF0FF3278B30E
:106500000021435CFF2B02D0435C402B31D2491C5D
:106510008029F6DBD0F8801002292AD8D0F88C1018
:10652000F1B1D0F88C10B1F5007F22D8D0F88410EA
:106530000A291ED2D0F888100A291AD2D0F8801061
:1065400021B1012904D0022913D10AE0007803E027
:106550000178FF290DD04078FF280AD0002070472D
:1065600007E00178FF2904D04178FF2901D0807825
:10657000F2E71046F3E708B1002070474FF0FF3014
:106580007047000004E000BF11F8013B00F8013B38
:10659000521EF9D27047B0F80402084201D0002020
:1065A00070474FF0FF30704770B586B002F016FBB1
:1065B000624C206A0EF02EFD60690EF02BFDE06942
:1065C0000EF028FDA0690EF025FD606A0EF022FD98
:1065D000A06A0EF01FFD206A0EF078FD60690EF0D3
:1065E00075FDE0690EF072FDA0690EF06FFD606A46
:1065F0000EF06CFDA06A0EF069FD51480CF080FCB5
:10660000012108024F4B4200CDE90201CDE90023F0
:106610004D4A4B494D4804F07BF810B94B4804F003
:10662000B7FA47480CF0ABFA45480CF053FF48481E
:10663000FFF73EFB47480EF03EF946480EF0B0F932
:1066400045480EF038F944480EF0AAF943480EF0D8
:1066500032F942480EF0A4F9414C002208212046AC
:106660000CF02DFA3F480EF026F93E480EF098F94E
:106670000122042120460CF022FA14216846FAF780
:1066800041F908200326CDE9000600256946029558
:1066900020460CF019F914216846FAF733F9042062
:1066A000CDE900066946029520460CF00DF92E480A
:1066B0000FF035FA2C480FF07FFA2C480FF02FFA24
:1066C0002A480FF079FA2A480BF0C6FC28480BF04C
:1066D0000BFD14216846FAF715F9F002CDE9000622
:1066E0006946029520460CF0EFF82248B0F898026F
:1066F000012801D116F05CF9A06940F40040A061C6
:10670000A06940F08070A0610E481830016841F027
:1067100080510160016841F48021016016480168E0
:1067200021F0010101601548A0F868511448016882
:1067300041F00051016006B070BD000040A600208D
:10674000502B0120000402400C30012018C2002010
:1067500038C300201C2C0120742C0120CC2C0120DB
:1067600000000240C42B0120D42E0120642F012000
:10677000082B0120709F0020780200207029002043
:106780001808024010B586B002F028FA14216846B5
:10679000FAF7B8F80420009001200190029003203D
:1067A000104C0390694620460CF08EF8A06940F02A
:1067B0000400A06115F0A2FF15F0D4FF16F084F8D4
:1067C00015F0DEFF08F032FDA06940F48070A06192
:1067D00064200BF003FF0448016841F4805101601C
:1067E00006B010BD000002401804024010B54FF47E
:1067F000807106480DF098FD05490020C8730548D2
:10680000016841F40051016010BD0000A42B01207B
:10681000980100201808024003490020C8704FF476
:10682000007102480DF080BD98010020A42B0120CA
:106830002DE9F0433048A1B0808B002858D02F4F6D
:10684000F86B002854D10120F8632D4E306A84097A
:1068500006F5A07090F8401119B190F84001042895
:1068600000D20420264DE946083584423CD904462E
:106870003AE07369306A402838D321494FF0400824
:106880004A6848694030904203D3B0FBF2FC0CFBED
:106890001200486105F1180050E8001FA1EB080143
:1068A00040E80012002AF7D1B06B4FEA090100EB73
:1068B000030C13484030806BC21800203CF81030A5
:1068C00021F81030401C2028F8DB002001EB400CA0
:1068D00032F81030401C5B00ACF840302028F5DB6B
:1068E00069460548FDF7F4F8641EC2D20020F8633B
:1068F00021B0BDE8F083000040060020180200200F
:1069000050B0002008490A6842F080520A600968C5
:1069100006490A6842F480720A60096804490860FE
:10692000BFF34F8F704700004038024000700040B6
:10693000842800400248006800F001007047000011
:10694000F0ED00E000B50D498BB00120C8730102E5
:106950008DF82000800707904FF0803005904FF0B1
:1069600070600690002009918DF8030002460190A6
:10697000694603480DF000FE0BB000BD98010020F1
:10698000A42B012030B58FB0054614216846F9F7D5
:10699000B9FF282105A8F9F7B5FF00244FF0004002
:1069A0000894CDE9094001208DF834000B940C9433
:1069B0002246694617480DF033FD9DF80100284432
:1069C000C0B28DF801003C2807D33C388DF8010097
:1069D0009DF80000401C8DF800009DF8000018286C
:1069E00001D38DF800409DF800008DF814009DF84B
:1069F00001008DF815009DF802008DF816004FF487
:106A000000700E90002205A902480DF0B5FD0FB0F0
:106A100030BD0000A42B01202DE9FF412B4C606B01
:106A2000C4F8B401206881B204F500600AF0FAF9F4
:106A300005F0B4FA04F69800054612F0CDF9A4F575
:106A400035604023416900F521604268CDE90021AD
:106A5000CDE9025300F14001826B8B6B1C491D484C
:106A600012F0DAF822680020CDE9000004F5006396
:106A70000146D3F804309C2700EBC00407EB8404E4
:106A8000DDE900561C59651941EB0604CDE90054B7
:106A9000401C0428F0DB104BE81A74F1000001D20E
:106AA000012100E0002144F62060824200D3002151
:106AB0000A4801F09FF80A4A04490A48FCF7D6FE42
:106AC00004B00848BDE8F041FDF760BA90B100207D
:106AD000CC2C01201C2C0120C0C62D0070290020C8
:106AE00090B50020400600202DE9F0436A48DFF809
:106AF000A491C3B00168B0F808808EB200F50067B9
:106B0000D7F8E00280077CD56448B0F8681119B165
:106B1000B0F86801012874D144F6206340220021B6
:106B20005F4819F083FD0021022016F08FF85D48C0
:106B300002F082FB09F06EFC06F078F9FFF76CFFBB
:106B40004FF4FA700BF04AFD554D0835284612F007
:106B50000DFD284612F04AF9842253496846F9F798
:106B600075FE00204FEA0D0205EB800191ED440A0D
:106B7000BCEEC00A10EE101AADF8841002EB400112
:106B8000BDF88430401C4B804028EDDB84226946F0
:106B900048460AF0EFF84449842284316846F9F700
:106BA00055FE00204FEA0D0105EB4002B2F810221D
:106BB000ADF8842001EB4002BDF88430401C5380C6
:106BC0004028F1DB8422694648460AF0D3F80024C5
:106BD00027E0802122A8F9F795FEA1B222AA284633
:106BE00012F050FD882231496846F9F72FFEADF8C2
:106BF0000240002022AA694632F81030ADF8083170
:106C000000E043E001EB4003BDF808C1401CA3F8DD
:106C100004C04028F0DB8622694648460AF0AAF8FC
:106C2000641C2878A042D4DC01F0A6FA484604F09F
:106C300071FD0BF049FF04461D4D04E00BF044FFCD
:106C4000001B0A2802D828684006F7D5334642467A
:106C50000021134819F0EAFCD7F8E00220F0020006
:106C6000C7F8E00218F038FE03F074FA00280DD1DE
:106C70000021084616F09CF816F080F9094802F049
:106C8000DBFA43B0BDE8F04309F0C4BB43B0BDE854
:106C9000F0830000082D002090B100207029002012
:106CA00090B900201C2F0120F81C0208001E0208C9
:106CB000001001400448016841F4C0610160BFF365
:106CC0004F8FBFF36F8F7047003C02402DE9F05F9C
:106CD0005FEA03080A9D92460F46064639D0002D0A
:106CE00037D0022E35D200242DE01B4800EB462081
:106CF000005DFF282DD0042C01D3002829D0834625
:106D0000B8F1000F1ED0EDB1B9F1080F1AD25946F3
:106D1000D34517D20A4601200021F9F7E2FBD8E952
:106D2000002302400B401A430CD1DFF830C00CF8AE
:106D300009B02A68521C2A60D8E9002302430B4399
:106D4000C8E90023641CBC4203D228688146082895
:106D5000CBD3BDE8F09F000090B50020A00200203A
:106D60000F490A6842F080520A6009680D490A68B2
:106D700042F480720A600A4A3032126812040DD559
:106D80000968C9050AD5084940F480700860BFF356
:106D90004F8F091F05480860BFF34F8F70470000F1
:106DA00040380240007000408C28004017FA32CE74
:106DB00070B50C46050021D04FF40071F9F7A2FD23
:106DC000FF2280212846F9F773FD2C70601C4028B3
:106DD000204600D2401C6870A01C402800D2A41C91
:106DE000AC70FF2005F8030F0020C5F87D00C5F842
:106DF0008100C5F885000120C5F8890070BD00003C
:106E00002DE9F04F8FB01746189D99468A46040029
:106E10007DD0BAF1000FFBD0002DF9D0B4F86C0092
:106E2000002874D140212846F9F76CFDB4F96C00B4
:106E300000EBC00004EB800090F890608030002EE2
:106E4000E6D0042E63D8017E8846B1425FD2026844
:106E50005245E6D157EA0901DAD0F905E1D104E05B
:106E600050F82120002AD3D0491C8E42F8D87F0A3E
:106E700047EAC9574FF0000A4FF0FF314FEA59294E
:106E8000324653460846F9F7B5FAC01B71EB0901C3
:106E90007ED3A6FB07230AFB073306FB09314346D3
:106EA00004928B46D21A71EB0A0130D31A46049B26
:106EB0004FF001099A1A6BEB0A01C5E9002100BFE6
:106EC000002109EBC900CDE90A1104EB8006A9F104
:106ED000010705EB8702D6F894000992D062D6F834
:106EE0009C000B46803688B3328CB2F100082DD05E
:106EF0008A46491E53460846F9F77CFA049A801AD6
:106F000071EB0B01C4D34046A0FB021C00E090E0F3
:106F10000AFB02C2D6F814C000FB0B206FEA0C0378
:106F20006FEA0A025B1A824132D31CEB01024AEB80
:106F300000080998510AC2F30802C2620120EA1946
:106F400041EAC8514FEA582382F8380004EB870021
:106F50004FF0FF38026F4FF0000C521843F1000061
:106F60009246B8EB02027CEB000C11D3DDF824C092
:106F7000CCF820A0D5E900C26FEA0C08CDF820C0FB
:106F80006FEA020CB8EB01087CEB030C00D300E0C5
:106F90009DE0DDF820C01CEB01015A41C5E900125B
:106FA000E91991F8381011B95AEA000104D0317C7E
:106FB000012943D13168E1B35AEA000161D04302AB
:106FC0004FF0000C0AA94FF400708DE803104FEA4F
:106FD0004A2243EADA5390469A466146306818F0EE
:106FE0000EFD00282ADBDDE90A01C20526D105EBEA
:106FF000C702C2E90201DDE90A01B0EB080271EB48
:107000000A0201D3002006E0B8EB00006AEB01029F
:10701000400A40EAC25009990862DDE90A01B8EB6A
:1070200000037AEB010205D2B0EB080061EB0A0124
:1070300002E003E000200146C20503D002200FB0A9
:10704000BDE8F08FD5E900C8420A42EAC1524B0AB6
:107050006FEA0C076FEA0806BF1A9E4137D31CEB94
:10706000020248EB0308C5E90028099AD36A002206
:10707000C61A914102D30998C26202E0191A09980E
:10708000C16209F10109B9F1030F7FF719AFE06897
:10709000B0F5004F1BD9D5E900120023D1F1FF351F
:1070A000934114D30023E6695F1ED6EB070663EB1A
:1070B0000305761A95410AD3E46CA0F5004084429A
:1070C00005D2001B63EB0303401A934101D2012058
:1070D000B5E70020B3E7000010B50446807CF0B1AE
:1070E00013480068C00720D10EF070FF002803DDB0
:1070F000204601F076FA18E003DA204601F07BFA28
:1071000013E00B48001D006878B9B4F86800C0F3BC
:107110000E01481C0A29F0D8A4F8680005E094F88C
:107120007C0010B90220A4F86801002010BD000006
:107130005864024070B51C461546062902D94FF026
:10714000FF3070BD01EBC10100EB8100002322463E
:107150002946803019F0CDFA002070BD38B51C46A4
:10716000049B1546062902D94FF0FF3038BD01EBCC
:10717000C101002200EB81000092224629468030A6
:1071800019F0C8FA002038BD2DE9FF47044650F831
:10719000808FD0F86C90A07C00287DD1B4F8680076
:1071A000000403D5032004B0BDE8F0870020CDE93A
:1071B0000200D8F81810D8F804000127654E002501
:1071C0004FF4007A814223D902AB52460021404657
:1071D000009518F0ACFC002819DD02AA41462046B3
:1071E00000F0BAF9012801D008BB02E084F8407031
:1071F00024E0D4E90E30DDE9021259185041C4E907
:107200000E1084F8407031617061377000E00EDB61
:10721000206F18B9606F08B9A06FC8B1012080460F
:107220000146204600F01BFC012807D058B184F825
:107230004070002000F094F80220B4E7072000F02E
:107240008FF80120AFE708F1010080460328E7DD51
:10725000414F387818B1B4F84C00C0043AD0E07C03
:10726000B8B3B4F96C0000EBC00004EB8000D0F8B8
:1072700080008069B0F5806F39D200204FEA0A01A2
:1072800000EBC00304EB8302D2F894208A422ED292
:10729000401C0628F4DB00E024E0B4F8600008B3EA
:1072A000002108464FEA010202EBC20704EB870304
:1072B000D3F89C3059186841521C062AF4DBD4F8E4
:1072C0005C21136844F62067BB4217D2D26AAAB980
:1072D0000FE029E00121204601F0DEFA18B102207A
:1072E00000F03EF833E03D70E06960622FE0F56049
:1072F00020E01A4A891A70F1000005D314270BF018
:10730000E3FBF16819B104E000270BF0DDFBF0604E
:107310001FB1F168401AB84219D3E07C10B110F0E7
:1073200029FCE574F56012E0F560D9F81800616E8B
:10733000884203D3204601F031FA08E0012104F528
:10734000B870FFF728F910B9204600F0A6FC00201D
:1073500029E7000010000020B301002080841E00F7
:107360002DE9F041DFF89481012708280ED008F1BB
:107370008005634CA96D491CA965B90208285DD236
:10738000DFE800F00D2F745C425C682603210122C7
:10739000084602F093FF88F81970BDE8F08194F870
:1073A0007D0020B9B4F85E0008B105F045FE20214B
:1073B000544806F077FE02220621042002F07EFFE8
:1073C00051A1564804F058F8544804F083F835E0C9
:1073D0004C4806F067FE01220721032002F06EFFF1
:1073E00002E0484806F05EFE4DA14C4804F044F827
:1073F0004A4804F06FF894F87D00F8B9B4F85E00DC
:10740000E0B105F019FE19E03C48E030016821F0D8
:10741000010101604FF480713A4806F043FE0222F8
:107420000121032002F04AFF40A13C4804F024F867
:107430003A4804F04FF8394804F06CF9A86D052873
:10744000ABDDE86D0028A8D13A4942F210723A4803
:10745000EF6518E04FF400612A4806F023FE02228F
:107460000421032002F02AFF34A1AAE74FF400719F
:10747000244806F017FE03210222084602F01EFFF0
:1074800031A19EE700BF83689B0701D4521EF9D249
:10749000426822F0020242602E4A136823F0010380
:1074A000136000E000BF1368DB0701D0491EF9D26A
:1074B00011684FF00006C90705D084F8407094F8B1
:1074C0007D0098B10FE0016821F040010160016882
:1074D00041F040010160A674E07C10B110F04AFB5D
:1074E000E67488F81970AE65EE6556E7B4F85E008C
:1074F0000028F8D005F0A0FDF5E700009801002075
:107500007029002090B10020455048595320425521
:1075100046464552204F565200000000082D0020DC
:10752000436172642046756C6C0000004E6F20430E
:1075300061726400A086010000300140534420467F
:107540006F726D6174000000436172642045727255
:107550006F720000586402402DE9F04FB9B0044644
:107560004FF00000CDE932000E465FEA02091046F6
:1075700003D000220260C9F80420CCB1C6B1E07C7F
:10758000002718B110F0F6FA90B9E774EFF3108500
:1075900072B6BB4632AB4FF4007200213046009702
:1075A00018F0C5FA002807DC05B962B6002800D03B
:1075B000022039B0BDE8F08F0DF10808CDF8008049
:1075C000DDE9322331462046FFF71AFC18B1002DC1
:1075D000EFD162B6EDE71296306B0DF1480A716B90
:1075E000CDE91401F0681690B06917903068012752
:1075F0001890384600EBC001421E04EB810108EBF5
:10760000C203D1F88010D3E902231A431ED000220E
:1076100053460AE003EB421CDCF800C08C4503D162
:10762000002DC5D162B6C3E7521CBA42F2D303EBB8
:10763000471211600B6BD1F834C0C2E9023CCB6831
:1076400013618B69536109687F1C9161401C032899
:10765000D0DDDDE932230021304618F06BF998B90E
:107660005FF00106711E08EBC10106EBC600D1E90F
:10767000022304EB8000803052EA030107D0006847
:10768000002118F057F910B1002053465EE0761C37
:10769000032EE7DD012046464FEA0B0200EBC00156
:1076A00004EB8103411E06EB810704EB8108D7F848
:1076B00020C0C8F870C0FF6A3144C3F8947091F8D4
:1076C0003810803309B11A765A76401C0328E5DD5C
:1076D000B4F96C0000EBC00004EB800080F8982047
:1076E000B4F96C0000EBC00004EB800080F8992036
:1076F000E06C02990844E064E169029B1944E1618D
:1077000060614FF0FF30A4F86A00A261A4F85C2029
:107710000220A4F86801B9F1000004D0DDE93212BA
:107720000160C9F8042005B962B6002041E700BF36
:1077300003EB4011D1E902460A68146356630C69F1
:10774000D4604C69946189691160401CB842EFD3E0
:1077500066E710B5038A8B420ED33F23491E91FB87
:10776000F3F403FB1411D0F86001042303EB81014F
:1077700040581060002010BD4FF0FF3010BD2DE9C3
:10778000FC470446DDE90A89B0F85E001F4616464C
:107790000D4618B14FF0FF30BDE8FC87204600F0E1
:1077A00083F81120C4F86C5160604FF40050A06061
:1077B0000025E562E56125626563E060C4E90E5578
:1077C00004F5AE7080E8C00184F84050A565A5744A
:1077D000A56184F87C50204600F01DFF204600F093
:1077E00077F800F041F80EB1706B08B940F2E24052
:1077F000A4F848000220A4F86A01C4F87053A4F861
:107800007453B4F86010204600F0F4F90020CDE97C
:10781000000000EBC00104EB8101DDE90032D1F88A
:107820009C10CB1845EB0201CDE90031401C042827
:10783000EFDB18461021A1FB0067002202FB00705D
:10784000019B01FB0300810241EA9650401C4FEA74
:107850004030A062B9F1000F04D00520A4F85C000C
:10786000A4F86851002097E710B50C48FBF784FC9A
:107870000A483321A0F84811094991F89B12A0F851
:107880004A1100F598710748C26E4A63B0F870005B
:107890000887BDE81040FFF7BFB8000090B1002096
:1078A000085D0020885F0020704710B5044600F096
:1078B00019FA38B10020A4F868010220A4F86A017E
:1078C000C01E10BD2046BDE8104000F095BB000072
:1078D0002DE9F047044600F0ADF907F013FC4FF432
:1078E000007950B91120D4F85C110FF007F920B1DC
:1078F0004946D4F85C0106F0D5FBD4F85C0101F0F0
:10790000DBF8D4F85C113320A1F848011220D4F838
:1079100064110FF0F3F84FF4803A48B10021D4F825
:107920006401FFF745FA5146D4F85C0106F0BAFB52
:107930000021D4F8640101F06AF8D4F8641113202E
:1079400001F500710FF0DAF858B1D4F86401202184
:1079500000F50070FFF72CFA5146D4F85C0106F0F0
:10796000A1FBD4F86401202100F5007001F04FF86C
:10797000D4E9028700252E46A4F8105005F18000B6
:10798000D4F860110FF0BAF848B14946D4F85C0158
:1079900006F088FB4946D4F86001F8F7B3FFD4F845
:1079A000600100683F2809D95146D4F85C0106F00F
:1079B00079FB4946D4F86001F8F7A4FFD4F86001D8
:1079C000218A026811442182016871B10168042290
:1079D000491E02EB810250F802804FF4807202EBE4
:1079E00081014158012621F0004701683F2904D058
:1079F00080216165016889B117E0681CB0F5786F76
:107A00000AD35146D4F85C0106F04CFB4946D4F841
:107A10006001F8F777FF08E06D1CAFE72EB1C0F802
:107A2000FC80D4F86001C0F8F871D4F85C11D4F887
:107A30006C010EF053FED4F85C01D0F8101131B196
:107A4000D0F81011D0F81001A0F50040E06000F06F
:107A5000C0F8204600F0DFFD0020BDE8F0872DE9EA
:107A6000F04F87B0040051D001294FDB03294DDCD2
:107A700001EBC100491E04EB810B04EB8005DBF830
:107A800070008035002842D0287C01283ED128682B
:107A9000E0B3EFF3108872B60020DBF8701004AE8C
:107AA000CB0D4A024FF400710091CDE9016092467E
:107AB00099460021286817F0A2FF002803DBDDE9C2
:107AC0000401C20504D0B8F1000F1FD162B61DE059
:107AD000BAEB000379EB010204D2B0EB0A0061EBD0
:107AE000090101E000200146460ACDE9000146EA0D
:107AF000C1564F0A56EA07000FD0E07C68B1B8F1D2
:107B0000000F00D162B610F035F818B1022007B0AE
:107B1000BDE8F08F0020E074BBE756EA07001FD0F5
:107B2000E068B0F5004F15D9E3694FF0FF3C002144
:107B3000D3EB0C0361EB01029B1BBA410AD3E26C4D
:107B4000A0F50040824205D2801A61EB0101801B42
:107B5000B94105D2B8F1000F00D162B60120D6E7D5
:107B6000DDE904230021286817F0E4FE0028AAD1EB
:107B7000DDE90410B1EB0A0270EB090201D3002029
:107B800006E0BAEB010169EB0002480A40EAC25084
:107B9000CBF8700056EA070015D0E06C3044E06482
:107BA000E1693144E1616061DDE900316869002229
:107BB0001B1A914101D36A6102E00099401A686181
:107BC000012084F84000B8F1000F00D162B6002017
:107BD0009DE717F081BE10B5B0F85E2000210AB114
:107BE000A0F85E1081610521A0F85C1000F0C4FAD5
:107BF000002010BD10B5044689B10120A4F8600032
:107C0000D4F8EC00406819F001F99FED081B53EC23
:107C1000112B19F091F919F0B5F8606610BD00202C
:107C2000A4F860004FF48060F7E700009A999999F2
:107C30009999E93F10B5074CD4F8DC02000708D544
:107C4000054800F05DF8D4F8DC0220F00800C4F824
:107C5000DC0210BD90B9002070290020FAF762BE46
:107C600070B5040016D0E07C002510B10FF082FF43
:107C7000E574A574A561606B401C6063A4F85C505A
:107C800094F87C0038B9B4F86801042803D00220C5
:107C9000A4F8680170BD0420FAE710B50446C07C62
:107CA00018B10FF067FF0020E07404F5B871D4F844
:107CB00070030EF023FF0220A4F87403002010BD0F
:107CC00010B5FBF713FB05F0B1F80548C06A18B111
:107CD000BDE81040FBF7EEBAFBF7ECFA002010BD50
:107CE00090B1002010B50446FFF7EAFF002805D048
:107CF0000021A4F868110221A4F86A1110BD000047
:107D00002DE9F0410746002407F0FCF9651E68B92B
:107D100000261120D7F85C1110F004FA30B1022EC1
:107D200000D12C46761CF6B2032EF2D30026122088
:107D3000D7F8641110F0F6F930B1022E00D12C46BC
:107D4000761CF6B2032EF2D30026D7F86411132066
:107D500001F5007110F0E6F930B1022E00D12C4689
:107D6000761CF6B2032EF0D300260749202010F02F
:107D7000D9F930B1022E00D12C46761CF6B2032E72
:107D8000F3D32046BDE8F08110A200202DE9F04396
:107D90001E4885B00178002934D01D49B1F8B012D1
:107DA000C9062FD51B4F41F60C11C959082929D2F4
:107DB0000569804646694F208DF800000024E94699
:107DC000C4F10F00820028463146F8F79DFB00F011
:107DD0000F000A2801D2303000E0373009EB0401EF
:107DE000641C4870102CEBDB00248DF811406946B0
:107DF000384603F041FB002804D1384603F06AFB03
:107E000088F8004005B0BDE8F083000010000020B5
:107E1000085D0020082D00202DE9FF5F68480168FB
:107E200041F000510160674D4FF0010B002685F8CD
:107E300008B0654C04F1140007C812F0F9FA634861
:107E4000F9F760FA04F0A8FF614F206AB046A8B1C4
:107E5000006898B1C0F82480206A0068016921F0A8
:107E600001010161206A08F0C7FAB7F898020128F9
:107E700004D0206A0DF088FA00B10126687C38B180
:107E8000B7F89802012803D104F022FF00B10126BF
:107E900004F082FF4F496269A1F6D8104FF0400C00
:107EA0004368A246CDF80CC00093CDE9012100F152
:107EB0004001826B8B6B4849484810F0ADFE484941
:107EC000D1E90301CDE90001EFF3108972B6002476
:107ED00000215DF8240017F09BFE641C022CF7D3F0
:107EE000B9F1000F00D162B65EB9687C48B1B7F84D
:107EF0009802012805D105F01BFA10B185F8088019
:107F00002AE085F808803EBB0AF11400544607C8F1
:107F100012F050FA00BB3348006B18B12B48F9F748
:107F20004DF9C8B9206AD8B10068C8B1B7F898024D
:107F3000012815D12748983814F0FEFB60B9206A53
:107F400008F05AFA618E206A0DF0E2FC00B10126B9
:107F5000206A08F051FA1EB1BDE8FF5F04F058BE78
:107F6000687CA8B9204900220C4620480CF058FA39
:107F70001D49002214311D480CF030FA1C4800F550
:107F80001861896AC161142221462030F8F75EFC2D
:107F9000104C983CC4F8F4820A491648803104F524
:107FA0003874C1F81C8085F809B0FBF7EFFF04F0C6
:107FB000E7FE206840F010002060BDE8FF9F000051
:107FC000180802409801002040A6002090C200201E
:107FD000709F002028BA0020CC2C01201C2C0120EE
:107FE0009C1C020890B1002054BC0020A42B01204E
:107FF000C0B20020400600202DE9F0470446B0F84A
:108000005E004FF0FF3A012845D006F0C3FB012780
:108010004FF00208F0B30020C4E90E00064684F8D1
:108020004000024602EBC20004EB8000803018F0F2
:108030007DFB521C062AF5DB5FF0000004EB80019B
:10804000401C0E670328F9DBFFF708FE208A4FF07B
:108050003F09401E494690FBF1F290FBF9FCD4F831
:10806000605109FB1C0104D2A068E064E06820654F
:108070000EE005EB81035868E064D3F8003123F08B
:108080000043236541F6FF7318446FF30C00E0646E
:1080900031B111E002E05046BDE8F087042054E021
:1080A0002E60E06C6860206DC5F80001606D2946A7
:1080B000104400F04BFDE8BBA665208A4A46401CF0
:1080C00080B22082401E90FBF2F190FBF9F309FB95
:1080D0001300421C2A603E2806D1606D491C0844EA
:1080E000234900F033FD28BBD4F85C0100F5A871EA
:1080F000081F04F085FE78B9D4F85C1100221D48F1
:1081000001F5A8710CF08CF9D4F85C110022194823
:1081100001F5A6710CF062F9D4F85C11E06C00F086
:1081200015FD38B9E06CD4F86411401C00F00EFD68
:1081300000B900E008E0E06CD4F86411801C01F59F
:10814000007100F003FD38B10220FFF709F9A4F82F
:108150006871A4F86A819EE754F84C0F00F500504E
:10816000206067822682FFF757FE002094E7000018
:108170008C1A0208A42B01202DE9F047374C384E09
:10818000206A38B1016829B1B6F89812012914D0D3
:108190000DF076F904F1140007C812F049F93148DE
:1081A000F9F7B0F8304D0027EF742F756F722FA1DB
:1081B000314803F061F948B112E00DF061F9618EC8
:1081C000206A0DF009FC14F0F3FBE3E72A4803F002
:1081D00081F9401C04D019212748FAF76BFF20B120
:1081E00001220221062002F069F86879DFF88C90FC
:1081F00009F5006888B16F71494611200EF07EFCC8
:1082000020B14FF40071484605F04CFF98F8F01289
:1082100089F8B3113321A9F84811FEF7C5F9B6F86A
:108220009802022802D0012802D003E0144800E09E
:108230001448A063D8F8000068B1816B59B1D6F832
:108240003402884202D0104802F05DFD0E48C6F8A4
:108250009C9206F013FC2F72BDE8F08740A6002028
:10826000709F002090C2002098010020526563207A
:1082700053746F7000000000082D002090B10020A2
:10828000642F0120D42E0120706F00202DE9F05FB3
:108290000446012084F87C004FF00008DFF824B188
:1082A00046464746DFF820A1ABF1040945464EE0BB
:1082B000D9F80000C00713D10DF088FE002803DDB7
:1082C000204600F08EF942E002DBDBF8000038B116
:1082D000B4F8680040F40040A4F86800A57434E0E5
:1082E00008F10108D04532D9384A42F210713848B5
:1082F00000E000BF83689B0701D4491EF9D24168A2
:1083000021F002014160D9F80030494623F0010311
:10831000C9F8003000E000BF0B68DB0701D0521E37
:10832000F9D20968C90701D0012707E0016821F0E7
:1083300040010160016841F040010160A574B4F89A
:10834000680040F40040A4F86800012602E0A07C28
:108350000028ADD1B4F86800000403D50126E57407
:10836000A5610BE056B9A06940B12046D4F834802D
:1083700000F040F8616B414500D00126E07C28B157
:1083800017B90FF0F7FB00B10126E5740027A561CE
:1083900046B90021204600F07FFA78B17F1CFFB279
:1083A000032FF6D30220FEF7DBFF00BF84F87C50DA
:1083B0000320A4F86A010020BDE8F09F2046FFF7E3
:1083C0009FFCF3E75C64024080841E00A0860100ED
:1083D0000030014010B5002181748161C174426B8D
:1083E000521C4263A0F85C100820FEF7B9FF002081
:1083F00010BD00002DE9F0418669044606B901264A
:108400000025A574E168E06C884205D30520A4F836
:108410005C000720FEF7A4FF0FF018FE0028E07CA8
:1084200009D010B10FF0A6FBE5742046FFF718FC49
:108430000020BDE8F081012802D16069304460610C
:10844000B4F96A00401C60D0B4F86A000428B4F99A
:108450006A0000EBC00035D004EB800191F8902059
:108460008031012A52D0087E521E904272D10D7680
:1084700008684FF400724768C36803F50073BB4295
:1084800003D3B3FBF7FC0CFB1733C360036BD0F8CB
:1084900034C04FF40077DF194CF1000307634363E6
:1084A00010F1180050E8003F9B1A40E80037002FF9
:1084B000F8D1B4F96A00B4F96C20904271D1B4F9E2
:1084C0006C0069E004EB80007102D0F88000436822
:1084D000C2680A449A4203D3B2FBF3F707FB1322A4
:1084E000C260036B426B5B186A41036342631830DE
:1084F00050E8002F521A40E80023002BF8D1206AE0
:1085000030442062206D3044206557E008687202D4
:108510004768C3681344BB4203D3B3FBF7FC0CFBAF
:108520001733C360076B436BBF186B41076343632B
:1085300010F1180050E8003F9B1A40E80037002F68
:10854000F8D1B4F96A00B4F96C20904212D1B4F9B0
:108550006C000BE02AE000BF00EBC00104EB8101DE
:1085600051F8942F8B8903FB06220A60401C0628D1
:10857000F2DB1DE04869724200EB422014E000BFCC
:1085800000EBC00204EB820291F810C052F8943F55
:10859000978907FB0C331360401C0628F0DB07E0CB
:1085A000FFE74869A0F50070486101E0401C0876CB
:1085B000E0693044E061E06C3044E064A561A4F817
:1085C0005C50B4F8680104283FF432AFA07C002866
:1085D0007FF42EAF0220A4F868012046FEF7D4FDF8
:1085E00026E70021817490F87C10002902D1032134
:1085F000A0F86A117047B0F8681041F40041A0F883
:1086000068100021817490F87C10002902D10421A7
:10861000A0F86A1170472DE9F041002506462C4666
:10862000A84604EBC40006EB8007D7F89C0070B1A5
:1086300015B90546A6F86C40D7F89C002A46C10D2E
:1086400040020023F7F7D6FEA7F8A00001E0A7F844
:10865000A080D6F85C1104F2D5100C54D6F85C2139
:1086600004F5F57197F8A0005054641C062CD8DB73
:10867000D6F85C11062081F8D401D6F85C110220EE
:1086800081F8B801BDE8F0812DE9F0410446C07CD5
:1086900017460E46002510B10FF06CFAE5746661BE
:1086A0000120A061A074394630460FF03BFDA5744F
:1086B000A56118B14FF0FF30BDE8F0810320A4F8A8
:1086C0006A010020F8E72DE9FF5F0F46044613B169
:1086D0001D46012B00D901250026A4F86860E07C26
:1086E0004FF003094FF0FF3B4FF001084BB14FF43F
:1086F000800AF8B16069B8421CD1E06CC10415D0A1
:1087000030E010B10FF036FAE6746761C4F81880F3
:1087100084F81280A4F86891384602990FF0CEFFD1
:1087200000281AD0C01C34D0A66115E0616C401A34
:10873000504517D3E07C10B10FF01CFAE674B4F882
:10874000600018B950460DF003FF20B93846676441
:108750000FF0ECFA20B1A674584604B0BDE8F09FC3
:1087600084F813806761A56184F81280B4F8680109
:10877000022801D1A4F868914FF6FF7000EA452164
:10878000029810F091F9C11C03D00028E5D0A66131
:10879000E1E72046FFF72FFF0020DEE72DE9F0415B
:1087A000044600F180020020B4F96C10012501EBB1
:1087B000C10102EB81016E020B7C012B0BD90B7EF8
:1087C0004BB108688069B0424AD3B4F86C00A4F891
:1087D0006A0008462AE000210B4608E000234F1EED
:1087E000022F04D804EB8103DB6E03B1012301EBFC
:1087F000C10702EB87077F69B74200D35BB3491C0F
:108800000629EBDB95B1B4F96C0000EBC00052F81F
:1088100020008069B04223D3B4F86C00A4F86A0049
:10882000B4F96A0000EBC00002EB8000E268E16C82
:10883000A2F50042914229D2027E037C50F8222008
:10884000012B10D9B4F96A30B4F96C50AB420AD19B
:108850000068C06808E0A4F86A1001EBC100E3E713
:108860000320BDE8F081D0680123A4F85C30926B4E
:1088700002442046FFF727FF0028F2D02046FFF7EA
:10888000EFF90220FEF76CFD0220EAE70720FEF771
:1088900067FD0120E5E700002DE9F05F4FF0030AD6
:1088A0008B460446A0F85CA0C76939484668DFF8E3
:1088B000E490D9F80410D9F80800A7EB0108351A9C
:1088C0001BD014F05BFB00EE108ADFED330A334857
:1088D000B8EE400A20EE200A00EE905AB8EE601A78
:1088E000D0ED000AF8EE601AC1EE210A80EE201ADF
:1088F0009FED2B0A21EE000A01E09FED2A0A84ED8C
:108900000C0AC9E90176E07C18B10FF033F90020B8
:10891000E074218A3F22491E91FBF2F391FBF2F0B1
:1089200002FB1313E16C41F6FF750D4494F87C6073
:10893000D4F860216FF30C0506B1E56402EB830205
:108940005160216D94F8403021F000410BB14FF09F
:1089500000431943C2F800114FF0FF35A4F86A50E4
:10896000A4F85CA0616DD4F860210144BBF1000F54
:108970004FF00003204602D0FFF7A5FE01E0FFF70D
:1089800083FE401C02D00020BDE8F09F2846FBE794
:10899000001000E010000020000000443806002015
:1089A000000080350000000070B5044690F87D009E
:1089B0000225F0B1B4F8680104281AD0002084F828
:1089C0007D00A4F86A510521204617F0D9F9EFF38C
:1089D0000580D0B9B4F86801042816D194F87C0059
:1089E00098B9B4F86A0103280FD1A4F86A51032199
:1089F00008E0B4F96A01022803D0A4F86A5181B2F0
:108A000000E00221204617F0BBF9002070BD70B5D0
:108A10000D4604004FD0E0780123FF22002130B939
:108A20000420265C1EB9401C8028FAD3E270002086
:108A3000265CFF2E03D0265C402E00D32254401C1F
:108A40008028F5D3D4F88000022801D9C4F880101A
:108A5000D4F884000A2801D3C4F88410D4F888001C
:108A60000A2801D3C4F88810D4F88C0020B1D4F8B7
:108A70008C00B0F5007F01D9C4F88C30D4F88000A8
:108A8000401CC2B2002009E0215CFF2905D1291851
:108A9000C9B2402900D329462154401C9042F3D347
:108AA0002046FDF72AFD002805D029462046BDE8CE
:108AB0007040FEF77DB970BD10B5002842D0036844
:108AC00044F620620021934200D90160836A9342F8
:108AD00001D903688362C36A102B00D9C162036B9A
:108AE000194CA34200D90163436B934202D940F26F
:108AF000E2424263826A002A026801D012B103E0B6
:108B0000826201E0826A0260D0F8A420042A01D9BE
:108B1000C0F8A410D0F8A020012A01D9C0F8A010F4
:108B2000D0F81821120607D5D0F8181101F07F01EE
:108B3000102907D3802103E0D0F81821402A01D35F
:108B4000C0F8181110BD00000071020070B50D468C
:108B500006460024294630460FF0E4FA002805D0E6
:108B6000641CE4B2032CF5D34FF0FF3070BD00005D
:108B700070B5134E0446002535B1012D0CD0022DE1
:108B80000ED0032D13D116E094F8EC224FF40051CF
:108B90000C4806F0EBFB012594F8ED22102103E0D0
:108BA00094F8EE224FF40071304606F0DFFB6D1CA6
:108BB000042DE1DB70BD94F8EF224FF48061F3E700
:108BC00000000240000802400348406B002801D129
:108BD00040F2E2407047000090B1002010B54FF025
:108BE000E0200169C90701D0406910B902200AF0EC
:108BF00017FDBDE810400BF057BE70B5D0F85834E3
:108C000073B3D0F8544400EB8405D5F8103400EB6E
:108C10004406B6F80C4411B1D5F804540D6002B105
:108C20001360D0F85414491C0229D0F8541401D20E
:108C3000491C00E0491EC0F85414D0F85814491ECD
:108C4000C0F85814B0F818141944A0F81814B0F863
:108C500018142144A0F818140020A6F80C0470BDC4
:108C6000FFE74FF0FF30FAE77CB50446D0F8580430
:108C70000E46A0B394F84804002578B96A4601A9C5
:108C8000204600F006F90198C4F83C040098C4F8A6
:108C90004404C4F84054012084F84804D4F8400443
:108CA000D4F8441488421BD2D4F84004D4F83C14BD
:108CB0000144401CC4F8400408783070D4F84004E3
:108CC000D4F84414884208D384F84854C4F8405473
:108CD000002211462046FFF790FF00207CBDFFE7F1
:108CE0004FF0FF30FAE710B5044600221146204647
:108CF000FFF783FF0028F8D0002010BDF8B5144618
:108D00000D4606466A46214600F068F810B14FF05D
:108D1000FF30F8BD224629460098F7F710FD30468F
:108D200000F001F8F8BDF0B590F838144FF0FF35B9
:108D3000B1B1D0F85814022912D2D0F84C34D0F87E
:108D40002C4400EB4302211A891EB2F80C2489B28C
:108D5000B0F81864D0F834741744BFB2BE4201D2E0
:108D60002846F0BD00EB8303C3F80444D0F8344434
:108D7000C3F81044B0F81834D0F8344422449A1A96
:108D8000A0F81824D0F834240A44B2F5806FD0F843
:108D9000342401D3A1F580611144C0F85014D0F8F7
:108DA0004C14491C0229D0F84C1401D2491C00E093
:108DB000491EC0F84C14D0F85814491CC0F8581477
:108DC000D0F85C14491CC0F85C14002180F83814F9
:108DD000C0F83414C0F830140846F0BDF0B5D0F82F
:108DE00050349CB2C4F580639DB200235E1EB1F581
:108DF000806F25DCD0F85874022F21D28FB2AF4299
:108E000001D32B460024B0F81854CF18BFB2BD428E
:108E100016D30444A41CC0F82C44C0F83414002118
:108E2000C0F83014012180F83814D0F84C1400EB4D
:108E30004101A1F80C34D0F82C0410600020F0BDE2
:108E40003046F0BDD0F83024D0F834349A420AD2FB
:108E5000D0F83024D0F82C341344521CC0F83024FD
:108E6000197000207047D0F83014491CC0F8301435
:108E70004FF0FF307047002180F83814C0F83414E8
:108E8000C0F83014D0F86014491CC0F860140020F9
:108E90007047D0F858347BB1D0F8543400EB8303DA
:108EA000D3F804340B60D0F8541400EB8100D0F8F0
:108EB00010041060002070474FF0FF30704710B56D
:108EC000044640F26441F7F71DFD4FF48060A4F8BA
:108ED0001804002010BD00002DE9F84343F29871FA
:108EE00000F540544518D4F830024FF0FF36C16801
:108EF000890679D50068800676D509F0E5FD8046BB
:108F0000D4F83002016821F020010160D4F8300269
:108F10004068C7B2D4F83802DFF8D490800554D541
:108F2000D9F81410A8EB0100B0F5FA7F08D928464B
:108F3000FFF7A1FFD4F8380220F40071C4F838120A
:108F400095F8380428B96A464FF400712846FFF7AF
:108F500045FFD5F83404D5F8301488420BD528469F
:108F6000FFF789FFD4F8380220F40070C4F8380203
:108F70006FF0010636E03E2F06D039462846FFF74F
:108F800061FF401C17D02DE0D5F83004C5F834043B
:108F90002846FFF7C8FE2846FFF76DFFD4F83802D1
:108FA00020F40071C4F83812B4F8B00240F48060C4
:108FB000A4F8B00215E02846FFF75DFFD4F83802A8
:108FC00020F40070C4F838020CE03C2F0AD1D4F829
:108FD000380240F40070C4F8380209F075FDC9F891
:108FE00014000026C9F814803046BDE8F88300005C
:108FF0007801002008B54FF0FF31009100F5405195
:109000000A46D1F83012CB689B060CD50B689B063C
:1090100009D50B6823F020030B60D2F830124968A1
:10902000C9B201F059FF009808BD00002DE9FF47C3
:10903000064641F61810371843F24820DFF84891E9
:109040004FF0000806F54055341863E04FF0000A71
:1090500009F03AFDD9E90623811A78EB0300CDE93E
:10906000021006D508460399401E41F10001CDE9E2
:109070000201DDE9022141F2883300209A1A884179
:1090800001DA4FF0010A41F6EC00C05D48B99DF8E5
:10909000000001F0A3FD011E06DD01AA3846FCF721
:1090A000E9FBBAF1000F09D03846FCF78CFCD5F883
:1090B000380220F40070C5F8380227E09DF800104F
:1090C0003846FCF765FC401C24D19DF800003E2882
:1090D00009D03846FCF777FCD5F8380220F4007048
:1090E000C5F8380216E0304601F063FED5F83802C4
:1090F00020F40070C5F83802B5F8B00240F0100056
:10910000A5F8B002304600F0C5F803E09DF8000075
:109110003C282BD0A169204689B34168C368826B83
:10912000D25C8DF80020C268521CC260C2688A42BC
:1091300002D3C268511AC160026B0121436B521CF9
:10914000C44643F100030263436304F1180000BF07
:1091500050E8002F521A40E80023002BF8D143F2C8
:109160003820E04680598005D0D56FE709F0ACFC87
:10917000C9E90608D5F8380240F40070B0E7FFE707
:1091800004B00020BDE8F0877801002008490A6893
:1091900042F480420A600A6842F000420A600549CF
:1091A000CA6842F40052CA6080224A6002F092B952
:1091B000180802400010014018B5044643F234314B
:1091C000621804F540544FF0FF30D4F83012CB68E9
:1091D0001B0613D50B681B0610D5D2F858040028BF
:1091E00014DD69461046FFF73FFD0028D4F8300231
:1091F00005D0C16821F08001C160002018BD016860
:109200000906FCD59DF800104160F6E7C86820F01B
:109210008000C860F1E700F54050D0F83002C16826
:1092200042F288021143C160704702F053B910B591
:1092300002F03DFA002010BD70B5050020D01149A4
:10924000286888421CD1104EF068002818D00F49B9
:109250006860C1F8B40200F011FE040002D10AF007
:10926000BBFD0446F16800F0B7FDA0F110014FF618
:10927000EF72914204D829688860054908618C61C1
:1092800070BD00000010014078010020085D002042
:10929000E82C0020022006F02FB800002DE9F04154
:1092A00005460027FFF7C3FF80BB05F54054D4F8FF
:1092B0003002C1680906FCD4284611F0A3F9D4F89D
:1092C000380220F40070C4F8380212A63046F7F7CE
:1092D00017FA024643F2343031462844FFF70EFDB8
:1092E0002846FFF798FF284611F0D8F9002243F2EC
:1092F000987011462844FFF780FC284611F0A2F927
:10930000B4F8B00220F40040A4F8B0023846BDE83A
:10931000F08100003C444953424F4E443E0000005F
:1093200070B592B0044634216846F7F7EBFA142181
:109330000DA8F7F7E7FAACB31E48016801F00C017D
:10934000042920D0082920D000212160016801F0E3
:10935000F0016160016801F4E051A160006800F46F
:109360006040E06014480068002500F007002061BC
:109370002575012630040695CDE9006068460AF09F
:109380006DFD78B903E00121DFE70221DDE70F2061
:10939000CDE90E650D90109500210DA811950AF0EC
:1093A000D9FB10B1012012B070BD13F0E7FD267596
:1093B0000020F8E708380240003C0240A0F13001EC
:1093C000092901D808467047A0F14101052901D8B3
:1093D00037387047A0F16101052901D85738704727
:1093E0004FF0FF3070470000F8B5064606F54054D0
:1093F0000020A4F8B002B4F8B00220F08000A4F875
:10940000B002D4F8340207F099FC1C4B4FF40075FD
:109410004FF47A773A46A3F57A713046009500F01A
:109420009FF9D8B1154B3A46A3F57A7130460095AD
:1094300000F096F990B1D4F8340207F061FC0F4BBC
:109440003A46A3F57A713046009500F089F928B1C3
:10945000D4F8340207F072FC0120F8BDD4F83402CD
:1094600007F06CFC3046FFF719FFB4F8B00240F08B
:109470000200A4F8B0020020F8BD0000706D0020CA
:109480002DE9F0410446C06B00254FF480668560ED
:10949000E06BC560E06B0661E06B4561E06B856188
:1094A000E06BC561E06B0562E06B08F0E7FF6F1EE3
:1094B000A0B9E06B8463A16B40208860A06BC5609D
:1094C000A06B0661A06B4561A06B8561A06BC56157
:1094D000A06B0562A06B08F0D1FF10B13846BDE863
:1094E000F081A06B00220321846325200AF010F98B
:1094F00025200AF0FFF82068C16841F40051C160DE
:109500002068C16841F02001C1602068C16821F075
:109510008001C16094F8420020F0220084F84200EB
:109520000020DCE72DE9FF4790460D4604004FF090
:1095300000064FF0FF394DD0B8F1000F4AD0E5B327
:10954000002009E0215C20395F2904D3062D08D0D2
:10955000072D09D002E0401CA842F3D30027EA46B9
:109560001CE04046216802E054F8011F40460160BB
:10957000A188818038E0E05DFFF720FF00280CDB48
:10958000102E06D30F220AF101016846F7F71CF9E5
:109590000F26E15D0AF80610761C7F1CAF42EAD365
:1095A0000C2E17D30AEB060547460C3D12D027B107
:1095B0005FF0000415F8140000E00BE0FFF7FEFE7A
:1095C000064605EB44004078FFF7F8FE002E01DB6D
:1095D000002803DA484604B0BDE8F08740EA0610E8
:1095E0003855641C062CE5D30020F4E72DE9F0473C
:1095F0009846914604000D464FF0FF362DD065B3D6
:109600000846F7F77DF8022827D329783C2924D18A
:10961000284410F8010C3E281FD104F54050D0F822
:10962000381221F40071C0F8381243F298702044C7
:109630000746FFF758FB2846F7F762F8024643F261
:10964000343029462044FFF759FB30B92046FFF754
:10965000E2FD204611F022F810B13046BDE8F08757
:10966000424649463846BDE8F047FFF7C6BA000013
:109670002DE9F04F91B005004FF00000ADF840002B
:109680004FF0FF3016468A46804661D0BAF1000F8F
:1096900001D1002E5CD1284610F0B4FF05F54050F2
:1096A000D0F8381221F40071C0F8381243F29870E3
:1096B00028448146FFF717FB40216846F7F722F957
:1096C0003C208DF8000024A00A240168CDF8011088
:1096D0008088ADF8050041208DF8070043208DF803
:1096E00008004520EB468DF809000A2E02D30A2710
:1096F000002602E0374600260BE00BEB04011AF8C7
:10970000060010AAF7F764FBBDF84000761C04447D
:10971000F6B2BE42F1D33E210BF8041043F23430CE
:10972000621C69462844FFF7E9FA68B92846FFF742
:1097300072FD284610F0B2FF30B9002211464846AB
:10974000FFF75BFA4FF00008284610F07BFF404619
:1097500011B0BDE8F08F000041445644415441002F
:109760002DE9F04300F540550446D5F834021F4674
:109770009DB0836B249E1B685B680093C06B006880
:10978000436804F5705016F034F9D5F83402816B53
:10979000096849680091C06B0068436832463946E1
:1097A00004F5715016F025F9204610F02BFFD5F87E
:1097B0003402FFF765FE204600F048F943F23430EA
:1097C000204407228B490746FFF798FA2046FFF707
:1097D00022FD4FF4FA7008F001FF4FF00008CDF8B9
:1097E0004480CDF84880CDF8008001AB6A4682A164
:1097F0002046CDF80480FFF7F9FE04F54A5628B953
:10980000DDE9000111AAFFF78DFEE8B34046C6F876
:109810006C8000BFA6F870000020211804EB400205
:1098200001F5405102F5405291F8EC3282F8FE32D7
:1098300091F8EC12401C82F8FF120628EDDBCDF8FF
:109840006080CDF86480CDF8688000260DF1600955
:10985000CDF86C80A01900F5405009EB460190F856
:10986000EC021CAAF7F7B4FA761C062EF2DB1421E0
:1098700013A8F7F747F8CDF8008001AB6A4660A15E
:109880002046CDF8048000E009E0FFF7AFFE58B1B4
:10989000204610F0D7FE01201DB0BDE8F0831198DE
:1098A000F066BDF84800B5E7009961B1019A042A55
:1098B00009D9101F122801D9122200E0121F13A883
:1098C000091DF6F73CFF4FF00108002613A8F6F734
:1098D00017FF81B2002013AB0EE00A1A1A4412F8E7
:1098E000012C303A092A06D802FB0862D6B208EBEE
:1098F00088024FEA4208401C8842EEDB85F89B62F2
:10990000342104A8F6F7FEFF43F2BA2121443123A3
:109910003E22CDE90031CDE902923C233AA2322128
:1099200004A8F6F705FE04A8F6F7EAFE024604A925
:109930003846FFF7E3F92046FFF76DFC204610F0AC
:10994000ADFE43F298700022204411460646FFF710
:1099500054F90A2008F042FE14222FA16846F6F7B7
:1099600075FF6846F6F7CCFE024669463846FFF7B3
:10997000C5F92046FFF74FFC204610F08FFE00226D
:1099800011463046FFF739F928A08046F6F7B8FEB1
:10999000024641463846FFF7B1F92046FFF73BFC47
:1099A000204610F07BFE002211463046FFF725F9D5
:1099B00021A08046F6F7A4FE024641463846FFF74E
:1099C0009DF92046FFF727FC204610F067FE002295
:1099D00011463046FFF711F91B48016841F48041F8
:1099E0000160B5F8B00220F00800A5F8B002002030
:1099F00052E70000931C02083C4D41433E0000002A
:109A00003C485645523E000025634E414D45252EAB
:109A10002A732573256300003C464143436F6D70F4
:109A20006163742045706879733E00003C4449537B
:109A3000424F4E443E0000003C41445647415035A1
:109A400030303E0000000000180802402DE9F04FC1
:109A50000027BB46A5B00646D946C846182104A82B
:109A6000F6F750FF142110A8F6F74CFFD2490878FA
:109A700040B1C86818B1002025B0BDE8F08F4FF0A4
:109A8000FF30F9E7CC49CD4C4FF0010A81F800A036
:109A9000C4F800A046B106F54055D5F8340218B117
:109AA0000168C748814201D0E12014E0D5F83802AE
:109AB00020F40070C5F8380243F298703044FFF784
:109AC00012F943F234303044FFF70DF904A8FFF7E0
:109AD00027FC10B1E4202060D1E70AF07DF94FF4B3
:109AE000964100F079F9A0F110014FF6EF72914222
:109AF00009D8D5F834224FF496415160B14AC2F8E2
:109B0000B412AF498860AE48C1680B91C16821F0BA
:109B10002001C160AC4800682290AB48001D00687D
:109B20002190A948083000680A90A7480C300068C6
:109B30002090A548203000681F90A44800681E901F
:109B4000A248001D00681D90A048083000681C90C5
:109B50009E480C3000681B909C48183000681A9092
:109B60009A482030006819909848283000680E9074
:109B700096482C3000680D909448243000680C9072
:109B800093485E46016841F002010160006800F000
:109B9000020002908E48103000688D4940F00400A9
:109BA00010310860086810A900F0040002908020BD
:109BB00010900220CDE9110613901490824808F00D
:109BC00083FE82480660001D0660001D0660001DC1
:109BD00006607E48203006607C4980151831086098
:109BE0007A482830066079494FF6FF702C310860BA
:109BF000764824300660754810300660011DC1F8B3
:109C000000A07249B020203108607049012008602E
:109C10000AF0D2F86E492839096811F4E05F00D0E3
:109C2000400082466B49D5F8340210F025FD08F05B
:109C30004BFF06462FE065481030016849072AD5DA
:109C400062493831096815AA22F817104FF6FB311E
:109C500001607F1C022F1ED35FEA0A0220D0BDF8EC
:109C60005600BDF85410401A0604360C18D00323D1
:109C700070085946EAFB030132460023F6F7BAFBA7
:109C8000E061A0F58C41503940F6C412914207D8EA
:109C9000B146804604E008F017FF801BFA28CAD3BB
:109CA0005E46DFF828B10BF1200BCBF80060474887
:109CB00006601E2008F092FC44491D98091D0860AA
:109CC000091D1C980860091D1B9808603F491A98D7
:109CD000183108601998CBF800003C490E982831DB
:109CE0000860091D0D9808600BF104010C980860CC
:109CF00036481030066035491E980860324922986F
:109D00000860091D21980860091D0A980860091D4E
:109D1000209808602C491F9820310860284E306830
:109D20000290706802900B98F06014210AA8F6F770
:109D3000E9FD9DF8240078B10F200A9004980B905B
:109D400005980C9006980D9007980E900AA808990F
:109D500009F000FF13F012F9C4F804A05FEA09004B
:109D6000A06067611AD04046C4F80C80A8F58C4109
:109D7000503940F6C512914212D3E32020600AF018
:109D80002BF84FF4964100F027F8A0F110014FF6A0
:109D9000EF7291423FF6A0AEB06070E6E220EDE7D0
:109DA0000549C860C5F8B402D5F83402FFF744FA93
:109DB00046F20D0020605EE678010020E82C0020CD
:109DC00000100140085D002000040240000800402F
:109DD000303802408C1C020810B50A0007D0530826
:109DE0001818002149410023F6F704FB10BD00209C
:109DF00010BD884201D3401A7047081A704700000E
:109E000010B500F00FF80549086505490A6822F009
:109E1000F80242EAC000086010BD0000980100206E
:109E2000003802401F2800D91F207047124910B582
:109E3000002008600A1D1060121D1060131D1860BC
:109E40000D4B183318601B1D18601B1D18600A4B42
:109E500028331860084C431E2C342360064B2433EF
:109E60001860054B10331860034C01231434236031
:109E700015231360086010BD000C004010B5114C94
:109E8000207B20B11048016811F00C0F01D0002098
:109E900010BD0068C0F30312C0F342310120082A4C
:109EA00001D2012302E0D21F00FA02F3042901D2F9
:109EB000012001E0C91E88404343606DB0FBF3F010
:109EC00010BD000098010020083802400148006DD4
:109ED00070470000980100202DE9F84F4FF0000571
:109EE00091460C0082462E46A84601D000271AE073
:109EF000012400275046FFF783FF40464FF40061DE
:109F0000CDF8008000BF401C00908842FAD347F291
:109F100030525100484601F0CBFE411C0FD02D18A5
:109F200046EB08067F1CA742E4D36008401948EBC3
:109F3000060122460023F6F75DFABDE8F88F4FF0E0
:109F4000FF30FAE72DE9F04FA1B0582104A8F6F749
:109F5000D9FC704D00204FF0FF371B90B946286D9B
:109F6000FFF760FF06464AF6C87034466866AE667C
:109F7000EE662F67686D68670120A867664A002053
:109F8000A2F18008BA4648F8207042F82070401CC0
:109F90001F28F7D9614801684FF00210884301D0AB
:109FA000022019E05D489430006800F040401E90A7
:109FB0005A484030016801F008011D91006800F422
:109FC00000701C904FF4805004908004159004A8F9
:109FD00009F024FC28B10320A867286D21B0BDE852
:109FE000F08F4E484030016841F400710160016813
:109FF00001F400710391016841F0080101600068FB
:10A0000000F008000390464800682090FFF70EFF1C
:10A010004048042181670025C34604212846209A30
:10A02000FFF75AFF411C05D04AF6C871884207D392
:10A03000411A06E04BF82500374840F825A01CE0FF
:10A04000091A88464BF82500334840F82510494541
:10A050000BD312D131462846FFF7CBFE07463146D7
:10A060002046FFF7C6FE874207D201201B902948F1
:10A070002C46C146C566C0F870806D1C1F2DCCD91A
:10A080001B9888B32046FFF7BBFE5BF824105846A8
:10A09000491C0FD050F8242000232248A72104F0A7
:10A0A00041FA2149214A0144914203D8194948659E
:10A0B000012008731748416D4167C466C0F870906D
:10A0C000052181671649002010390860144920983D
:10A0D00008601248943001681E9A21F040411143F3
:10A0E00001601D9830B10BE0FFE734463046FFF7C2
:10A0F00087FEDFE709484030016821F00801016070
:10A100001C9828B905484030016821F400710160AD
:10A11000204663E79801002028A70020003802406D
:10A1200020240040002058A300E548FF00127A00D8
:10A1300010B5064A064B00211468044201D00120E4
:10A1400010BD491C9942F7D3002010BD00240040E7
:10A1500020A107000348016811B9C06A002800D097
:10A160000120704790B1002010B500F00FFAEFF316
:10A17000108272B609490B794C792343034208D007
:10A180000B7983430B714B7983434B71C879401C26
:10A19000C871002A00D162B610BD000088A6002058
:10A1A0000C4808B5016841F080510160006800F07A
:10A1B0008050009009F0F6FA00220E2106480AF0BD
:10A1C00022F800220F2104480AF01DF8BDE80840DB
:10A1D00009F0DCBA40380240A42B012010B503205E
:10A1E00000F00EF80446052000F00AF844EA800466
:10A1F000082000F005F844EA0010C0B210BD0000CD
:10A2000010B500F0C3F918B107498A79024201D1AB
:10A21000002010BD0A7949790A43024201D0022088
:10A2200010BD012010BD000088A60020F8B51B4D10
:10A23000A87D002830D11A480126AE75016841F08A
:10A2400080510160006800F08050009009F0AAFA87
:10A250000E21144809F0D2FF07460F21114809F0DA
:10A26000CDFF044609F092FA0F48C4F30722E1B289
:10A27000874211D1012A0BD1092909D30D2907D809
:10A280006C8530466E75BDE8F840022200F016B8C5
:10A29000BDE8F840FFF784BFF8BD0000980100203A
:10A2A00040380240A42B012017FA32CE10B508F036
:10A2B0000BFC0149886010BD88A600202DE9F04103
:10A2C00014460D46064600F061F90146EFF3108290
:10A2D000002072B6194B1F8845EA0625AF4201D00F
:10A2E0001D800120C1B1022C0CD31C790C4201D17C
:10A2F000012400E0002420431C790C431C715C798C
:10A300008C4308E05C790C4201D1012400E0002478
:10A3100020435C790C435C7150B15888A0F57F41B3
:10A32000FF3902D05888401C5880D879401CD87119
:10A33000002A00D162B6BDE8F081000088A60020A6
:10A340002DE9F04786B008F0BFFB784906460A6A57
:10A35000801A7CD4DFF8D8A106F57A700862BAF8C2
:10A360005E0088464FF00009A1F1800538B37148BE
:10A37000006820B3704815F028FBD8E91A3204466B
:10A380000F4658405140084307D085F81F900420DD
:10A39000FFF7EAFEC8E91A4718E0E87FFF2801D274
:10A3A000401CE877C0B20328F4D302220521042020
:10A3B000FFF784FF20215F4803F074FEEAE785F889
:10A3C0001F905D4815F001FBC8E91A01BAF85E005C
:10A3D0005A4C80B1A06870B1A06840F6B831301A0C
:10A3E000884208D9052101220846FFF767FF80212E
:10A3F000504803F057FE697D514849B3B0F8B01298
:10A40000C90647D514224FA16846F6F71FFA6E8D8C
:10A41000012000F0BBF82179627908434E4901EB35
:10A4200016331B788DF80430C6F30323CB5C8DF80C
:10A430000530C6F30313CB5C8DF8063006F00F032E
:10A44000CB5C8DF8073001EB10131B7801E01EE0A8
:10A4500020E000F00F008DF80A30085C8DF80B004A
:10A4600001EB121000788DF80E0002F00F00085C6E
:10A470008DF80F006946394800F0FEFF002806D12C
:10A48000364801F027F885F81590FFF789FE06B0E9
:10A49000BDE8F087E17995F820209142F7D0B0F837
:10A4A000B002C006F3D5142226A16846F6F7CEF90D
:10A4B00020882379627940EA0301114332D026498A
:10A4C000113101EB103636788DF80460C0F30326A5
:10A4D0008E5D8DF80560C0F3031600F00F008E5DF1
:10A4E0008DF80660085C8DF8070001EB131000780A
:10A4F0008DF80A0003F00F00085C8DF80B0001EBEB
:10A50000121000788DF80E0002F00F00085C8DF834
:10A510000F006946114800F0AFFF0028B7D10F487F
:10A5200000F0D8FFE07985F82000B0E7180200209D
:10A530007029002090B1002050B0002088A6002093
:10A54000085D0020455252203030303020463030F7
:10A550002044303000000000B01C0208082D00200C
:10A5600010B50C4600F012F8EFF3108300280AD063
:10A5700072B6054A91790CB1014300E081439171B3
:10A58000002B00D162B610BD88A60020401E07280F
:10A5900003D801218140C8B270470020704770B5D0
:10A5A0000D0006464FF000044FF0B60100D1641EC6
:10A5B0007E2016F00FF90F2015F070FB1CB929460C
:10A5C000304600F01DF8204670BD10B50A2015F089
:10A5D00065FB11217E2016F0FDF8322015F05EFBA0
:10A5E00015217E2016F0F6F8642015F057FB19218E
:10A5F0007E2016F0EFF80A2015F050FB002010BD69
:10A600000220C87509224A7515230B7500238B7526
:10A61000C8734A73102008730320887348688860E1
:10A6200048698861C86808611846704710B586B0E7
:10A63000044618216846F6F765F917226946042092
:10A6400015F06AFEBDF90000BDF9021000EE100A17
:10A65000BDF90420F8EEC00A9FED2C0A60EE800AD6
:10A66000C4ED120A00EE901AF8EEE00A60EE800ADD
:10A67000C4ED130A00EE902AF8EEE00A20EE800AFC
:10A6800084ED140ABDF9081094ED0F0A00EE901A3B
:10A69000BDF90A00BDF90C20F8EEE00A60EE200AD0
:10A6A000C4ED1A0A00EE900AF8EEE00A60EE200A05
:10A6B000C4ED1B0A00EE902AF8EEE00A20EE200A14
:10A6C00084ED1C0ABDF90E0094ED0E0A00EE900A0E
:10A6D000BDF91010BDF91220F8EEE00A002060EE7E
:10A6E000200AC4ED160A00EE901AF8EEE00A60EEB9
:10A6F000200AC4ED170A00EE902AF8EEE00A20EED8
:10A70000200A84ED180A06B010BD00009A99993EFF
:10A710002DE9FF410DF12808044698E8E10084F88E
:10A720002A7004F11408656288E80E0020842685EA
:10A730000026B620A6858DF80C0035464FF064083B
:10A740000127204600F070F900F05AF903A98DE8BE
:10A75000820101237E22D021606908F023FE60B1CE
:10A76000681C042803D3012004B0BDE8F0810A204E
:10A7700015F094FA6D1C042DE3D326639FED160AA1
:10A78000682084ED0E0A9FED150A84ED0F0A84F807
:10A79000400094F82A0038B10128204611D000F07A
:10A7A00027F9A6850020DFE72046FFF70EFF2046A9
:10A7B00000F016F8204600F053F8204600F0B4F8F8
:10A7C00004E000F08DF8204600F00AF82046FFF77C
:10A7D0002DFFA785E6E70000B3CC1C3AF8C1F93B92
:10A7E00010B5044690F82A0058B1882141F02001A4
:10A7F000402015F0EFFF0221204600F005F8002070
:10A8000010BD0921F2E7000010B59FED110A29B132
:10A81000012907D002290FD0032913D080ED0E0A99
:10A82000032104E09FED0B0A052180ED0E0A412073
:10A8300015F0D0FF002010BD9FED070A082180ED24
:10A840000E0AF4E79FED050A0C2180ED0E0AEEE7F3
:10A85000E5FF1F3AE5FF9F3A1000203BFAFF9F3BC0
:10A8600010B504462921422015F0B4FF00212046EE
:10A8700000F002F8002010BD10B59FED140A052964
:10A8800020D2DFE801F019130D1F03009FED100A1D
:10A89000042180ED0F0A432015F09CFF002010BD1D
:10A8A0009FED0C0A022180ED0F0AF4E79FED0A0AE2
:10A8B000012180ED0F0AEEE79FED080A002180EDEF
:10A8C0000F0AE8E780ED0F0A0321E4E7F8C1F93B3E
:10A8D000F8C1793B8DC1793C8DC1F93C8DC1793D81
:10A8E00010B5044600F059F8642015F0D7F9204659
:10A8F00000F01AF8642015F0D1F912217E2015F02D
:10A9000069FF642015F0CAF917217E2015F062FF57
:10A91000642015F0C3F91B217E2015F05BFF642035
:10A9200015F0BCF9002010BD10B580214C2015F0A9
:10A9300051FF322015F0B2F901214F2015F04AFFE6
:10A940004B214E2015F046FF04214F2015F042FF09
:10A9500051214E2015F03EFF0E214F2015F03AFFF9
:10A9600052214E2015F036FF02214F2015F032FF04
:10A970004C214E2015F02EFF42214D2015F02AFFCC
:10A980000821442015F026FF03214C2015F022FF5A
:10A99000322015F083F9002010BD10B5416CFFF78F
:10A9A000FEFD40B2002800D0012010BD1CB50446B9
:10A9B000808D012802D04FF0FF301CBD94F82A0092
:10A9C00070B10620012312220E31CDE90010D121F1
:10A9D000064808F079FC0028EFD10221A1851CBDB2
:10A9E000CDE9001201230422F1E70000502B0120E1
:10A9F00010B5FFF7D2FF642015F050F9002010BD0C
:10AA000010B5074808F0BBF80648016841F400118A
:10AA10000160016821F40011016011F0A3FE10BD76
:10AA2000502B01202038024010B50446018D86B01D
:10AA3000406A012208F043F814216846F5F762FFE6
:10AA4000208D218C0843009001200190029002206B
:10AA500003906946606A07F037FF218C0022E069A5
:10AA600008F02DF8218D0022606A08F028F80120F6
:10AA700007F0B4FD218D0122606A08F020F8012062
:10AA800007F0ACFD218D0022606A08F018F8012063
:10AA900007F0A4FD218D0122606A08F010F8012062
:10AAA00007F09CFD218C0122E06908F008F80120E4
:10AAB00007F094FD002001906946606A07F004FFEA
:10AAC00006B010BD0948B0F85E1011B990F87C00CE
:10AAD00008B100F011B80649002088850548D0F873
:10AAE000E01241F02001C0F8E01270477029002008
:10AAF00018C2002090B900200A480B4A0168914210
:10AB00000CD14A6822F4E0624A60202180F83D10AE
:10AB1000002180F83E100164418501850349012030
:10AB200088857047502B01200054004018C2002037
:10AB30000248016841F0200101607047003C01407B
:10AB40001048416B09B940F2E2410F48002390F8E8
:10AB50002A200E481AB1012A03D0038010E0C8222F
:10AB600000E064228A4201D3038007E003881A448C
:10AB700092B202808A4203D3511A018001207047A9
:10AB80000020704790B1002018C200200406002069
:10AB900010B504460020A0852046FFF729FF606914
:10ABA00008F006F82046BDE81040FFF73DBF10B59D
:10ABB000044641F61810204400F58050D0F8E418FF
:10ABC000C0F8E818204600F0F4F804F54054D4F832
:10ABD000380220F40070C4F8380210BD014600208D
:10ABE00085297AD051DC312928D028DC14297AD063
:10ABF00013DC10296DD009DC40F20122012903D0B9
:10AC0000022901D0032900D11046704711296CD0C8
:10AC1000122973D01329F8D135E0212906D007DC99
:10AC2000152960D0182969D02029EED11520704748
:10AC3000222950D023294ED03029F8D15AE0512969
:10AC400058D010DC402955D006DC322954D03329A5
:10AC500043D03429EBD144E041294BD0422944D0A0
:10AC60004329E4D141E0812946D006DC60293CD06B
:10AC7000612941D08029DAD13CE0822903D083299F
:10AC800033D08429D3D10420704786393629FBD2AA
:10AC9000DFE801F0271B1B30271B25272B34303022
:10ACA000302B322B292B2B301B2B1B302B342B2BF7
:10ACB0001B1B1B1B1B1B1B1B1B2B2B2D301B1B1B9D
:10ACC0001B1B1B1B1B1B321B3436DDE705E00AE098
:10ACD000FFE73D2070471D2070472120704711205D
:10ACE000704719207047062070470220704789205E
:10ACF000704703E00120FBE70320F9E70520F7E7B1
:10AD000040F20720F4E770B5040028D0002926D0CF
:10AD10000868002823D0EFF3108572B604F5405080
:10AD2000C0F834120968C0F830120021C0F8381297
:10AD300080F8901241F618102044FAF77BFE204666
:10AD4000FAF778FE41F61A10211843F248204FF422
:10AD5000C052204414F047FE002D00D162B670BDF1
:10AD6000B0B13E2914D100F5805090F8EC1879B1BB
:10AD7000D0F8E01861B1D0F8E8281D2A08D1D0F841
:10AD8000E408192804D10878222803D0232801D008
:10AD900000207047012070470249884201D1F8F72E
:10ADA000DFB97047082D002041F618131844FAF750
:10ADB00021BC41F618110844FAF7FCBC41F6181200
:10ADC0001044FAF7E5BD00002DE9F84341F61811EB
:10ADD00000F5405480464718D4F830024FF0FF3554
:10ADE000C16889066CD50168890669D5016800913A
:10ADF0004068C6B23146404600F0B1F810B135495E
:10AE000001200870D4F83802800557D541F6EC00CF
:10AE1000C05DA0B93046FFF7E1FE00280CDD3046EA
:10AE2000FFF7DCFE01466A463846FAF723FD30B1EB
:10AE30003846FAF7C8FD26E03846FAF7C4FD38462A
:10AE4000FAF7CEFD002814DD31463846FFF788FFBB
:10AE500018B14046FFF7ABFE09E031464046FFF728
:10AE6000ADFF401C2CD13846FAF7ADFD1BE00025A4
:10AE700026E03E2E0ED03846FAF7A5FDD4F88C0217
:10AE8000401CC4F88C02D4F8380220F40070C4F8D6
:10AE9000380215E04046FFF78CFF48B1D4F88C0229
:10AEA000401CC4F88C02D4F8380220F400700EE084
:10AEB000D4F88802401CC4F88802F4E73C2E02D083
:10AEC0002846BDE8F883D4F8380240F40070C4F88E
:10AED0003802CCE7F803002070B50D46040036D0E8
:10AEE000FFF75AFF2946204600F039F810B11949FA
:10AEF0000120087043F24820221850689368916B33
:10AF0000CD549168491C91609168814202D3916847
:10AF1000081A9060906A0123D16A401C41F1000137
:10AF20009062D1625FF0000102EB810010F1180025
:10AF300050E8005F1D4440E80056002EF8D1491C3F
:10AF40000329F1DB204600F007F8002070BD4FF028
:10AF5000FF3070BDF8030020082004F0CDB910B513
:10AF6000002818D043F290221044047801233CB109
:10AF70000022012C07D0022C0ED0032C09D110E0A6
:10AF80003C2913D006E0AB2901D1022107E03C297E
:10AF90000CD00270002010BDBA29F8D10321017035
:10AFA000F8E73E29F3D10270012010BD0370F1E7EC
:10AFB00010B500281ED0016800291BD0816D002922
:10AFC00018D090F85C303D229A408A6000680A49A7
:10AFD000884201D10F2009E00849884201D145206B
:10AFE00004E006491831884202D1462008F064FB8B
:10AFF000BFF34F8F10BD000070600240A06402409C
:10B000002DE9FC4105004FF0FF3736D005F54054DF
:10B01000D4F83802400430D5D4F8380280062CD455
:10B02000D4F8340258B1866B4EB1306838B14168FB
:10B0300019BB00F025F800BB3046FFF7B9FFD4F884
:10B04000380220F48040C4F8380201AA6946284634
:10B05000FAF7D0FA0028284602D000F007FC0CE0EE
:10B0600000F038FA48B1D4F83802C00302D42846B8
:10B0700000F0FCFB0020BDE8FC813846FBE7000047
:10B0800009494FF0FF3230B1036823F00103036038
:10B0900004E0491E01D21046704700BF0368DB0779
:10B0A000F7D1002070470000A08601002DE9F04193
:10B0B0000D465FEA00084FF0FF3759D008F54054BD
:10B0C000D4F83002002853D0F5B32868E0B3EFF38A
:10B0D000108672B6D4F8382244F22001914345D14B
:10B0E0000168C90742D1406878BB404600F0B0F81B
:10B0F00058B3404600F0DDF838B3D4F83002C168E8
:10B1000021F08001C1602868FFF7BAFFE8B928681C
:10B11000016821F010010160D4F83002416921F08A
:10B1200080014161284604F50C74FFF741FF404659
:10B13000FAF7DDFAA06820F48040A060A0680E490C
:10B140000843A060404601E012E00FE000F0BAF9C9
:10B150002068C16842F20C021143C1602068C168D6
:10B1600041F08001C160BFF34F8F002706B962B67E
:10B170003846BDE8F0810000220001002DE9F041D1
:10B1800005004FF0FF3638D005F54052D2F83402B2
:10B1900068B3846B5CB3206848B3A16D39B30868A9
:10B1A00094F85CC020270D234FF03D0E07FA0CF7F2
:10B1B00003FA0CF30EFA0CFE00EA0E0CC1F808C0FC
:10B1C000184215D0D2F8380240F02000C2F83802F8
:10B1D0002068FFF755FF2046FFF7EAFE2068406829
:10B1E00028B921462846FFF761FF002806D004E071
:10B1F000384202D02068406810B13046BDE8F08186
:10B200002846BDE8F041FFF7FBBE10B54FF0FF3117
:10B21000D8B1EFF3108472B600F54052D2F838324C
:10B220005B0410D5D2F838329B060CD4D2F8341215
:10B2300031B1896B21B1096811B1FFF79FFF01E0BE
:10B24000FFF7DEFE014604B962B6084610BD0000F5
:10B250000349884201D10120704700207047000057
:10B26000082D0020FAF704BAF8B514460D4606007A
:10B270004FF0FF3707D035B1002C04DD6A46214678
:10B28000FAF7F8FA08B13846F8BD22462946009880
:10B29000F5F755FA3046FAF78DFA0028304602D015
:10B2A000FAF791FBEFE700F002F80020F8BD00F09C
:10B2B00011B91CB500210091019118B301AA69468A
:10B2C000FAF796FBF0B90098E0B1019904290BD385
:10B2D0000278AD2A08D1421812F8023CDA2B03D1C9
:10B2E00012F8012CDA2A0FD005290BD101785A293E
:10B2F00008D141785A2905D1C178A52902D1007910
:10B30000A52801D000201CBD01201CBDF8B50500FA
:10B310004FF0FF3029D005F54054D4F83012002901
:10B3200023D0EFF3108672B6CA6812061AD50968E0
:10B33000090617D52846FAF778FB002816DD694676
:10B340002846FFF78FFF88B9D4F830020168090654
:10B35000FCD59DF8001041602846FAF766FB0028EE
:10B3600004DD0020002E00D162B6F8BDD4F8300212
:10B37000C16821F08001C160D4F83802C003F0D464
:10B38000D4F8380220F00200C4F83802E9E70000DF
:10B390002DE9F04106004FF0FF30054667D006F575
:10B3A0004054D4F83012002961D0EFF3108772B600
:10B3B000D4F83802C00301D4002543E03046FAF740
:10B3C00034FB6FF0010800281CDDD4F8300241691D
:10B3D00021F080014161D4F8380240F00200C4F845
:10B3E0003802D4F83002C16842F20C021143C16045
:10B3F000D4F83002C16841F08001C1603046FFF7E7
:10B4000085FF0FE006F5805696F8FC08D0B9D4F811
:10B410003002C16821F08001C160D4F830020168B7
:10B42000490601D445460DE0416921F080014161A2
:10B43000D4F8340280B1866B76B1306860B1FFF722
:10B440001FFE08B18FB111E03068016821F01001D2
:10B4500001603046FFF7ACFDD4F8380205490840DA
:10B46000C4F83802BFF34F8FA6E762B62846BDE89E
:10B47000F0810000DDBFFEFF30B589B00C46054607
:10B4800024216846F5F73EFAAD208DF800008520AE
:10B490008DF801002046F5F733F9202800DD202043
:10B4A000024621460DF10200F5F749F9DA208DF840
:10B4B00022008DF82300242269462846FFF7D4FE97
:10B4C00009B030BD0249884201D1F7F749BE704743
:10B4D000082D00202DE9FC4106004FF0FF385DD01B
:10B4E00006F54054D4F83002002857D0D4F838126A
:10B4F0006FF00107C90315D5416921F08001416151
:10B50000D4F8380240F00200C4F838023046FAF7A6
:10B510008CFA002867DDD4F83002C16841F0800160
:10B52000C16060E0D4F8380240044CD43046FAF7E9
:10B530007CFA002832DD01AA69463046FAF758FA4B
:10B540003046FFF7BFFFD4F8340240B3876B37B300
:10B550003D6825B3D4F83002416921F08001416192
:10B560002846FFF78DFD00286DD13846FFF720FDF6
:10B570000098E86001986860286840F01000286032
:10B58000D4F8380240F48040C4F8380249E000BFE3
:10B59000D4F8380240F02000C4F8380253E0D4F860
:10B5A000380240F00200C4F83802D4F83002C16812
:10B5B00042F20C021143C160D4F83002C16841F07C
:10B5C0008001C1603DE0D4F8340260B1806B50B1BD
:10B5D000056845B1686818B12868C00706D002E060
:10B5E0003046FFF712FE3846BDE8FC81002001908E
:10B5F00000906F686A4601A93046FAF7F9F910BB66
:10B60000009887421FD8D4F83402806BFFF7D0FC33
:10B6100000980199C01B0844E860286840F01000B9
:10B620002860D4F8380220F02000C4F838023046F0
:10B6300000F040F92868C007AAD0D4F83802800684
:10B64000A6D40020D0E74046CEE710B500F5405123
:10B65000D1F8342213685C69240604D40AE0936BA1
:10B660001B685B681BB1D1F838325B04F7D400F07B
:10B67000FDF81AE05B691B0605D4B0B13AB1926BD4
:10B680002AB112681AB1BDE8104000F010B8D1F824
:10B69000300250B1C26822F08002C260D1F8380294
:10B6A00044F202029043C1F83802002010BD70B588
:10B6B00060B300F5405444F20205D4F83412B9B135
:10B6C0008A6BAAB112689AB10B685B691B0602D437
:10B6D00008E0516819B1D4F838124904F9D400F0DF
:10B6E000C5F811E008460AF0E2F9D4F8300202E0A9
:10B6F000D4F8300250B1C16821F08001C160D4F8A3
:10B700003802A843C4F83802002070BD4FF0FF3063
:10B7100070BD00002DE9F84F00F540540546D4F8FF
:10B7200034020068C16842F20800884303D04FF039
:10B73000FF30BDE8F88F07F0C7F907464FF4FA6A03
:10B74000002D76D0D4F83402002872D0806B002807
:10B750006FD0006800286CD04FF6FF7B002605F5FF
:10B76000805819E0D4F83402806BD0F80090284655
:10B77000FFF7B0FED4F83802C00317D52846FFF70C
:10B7800007FE0026401C01D1C01ED2E707F09CF93D
:10B79000C01B504547D800BFD8F80C090028E1D19C
:10B7A000D4F83802C003DDD40020C2E7D4F8380250
:10B7B000800705D5D4F8340200684069000602D439
:10B7C000284600F041F8D4F8380240041BD5D9F8D7
:10B7D000040080B20090D9F8000000F00109009840
:10B7E00010B92846FFF711FDB9F1000F02D00099FA
:10B7F00059450AD11348761CDDF800B08642C5D9F8
:10B80000284600F021F80026C0E700268B46BDE759
:10B810002846FFF75FFE2846FFF778FD07F054F94A
:10B82000C01BA04203D96FF0010082E701E000BF16
:10B8300002E0544605F58056D6F80C090028E7D1F9
:10B8400077E70000400D030010B5044600F051F802
:10B850002046BDE81040FFF73DBE000002490878D1
:10B8600000220A7070470000F803002000F54051E4
:10B87000D1F8382244F202039A43C1F83822002852
:10B8800017D0D1F83402002813D0806B002810D0D4
:10B89000006800280DD0D1F83012026822F01002A2
:10B8A0000260026822F001020260486920F0800014
:10B8B0004861704700F54051D1F8382242F0020249
:10B8C000C1F83822002813D0D1F8340200280FD054
:10B8D000806B00280CD00068002809D0D1F8301205
:10B8E000026842F001020260486940F0800048614D
:10B8F0007047002821D000F54050D0F834120029BC
:10B900001BD0896B002918D00968002915D0D0F800
:10B910003002C268920402D502681206FCD5021DEC
:10B920008A60C16821F40051C160416941F0800121
:10B930004161C16841F40051C16070472DE9F74F82
:10B94000D2F884C081B0CE4DCE4905F1D80205F1C0
:10B950006C0602F16C0902F1D80702F5D87302F502
:10B96000227A02F5A27B02F53D7E02F25464BCF11C
:10B97000220F12D2DFE80CF011213242536473859A
:10B9800097A8B0BF1111111111111111111111113D
:10B99000CEDFF7F5F4F3F2F1F0EFB94A03234832C2
:10B9A000A2F12401009505F01FFBB748032300F125
:10B9B000480200F1240100905CE1B14A0323B43253
:10B9C000A2F12401009605F00FFBAF486C30032371
:10B9D00000F1480200F1240100904BE10092AB4AD3
:10B9E0000323A2F1240105F0FFFAA748D83003236E
:10B9F00000F1480200F1240100903BE1A34A032337
:10BA00006C32A2F12401CDF8009005F0EDFAA048C7
:10BA1000032300F1480200F1240100902AE19B4A2F
:10BA20000323D832A2F12401009705F0DDFA9848EB
:10BA30006C30032300F1480200F12401009019E169
:10BA4000944A00930323A2F1240105F0CDFA924811
:10BA5000032300F1480200F1240100900AE18A4A20
:10BA60000323903AA2F12401CDF800A005F0BCFA1E
:10BA70008948D830032300F1480200F124010090E6
:10BA8000F8E0844A03236C3AA2F12401CDF800B017
:10BA900005F0AAFA80486C38032300F1480200F14F
:10BAA00024010090E6E0784A0323243AA2F124011D
:10BAB000CDF800E005F098FA7848032300F1480239
:10BAC00000F124010090D5E072490323243101F1F3
:10BAD0004802009124311AE00B882BB10A1D009214
:10BAE00001F58272443112E06C4A0323903AA2F1CC
:10BAF00024010094BEE0B1F8C431002BF4D06149B8
:10BB000001F5E472009201F5327201F5027105F05F
:10BB10006BFAE9E75A4A03234832A2F1240100955F
:10BB200005F062FA5D486C30072300F1A80200F1CD
:10BB3000540100909EE0554A03236C3AA2F124017F
:10BB4000009605F051FA5648072300F1A80200F1CB
:10BB5000540100908EE07CE069E056E044E034E07F
:10BB600022E010E0FFE70092484A0323A2F12401FB
:10BB700005F03AFA4A48FC30072300F1A80200F128
:10BB80005401009076E0414A03236C32A2F1240173
:10BB9000CDF8009005F028FA4248052300F178021C
:10BBA00000F13C01009065E0384A0323D832A2F14D
:10BBB0002401009705F018FA3A48B430032300F145
:10BBC000480200F12401009054E0324A009303231C
:10BBD000A2F1240105F008FA3348032300F14802DA
:10BBE00000F12401009045E0274A0323903AA2F196
:10BBF0002401CDF800A005F0F7F92C48032300F14B
:10BC0000480200F12401009034E0224A03236C3AF8
:10BC1000A2F12401CDF800B005F0E6F92248B438CD
:10BC2000052300F1780200F13C01009022E0164A61
:10BC30000323243AA2F12401CDF800E005F0D4F961
:10BC40001A486C30032300F1480200F124010090EF
:10BC500010E010490323243101F1480200912431FE
:10BC600005F0C2F910486C30052300F1780200F1AC
:10BC70003C010090029805F0B7F9BDE8FF8F000085
:10BC8000C41E020890BE0020FC220208E41F020825
:10BC9000402402089421020884250208C8260208CC
:10BCA00030280208282A0208FC2B02081C2D020852
:10BCB0002DE9F84315464FF0FF3841B13DB18D42B3
:10BCC00005D24FF48032914201D2954202D34046D0
:10BCD000BDE8F8832C4A136843F4007313601368BB
:10BCE00023F400731360294A40F008001060274CC9
:10BCF0000026103C2660201F0660001F0660234FB0
:10BD00007F201C3F386001202060009600BF009813
:10BD1000401C00908028F9D31C480838016010208E
:10BD2000FEF706FA40B31020386018480C3805605A
:10BD30000820FEF7FDF9F8B10B203860144D286893
:10BD400020F001002860124F24373E601048103068
:10BD50000660286840F001002860206840F002007A
:10BD600020600220FEF7E4F940B13868296821F02C
:10BD7000010129602660ABE72660A8E7286820F06B
:10BD800001002860F8E7000020380240202400402D
:10BD9000000C00402DE9F04FABB0342116A8F4F7A9
:10BDA000B1FD58216846F4F7ADFDDFF8A4A10121EB
:10BDB000CAF81010AAF180050026EE67891ECAF89D
:10BDC0000010A96DCAF804106248006880070FD4FB
:10BDD000082016900120CDE91B0616A808F03EF8B1
:10BDE00030B10221CAF81010A86D2BB0BDE8F08F59
:10BDF00007F0E2FF044657486C38006810F4E05F33
:10BE000000D06400A946EC67DCB1524820300068DD
:10BE1000504D00F04040343D2990286800F0080063
:10BE20002890286800F400702790A8140090C0049F
:10BE30001190684607F0F2FC28B10421CAF81010EE
:10BE40006EE00321FAE743483438016841F4007199
:10BE50000160016801F400712391016841F008015B
:10BE60000160006800F0080023903B48D0F800B063
:10BE7000FDF7DCFF4FF400602490401004270025FC
:10BE80002E46A8462390DDE923215846FFF710FFF0
:10BE9000411C24D02D1846F1000608F10108B845D0
:10BEA000F1D37808401946F100013A460023F4F72F
:10BEB000A1FA02465546CAF8002027490020103949
:10BEC00008602549C1F800B0224820300168299B4C
:10BED00021F0404119430160289818B108E04FF063
:10BEE000FF32E7E71B483438016821F008010160A0
:10BEF000279828B917483438016821F40071016087
:10BF0000501C10D0A10DA002002302F00BFBA0F5E5
:10BF10009C41203947F23152914206D306202861D4
:10BF2000D9F8580061E70520F9E70121C9F8580060
:10BF300089F80D104C4626AA25A901F0FBFEA06D3C
:10BF400068602599A9602699E960072129614CE775
:10BF50001802002074380240202400400021C2074B
:10BF600000D01021820701D541F02001420701D500
:10BF700041F04001020701D541F08001C20601D520
:10BF800041F48071800601D541F400710248828E2F
:10BF90000A43828670470000980100207FB52A4836
:10BFA0000068F4F78FFB294900206A4600EBC003C4
:10BFB00001EB8303D3F89C3042F82030401C042866
:10BFC000F4DB1146224800F02DFD224C6069850A01
:10BFD000AD024FF48050854200D205466E083246CD
:10BFE0001D48616813F0FFFC6068324600EB5501A4
:10BFF0001948403013F0F7FC1848A269A16813F003
:10C00000F2FC1748E269E16813F0EDFC206A420A8D
:10C010005202202A00D202460F482169C03013F094
:10C02000E2FC10494FF4006201F6BC0013F0DBFCA7
:10C03000094910223C3901F59E7013F0D4FC0448E4
:10C04000F5F7E0FF7FBD00002828004070290020A0
:10C050003837012038F7042050B0002098C3002062
:10C06000B8C2002014A800202DE9F0471D46089E04
:10C0700017468946040048D0002D46D0002E44D0F3
:10C0800033462A4600F030FC012F3ED96068002874
:10C090003BD02868B0FBF7F107FB1100002834D033
:10C0A000391A3068884204D84946204600F09AF888
:10C0B00023E0D4F804C0204604EB8902D7680F447B
:10C0C000674503D3B7FBFCF808FB1C77D760B9F1D1
:10C0D000000F09D1D0F830C0436B1CEB010C43F1C9
:10C0E0000003C0F830C0436312F1180252E8000F99
:10C0F000401A42E80003002BF8D133462A4649464D
:10C100002046BDE8F04700F0EFBBBDE8F087000037
:10C110002DE9F84F1D460A9F904689464FF0FF3A99
:10C12000A0B1B9F1000F11D04168C66880290DD3C4
:10C1300048060BD1700609D106F18000884205D867
:10C140006A468C211648F9F795FB10B15046BDE8B8
:10C15000F88F009CAD2009EB06012070607084F818
:10C1600002804FEA1820E0702571280A6071280CBF
:10C17000A071280EE0712772380A60720A3480229A
:10C180002046F4F7DCFADA2004F8800F60700448E7
:10C19000F9F710FB0028DAD00148F9F714FCD5E7CD
:10C1A000082D002010B5002819D0EFF3108472B6C6
:10C1B00081684268A2B1914203D3B1FBF2F302FB62
:10C1C000131111F07F0305D0C3F18003194491428C
:10C1D00000D3891A13F01CFD002C00D162B610BDEB
:10C1E0000021F7E710B5002809D0032907D2EFF3A3
:10C1F000108472B613F031FD002C00D162B610BD70
:10C200002DE9F04F85B0FE48F7F7BEFFFD48FD4D24
:10C21000FD4C407A803500287ED006F055FC06465D
:10C22000E86908B1301A03D401F030F86436EE61E1
:10C23000F648B0F8B002C0062DD5D4F8DC0210F0F4
:10C24000020F28D0D4F8F402A969884223D0D4F888
:10C25000000303F05DF8ADF81000ED48AD21C069B2
:10C260008DF80010AF218DF80110EA49496CCDF826
:10C2700002100290DA20BDF810108DF80C00ADF815
:10C2800006108DF80D000E226946E348F9F77DFA95
:10C29000D4F8F402A861DC48D0F8DC02DF4C10F0DE
:10C2A000020F4FF0000677D004F1A800D0F8181163
:10C2B000090673D400F022FAA4F1180000F02AFB5A
:10C2C0000028F0D0A4F198052868400564D4A4F1B2
:10C2D00018008069B0F5006F21D9A4F118004FF45F
:10C2E00080614368C26802F580629A4203D3B2FB60
:10C2F000F3F707FB1322C260026B436B4FF48067B6
:10C30000D21943F100030263C0F8343054E8000F3F
:10C31000401A44E8000300E019E0002BF6D1286839
:10C3200040F480602860B848D0F8000302F0F0FFC5
:10C3300002B2B748B34FBA493237C3693888009060
:10C3400001F6BC00FFF7E4FE002876D102E04FF0D2
:10C35000FF309FE73E80B048FFF7BCF8AF48183881
:10C3600080224368C1688031994203D3B1FBF3F660
:10C3700006FB1311C160016B466B8023CB1846F19D
:10C3800000010363C0F8341054E8000F801A44E839
:10C390000003002BF8D124E1F4E0FFE79F48A83028
:10C3A000D0F81801402500F07F0003900020019094
:10C3B000029001A80090994802AB20220121283068
:10C3C000FFF752FE019880287ED34038B0FBF5F687
:10C3D000924828304068DFF844B2B0FBF5F0301ADC
:10C3E0000BF1440B00282ADDABF1DC01096849059B
:10C3F00025D4ABF11C0380015A68196901449142AC
:10C4000003D3B1FBF2F606FB121119614FEA0B01DF
:10C4100051E8002F121A41E80023002BF8D17F4881
:10C4200001AB02AA0121283000F05EFA0198A8426F
:10C4300004D3401BB0FBF5F601E0DFE000267748AF
:10C44000029A283040684FEA500E00203FE000205A
:10C4500000EB520103980844704501D3A0EB0E0095
:10C460006E492831896B31F810106C48183887688C
:10C47000836BD9538168891C8160816843685B1E26
:10C4800019408160816A4FF0020AC36A891C43F136
:10C4900000038162C362002300EB83015746183119
:10C4A00051E800CFBC4441E800C8B8F1000FF7D113
:10C4B0005B1C032BF0DB59482A4428304168914229
:10C4C00001D84068121A00E019E009F10100814624
:10C4D000B042BCD35149283175434A6808692844A1
:10C4E000904203D3B0FBF2F303FB120008615846FD
:10C4F00050E8001F491B40E80012002AF8D14748C5
:10C50000183800F007FAE8B3444D983D2868400514
:10C510006BD405F180008069B0F5006F1FD905F17B
:10C5200080004FF480614368C26802F580629A42DD
:10C5300003D3B2FBF3F606FB1322C260026B436B1C
:10C540004FF48066961943F100020663C0F8342068
:10C5500054E8000F401A44E80003002BF8D1286883
:10C5600040F4806028602D48A830D0F8180100F011
:10C570007F0007282448D0F800037CD202F0C8FED0
:10C5800002B200E031E022481E4E25493236C3692E
:10C590003088009001F6BC00FFF7BAFD70BB0020A8
:10C5A00030801D48FEF796FF1C48183880224368EB
:10C5B000C1688031994203D3B1FBF3F606FB131136
:10C5C000C160016B466B8023CB1846F10001036309
:10C5D000C0F8341054E8000F801A44E80003002B20
:10C5E000F8D1286820F4806028600C4898380168E9
:10C5F00049053CD50B490968002915E049E00000D0
:10C60000400600209801002090B90020085D00201D
:10C610007029002040BC0020082D0020E8B0002038
:10C6200014A80020BC64024021D12E490968C90722
:10C630001DD0016821F48061016080308022436850
:10C64000C1688031994203D3B1FBF3F505FB1311A7
:10C65000C160016B436B803143F1000301634363AD
:10C6600054E8000F801A44E800010029F8D105B011
:10C67000BDE8F08FFFE702F04BFE02B21A481B4EF6
:10C680001B49C3693088009001F6BC00FFF740FDEC
:10C6900038B11848FFF786FD286820F480602860CC
:10C6A000E5E7002030801448FEF714FF114880228F
:10C6B0004368C1688031994203D3B1FBF3F606FBAE
:10C6C0001311C160016B466B8023CB1846F100014A
:10C6D0000363416354E8000F801A44E80003002B11
:10C6E000F8D17EE7B864024070290020CA0100201A
:10C6F00014A80020D0B00020082D00202DE9F05F04
:10C700007648D0F81811DFF8D88101F07F050023B2
:10C71000402D21D2A0F5A072916BB1F1000B1BD07E
:10C72000A0F58071896B5FEA010915D090F841117D
:10C7300091B190F8410184010ED0D069A0420DD38F
:10C74000EFF3108772B6906AD16AD2F808A05668E3
:10C7500007B962B6A64203D288F82530BDE8F09F3B
:10C76000DFF87CC198F825200CF1800C6AB198F8AC
:10C770002420954209D1DCF83820A24205D1DCE919
:10C780001E27821A71EB07020AD288F82450CCF8CF
:10C790003840CCE91E010122CCE91C0188F8252093
:10C7A000CCE91E01DCE91C279046821A71EB0702D6
:10C7B000D4D3B0EB080061EB070122460023F3F766
:10C7C00019FE401CA0FB043C41F1000101FB04C127
:10C7D000002200FB021013EB08017841404A2F466B
:10C7E0008032202DC2E91C1002D3203F484600E0D1
:10C7F000584680463948C03881694068891C814262
:10C8000003D93648C038FFF7CDFC504616B9002092
:10C810000AE0A41BB442FCD2A04202D3AAEB04005B
:10C8200002E0A4EB0A01701A720807EB5001914272
:10C8300000D3891A294838F81110202DA0F1C00022
:10C8400023D28368826BD1528168891C81608168A0
:10C850004268521E11408160816A0222C36A891CAB
:10C8600043F100038162C3625FF0000100EB8103CA
:10C8700013F1180353E8004F144443E80045002D1A
:10C88000F8D1491C0329F1DB22E08368826B49005F
:10C89000D1528168891C816081684268521E1140B2
:10C8A0008160816A0222C36A891C43F100038162AC
:10C8B000C362002100EB810313F1180353E8004F1A
:10C8C000144443E80045002DF8D1491C0329F1DB4D
:10C8D000BDE8F05F01210348FFF784BC90B1002060
:10C8E0009801002050B0002010B5002811D0002A77
:10C8F0000FD0002B0DD003290BD2EFF3108472B6AA
:10C9000000EB8100C168116080691860002C00D1C3
:10C9100062B610BD30B588B3416880292FD3416815
:10C9200049062CD1C16842688A4228D911F07F019A
:10C930001FD08269C1F180018A4220D34368C26856
:10C940000A449A4203D3B2FBF3F404FB1322C260FD
:10C95000056B436B6D1843F100030563436300F1FE
:10C96000180200BF52E8003F5B1A42E80034002C76
:10C97000F8D18069802802D3012030BDFFE7002074
:10C98000FBE7000070B586B014216846F3F7BAFFE4
:10C990000E480024016841F00101016000680C4E5E
:10C9A00000F001004FF4807505902246294630467C
:10C9B00006F085F801200095CDE90104694630466E
:10C9C000039405F081FF06B070BD000030380240CE
:10C9D0000000024070B586B014216846F3F792FF5C
:10C9E0000E480024016841F00201016000680C4E0D
:10C9F00000F002004FF4805505902246294630464B
:10CA000006F05DF801200095CDE901046946304645
:10CA1000039405F059FF06B070BD000030380240A5
:10CA2000000402402DE9F04F91B00D4604464FF44A
:10CA300000664FF48058F4F709FFB0F5703F04D357
:10CA40006FF0020011B0BDE8F08F04F57031C0F551
:10CA5000703008600020844604EB800202F57032DA
:10CA6000401CC2F804C0C2F814C00428F4DB686893
:10CA700008B1654B00E0002307AA26E028B301288F
:10CA800026D0374642F82070401C0428F6DB0023ED
:10CA90001E46581E52F8267037B11F3323F01F036D
:10CAA0003B440F68BB42CDD8761C042EF2DB0E68E7
:10CAB0000027A6EB030BCDF830C0CDF834C0CDF87D
:10CAC00038C03B46CDF83CC006E00120CDF81C80C4
:10CAD0001F46D7E7012B10D055F8236016B18642C8
:10CAE00000D230465B1C042BF4DB431C0DF1300EEE
:10CAF00015D00023A0F1010903E00223ECE7012B8C
:10CB000038D055F823603EB14E44B6FBF0F606B976
:10CB100001264EF8236037445B1C042BEFDB002614
:10CB2000BA4633464FEA020959F82320C2B31F36EA
:10CB300026F01F061046012B3ED055F8237087B310
:10CB4000BAF1000F38D05EF8237004974FB307FB9B
:10CB50000BF7B7FBFAF727F01F07D019002B0CD003
:10CB60004FF40077A7F1010720EA070008D14FF43E
:10CB70007F3706E04FF00203C3E74FF48067F1E729
:10CB8000224FB84200D938460BB96FF309004FF471
:10CB90000077B84200D23846824203D2821A02E0BD
:10CBA00027E009E000225F465A4500D93A46ABEB40
:10CBB000020B049AAAEB020A0A683718974206D9B0
:10CBC000B24201D9901B00E0002020F01F0080B18C
:10CBD00004EB8302A71902F57032064457605061D6
:10CBE0005B1C042BA0DB0868B0420BD26FF0010085
:10CBF00028E704EB830000F57030C0F804C0C0F8EB
:10CC000014C0EDE700201DE700710200FEFF0100E7
:10CC100070B5224C606940B1E26932B1016821B15E
:10CC2000116811B1A1690DF003FC1D48F4F76AFB0E
:10CC30001C48007928B11B48F9F778FA1948F9F728
:10CC400037F8206A38B1016829B1618E08F0C4FE56
:10CC5000206A08F015FC1448B0F89802012801D1A8
:10CC60000FF0A6FE4FF48071104807F05DFB104DE9
:10CC70000024EC7300F084F86C7201210D4801F07F
:10CC800011FA0DA11048FEF7F7FB0F48FEF722FC42
:10CC90000E49012081F87D0070BD000040A60020F3
:10CCA00090C2002038C30020709F0020A42B0120D8
:10CCB0009801002090B1002053594E432054494D13
:10CCC0002045525200000000082D0020702900204D
:10CCD00070B590B028216846F3F714FE254D687CA6
:10CCE000002815D00FA90AA800F0E6FF0AA90FA88E
:10CCF00000F002FF04460E461F4905F15C0000F0FB
:10CD0000FBFE201A76EB010204D3012028740020D8
:10CD100010B070BD4FF480763146184807F004FB20
:10CD20001548002401788DF8001041788DF8011025
:10CD300081788DF80210406801908DF803400394CB
:10CD40004FF070600494CDE905400A4807945C30C8
:10CD500080788DF8200002200996E8732C74224612
:10CD60006946064807F008FC0028D1D0EC73601E25
:10CD7000CEE700009801002094A60020A42B0120FB
:10CD80000449002048740874CA7B022A00D1C87381
:10CD90007047000098010020F0B585B014221549B5
:10CDA0006846F3F753FD72B60024134E4FF4007734
:10CDB0004FEA0D0555F824008168B04209D1426858
:10CDC000BA4206D301F2FF116FF30801914200D37A
:10CDD000891A12F01DFF641C052CEBD307490020B3
:10CDE00081F80E03A1F50C60FFF7DCF962B605B01F
:10CDF000F0BD0000E41C020810B1002090B9002032
:10CE00000B46084910B54A7C52B148B143B1C96DCF
:10CE10000160142204491846F3F718FD012010BDE3
:10CE2000002010BD9801002094A600207CB51E4D66
:10CE30000024AC7142F20100F4F7C4FCF9F7A2FC43
:10CE4000FDF776FE194890F8F002194981F8B30110
:10CE5000642005F0C3FBFFF7A1F842F20200F4F7EB
:10CE6000B1FCF4F71BFC42F20300F4F7ABFC01F059
:10CE700007FC42F20400F4F7A5FC0E48CDE90004DB
:10CE8000A0F500730A4A0C490C48FAF778FC012017
:10CE9000A871E87910B1EC71F6F718F8BDE87C409C
:10CEA00042F20500F4F78EBC9801002090B90020F2
:10CEB00090B1002090B50020C42B012070290020E3
:10CEC000F0B52F4E87B006F5405440F6C415B4F8BF
:10CED0009802012804D102F09BF8284605F07EFB59
:10CEE000274801F0CBFDD4F834024FF0FF37C8B328
:10CEF0000068B8B3D4F83002A0B3214802F008F9B2
:10CF000080BB3046FEF7E6FA401C03D03046FEF701
:10CF100001FC18B11A4801F047FE23E0184801F05F
:10CF200043FE284605F05AFB284600F02FF8154826
:10CF3000417CB9B13C218DF8001034218DF80110ED
:10CF4000C06DCDF8020014220F490DF10600F3F771
:10CF5000F6FB3E208DF81A001B226946084802F0B5
:10CF60000CF910B1384607B0F0BD3046FEF7D2FBE1
:10CF70000028CFD1024801F017FE0020F3E700009F
:10CF8000706F00209801002094A6002010B586B094
:10CF9000044605A9684600F08FFE2246694605A8AA
:10CFA00000F0A4FB694605A800F03EF906B010BDEC
:10CFB00070B5084C0120A077617F002909D1607706
:10CFC0000025A5770448FBF7EFFCA07F0028F8D1E7
:10CFD000657770BD980100207029002070B5134C52
:10CFE000B4F86801012806D0B4F8680118B1BDE8AA
:10CFF000704003F047BC0E4DB5F89802012804D1EB
:10D00000FFF75EFF08B1FFF7BBFE0A4901260E726B
:10D0100000208874C874B5F89822022A00D00875D8
:10D02000FFF7BAFEA4F86A6170BD00007029002005
:10D03000709F0020980100202DE9F0473649374DB8
:10D040004FF00106087900BFEFF3058232B1AE72EE
:10D05000002801D00520C880BDE8F0874FF0000906
:10D0600085F80A902E722E4F87F87D6028B12A48E5
:10D07000F9F75CF82848F8F71BFEDFF8A880B8F845
:10D080009802012809D1A87C38B903222649A8F5BD
:10D09000405002F072F800B9AE74B7F86801012888
:10D0A0002DD0B7F8680140B3204C606940B1E26907
:10D0B00032B1016821B1116811B1A1690DF0B8F95F
:10D0C0001B48F4F71FF940B101211A4800F0EAFFAC
:10D0D000012205211046FDF7F1F8B8F89802012861
:10D0E0000CD1206A50B1016841B108F0C9F9618ED4
:10D0F000206A08F071FC0FF05BFC00E02E7287F8EC
:10D100007D600C4885F80990D0F81C1121F00301CE
:10D11000C0F81C11A0E7000038C3002098010020CF
:10D1200070290020709F00209C1C020840A600204F
:10D1300090C2002090B100202DE9F047364C4FF00E
:10D14000000700BFEFF3058020B9A07A10B1A772E5
:10D15000FFF772FF0120A077617F00295AD1607725
:10D160002D4EDFF8B8908036DFF8B48005F0ACFCC7
:10D170000546A777706A08B1281A04D403F0A8FB03
:10D1800005F10A007062607A90B3B8F85E0078B377
:10D190002448B0F8980202282FD1D9F8200038B3DB
:10D1A000006828B3217D69B10169C90705D001690B
:10D1B00021F00101016127750CE0206E281A1DD4B1
:10D1C000277517E0B16A29B1691A17D4E17C21B13A
:10D1D000012103E01435B56210E014212944B16245
:10D1E0000169C90705D0016921F00101016105E06C
:10D1F00003E0E774FFF720FF00E0B7620848FBF7A1
:10D20000D3FBB8F85E0008B9FAF7C0FDA07F00288C
:10D21000ACD16777BDE8F0879801002040A60020D8
:10D2200070290020709F002070B504000E461ED0AB
:10D23000002E1CD00E4D20681422E8650D48F3F72F
:10D2400005FB01206874002028740B482168816266
:10D25000142231461430F3F7F9FA08482168C16105
:10D260003146BDE8704014222030F3F7EFBA70BDAC
:10D270009801002094A6002040BC0020C0B20020ED
:10D280000148807A704700009801002070B58CB08A
:10D29000002205A9234807F0C3F800220BA9214862
:10D2A00007F09CF8002269461E4807F0B9F80022F2
:10D2B0000AA91C4807F092F89DF816009DF8021084
:10D2C0008842E5D19DF82E009DF82A108842DFD1D2
:10D2D0009DF82D009DF829108842D9D19DF82F0086
:10D2E0009DF82B108842D3D10F4901F1140000F0B2
:10D2F00003FC04460D4669460AA800F0FDFB0B4EF0
:10D30000021B71EB050208D3001B61EB05014FF412
:10D310007A720023F3F76EF800E00020C6F8F402FA
:10D320000CB070BDA42B012054BC002090B900208B
:10D330002DE9F0471E4C86B0607C002827D01D499F
:10D3400004F15C0000F0D8FB05460E4605F0BCFB7E
:10D35000804600274FF4807A41F294191DE005A918
:10D36000684600F0A9FC694605A800F0C5FB401B13
:10D37000B14115D205F0A8FBA0EB0801494509D938
:10D3800051460D4806F0D0FFE7734FF0FF3006B06E
:10D39000BDE8F087012005F021F9207C0028DED0CF
:10D3A0005146054806F0C0FFE77327740020EEE7FA
:10D3B0009801002094A60020A42B01200F481049BA
:10D3C00090F8C0378B63A0F5C0421079C8634FF066
:10D3D000FF30042B10D0136A23B1082228219F208C
:10D3E00000F038B800230B60D2F898204A60054A54
:10D3F00093688B609269CA607047000038230120EF
:10D40000C8A7002038F704200F48104990F8C0370B
:10D410008B63A0F5C0421079C8634FF0FF30042B36
:10D4200010D0136A23B10222A021AC2000F012B860
:10D4300000230B60D2F898204A60054A93688B60FD
:10D440009269CA607047000038230120C8A70020F5
:10D4500038F704202DE9F05F0C464A49834691468F
:10D46000086A4FF0FF3330B12CB1A02C03D8601DF7
:10D4700085B2A52D02D91846BDE8F09F09EB4900F9
:10D480004608601E09FB00F202EB8207C7EBC212DE
:10D490000E2707EB820200FB06283B483B4F8045E6
:10D4A00003D238494A6E824204D2C7F82080486EBF
:10D4B0007862E0E74946204600F088F88246314825
:10D4C000016A3960D0F89810796031498A68BA6089
:10D4D0008969F960416E3961017979610189B961C0
:10D4E000C06AF861C7F82080C7F824A0BE62294846
:10D4F000D0F80C09F8622848D0F83802386305F0F3
:10D50000E3FA786300202EE009FB00F101EB8103D0
:10D51000C3EBC1131B4900FB05F28F184FF0AD0C94
:10D5200087F8A0C087F8A1B002EB050C87F8A2002D
:10D530008C44DA278CF89E708CF89F700AEB83037A
:10D5400000270C330CE000BFD1F820C002EB070825
:10D5500007FB06CC884413F80CC088F8A3C07F1CD6
:10D56000A742F1D3401CA042CED30C4800214180F9
:10D570008480C58080F808B080F80990042101708B
:10D58000002079E738C3002000710200C8A70020FE
:10D5900038F70420083D0020085D0020F82A01200B
:10D5A000094A92F8C00702280DD192F8C80700B9BD
:10D5B000AC20B2F8C41701B9A02192F8C92702B96A
:10D5C0000222FFF747BF7047382301202DE9FE47AD
:10D5D0008A46054601EB4A0100204FEA51092249DB
:10D5E000009001900290D1F820C0BCF1000F02D051
:10D5F0000024694624E00020BDE8FE870AFB04F20F
:10D6000002EB8203C3EBC2120C2303EB820700225E
:10D610000023BE180EE000BF03FB09681CF8088059
:10D620005FEA086805D551F8228008F1010841F841
:10D6300022800833AB42EFD3521C032AE8D30834CC
:10D64000AC42DBD3094C002251F8223044F822309E
:10D6500051F82050AB4200D9D0B2521C032AF3D368
:10D66000034981F84200C7E738C3002008A800201A
:10D670009802002070B5184C184994F8C0278A63A6
:10D68000B4F8C207C863042A02D04FF0FF3070BD5F
:10D690001349D1F80C19E1B9B4F8C4170825884228
:10D6A00015D2B4F8C6270F4900FB02110E48F8F74F
:10D6B00027F870B90C48FDF70DFFB4F8C207401CFD
:10D6C00080B2A4F8C207B4F8C417884201D384F822
:10D6D000C057002070BD000038230120C8A70020DB
:10D6E000083D0020D8C30020082D0020FEB51446B8
:10D6F0000D46060052D0002D50D000F0FDF9001963
:10D7000041F10001264A0023F2F774FE1446074651
:10D7100002AB01AA694600F08BF92248B4FBF0F194
:10D720002970B4FBF0F100FB11404EF66021B0FB14
:10D73000F1F26A70B0FBF1F201FB12004FF47A7261
:10D74000B0FBF2F1A970B0FBF2F102FB1100AC6882
:10D750001CB915490969C1F30E04611CA0FB010144
:10D760000023F2F747FEA04200D92046201AC5E95F
:10D7700001040098FF1CA0F5FA60F0700198707029
:10D780000298B070072097FBF0F100FB1171C91DE2
:10D7900091FBF0F200FB1210401C3070FEBD000047
:10D7A000005C260580EE3600002800402DE9F0419F
:10D7B000884605005DD0A8682F49041E02D10A6979
:10D7C000C2F30E0402D10869C0F30E0069688142F9
:10D7D00000D90146401A4FF47A77A0FB0701661C76
:10D7E00032460023F2F706FEB84200D3781E2978AD
:10D7F000224A40F2537351436A7812FB03F201EB61
:10D800004211AA7802EB4203C3EBC21201EBC20140
:10D8100008441B494044B0FBF1F201FB12001749D8
:10D820001822B0FBF1F1B1FBF2F302FB13112970E6
:10D830004EF66021B0FBF1F23C21B2FBF1F301FBAB
:10D8400013226A703A46B0FBF2F3B3FBF1F701FB27
:10D850001731A970B0FBF2F102FB1100A0FB060129
:10D860000023F2F7C7FDA04200D92046201AC5E9DF
:10D870000104BDE8F08100000028004080EE360081
:10D88000005C26052DE9F04106462DED0A8BB0EE31
:10D89000408A016800209FED5ECB4FF000479FED6E
:10D8A0005EAB11B10869C0F30E000446401C13F0D2
:10D8B000ADFA41EC190B18EE100A13F08DFE53EC83
:10D8C000192B41EC180B00259FED550B51EC100B5B
:10D8D00013F08CF853EC182B13F0F2FA11D253EC2E
:10D8E000192B9FED510B51EC100B13F07FF853ECFB
:10D8F000182B13F01FFC04D20020BDEC0A8BBDE8EE
:10D90000F08153EC1C2B51EC180B13F013FC38D89E
:10D9100012E000223946304606F07AFC0500ECD1D0
:10D92000B0EE4A0AF0EE6A0A53EC102B51EC180BD9
:10D9300013F068FD41EC180B53EC1A2B51EC180B4B
:10D9400013F0F8FBE5D953EC1C2B51EC180B13F03A
:10D95000F1FB5AD253EC182B51EC1A0B13F052FD79
:10D9600053EC192B13F0E8FA41EC100B10F0E4FB28
:10D97000002800DA0020A04200DD20460246394699
:10D980003FE051EC180B12F037FF41EC180B20462A
:10D9900013F03CFA53EC192B13F028F841EC1B0B55
:10D9A0000EE022460021304606F032FC0500A4D1EC
:10D9B00053EC1B2B51EC180B13F024FD41EC180B0E
:10D9C00053EC1A2B51EC180B13F0B4FBE9D953ECC0
:10D9D0001C2B51EC180B13F0ADFB16D253EC192B8A
:10D9E00051EC180B13F0A8FA41EC100B10F0A4FB4B
:10D9F000002800DA0020A04200DD2046020004D00A
:10DA00000021304606F004FC0546284675E7000074
:10DA10000000000000000000000000000000F03FD7
:10DA2000000000000000E0BF000000000000E03F38
:10DA3000F0B5284C0419284802D494FBF0F003E018
:10DA4000264D254495FBF0F0244D48F6AC666D1E3E
:10DA500005FB004540F2B454B5FBF4F4B5FBF6F613
:10DA60002C1B34441C4E761EB5FBF6F6A41B40F26C
:10DA70006D16B4FBF6F400EBC00606EB001004EBE9
:10DA800000166420B4FBF0F740F26D10604300EB29
:10DA90009400C01B2C1A04EB84009925801CB0FB59
:10DAA000F5F000EB001505EBC5050527AD1CB5FB32
:10DAB000F7F5641B641C1C600A2801D2C01C00E03E
:10DAC00009381060022801D8012000E0002030440D
:10DAD0000860F0BD6CFA0A00B13A020050C5FDFFC3
:10DAE00004480068C0F30120032801D000207047DB
:10DAF000012070477038024030B5C378427884788E
:10DB000003F5FA63022A01D8012000E000201B1A65
:10DB10004FF4C87002D493FBF0F003E0A3F28F152A
:10DB200095FBF0F06FF01805454303EB0513022A4F
:10DB300001D9D21E00E0093202EB021202EBC2024E
:10DB40000525921CB2FBF5F222446424B3FBF4F5E4
:10DB500040F26D145C4304EB93035B1B521E1A44AA
:10DB6000174B00FB0320174A024409B1886818B913
:10DB700015480069C0F30E004B68834201D90023A9
:10DB800000E0C31A4FF47A746343401CB3FBF0F017
:10DB90000B780E4C40F2537563434C7814FB05F43C
:10DBA000897803EB441301EB4104C4EBC11103EB8F
:10DBB000C1010844064B0021C2FB030130BD000037
:10DBC000B13A02009405F5FF0028004080EE3600CF
:10DBD000005C260570B5204DA4B02868204A1F4976
:10DBE00010F4407F4FF00104116017D1342116A8C2
:10DBF000F2F788FE58216846F2F784FE08260020D6
:10DC00001696CDE91B4016A806F028F9E0B9600287
:10DC100009900096684605F001FEA8B92868C0F38F
:10DC20000120022813D10C490E48091D0A6842F050
:10DC300001020A6000E000BF0A68920701D4401E9A
:10DC4000F9D20868800702D4002024B070BD0648CD
:10DC500004600120F9E7000070380240002800400D
:10DC6000A42B0120400D03003C0E474210B5FCF7E9
:10DC700071FA08B1002010BD012010BD7CB50C4622
:10DC8000050016D0002C14D00A48417B09B1806DE4
:10DC900001E04FF4FA4001AA694600F04BF8009801
:10DCA00028600198206003480099803081600199C4
:10DCB000C1607CBD9801002030B58DB00C460500D8
:10DCC00034D0002C32D0002205A9194806F0A8FB58
:10DCD00000220BA9164806F081FB00226946144871
:10DCE00006F09EFB00220AA9114806F077FB9DF87A
:10DCF00016009DF802108842E5D19DF82E009DF88F
:10DD00002A108842DFD19DF82D009DF82910884205
:10DD1000D9D19DF82F009DF82B108842D3D1142221
:10DD200069462846F2F792FD0A9820600DB030BD92
:10DD3000A42B01202DE9F05F93465FEA010A074614
:10DD40004FF063084FF4A0794FF0FF362FD0BBF1AE
:10DD5000000F2CD00FB94FF4FA477F24651C002325
:10DD60002A463846194600F0DDFB38B1B0F5004FC1
:10DD700015D84543BD4203D3E91B02E00120F8E773
:10DD8000791BB14208D301D1444505D8B14206D12F
:10DD9000444504D1484502D90E46A0468146641E3A
:10DDA000DCD5A9F10100CAF80080CBF80000BDE87D
:10DDB000F09F000010B500248EB0002876D0002916
:10DDC00074D00278521E072A70D24278002A6DD091
:10DDD000122A6BD88278002A68D01F2A66D8C278A7
:10DDE000632A63D80A78172A60D84A783B2A5DD814
:10DDF0008A783B2A5AD800680590142207A8F2F7BF
:10DE000025FD2B488DF81F400A940B94016841F0C2
:10DE100080510160006800F080500C9005F0C2FC59
:10DE2000002207A9234806F0C3FC040013D10022F6
:10DE300005A9204806F070FC04000CD100226946B8
:10DE40001C4806F0EDFA040005D1002206A9194885
:10DE500006F0C4FA044605F099FC34BB9DF818009E
:10DE60009DF81410884221D19DF819009DF81510D5
:10DE700088421BD19DF81A009DF81610884215D1D2
:10DE80009DF81B009DF8171088420FD19DF80000E7
:10DE90009DF81C10884209D19DF801009DF81D10C5
:10DEA000884203D101200EB010BDFFE70020FAE741
:10DEB00040380240A42B01202DE9F05F0546007F89
:10DEC0000F46012828D04FF0010B85F81CB0022026
:10DED00068772868002680684FEA4060FAB1002819
:10DEE00000DBFE70B878397840EA01447878F97838
:10DEF000000240EA014004432968CA2048622968B8
:10DF00005320486228460EF0F1F84FF0FF084FF01A
:10DF1000040A00286AD116E00220BDE8F09F00281C
:10DF200000DBFE7038780EF0D6F8040478780EF036
:10DF3000D2F844EA0024B8780EF0CDF80443F8781B
:10DF400044EA0044D8E73148044028680460304976
:10DF50000FB1BA6812B90869C0F30E0228684FF011
:10DF60000004B0F1000902D00069C0F30E040FB143
:10DF7000B86810B90869C0F30E000FB1796800E005
:10DF80000021814200D90146401A904200D9104632
:10DF90000AB1944204D12146A04212D9084610E0A9
:10DFA000631C521C074671084FEA3200E7FB03016D
:10DFB0004FF00003F2F71EFA221A76EB010100D2AD
:10DFC0002046211AC9F828102868816821F4802188
:10DFD00081602868C16821F08001C160286880687C
:10DFE00080060BD4284606F043FC38B12968C1F8F6
:10DFF000248085F81DA02E7701208EE72968C1F8BE
:10E00000248085F81DB02E77002086E77F7F7F0073
:10E010000028004000B58BB0002269461F4806F07A
:10E02000FFF900220AA91D4806F0D8F9002205A927
:10E030001A4806F0F5F900220AA9184806F0CEF9A8
:10E040009DF802009DF816108842E5D1079818B98E
:10E0500013480069C0F30E000699814200D90146B9
:10E06000411A4FF47A725143401CB1FBF0F09DF815
:10E0700014104FF4616211FB02F19DF81520C2EB00
:10E08000021201EB82019DF816200BB0114401EB46
:10E090004102C2EBC11100EBC10000BDA42B012065
:10E0A00000280040D0F844210A43C0F844217047BA
:10E0B0002DE9FF5FF2488346B0F8B002C0F30014C8
:10E0C000F4F78EFCDFF8BC83EF4D4FF00109BCB1D3
:10E0D00095F82200A0B9F4F7BDFCEC4F064638884D
:10E0E000082802D1384601F021FE388828B9D8F82E
:10E0F000E01241F00101C8F8E0120EB185F801907C
:10E1000000F0E8FFDFF888A30026BAF8980201289B
:10E1100036D114B195F8220008B1687890B100F0BA
:10E1200077FF04F0D1FCA86385F8029000F03CFF73
:10E13000042085F8230004F0C7FCD34980317830EF
:10E1400048636E70D4B195F82300C8B104F0BCFCEC
:10E15000CD4907468031496B401A11D4CD48D0F8DB
:10E160000C0930B900F020FF95F82300401E85F817
:10E170002300C5488030B437476301E085F8236049
:10E1800085F82240A87BC44C60B1B4F85E0048B961
:10E1900094F87C0030B9AE73D8F8E01241F0200159
:10E1A000C8F8E012D8F8E0024746800628D5D7F82C
:10E1B000E00220F02000C7F8E002B4F85E0010B9D9
:10E1C00094F87C0010B185F80E9019E0B3494FF433
:10E1D0008070B34B91F82A104200CDE90201CDE9DD
:10E1E0000023B04AB049AD48FCF792FA98B18021BB
:10E1F000AE48FFF757FF012208210520FCF75EF823
:10E20000D7F8E002C0063ED5B4F85E0080B194F8BD
:10E210007D0068B905E01422A549A048FCF7C6FBBB
:10E22000EEE7B4F86801042802D0A07C48B906E003
:10E23000D7F8E00220F01000C7F8E00223E0E06920
:10E2400008B302F01FFB80B99AA19D48FDF714F9AD
:10E2500058B99B48FDF73EF9401C04D01921984855
:10E26000F4F728FF01E04FF0FF30D7F8E01221F07B
:10E270001001C7F8E01230B1012202210620FCF79C
:10E280001DF8FEF7D9FED7F8E002C00728D0BAF88B
:10E29000980202280BD0BBF8B002C00620D5DFF8E8
:10E2A000EC81B8F8000010F00C0F07D010E0D7F8A0
:10E2B000E00220F00100C7F8E00211E0FFF7D6FC11
:10E2C00020B9FFF70DFC08B90DF0D0FB02F09CFB64
:10E2D000B8F8000010F00C0F02D002F01FFB30B1B4
:10E2E000D7F8E002400614D5E87A50B111E0B8F84A
:10E2F0000000042802D16D4801F074FCF8F776FAAA
:10E30000D5E7D7F8E00220F04000C7F8E002F4F7C4
:10E31000EDFFD7F8DC02B846DFF86C91000709F191
:10E32000E00922D5B4F85E00F8B994F87C00E0B9B1
:10E33000A07CD0B9E07CC0B9002700F005FA20B17C
:10E34000012700F039FB00F09BF999F80000C007A5
:10E3500002D05148F9F7D4FC0FB1F8F725F9D8F8F5
:10E36000DC1221F00801C8F8DC12687E00B394F8D2
:10E370007C00E8B972B66E7662B6B4F85E0070B131
:10E3800000F044FAA0B10220F8F7EAFF94F87D000B
:10E3900070B9B4F85E0058B1FEF74EFE1BE000F015
:10E3A000D3F930B100F008FB00F06AF9F8F7FCF897
:10E3B00011E03B4F1837386840F080503860142027
:10E3C00004F00CF9386840F480503860642004F0A0
:10E3D00005F900F055F9E87DE0B3B4F85E00C8BB7C
:10E3E00094F87C00B0BB002700F0AEF920B1012703
:10E3F00000F0E2FA00F044F9E07C10B109F0BAFB59
:10E40000E674A07C00B1A67472B6287EEE7562B682
:10E4100099F80010C90702D000F0B2F800E0208A95
:10E42000AD218DF8001095218DF80110CDF8020076
:10E43000DA208DF806008DF807000822694620488A
:10E44000F7F7A3F91E48FDF745F8F4F73FFD0FB1C4
:10E45000F8F7AAF8A87E48B1D8F8E002C00705D1BD
:10E4600072B6A88DAE7662B600F048FAFFF702F9F0
:10E47000F8F73AFBF4F778FDBDE8FF5FF4F75EBC10
:10E48000085D002090B900209801002010A2002013
:10E49000709F0020707F00207029002018C200208B
:10E4A000000402400C300120502B012090B10020CC
:10E4B00024B0002052656320537461727400000020
:10E4C000082D002038B504461348016841F08051FA
:10E4D0000160006800F08050009005F063F9FFF7DC
:10E4E00079FB68B1012C0FD0022C0DD00022122133
:10E4F0000A4805F088FE00221321084805F083FE33
:10E50000BDE8384005F042B9054A1221034805F03C
:10E510007AFE2246F0E7000040380240A42B01209A
:10E52000A120E30C70B552EA030407D05C084FEA5F
:10E53000320528186141F1F75DFF70BD002070BD04
:10E5400000B591B0AD218DF8001010218DF80110AB
:10E5500001463C220DF10200F2F7F1F8DA208DF8C5
:10E560003E008DF83F00402269460448FCF77CFEDF
:10E570000248FCF7AFFF11B000BD0000082D0020DD
:10E580002DE9F047DFF8F0800446ADF5806DB8F86E
:10E590001050B8F85E00002868D1384E3078C007B7
:10E5A00004D100F06DF83078C0075FD004B90124C1
:10E5B000AC4200D9ECB2ACB32C1B3F2715B3681E9C
:10E5C000B0FBF7F04FF4007A814656465146684654
:10E5D000F2F798F9314680A8F2F794F9A4B1601ED9
:10E5E000B0FBF7F6B0FBF7F107FB110717F10107D6
:10E5F000D8F8601159B1B14509D152466846F7F7CC
:10E60000C1FF0AE00020DDE700263746F0E7694653
:10E6100006F1800000F0EAF820B900973F2F02D3FE
:10E62000012001E022E000207F902CB9D8F80810EA
:10E630000191D8F80C004090694606F1800000F086
:10E64000CDF998B980A906F1810000F0C7F968B941
:10E65000A8F810408020C8F85400D8F8600145465A
:10E6600018B152466946F2F7F1F82D8A0DF5806D22
:10E670002846BDE8F08700007029002078020020BD
:10E6800010B52C4C206820F0010020600EF01CF921
:10E69000022003F0A3FF284807F064FE78B10021B0
:10E6A0000320FBF75DFF022201210320FBF706FE9A
:10E6B000BDE810404FF480712048FFF7F3BC20689C
:10E6C000012140F0010020600320FBF749FF0320F7
:10E6D000FBF74AFD42F21071194800E000BF826862
:10E6E000920701D4491EF9D21549164A0C3111601E
:10E6F000016821F040010160416841F00201416080
:10E70000016841F04001016007F062FD70B12068CE
:10E71000002120F0010020600320FBF721FF0222EE
:10E720000321BDE810400846FBF7C8BDBDE8104016
:10E73000F4F7A6BC78020020C42B012090B1002081
:10E7400000300140606402400020042100E0401CD1
:10E7500021FA00F2D20713D0102813D20B4909680E
:10E760004000C14001F0030003280DD000200849FB
:10E77000096841F30031491C20B119B101207047EB
:10E780001028E4D3002070470120F0E70000024089
:10E79000140402400248007800F0010070470000B5
:10E7A000780200200F488079B8B10F48B0F85C10AB
:10E7B00019B1B0F85C1005290FD1B0F85E1061B93D
:10E7C000817C51B9C17C41B990F87D1029B990F88C
:10E7D0007C1011B9B0F8680108B100207047012021
:10E7E00070470000980100207029002070B50D4688
:10E7F000064600242946304608F080F9002804D057
:10E80000641C042CF6D34FF0FF3070BD2DE9F041AD
:10E81000334CB4F86800334AC30B42F210703249EB
:10E8200000E000BF8D68AD0701D4401EF9D24868F2
:10E8300020F0020048602D48056825F001050560BC
:10E8400000E000BF0568ED0701D0521EF9D2006854
:10E850004FF0FF35C00705D00121284684F840104D
:10E86000BDE8F081086820F040000860086840F0CA
:10E87000400008600026A674E07C10B10BB909F0D6
:10E8800079F9E6741A48816941F004018161BFF3A6
:10E890004F8F184F386840F080503860142003F0D4
:10E8A0009DFE386840F480503860642003F096FE86
:10E8B000FFF7E6FE10480078C00708D0A4F86860AB
:10E8C000B4F85E0050B194F87C0010B106E0284620
:10E8D000C6E70220A4F86801A4F86A010020BFE797
:10E8E00070290020A08601000030014058640240D9
:10E8F0000000024018040240780200202DE9F04395
:10E90000ADF2044D05464FF4017949466846F1F7EA
:10E91000F9FF26480024018A19B13F22491EB1FBA4
:10E92000F2F1AD228DF8002094228DF801206E4680
:10E930004FF40077A94207D1D0F8601151B13A469F
:10E94000B01CF7F71FFE1EE0FFF7FEFE10B101241A
:10E9500000F032F8B846394681A8F1F7D3FF144FDA
:10E960003878C00704D1FFF78BFE3878C0070AD08B
:10E9700081A905F18000FFF739FF20B9424681A93E
:10E98000B01CF1F7DCFEDA208DF802028DF80302EC
:10E990004A4669460748F4F763FA002C01D0F7F7B6
:10E9A00003FE0DF2044DBDE8F08300007029002045
:10E9B00078020020082D0020074810B5016841F0BA
:10E9C00080510160142003F009FEF7F7DBFEBDE87B
:10E9D0001040642003F002BE1804024070B50D46DA
:10E9E000064600242946304609F09CFB002804D046
:10E9F000641C042CF6D34FF0FF3070BD10B5002816
:10EA00001AD000F54050B0F89802022814D10B48F3
:10EA1000417C69B9007D58B90948B0F868110129ED
:10EA200002D0B0F8680118B940F6C410FEF7AEFA8B
:10EA3000BDE81040FEF7D2BA10BD000098010020DA
:10EA40007029002028B100F54050B0F89802012844
:10EA500000D00020704710B500280ED000F54051BE
:10EA60000C46D1F83412002907D0FCF7FFFED4F889
:10EA70003402BDE8104007F052B810BD38B50400AC
:10EA800033D000F0B7F804F54055D5F8340200282B
:10EA90002BD00168C5F830120068002825D0002965
:10EAA00023D02046FCF725FFD5F8300258B1016885
:10EAB000009141688DF800109DF80010C16842F285
:10EAC00020021143C1602046FFF7BCFF00280CD094
:10EAD00041F60C100059002807D0204600F090F8AD
:10EAE0002046BDE83840FCF7F5BC38BD38B50446D3
:10EAF00011A0006800902046FFF7A4FF00281AD05C
:10EB000004F54051D1F83402002814D000680028E0
:10EB100011D0D1F8300200280DD0204600F070F856
:10EB2000032269462046FCF79FFB204600F0F0FADE
:10EB30002046FCF7CFFC38BD3C803E0070B50D464A
:10EB400004001DD0002D1BD02868002818D0002AF2
:10EB500016D043F29C200251204600F04FF829467F
:10EB60002046FCF7D0F82046FFF788FF2046FFF745
:10EB700069FF002804D02046BDE87040FFF7B6BF0B
:10EB800070BD00000648007A30B90648B0F85E1043
:10EB900011B990F87C0008B100207047012070473F
:10EBA000980100207029002000281BD000F540505B
:10EBB000D0F83402002815D00168002912D00A4884
:10EBC00000E000BF0A68520601D4401EF9D2074A8D
:10EBD00007489142416802D141F4006101E041F4EB
:10EBE0008051416070470000400D03000014014057
:10EBF0000000024010B50DF077FE10BD0DF074BEA0
:10EC0000094960B100F54050D0F8340238B10068CD
:10EC1000064A904203D1486820F4006002E0486848
:10EC200020F480504860704700000240001401400A
:10EC300070B50E460546FFF705FF00281ED0002ED2
:10EC40001CD005F54054D4F83402002816D00068D2
:10EC5000002813D0C4F89C62C4F83002284600F0A3
:10EC600057FA2846FCF736FC002807DA2846FCF756
:10EC7000EBFD2846BDE87040FCF72CBC70BD0000E1
:10EC80000C4810B50068002813D0816B002910D003
:10EC9000094CD4F83402884203D0A4F54050FCF764
:10ECA00032F80648C4F89C02BDE810400448FFF75B
:10ECB000E5BE10BD90B90020709F002090B10020EB
:10ECC000706F00202DE9F047ADF5047DDFF8A892C4
:10ECD00081AA80A94846FCF767F8002821D143F2B1
:10ECE0009820002730F80900A44D022800D12F7089
:10ECF0008099A34CDFF88C820A78A34E4FF0040A67
:10ED0000822A75D021DC4FF00106342A5BD00CDC5E
:10ED1000012A6ED0302A52D0312A02D1022800D1E5
:10ED2000EE740DF5047DBDE8F087402A62D0412ADB
:10ED300067D0802AF5D10128F3D1FFF723FF0028FF
:10ED4000EFD08D4800F0E4F9EBE78A2A62D024DCAA
:10ED5000832A7CD0862A7BD0892AE2D1894800F098
:10ED6000E5FFA8F800709FED890A85ED0F0A85ED93
:10ED7000100A85ED110AA86C401CA864D4F8E002C2
:10ED800040F00100C4F8E002B6F8980220F08000DC
:10ED900040F04000A6F89802C3E77D4CA12A76D047
:10EDA000AB2A75D0AC2ABCD14878CA28B9D1AC20DE
:10EDB0006060012003F012FCF2F724F8B1E7484646
:10EDC000FFF71CFEADE70228ABD17248B0F868111E
:10EDD000012903D0B0F868010028A2D1FDF7D0FFC7
:10EDE0002E7503F071FE41F2941108442866E6E79F
:10EDF00073E04EE0022894D1D4F8DC0240F0020027
:10EE000005E002288DD1D4F8DC0220F00200C4F81D
:10EE1000DC0286E704226846491CF7F7B3FB8099B9
:10EE2000142203A8491DF7F7ADFB03A96846FEF7B6
:10EE3000C1FFB0B1A8F800A0D4F8E00220F00100B2
:10EE4000C4F8E002B6F8980220F0400001E05FE06C
:10EE50000DE040F08000A6F898020720FBF784F947
:10EE60005FE7022204210720FBF728FA59E7042272
:10EE70006846491CF7F786FB8099142202A8491DB1
:10EE8000F7F780FB02A96846FEF7CEF949E743E0B1
:10EE900067E0022892D1FFF775FE00288ED0819896
:10EEA0004FF40077B84289D980993A466846491CA0
:10EEB000F7F768FB6846F7F75EFB0028A9D13A46EA
:10EEC00069463548F1F7C2FC94F8F002324981F8FE
:10EED000B3016E71FDF7AAFF23E7ADF80070488813
:10EEE000ADF80000B6F89802BDF8001020F0C000A0
:10EEF00001F0C0021043A6F89802080689D5A8F8C8
:10EF000000A0D4F8E00220F00100C4F8E00208E715
:10EF10004878FDF723F804E74878F0B101281CD0C1
:10EF200002289DD11D48016841F0805101600068B0
:10EF300000F08050009004F035FCFEF74BFE48B125
:10EF4000174A1221174805F05EF9022213211548CD
:10EF500005F059F904F01AFC01E0FFF7B3FAA1201B
:10EF600003E04878BA2891D1AB206060012003F01B
:10EF700035FB0EF069FE0000706F00209801002044
:10EF800090B9002010A20020085D002000000000C1
:10EF9000001001407029002090B10020403802404C
:10EFA000A220E30CA42B012000B516488DB0B0F8C8
:10EFB0009802012823D1002208A9134805F030FA4D
:10EFC000002207A9104805F009FA3C208DF800003E
:10EFD0008A208DF801000798CDF80200142208A9B4
:10EFE0000DF10600F1F7ABFB3E208DF81A001B2255
:10EFF0006946064800F0C1F80448FCF78BFB0DB0E9
:10F0000000BD0000709F0020A42B0120706F002025
:10F0100070B586B014216846F1F774FC264CB4F83C
:10F020009802012845D125482549806B884240D166
:10F030002448407A00283CD1084606F070FD20485C
:10F0400006F0BAFD20480021026842F00102026089
:10F0500000684FF4805500F00100009505900120F4
:10F06000CDE90101194E03916946304603F02CFCAD
:10F0700001222946304603F022FD022003F0AEFAB9
:10F0800000222946304603F01AFD282003F0A6FA94
:10F0900001222946304603F012FD022003F09EFAB9
:10F0A0000DF022FC0A48C4F89C02A4F54050FFF77A
:10F0B000E5FC06B070BD0000709F002040A6002057
:10F0C000D42E012098010020303802400000024078
:10F0D00090B100200A4B10B503F54050B0F89802EB
:10F0E00001280CD141F60C10C058002807D0184652
:10F0F000FFF786FDBDE810401846FCF7EBB910BDE0
:10F10000706F00200148407970470000980100208E
:10F11000F8B50546FFF796FC4FF0FF3658B105F5F8
:10F120004054D4F89C0230B16A4640F2032128468C
:10F13000F6F7A0FB08B13046F8BD00983C214FF42B
:10F14000007200F8011B012100F8011BD4F89C1289
:10F15000F1F7F5FA00993E2081F802022846FFF700
:10F160004FFD2846F6F726FB0028E5D02846F6F79F
:10F170002AFC2846FFF718FDDDE72DE9F04115468A
:10F180000E460446FFF75EFC4FF0FF37F0B1EEB1DC
:10F19000E5B104F54051D1F83402B8B10068A8B126
:10F1A000D1F8300290B12046FFF72AFD2A463146B9
:10F1B0002046FCF759F860B12046FCF745FB2A468B
:10F1C00031462046FCF750F890B902E03846BDE8D9
:10F1D000F0812046FCF77EF9401C07D12046FCF761
:10F1E00033FB2046FCF776F9401C01D00020EEE707
:10F1F0002046FFF7D9FCE9E738B504460AA00068C5
:10F2000000908DF802102046FFF71CFC00280AD061
:10F210002046FFF7F5FC042269462046FCF724F857
:10F220002046FCF757F938BD3C83003E10B5314C01
:10F23000206840F00200206001220621072004F02F
:10F2400067FA072004F056FA206840F004002060B6
:10F2500001220721082004F05BFA082004F04AFA92
:10F26000206840F00800206001220521092004F0F8
:10F270004FFA092004F03EFA206840F010002060A8
:10F28000012207210A2004F043FA0A2004F032FA8E
:10F29000206840F02000206000220721172004F0A1
:10F2A00037FA172004F026FA206840F0800020602A
:10F2B00001220721172004F02BFA172004F01AFA74
:10F2C000206840F48070206001220621172004F09D
:10F2D0001FFA172004F00EFA206840F40070206036
:10F2E00000220721172004F013FABDE81040172070
:10F2F00004F000BA003C014004490B68012282403E
:10F3000093430B600868104308607047103C01404D
:10F3100043F29031AFF3008070B569B14FF6FF72E0
:10F320004C080025E0FB02450A46204600232946FA
:10F33000F1F760F880B270BD002070BD10B590F894
:10F34000101300290ED0002180F8101300F0D2FA1B
:10F350000548016A002905D140680068816821F0EC
:10F360000101816010BD000090C20020F0B50E4682
:10F3700002F00701D7080446464A4748002585B0F1
:10F38000944207D1026842F001020260006800F076
:10F3900001004BE0414A944207D1026842F0020268
:10F3A0000260006800F0020040E03D4A944207D14C
:10F3B000026842F004020260006800F0040035E0D8
:10F3C000384A944207D1026842F00802026000689D
:10F3D00000F008002AE0344A944207D1026842F063
:10F3E00010020260006800F010001FE02F4A9442F3
:10F3F00007D1026842F020020260006800F020009D
:10F4000014E02B4A944207D1026842F040020260A5
:10F41000006800F0400009E0264A944207D10268E3
:10F4200042F080020260006800F08000009099B114
:10F4300001291AD0022925D114216846F1F762FA70
:10F4400001200096CDE9010569462046039503F0A9
:10F450003BFACFB1012218E014216846F1F752FAC5
:10F4600003200096CDE9010507E014216846F1F775
:10F4700049FA02200096CDE90150694620460395DD
:10F4800003F022FA05B0F0BD00223146204603F019
:10F4900016FBF7E70000024030380240000402404B
:10F4A00000080240000C024000100240001402401C
:10F4B00000180240001C024061B10E4B01290FD020
:10F4C000022911D0032914D190F8EF2219151846FA
:10F4D000FFF74CBF90F8EC224FF400510648F7E7D5
:10F4E00090F8ED221021F2E790F8EE224FF400712F
:10F4F000EDE77047000002400008024010B5F7F742
:10F5000019FA04461B48016841F0005101600020CF
:10F510000DF04AFC00F08CF817490120C870F7F78D
:10F5200031FA05F0FCFC1549486814B140F00300BD
:10F5300001E020F00700486004F022F9104801685B
:10F5400041F00401016004F015F90E49086820F447
:10F5500000700860086820F4806008604FF00101C6
:10F5600008461CB1BDE8104004F028B9BDE81040C1
:10F5700004F036B91808024098010020002004E089
:10F5800000700040003C024010B5172004F0A1F8C4
:10F590000DF0C2F80DF0CEF8F3F722FA1B4C1C4820
:10F5A000B4F89812012902D01A49816303E01A497C
:10F5B00081630DF0FDF91948006870B1816B61B18C
:10F5C000D4F83402884202D01548FBF79CFB15485A
:10F5D000C4F89C021248FFF751FA1348FCF789F966
:10F5E0001248C16841F40051C16000220721172070
:10F5F00004F08EF8172004F07DF8B4F89802012882
:10F6000003D1BDE81040FFF703BD10BD709F00207F
:10F6100040A60020642F0120D42E012090B90020A4
:10F62000706F002090B10020082D002000100140D4
:10F630002DE9F04786B0F6F7B7FF52484FF00008C3
:10F64000016841F0010101600068142100F001002F
:10F6500005906846F1F756F94B484D4F4C4DB0F8C0
:10F6600098124A48143701244FF4C059012966D032
:10F670004FF44411CDF80090CDE901144E4669468F
:10F6800003F022F93F481430016841F480410160E1
:10F69000006800F4804005903E48016821F4704104
:10F6A0000160001D016821F00F010160286840F42D
:10F6B000C050286036480830016841F4C0510160EC
:10F6C000001D016841F4C05101603E600022062126
:10F6D000282004F01DF8282004F00CF82E480168BA
:10F6E00041F4004101602D4806F019FA2B4806F05C
:10F6F00063FA4020CDE90004294DCDF80880694621
:10F700002846CDF80C8003F0DFF80122402128467E
:10F7100003F0D5F9802000904FF40410CDE90104E6
:10F720006946284603F0D0F800220721172003F08D
:10F73000EFFF172003F0DEFF06B0BDE8F0874FF4BF
:10F74000006146468DE8520000228246CDF80C80CA
:10F7500003F0B5F96946504603F0B6F84FF480500F
:10F76000CDE9000669460294504603F0ADF82868DA
:10F7700020F4C0502860C7F80090282003F0A9FFAB
:10F78000ACE7000030380240709F002000000240CB
:10F79000003C014010380140180802401C2F012095
:10F7A00000040240042902D2431883F8EC22FFF738
:10F7B00083BE00002DE9F8434FF0000104004FF034
:10F7C00040058DF800103FD0216020486160218104
:10F7D000B0F85E1011B990F87C0000B141251C4FC3
:10F7E000D7F8DC0210F0020F01D045F002056846A0
:10F7F000F3F766F980469DF8000008B145F004056E
:10F80000D7F8F462B6F1807F01D36FF07F46D7F866
:10F8100000031421B0FBF1F087B2FF2F00D9FF27BE
:10F820002570FAF7DBFC60700A480188090AA170AC
:10F830000188E1700179217140796071A77184F8C4
:10F8400007802672300A6072BDE8F88370290020B4
:10F8500090B9002088A600200022C0F8DC220223F4
:10F8600080F8EC32C0F8E822C0F80023A0F80423A6
:10F87000A0F80623A0F80823A0F80A23A0F80C2378
:10F8800080F80E2380F80F2380F810230160704762
:10F89000D0F8DC0200F0020070470000124810B5FA
:10F8A000016841F400710160016841F48061016008
:10F8B00000200DF0C7F9022003F0B2FE04F0F4FFBF
:10F8C000FFF762FEF3F744FC0848016841F4005179
:10F8D0000160322002F082FE0548D0F8E01241F0CB
:10F8E0000101C0F8E01210BD003C024018080240BF
:10F8F00090B900202DE9F04788B0054620216846E0
:10F90000F1F700F80027781E0646002D1AD095F86A
:10F910000F4301200021514A032C01D3002403E0AE
:10F92000022C0AD0012C17D01223CDE900304FF45D
:10F9300080070490022C0DD012E0136A2BB185F8D9
:10F940000F13002008B0BDE8F087454BCDE900302B
:10F950005F110490072304E00823CDE900300490F0
:10F96000042302933F4BCDE906318DF81510039126
:10F9700089468DF8140090466946506802F0DAF91D
:10F98000DFF8E4A0E8BBDAF8041321F440013943BE
:10F99000CAF804135FB1354835490068B0FBF1F08F
:10F9A000102802D200BF0E2000BF401EFCD22B4800
:10F9B000F1F7AAFB28BB2948F1F7D2FB08BB27487F
:10F9C000F1F7A2FBE8B92548F1F7CAFBC8B9B8F8C6
:10F9D00014004FF6FF722CB102EA4000012C2FD028
:10F9E000022C32D046F22071A0FB010147F6FF73D2
:10F9F000C01841F100010023F0F7FCFCA0F5FA610A
:10FA000000E013E041F2951291420FD2C5F80003D5
:10FA100040F6E441FFF780FCA5F80803641C0026CB
:10FA2000E4B2032C00D3002485F80F43DAF8041362
:10FA300021F44001CAF8041376B1022C0AD00BE07D
:10FA4000A5F80403A5F80A03E8E7A5F80603A5F856
:10FA50000C03E3E785F80F93304673E790C200206C
:10FA60001200001001000F000020014038060020A5
:10FA7000A08601001CB512A000680190EFF3108071
:10FA8000002815D1EFF3058090B904F00DFF042292
:10FA900001A90C4800F03AF80B4864210068B0FB5B
:10FAA000F1F0009001E000BF0846411E0091FAD23B
:10FAB00072B6BFF34F8FBFF36F8F0EF0C5F8000023
:10FAC000ADABDADA90B90020380600200A4A10B54A
:10FAD000A2F580610948F3F7C9FE094800680028CB
:10FAE00008D0816B002905D0BDE81040054A0648C2
:10FAF000FFF724B810BD000090B50020400600209C
:10FB000090B9002090B10020706F002010B504461D
:10FB1000D0F8C002F5F739FED4F8C002BDE81040B5
:10FB2000FBF7D8BC70B5F6F705FF204D04462868F2
:10FB300040F00050286001200DF036F90520F6F75E
:10FB400021FF05F0ECF91A49486814B140F00100B2
:10FB500001E020F00100486003F00CFE154C206825
:10FB600020F400702060206820F480602060012173
:10FB7000084603F023FE206840F4007020602068EF
:10FB800040F48060206000200DF05CF804F08CFEF2
:10FB900000F012F8F3F7DCFA286840F4005028600F
:10FBA000BDE87040322002F019BD00001808024084
:10FBB000002004E0003C0240074810B5006828B16E
:10FBC000816B19B1054A0648FEF7B8FFBDE8104041
:10FBD0000148F8F7CDBF000090B9002090B1002097
:10FBE000706F002070B5094D04460022286804F5A6
:10FBF000A871006C04F014FC286804F5A6710022BA
:10FC0000006CBDE8704004F0E9BB000090B9002032
:10FC1000C0F80013704700002DE9F04788B0054692
:10FC20001E46DDE910091C230F46129A0021C5F873
:10FC3000A0321F23C5F89C3295F808806B68D3F872
:10FC40005C41022384F8B831A662E06222636763F4
:10FC500006FB08F35B004FEAE37CCDE9063C324B40
:10FC60005843C317CDE9040309FB02F04000CDE976
:10FC700002017801C217CDE90002002004EB400226
:10FC800011811183401C0828F8DB6763A4F8088001
:10FC9000DDE90601DDE90023F0F7ACFB20836968AC
:10FCA00006984FF0010AC1F89C00A4F80AA0DDE90B
:10FCB0000401DDE90023F0F79DFB60836968049887
:10FCC000C1F8C000A4F80C90DDE90201DDE90023D1
:10FCD000F0F790FBA08369680298C1F8E400102057
:10FCE000E081A4F81EA069680098C1F8080140F2FC
:10FCF000E240864200D20646B6FBF7F084F84001A7
:10FD000040F27120B6FBF0F084F84101B6FBF7F148
:10FD10004FEAE87208EB127000114143A4F8421157
:10FD200008B0BDE8F0870000007102009FED0B0AEB
:10FD3000002180ED070A80ED080A80ED050A80EDBC
:10FD4000030A80ED040A80ED060A80ED010A80EDC9
:10FD5000020A8184C184018501807047000000008F
:10FD60002DE9F04704462DED088B008800287DD052
:10FD70009FED51AA012802D0022877D112E0E08C31
:10FD800004EB800080ED0B0AD4ED050A40EE0A0A70
:10FD9000C4ED050AE08C401CE084E08CFF2865D9A6
:10FDA000022083E00020DFED458A0546B0EE688A38
:10FDB0009FED439B04EB802604EB800806EB850057
:10FDC000D8ED050A90ED0B0A30EE600A10EE100A2D
:10FDD00011F002FC41EC100BB0EE491AF0EE691A7A
:10FDE0000EF02AFAB0EE40BAF0EE60BA18EE100A41
:10FDF00011F0F2FB53EC1B2B10F03CFD10F008FD52
:10FE000008EE100A6D1CFF2DD8DD06F12C004FF412
:10FE1000807100F077F928EE0A0A10EE100A11F04E
:10FE2000DBFB41EC100B0FF093F851EC100B10F0D2
:10FE3000EFFC08EE100A40259FED239B4FF0C00910
:10FE40005FF0000706EB8500C06A11F0C5FB53ECBC
:10FE5000192B10F00FFD41EC190B6D1C7F1C4D454B
:10FE6000F0D377B1384610F0D1FF00E01FE041EC4D
:10FE7000100B51EC190B53EC102B10F0B7FD41ECAB
:10FE8000190B51EC190B10F0C3FC00EE100A042002
:10FE900088ED070A96ED8A0A88ED080A88ED068A39
:10FEA00094ED070A84ED020AC4ED018A20802088BF
:10FEB000BDEC088BBDE8F0870000803B000000002F
:10FEC00000000000000000400000000000000000F2
:10FED000F0B50D468FB006460024224604A92846F8
:10FEE00004F09EFA22460EA9284604F077FA9DF8FF
:10FEF00011109DF81200C1EB011100EB81052E4B92
:10FF0000069810B91869C0F30E000599814200D90E
:10FF10000146421A069810B91869C0F30E0042F261
:10FF20000F71824200D90246002408B1814203D1F8
:10FF30008A4218D90A4616E0401C610842F2107342
:10FF40004FEA3007E2FB037102464FF000033846E8
:10FF5000F0F750FA42F20F7300221B1A8A4101D2C5
:10FF600042F20F700246AD208DF824008C208DF8EF
:10FF70002500CDF82650CDF82A20DA208DF836005D
:10FF80008DF83700142209A93046FBF76DF90B4DA7
:10FF900058B1288D401C80B22885032801D3082041
:10FFA00028804FF0FF300FB0F0BD3046FBF792FADB
:10FFB0002C850020F7E700000028004010A2002058
:10FFC00038B50546AD208DF800008B208DF8010076
:10FFD000DA208DF802008DF80300042269462846D5
:10FFE000FBF742F9094C50B1208D401C80B22085AE
:10FFF000032801D3082020804FF0FF3038BD284669
:020000040801F1
:10000000FBF768FA0020208538BD000010A2002010
:10001000F0B50C4691B0064600252A4604A92046B4
:1000200004F0FEF92A4610A9204604F0D7F99DF8FD
:1000300011109DF81200C1EB011100EB81052F4B4F
:10004000069810B91869C0F30E000599814200D9CD
:100050000146421A069810B91869C0F30E0042F220
:100060000F71824200D90246002408B1814203D1B7
:100070008A4215D90A4613E01346421C610842F22F
:1000800010774FEA3200E3FB07014FF00003F0F76F
:10009000B1F97B1E00221B1A8A4100D2781E02464B
:1000A000AD208DF824008D208DF82500CDF8265048
:1000B000CDF82A2010210DF12E00F0F701FCDA20F6
:1000C0008DF83E008DF83F001C2209A93046FBF751
:1000D000CBF80B4D58B1288D401C80B228850328E1
:1000E00001D3082028804FF0FF3011B0F0BD30461A
:1000F000FBF7F0F92C850020F7E70000002800400E
:1001000010A2002070B500234E1E14E00022CD1A6C
:100110006D1E0DE000EB820494EC020AB4EEE00ADE
:10012000F1EE10FA03DDC4ED000A84ED010A521C61
:100130009542EFD85B1CB342E8D3002070BD0000AD
:10014000F0EE400AF5EEC00AF1EE10FA02D89FED8B
:100150000D0A704710EE900AB0F17E5F02DDB0EE3E
:10016000600A01E0B7EE000A0020B6EE001A00BFF8
:10017000C0EE801A401C062831EE800A20EE010AEB
:10018000F6DB70470000000090ED010ADFED150A74
:10019000B8EE401A9FED140AC1EE001A90ED001A55
:1001A000B8EE411A31EE811AD1ED011AB8EE612A8A
:1001B000C2EE001A91ED000A0C49B8EE400A31EE89
:1001C000800A31EE400A10EE100A884202DD30EE5D
:1001D000600A704710EE100A05498842F9D930EEDE
:1001E000200A70470000614500401C460000E144C1
:1001F0000000E1C42DE9F04705462DED088BADF573
:10020000806DB0EE40BA008801285ED1EC8C8C4243
:100210005BD3B4F5807F58D89FED608B0026B0EE9D
:1002200048AAF0EE68AA0CE005EB8600C06A11F05F
:10023000D3F953EC1A2B10F01DFB41EC1A0B761C72
:10024000B6B2A642F0D3204610F0E0FD884648EC56
:10025000110B074653EC112B51EC1A0B10F0C6FB97
:1002600041EC190BB0EE48AAF0EE68AA002616E0A1
:1002700005EB8600C06A11F0AFF953EC192B11F0B1
:10028000C1F841EC110B53EC112B10F055FE53EC5F
:100290001A2B10F0EFFA41EC1A0B761CB6B2A642FC
:1002A000E6D348EC107B51EC1A0B53EC102B10F0FA
:1002B0009DFB10F0ADFA82466BEE0B0A00EE10AA21
:1002C000B4EEE00AF1EE10FA06DD00200DF5806DC7
:1002D000BDEC088BBDE8F0870020E9460AE000BFCE
:1002E00005EB800191ED0B0A09EB8001401C81EDCB
:1002F000000A80B2A042F3D321464846FFF702FF2E
:10030000A708E01B86B2BE4201D80027264600207F
:1003100080460FE059F8270011F05EF953EC182BD6
:1003200010F0A8FA41EC180B08F1010080B27F1C14
:100330008046BFB2B742EDD3B8F1000F0BD010F03A
:1003400065FD41EC100B51EC180B53EC102B10F029
:100350004DFB41EC190B51EC190B10F059FA00EE62
:10036000100A610809EB810085ED070A90ED000A8B
:1003700085ED080A00EE10AAFFF7E2FE85ED060AF9
:1003800095ED070A042085ED020A9FED060A85ED2A
:10039000010A288001200DF5806D99E7000000001A
:1003A000000000000000000072B6104845F25551F0
:1003B0000160032141604FF47A7181604AF6AA21FD
:1003C00001604CF6CC410160BFF34F8FBFF36F8FDC
:1003D000BFF34F8F06480168064A01F4E0611143FC
:1003E0000160BFF34F8F00BFFDE700000030004009
:1003F0000CED00E00400FA05002807D0044A01686B
:10040000914203D10022CA60006802617047000077
:10041000000001402DE9F04FFE48A1B0D0F8E00205
:10042000FD4FC0F3400AB7F8980201280BD002280C
:1004300009D00021F94D286A50B1006840B1BAF1E5
:10044000000F02D004E00121F4E709B1012600E029
:100450000026F8F7B9FB02900CF0AAF9F048016801
:100460008CB240F2E2418C4200D20C46B0F80890C7
:100470004FF0000BCDF858B0CDF85CB0CDF860B0BF
:100480001C210BA8CDF864B0F0F73CFA142106A8A3
:10049000F0F738FAE1484569C5E901BB286801F081
:1004A0001DFCCDE91E0102460B46DE480021EFF798
:1004B000A1FF80464FEA590001906043CDE9040B4B
:1004C000DDE91E016A680023521CEFF793FF0190DB
:1004D000002E7DD0B7F89812D348022900D14010E1
:1004E0000499B0FBF1F0401EC5E9030B8020A86120
:1004F000284604F0BDFD08B101F0BEF920201A9095
:1005000080201B901AA9284604F03CFD08B101F098
:10051000B3F94FF48050169016A9284604F0DBFF7B
:1005200008B101F0A9F9284605F0C2F908B101F0B7
:10053000A3F970200B90E8680022401E0C90022066
:100540000D900BA9CDF83CB0284605F04BF908B149
:1005500001F092F9AE21B1FBF8F0401C0C9008229A
:100560000BA9284605F03EF908B101F085F9602095
:100570009A210B90B1FBF8F0401CCDE90C0BD8464A
:100580000C220BA9284605F02DF908B101F074F9E9
:10059000284605F0A7F85FEA0A00DFF890A2DFF826
:1005A00090B225D02868504515D0B0F1804F12D0B8
:1005B000584510D09F4988420DD09F4988420AD0A3
:1005C0009E49884207D09E49884204D09D4900E058
:1005D00007E088420CD1CDF8188006A9CDF81C8020
:1005E00022E000231946049AEFF704FF401E7BE740
:1005F00006B32868504513D0B0F1804F10D058454D
:100600000ED08C4988420BD08B49884208D08B4948
:10061000884205D08A49884202D08A49884209D155
:100620000720CDE9060806A9284605F014FA08B106
:1006300001F022F92868016821F0080101600298A0
:10064000B4FBF0F000FB09F0400800D10120DFF816
:10065000CC91401ED9F81C20D060D9F81C0004F0C1
:1006600007FD08B101F008F936B3D9F81C50286825
:10067000504513D0B0F1804F10D058450ED06D4981
:1006800088420BD06C49884208D06C49884205D01A
:100690006B49884202D06B4988420DD1142104A8CD
:1006A000F0F730F90720CDE9040804A9284605F041
:1006B000D2F908B101F0E0F858488569F5B3286827
:1006C000E0B3002E7ED0504513D0B0F1804F10D053
:1006D00058450ED0574988420BD05749884208D018
:1006E0005649884205D05649884202D0554A904220
:1006F00068D1B7F898024FF0010902287DD04A4826
:10070000CDE90608C5E9018822460023DDE9060196
:10071000EFF770FE401EC5E903082846C5F81880AB
:1007200004F0A6FC08B101F0A7F8B9F1000F0FD052
:10073000142104A8F0F7E6F8072000E008E0CDE96E
:10074000040804A9284605F086F908B101F094F8D8
:10075000CEB3B7F89802012878D14546CDF820806D
:100760001C216846CDF82480F0F7CCF82B4E346A73
:10077000206801F0B3FACDE90A016560A560DDE902
:100780000A01294A0023EFF735FE401EC4E903059C
:100790002046A56104F06CFC08B101F06DF8202042
:1007A00008908020099008A9204604F0EBFB08B1CE
:1007B00001F062F817480BF0BFFF60200090E0687E
:1007C000400801E04CE01BE0CDE90105728E69466E
:1007D000204605F007F808B101F04EF8204604F075
:1007E00081FF2046FFF708FE718E306A05F0F4F8AD
:1007F000306A04F045FE204600E03CE0FFF7FCFDD7
:10080000B7F89802012838D10F48B0F85E100029D7
:1008100033D11CE090B90020709F002040A600203A
:1008200090B1002000CA9A3B0088130000000140EC
:100830000004004000080040000C0040000401409B
:1008400000400140001800407029002015E090F899
:100850007C00002811D121B0BDE8F04F0CF0A8B801
:100860004FF0000901F03AFACDE90601C5E9018827
:10087000224600234AE7024842E721B0BDE8F08F54
:1008800000C4090000B589B0AD208DF800008E20AD
:100890008DF801000C48806A0B49CDF80200142243
:1008A00014310DF10600EFF74AFF30208DF81A00E1
:1008B000DA208DF81B008DF81C001D2269460348C4
:1008C000F2F7CEFA09B000BD40BC0020082D002090
:1008D00070B502F0F9F80F4C42F2107304F1800188
:1008E000627A32B10C4AB2F85E2012B1CA6A2AB1F9
:1008F00006E00022E2761844C86270BDC218CA62DF
:10090000851AFAD40125E5761A44841AFCD5CA6200
:1009100070BD000098010020702900202DE9F041F1
:10092000354C86B0A66C354D2888042811D0002798
:10093000E07A4FF0000880B1E06CB04243D019215A
:100940002F48F2F7B7FB30B14FF0FF3006B0BDE8EB
:10095000F0810127ECE784F80B8095ED020AD5EDD4
:10096000010A95ED031AE88C70EE600A95ED060A0F
:10097000ADF81400AD208DF8000082208DF8010044
:1009800010EE900A8DF80270CDF8030010EE100AF8
:100990001322CDF8070011EE100A6946CDF80B00BE
:1009A000BDF81400ADF80F00DA208DF811008DF8B5
:1009B00012001348F4F7E9FE10B16FF00100C5E72B
:1009C0000120E664E0720F48D0F80C0920B10C4811
:1009D000FAF780FD401C07D019210948F2F76AFB9D
:1009E00028B16FF00300B1E76FF00200AEE784F8C2
:1009F0000B800020AAE700009801002010A2002030
:100A0000082D0020083D00202DE9F04F2DED028B30
:100A10008DB002F059F89FEDB18AF5F793FFB04F12
:100A2000DFF8C0B2B04C00BF02F04EF80290039065
:100A3000DBF848A04FF0140902F046F8A0F11406C4
:100A40000096E08C019020884FF00008042851D1D6
:100A5000DFE000BF02F038F80546B7F8B002C00684
:100A60007ED5DBF848108A45DED1B8F1000F0AD1F7
:100A7000A91B494507D39D48FFF7A2FA10B94FF0CB
:100A8000010800952E46E18C0198814206D0E08C49
:100A90004FF000084FF01409019014E0B8F1000F76
:100AA00011D00098281AB0F5FA7F0CD34FF0000847
:100AB000B9F1A00F06D24FEA4909B9F1A00F01D947
:100AC0004FF0A0092E460298291A8948814205D282
:100AD0000398291A43F69820814201D308202080E8
:100AE000208808283CD0F2F729F9FEF7F3FA012014
:100AF00001F074FD20880028ACD00020009001F0A7
:100B0000E3FF019003908046E68C6CE001F0DCFF8F
:100B10000546B7F8B002C006A2D52088002883D0C9
:100B2000DBF848108A459FD120880828DAD0E08C6D
:100B3000B0420ED0208801280BD1E68C0020009016
:100B40004FF014094021B0EE480A03956648FFF7BC
:100B500051FB2088042849D0009898B1019800E002
:100B6000B4E0281AB0F5FA7F26D300200090B9F13E
:100B7000A00F06D24FEA4909B9F1A00F01D94FF0F1
:100B8000A009A846A5EB0801494515D3E08C50B94A
:100B9000029841F28831281A884204D955495348AD
:100BA000FFF796F903E053495048FFF731FA10B9BF
:100BB0000120CDE90005A8460298291A4C48814237
:100BC00005D20398291A43F69820814201D30820C0
:100BD0002080208808287AD0F2F7B0F8FEF77AFA59
:100BE000012001F0FBFC208804288FD15FF0000574
:100BF00094ED020AD4ED010A3E4830EE600AFCF79B
:100C000041FE30B1022001F0E9FC6D1CEDB2032D74
:100C1000EED33948B0F89802012852D1002208A931
:100C2000344803F0FDFB002207A9324803F0D6FB4D
:100C300000260322694631480096FEF79EFA2F48A7
:100C4000FAF768FD192001F0C9FC3C248DF800403A
:100C50008A208DF801000798CDF80200142208A917
:100C60000DF10600EFF76BFD3E258DF81A501B22A3
:100C700069462248FEF781FA2048FAF74BFD0C201E
:100C800001F0ACFC1B2269461C48FEF776FA1B48B3
:100C9000FAF740FD8DF8004082208DF80100012018
:100CA0008DF8020081208DF803008DF804608DF826
:100CB0000550062269461148FEF75FFA0F48FAF719
:100CC00029FD0DB0BDEC028BBDE8F08FFFE70DB044
:100CD000BDEC028BBDE8F04FF5F788BD6F12833A8B
:100CE000085D00209801002010A20020082D00209F
:100CF00020BF0200A42B0120709F0020706F0020F5
:100D000010B504460C4820604FF496406060002007
:100D10004FF48061A060C4E903010C21C4E905100F
:100D2000E061204604F016FF08B100F0A5FD204662
:100D3000BDE81040F8F780BA0010014010B5044635
:100D40000B4820604FF4964060600020A0600C21AA
:100D5000E060C4E90401A061E061204604F0FAFE0D
:100D600008B100F089FD2046BDE81040F8F764BAEC
:100D70000010014010B5040003D011B1F4F705FDD7
:100D800010B14FF0FF3010BD2046FAF7A3FB401C16
:100D900004D02046BDE81040FAF7BCBC6FF001005B
:100DA00010BD007831F9100000EE100AB8EEC00A4C
:100DB00082ED000A70470378407831F9133031F939
:100DC0001000181A00EE100AB8EEC00A82ED000AF0
:100DD000704710B543780478807831F9133031F9D1
:100DE000144031F91000C3EB4403181A00EE100A46
:100DF000B8EEC00A82ED000A10BD0000D1F88020D4
:100E000005493AB1012A02D0022A03D101E003497F
:100E100000E0034901607047A30D0108B70D010808
:100E2000D30D01082DE9F04F804640F2E240020167
:100E300087B00C46814202D20446002604E0002618
:100E4000944201D310260BE062082C4B102500BF02
:100E500053F82540944201D82E4601E06D1EF7D587
:100E6000814201D2044600E00C4625490020C8F822
:100E70000410CDE90000234801684FF0000919B1C2
:100E80004FF0FF30014623E00021CDE90211078930
:100E90004FF0040BCDF804900FB1402F00D940273C
:100EA000FF2208211848EFF703FD00250DF1040A81
:100EB00002AB3A4659462846CDF800A0F5F706FFA2
:100EC0006D1C022D02D201980828F1D3DDE9020140
:100ED000CDE9000108F108000690DDE90001CDE947
:100EE0000401CDE900490823084A02960849094847
:100EF00008F046FF07B0BDE8F08F0000F42D0208AF
:100F00007029002090B10020A002002000000240C3
:100F1000CC2C01201C2C012070B504461546661807
:100F2000106804E014F8011B80B20CF057FDB442C5
:100F3000F8D3286080B200210CF050FDBDE870406D
:100F400000210CF04BBD0000F0B5002247E000BFCF
:100F500002EB420100EB810500EB820395ED601A84
:100F6000D0F84073D3F80013F0EE400A21EE000AE7
:100F70000E46012457F8227016E000BF05EB840EE0
:100F800005EB810C9EED601ADCED001A9CED302A19
:100F9000491E21EE211ADEED901A01EEC21A31EE41
:100FA000000A00D53944641CA742E7DC761CC3F86C
:100FB0000063D0F8401351F82210B14201DD3146F0
:100FC00002E00021C3F8001305EB8101521CC1EDC2
:100FD000000AD3F8001305EB810181ED300AD0F847
:100FE00044139142B4DCF0BD2DE9F04F93468A469C
:100FF0000022DDF824E025E002EB420400219FED11
:10100000140A894600EB82070BEB84060AEB840581
:1010100000EB840C0CEB810406EB810884ED000AE4
:1010200084ED300AC7F80093D8ED000A05EB81087B
:10103000C4ED900AD8ED000A491CC4ED600A0329EA
:10104000E8DB521C9A42D7DBC0E9D0E3BDE8F08F61
:1010500000000000002141634FF40061816270478D
:10106000F0B50DF1140EDDE908549EE8C0104A43B6
:10107000426201FB03F2026201FB06F34FF47A7253
:10108000B3FBF2F3C36001FB07F3B3FBF2F30361BD
:1010900001FB0CF36943B3FBF2F6B1FBF2F1C0E9DB
:1010A0000161B3FBF2F101600021C16280ED060A2B
:1010B0009FED030A416380ED050A84638162F0BD00
:1010C0000000000010B50446806A010556D50104F1
:1010D00054D4810446D4C10427D5636A626B9A4212
:1010E0003CDB216A0B4493420CDD00EE901AF8EED3
:1010F000E00A80EE201A94ED070A31EE000A84ED32
:10110000070A2BE094ED070AD4ED060A20F480507C
:1011100040F4005020EE200A84ED050AA062002071
:10112000E0622046F2F798FD18E0626A616B914236
:101130000CDB20F480409FED160A40F4805084EDD3
:10114000070AA0622046F2F737FF07E0410405D402
:1011500040F48040A0622046F2F7ACFF606B401C78
:1011600060630BE0D4ED050AC10709D0F4EEC00AB4
:10117000F1EE10FA02DD20F00100A062A06A10BDBD
:10118000F4EEC00AF1EE10FAF8D240F00100F4E7F4
:1011900000000000014801F0A1B80000AC320120BD
:1011A0002DE9F0416449012251F8580F0B7902FAF8
:1011B00003F383600C79042303FA04F484600D794B
:1011C000082404FA05F585600E79202505FA06F64F
:1011D00086600979102606FA01F18160574850F8B7
:1011E000581F0779BA408A60027993408B60027970
:1011F00094408C60027995408D60007986408E60C5
:101200004F4C616BA06A2268401AA062E06A0844F1
:10121000E062636E606B04F16001A56E0544A56633
:10122000A56E9D4206D38D68B5FBF3F68D6806FB6F
:1012300013558D608E6A0B46CD6A361845F1000550
:101240008E62CD625FF0000503EB850616F118068D
:1012500056E8007F074446E8007CBCF1000FF7D158
:101260006D1C032DF0DBA06A20B12046BDE8F041E3
:101270000BF074B8207920F0040020712068006819
:1012800000E000BF83689B07FBD51068036823F06C
:10129000400303601068436823F003034360D06C8D
:1012A0000068036823F001030360906C0068036822
:1012B00023F0010303601068026842F040020260FC
:1012C000E26A40F6F41002F6F412E2624A688B68B1
:1012D00003F6F4138B608B68934206D38B688D689A
:1012E000B3FBF2F303FB12528A608B6ACA6A40F6C0
:1012F000F4155B1942F100028B62CA625FF00002D2
:1013000001EB820313F1180353E8005F054443E83F
:101310000056002EF8D1521C032AF1DB2046F4F7C8
:10132000DDFBFCF73DF9F4F7D5FB2046BDE8F041C5
:1013300003210EF0A9BA00002C3101208C310120CC
:1013400038C3002070470000094810B50168002923
:101350000CD0806D002809D00648F9F70FFF00284F
:1013600004D1BDE810400348FDF71EBC10BD0000CD
:10137000CC330120706F0020014800F0AFBF0000A7
:101380000C30012070B50F4EB46D256896F85C10D6
:1013900010208840284205D0A1680143A1600A4876
:1013A000EFF77CFD96F85C1020208840284207D09B
:1013B000A1680143A160BDE870400348EFF76EBD2E
:1013C00070BD00000C33012090C200202248012291
:1013D00050F8581F03799A408A60037904229A4092
:1013E0008A60037908229A408A60037920229A4011
:1013F0008A6002791020904088601848036B426A26
:101400000168D21A4262C26B1A44C263826A1AB17C
:101410000CF0FABA00BF00E0086882689207F9D5BC
:101420000868026822F0400202600868426822F000
:1014300003024260C86C0068026822F00102026088
:10144000886C0068026822F0010202600868016886
:1014500041F04001016070478C31012038C3002009
:101460007047000070B50F4EB46D256896F85C109B
:1014700010208840284205D0A1680143A1600A4895
:10148000EFF70CFD96F85C1020208840284207D02A
:10149000A1680143A160BDE870400348EFF7FEBCBE
:1014A00070BD00006C33012090C200207047000026
:1014B00010B504F0CFFD0B49002806DD887C00281C
:1014C0000FD00846F7F78DF806E00ADA887C002886
:1014D00007D00448F7F78FF8BDE810400320FDF768
:1014E0000BBF10BD7029002070470000094810B5DF
:1014F000016800290CD0806D002809D00648F9F752
:101500003DFE002804D1BDE810400348FDF74CBB68
:1015100010BD0000EC340120706F00200148F9F785
:101520002DBE0000082D002001681823CAB2103A11
:10153000B2FBF3F2054B6FF30901032A9B5CC36511
:1015400000D9091D8165084670470000283102084E
:1015500010B5014600208B698A6A4FF0C07453B100
:10156000B3F5005F15D072B1012A0CD0022A0AD05F
:10157000032A09D104E01AB1012A06D0022A03D1B4
:10158000C96AC90100D5012010BDC96AA142FAD0BB
:1015900010BD002AF7D0012AF2D0022AF3D0032A84
:1015A000F3D010BD30B50468256825F4802525608A
:1015B000046863608368402B036803D09960006807
:1015C000C26030BD9A600068C16030BD70470000E5
:1015D0002DE9F05FFCF71EFDDFF8E4900646D9F830
:1015E0000000384FDFF8E080384C00054FF0010A6A
:1015F0004FF0000548D54FF4006BC9F800B0B7F8BC
:10160000980230B95946324801F04CFA08B984F8CA
:1016100004A0B7F8980201280BD0D8F8E012404691
:10162000490706D5D0F8E01221F00401C0F8E01215
:10163000E5705946264801F035FA0100234800F1CB
:10164000800007D094F82810F1B1416D8E420CD380
:10165000711A0DE0466584F828A0D8F8E01221F050
:101660000401C8F8E012E5700EE01A4A511A31443C
:101670000F2906D3D8F8E02222F00402C8F8E022AD
:10168000E570456584F82850D9F800104846C9042B
:1016900014D54FF480510160B7F8980200280DD19D
:1016A0000B4801F0FFF9002808D184F804A0D8F80D
:1016B000E01221F00401C8F8E012E570BDE8F09FE7
:1016C000143C0140709F002090B900209801002038
:1016D00000000240005C260504480168890703D524
:1016E00002210160F5F7A4B870470000143C0140E6
:1016F000114810B5016849071CD50421016001F0AB
:10170000E3F90E49C1F8E4020D4CB4F8B002C0068A
:1017100005D5F1F79FF910B10A4901204870F2F799
:1017200085FDB4F8B002000404D4BDE810400648BA
:10173000F7F77BBD10BD0000143C014090B90020BC
:10174000085D002098010020082D00200448016851
:10175000090703D508210160FBF72ABC7047000088
:10176000143C01400B480168C90611D510210160E5
:10177000094941F28832086D90FBF2F302FB130233
:10178000401C0865002A03D10449012081F8100398
:1017900070470000143C01401802002090B900205E
:1017A00070B52F4E30682F4C80064FF0000538D5AD
:1017B000202030602C48808D012811D0022825D0AF
:1017C00094F82600401CC0B284F82600052828D9C9
:1017D000012202210520F8F771FDF9F773F910E0F5
:1017E000142222492048F9F7E1F850B194F8260074
:1017F000401CC0B284F82600052812D9012203211A
:10180000E8E784F8265084F827500AE094F8270087
:10181000401CC0B284F82700052802D90122052106
:10182000D8E7306800060BD58020306001F040F822
:101830000F48D0F8E01221F00401C0F8E012E57082
:101840003068C00505D54FF4807030600948F7F75F
:10185000EDFB3068800502D54FF40070306070BD3C
:10186000143C01409801002018C2002024B0002040
:1018700090B90020082D00200C48026842F08052E8
:10188000026000680A48026842F4807202600068E0
:10189000094A08481060084808380160BFF34F8FB4
:1018A00072B600BFFEF7E6F8FCE7000040380240E1
:1018B000007000402152524584280040002229B186
:1018C00001291AD002291BD04FF440720E490B682F
:1018D00023F440730B600B6813430B600A6822F01B
:1018E00078020A600A68022303EBC00002430A6020
:1018F000086840F48030086070474FF48072E5E774
:101900004FF40072E2E70000103C02401348016807
:1019100089050FD5016821F400710160016841F467
:1019200000610160016821F400610160016841F417
:1019300000710160016849050FD5016821F48061DB
:101940000160016841F480510160016821F4805117
:101950000160016841F4806101607047003C024011
:1019600010B586B00C46B0F1006F20D312498C42FE
:101970001DD8A0421BD800F021F80346204600F0F5
:101980001DF8591C13D0411C11D00021C01A009120
:101990000221401C0293CDE9030100F0C5FE05A918
:1019A000684600F02DFE044600F076FE14B10120DA
:1019B00006B010BD0020FBE7FFFF1708A0F1006193
:1019C000B1F5C01F02D34FF0FF3070474FF4804293
:1019D000914201D2002070472C490144914201D22A
:1019E000012070472A490144914201D202207047E8
:1019F00028490144914201D20320704726490144FD
:101A0000B1F5803F01D204207047244942184FF4B9
:101A100000318A4201D205207047214A02448A429D
:101A200001D2062070471F4A02448A4201D2072091
:101A300070471D4A02448A4201D2082070471B4A5F
:101A400002448A4201D209207047194A02448A425C
:101A500001D20A207047174A02448A4201D20B2061
:101A60007047A0F101628A4201D20C207047124AED
:101A700002448A4201D20D207047104A1044884225
:101A800001D20E2070470F207047000000C0FFF702
:101A90000080FFF70040FFF70000FFF70000FEF7AF
:101AA0000000FCF70000FAF70000F8F70000F6F776
:101AB0000000F4F70000F2F70000EEF70000ECF78A
:101AC0002DE9F84304460E461546800702D004204F
:101AD000BDE8F8836EB1B4F1006F0AD31C488442AC
:101AE00007D842B1EA1C22F003012144491E814279
:101AF00001D90320ECE700F017FE4FF0FF3820E09B
:101B0000CDF80080042D01D3042700E02F463A468B
:101B100031466846EEF713FE002321460220009A64
:101B200000F0C4FD10B100F0B7FDE2E720680099B5
:101B3000884203D000F0B0FD0220C9E7ED1B3E440F
:101B4000241D002DDCD100F0A7FD0020C0E700001F
:101B5000FFFF170808490A6822F440720A600A6801
:101B600042F004020A600A684FF4803343EA00201E
:101B700002430A6070470000103C0240064A1368A6
:101B800023F44073136013681360136843F0010378
:101B90001360017070470000103C0240094910B505
:101BA0000C6824F440740C600C6844F440740C60BD
:101BB0000C6844F001040C600260BFF36F8F436057
:101BC00010BD0000103C0240074A136823F4407324
:101BD0001360136843F480731360136843F00103C8
:101BE0001360018070470000103C0240074A1368F0
:101BF00023F440731360136843F400731360136895
:101C000043F001031360016070470000103C024084
:101C10001C490868C2061C4805D5C26942F010027A
:101C2000C26110220A600A68920605D5C26942F0B4
:101C30000802C26120220A600A68520605D5C269FC
:101C400042F00402C26140220A600A68120605D509
:101C5000C26942F00202C26180220A600A68D205AB
:101C600006D5C26942F00102C2614FF480720A6077
:101C70000A68920705D5C26942F02002C2610220BB
:101C8000086070470C3C02400C06002070B51149FA
:101C900004460020C86100F017FF06460E4D09E01B
:101CA000601C07D024B100F00FFF801BA04201D9B7
:101CB000032070BD2868C003F2D42868C00701D093
:101CC00001202860286810F4F970F2D0FFF7A0FF17
:101CD000012070BD0C0600200C3C024010B50F49DD
:101CE0000F4C88420BD00F49884208D00E498842D9
:101CF00005D00E49884202D00D49884205D102F034
:101D00006BF8216801F4604104E002F055F82168A5
:101D100001F4E05101B14000002110BD000001407C
:101D200008380240000401400040014000440140E6
:101D30000048014070B590F83C206A4D012A19D046
:101D4000012280F83C200A6807230468092A13D975
:101D5000E6680A3A02EB420293409E43E6600A7844
:101D60008B680A3A02EB420293400268D46823432C
:101D7000D36010E0022070BD266902EB420293405E
:101D80009E4326610B788A6803EB43039A400368FD
:101D90001C6922431A610268936B23F44013936316
:101DA0000268936B0C8A504E06EB045423439363F2
:101DB0000A790B7CD21AD21C02EB82021F239340B9
:101DC0000268946B9C4394630A790B7CD21AD21CF0
:101DD00002EB82030A8892B29A4003689C6B22430A
:101DE0009A638A69AA420268936823F47023936015
:101DF000026893680CD08C692343936002689368EF
:101E000023F44013936002689368CC69234301E094
:101E100023F4401393604A7D002A0268536802D07D
:101E200043F4806301E023F4806353600A7D002A59
:101E30000268536802D043F4805301E023F48053D6
:101E400053604A68012A16D0022A1FD0032A02686A
:101E500027D0136A6FF30B0313620268136ACC680E
:101E600023431362224B0468204A9C4227D10C680A
:101E7000122C20D023E0026853696FF30B035361E7
:101E800002685369CC6823435361EBE702689369A6
:101E90006FF30B03936102689369CC6823439361EA
:101EA000E0E7D3696FF30B03D3610268D369CC68B1
:101EB0002343D361D6E7546844F480045460046833
:101EC0009C420AD10968A1F18053123B01D011292B
:101ED00003D1516841F400015160002180F83C10A9
:101EE000084670BD01000F000000F0FF0023014014
:101EF0000020014078B50024009490F83C20012A8D
:101F000019D0012280F83C200A6807230568092AB5
:101F100013D9EE680A3A02EB420293409E43EE6008
:101F20000B788A680A3B03EB43039A400368DD6839
:101F30002A43DA6010E0022078BD2E6902EB4202EB
:101F400093409E432E610B788A6803EB43039A40CB
:101F500003681D692A431A614A681F23072A13D29E
:101F600005686E6B521E02EB820293409E436E63C5
:101F70000A8893B20A79521E02EB820293400268E9
:101F8000556B2B43536327E005680D2A12D22E6B45
:101F9000D21F02EB820293409E432E630B790A8884
:101FA000DB1F92B203EB83039A4003681D6B2A4345
:101FB0001A6311E0EE6A0D3A02EB820293409E43EF
:101FC000EE620B790A880D3B92B203EB83039A40D1
:101FD0000368DD6A2A43DA621B4B0568194A9D4291
:101FE0000AD10D68122D07D1556825F400055560FA
:101FF000556845F48005556005689D421DD1134D17
:102000000B68AB4201D0112B17D1536823F4800326
:102010005360536843F4000353600968A9420CD12C
:102020000B490C4A0968B1FBF2F101EB810149004F
:1020300000E0491E00910029FBD180F83C400020BF
:1020400078BD000000230140002001401200001074
:102050003806002040420F0070B504000FD0206CFD
:1020600040F0020020642068816821F00101816055
:10207000206880684FF00005C00702D006E001200C
:1020800070BD204600F030F865642564284684F869
:102090003C5070BD70B504004FF0000503D0206CBB
:1020A000002610B107E0012070BD204600F03CF88A
:1020B000666484F83C60206CC00610D4206C20F468
:1020C000885040F0020020642046EEF7EDFD666483
:1020D000206C20F0020040F00100206400E00125A7
:1020E00084F83C60284670BD10B500680A498842F3
:1020F00011D10A48016821F480710160012108486A
:1021000000F028FB0121074800F024FBBDE8104047
:10211000122001F0DEBA10BD002001404438024018
:10212000000002400004024070B586B0044614214D
:102130006846EEF7E7FB1D492068884233D11C480A
:102140000024016841F480710160006800F480702F
:10215000059017481438016841F0010101600168D9
:1021600001F001010591016841F002010160006880
:10217000012500F00200009505900326CDE90164D9
:1021800069460C4800F0A0FB0095CDE90164694662
:10219000094800F099FB00220721122001F0B8FA4B
:1021A000122001F0A7FA06B070BD00000020014027
:1021B0004438024000000240000402402DE9F04192
:1021C0000446876D00F080FC064694F83500002533
:1021D000022806D08020606584F834500120BDE8D4
:1021E000F0812068016821F01601016020684169D2
:1021F00021F080014161206C08B9A06C20B12068F9
:10220000016821F0080101602068016821F00101E6
:1022100001600CE000F058FC801B052807D9202045
:102220006065032084F8350084F83450D7E72068CF
:102230000068C007EED194F85C103F208840B86079
:10224000012084F8350084F834500020C7E790F866
:102250003510022903D080214165012070470521F6
:1022600080F835100068016821F00101016000204C
:10227000704770B504002BD094F83500022826D0A2
:102280002068016821F001010160206800250560D7
:1022900020684560206885602068C5602068056109
:1022A0002168212048612046FFF73EF9E563256457
:1022B0006564A564E564256594F85C203F21914040
:1022C0008160656584F8355084F83450002070BD15
:1022D000012070BD90F83500704700002DE9F843EB
:1022E00004464FF00009CDF8009063484FF41651B2
:1022F000A56D0068B0FBF1F72E6894F85C1008201B
:1023000000FA01F131420FD021680A6852070BD55B
:102310000A6822F004020A6094F85C108840A86001
:10232000606D40F00100606594F85C104FF00108AA
:1023300008FA01F0304208D021684969090604D53D
:10234000A860606D40F00200606594F85C100420A5
:102350008840304208D021680968890704D5A86000
:10236000606D40F00400606594F85C1010208840B7
:10237000304218D021680968090714D5A860206880
:102380000168490304D50068000308D5A16C07E083
:102390000168C90503D4016821F008010160216CBE
:1023A00009B12046884794F85C10202088403042CC
:1023B00031D021680968C9062DD5A86094F8350088
:1023C00005282068016806D0490347D50068000346
:1023D0001DD4616C1CE021F0160101602068416988
:1023E00021F080014161206C08B9A06C20B1206807
:1023F000016821F00801016094F85C103F208840DA
:10240000A86084F8358084F83490216D1FE0E16B7A
:1024100009B120468847606D00282BD0606DC00749
:1024200014D0052084F835002068016821F00101EE
:1024300001600098401C0090B84203D820680068F2
:10244000C007F6D184F8358084F83490E16C002917
:1024500010D001B02046BDE8F04308470168C90527
:10246000D5D4016821F01001016084F8358084F82A
:102470003490CCE7BDE8F883380600202DE9F04120
:10248000044600F021FB06465CB1022084F83500CA
:10249000002584F834502068016821F001010160B2
:1024A0000DE00120BDE8F08100F00EFB801B052847
:1024B00005D920206065032084F83500F2E7206804
:1024C0000068C007F0D12268116820480140D4E9B3
:1024D00001031843D4E903363343184363691843AF
:1024E000A3691843E3691843236A18430843616AE0
:1024F000042903D1D4E90B13194308431060206861
:102500004069666A20F0070130460E43012704281F
:102510000CD1A06A0643E06A40B12046FFF718F8E4
:1025200020B14020606584F83570BAE720684661C4
:102530002046FEF7F9FF94F85C203F21914081602E
:10254000656584F835700020ACE700003F8010E03E
:1025500070B5044690F83400002501280CD0012005
:1025600084F8340094F835600020012E06D084F8F9
:1025700034000225284670BD022070BD022684F872
:10258000356060652046FFF70DF82068016841F06E
:1025900001010160EEE700000D4910B56FF49A30BB
:1025A000086000200860091D0A4A0A60086008499E
:1025B000094A10390A600860C022091D0A600860D3
:1025C0000322091D0A60086001F04AF8002010BDCE
:1025D00020380240F3795703FF10600070B50446BD
:1025E00000F072FA0546601C02D0044800780444EA
:1025F00000F06AFA401BA042FAD370BD2C060020FE
:102600002DE9F047044622480F46017E01290AD0F1
:102610000121804601764CF250394846FFF736FBDF
:10262000020003D02FE00220BDE8F0874FF0FF301A
:1026300038602068174D012801D0A6681CE0207C76
:102640006168FFF787FA4846FFF720FB02462868D3
:1026500020F00400286014E0217C3046FFF72EF9BA
:102660004846FFF713FB0200286820F07A00286034
:1026700001D03E6005E0761CD4E902100844B04267
:10268000EAD8FFF743F9002188F818101046CBE785
:102690000C060020103C02400348016841F0004154
:1026A0000160002070470000103C02402DE9F04717
:1026B0001B4E05461446307E1F468946012808D029
:1026C000012030764CF250384046FFF7DFFA18B15F
:1026D00014E00220BDE8F0879DB1012D16D0022D37
:1026E00019D022463B464846FFF758FA4046FFF7C6
:1026F000CDFA0C490A6822F001020A600021317605
:10270000E8E7E1B24846FFF739FAEFE7A1B24846F9
:10271000FFF75AFAEAE721464846FFF767FAE5E786
:102720000C060020103C0240074900200A68002ADD
:1027300009DA054A054B0C3A1360054B136009682A
:10274000002900DA01207047103C02402301674550
:10275000AB89EFCD2DE9F04F0022DFF82CB1012637
:102760004FF00F0906FA02F401EA0403A3427DD1F7
:1027700022F003075F44D7F8088895074FEA157CD5
:1027800009FA0CFA0AEA0805DFF80081404502D18F
:102790004FF000082BE0DFF8F880404502D14FF001
:1027A000010824E0DFF8EC80404502D14FF0020838
:1027B0001DE0DFF8E480404502D14FF0030816E049
:1027C000DFF8D880404502D14FF004080FE0DFF871
:1027D000D080404502D14FF0050808E0DFF8C48002
:1027E000404502D14FF0060801E04FF0070808FA13
:1027F0000CF8A84522D12C4DD5F800C02CEA030CCA
:10280000C5F800C02D1DD5F800C02CEA030CC5F892
:1028100000C0254D0C35D5F800C02CEA030CC5F8D6
:1028200000C02D1FD5F800C02CEA030CC5F800C06D
:10283000D7F8085825EA0A05C7F808580568570068
:102840000323BB409D430560D50800EB8507D7F8FF
:1028500020C055074FEAD56809FA08F52CEA050C9F
:10286000C7F820C0C5689D43C56000E005E0456825
:10287000A543456084689C438460521C102AFFF481
:1028800071AFBDE8F08F0000003001400000024051
:102890000004024000080240000C02400010024008
:1028A0000014024000180240003C01407047000044
:1028B000044910B50A68024202D00860FFF7F6FF2B
:1028C00010BD0000143C01402DE9F84FDFF8ACA129
:1028D0000022012403254FF00F090AF1040BAAF18D
:1028E000040E00BF0B6804FA02F63340B3426ED107
:1028F0000F7907F00307012F01D0022F16D1876847
:102900004FEA420805FA08FC27EA0C07D1F80CC088
:102910000CFA08FC4CEA070CC0F808C04768B7433B
:102920000E79C6F3001696403E4346600E79F64394
:10293000B6070AD0C6684FEA420C05FA0CF7BE4348
:102940008F6807FA0CF73743C7600E7906F0030665
:10295000022E10D1D60800EB8608D8F82060570761
:102960004FEAD76C09FA0CF7BE430F6907FA0CF768
:102970003743C8F8207006684FEA420C05FA0CF796
:10298000BE430F7907F0030707FA0CF737430760D8
:102990004E6816F4403F6BD0394E376847F4804795
:1029A0003760366822F0030706F480460096354EFD
:1029B00007EB060CDCF8086897074FEA177809FA66
:1029C00008F7BE43304FB84202D100271FE04FE066
:1029D0002E4FB84201D1012719E02D4FB84201D145
:1029E000022714E02B4FB84201D103270FE02A4FF2
:1029F000B84201D104270AE0284FB84201D1052787
:102A000005E0274FB84201D1062700E0072707FA63
:102A100008F73743CCF80878DAF800605746D1F861
:102A200004C09E435FEACC2C00D51E433E60DBF819
:102A300000605F46D1F804C09E435FEA8C2C00D54D
:102A40001E433E60DEF800607746D1F804C09E4326
:102A50005FEA8C3C00D51E433E60084F083F3E684D
:102A6000D1F804C09E435FEACC3C00D51E433E60D3
:102A7000521C102AFFF436AFBDE8F88F083C014025
:102A8000443802400030014000000240000402408F
:102A900000080240000C02400010024000140240F6
:102AA000001802400069084000D0012070474269C8
:102AB00021EA02030A4043EA0241816170470AB1F8
:102AC000816170470904FBE7014880687047000096
:102AD0002C06002001480078704700002C060020DA
:102AE00070B5040004D094F84100002510B106E050
:102AF000012070BD84F84050204603F0BFF8242028
:102B000084F841002068C16821F40051C16020466A
:102B10000AF06CFE2068016921F49041016120688F
:102B2000416921F0220141612068416941F00801B9
:102B300041612068C16841F40051C1606564202092
:102B400084F8410084F842006563002070BD0000F5
:102B5000074988420AD10749002088850648D0F8ED
:102B6000E01241F02001C0F8E0127047EFF7DABE42
:102B7000502B012018C2002090B90020704710B5DA
:102B8000040013D0242084F83D002068016821F05F
:102B900001010160204600F09DFC0020206484F8C3
:102BA0003D0044F8300FA073207310BD012010BD0C
:102BB00090F83D10282901D00220704790F83D1070
:102BC00090F83E2001F003010A430263202180F8BF
:102BD0003D10002180F83E1050F8201B0A6822F4B6
:102BE00080620A6050F8200C416821F44071416015
:102BF000002070472DE9F041016804464A694E689B
:102C000090F83E000025D743FA0506D4F243D205DA
:102C100003D46FF4807201254A61B90508D4F143E9
:102C2000C90505D422686FF4007145F002055161B1
:102C3000790525D4F143C90522D4638D94F83D105C
:102C4000226B202808D13BB9212910D029290ED088
:102C5000282901D1212A0AD022686FF480615161AC
:102C600045F00405102806D0402804D008E020468E
:102C700008F02AFA04E02068016841F4007101605C
:102C8000380508D4F043C00505D421686FF400600E
:102C900045F008054861002D07D0206C28432064CA
:102CA0002046BDE8F04107F0ABBDBDE8F0812DE95D
:102CB000F047026800215368C66A90F83E4090F8D9
:102CC0003D50102C12D0402C10D0046C002C7DD024
:102CD0005469E443A6077AD4DE43B60577D4036C7F
:102CE00003B19169BDE8F04708F0CAB99769516925
:102CF0004FF42A0CC9435FEAC1784FF02A4904D047
:102D000066452AD04E4528D010E0DE43B6050DD4E6
:102D1000C16A614501D1012103E0C16A494501D180
:102D20000821C162BDE8F04708F03EB80E0716D48E
:102D3000DE43B60513D4416CC9B21161416B09B1D0
:102D4000C96B29B9816B002907D0C96B002904D050
:102D50000068416841F400614160BDE8F0878E077A
:102D600006D4DE43B60503D4BDE8F04707F090BFB4
:102D7000FE43526876074FEA02521DD4002AECDB6C
:102D80000A0608D4DA43520505D4490705D5BDE83B
:102D9000F04707F021BF4907DFD4D9438905DCD4C8
:102DA000212D05D0402CD8D1BDE8F04708F042B81D
:102DB000BDE8F04707F0CEBE002ACEDB4A060BD4B2
:102DC000DA43520508D4490708D501E00DE00EE0CA
:102DD000BDE8F04707F044BE4907BED4D943890592
:102DE000BBD4BDE8F04707F0CEBD916970E7E106BE
:102DF00006D4D943890503D4BDE8F04708F0ACB93F
:102E00002821212D27D0292D25D0650655D4DD4335
:102E10006D0552D4640752D590F83D30448D002C96
:102E20009BD01269446A2270426A521C4262428DEF
:102E3000521E4285428D002A8FD12A2B8DD10268E5
:102E4000536823F4806353602222026380F83D10AC
:102E500000F0C6FB81E7250623D4DD436D0520D4B1
:102E6000640720D590F83D30448D002CF2D0446AA0
:102E700024781461426A521C4262428D521E42857D
:102E8000428D002AE6D1292BE4D10268536823F44D
:102E9000806353602122026380F83D1000F0A1FBA3
:102EA0005BE76107D6D4D9438905D3D4418D002986
:102EB000D0D0416A097811610AE06107CAD4D943C8
:102EC0008905C7D4418D0029C4D01169426A1170A7
:102ED000416A491C4162418D491E41853DE7000020
:102EE000064910B5884208D1012203210520F7F7D1
:102EF000E5F9BDE81040F7F7FFBD10BD502B0120EC
:102F000070B5040025D094F83D00002520B984F860
:102F10003C50204600F004FB242084F83D0020684B
:102F2000016821F0010101602068016841F400415D
:102F300001602068016821F40041016000F03CFF5D
:102F40004D4A6168914201D84C4900E04C498842A1
:102F500001D2012070BD4B492368B0FBF1F15E68DE
:102F600026F03F060E435E606368934206D94FF435
:102F7000967359434FF47A73B1FBF3F12368491CFC
:102F80001E6A26F03F06314319626168914210D8EB
:102F90004900401EB0FBF1F2521CC2F30B02042A9E
:102FA00001D2042022E0B0FBF1F0401CC0F30B0082
:102FB0001CE0A268F2B301EBC10303EB0116431E50
:102FC000B3FBF6F35B1C43F480431B0549D092B37B
:102FD00001EBC10202EB0111401EB0FBF1F0401CFD
:102FE000C0F30B0040F4804040F400402168CA69FF
:102FF0004CF6FF739A431043C861D4E907100143AC
:103000002068026822F0C00211430160D4E9030184
:1030100001432068826848F2FF339A43114381607C
:10302000D4E9050108432168CA6822F0FF02104371
:10303000C86001E00EE016E02068016841F001017F
:1030400001602564202084F83D00256384F83E500B
:10305000002070BD01EB4106431EB3FBF6F35B1C81
:10306000B3E70120C2E701EB4101401EB0FBF1F0E4
:10307000401CC0F30B00B7E7A086010080841E004F
:1030800000093D0040420F00704770477047000044
:10309000084910B588420CD1074901208885F7F707
:1030A00005F90649BDE81040142201F11400EDF7BE
:1030B00046BB10BD502B012018C2002024B00020B8
:1030C000704700002DE9FF4F83B09A46DDE9118774
:1030D00093460446DDF84090FFF7F6FC054694F869
:1030E0003D00202870D11923012274492046009503
:1030F00008F00CF90028F5D194F83C00012863D0C1
:10310000012084F83C0020680168C90703D10168E8
:1031100041F0010101602068016821F40061016053
:10312000222084F83D00402084F83E0000262664DA
:10313000C4F82490A4F82A80608D20856048E0625D
:10314000CDE9007553465A462046049907F0C6FE5D
:10315000002879D1208DD0B1012821D00228206803
:1031600024D0416980690090208D032866D8012809
:103170002BD0544902283B464FF00002009557D00F
:103180008846204608F0C2F800285DD13AE0206861
:10319000416981690091016841F4007101607DE03D
:1031A0002068016821F480610160F0E7016821F482
:1031B000806101602068016841F40061016020685D
:1031C00041698069009069E075E02A4639462046E9
:1031D00008F042F988BB54E02068016841F40071AE
:1031E000016020680069616A0870606A401C606262
:1031F000218D491E2185618D491E618521680969DE
:10320000017042E02068016821F48061016020685B
:103210000069616A0870606A401C6062208D401E0F
:103220002085608D401E60853B460022414600950A
:10323000204608F06BF800B9CEE705E02A4639468B
:10324000204608F009F918B1012007B0BDE8F08F59
:1032500020680069616A0870606A401C6062208DA5
:10326000401E81B22185608D401E608520684269C4
:10327000D243520712D4032903D1016821F480619B
:10328000016020680069616A0870606A401C6062C1
:10329000208D401E2085608D401E6085208D002879
:1032A0007FF462AF202084F83D0084F83E6084F80B
:1032B0003C600020C9E70220C7E7000002001000C0
:1032C0000000FFFF04000100F8B50024DDE90676E8
:1032D000009490F83D50202D5ED1304D46F2A81C50
:1032E0002D68B5FBFCF505EBC50C0CEB0515009541
:1032F0006D1E009506D00568AD69ED43AD070BD492
:10330000009DF5E740F8304F202141738473016937
:1033100041F0200101613FE090F83C50012D3BD08D
:10332000012580F83C500568D5F800C05FEACC7CE8
:1033300005D1D5F800C04CF0010CC5F800C00568F7
:10334000D5F800C02CF4006CC5F800C0222580F828
:103350003D50402580F83E50046447624685458DC7
:1033600005850F4DC56241648264C36404650168CC
:103370000A6842F480620A6001680A6842F4807256
:103380000A6080F83C40018D21B10068416841F439
:10339000E06141600020F8BD0220F8BD3806002041
:1033A0000000FFFF2DE9FF4F83B09A46DDE911973A
:1033B00093460446DDF84080FFF786FB054694F807
:1033C0003D0020287FD11923012240492046009545
:1033D00007F09CFF002876D194F83C00012872D0B9
:1033E000012084F83C0020680168C90703D1016806
:1033F00041F0010101602068016821F40061016071
:10340000212084F83D00402084F83E0000262664F8
:10341000C4F82480A4F82A90608D20852C48E062AE
:10342000CDE9007553465A462046049907F0D4FD6D
:1034300070B930E02A463946204608F045F858B1C0
:10344000206C042804D12068016841F400710160F7
:10345000012007B0BDE8F08F606A2168007808613C
:10346000606A401C6062218D491E89B22185628D8F
:10347000521E628522685369DB435B070BD469B136
:1034800000781061606A401C6062208D401E2085BB
:10349000608D401E6085208D0028CBD12A4639469C
:1034A000204607F007FF0028CAD154F83D0B0168F9
:1034B00041F400710160202004F81E09E677667768
:1034C0000020C6E7FFE70220C3E70000020010006B
:1034D0000000FFFF70B5044600680E49884218D10D
:1034E0000D48016821F4001101600C4D811528463A
:1034F000FFF730F969152846FFF72CF9A06BFEF7A6
:10350000B8FE1F2000F0E5F8BDE87040202000F074
:10351000E0B870BD00540040403802400004024052
:1035200070B586B0064614216846EDF7EBF92749D9
:103530003068884248D126480025016841F00201E0
:1035400001600068694600F0020005904FF4407089
:103550000090122001900120CDE902050420049082
:103560001C48FFF7B1F91A481030016841F4001106
:1035700001600068194C00F40010059016482060A6
:103580004FF00070C4E90105C013C4E90350656140
:10359000A561E561256220466562FEF76FFF08B10F
:1035A000FEF76AF9B463012207211F20A66300F029
:1035B000AFF81F2000F09EF800220721202000F025
:1035C000A7F8202000F096F806B070BD0054004027
:1035D0003038024000040240886002400C30012074
:1035E00070477047024881680278114481607047D3
:1035F0002C060020094810B5016841F400710160F3
:10360000016841F480610160032000F0A1F802200C
:1036100000F006F800F026F8002010BD003C024043
:1036200070B50D4D04464FF47A712878B1FBF0F077
:103630000A490968B1FBF0F001F05DFC48B9102CB3
:1036400007D200222146501E00F062F800206C6074
:1036500070BD012070BD00002C060020380600203F
:1036600070470000134808B5016841F480410160CB
:10367000006800F4804000900E48001F016841F08F
:1036800080510160006800F080500090042000F03C
:103690005FF800220721501F00F03AF800220721AE
:1036A000101F00F035F800220721BDE80840901EE9
:1036B00000F02EB844380240002809DB00F01F0259
:1036C000012191404009800000F1E020C0F8801203
:1036D000704700280DDB00F01F02012191404009D6
:1036E000800000F1E020C0F88011BFF34F8FBFF3DE
:1036F0006F8F7047002809DB00F01F020121914005
:103700004009800000F1E020C0F80011704700007F
:10371000F0B40E4B1B680C46C3F30223C3F107053C
:10372000042D00D90425191D072901D2002300E02A
:10373000DB1E012606FA05F1491E214099409E40F4
:10374000761E16403143F0BC0AF06EBA0CED00E074
:10375000064900F0070208684FF6FF03184040EAE8
:103760000220034A10430860704700000CED00E09F
:103770000000FA05014901204862704700000E422E
:10378000014901208862704700000E42034908B5D4
:103790000020086202480068009008BD00000E4248
:1037A00000700040034908B5012008620248006823
:1037B000009008BD00000E420070004007480268FB
:1037C00022F004020260012905D0032901D040BF84
:1037D00020BF20BF704730BF7047000010ED00E0F1
:1037E0000C4A136823F00303034313600A4802687A
:1037F00042F004020260012909D0032901D040BF30
:1038000020BF20BF016821F004010160704730BF74
:10381000F8E700000070004010ED00E02DE9F84FDF
:10382000044600780027C34DC00708D02868E16926
:1038300020F0C06008432860E06900B901272078C3
:10384000800708D52868216A20F0C0500843286006
:10385000206A00B90127208881046FF0FF0015D588
:103860002968A26C21F4401111432960A16C19B19F
:10387000B1F5001F02D009E0012707E0296862695D
:1038800021F4F85100EB02221143296021884904F8
:1038900015D52968E26C21F4400111432960E16CDF
:1038A00019B1B1F5000F02D009E0012707E029683E
:1038B000626921F4F85100EB02200143296020786D
:1038C0004FF00009000755D59A484C38016841F07F
:1038D000805101600068DFF8608200F08050009045
:1038E000D8F8001041F48071C8F80010FFF7ECF828
:1038F000064604E0FFF7E8F8801B02286FD8D8F8E6
:103900000000C005F6D58B4E1C3E306810F44070A8
:103910001FD0A18C01F4407181421AD0306801227D
:1039200020F4407185480260C0F800903160306832
:10393000C0070ED0FFF7C8F8804641F2883A05E08C
:10394000FFF7C2F8A0EB0801514548D8306880075E
:10395000F6D5616A7748C1F301228438032A36D04C
:10396000016821F4F81101603068A18CC1F30B01EA
:10397000084330602078DFF8C8A1400703D594F8E9
:103980005410CAF8E01120786E4EC00605D5306894
:10399000E16A20F440000843306020784FF000686E
:1039A000800609D53068216B20F000600843306044
:1039B000206B404500D101272078400605D53068AE
:1039C000A16A20F080500843306067B908E00268BF
:1039D0005D4B22F4F81219400A430260C4E773E019
:1039E0002068802877D1DFF864B1CBF86890FFF7C2
:1039F0006BF8504F81468C3F06E000BFFFF764F83C
:103A0000A0EB090002285FD838680001F6D4216DC8
:103A1000CAF8D81020684E49C20701D0E2697AB1CD
:103A2000820701D5226A5AB1820602D5226B42452D
:103A300006D040060FD5A06A68B9206B40450AD170
:103A4000D4E9010240EA8210227B237C120642EA7A
:103A50000372104308602068820401D5A26C1AB179
:103A6000400415D5E06C98B90868D4E9012342EA0E
:103A70008312C0F30360237C000640EA0370024314
:103A80000A602868A26920F01F00521E10432860B7
:103A9000207800060AD5D4E9010240EA8210227B90
:103AA000237C120642EA0372104308600120CBF81F
:103AB0006800FFF709F880460AE000BFFFF704F846
:103AC000A0EB0800022803D90320BDE8F88F02E02C
:103AD00038680001F2D52088C00505D52868616BDB
:103AE00020F00040084328602088800505D528681C
:103AF000A16B20F40040084328602088400505D5CC
:103B00002868E16B20F00040084328602088000509
:103B100005D52868216C20F480400843286020885F
:103B2000C00405D53068616C20F040400843306027
:103B30000020CAE78C38024000700040400E474227
:103B40000010474294380240FFFCFF0F000047423C
:103B5000843802402DE9F0470E46050065D0DFF8B5
:103B60001481D8F80000F7B200F00700B04207D285
:103B700088F80070D8F8000000F00700B04254D177
:103B800028683D4C810712D5400703D5206840F4D2
:103B9000E05020602878000703D5206840F460409A
:103BA00020602068A96820F0F00008432060287891
:103BB000C0072DD0304968680839012812D0022882
:103BC00013D0032811D00968890700292DDA21684C
:103BD00021F0030101432160FEF776FF814641F2A7
:103BE000883A0EE009688903EFE709688901ECE784
:103BF000FEF76AFFA0EB0901514502D90320BDE899
:103C0000F0872068696800F00C00B0EB810FEFD1FD
:103C1000D8F80010404601F00701B14207D90770FB
:103C2000006800F00700B04201D00120E7E72878E3
:103C3000400705D52068E96820F4E050084320607B
:103C40002878000706D52068296920F4604040EAFA
:103C5000C100206000F0D0F82168084AC1F30311C8
:103C6000515CC8400649086006480068FFF7D8FC68
:103C70000020C4E7003C024008380240303102080E
:103C800038060020300600202DE9F041FEF71CFF29
:103C9000444C0546206840F00100206005E000BF6C
:103CA000FEF712FF401B022847D820688007F7D58F
:103CB000206840F080002060FEF706FF0546394E80
:103CC00000200836306041F2883704E0FEF7FCFE41
:103CD000401BB84231D8306810F00C0FF6D1FEF717
:103CE000F3FE0546206820F45020206005E000BF68
:103CF000FEF7EAFE401B64281FD820688003F7D433
:103D0000FEF7E2FE0546206820F08070206004E0A7
:103D1000FEF7DAFE401B02280FD820688001F7D496
:103D2000FEF7D2FE0546206820F08060206007E0A4
:103D3000FEF7CAFE401B022802D90320BDE8F0812D
:103D400020680001F4D417491748091D0860154977
:103D50008431086013480C30016821F4F851016087
:103D6000016821F400510160016841F41F01016004
:103D7000016841F4001101600A487430016821F0C3
:103D800001010160016841F0807101600849074844
:103D9000086008480068FFF743FC0028CED00120E7
:103DA000CCE7000000380240103000240024F4006A
:103DB00038060020300600200448054900680968DC
:103DC000044AC1F38221515CC84070473806002084
:103DD0000838024040310208044805490068096873
:103DE000044AC1F34231515CC84070473806002094
:103DF0000838024040310208154810B5006810F03C
:103E00000C02144813D01449042A0FD0082A0ED1EA
:103E10000F4C241F2268236802F03F025B0207D583
:103E20002068C0F38810A0FB010106E0084610BD21
:103E30002168C1F38811A1FB00010023ECF7DAFA35
:103E40002168C1F30141491C4900B0FBF1F010BDEC
:103E5000083802400024F40000366E012DE9F84FC6
:103E600004006ED02078DFF86093C007A9F1040544
:103E70004AD009F104000168C1F38101012908D089
:103E80000068C0F3810002280AD1D9F8000040027E
:103E900006D52868800337D560680028E1D033E074
:103EA0006068B0F5803F10D0B0F5A02F286810D022
:103EB00020F480302860286820F480202860606822
:103EC000A8B1FEF701FE06460DE0286840F48030F8
:103ED000F4E740F480202860F7E700BFFEF7F4FD28
:103EE000801B642873D828688003F7D50CE0FEF7A0
:103EF000EBFD064605E000BFFEF7E6FD801B6428EB
:103F0000F0D828688003F7D42078DFF8C0828007D3
:103F10004FF0000A3ED5AC48001D016811F00C0FAF
:103F200008D00068C0F3810002280BD1D9F8000046
:103F3000400207D42868800716D5E068012800D120
:103F400012E03CE1E068B8B10120C8F80000FEF7DB
:103F5000BBFD064605E000BFFEF7B6FD801B02284C
:103F6000C0D828688007F7D52868216920F0F800B4
:103F700040EAC10028600DE0C8F800A0FEF7A4FDEB
:103F8000064604E0FEF7A0FD801B02281FD8286823
:103F90008007F7D42078000722D58B4E8C486169C2
:103FA000703671B101210160FEF78EFD074604E015
:103FB000FEF78AFDC01B022809D830688007F7D5B4
:103FC0000EE0C0F800A0FEF77FFD074605E082E0A6
:103FD000FEF77AFDC01B02287DD830688007F7D431
:103FE0002078400768D5DFF8E0B100270BF13C0BE3
:103FF000DBF80000C0000BD4DBF8001041F080516A
:10400000CBF80010DBF80000012700F08050009092
:10401000704E3068C00510D4306840F48070306055
:10402000FEF752FD009005E0FEF74EFD0099401AA4
:10403000022850D83068C005F6D5634EA0686C36AB
:1040400001280FD00528306810D020F00100306022
:10405000306820F004003060A068B8B1FEF734FD8D
:1040600000900FE0306840F00100F4E740F00400F9
:104070003060F7E7FEF728FD0099411A41F28830D9
:10408000814268D830688007F4D50EE0FEF71CFD49
:10409000009007E0FEF718FD0099411A41F28830C0
:1040A000814258D830688007F4D42FB1DBF8001073
:1040B00021F08051CBF80010A069D8B34249091D06
:1040C0000968C1F3810102294CD00228504607D06B
:1040D000C8F8600000E03EE0FEF7F6FC04463DE074
:1040E0004746C8F86000FEF7EFFC064605E000BF53
:1040F000FEF7EAFC801B02282DD828688001F7D43F
:10410000F4E907010843E168334A490802EB014139
:10411000A26841EA82110843217C40EA0160217DC6
:1041200040EA0171C9F8001001203866FEF7CCFCA6
:10413000044606E045E000BFFEF7C6FC001B02286F
:1041400009D828688001F7D53BE000BFFEF7BCFC2A
:10415000001B022802D90320BDE8F88F28688001DF
:10416000F4D42EE00128F7D0D9F80000E26900F479
:104170008001914223D1226A00F03F0191421ED179
:1041800047F6C071626A0140B1EB821F17D1A26A83
:104190004FF0FF3300F4403103EB5202B1EB024F1A
:1041A0000DD194F82C2000F07061B1EB026F06D1B4
:1041B00094F8301000F0E040B0EB017F01D0012016
:1041C000CAE70020C8E70000043802400000474268
:1041D000800E4742007000400000FFFF0548C07895
:1041E000002806D00448D0F8E01241F00401C0F8DD
:1041F000E01270479801002090B90020006850300C
:1042000050F8210070470068503040F82120704776
:104210002DE9F05F0446007F92468B46012813D0BB
:104220004FF0010884F81C80022060772068CA21C2
:104230004162216853204862FEF746FC002507468C
:10424000FF264FF47A790EE00220BDE8F09F00BF10
:10425000FEF73AFCC01B484505D92068466203209A
:1042600060772577F1E72068C0680007F0D4206800
:1042700081684FF00407C9060BD44AEA0B01C162FA
:1042800020688068800609D4204600F0F1FA28B141
:1042900020684662677725770120D6E72068466266
:1042A00084F81D8025770020CFE700000648C17BF9
:1042B000022906D0C07B012805D141030348FEF73F
:1042C000F6BB0121017470479801002000080240EC
:1042D00010B5144904464FF4003008602068816826
:1042E000C9040BD5C168C90508D5C16801F08001B2
:1042F00061F4C071C1602046FFF7D8FF2068816873
:1043000089040BD5C168890508D5C16801F0800111
:1043100061F42071C1602046FFF760FF01206077E3
:1043200010BD0000143C01402DE9F0470446007F19
:10433000012822D04FF0010884F81C800220607709
:104340002268CA20506222685320506220680025EB
:10435000FF26B1F5807F81684FF0030A4FF47A7928
:104360000ED021F4007181602068816821F4005131
:104370008160FEF7A9FB074624E00220BDE8F08734
:1043800021F4807181602068816821F4805181600E
:10439000FEF79AFB074604E0FEF796FBC01B484574
:1043A00009D82068C068C007F6D00FE0FEF78CFB84
:1043B000C01B484506D92068466284F81DA02577B1
:1043C0000320DBE72068C0688007EFD520684662DD
:1043D00084F81D8025770020D0E7000010B5006824
:1043E0000B4641680D480140080CD870C1F3042405
:1043F0005C7001F03F049C70C1F34231197052B9F6
:1044000007F060FED870587807F05CFE5870987816
:1044100007F058FE9870002010BD00003FFFFF001D
:1044200010B50B460168896A596001680969C1F3D2
:104430000E019960006801680D480140C1F3054014
:104440001870C1F306245C7001F07F049C70890D24
:10445000D97052B907F036FE1870587807F032FE5E
:104460005870987807F02EFE9870002010BD00005C
:104470007F7F7F0010B5040002D0607F10B106E09E
:10448000012010BD00202077204600F041F80220D6
:1044900060772068C168C943C90632D5CA21416224
:1044A000216853204862204607F020FE20BB206888
:1044B0008168164A114081602168886862681043EB
:1044C000D4E904231A43104388602168E068086136
:1044D00020680169228941EA02410161204607F012
:1044E00029FE48B921680A6C22F480220A642168F6
:1044F0000A6CA3691A430A642268FF21516208B159
:1045000010BD00200121617710BD0000BFFF8FFFAB
:1045100010B596B0044658216846ECF7F3F91249F5
:10452000206888421AD10820009010480068C0F323
:104530000120022814D00E4809906846FFF76EF952
:1045400008B1FDF799F90B49012008600022072105
:104550002920FFF7DDF82920FFF7CCF816B010BDB1
:104560004FF40070E8E70000002800407038024077
:10457000000318003C0E47422DE9F843644E034601
:104580004FF4FA4730680C46B0FBF7F07911484316
:104590000090187F012877D04FF0010983F81C9014
:1045A0000220587718680025002A80684FEA40608A
:1045B0006CD0002800DBE570A078227894F803C066
:1045C00040EA02406278E169120242EA8C521043EA
:1045D00094F8202040EA026008436169A269084318
:1045E0006168D3F800C01143CA22CCF82420D3F864
:1045F00000C05322CCF82420626AFF24B2F5807FE9
:104600001A684FF0030C5CD0D2F8088028F40078C8
:10461000C2F808801A68D2F80C8008F0800868F4A4
:104620002078C2F80C8032684FF47A76B2FBF7F249
:10463000724300921A68009E761E009661D0D6687A
:10464000B607F8D51062186881641868816841F46B
:10465000007181601868816841F4005181602D48C3
:10466000016841F4003101602A480830016841F4D2
:10467000003101601868446283F81D901D770020A6
:10468000BDE8F88300E001E00220F9E7002800DB44
:10469000E570207807F01FFD0204607807F01BFD2D
:1046A00042EA0022A07807F016FD0243E07842EAD1
:1046B000805294F8200007F00EFD42EA0060E169A4
:1046C0008AE7966826F4807696601A68D66806F0BF
:1046D000800666F4C076D6601A68009E761E009644
:1046E0000FD0D668F607F8D0D06118684164186812
:1046F000816841F4807181601868816841F480515B
:10470000ACE7546283F81DC01D770320B8E70000B2
:1047100038060020003C014070B50446007F0B467F
:10472000012819D00126267702206077B2B1987847
:10473000D97840EA014558781978000240EA4130BA
:1047400005432168CA2048622168532048622046F8
:1047500007F0CCFCD0B122E0022070BD5878C10631
:1047600003D500F0EF000A305870D87807F0B3FC9A
:104770000204587807F0AFFC42EA0022987807F06C
:10478000AAFC0243187842EA4035DAE707480540B8
:1047900020684560204607F0CDFC00B966772268A6
:1047A000FF2151620021217770BD00003FFFFF0013
:1047B0002DE9F0410446007F0D46012823D04FF03B
:1047C000010884F81C800220607720680027806838
:1047D0004FEA4060D2B1002800DBEF70A87829785A
:1047E00040EA01466878E978000240EA81500643D1
:1047F0002168CA204862216853204862204607F099
:1048000075FCB8B12CE00220BDE8F081002800DB87
:10481000EF70287807F05FFC0204687807F05BFC13
:1048200042EA0022A87807F056FC0243E87842EA00
:104830008056DDE70D4806402068066020688168E4
:1048400021F480218160D5E90301084321688A6849
:1048500010438860204607F06DFC08B984F81D807D
:104860002268FF2151622777CEE700007F7F7F001B
:1048700070B504460B482168C860FEF725F9054667
:104880004FF47A7607E000BFFEF71EF9401BB042F6
:1048900001D9032070BD2068C0688006F4D50020CF
:1048A00070BD00005F3F01004FF0E020016941F062
:1048B00002010161704710B5040011D0022084F894
:1048C00051002068016821F040010160204600F09D
:1048D00067F80020606584F8510084F8500010BD2E
:1048E000012010BD70B5040009D0606A002540B1F8
:1048F00025616561A56294F8510040B10CE001208A
:1049000070BD6068B0F5827FF4D0E561F2E784F8AD
:104910005050204600F096F8022084F8510020689C
:10492000016821F040010160A088218900F48270B3
:1049300001F404410843A18901F400610843217C8A
:1049400001F002010843217D01F001010843218BA0
:1049500001F400710843217F01F03801084394F805
:10496000201001F080010843218D01F4005108431B
:1049700021680860A069042101EA104094F824101D
:1049800001F010010843216848602068C16921F4E2
:104990000061C1616565012084F85100002070BD8F
:1049A00070B5044601682048204A214B814208D155
:1049B000106820F480501060E0211846FDF7CAFE10
:1049C0001AE01A481B4E001F1B4DB14206D1016868
:1049D00021F4804101604FF444411CE0174EB14284
:1049E0000CD1016821F40041016038212846FDF70F
:1049F000B1FEE06CFDF73DFCA06C10E01048814278
:104A000011D1106820F40050106002211846FDF703
:104A1000A1FE4FF400512846FDF79CFEE06CBDE876
:104A20007040FDF726BC70BD0030014044380240A4
:104A3000000002400038004000040240003C0040FA
:104A4000003401402DE9F04F87B005461421684637
:104A5000EBF758FFC148DFF80083D5F800C002210A
:104A6000032205230615042700244FF4804AC44579
:104A700055D1DFF8E8C20CF1140CDCF8008048F4E2
:104A80008058CCF80080DCF800C00CF4805CCDF8D5
:104A900014C0D0F800C04CF0010CC0F800C0006891
:104AA0000DF1040900F001000590A0200090022003
:104AB00090469B4689E811096946A948FDF704FF1D
:104AC0004FF040090220CDE900900DF1080C0120C3
:104AD0008CE801096946A248FDF7F6FEDFF888B2C6
:104AE000A0495846CBF80010C0E90346C0E9054A82
:104AF0004FF0C061CBF81C40C0E901190BF120094F
:104B0000B10189E88201C901CBE90B14FDF7B6FCBC
:104B100008B1FCF7B1FE5846C5F848B057E0DFF8D9
:104B20004C82DFF838E2DFF848B20EF1100E4FF495
:104B30008079C4454FD1DEF8008048F48048CEF833
:104B40000080DEF800C00CF4804CCDF814C0D0F822
:104B500000C04CF0020CC0F800C0006801A900F0D1
:104B6000020005904FF4044000900220904681E836
:104B700011010520049069465846FDF7A5FE022064
:104B8000CDE900A00120CDE9020805200490694686
:104B90005846FDF799FEDFF8E08176494046C0E9C6
:104BA0000014C8F80840C8F818A0C914C8F80C4088
:104BB000C0E90461C0E909748901C8F82C40C8E95A
:104BC0000791C8F83040BDE0FCF756FEBFE08563B2
:104BD00007B0BDE8F08FDFF8A481C44555D1DEF8F9
:104BE00000C04CF4004CCEF800C0DEF8003003F4F6
:104BF00000430593036843F002030360006800F07C
:104C00000200059038208DE813000620CDE903202E
:104C100069465846FDF758FEDFF86481554940461D
:104C20001839C0E90014C8F80840C0E90346C8F8BC
:104C30001440C8F81840C8F81C40C0E90847C8F834
:104C40002840C8F82C40C8F83040FDF717FC08B1E0
:104C5000FCF712FE47484B4EC5F84C806030C8F850
:104C60003850C6E900044020C6E90204346174618A
:104C7000C6E90649346230467462FDF7FFFB08B1AD
:104C8000FCF7FAFDAE64B563A2E7DFF8FC80C4452B
:104C90009ED1DFF8C8C00CF1140CDCF8008048F499
:104CA0000058CCF80080DCF800C00CF4005CCDF8B3
:104CB00014C0D0F800C04CF0010CC0F800C0D0F80F
:104CC00000C00CF0010CCDF814C0D0F800C04CF0BE
:104CD000020CC0F800C00068009100F002000590CE
:104CE000CDE901140320CDE90303884669461C4839
:104CF000FDF7EAFD4FF40050CDE900080320CDE9AF
:104D000002400620049069465846FDF7DDFD15492E
:104D1000DFF8788048394046C8F80010C905C0E976
:104D20000114C8F818A00914C8F80C40C0E90461BF
:104D3000C0E909744FF44031C8F82C40C8E9079124
:104D4000C8F83040FDF79AFB00287FF43DAF40469D
:104D5000C5F84C803BE7000000300140303802408D
:104D600000000240586402406C30012000380040CE
:104D70000004024058600240CC300120003C00405A
:104D80002C3101208C31012000340140EC31012014
:104D90002DE9F84F984616468A460446FDF794FEDC
:104DA000814694F8510001281ED1BAF1000F73D04A
:104DB000002E71D094F85000012815D0012784F8F6
:104DC0005070032084F8510000256565C4F830A0B8
:104DD000A686E686A563A587E58765642564A06841
:104DE000B0F5004F03D00CE00220BDE8F88F20683A
:104DF000016821F0400101602068016841F48041B0
:104E0000016020680168490603D4016841F040014F
:104E10000160E068B0F5006F606803D048B3012E10
:104E200027D047E008B1012E1FD1206B21680088F0
:104E3000C86006E020688168890709D5216B098868
:104E4000C160206B801C2063E08E401EE0860CE079
:104E5000FDF73AFEA0EB0901414503D3B8F1FF3F4E
:104E600003D035E0B8F1000F32D0E08E0028E1D158
:104E700023E0206B21680078087306E020688168D1
:104E800089070AD5216B09780173206B401C2063C8
:104E9000E08E401EE0860DE02BE0FDF715FEA0EB56
:104EA0000901414503D3B8F1FF3F03D010E0B8F149
:104EB000000F0DD0E08E0028E0D14A464146204642
:104EC00007F0E0FA08B120206065A06830B109E081
:104ED00084F8517084F85050032086E72068C16838
:104EE0008068009084F8517004F8505F6068002872
:104EF000F3D0012079E710B5401EB0F1807F01D3D7
:104F0000012010BD4FF0E02460610F21601708F010
:104F10008BFE0020A06107202061002010BD4FF013
:104F2000E020016921F0020101617047704770477C
:104F300010B590F83C20012A22D0012280F83C20B4
:104F4000CA688C6822F4407222434C6822F4806262
:104F500022430C6822F4006222430C6922F480523E
:104F600022434C6922F400522243C969002322F4EF
:104F700080420A4301684A6480F83C30002010BD3A
:104F8000022010BD70B590F83C20012A32D00124D7
:104F900080F83C40022280F83D2003685A689D68F2
:104FA00022F070060A6832435A60134B02689A4234
:104FB00014D0B2F1804F11D0104B9A420ED0104B4A
:104FC0009A420BD00F4B9A4208D00F4B9A4205D011
:104FD0000E4B9A4202D00E4B9A4204D1496825F0FA
:104FE00080031943916080F83D40002180F83C1017
:104FF000084670BD022070BD000001400004004062
:1050000000080040000C0040000401400040014046
:105010000018004010B50446022084F83D002068C6
:10502000016A41F21112114207D1016A9210114234
:1050300003D1016821F001010160204600F046F82B
:10504000002084F8460084F83E0084F83F0084F88D
:10505000400084F8410084F8420084F8430084F85A
:10506000440084F8450084F83D0084F83C0010BDFD
:1050700010B5040003D094F83D0010B107E0012002
:1050800010BD002084F83C00204600F06FF802209C
:1050900084F83D00211D206808F0A2F9012084F861
:1050A000460084F83E0084F83F0084F8400084F80D
:1050B000410084F8420084F8430084F8440084F8F6
:1050C000450084F83D00002010BD000010B50446E6
:1050D0000068204A2049904203D1086820F001006E
:1050E00021E01D4A121FB0F1804F07D01B4B9842A0
:1050F00013D1106820F00400106015E0106820F053
:1051000001001060206AFDF7B4F8E06AFDF7B1F81D
:10511000BDE810401C20FEF7DCBA114B984208D1C4
:10512000086820F002000860206ABDE81040FDF722
:10513000A0B80C4B984204D1086820F48030086075
:1051400010BD09498842FBD1106820F480701060BE
:1051500010BD00000000014044380240000800403B
:105160000004014000400140002000402DE9F84FBC
:105170000446D0F800C07948774A00210315C514C9
:10518000861504274FF400594FF4803A4FF0010B75
:10519000944525D1026842F0010202600068DFF800
:1051A000C48100F0010000906D4A4046C8F800201C
:1051B0004FF04062C0E9012108F10C02C8F82470E8
:1051C00082E82A02C0E90AB1C8E9076AC8F83010C3
:1051D0002DE000BFC4F82080C8F83840BDE8F88F43
:1051E0005E4A121FBCF1804F28D0DFF87C81C44595
:1051F0005BD1106840F0040010601068DFF8708127
:1052000000F004000090594A4046C8F800204FF0D2
:105210008062C0E9012108F10C0CC8F824708CE808
:105220002A02C0E90AB1C8E9076AC8F83010FDF7D8
:1052300025F90028CED0FCF71FFBCBE7106840F023
:10524000010010601068494A00F00100DFF8248175
:105250000090783AC8F800204FF0C062C8F80420E7
:1052600040464022C8F81030C0E902211202C0E9CD
:105270000552C0E909714FF44032C8F82C10C8E952
:105280000762C8F83010FDF7F9F808B1FCF7F4FA36
:10529000C4F82080C4F82C80012202211C20C8F808
:1052A0003840FEF735FA1C2051E0DFF8CC80C445C9
:1052B00029D1026842F0020202600068DFF8BC8077
:1052C00000F002000090264842466038C8F800000E
:1052D0004FF06060C2E9010108F10C0CC8F82470BD
:1052E0008CE82A02C2E90AB1C8E9076A4046C8F850
:1052F0003010FDF7C3F808B1FCF7BEFAC4F82080FF
:10530000C8F838401DE01E498C450ED1016841F4B3
:10531000803101600068002200F480300090114666
:105320001820FEF7F5F9182011E0164884457FF49F
:1053300055AF106840F480701060106800F4807001
:105340000090002207212D20FEF7E2F92D20BDE874
:10535000F84FFEF7CFB9000000000140443802408A
:10536000886402404C32012000080040A0600240E6
:105370000C330120AC320120000401406C330120C9
:10538000004001400020004090F83D10012901D06C
:1053900001207047022180F83D10006811498842C1
:1053A00014D0B0F1804F11D00F4988420ED00F4970
:1053B00088420BD00E49884208D00E49884205D059
:1053C0000D49884202D00D49884204D1816801F01C
:1053D0000701062903D0016841F0010101600020A6
:1053E0007047000000000140000400400008004039
:1053F000000C004000040140004001400018004043
:1054000090F83D10012901D001207047022180F859
:105410003D100168CA6842F00102CA600068114983
:10542000884214D0B0F1804F11D00F4988420ED07D
:105430000E4988420BD00E49884208D00D49884257
:1054400005D00D49884202D00C49884204D18168B8
:1054500001F00701062903D0016841F00101016054
:105460000020704700000140000400400008004098
:10547000000C0040000401400040014000180040C2
:1054800001680A6A41F211131A4207D10A6A9B1095
:105490001A4203D10A6822F001020A60012180F851
:1054A0003D10002070470168CA6822F00102CA60FE
:1054B00001680A6A41F211131A4207D10A6A9B1065
:1054C0001A4203D10A6822F001020A60012180F821
:1054D0003D100020704770B5044690F83C00002550
:1054E000012817D0012684F83C60022084F83D0092
:1054F0002068826822F0770222F47F428260086886
:10550000502838D00DDC20284FD005DC90B310286F
:1055100011D14AE0022070BD302846D040280AD17F
:105520003BE060282FD070280DD0B0F5805F03D00D
:10553000B0F5005F12D0012584F83D60002084F8AA
:105540003C00284670BDCB68D1E90121206807F0F6
:10555000BCFF2068816841F0770109E0CB68D1E9A0
:105560000121206807F0B1FF2068816841F4804183
:105570008160E1E719E0CA684968206808F0C0F86E
:105580005021206806E0CA684968206808F0C9F818
:105590006021206807F0A3FFCEE7CA684968206849
:1055A00008F0AEF840212068F4E722680146104672
:1055B000F0E770472DE9F04104460068C6680569C8
:1055C0004FF00007A90713D5B10711D5F91E0161E6
:1055D00001202077206880698007204602D0FFF7ED
:1055E000E8FF04E000F0CFF8204600F08FF92777BD
:1055F000680716D5700714D521686FF0040008619C
:10560000022020772068806910F4407F204602D075
:10561000FFF7CFFF04E000F0B6F8204600F076F97F
:105620002777280715D5300713D521686FF00800B4
:105630000861042020772068C0698007204602D0D6
:10564000FFF7B7FF04E000F09EF8204600F05EF997
:105650002777E80616D5F00614D521686FF01000FC
:105660000861082020772068C06910F4407F204638
:1056700002D0FFF79EFF04E000F085F8204600F01E
:1056800045F92777E80708D0F00706D021686FF0C2
:1056900001000861204600F0DDF9280608D5300633
:1056A00006D521686FF0800008612046FFF73EFCB8
:1056B000680608D5700606D521686FF040000861BD
:1056C000204600F0F3F9A8060AD5B00608D52168EF
:1056D0006FF0200008612046BDE8F041FFF727BCCD
:1056E000BDE8F08110B586B0044614216846EBF79A
:1056F00009F92068B0F1804F15D10C4800210268EB
:1057000042F001020260006800F0010005900820EC
:1057100000900220CDE901010120CDE90310694686
:105720000348FDF7D1F806B010BD00003038024044
:105730000000024070B5044690F83C0000250128A6
:105740000FD0012084F83C006AB1042A0FD0082A47
:1057500011D00C2A13D00125002084F83C002846E3
:1057600070BD022070BD206807F0C2FEF4E720681B
:1057700007F0EEFEF0E7206807F020FFECE7206876
:1057800007F050FFE8E7704710B5040003D094F825
:105790003D0010B107E0012010BD002084F83C005E
:1057A000204600F01EF8022084F83D00211D2068EC
:1057B00007F016FE012084F8460084F83E0084F8C5
:1057C0003F0084F8400084F8410084F8420084F8E7
:1057D000430084F8440084F8450084F83D0000202C
:1057E00010BD704770B5044690F83C0000260D4689
:1057F00001280FD0012084F83C006AB1042A1DD092
:10580000082A2FD00C2A3FD00126002084F83C0023
:10581000304670BD022070BD206807F069FE206828
:10582000816941F0080181612068816921F00401EA
:105830008161206881692A69114311E0206807F0BD
:1058400087FE2068816941F4006181612068816977
:1058500021F480618161206881692A6941EA02211D
:105860008161D2E7206807F0A9FE2068C16941F094
:105870000801C1612068C16921F00401C16120688B
:10588000C1692A69114311E0206807F0CBFE206846
:10589000C16941F40061C1612068C16921F480617E
:1058A000C1612068C1692A6941EA0221C161ACE78E
:1058B00010B5040003D094F83D0010B107E00120BA
:1058C00010BD002084F83C00204600F01EF80220A5
:1058D00084F83D00211D206807F082FD012084F836
:1058E000460084F83E0084F83F0084F8400084F8C5
:1058F000410084F8420084F8430084F8440084F8AE
:10590000450084F83D00002010BD7047704700003E
:1059100010B50446022249B104290ED0082913D03B
:1059200094F84100012816D0012010BD94F83E00E3
:105930000128F9D184F83E200FE094F83F000128B7
:10594000F2D184F83F2008E094F840000128EBD120
:1059500084F8402001E084F841200122206807F00B
:10596000A7FD16492068164A884201D0904203D10B
:10597000436C43F4004343642068884213D0B0F181
:10598000804F10D00F4988420DD00F4988420AD06D
:105990000E49884207D0904205D00D49884202D076
:1059A0000C49884204D1816801F00701062903D01F
:1059B000016841F001010160002010BD00000140BC
:1059C000000401400004004000080040000C0040BA
:1059D000004001400018004030B504460D46006804
:1059E000002207F065FD194B41F2111120688A1061
:1059F000984202D0164B984209D1036A0B4206D155
:105A0000036A134203D1436C23F4004343642068C8
:105A1000036A0B4206D1016A114203D1016821F0E9
:105A20000101016001203DB1042D08D0082D09D0ED
:105A300084F84100002030BD84F83E00FAE784F885
:105A40003F00F7E784F84000F4E700000000014061
:105A500000040140704770B5044690F83C000128EE
:105A600012D0012584F83C50022084F83D002046E5
:105A700007F000FE01004FF0000007D084F83D5011
:105A800084F83C00012070BD022070BD2168CA6806
:105A900022F04002CA602168CA6822F48042CA60CB
:105AA00084F83D5084F83C00002070BD704710B56C
:105AB00004460068406994F84110C0F3C0102129E1
:105AC00011D180B12068143050E8001F21F080010E
:105AD00040E80012002AF5D1A06B08B1FCF76EFB7C
:105AE000204607F074FE2068406994F84210C0F325
:105AF0008010222911D180B12068143050E8001F95
:105B000021F0400140E80012002AF5D1E06B08B115
:105B1000FCF754FB204607F033FE002010BD10B503
:105B2000040015D0242084F841002068C16821F4C5
:105B30000051C160204600F03FF80020606484F806
:105B4000410084F8420044F8300F6060207410BDBA
:105B5000012010BD70B5040004D094F84100002568
:105B600010B106E0012070BD84F84050204600F0DE
:105B700085F8242084F841002068C16821F4005190
:105B8000C160204607F032FE2068016921F490418F
:105B900001612068416921F02A0141612068C168E2
:105BA00041F40051C1606564202084F8410084F80C
:105BB00042006563002070BD2DE9F04704462A4D80
:105BC0000068284FDFF8A4902E1D4FF48058B8428B
:105BD0000CD1286820F40020286041464846FCF794
:105BE000B9FDA06BFCF745FB342011E02049884249
:105BF00010D1306820F010003060C0211D48FCF743
:105C0000A9FDE06BFCF735FBA06BFCF732FB252010
:105C1000FDF75FFD2068B8420FD1286820F400200E
:105C2000286041464846FCF795FDE06BFCF721FBF8
:105C3000A06BFCF71EFB34200EE00F4988420FD109
:105C4000306820F020003060C9144846FCF782FD1F
:105C5000A06BFCF70EFB4720BDE8F047FDF739BD10
:105C6000BDE8F087004C0040403802400000024090
:105C70000010014000040240001401402DE9F04FE3
:105C800087B0044614216846EAF73CFE9A4920682A
:105C90009A4E00250F154FF0120B4FF0010A4FF0EE
:105CA00040084FF00069884239D1944810300168AB
:105CB00041F400210160006800F400200590306884
:105CC00040F0010030603068694600F00100059046
:105CD000B014CDE9000B0320CDE902A00B20049005
:105CE0008748FCF7F1FD88488649C0F80880C0E97C
:105CF000035745618561C56105624562C0E90019C8
:105D0000FCF7BCFB08B1FBF7B7FD7F48A06301229D
:105D1000846305213420FDF7FBFC342050E07B49EF
:105D200088424FD175481430016841F0100101607C
:105D3000006800F010000590306840F0020030600C
:105D4000306801A900F002000590C02000900220F8
:105D500081E821040720049069466D48FCF7B4FDF2
:105D60006D486C490160C0E90195C0E90357456180
:105D70008561C56105624562FCF780FB08B1FBF7F0
:105D80007BFD6548E0636349846364487831C0F80B
:105D90000880C0E9035745618561C56105624562B8
:105DA000C0E90019FCF76AFB08B1FBF765FD5B4829
:105DB000A0630022846303212520FDF7A9FC252090
:105DC000FDF798FC4C492068884251D14B4800258A
:105DD0001030016841F400210160006800F40020E7
:105DE0000590306840F0010030603068694600F08E
:105DF000010005904FF48050CDE9000B0320CDE960
:105E000002A00B2004903E48FCF75EFD3D48444E46
:105E100030383060C6E90195C6E903577561B56150
:105E2000F561356230467562FCF728FB08B1FBF777
:105E300023FD354DE663B4633248C5F80880C5E9F3
:105E400000090020C5E903076861A861E8612862CC
:105E500068622846FCF712FB08B1FBF70DFDA5634D
:105E6000012205213420AC63FDF752FC34203DE0D3
:105E70002C4988423CD121481430016841F020016E
:105E80000160006800F020000590306840F00100DB
:105E900030603068694600F0010005904FF4006002
:105EA0000090CDE901B50820CDE903501448FCF776
:105EB0000BFD18481C4E60303060C6E90357756111
:105EC000B561F56135624FF020607562C6E9010881
:105ED0003046FCF7D3FA08B1FBF7CEFCA6630022EC
:105EE00005214720B463FDF713FC4720FDF702FCB2
:105EF00007B0BDE8F08F0000004C00403038024091
:105F00000000024070600240CC33012000100140CC
:105F100000040240406402402C3401208C340120F3
:105F20004C35012000140140EC3401202DE9F043F0
:105F3000244A40234FF480791060224C083C2160B1
:105F4000221F106840F001001060BFF34F8F4FF028
:105F5000FF30156815F0010F19D01B4B5D6845F037
:105F600002055D60BFF34F8FDFF858C0ACF1640CE1
:105F7000DCF80050266805F0746517685FEA85183C
:105F800007F0010717D48E4210D2CFB90AE000BF44
:105F90005B1EDED2116821F001011160BFF34F8F4B
:105FA000BDE8F0833EB929010AD404E01FB100BF67
:105FB000B9F10109DCD2596821F002015960E9E721
:105FC0000020EDE7646402400030014070B50C48E9
:105FD0000068C00705D00A485838006810F04070C3
:105FE0000CD0EFF3108472B600F034F8050002D044
:105FF0003B2007F0FFFD04B962B6284670BD0000E3
:10600000586402402DE9F041104F04240F4EDFF890
:1060100040804FF07465083F3560BFF34F8F3B20E1
:1060200007F0E8FDBFF34F8FBFF36F8F386810F0B4
:10603000746F04D1D8F8000210F0006003D0641E21
:10604000EAD24FF0FF30BDE8F08100000864024062
:1060500004E000E070B5204800681F4900F074605B
:106060005C3109681C4A583212681C4C02F001026B
:10607000E378194D4FF074660835022B06D110F005
:10608000407F03D1030101D501B932B1E478002387
:10609000022C0DD0E8B12E601BE01148416821F0C0
:1060A000020141602E60BFF35F8F0120E07070BD80
:1060B00010F0407F04D102B911B9040104D519B11F
:1060C00000F01AF8034604E0400102D54FF080606A
:1060D0002860184670BD000000640240FC030020E8
:1060E0000030014003480021C170816081808170CF
:1060F00070470000FC0300202DE9F047314930488B
:106100004A6822F002024A602F4D296821F00101FD
:10611000296000E000BF2968C90701D0401EF9D2FC
:1061200028682A4CC0074FF0FF3A4FF0000103D017
:106130005046E170BDE8F08723488946001D00689D
:10614000D0B1A188884217D8A268AAB12B6813F4ED
:10615000F04F11D1DFF8708008F11408D8F8003042
:106160005B0709D4A378022B06D2091A8E1887B2CE
:1061700002D0FFF747FF28B1FFF744FF84F80390F0
:106180005046D7E7286820F008002860286840F0CB
:1061900016002860D8F8001021F08001C8F800101F
:1061A000A660A780A078401CA0700220E0700022AA
:1061B00039463046FFF7BAFE0028DFD1BAE70000C3
:1061C000A08601000030014058640240FC0300201A
:1061D00070B5274D0020E870264A42F21071264C17
:1061E00000E000BFA3689B0701D4491EF9D2616893
:1061F00021F00201616021490B6823F001030B606B
:1062000000E000BF0B68DB0701D0521EF9D20A681C
:106210004FF0FF36D20701D0304670BD226822F021
:1062200040022260226842F0400222600A6822F0A6
:1062300008020A600A6842F016020A600F49143127
:106240000A6822F080020A600C49091D0860A860F3
:10625000A880A870FFF7D6FE0028DDD1606820F086
:1062600002006060BFF35F8F0120E870002070BD06
:10627000FC030020A0860100003001405864024069
:1062800030B528B121B1154AD378012B0BD102E0EA
:106290004FF0FF3030BD124B1C68E40703D1114CA6
:1062A0006568AD0702D56FF0010030BD9060918048
:1062B000002595700225D570BFF35F8F084A0C3218
:1062C00010600748001D0160186840F00100186068
:1062D000606840F002006060002030BDFC030020D8
:1062E000586402400030014010B519A1A6B0D1E9B0
:1062F0000001CDE9000118A1194CD1E90001CDE957
:1063000022010020E06002A968460AF013F818B1E3
:106310004FF0FF3026B010BD9DF81500800702D465
:106320006FF00100F6E712A922A80AF003F810B1F5
:106330006FF00200EEE79DF8580000F00F00012812
:1063400002D06FF00300E5E70120E0600020E1E704
:106350004600FFFFF10100004680FFFFF101000051
:10636000FC0300202DE9F04704466E488EB000255E
:10637000C5604FF48276C4E90165E5604FF40078AA
:106380002561C4E905583820C4E907054FF00A091A
:106390006562C4E90A592046FEF7A4FA18B1012043
:1063A0000EB0BDE8F0872068016841F0400101604F
:1063B000AA465D4DA86940F00400A8615B4800232F
:1063C00042F2107102684FF0FF0C520603D40268CB
:1063D00042F0400202600A4600E000BF8768BF0743
:1063E00001D4521EF9D28268D2070AD0C2688DF851
:1063F00000208268D20702D0C2688DF800209DF884
:10640000002080F80CC00A4600E000BF8768FF0744
:1064100001D1521EF9D28268D20700D0C2685B1C3B
:10642000102BCFDB42A10027D1E90001CDE9020109
:10643000A86940F48020A8610A20FCF7CFF802A8E0
:1064400000F0E6FF7F1C642F02DB0AF0B7F8A6E736
:106450000128EDD138A10025D1E900014FF47A7768
:10646000CDE9040109E0BD4203DB0AF0A7F80220F0
:1064700096E70120FCF7B2F86D1C04A801F09CFA25
:106480000128F0D12EA10025D1E90001CDE90601B6
:1064900009E0BD4203DB0AF091F8032080E7012008
:1064A000FCF79CF86D1C06A800F0B4FC0028F0D1A5
:1064B00025A10025D1E90001CDE9080109E0BD428F
:1064C00003DB0AF07BF804206AE70120FCF786F87A
:1064D0006D1C0AA908A801F015F90028EFD1FFF7F3
:1064E00003FF18B10AF06AF8052059E7C4E9016A08
:1064F000C4F80CA0C4F810A0C4E905A8C4F81CA0F6
:10650000C4F820A0C4F824A0C4E90AA92046FEF7D4
:10651000E9F920B92068016841F0400101600020DC
:106520003EE70000FC030020000002400030014074
:10653000400000000095000048000001AA8700000C
:106540006940000000E500007A0000000001000042
:106550000EB500210CA20291D2E90012CDE9001281
:10656000B0F5800F00D90A488DF80400010E8DF8AF
:106570000110010C8DF80210010A8DF80310684615
:1065800000F048FC02900EBD570000000001000022
:10659000FFFF3F00F0B586B0FF248DF8084042F2BF
:1065A000107216464B492DE00B68FF275B0603D49B
:1065B0000B6843F040030B60154600E000BF8B689A
:1065C0009B0701D46D1EF9D28B68DB070AD0CB681C
:1065D0008DF800308B68DB0702D0CB688DF8003077
:1065E0009DF800300F73134600E000BF8D68ED0783
:1065F00001D15B1EF9D28B68DB0701D0CB68DBB21F
:106600008DF808309DF80830FE2B01D0761ECBD2D5
:106610009DF80830FE2B03D06FF0010006B0F0BDEE
:106620000B684FF400775B0603D40B6843F040031C
:106630000B600023154600E000BF8E68B60705D446
:106640006D1EF9D202E0CD688DF810508D68ED070F
:10665000F9D10C73154600E000BF8E68F60701D132
:106660006D1EF9D28D68ED0704D0CD68C5545B1C52
:10667000BB42DFDB18A003AF006803900868022666
:10668000400603D4086840F040000860002310462C
:1066900000E000BF8D68AD0705D4401EF9D202E0CE
:1066A000C8688DF810008868C007F9D10C731046CF
:1066B00000E000BF8D68ED0701D1401EF9D2886867
:1066C000C00704D0C868F8545B1CB342DFDB00206D
:1066D000A4E7000000300140FFFF0000F0B589B0E2
:1066E0004925FF228DF81C20FE4A936943F480233C
:1066F0009361FD4A13685B0603D4136843F04003BB
:10670000136042F210731C4600E000BF9668B607A3
:1067100001D4641EF9D29468E4070AD0D4688DF8D5
:1067200000409468E40702D0D4688DF800409DF8DA
:10673000004015731C4600E000BF9568ED0701D1CD
:10674000641EF9D29468E40700D0D4681568002468
:106750006D0603D4156845F0400515601D4600E040
:1067600000BF9668B60701D46D1EF9D29568ED0793
:106770000AD0D5688DF800509568ED0702D0D5682D
:106780008DF800509DF8005014731D4600E000BFC6
:106790009668F60701D16D1EF9D29568ED0700D015
:1067A000D56815686D0603D4156845F04005156079
:1067B0001D4600E000BF9668B60701D46D1EF9D2F1
:1067C0009568ED070AD0D5688DF800509568ED07FB
:1067D00002D0D5688DF800509DF8005014731D4606
:1067E00000E000BF9668F60701D16D1EF9D29568EA
:1067F000ED0700D0D56815686D0603D4156845F01F
:10680000400515601D4600E000BF9668B60701D43C
:106810006D1EF9D29568ED070AD0D5688DF8005045
:106820009568ED0702D0D5688DF800509DF80050AE
:1068300014731D4600E000BF9668F60701D16D1E77
:10684000F9D29568ED0700D0D56815686D0603D4B8
:10685000156845F0400515601D4600E000BF9668CC
:10686000B60701D46D1EF9D29568ED070AD0D56838
:106870008DF800509568ED0702D0D5688DF800506E
:106880009DF8005014731C4600E000BF9568ED07AA
:1068900001D1641EF9D29468E40700D0D46814686A
:1068A000FF25640603D4146844F0400414601C46B9
:1068B00000E000BF9668B60701D4641EF9D2946860
:1068C000E4070AD0D4688DF800409468E40702D049
:1068D000D4688DF800409DF8004015731C4600E018
:1068E00000BF9568ED0701D1641EF9D29468E407F2
:1068F00000D0D4681D464FF0000C2DE01468FF272F
:10690000640603D4146844F0400414601C4600E09C
:1069100000BF9668B60701D4641EF9D29468E407F4
:106920000AD0D4688DF800409468E40702D0D46897
:106930008DF800409DF8004017731C4600E000BF32
:106940009668F60701D1641EF9D29468E40708D06E
:10695000D468E4B28DF81C409DF81C40FF2C02D096
:1069600003E06446F6E76D1EC8D29DF81C40FF2C7C
:1069700006D09DF81C4034B14FF0FF3009B0F0BD97
:106980006FF00100FAE71D462EE01468FF27640649
:1069900003D4146844F0400414601C4600E000BFB7
:1069A0009668B60701D4641EF9D29468E4070AD049
:1069B000D4688DF800409468E40702D0D4688DF85C
:1069C00000409DF8004017731C4600E000BF966829
:1069D000F60701D1641EF9D29468E40711D0D46897
:1069E0005FFA84F48DF81C409DF81C40FE2C01D009
:1069F0006D1ECAD29DF81C40FE2C04D06FF0020020
:106A0000BCE76446EEE700251468FF27640603D45C
:106A1000146844F0400414601C4600E000BF96680F
:106A2000B60701D4641EF9D29468E4070AD0D4688A
:106A30008DF800409468E40702D0D4688DF80040D7
:106A40009DF8004017731C4600E000BF9668F607EB
:106A500001D1641EF9D29468E40711D0D468E4B27D
:106A600003AE74556D1C102DCEDB00251668FF2477
:106A7000760603D4166846F0400616601E4602E00D
:106A80006446EDE700BF9768BF0701D4761EF9D2D0
:106A90009668F6070AD0D6688DF800609668F60703
:106AA00002D0D6688DF800609DF8006014731C4613
:106AB00000E000BF9668F60701D1641EF9D2946821
:106AC000E40700D0D4686D1C022DCFDB9DF81320A5
:106AD0009DF81430120442EA03229DF815301A433F
:106AE000920203E0000002400030014002F58062A3
:106AF000C1F81021FFF736FC00203FE770B585B0E4
:106B0000FF228DF80820C14A936943F480239361E2
:106B1000BF4C51232268520603D4226842F040023F
:106B2000226042F210752A4600E000BFA668B60750
:106B300001D4521EF9D2A268D2070AD0E2688DF8B9
:106B40000020A268D20702D0E2688DF800209DF8EC
:106B5000002023732A4600E000BFA368DB0701D1B1
:106B6000521EF9D2A268D20700D0E2682268030E52
:106B7000520603D4226842F0400222602A4600E016
:106B800000BFA668B60701D4521EF9D2A268D20788
:106B90000AD0E2688DF80020A268D20702D0E2682D
:106BA0008DF800209DF8002023732A4600E000BFE6
:106BB000A368DB0701D1521EF9D2A268D20700D028
:106BC000E2682268C0F30743520603D4226842F009
:106BD000400222602A4600E000BFA668B60701D442
:106BE000521EF9D2A268D2070AD0E2688DF80020BE
:106BF000A268D20702D0E2688DF800209DF800203C
:106C000023732A4600E000BFA368DB0701D1521EB0
:106C1000F9D2A268D20700D0E2682268C0F3072345
:106C2000520603D4226842F0400222602A4600E065
:106C300000BFA668B60701D4521EF9D2A268D207D7
:106C40000AD0E2688DF80020A268D20702D0E2687C
:106C50008DF800209DF8002023732A4600E000BF35
:106C6000A368DB0701D1521EF9D2A268D20700D077
:106C7000E2682268C0B2520603D4226842F04002A1
:106C800022602A4600E000BFA3689B0701D4521E81
:106C9000F9D2A268D2070AD0E2688DF80020A26873
:106CA000D20702D0E2688DF800209DF80020207302
:106CB000284600E000BFA268D20701D1401EF9D2E9
:106CC000A068C00700D0E06820680122400603D415
:106CD000206840F040002060284600E000BFA36824
:106CE0009B0701D4401EF9D2A068C0070AD0E06813
:106CF0008DF80000A068C00702D0E0688DF80000A1
:106D00009DF800002273284600E000BFA268D20769
:106D100001D1401EF9D2A068C00700D0E0682A4621
:106D20002DE02068FF26400603D4206840F0400094
:106D30002060284600E000BFA3689B0701D4401EE6
:106D4000F9D2A068C0070AD0E0688DF80000A068FA
:106D5000C00702D0E0688DF800009DF8000026739F
:106D6000284600E000BFA368DB0701D1401EF9D22E
:106D7000A068C00701D0E068C0B28DF808009DF897
:106D80000800FF2801D1521ECBD29DF80800FF2831
:106D900006D09DF8080030B14FF0FF3005B070BD4F
:106DA0006FF00100FAE70846FFF7F4FB8DF80800E2
:106DB0002068FF21400603D4206840F04000206096
:106DC000284600E000BFA268920701D4401EF9D215
:106DD000A068C0070AD0E0688DF80000A068C0076E
:106DE00002D0E0688DF800009DF80000217300E0FB
:106DF00000BFA068C00701D16D1EF9D2A068C0070E
:106E000000D0E0689DF80800C8E7000000000240DC
:106E100000300140F0B5FFA187B0D1E90053FF2653
:106E20008DF81060FD4900248A6942F480228A614D
:106E3000FB49EFB20A68520603D40A6842F04002E6
:106E40000A6042F21072944600E000BFD1F808E0F8
:106E50005FEA8E7E02D4BCF1010CF6D2D1F808C0F4
:106E60005FEACC7C0ED0D1F80CC08DF808C0D1F808
:106E700008C05FEACC7C03D0D1F80CC08DF808C004
:106E80009DF808C00F73174600E000BFD1F808C096
:106E90005FEACC7C01D17F1EF7D28F68FF0700D05C
:106EA000CF68D1F800C0C5F307275FEA4C6C05D462
:106EB000D1F800C04CF0400CC1F800C0944600E08E
:106EC00000BFD1F808E05FEA8E7E02D4BCF1010C6D
:106ED000F6D2D1F808C05FEACC7C0ED0D1F80CC055
:106EE0008DF808C0D1F808C05FEACC7C03D0D1F897
:106EF0000CC08DF808C09DF808C00F73174600E05D
:106F000000BFD1F808C05FEACC7C01D17F1EF7D268
:106F10008F68FF0700D0CF68D1F800C0C5F30747DE
:106F20005FEA4C6C05D4D1F800C04CF0400CC1F8BD
:106F300000C0944600E000BFD1F808E05FEA8E7E12
:106F400002D4BCF1010CF6D2D1F808C05FEACC7CC7
:106F50000ED0D1F80CC08DF808C0D1F808C05FEA97
:106F6000CC7C03D0D1F80CC08DF808C09DF808C0C7
:106F70000F73174600E000BFD1F808C05FEACC7C71
:106F800001D17F1EF7D28F68FF0700D0CF680F684E
:106F90002D0E7F0603D40F6847F040070F60174699
:106FA00000E000BFD1F808C05FEA8C7C01D47F1EEE
:106FB000F7D28F68FF070AD0CF688DF800708F680E
:106FC000FF0702D0CF688DF800709DF800700D7338
:106FD000154600E000BF8F68FF0701D16D1EF9D292
:106FE0008D68ED0700D0CD680F68DDB27F0603D451
:106FF0000F6847F040070F60174600E000BFD1F868
:1070000008C05FEA8C7C01D47F1EF7D28F68FF072F
:107010000AD0CF688DF800708F68FF0702D0CF6864
:107020008DF800709DF800700D73154600E000BFEC
:107030008F68FF0701D16D1EF9D28D68ED0700D072
:10704000CD680D68C3F307236D0603D40D6845F0C2
:1070500040050D60154600E000BF8F68BF0701D4F2
:107060006D1EF9D28D68ED070AD0CD688DF80050FD
:107070008D68ED0702D0CD688DF800509DF8005066
:107080000B73134600E000BF8D68ED0701D15B1E56
:10709000F9D28B684FF0000CDB0731D0CB682FE0C2
:1070A0000B68FF275B0603D40B6843F040030B60BB
:1070B0009646134600E000BF8D68AD0701D45B1E05
:1070C000F9D28B68DB070AD0CB688DF800308B686B
:1070D000DB0702D0CB688DF800309DF800300F73CD
:1070E00000E000BF8B68DB0702D1BEF1010EF8D2D1
:1070F0008B68DB0709D0CB685FFA83F38DF810301B
:107100009DF81030FF2B02D005E06346F6E72346DA
:10711000641C9342C4D39DF81030FF2B09D0037830
:107120000C68640603D40C6844F040040C601546F7
:1071300004E04FF0FF3007B0F0BD00BF8C68A4073B
:1071400001D46D1EF9D28C68E4070AD0CC688DF8A2
:1071500000408C68E40702D0CC688DF800409DF8B0
:1071600000400B73144600E000BF8B68DB0701D1C1
:10717000641EF9D28B68DB0700D0CB6843780C68BB
:10718000640603D40C6844F040040C60144600E02C
:1071900000BF8D68AD0701D4641EF9D28C68E40786
:1071A0000AD0CC688DF800408C68E40702D0CC6827
:1071B0008DF800409DF800400B73134600E000BFBF
:1071C0008C68E40701D15B1EF9D28B68DB0700D025
:1071D000CB6884780B685B0603D40B6843F04003EC
:1071E0000B60134600E000BF8D68AD0701D45B1E45
:1071F000F9D28B68DB070AD0CB688DF800308B683A
:10720000DB0702D0CB688DF800309DF800300C739E
:10721000144608E077000000000100000000024072
:107220000030014000BF8B68DB0701D1641EF9D23A
:107230008B68DB0700D0CB68C3780C68640603D486
:107240000C6844F040040C60144600E000BF8D68F8
:10725000AD0701D4641EF9D28C68E4070AD0CC686B
:107260008DF800408C68E40702D0CC688DF80040AF
:107270009DF800400B73144600E000BF8B68DB07ED
:1072800001D1641EF9D28B68DB0700D0CB6803798B
:107290000C68640603D40C6844F040040C60144687
:1072A00000E000BF8D68AD0701D4641EF9D28C6880
:1072B000E4070AD0CC688DF800408C68E40702D05F
:1072C000CC688DF800409DF800400B73134600E039
:1072D00000BF8C68E40701D15B1EF9D28B68DB0725
:1072E00000D0CB6843790868400603D4086840F0B2
:1072F00040000860104600E000BF8C68A40701D47D
:10730000401EF9D28868C0070AD0C8688DF800000E
:107310008868C00702D0C8688DF800009DF800009A
:107320000B73104600E000BF8B68DB0701D1401EE5
:10733000F9D28868C00700D0C8688DF810600024B2
:107340002EE00868FF23400603D4086840F04000A0
:107350000860104600E000BF8D68AD0701D4401EF4
:10736000F9D28868C0070AD0C8688DF8000088681C
:10737000C00702D0C8688DF800009DF800000B73AC
:10738000134600E000BF8868C00701D15B1EF9D238
:107390008868C00709D0C8685FFA80F08DF81000CF
:1073A0009DF81000FF2802D005E06046F6E7204671
:1073B000641C9042C5D30868FF23400603D40868C4
:1073C00040F040000860104600E000BF8C68A40751
:1073D00001D4401EF9D28868C0070AD0C8688DF869
:1073E00000008868C00702D0C8688DF800009DF8CA
:1073F00000000B7300E000BF8868C00701D1521E77
:10740000F9D28868C00700D0C8689DF8100092E6DD
:1074100070B585B0FF218DF80810B84900238A693E
:1074200042F480228A61B64905780A68520603D47C
:107430000A6842F040020A6042F21072144600E00C
:1074400000BF8E68B60701D4641EF9D28C68E407C9
:107450000AD0CC688DF800408C68E40702D0CC6874
:107460008DF800409DF800400D73144600E000BF09
:107470008D68ED0701D1641EF9D28C68E40700D055
:10748000CC6845780C68640603D40C6844F040046A
:107490000C60144600E000BF8E68B60701D4641E7D
:1074A000F9D28C68E4070AD0CC688DF800408C686B
:1074B000E40702D0CC688DF800409DF800400D73C1
:1074C000144600E000BF8D68ED0701D1641EF9D2BB
:1074D0008C68E40700D0CC6884780D686D0603D40E
:1074E0000D6845F040050D60154600E000BF8E6850
:1074F000B60701D46D1EF9D28D68ED070AD0CD68AC
:107500008DF800508D68ED0702D0CD688DF80050E1
:107510009DF800500C73154600E000BF8C68E4072E
:1075200001D16D1EF9D28C68E40700D0CC68C47814
:107530000D686D0603D40D6845F040050D601546D5
:1075400000E000BF8E68B60701D46D1EF9D28D68C9
:10755000ED070AD0CD688DF800508D68ED0702D098
:10756000CD688DF800509DF800500C73144600E073
:1075700000BF8D68ED0701D1641EF9D28C68E40765
:1075800000D0CC6805790C68640603D40C6844F01C
:1075900040040C60144600E000BF8E68B60701D4BA
:1075A000641EF9D28C68E4070AD0CC688DF80040DC
:1075B0008C68E40702D0CC688DF800409DF800404C
:1075C0000D73144600E000BF8D68ED0701D1641E05
:1075D000F9D28C68E40700D0CC684479086840068A
:1075E00003D4086840F040000860104600E000BF87
:1075F0008D68AD0701D4401EF9D28868C0070AD053
:10760000C8688DF800008868C00702D0C8688DF887
:1076100000009DF800000C73104600E000BF8C686D
:10762000E40701D1401EF9D28868C0072FD0C8688E
:107630002DE00868FF24400603D4086840F04000AD
:107640000860104600E000BF8D68AD0701D4401E01
:10765000F9D28868C0070AD0C8688DF80000886829
:10766000C00702D0C8688DF800009DF800000C73B8
:10767000104600E000BF8C68E40701D1401EF9D23B
:107680008868C00701D0C868C0B28DF808009DF8AE
:107690000800FF2803D118465B1C9042C9D3086834
:1076A000FF23400603D4086840F0400008601046FD
:1076B00000E000BF8C68A40701D4401EF9D288689E
:1076C000C0070AD0C8688DF800008868C00702D0DB
:1076D000C8688DF800009DF800000B7300E000BF43
:1076E0008868C00701D1521EF9D28868C00700D04F
:1076F000C8689DF8080005B070BD00000000024099
:1077000000300140F0B586B0FF228DF80C20A84A69
:107710000026936943F480239361A64A4FF0060E36
:1077200013685B0603D4136843F04003136000251D
:1077300042F210731C4600E000BF9768BF0705D4F3
:10774000641EF9D202E0D4688DF814409468E4070E
:10775000F9D1445D14731C461F4600E000BFD2F807
:1077600008C05FEACC7C01D17F1EF7D29768FF0783
:1077700034D0D7688DF814706D1C7545DADB2DE0B8
:107780001068FF27400603D4106840F040001060E6
:10779000204600E000BF9568AD0701D4401EF9D235
:1077A0009068C0070AD0D0688DF800009068C007C4
:1077B00002D0D0688DF800009DF8000017732046B5
:1077C00000E000BF9568ED0701D1401EF9D2906836
:1077D000C00701D0D068C0B28DF80C009DF80C0035
:1077E000FF2803D13046761CA042C9D39DF80C0077
:1077F000FF2809D0CC781068400603D4106840F008
:1078000040001060184604E04FF0FF3006B0F0BDB5
:1078100000BF9568AD0701D4401EF9D29068C0073B
:107820000AD0D0688DF800009068C00702D0D068F8
:107830008DF800009DF800001473184600E000BFAA
:107840009468E40701D1401EF9D29068C00700D0C7
:10785000D0688C781068400603D4106840F040006F
:107860001060184600E000BF9568AD0701D4401EC7
:10787000F9D29068C0070AD0D0688DF800009068EF
:10788000C00702D0D0688DF800009DF80000147386
:10789000184600E000BF9468E40701D1401EF9D209
:1078A0009068C00700D0D06848781468640603D494
:1078B000146844F0400414601C4600E000BF956862
:1078C000AD0701D4641EF9D29468E4070AD0D468E5
:1078D0008DF800409468E40702D0D4688DF8004029
:1078E0009DF800401073184600E000BF9468E4075C
:1078F00001D1401EF9D29068C00700D0D068097845
:107900001068400603D4106840F04000106018462C
:1079100000E000BF9468A40701D4401EF9D290682B
:10792000C0070AD0D0688DF800009068C00702D068
:10793000D0688DF800009DF800001173184600E033
:1079400000BF9168C90701D1401EF9D29068C007F5
:1079500000D0D0681068FF21400603D4106840F0C2
:10796000400010601C4600E000BF9068800702D411
:10797000641E601CF8D19068C0070AD0D0688DF8EA
:1079800000009068C00702D0D0688DF800009DF814
:107990000000117300E000BF9068C00701D15B1EBA
:1079A000F9D29068C00700D0D0689DF80C002DE790
:1079B0000000024000300140F0B56BA187B00968BB
:1079C0000491FF218DF80C10684900258A6942F462
:1079D00080228A61664A06271168490603D4116825
:1079E00041F040011160002442F210710B4600E0AA
:1079F00000BF9668B60705D45B1EF9D202E0D368D3
:107A00008DF818309368DB07F9D1035D13730B46CB
:107A10000E4600E000BFD2F808C05FEACC7C01D17E
:107A2000761EF7D29668F60734D0D6688DF81860BF
:107A3000641CBC42DADB2DE01068FF21400603D451
:107A4000106840F040001060184600E000BF9468E5
:107A5000A40701D4401EF9D29068C0070AD0D068AC
:107A60008DF800009068C00702D0D0688DF8000043
:107A70009DF800001173184600E000BF9168C90727
:107A800001D1401EF9D29068C00701D0D068C0B2C1
:107A90008DF80C009DF80C00FF2803D128466D1CC2
:107AA0009842C9D39DF80C00FF280BD0106804AC95
:107AB0000425400603D4106840F040001060002107
:107AC000184604E04FF0FF3007B0F0BD00BF9668E5
:107AD000B60705D4401EF9D202E0D0688DF8140034
:107AE0009068C007F9D1605C10731E4600E000BFCB
:107AF0009068C00701D1761EF9D29068C00705D002
:107B0000D0688DF81400491CA942D9DB1068FF2108
:107B1000400603D4106840F040001060184600E0B2
:107B200000BF9468A40701D4401EF9D29068C00732
:107B30000AD0D0688DF800009068C00702D0D068E5
:107B40008DF800009DF80000117300E000BF906800
:107B5000C00701D15B1EF9D29068C00700D0D06881
:107B60009DF80C00B0E70000FFFFFFFF000002409F
:107B700000300140F0B5694C85B0002323708DF8CA
:107B800008306848664D816941F48021816166480A
:107B9000FD260168490603D4016841F040010160F7
:107BA00042F210710A4600E000BF8768BF0701D4A7
:107BB000521EF9D28268D2070AD0C2688DF800201E
:107BC0008268D20702D0C2688DF800209DF800209C
:107BD00006730A4600E000BF8668F60701D1521E10
:107BE000F9D28268D20700D0C2680668FF22760602
:107BF00003D4066846F0400606600E4600E000BF6B
:107C00008768BF0701D4761EF9D28668F6070AD0C6
:107C1000C6688DF800608668F60702D0C6688DF8E1
:107C200000609DF8006002730A4600E000BF8668AD
:107C3000F60701D1521EF9D28268D20700D0C2687D
:107C40005FF001079DF80820FF2A33D06D1E31D365
:107C500063700A4600E000BF8668B60701D4521E72
:107C6000F9D28268920701D4677021E0FF22027383
:107C70000A4600E000BF8668F60701D1521EF9D21D
:107C80008268D20709D0027B8DF808206278002A2A
:107C9000D8D06FF0010005B0F0BD82680092677027
:107CA000520605D5027B8DF800209DF800208268E1
:107CB0001A46E9E79DF80820FF2A02D04FF0FF306E
:107CC000E9E70268FF23520603D4026842F040024B
:107CD00002600A4600E000BF8468A40701D4521E77
:107CE000F9D28268D2070AD0C2688DF80020826873
:107CF000D20702D0C2688DF800209DF800200373DF
:107D000000E000BF8268D20701D1491EF9D2816824
:107D1000C90700D0C0680020BDE70000FC030020B8
:107D200080380100000002400030014070B5C449B5
:107D300085B000230B70FF218DF80810C1498A69B6
:107D400042F480228A61C04A59251168490603D449
:107D5000116841F04001116042F210710C4600E0E0
:107D600000BF9668B60701D4641EF9D29468E40790
:107D70000AD0D4688DF800409468E40702D0D46833
:107D80008DF800409DF8004015730C4600E000BFE0
:107D90009568ED0701D1641EF9D29468E40700D01C
:107DA000D4681468050E640603D4146844F04004D3
:107DB00014600C4600E000BF9668B60701D4641E4C
:107DC000F9D29468E4070AD0D4688DF8004094682A
:107DD000E40702D0D4688DF800409DF80040157388
:107DE0000C4600E000BF9568ED0701D1641EF9D292
:107DF0009468E40700D0D4681468C0F307456406AB
:107E000003D4146844F0400414600E4600E000BF40
:107E10009468A40702D4761E741CF8D19468E40711
:107E20000AD0D4688DF800409468E40702D0D46882
:107E30008DF800409DF8004015730C4600E000BF2F
:107E40009568ED0701D1641EF9D29468E40700D06B
:107E5000D4681468C0F30725640603D4146844F09A
:107E6000400414600C4600E000BF9668B60701D4D9
:107E7000641EF9D29468E4070AD0D4688DF80040F3
:107E80009468E40702D0D4688DF800409DF8004063
:107E900015730C4600E000BF9568ED0701D1641E24
:107EA000F9D29468E40700D0D4681468C0B26406BC
:107EB00003D4146844F0400414600C4600E000BF92
:107EC0009568AD0701D4641EF9D29468E4070AD01E
:107ED000D4688DF800409468E40702D0D4688DF827
:107EE00000409DF800401073084600E000BF946811
:107EF000E40701D1401EF9D29068C00700D0D068D5
:107F000010680124400603D4106840F0400010605F
:107F1000084600E000BF9568AD0701D4401EF9D2C5
:107F20009068C0070AD0D0688DF800009068C0073C
:107F300002D0D0688DF800009DF800001473084648
:107F400000E000BF9468E40701D1401EF9D29068B8
:107F5000C00700D0D068002438E02046641CA4B2DA
:107F6000052803D96FF0010005B070BD1568FF202A
:107F70006D0603D4156845F0400515600D4600E018
:107F800000BF9668B60701D46D1EF9D29568ED075B
:107F90000AD0D5688DF800509568ED0702D0D568F5
:107FA0008DF800509DF8005010730D4600E000BFA2
:107FB0009068C00702D16D1E681CF8D19068C00798
:107FC0000ED0D0685FFA80F08DF808009DF80800A8
:107FD000FF28C2D09DF8080020B14FF0FF30C3E762
:107FE0001846F1E71068FF23400603D4106840F0FC
:107FF00040001060084600E000BF9468A40701D468
:10800000401EF9D29068C0070AD0D0688DF80000F1
:108010009068C00702D0D0688DF800009DF800007D
:10802000137300E000BF9068C00701D1491EF9D268
:108030009068C00700D0D0689DF8080094E7000061
:10804000FC03002000000240003001402DE9F8430D
:1080500004F0E4F904F0E2F904F0E0F900F01F00A4
:1080600000232C4A052803D01370581EBDE8F8835E
:10807000DFF8A4C0DCF8049028484FF47A71006857
:10808000B0FBF1F8FA2008FB00F8254842F2107125
:108090000127002553700C4600E000BF8668B60734
:1080A00001D4641EF9D28468A40701D457701BE080
:1080B000FF2404730C4600E000BF8668F60701D178
:1080C000641EF9D28468E40703D0047BFF2C11D02E
:1080D0000AE0846800945770640605D5047B8DF827
:1080E00000409DF800408468547834B113706FF0FC
:1080F0000200BBE717700020B8E76D1C402DC9D304
:10810000DCF80450A5EB09044445C2D313706FF0AA
:108110000100ABE7FC030020001000E0380600205F
:10812000003001402DE9F04186B00546FF200C46A5
:108130008DF80C0008F042FAFE49886940F480206E
:108140008861FD4A58261068400603D4106840F044
:108150004000106042F21073184600E000BF9768BC
:10816000BF0701D4401EF9D29068C0070AD0D0687A
:108170008DF800009068C00702D0D0688DF800002C
:108180009DF800001673184600E000BF9668F607D9
:1081900001D1401EF9D29068C00700D0D06816689F
:1081A000280E760603D4166846F0400616601E4672
:1081B00000E000BF9768BF0701D4761EF9D2966829
:1081C000F6070AD0D6688DF800609668F60702D0E8
:1081D000D6688DF800609DF8006010731E4600E0C0
:1081E00000BF9068C00701D1761EF9D29068C00721
:1081F00000D0D0681668C5F30740760603D4166829
:1082000046F0400616601E4600E000BF9768BF07B4
:1082100001D4761EF9D29668F6070AD0D6688DF892
:1082200000609668F60702D0D6688DF800609DF869
:10823000006010731E4600E000BF9068C00701D1C7
:10824000761EF9D29068C00700D0D0681668C5F3D2
:108250000720760603D4166846F0400616601E46D0
:1082600000E000BF9768BF0701D4761EF9D2966878
:10827000F6070AD0D6688DF800609668F60702D037
:10828000D6688DF800609DF800601073184600E015
:1082900000BF9668F60701D1401EF9D29068C0076A
:1082A00000D0D0681068EDB2400603D4106840F0EA
:1082B00040001060184600E000BF9668B60701D481
:1082C000401EF9D29068C0070AD0D0688DF800002F
:1082D0009068C00702D0D0688DF800009DF80000BB
:1082E0001573184600E000BF9568ED0701D1401EE8
:1082F000F9D29068C00700D0D06810680125400608
:1083000003D4106840F040001060184600E000BF41
:108310009668B60701D4401EF9D29068C0070AD00B
:10832000D0688DF800009068C00702D0D0688DF842
:1083300000009DF800001573184600E000BF956826
:10834000ED0701D1401EF9D29068C00700D0D06877
:108350001D46002630E000BF10684FF0FF0C4006BD
:1083600003D4106840F040001060184600E000BFE1
:108370009768BF0701D4401EF9D29068C0070AD0A1
:10838000D0688DF800009068C00702D0D0688DF8E2
:1083900000009DF8000082F80CC0184600E000BF05
:1083A0009768FF0701D1401EF9D29068C00708D036
:1083B000D068C0B28DF80C009DF80C00FF2802D0E8
:1083C00003E03046F6E76D1EC6D29DF80C00FF288C
:1083D00006D09DF80C004FF0FF38002874D106E05D
:1083E00008F0ECF86FF0010006B0BDE8F081156808
:1083F000FF206D0603D4156845F0400515601D4645
:1084000000E000BF9768BF0701D46D1EF9D29568E0
:10841000ED070AD0D5688DF800509568ED0702D0B9
:10842000D5688DF800509DF800501073184600E094
:1084300000BF9568ED0701D1401EF9D29068C007D2
:1084400000D0D068886940F4802088611068FE21DF
:10845000400603D4106840F040001060184600E069
:1084600000BF9568AD0701D4401EF9D29068C007DF
:108470000AD0D0688DF800009068C00702D0D0689C
:108480008DF800009DF800001173184600E000BF51
:108490009168C90701D1401EF9D29068C00700D089
:1084A000D06810684FF40077400603D4106840F09D
:1084B000400010600021184600E000BF9568AD073D
:1084C00006D4401EF9D203E0A8E0D0688DF8100071
:1084D0009068C007F9D1605C1073184600E000BFD7
:1084E0009568ED0701D1401EF9D29068C00705D00C
:1084F000D0688DF81000491CB942DCDB1068FF2100
:10850000400603D4106840F040001060184600E0B8
:1085100000BF9468A40701D4401EF9D29068C00738
:1085200010D0D0688DF800009068C00708D0D068DF
:1085300004E0000000000240003001408DF800001F
:108540009DF800001173184600E000BF9168C9074C
:1085500001D1401EF9D29068C00700D0D0681068E1
:10856000FF21400603D4106840F040001060184618
:1085700000E000BF9468A40701D4401EF9D29068BF
:10858000C0070AD0D0688DF800009068C00702D0FC
:10859000D0688DF800009DF800001173184600E0C7
:1085A00000BF9168C90701D1401EF9D29068C00789
:1085B00000D0D0681068FF21400603D4106840F056
:1085C00040001060184600E000BF9468A40701D482
:1085D000401EF9D29068C0070AD0D0688DF800001C
:1085E0009068C00702D0D0688DF800009DF80000A8
:1085F0001173184600E000BF9168C90701D1401E01
:10860000F9D29068C0070DD0D068C0B28DF80C00C8
:108610009DF80C0000F01F00052805D007F0CEFFE4
:108620004046E1E63046F1E78DF80C6022492DE046
:108630001068FF24400603D4106840F0400010602A
:10864000184600E000BF9568AD0701D4401EF9D27E
:108650009068C0070AD0D0688DF800009068C00705
:1086600002D0D0688DF800009DF800001473184601
:1086700000E000BF9468E40701D1401EF9D2906881
:10868000C00707D0D068C0B28DF80C009DF80C0070
:1086900010B104E03046F7E7491E481CC8D19DF8E8
:1086A0000C0018B107F08AFF00209DE607F086FF56
:1086B0006FF0020098E60000803801002DE9F043D9
:1086C0008946F44985B04FF0000C81F800C0F24BA8
:1086D00019684FF0FF38CC07F0496FF0010742F2FC
:1086E000107226D0EE4D144600E000BF8E68B6072B
:1086F00001D4641EF9D24C6824F002044C601C685A
:1087000024F001041C6000E000BF1C68E40701D0F5
:108710006D1EF9D21B68DB0703D0384605B0BDE8F3
:10872000F0830B6823F040030B600B6843F04003B9
:108730000B60FF238DF80830DA4B9C6944F48024E9
:108740009C610D6858246D0603D40D6845F0400502
:108750000D60154600E000BF8E68B60701D46D1E9F
:10876000F9D28D68ED070AD0CD688DF800508D687C
:10877000ED0702D0CD688DF800509DF800500C73C5
:10878000144600E000BF8D68ED0701D1641EF9D2E8
:108790008C68E40700D0CC680D68040E6D0603D425
:1087A0000D6845F040050D60154600E000BF8E687D
:1087B000B60701D46D1EF9D28D68ED070AD0CD68D9
:1087C0008DF800508D68ED0702D0CD688DF800500F
:1087D0009DF800500C73144600E000BF8D68ED0753
:1087E00001D1641EF9D28C68E40700D0CC680C6813
:1087F000C0F30745640603D40C6844F040040C60E1
:10880000144600E000BF8E68B60701D4641EF9D29A
:108810008C68E4070AD0CC688DF800408C68E407C7
:1088200002D0CC688DF800409DF800400D731446CE
:1088300000E000BF8D68ED0701D1641EF9D28C689D
:10884000E40700D0CC680D68C0F307246D0603D49C
:108850000D6845F040050D60154600E000BF8E68CC
:10886000B60701D46D1EF9D28D68ED070AD0CD6828
:108870008DF800508D68ED0702D0CD688DF800505E
:108880009DF800500C73144600E000BF8D68ED07A2
:1088900001D1641EF9D28C68E40700D0CC680C6862
:1088A000C0B2640603D40C6844F040040C60144663
:1088B00000E000BF8D68AD0701D4641EF9D28C685A
:1088C000E4070AD0CC688DF800408C68E40702D039
:1088D000CC688DF800409DF800400873104600E019
:1088E00000BF8C68E40701D1401EF9D28868C00738
:1088F00000D0C8680C680120640603D40C6844F0FA
:1089000040040C60144600E000BF8D68AD0701D440
:10891000641EF9D28C68E4070AD0CC688DF8004058
:108920008C68E40702D0CC688DF800409DF80040C8
:108930000873104600E000BF8C68E40701D1401EB8
:10894000F9D28868C00700D0C868002434E0204607
:10895000641CA4B205283FF6E0AE0868FF26400676
:1089600003D4086840F040000860104600E000BFF3
:108970008D68AD0701D4401EF9D28868C0070AD0BF
:10898000C8688DF800008868C00702D0C8688DF8F4
:1089900000009DF800000E73104600E000BF8D68D7
:1089A000ED0701D1401EF9D28868C0070DD0C86814
:1089B0005FFA80F08DF808009DF80800FF28C6D007
:1089C0009DF8080018B14046A8E66046F2E708683E
:1089D000FF24400603D4086840F0400008601046B9
:1089E00000E000BF8D68AD0701D4401EF9D2886851
:1089F000C0070AD0C8688DF800008868C00702D098
:108A0000C8688DF800009DF800000C73144600E063
:108A100000BF8868C00701D1641EF9D28868C0070A
:108A200000D0C868986940F4802098610868FE23E7
:108A3000400603D4086840F040000860104600E09B
:108A400000BF8C68A40701D4401EF9D28868C00713
:108A50000AD0C8688DF800008868C00702D0C868CE
:108A60008DF800009DF800000B7300E000BF8868DF
:108A7000C00701D1521EF9D28868C00700D0C8686B
:108A80004FF400714846FDF7FBFB00289CD06FF0C7
:108A9000020043E6FC03002058640240003001401D
:108AA000A0860100000002402DE9F847554D82469E
:108AB00089462868544BC60754494FF0FF386FF079
:108AC00001004FF0000442F2107227D0504F1646BA
:108AD00000E000BFD1F808C05FEA8C7C01D4761EAC
:108AE000F7D24E6826F002064E602E6826F0010688
:108AF0002E6000E000BF2E68F60701D07F1EF9D27D
:108B00002D68ED0702D01C70BDE8F8870D6825F0D0
:108B100040050D600D6845F040050D603D4DAE69A6
:108B200046F48026AE611D784DBB00264FF0010C47
:108B30005C70154600E000BF8F68BF0701D46D1E52
:108B4000F9D28D68AD0702D483F801C00FE0FF258C
:108B50000D73154600E000BF8F68FF0701D16D1E41
:108B6000F9D28D68ED0714D00D7BFF2D07D05D780D
:108B7000002DC8D1032E19D0761C042ED8D3086836
:108B8000FC23400603D4086840F04000086010460B
:108B900010E08D68009583F801C06D06E7D50D7B68
:108BA0008DF800509DF800508D68E0E71C7040463D
:108BB000AAE700BF8C68A40701D4401EF9D28868D8
:108BC000C0070AD0C8688DF800008868C00702D0C6
:108BD000C8688DF800009DF800000B7300E000BF2E
:108BE0008868C00701D1521EF9D28868C00700D03A
:108BF000C86849465046FDF743FB002884D06FF013
:108C0000020081E758640240FC030020003001406C
:108C1000A0860100000002402DE9F05F04460BA889
:108C20000D4690E8400C20680A9F9846416891469E
:108C300021F0010141602868416821F00101416093
:108C4000E06C01F087F8E86C01F084F8F06A01F05C
:108C500081F8204601F056F8284601F053F8E16CFF
:108C60000968C1F80C80E16C08EB570009680861DD
:108C7000E06C0068016841F480210160E06C0068EC
:108C8000016821F400210160E16C206809680C3062
:108C90008860E16CB808804609684860206801680F
:108CA00021F0400101602068416841F0010141600C
:108CB0002068016841F040010160E06C00680168D3
:108CC00041F001010160424908680006FCD44148B6
:108CD000826942F40022826100BF00BF022200BF0D
:108CE000521C322AFBDB3A4B4FF44E421B1D1A60DA
:108CF0000A681206FCD400BF00BF022200BF521C4B
:108D0000322AFBDB826942F00802826100BF00BFA9
:108D1000022000BF401C3228FBDB08680006FCD4A0
:108D2000284600F0EFFFE96C0968C1F80C90E96C87
:108D300009EB570009680861E86C0068016841F4B4
:108D400080210160E86C0068016821F40021016065
:108D5000E96C286809680C308860E96C0968C1F81A
:108D600004802868016821F040010160286841689A
:108D700041F0010141602868016841F04001016053
:108D8000E86C0068016841F001010160F16A09685E
:108D9000C1F80CA0F16A206809680C308860F16A9B
:108DA0004FEA5B0009684860F06A0068016821F0DA
:108DB000100101603068C16841F40061C160F06A6F
:108DC0000068016841F001010160BDE8F09F00000A
:108DD00008380040000002400021CA1CD206D20C14
:108DE00020F81120491C2029F7DB70472DE9F04FAE
:108DF00004462DED0A8BADF2745D4FF00009D4E905
:108E0000A765D0F8B002CDF80005B4F8B402CDF8EB
:108E1000FC040A2004F51E74CDF80090CDF8080576
:108E2000FAF7EAFFCDF85005FE4807C89FEDFE0AA5
:108E30000DF2445383E8070004ED7C0AA069A4F511
:108E40001E7480077DD400279FEDF89BF3EE04AAE3
:108E50009FEDF88BDFF8E4A39FEDF9AA780007F007
:108E6000BEFF53EC192B08F067F807F0D1FC00EEB9
:108E7000900A80EEAA0A10EE100A08F0ADFB41EC51
:108E8000100B06F001F853EC182B51EC100B08F006
:108E900053F853EC182B07F0EDFC07F0B9FC00EE8B
:108EA000100A10EE100A504501DD9FEDE60AB5EEFE
:108EB000C00AF1EE10FA01D2B0EE4A0A0DF5A36134
:108EC000BCEEC00A10EE100AC8557F1C142FC5DB7B
:108ED000B4F886001822012820784FF0080C44F6D8
:108EE000206743D0B7FBF0F14FF0FF300DF11008D1
:108EF000034688E819008DE8061029463046DDF85B
:108F0000FC34DDF8002500F03BFF2946304601F037
:108F10006BF94920009005233046DDF8FC24DDF88C
:108F2000001501F0E3FAD4F8900240F00400C4F810
:108F30009002DDF8FC044FF0010A0221CDF83895CB
:108F400000E004E3CDF83C15CDF83005CDF834A5AC
:108F5000CDF840950DF5A661DDF80005F9F7B4FCF4
:108F600000200DF11C0BCDF8540519E0B7FBF0F310
:108F70004FF0FF300DF10808014688E81300CDE9F5
:108F8000002C3046DDF8FC24DDF8001501F020F857
:108F9000BFE7010004D0012904D0022805D103E075
:108FA000412002E0492000E059200090052330468E
:108FB000DDF8FC24DDF8001501F098FAA2490868F4
:108FC0000B1FCDF868051868CDF864059E482C384D
:108FD0000068CDF860059C48283800689A4ACDF8AA
:108FE0005C05203A1068CDF8580500201860DDF8BF
:108FF000503544F62067B3FBF7F35B1E0B6010603F
:10900000914A0121183A1160111F08608E490839F0
:1090100008600746FFE100204FEA0B0101EB8002E8
:10902000401C82ED00AA1428F8DB07F03F000090F6
:1090300007233046DDF8FC24DDF8001501F056FA70
:10904000814900201C3908607F482C38016841F0B4
:1090500001010160002000907C4801680906FCD4F1
:109060007B498A6942F400228A6100BF00BF022264
:1090700000BF521C322AFBDB9DF8182542F4064340
:10908000724A121D136003681B06FCD400BF00BFA8
:10909000022300BF5B1C322BFBDB8B6943F0080310
:1090A0008B6100BF00BF022300BF5B1C322BFBDBC8
:1090B0003368DB68ADF804302B68DB68ADF804304A
:1090C00003681B06FCD48B6943F400238B6100BF4B
:1090D00000BF022300BF5B1C322BFBDBFB06DB0C5B
:1090E0009A469646136002681206FCD400BF00BF81
:1090F000022200BF521C322AFBDB8A69894642F0F9
:1091000008028A6100BF00BF022100BF491C32294A
:10911000FBDB504B1968C907FCD03168C968ADF852
:1091200008102968C968ADF80810002246491C39A2
:10913000D1F800C05FEACC7CF8D04FF0000CC1F849
:1091400000C001680906FCD4D9F818C04CF4002C02
:10915000C9F818C000BF00BF022100BF491C322956
:10916000FBDB511C4FF0140C91FBFCF80CFB181CA2
:109170000DF5A361F04611F80C1041F4064CCEF841
:1091800000C001680906FCD400BF00BF022100BF77
:10919000491C3229FBDBD9F818C049464CF0080CB1
:1091A000C9F818C000BF00BF4FF0020C00BF0CF19F
:1091B000010CBCF1320FF9DBD6F800C0DCF80CC0B2
:1091C000ADF814C0D5F800C0DCF80CC0ADF814C080
:1091D000D0F800C05FEA0C6CFAD4D1F818C04CF497
:1091E000002CC1F818C000BF00BF4FF0020C00BF38
:1091F0000CF1010CBCF1320FF9DBC8F800A000BF84
:10920000D0F800C05FEA0C6CFAD400BF00BF4FF08A
:10921000020C00BF0CF1010CBCF1320FF9DBD1F8EC
:1092200018C019E0E030020800007A4344174154A6
:10923000FB210940000000000000604000007F4367
:109240000000000000007F432C0C00400838004064
:1092500000000240083401404CF0080CC1F818C06E
:1092600000BF00BF022100BF491C3229FBDB196887
:10927000C907FCD03168C968ADF80C102968C96805
:10928000ADF810101F2F0EDDBDF80C104FF6FF7C4F
:109290000CEA4101ADF80C100BEB8201BDF80CC0DB
:1092A000D1ED000A05E00BEB8201BDF810C0D1ED55
:1092B000000A0FFA8CFC00EE10CA521C142AB8EEF9
:1092C000C00A30EE800A81ED000AFFF62FAF009948
:1092D000DDF80825491C00919142FFF6BEAE0798C3
:1092E000804608F079F941EC190B404608F074F912
:1092F00041EC180B4FF000080BEB8809D9F800007F
:1093000008F06AF953EC192B07F014FF05D2D9F8CD
:10931000000008F061F941EC190BD9F8000008F0E1
:109320005BF953EC182B07F0CBFD05D2D9F8000000
:1093300008F052F941EC180BDDF8080508F10108B6
:109340008045D9DB07F04BFD8A4680464AEC1B0B73
:10935000DDF854050DF2445101EB8009D9F8000005
:1093600008F03AF941EC1C0B53EC182B51EC190B9B
:1093700008F048F853EC1C2B07F038FB9FED759B69
:1093800053EC192B07F0D8FD9FED74CB53EC1C2B3D
:1093900007F0D2FD53EC1B2B07F028FB07F038FA3F
:1093A00000900DF5A2631BAA142107A804F0A0FBEE
:1093B000D9ED000A9DED1B1A4AEC188B81EE200AAC
:1093C00010EE100A08F008F953EC192B07F0B4FD61
:1093D00053EC1C2B07F0B0FD53EC182B07F006FBE9
:1093E00007F016FA07EB47011EAA02EB8103DDF82E
:1093F00054251B9043F82200DEA800EB4101DDF864
:109400005405BDF8102521F810205648016821F0B8
:10941000010101607F1C2078B8423FF7FCAD514943
:10942000DDF868052C310860091FDDF86405086067
:109430004C49DDF8600508604A48DDF85C15001D00
:1094400001604849DDF858050C310860DDF8540525
:10945000401CCDF854050328FFF69BAD424800227E
:10946000D0ED0E0A90ED0F0A104635E000EB4007F4
:109470001EAB03EB8703002193ED021AB4EEC01A72
:10948000F1EE10FA01D8022107E093ED011AB4EED3
:10949000E01AF1EE10FA00D8012103EB81030DF57B
:1094A0005E7C93ED001A04EB80030CEB470783ED21
:1094B000441A37F8111004EB4007A7F8101293ED87
:1094C000441AD4ED221AB4EEE11AF1EE10FA00D2E9
:1094D000521CC4F88C20401C21788142C6DCB4F8B0
:1094E0008600012820D04FF0FF31CDE90411069409
:1094F000A288E18860888DE8070029463046DDF8BB
:10950000FC34DDF8002500F03BFC00BFD4F89002ED
:1095100020F00400C4F89002002000900DF2745D69
:10952000BDEC0A8BBDE8F08F4FF0FF3002AA014678
:1095300082E81300A188E088CDE900016388304605
:10954000DDF8FC24DDF8001500F042FDDEE74FF009
:10955000FF30E2E7E72AAB23262C8A3EFCA9F1D2B2
:109560004D62503F000C0040B830020830B5044650
:10957000414887B0142145696846E7F7C3F9002CD4
:1095800077D0002D75D02868002872D0D4F89C02BE
:1095900070B1006860B1416821F003014160D4F806
:1095A0009C02C06C00F0D6FBD4F89C0200F0AAFB31
:1095B000D4F8A00270B1006860B1416821F00301E5
:1095C0004160D4F8A002C06C00F0C4FBD4F8A00243
:1095D00000F098FBE86A00F0BDFB2868C16821F440
:1095E0000061C1602868016821F0010101602868FC
:1095F0000021C16028680161286841621F48026833
:1096000042F008020260006800F0080005901C4863
:109610000160001D0160001D0160001D016018480F
:1096200018300160001D0160001D016014482830E1
:109630000160134A481E2C3210601148243001602A
:109640000F4A012014321060121F1160B4F8B422C6
:109650000092CDE9010102200390D4F8B0026946DE
:1096600004F52C74F9F730F9A18801222068F9F784
:1096700026FA07B030BD000040A600204038024066
:10968000000C00402DE9F74F04462DED0A8BBAB0CF
:10969000D4E9A765D0F8B0020990B4F8B4020890F4
:1096A00005201F90002004F51E740090FAF7A4FB1B
:1096B0008146FE482AAB07C883E8070002209FEDD9
:1096C000FC0A2D9004ED7C0AA069A4F51E748007A5
:1096D0007ED400279FEDF79BB3EE04AA9FEDF78B96
:1096E000DFF8E0A39FEDF8BA780007F078FB53ECC1
:1096F000192B07F021FC07F08BF800EE900A80EEA2
:109700008A0A10EE100A07F067FF41EC100B05F013
:10971000BBFB53EC182B51EC100B07F00DFC53EC7A
:10972000182B07F0A7F807F073F800EE100A10EEF8
:10973000100A504501DD9FEDE50AB5EEC00AF1EED5
:1097400010FA01D2B0EE4B0A20A9BCEEC00A10EE0E
:10975000100AC8557F1C142FC6DBB4F886200820D9
:109760001821237844F62068012A5FD0B8FBF3F271
:109770004FF0FF3704970092CDE90110CDE9057451
:10978000DDE908322946304600F0FAFA294630462B
:1097900000F02AFD4920DDE908210090052330462C
:1097A00000F0A4FED4F8900240F00400C4F8900247
:1097B0004FF0010A0898CDE9250A00270220CDE9DB
:1097C000277025A929970998F9F77EF8592000E014
:1097D00053E2DDE9082100900523304600F086FEC3
:1097E000BB4801682F91011F0A680592B84A2C3ABC
:1097F00012680492B64A283A12680392B44A203A90
:10980000136802930F60B9FBF8F1491E01601760FD
:10981000AF491839C1F800A0081F0760AC480838E4
:1098200007604FF000080DF12C0BE0E14FF0FF3224
:109830000DF1040A1746049400918AE88500B8FBEC
:10984000F3F3DDE90821304600F0C2FBA2E7002077
:109850004FEA0B0101EB8002401C82ED00BA142894
:10986000F8DB4598DDE9082100F03F000090072370
:10987000304600F03BFE964800211C3801609448B9
:109880002C38016841F001010160002001909148ED
:1098900001680906FCD490498A6942F400228A6171
:1098A00000BF00BF022200BF521C322AFBDB9DF822
:1098B000802042F40643874A121D136003681B068A
:1098C000FCD400BF00BF022300BF5B1C322BFBDBBC
:1098D0008B6943F008038B6100BF00BF022300BF08
:1098E0005B1C322BFBDB3368DB68ADF800302B6888
:1098F000DB68ADF8003003681B06FCD48B6943F4C9
:1099000000238B6100BF00BF022300BF5B1C322B12
:10991000FBDB4FEAC863DB0C9A469646136002688D
:109920001206FCD400BF00BF022200BF521C322A24
:10993000FBDB8A69894642F008028A6100BF00BFEA
:10994000022100BF491C3229FBDB644B1968C9079F
:10995000FCD03168C968ADF800102968C968ADF855
:10996000001000225A491C390F68FF07FAD000275F
:109970000F6001680906FCD4D9F8187047F4002775
:10998000C9F8187000BF00BF022100BF491C32296E
:10999000FBDB511C142791FBF7FC07FB1C1720A9CC
:1099A000F446C95D41F40641CEF80010016809068D
:1099B000FCD400BF00BF022100BF491C3229FBDBE1
:1099C000D9F81870494647F00807C9F8187000BF61
:1099D00000BF022700BF7F1C322FFBDB3768FF6808
:1099E000ADF8CC702F68FF68ADF8CC7007683F0603
:1099F000FCD48F6947F400278F6100BF00BF0227A6
:109A000000BF7F1C322FFBDBCCF800A007683F06AD
:109A1000FCD400BF00BF022700BF7F1C322FFBDB3E
:109A20008F6947F008078F6100BF00BF022100BFA8
:109A3000491C3229FBDB1968C907FCD03168C968A9
:109A4000ADF8C4102968C968ADF8C810B8F11F0F87
:109A50000EDDBDF8C4104FF6FF7707EA4101ADF8FF
:109A6000C4100BEB8201BDF8C470D1ED000A05E013
:109A70000BEB8201BDF8C870D1ED000A3FB200EED9
:109A8000107A521C142AB8EEC00A30EE800A81ED1A
:109A9000000AFFF667AF0199491C01911F9A914294
:109AA000FFF6F6AE0B9807461AE00000F830020801
:109AB00000007A4344174154FB2109400000000094
:109AC0000000604000007F430000000000007F4372
:109AD0002C0C0040083800400000024008340140CF
:109AE00007F07AFD41EC190B384607F075FD41ECA3
:109AF000180B00270BEB8709D9F8000007F06CFD65
:109B000053EC192B07F016FB05D2D9F8000007F02B
:109B100063FD41EC190BD9F8000007F05DFD53EC33
:109B2000182B07F0CDF905D2D9F8000007F054FD45
:109B300041EC180B1F987F1C8742DBDB07F04FF9C5
:109B40008A4607464AEC1C0B2D992AA800EB81098E
:109B5000D9F8000007F040FD41EC1A0B53EC182B2C
:109B600051EC190B07F04EFC53EC1A2B06F03EFF9C
:109B70009FED439B53EC192B07F0DEF99FED42ABB1
:109B800053EC1A2B07F0D8F953EC1C2B06F02EFFE0
:109B900007F0F8F8469934AB06AA21F8180014210A
:109BA0000BA803F0A5FFD9ED000A9DED061A4AECBB
:109BB000187B81EE200A10EE100A07F00DFD53EC21
:109BC000192B07F0B9F953EC1A2B07F0B5F953EC40
:109BD000182B06F00BFF07F0D5F8469921F818006E
:109BE0002B48016821F00101016008F1010821788A
:109BF00041453FF72CAE26492F982C310860091FAC
:109C000005980860224904980860091D03980860B7
:109C10001F4902980C310860B4F8860001281CD056
:109C20004FF0FF31CDE904110694A288E1886088E5
:109C30008DE80700DDE908322946304600F0A0F83B
:109C4000D4F8900220F00400C4F8900200200090A4
:109C50003AB0BDEC0A8BBDE8FE8F4FF0FF31CDE985
:109C600002110494A188E088CDE900016388DDE950
:109C70000821304600F0ACF9E2E74FF0FF30E6E7AC
:109C8000E72AAB23262C8A3EFCA9F1D24D62503F35
:109C9000000C00402DE9F843804616460F464FF46D
:109CA000AA40ADF80000002231463846F8F707FF19
:109CB0000120F8F793FC4FF47A752B46022269468F
:109CC0004046FBF765F80020ADF800000122314660
:109CD0003846F8F7F4FE0024002231463846F8F7FB
:109CE000EEFE2B46022269464046FBF751F8012260
:109CF00031463846F8F7E3FE641CE4B2092CEBD396
:109D0000BDE8F88308B5002805D00068002802D017
:109D1000C1688068009008BD002806D0016800294D
:109D200003D000220A6100684262704700B585B026
:109D30000820009002200021CDE9010103900120BC
:109D4000049069460248F8F7BFFD05B000BD000069
:109D500000000240094A00280ED0016800290BD0FB
:109D60000B6823F001030B60006800E000BF01688E
:109D7000C90701D0521EF9D270470000A086010029
:109D80002DE9FF4F8DB00025DDE91F86DDE91B972A
:109D9000DDF868A00F98C6F8B002A6F8B4320D98A6
:109DA000C6E9A7010120CDE908050220CDE90A0591
:109DB0000C469B46079307A90F98F8F785FD0D9869
:109DC00001F0ADFB4FF48060C4E901504000C4E9EC
:109DD0000305012060614002C4E9060525620A20EE
:109DE0006562C4E90A502046FAF77CFD20B9206874
:109DF000016841F040010160002423465A460F9952
:109E00000D9800F04FFA06EB44010881641CE4B29F
:109E1000402CF2D3304606F0C1FC20B14FF0FF30A9
:109E200011B0BDE8F08FB6F884003070A6F802A03B
:109E300000EE10AA0024B8EE400A10EE100A07F057
:109E4000CBFB9FED5C1B53EC112B07F075F89FEDDE
:109E50005B1B53EC112B06F0C9FD06F01FFF0146FA
:109E6000584A002052F820308B4200D20446401C51
:109E70000928F7DBDE208DF80400524853492430CE
:109E8000504A10F824008DF805004E48483010F86C
:109E900024008DF8060002208DF8070040208DF880
:109EA000080049488DF8095010F827008DF80C007B
:109EB0004548443010F827008DF80D00424888309E
:109EC00010F827008DF80E003F48CC3010F827001E
:109ED0008DF80F0011F8290064318DF81000643AF4
:109EE00011F8291012F8290041EA80108DF81100AC
:109EF000A6F80690B780B6F886701E984FEA1861EB
:109F0000030A43EA0863DCB2030CC2B2000E43EA60
:109F1000084340EA0820DBB2C0B2012F02D0042F70
:109F200025D110E08DF814308DF815008DF8122031
:109F30008DF816508DF818508DF813408DF8175085
:109F40008DF8195013E08DF814308DF815008DF848
:109F500016804FEA18208DF817004FEA18408DF848
:109F600012208DF818008DF813408DF81910162066
:109F7000009001AB5A460F990D9800F09FFA00240B
:109F800023465A460F990D9800F08CF906EB4401D0
:109F90000881641CE4B2402CF2D35A460F990D9804
:109FA000FFF778FED6F8900240F00100C6F8900264
:109FB000002035E7000000000000404000000000E5
:109FC00000408F4074300208382E0208482F0208E3
:109FD0002DE9FF4F8DB04FF0000BDDE91D54DDE999
:109FE0001A860E98C4F8B002A4F8B4220D98C4F8EA
:109FF000A0B2C4F89C020121CDE9081B0221CDE9E1
:10A000000A1B99469246079207A90E98F8F75CFC3E
:10A010000D9801F084FA0027DDE90D013B46524618
:10A0200000F040F904EB470108817F1CFFB2402F8C
:10A03000F2D3204606F0B2FB20B14FF0FF3011B052
:10A04000BDE8F08FB4F884002070A4F802909FED72
:10A05000600A00EE909A0027F8EE600A20EE800A6F
:10A0600010EE100A07F0B8FA9FED5A1B53EC112BB3
:10A0700006F0BCFC06F012FE0146584A002000BF64
:10A0800052F820308B4200D20746401C0928F7DBEB
:10A09000DE208DF80400514851492430514A10F80F
:10A0A00027008DF805004D484C4B483010F827002C
:10A0B0008DF8060002208DF8070040208DF808007A
:10A0C0008DF809B011F826108DF80C104449584647
:10A0D000443111F826108DF80D104149883111F8DE
:10A0E00026108DF80E103E49CC3111F826108DF84F
:10A0F0000F1012F8281064328DF81010643B12F81B
:10A10000282013F8281042EA81118DF81110A4F8C4
:10A110000680A680B4F886C01C990A0A0F0CCEB23D
:10A1200042EA0562D3B247EA0547090EFAB241EAAC
:10A1300005212F0EC9B2BCF1010F03D0BCF1040FF1
:10A1400023D110E08DF814208DF815108DF81260D1
:10A150008DF816008DF818008DF813308DF8170063
:10A160008DF8190011E08DF814208DF815108DF878
:10A170001650280A8DF81700280C8DF812608DF8FB
:10A1800018008DF813308DF8197016200090DDE955
:10A190000D0101AB524600F091F90025DDE90D01FA
:10A1A0002B46524600F07EF804EB450108816D1CF9
:10A1B000EDB2402DF2D3DDE90D015246FFF76AFD05
:10A1C000D4F8900240F00100C4F89002002036E775
:10A1D000000000420000000000408F407430020880
:10A1E000382E0208482F0208F8B50C46050053D057
:10A1F000002C51D0286800284ED0206800284BD071
:10A200002846FFF77FFD2046FFF77CFD2349244ABF
:10A2100000200B681B06FCD4936943F40023936170
:10A2200000BF00BF022300BF5B1C322BFBDB1B4EB9
:10A230000023361D33600B681B06FCD400BF00BF33
:10A24000022300BF5B1C322BFBDB936943F0080346
:10A25000936100BF00BF022300BF5B1C322BFBDBFE
:10A260002B689E68F607FCD0DB68ADF800302368E9
:10A270009E68F607FCD0DB68ADF80030BDF8003012
:10A28000401CC0B20328C4D32846FFF73BFD20463C
:10A29000BDE8F840FFF736BDF8BD000008380040C3
:10A2A0000000024070B543F0C0003F490202086858
:10A2B0000006FCD43D48836943F40023836100BF5A
:10A2C00000BF022300BF5B1C322BFBDB364B1B1D88
:10A2D0001A600C682406FCD400BF00BF022400BF33
:10A2E000641C322CFBDB846944F00804846100BFE9
:10A2F00000BF022400BF641C322CFBDB0C68240668
:10A30000FCD4846944F40024846100BF00BF0224AB
:10A3100000BF641C322CFBDB1A600C682406FCD4E2
:10A3200000BF00BF022400BF641C322CFBDB846929
:10A3300044F00804846100BF00BF022400BF641C15
:10A34000322CFBDB1A4C2568ED07FCD0184E361D6D
:10A3500035680D682D06FCD4856945F400258561B6
:10A3600000BF00BF022500BF6D1C322DFBDB1A6051
:10A370000A681206FCD400BF00BF022100BF491CBE
:10A380003229FBDB816941F00801816100BF00BF18
:10A39000022000BF401C3228FBDB2068C007FCD035
:10A3A0003068C0B270BD00000838004000000240B4
:10A3B0000834014070B51546040017D0B5B12068C7
:10A3C000A0B1286890B121B1086810B10846FFF724
:10A3D000A3FC2846FFF7A0FC2046FFF79DFC28467B
:10A3E000FBF70EF828B16FF0010070BD4FF0FF30A1
:10A3F00070BDFFF79BFC01220C21206803F058F888
:10A4000001220021206803F053F82068416C41F4D8
:10A41000004141642068016841F001010160206849
:10A420000068C00701D0002070BD6FF0020070BD51
:10A4300070B515460E46040029D0206838B3204672
:10A44000FBF731F82068016821F00101016000226A
:10A450000C21206803F02CF800220821206803F06A
:10A4600027F800221146206803F022F82068016ACC
:10A4700041F21112114207D1016A9210114203D127
:10A48000416C21F4004141642046FFF745FC3EB198
:10A49000306828B13046FAF7F3FF3046FFF73CFC4E
:10A4A000002D0AD02868002807D02846FAF7FBFFBD
:10A4B0002846BDE87040FFF72FBC70BD2DE9F8437A
:10A4C0001D461746884681460024089E09E0285DFF
:10A4D000009023463A464146484600F007F8641C7F
:10A4E000E4B2B442F3D30020BDE8F88370B503F0C2
:10A4F000BF00049940F0800041EA00233E4908680B
:10A500000006FCD43D48826942F40022826100BF0B
:10A5100000BF022200BF521C322AFBDB364C241D36
:10A5200023600A681206FCD400BF00BF022200BFED
:10A53000521C322AFBDB826942F00802826100BFB2
:10A5400000BF022200BF521C322AFBDB0A6812063F
:10A55000FCD4826942F40022826100BF00BF022263
:10A5600000BF521C322AFBDB23600A681206FCD4AF
:10A5700000BF00BF022200BF521C322AFBDB8269EF
:10A5800042F00802826100BF00BF022200BF521CDD
:10A59000322AFBDB1A4A1568ED07FCD0184D2D1D39
:10A5A0002E680E683606FCD4866946F4002686615D
:10A5B00000BF00BF022600BF761C322EFBDB2360EB
:10A5C0000B681B06FCD400BF00BF022100BF491C62
:10A5D0003229FBDB816941F00801816100BF00BFC6
:10A5E000022000BF401C3228FBDB1068C007FCD0F3
:10A5F0002868C0B270BD000008380040000002406A
:10A600000834014070B50446F1F751F80C4D286844
:10A6100040F0004028600520F7F7E0FF286840F090
:10A620008040286004F54054B4F8B00240F00800BF
:10A63000A4F8B002BDE870400520F7F7CFBF0000D6
:10A640001808024010B504460A48016841F48041E8
:10A65000016004F54050B0F8B01221F00801A0F8F4
:10A66000B0120520F7F7BAFF2046BDE81040F0F71A
:10A6700031BF00001808024030B5074C00228B5C47
:10A68000002B08D0636003681D68ED432D06FBD4E2
:10A69000521CD2B2F3E730BD0010014070B500F596
:10A6A0004054B4F8B00240F40060A4F8B002F8F7E7
:10A6B0000BFA054605E000BFF8F706FA401BC8286C
:10A6C0000DD8D4F88C070028F6D1F8F7FDF9054627
:10A6D00013E000BFF8F7F8F9401BC8280DD9B4F80B
:10A6E000B00240F02000A4F8B002B4F8B00220F4A8
:10A6F0000060A4F8B002012070BDD4F8F00B00286F
:10A70000E8D0B4F8B00220F44060A4F8B002002011
:10A7100070BD0A20ECF724FBF5F746FE0148F8F778
:10A7200069BA0000502B01200148F8F7C0BA0000B8
:10A73000502B012038B5806B002190F83D202B4B29
:10A7400046F2A8141B68B3FBF4F3C3EBC30303EB9B
:10A75000830300933BB15B1E009303681B689B055A
:10A7600005D5009BF6E7036C43F020030364436BBD
:10A7700003B1D963836B03B1D96303681C6824F404
:10A7800080641C604185436B03B11965836B03B121
:10A79000196503681C6824F001041C6090F83D40B2
:10A7A0002023602C0BD0282434EA02020FD080F83A
:10A7B0003D3080F83E1000BFF8F792FB38BD80F8BE
:10A7C0003D3080F83E100164F8F7C2F938BD0268E8
:10A7D000136843F0010313600268136843F4806355
:10A7E0001360016380F83D40E6E700003806002072
:10A7F00000684169C943090601D40021016170471D
:10A8000070B5044690F83D0094F83E10102901D030
:10A81000402906D1222804D121680A6822F4006266
:10A820000A60282131EA00024FF000054FF02006AF
:10A8300026D021684968090505D4602803D084F82A
:10A840003D6084F83E50256320684168090537D58E
:10A85000416821F400614160606B90F835203C490B
:10A86000012A11D00165606BF7F7F1FC38B320685D
:10A87000016821F00101016084F83D60606B1CE01B
:10A88000256384F83D10DFE7A06B0165A06BF7F747
:10A89000DEFCA0B120684169C943490605D40069BE
:10A8A000616A0870606A401C60622068016821F07B
:10A8B0000101016084F83D60A06B016D884710E0E4
:10A8C00094F83D10602910D04169C943490605D468
:10A8D0000069616A0870606A401C60622046F8F78F
:10A8E000FFFA206CC1071CD115E084F83D60256497
:10A8F0004169C943490605D40069616A0870606A04
:10A90000401C60622068016821F00101016020465E
:10A91000F8F71EF9E5E7810703D4410701D40007E2
:10A9200004D52068416821F4E061416094F83D005D
:10A93000216C49070BD5282809D10648E062256318
:10A9400084F83D6084F83E502046F8F79DFB70BDCA
:10A9500035A701080000FFFF01684A69D24352058C
:10A960000FD46FF480624A61002140F8301F20222A
:10A9700042738173026942F0040202610173012093
:10A9800070470020704710B5C26A438D0168042BE0
:10A9900006D0438D032B08D0438D022B1DD012E02F
:10A9A0004A6822F480624A600CE04B6823F48063BA
:10A9B0004B60042A06D0022A04D001680A6822F4F7
:10A9C00080620A6001680969426A1170416A491C23
:10A9D0004162418D491E418510BD012A34D0102AA3
:10A9E00032D0042A34D0022A32D00B6843F40073E8
:10A9F0000B6001680969436A1970416A491C416228
:10AA0000438D5B1E438503681B690B70416A491CBB
:10AA10004162418D491E418501684B6823F44073B2
:10AA20004B60202180F83D1090F83E300021402BF3
:10AA300080F83E1010D0082A02D0202A00D012211F
:10AA40000163F8F722FB10BD0B6823F48063CFE7A6
:10AA50000B6843F48063CBE70163F8F719FB10BD83
:10AA600038B590F83D10222910D1C36A418D0329D1
:10AA70000DD901680969426A1170416A491C416235
:10AA8000418D491E4185418D032906D038BDC26ADA
:10AA9000022A02D0012906D029B10068416821F4B8
:10AAA0008061416038BD2A4A46F2A814002112682C
:10AAB000B2FBF4F202EB8202009202682024009DB5
:10AAC0006D1E009526D01568AD05F8D4156825F4DF
:10AAD000806515600268556825F4E0655560026878
:10AAE0001269456A2A70426A521C4262428D521EA5
:10AAF000428580F83D4090F83E2080F83E10402A84
:10AB000021D0082B02D0202B00D012210163F8F7AE
:10AB1000BCFA38BD036C43F020030364536823F48C
:10AB2000E063536002681269436A1A70426A521CF9
:10AB30004262428D521E428580F83D4080F83E10B0
:10AB4000F8F7CEF938BD0163F8F7A2FA38BD000076
:10AB50003806002010B5C26A90F83D1021290BD1AB
:10AB6000418D51B1416A026809781161416A491CFD
:10AB70004162418D491E418510BD20230021082AD4
:10AB800013D0202A11D012F5803F0ED002685468ED
:10AB900024F4E06454601122026380F83E1080F8CF
:10ABA0003D3000BFF8F772FA10BD0268546824F413
:10ABB000E06454600268146844F400741460016333
:10ABC00080F83D3090F83E2080F83E10402AE9D1D0
:10ABD000F8F776FA10BD000010B590F83D1090F827
:10ABE0003E30C26A048DB4B1212903D0402B11D16B
:10ABF00022290FD1418DE1B390F83E10402942D077
:10AC0000416A026809781161416A491C4162418DBB
:10AC1000491E418510BD2129E8D120230021082AA1
:10AC200013D0202A11D012F5803F0ED0026854684C
:10AC300024F4E06454601122026380F83E1080F82E
:10AC40003D3000BFF8F722FA10BD0268546824F4C2
:10AC5000E06454600268146844F400741460016392
:10AC600080F83D3090F83E2080F83E10402AE9D12F
:10AC700000E002E0F8F724FA10BD0068416821F412
:10AC80008061416010BDBDE8104000F0D3B8000005
:10AC900078B590F83E50C26A036B90F83D6000248E
:10ACA0000168222E7AD1066D0EB9402D76D0056D41
:10ACB0001DB90569B5F5404F09D0458D05B3468DE1
:10ACC000384D012E0ED0438D022B3AD05DE04A69FB
:10ACD0008A6900920A6842F480720A60016D491C18
:10ACE000016578BDAA4213D10A6822F480620A6025
:10ACF00001684A68120503D50A6822F4806216E0EA
:10AD00004A698A6900920A6842F400720A6039E06E
:10AD1000082A10D0202A0ED0122B0AD0042A03D0E1
:10AD2000022A01D0102AE7D10A6842F480620A6040
:10AD300024E0012AE0D00A6822F480620A600168F7
:10AD4000DEE7042A21D0022A1FD0102A1DD00B686A
:10AD500023F480630B6001680B6843F400630B60AD
:10AD600001684B681B0509D5AA4212D0012A10D0F0
:10AD7000082A0ED0102A0CD0202A0AD001684A696D
:10AD800089690091046578BD08E00B6843F480632D
:10AD9000E5E74A6842F480524A60EFE7486988690B
:10ADA0000090F0E70000FFFF90F83E10402910D01F
:10ADB0000169B1F5804F19D0016DA9B3016D012969
:10ADC00010D1416C5FF0F10201F4407142EAD111FF
:10ADD00006E0016D0029416C05D0C9B241F00101C6
:10ADE00000680161704701F0FE01F9E790F83D103D
:10ADF0002129416C09D0C9B241F0010102681161F9
:10AE0000416B29B1C96B49B902E001F0FE01F5E7D8
:10AE1000816B0029E6D0C96B0029E3D00068416846
:10AE200041F4006141607047FFE7416CF02201F49A
:10AE30004071CBE710B590F83D10026D4AB1026D3C
:10AE4000012A14D0026D022A16D0BDE81040FFF787
:10AE5000CFBCC16C0129816C02D0C1F3072108E08D
:10AE60000268C9B21161016D891C016510BD816C58
:10AE7000C9B20268116123E022291CD0428D0AB1B7
:10AE8000212920D0428D002AF0D12129EED101685C
:10AE90004A6822F4E0624A6001680A6842F400727B
:10AEA0000A6000210163202280F83D2080F83E10D6
:10AEB000F8F706F910BD01680A6842F480720A606A
:10AEC000016D491CD1E7416A026809781161416A44
:10AED000491C4162418D491E418510BD2DE9F84F45
:10AEE0000446006889460B9D01689846174641F460
:10AEF000806101602068016841F480710160009503
:10AF00004FF0011B0022594620460A9B00F0FEF933
:10AF10004FF4007A40B120680068C00501D5C4F83C
:10AF200040A00320BDE8F88F216809F0FE00086109
:10AF30002B46284920460A9A00F030FAF0BB2068D8
:10AF40004169806900902A4620460A9900F0BCFABF
:10AF500040B1206C04283AD12068016841F40071A6
:10AF6000016034E0FEB2B8F1010F09D02168380A5F
:10AF700008612A4620460A9900F0A6FA0028E8D17E
:10AF8000206806612A4620460A9900F09DFA0028AA
:10AF9000DFD12068016841F48071016000950022D2
:10AFA000594620460A9B00F0B1F90028B3D1216828
:10AFB00009F0FF0040F00100086100E007E02B46C7
:10AFC000044920460A9A00F0E9F90028AAD0012095
:10AFD000A8E70000020001002DE9F84304460068DC
:10AFE0000D46DDE9089701689846164641F48071E0
:10AFF00001604B4600224FF001112046009700F0FF
:10B0000085F948B120680068C00502D54FF400708A
:10B0100020640320BDE8F883216805F0FE00086184
:10B020003B464A461549204600F0B8F988B92068E1
:10B030004169806900903A464946204600F044FA4A
:10B0400048B1206C042804D12068016841F40071E3
:10B0500001600120DEE7F5B2B8F1010F09D02168E7
:10B06000300A08613A464946204600F02DFA002889
:10B07000E7D1206805610020CCE700000200010054
:10B0800038B50C4690F83D200021282595430268EC
:10B090000B4605D051699169009180F83C3038BD6C
:10B0A000556825F480655560E243540700D50121B9
:10B0B000120601D5828900E0028B80F83C3092B202
:10B0C000F7F75CFD38BD00002DE9F04190F83D3008
:10B0D0000446C26A002120261E4F00686FF4806576
:10B0E000082A01D0202A01D1282B04D0212B17D0E7
:10B0F0004561BDE8F081E762426822F4E0624260A7
:10B10000206845612068026822F480620260216341
:10B1100084F83D6084F83E102046F7F7B5FFE8E775
:10B12000E7622122226384F83D6084F83E10416882
:10B1300021F4E0614160206845612068016821F4E4
:10B14000806101602046FFF753FB2046F8F749FA7B
:10B15000CFE700000000FFFFF8B590F83D6004461F
:10B160000068416821F4E061416020680025416980
:10B170000091016841F0010101602068016821F43B
:10B180008061016020684168090520D5474F222E63
:10B1900048D02A2E46D0616B096849686185618D67
:10B1A00019B1216C41F004012164416821F400616E
:10B1B0004160606BF7F78EF8012808D0606B076577
:10B1C000606BF7F744F810B1606B016D8847608DD4
:10B1D00008B320684169C943490708D40069616A16
:10B1E0000870606A401C6062608D401E6085206847
:10B1F0004169C943490608D40069616A0870606AF8
:10B20000401C6062608D401E6085608D18B1206CAE
:10B2100040F004002064206C00B32046BDE8F840F4
:10B22000FFF7EEBAA16B096849686185618D19B1B4
:10B23000216C41F004012164416821F40061416006
:10B24000A06BF7F747F80128C1D0A06B0765A06B8A
:10B25000F6F7FDFF0028BAD0A06BB6E72A2E06D17C
:10B260002563282084F83D002046F8F7B9F994F8C2
:10B270003D10202028290DD0216B222901D0222E1B
:10B2800007D1256384F83D0084F83E502046F8F746
:10B29000A7F9F8BD0649E162256384F83D0084F80A
:10B2A0003E502046F7F7F0FEF8BD000035A7010834
:10B2B0000000FFFF70B516460D4604461EE020460E
:10B2C000FFF74AFB08B1012070BD681C16D0F7F7E4
:10B2D000FBFB801BA84200D885B920684069C043A9
:10B2E00040070BD5002044F8300F20216173A07374
:10B2F000216941F0200121612073E4E72068406961
:10B30000C0434007DBD4002070BD00002DE9F047AA
:10B31000984617460D460446C1F30746DDF82090CF
:10B320002AE000BFB8F1FF3F26D0F7F7CDFBA0EB36
:10B330000901414502D8B8F1000F1DD12068012E46
:10B3400016D0806925EA00000004000C12D000200D
:10B35000B84211D1002044F8300F20216173A0734E
:10B36000216941F02001216120730120BDE8F087AF
:10B370004069E7E70120EBE72068012E0AD08069E9
:10B3800025EA00000004000C06D00020B842C9D015
:10B390000020EBE74069F3E70120F7E72DE9F047EC
:10B3A000984616460D4604464FF000094FF0200A15
:10B3B000C1F3074723E020684069C043400515D426
:10B3C0002068016841F40071016021686FF48060B9
:10B3D0004861C4F8309084F83DA084F83E90216C18
:10B3E00041F00401216484F83C9021E0701C06D0F7
:10B3F000F7F76AFBA0EB0800B04203D816B1012FA3
:10B400001FD021E02068012F15D0806925EA0000B7
:10B410000004000C18D000BF44F8309F84F80DA041
:10B4200084F80E90216941F02001216184F80C908C
:10B430000120BDE8F087406925EA00000004000C07
:10B44000EAD12068406901E02068806925EA0000AF
:10B450000004000CAFD1ECE72DE9F0410025904647
:10B460000E460446202728E04069C043C0060CD49D
:10B4700054F8301B6FF01000486144F8105967779A
:10B48000A577206A2062257714E0F7F71DFBA0EB73
:10B490000800B04200D886B920684069C043400621
:10B4A0000BD544F8305F6773A573206940F0200026
:10B4B000206125730120BDE8F08120684169C943FE
:10B4C0004906D1D40020F6E770B516460D4604466D
:10B4D0001EE02046FFF740FA08B1012070BD681C4D
:10B4E00016D0F7F7F1FA801BA84200D885B920687A
:10B4F0004069C04300060BD5002044F8300F2021DE
:10B500006173A073216941F0200121612073E4E798
:10B5100020684069C0430006DBD4002070BD10B530
:10B5200004464FF48270606000204FF40061C4E96B
:10B53000020189102061C4E90501E06120626062B6
:10B54000A0620A20E0622046F9F7CCF908B1012098
:10B5500010BD2068016841F040010160002010BD6D
:10B56000F0B5354C8DB0206C10B12046F6F774FD67
:10B570000025089509950A95202168460B95E5F761
:10B58000C1F9012626612D484FF48037A560C4E932
:10B590000007257684F820503007E0624FF01060F5
:10B5A000A062F002E661E06084F8305022486661F3
:10B5B000F6F770FD88BB03200895CDE9096008A95E
:10B5C0001D48F6F797FC40BB12200090304602263B
:10B5D00004210496CDE901011949CDE906158DF83C
:10B5E00015508DF81400694613480395F6F7A2FB31
:10B5F00098B90820CDE9000669460F48F6F79AFB8E
:10B6000058B9F8F7E9FB0F49884201D8656008E0AE
:10B610000D49884202D8676003E006E04FF400302D
:10B6200060600548F6F736FD08B1F6F725F90748DA
:10B63000F4F760F90DB0F0BD082B012000200140A7
:10B6400001000F0001A24A040344950890B90020AC
:10B650004F4808B50268002142F4001202600268F7
:10B6600002F400120092026842F480020260006854
:10B67000484A00F4800000904748C0E90021802239
:10B6800082609200C26052000261920042619200A8
:10B69000C0E906210422C0E908120322C0E90A21F8
:10B6A0000163F6F7EBFE08B1F6F7E6F80022012198
:10B6B0000C20F8F72DF80C20F8F71CF800220521D3
:10B6C0000D20F8F725F80D20F8F714F800220421D2
:10B6D0000E20F8F71DF80E20F8F70CF800220521CF
:10B6E0000F20F8F715F80F20F8F704F800220521CD
:10B6F0001020F8F70DF81020F7F7FCFF00220121C9
:10B700001120F8F705F81120F7F7F4FF00220521C2
:10B710002F20F7F7FDFF2F20F7F7ECFF0022022183
:10B720003820F7F7F5FF3820F7F7E4FF0022012172
:10B730003920F7F7EDFF3920F7F7DCFF012204216C
:10B740003A20F7F7E5FF3A20F7F7D4FF0122114638
:10B750003B20F7F7DDFF3B20F7F7CCFF002201216C
:10B760004420F7F7D5FF4420F7F7C4FF0022052156
:10B770004520F7F7CDFF4520F7F7BCFF0022052154
:10B780004620F7F7C5FFBDE808404620F7F7B2BFEF
:10B790003038024070640240AC2F01202DE9F043A4
:10B7A00087B014216846E5F7ADF83F4800240168EA
:10B7B00041F004010160016801F004010591016894
:10B7C00041F080010160016801F08001059101688C
:10B7D00041F001010160016801F00101059101687A
:10B7E00041F0020101600068304E00F002004FF4A9
:10B7F00060450590002229463046F7F760F9DFF8EA
:10B80000B090002248F204114846F7F758F9DFF8E3
:10B81000A48041F20407002239464046F7F74FF969
:10B8200000950125CDE90154694630460394F7F7A8
:10B830004BF80420CDE900050326CDE90256694600
:10B840004846F7F741F84FF4C260CDE90006694673
:10B8500002944846F7F738F80220CDE90006694619
:10B8600002944046F7F730F80097CDE90154694655
:10B8700040460394F7F728F84FF401400090CDE9D3
:10B880000154694648460394F7F71EF8E802009011
:10B890004FF48810CDE9010469464846F7F714F8DB
:10B8A00007B0BDE8F08300003038024000080240D5
:10B8B0000000024000040240124810B5406B40F204
:10B8C000E24108B1884200D908464FF4AA714843C2
:10B8D0000D49884200D908460D490C4AC1E90020AB
:10B8E000002012148860C1E9030248618861C861C0
:10B8F00008620846F7F704FB002801D0F5F7BCFF03
:10B9000010BD000090B10020801A060000540040D5
:10B91000502B0120F0B5524893B00024016841F04B
:10B9200080510160006800F080501290F7F73AFFF4
:10B93000F2F750F978B36320494D109042F20F703E
:10B940003035119028680126C0F30120022804D068
:10B95000434840380068800303D411A910A8F2F7C7
:10B960008DF914210AA8E4F7CDFF282168460F9429
:10B97000E4F7C8FF286800273B4D3A4929600104D5
:10B980001FD510F4407F1CD000220AA92846F8F7E2
:10B9900047FD20B115E0FFE7F7F7F8FE5AE0002277
:10B9A0000FA93148F8F71AFD58B99DF83D00012854
:10B9B00006D19DF83E00012802D19DF83F0000B15C
:10B9C00001276C601098A8601198C5E903046C61A8
:10B9D0002548AC61F8F74EFDE0BBDFB98DF8284093
:10B9E0008DF829408DF82A408DF83C608DF83D6037
:10B9F0008DF83E600D940E948DF83F4000220AA908
:10BA00001948F8F7D5FE28BB00220FA91648F8F709
:10BA100083FEF8B98DF800408DF8014004944FF48E
:10BA200080708DF802400194039409900594069467
:10BA300007948DF82060002269460B48F8F79CFDBA
:10BA400040B94FF400700990002269460648F8F7A3
:10BA500093FD08B1F5F710FFF7F798FE13B0F0BDAE
:10BA60004038024000280040A42B012070B5AAB045
:10BA7000F2F736F8002857D1F7F726F805461421D3
:10BA800023A8E4F73FFF0024224623A9274828944F
:10BA9000F8F7C6FC002228A92448F8F79FFC3421B7
:10BAA00016A8E4F72FFF012630041C94CDE9166098
:10BAB00016A8F8F7D3F958216846E4F723FF0820C1
:10BAC00000901B4809906846F7F7A8FE19480660E1
:10BAD0001648F8F7CDFE15491748C1E90004632060
:10BAE000886042F20F70C1E903044C6108468C6122
:10BAF000F8F7C0FC08B1F5F7BFFEF6F7E5FF411B0C
:10BB000023A8F1F753FE002223A90848F2F7D4F93D
:10BB100008B1F5F7B1FE002228A90448F8F7FCFDAA
:10BB2000002801D0F5F7A8FE2AB070BDA42B012093
:10BB3000000318003C0E4742002800402DE9F04762
:10BB4000AEB06320299040F23F102A9000261421C5
:10BB500024A8E4F7D7FE0024342116A82B94E4F798
:10BB6000D1FE58216846E4F7CDFE484800684FF002
:10BB70000108C0F3012002287DD04548407B08B968
:10BB8000F0F708F92AA929A8F2F778F8F6F79CFF48
:10BB9000414D82463F4F002224A928462F60F8F7E6
:10BBA0003FFC88B900222BA92846F8F717FC58B9A2
:10BBB0009DF8AD00012806D19DF8AE00012802D104
:10BBC0009DF8AF0000B101264FF00809CDF858905C
:10BBD000CDE91B8416A8F8F741F94FF400700990DD
:10BBE000CDF800906846F7F719FE2C49C1F800809F
:10BBF000C5E900742998A8602A98C5E903046C6116
:10BC00002548AC61F8F736FC08B1F5F735FE6EB1A2
:10BC1000F6F75AFFA0EB0A0124A8F1F7C7FD0022AE
:10BC200024A91D48F8F7C4FD98B90CE006208DF84A
:10BC3000AC008DF8AD808DF8AE808DF8AF402494C7
:10BC400027942894EBE700222BA91348F8F764FD0A
:10BC500008B1F5F711FE002E14D11148F4F766F87B
:10BC60001048B0F8981221F0800141F04001A0F88E
:10BC700098120D4800E005E0D0F8E01241F0010113
:10BC8000C0F8E0122EB0BDE8F08700007038024026
:10BC90009801002000280040A42B01203C0E4742C0
:10BCA00010A20020085D002090B900200E4810B5B9
:10BCB0000C4901604FF48271416000218160C160D4
:10BCC0004FF400720161C0E90512C1610162416275
:10BCD00081620A21C162F8F705FE002801D0F5F75C
:10BCE000CBFD10BD00300140C42B01200F4810B522
:10BCF0000D4901604FF48271416000214FF40062F0
:10BD0000C0E9021292100161C0E90512C16101622D
:10BD1000416281620A21C162F8F7E4FD002801D086
:10BD2000F5F7AAFD10BD0000003800401C2C0120D2
:10BD30000E4810B50C4901604FF48271416000213A
:10BD40008160C1604FF400720161C0E90512C161F8
:10BD50000162416281620A21C162F8F7C3FD0028D5
:10BD600001D0F5F789FD10BD003C0040742C012086
:10BD70000E4810B50C49016000214FF48062C0E903
:10BD800001125200C0E90321012242610162520204
:10BD90004162826181620A21C162F8F7A3FD002835
:10BDA00001D0F5F769FD10BD00340140CC2C012015
:10BDB00030B595B000240F941094119412941394FC
:10BDC0001C2108A81494E4F79DFD20216846E4F79F
:10BDD00099FD254D2348C5E900044FF49670C5E947
:10BDE00002402C616C612846AC61F9F741F980BBD7
:10BDF0004FF480500F900FA92846F9F76CFB40BB19
:10BE00002846F9F7C1FC20BB202013908020149015
:10BE100013A92846F9F7B6F8D8B93220CDE9084079
:10BE20000A940B940C940D94002208A928460E94B1
:10BE3000F9F780FC68B900944FF40050CDE9044054
:10BE4000029401940394694628460794F9F770F820
:10BE500008B1F5F711FD2868C4602868046115B0C1
:10BE600030BD000000000140242D012010B592B02B
:10BE700000240C940D940E94142107A80F94E4F759
:10BE800041FD10941C2168461194E4F73BFD2748BE
:10BE90004FF08041C0E9001440F22B11C0E902418B
:10BEA00004618461F9F7E4F8C8BB4FF480500C904A
:10BEB0000CA91E48F9F70FFB88BB1C48F9F7F8FCE2
:10BEC00068BB0420CDE9070407A91848F9F7C3FDAA
:10BED00028BB202010908020119010A91348F9F75A
:10BEE00051F8E0B9602000901420019002200290E7
:10BEF0000022694604940D48F9F774FC78B91E20B5
:10BF0000CDE90104082269460848F9F76BFC30B90D
:10BF10000C22694605480194F9F764FC08B1F5F76D
:10BF2000ABFC0248F9F7DEFB12B010BD6C2D01200E
:10BF300010B58EB0142107A8E4F7E4FC00240C949B
:10BF40001C2168460D94E4F7DDFC1B481949C0E943
:10BF500000144FF49671C0E9024104618461F9F75D
:10BF600087F818BB1448F9F70FFCF8B90720CDE99A
:10BF7000070407A91048F9F76EFDB8B92020CDE9EC
:10BF80000C040CA90C48F8F7FDFF78B9602000906C
:10BF90000120CDE901040394049405940C22694620
:10BFA00005480694F9F71EFC002801D0F5F764FC5B
:10BFB0000EB010BD00080040B42D012010B588B0AF
:10BFC00014216846E4F79EFC0024134805941149A7
:10BFD0000694C0E900144FF49671C0E9024104616F
:10BFE00044618461F9F744F878B90720CDE9000489
:10BFF00069460948F9F72FFD38B9059405A906489F
:10C000000694F8F7BFFF002801D0F5F735FC08B01B
:10C0100010BD000000040140FC2D012010B586B0C9
:10C0200014216846E4F76EFC0D480C490024C0E971
:10C030000014FF21C0E9024104618461F9F718F896
:10C0400040B90720CDE9000469460548F9F703FD2A
:10C05000002801D0F5F710FC06B010BD00400140EB
:10C06000442E01200C4810B50A4901604FF4964156
:10C070004160002181600C22C160C0E9041281612D
:10C08000C161F9F767FD08B1F5F7F6FB0248EDF776
:10C09000D3F810BD001001401C2F012070477047DD
:10C0A0000B20EAF75DFEF4F77FF90920EAF758FE66
:10C0B000F4F77AF9704700000148F8F709B9000071
:10C0C000A42B0120010901EB810100F00F0000EB1E
:10C0D0004100C0B27047002102E00A38C0B2491CDA
:10C0E0000A28FAD2090740EA116070472DE9F041A9
:10C0F000044600680025C168490618D4C16841F0AB
:10C100008001C160F6F7E0FC06464FF47A78042718
:10C1100007E000BFF6F7D8FC801B404501D96777E0
:10C1200001252068C068400601D4002DF2D02846C1
:10C13000BDE8F08170B5044600680025C16821F0B3
:10C140008001C16020688068800606D42046F8F728
:10C150008FFB10B1042060770125284670BD0000D8
:10C1600070B50C460546EAF773F96C632C68E06C11
:10C170000068016821F001010160A06C006801689D
:10C1800021F0010101602068016821F04001016097
:10C190002068416821F0030141602846E9F74CFD21
:10C1A000E16C37480968C860E16C206809680C30A8
:10C1B0008860E16C686B09684860E06C0068016841
:10C1C00021F4A2610160A16C2D480968801CC8603F
:10C1D000A16C206809680C308860A16C686B0968E4
:10C1E0004860A06C0068016821F4A26101602068C9
:10C1F000016821F0400101602068416841F00101BF
:10C200004160E06C0068016841F001010160A06CD0
:10C210000068016841F0010101602068416841F057
:10C22000020141602068016841F040010160A06C9A
:10C23000006841680029FCD120688168090601D5A1
:10C2400000BFFAE7016821F0400101602068416801
:10C2500021F003014160E06C0068016821F00101F8
:10C260000160A06C0068016821F0010101602846AE
:10C27000E9F7E2FC2068016841F04001016070BD0F
:10C280001004002010B50446EAF7E2F8A06A4FF661
:10C29000FF71B0FBF1F2B0FBF1F301FB130101B14F
:10C2A00001211144B0FBF1F060630020E0622168DD
:10C2B000C86C0068026822F001020260886C0068A5
:10C2C000026822F0010202600868426822F003025C
:10C2D0004260CA6CA06B1268D060CA6C606B126856
:10C2E0005060C86C0068026822F484720260C86CF6
:10C2F0000068026842F4826202608A6C1648126822
:10C30000D0608A6C606B12685060886C006802684C
:10C3100022F4A36202600868426842F001024260AF
:10C32000C86C0068026842F001020260886C006814
:10C33000026842F0010202600868426842F00202AC
:10C340004260207940F0040020710868016841F0E3
:10C350004001016010BD00000C0400200168CA6C9F
:10C360001268136823F0010313608A6C1268136863
:10C3700023F0010313600A68536823F0030353603A
:10C38000C36A826B1A44CB6C1B68DA60CB6C426B5D
:10C390001B685A60CA6C1268136823F484731360B4
:10C3A000CA6C1268136843F4826313608B6C426B2F
:10C3B0001B685A608A6C1268136823F4A3631360C5
:10C3C0000A68536843F001035360CA6C126813682B
:10C3D00043F0010313608A6C1268136843F0010391
:10C3E00013600A68536843F002035360027942F015
:10C3F000040202710868016841F040010160704761
:10C400000549096801600449091D0968416002493C
:10C410000831096881607047107AFF1F18B5184805
:10C42000FF230168490603D4016841F0400101601F
:10C4300042F210710A4600E000BF8468A40701D4EC
:10C44000521EF9D28268D2070AD0C2688DF8002045
:10C450008268D20702D0C2688DF800209DF80020C3
:10C46000037300E000BF8268D20701D1491EF9D2F0
:10C470008168C90702D0C068C0B218BD002018BDCD
:10C4800000300140F8B515460E460B4600920446B2
:10C490000122022100F04CF8A0B9134813490068AA
:10C4A000B0FBF1F04FF47A71484300906068B0F54A
:10C4B000827F0DD13346002280212046009500F076
:10C4C00037F870B1606D40F0200060650320F8BD62
:10C4D000009830B1401E009020688068C04300067C
:10C4E000F6D50020F8BD00003806002000366E01A9
:10C4F00008B5006802689368DB439B0714D4117386
:10C500000022006806E0521C642A03DD01736FF00C
:10C51000010008BD8368DB43DB07F4D1007B8DF8A5
:10C5200000009DF8000008BD4FF0FF3008BD00007E
:10C530002DE9F8431E46914688460446089DF6F7C5
:10C54000C3FA401B351AF6F7BFFA074626480068BB
:10C55000C0F3CB3068430AE0701C09D0F6F7B4FA98
:10C56000C01BA8420FD275B10098B8B3401E00900E
:10C570002068816838EA010033D000214945EBD1B9
:10C580000020BDE8F8832068416821F0E0014160A7
:10C590006068B0F5827F0BD1A068B0F5004F02D083
:10C5A000B0F5806F04D12068016821F0400101607E
:10C5B000A06AB0F5005F09D12068016821F400513C
:10C5C00001602068016841F400510160012084F895
:10C5D0005100002084F850000320D2E7FFE7002537
:10C5E000C6E70121CAE700003806002070470000B6
:10C5F000F8B505003DD000202870204800680104EF
:10C6000037D510F4407F34D01C483038016841F0F1
:10C6100080510160006800F080500090F7F7C2F888
:10C6200012211748F7F7EAFD064613211448F7F7D9
:10C63000E5FD0446F7F7AAF81249481E8E4212D1CA
:10C64000022C16D1F7F7AEF8002212210C48F7F7AA
:10C65000DAFD002213210A48F7F7D5FDF7F796F81F
:10C660000220287008E0864203D1012C03D0022C5E
:10C6700001D00020F8BD2C700120F8BD70380240B8
:10C68000A42B0120A220E30C194808B5016841F44D
:10C6900080410160006800F4804000901548016806
:10C6A00021F470410160001D016821F00F0101605B
:10C6B0001148016841F4C05101600F480830016819
:10C6C00041F4C0510160001D016841F4C051016096
:10C6D00009494FF4C0501431086000220621282077
:10C6E000F7F716F8BDE808402820F7F703B8000070
:10C6F0004438024010380140003C0140054810B564
:10C70000006810B10348F5F7A7FCBDE81040FEF73C
:10C7100027BF0000082B0120054810B5006810B1A4
:10C720000348F9F7FCF9BDE81040FFF79BBC000097
:10C730001C2F0120FEF78CBF00B585B04FF40060C0
:10C74000009002200021CDE9010103900120049016
:10C7500069460348F6F7B8F805B0002000BD0000B0
:10C7600000000240054810B5006810B10348F6F714
:10C7700006FABDE81040FFF79FB80000502B0120DB
:10C780000A4810B5006810B10848F8F794F807484F
:10C79000B030006818B10548B030F8F78CF8FFF7F2
:10C7A000A5FABDE81040FFF7E3BA00001C2C0120F9
:10C7B000094810B5B0F89802012804D000F0AAFD8D
:10C7C00018B1F5F759F8FFF7F3FAFFF74FFBBDE89B
:10C7D0001040FFF723BC0000709F0020044910B5F3
:10C7E0000022A1F8982200F035F8002010BD0000CA
:10C7F000709F0020044910B50122A1F8982200F092
:10C8000005F8002010BD0000709F00200A4910B5F7
:10C81000084888639030F9F782F906489030F9F7B4
:10C82000CBF900F061F8FFF7C3FA00F0C1F800207F
:10C8300010BD0000D42E012040A60020044910B5F0
:10C840000222A1F8982200F005F8002010BD000097
:10C85000709F002000B587B014216846E4F752F8B5
:10C860001649154888639038F9F759F912489038F5
:10C87000F9F7A2F900F038F81148016841F0010118
:10C8800001600068032100F0010005904FF4805022
:10C890000090022001900120CDE902010490694638
:10C8A0000848F6F711F800F035FD002801D04FF0E8
:10C8B000FF3007B000BD0000642F012040A600201B
:10C8C000303802400000024010B5F9F70BFC054873
:10C8D000006810B10348F7F7EEFFBDE81040FFF71E
:10C8E000E5B90000C42B01202DE9F0410F20F6F737
:10C8F000F0FE4520F6F7EDFE3420F6F7EAFE47207D
:10C90000F6F7E7FE2448D0F8341229B1D0F8300207
:10C9100010B12248EEF799FE2148224C0025806B89
:10C920000C274FF4E136A04216D1206810B1204602
:10C93000F9F7F5F81C482060C4E90165E560C4E931
:10C940000457A5611748E561F6F7CAF8D0B9472042
:10C95000F6F7D0FE45201BE0124C903C206810B149
:10C960002046F9F7DCF811482060C4E90165E5606C
:10C97000C4E90457C013C4E906500A489038F6F7D2
:10C98000AFF808B1F4F778FF3420F6F7B3FE0F20C4
:10C99000BDE8F041F6F7AEBE709F0020706F00203A
:10C9A00040A60020642F012000140140004C0040EC
:10C9B00070B586B014216846E3F7A4FF0E48002442
:10C9C000016841F00101016000680C4E00F00100B7
:10C9D0004FF400650590224629463046F6F76FF879
:10C9E00001200095CDE90104694630460394F5F72E
:10C9F0006BFF06B070BD00003038024000000240FE
:10CA0000002000F003B80120AFF300802DE9F14FC2
:10CA10004FF0000993B05D48CDF81490CDF8049024
:10CA2000CDF83C9001684A464D46CE46CB464B4633
:10CA300041F001010160006800F0010000905448DD
:10CA4000D0F800C0C7682CF07071016027F07071D9
:10CA500041F0A071C160BFF34F8F4E49C8260C68EA
:10CA60004D49B4FBF1F171434FF47A76B14200D2F3
:10CA700031464A4EB4FBF6F4102C00D21024444840
:10CA80000069C0F30030029045480068DFF8148167
:10CA9000C00105D5D8F80000C00701D0012000E092
:10CAA0000020824608014FF40066B04202D33A4E9D
:10CAB000B04200D930463B4E766811963EE000BF4A
:10CAC000BAF1000F08D0374ED6F80480119EA8EBBB
:10CAD00006068E4236D205E0D8460BF1010BB8F5BA
:10CAE000806F2FD22A4ED6F81080C8F30038CDF8C8
:10CAF00000803669C6F3C02606B16D1CB8F1000F80
:10CB00002BD0521CDDF80880009E464516D0BAF1A5
:10CB1000000F11D0234E7668DDF83C80B8F1000F8D
:10CB200007D0DDF80480A6EB0808A04501D80EF177
:10CB3000010E019601260F96009E02961E465B1C72
:10CB40008642BDD31248C760C0F800C0BFF34F8F04
:10CB5000059810280AD342B108E009F10109002E16
:10CB6000D0D1059E761C0596CCE765B1139818B117
:10CB7000B9F1100F00D312B1BEF1040F03D301209D
:10CB800014B0BDE8F08F0020FAE700003038024012
:10CB9000000002403806002040420F0090D0030001
:10CBA000FCED00E0001000E010B5F6F71BFDBDE85D
:10CBB00010400420F2F7A0BB30B593B03421684692
:10CBC000E3F7A0FE14210DA8E3F79CFE1B48002408
:10CBD000016841F080510160006800F080501290BF
:10CBE0001748016821F4404141F480410160006828
:10CBF000012500F440401290032000904FF4803053
:10CC000003950190EDF762F9049006946846F7F7F2
:10CC100025F950B90F20CDE90E540D901094002144
:10CC20000DA81194F6F796FF08B1F4F725FEEDF77D
:10CC300089F9EFF7AFF813B030BD0000403802407B
:10CC400000700040012100F001B800002DE9F04F14
:10CC500093B05FEA010B044601D000F05FF90021B8
:10CC6000012000F0A5F84D484FF002094FF0010AED
:10CC700001684FF480484E464FF4805721F480718C
:10CC800001604FF44041062C5DD2DFE804F0030957
:10CC90000E14191E4FF0000A0C256024564602E0BF
:10CCA0000F25502403E0002717E00F2570244FF0D4
:10CCB00004090126F7E70F25A0244FF004090CE032
:10CCC0000C2564248846032607E088460C25642446
:10CCD0000168032641F48071016034216846E3F75E
:10CCE00011FE14210DA8E3F70DFE2D48016841F057
:10CCF00080510160006800F080501290294801685E
:10CD000021F4404141EA0801016000684FF0010848
:10CD100000F4404012904FF48030CDE900805FEA8B
:10CD20000A024FF00F0A4FF480014FF0020010D0BA
:10CD300006AA804682E823000421CDE90B10CDE944
:10CD4000094968460FE00C256024BBE7F4F794FD21
:10CD50000DE0CDE906810C2108916021CDE9091093
:10CD60000B900C906846F7F779F80028EED1002078
:10CD7000CDE90F071190CDE90DA831460DA8F6F7C2
:10CD8000E9FE08B1F4F778FDE9F794FFBBF1000F75
:10CD900001D000F08FF813B0BDE8F08F003C0240E6
:10CDA0004038024000700040012100F001B800004E
:10CDB000F0B5B5B00E46070004D1F0F757FF08B143
:10CDC000EEF7E8FF0EB100F0A9F8342116A8E3F75A
:10CDD00099FD142123A8E3F795FD33480024016849
:10CDE00041F080510160006800F0805000902F48B1
:10CDF000016821F4404141F480410160006801254F
:10CE000000F4404000900220169029481995006DCA
:10CE10001A901C9416A8F7F721F808B1F4F72CFD26
:10CE20000F20CDE923044FF48050CDE925400021A7
:10CE300023A82794F6F78EFE08B1F4F71DFD3421E0
:10CE40006846E3F75FFD684606950094F7F706F835
:10CE500008B1F4F711FDFFB9F0F708FFE0B1FEF7F4
:10CE60006DFE342128A8E3F74DFDCDE9285428A80C
:10CE70002D95F6F7F3FF08B1F4F7FEFC582168464C
:10CE8000E3F740FD08200090800109906846F6F71E
:10CE9000C5FC08B1F4F7F0FCE9F70CFF002E01D057
:10CEA00000F008F835B0F0BD403802400070004096
:10CEB00098010020154808B5B0F8B002C00619D591
:10CEC0001348ECF7B9F91349087F00281CD0124821
:10CED0000268009242680092C26842F40052C26046
:10CEE000C26842F02002C26000200877BDE8084016
:10CEF000E6F72EB9FFF71EFC0020E8F7B7FDBDE806
:10CF000008400348ECF798B908BD0000085D002010
:10CF10001C2F01209801002000100140134810B57B
:10CF2000B0F8B002C0061CD5E6F712F9002110488F
:10CF3000E6F7C0F80F4940B100200877012202212E
:10CF4000BDE810400620EDF7B9B90B48C26822F4DD
:10CF50000052C260BFF34F8FBFF36F8F012008777D
:10CF600010BDBDE81040E8F773BD0000085D00206B
:10CF7000082D0020980100200010014070B5194CC8
:10CF80002068194A10F00C01184804D0184D0429E3
:10CF900003D0082903D002601BE0056019E01149A5
:10CFA000091F0B68C3F380560B6803F03F0316B1EB
:10CFB000B5FBF3F201E0B2FBF3F20B680968C3F3CF
:10CFC00088135A43C1F30141491C4900B2FBF1F1F6
:10CFD00001602168074AC1F30311515C0268CA402D
:10CFE000026070BD083802400024F40038060020BA
:10CFF00000366E01303102080248016841F47001C8
:10D000000160704788ED00E02DE9F05FAF480169ED
:10D01000C9070DD0016921F001010161AC48007818
:10D02000DFF8B082AC4E002220B13280A8F8002098
:10D03000BDE8F09FAA4DA94895F8401143688901C1
:10D0400084680C44846084689C4206D38468876842
:10D05000B4FBF3F404FB13738360846AC36A64183B
:10D0600053418462C362002300EB830414F118046B
:10D0700054E8007F0F4444E8007CBCF1000FF7D176
:10D080005B1C032BF0DB9748974B41F66A04816DDC
:10D09000491C81655888401C81B294485980A1423E
:10D0A00003D35A80012180F8101391498C6B896851
:10D0B0000C442968F1B30021894690F80E1300EB67
:10D0C0004105B5F80853491CC9B2032900D3002112
:10D0D000834680F80E138048B8F8006092460188B5
:10D0E000314301808348A8F80020B9F1000FC289BC
:10D0F00041EA02412160018A428A41EA02426260B9
:10D100007ED07648002704F108068169B846402998
:10D1100028D3C168806B471877484022806B00EBAA
:10D1200001086E484368C1684031994205D3B1FB9C
:10D13000F3FC00E014E00CFB1311C160016BD0F8AC
:10D1400034C04023CB184CF1000103634163183015
:10D1500050E8001F891A40E80013002BF8D105E0C1
:10D160000121A9E700215D4802F077FD634B002013
:10D170005246195CFF2908D03FB1B8F1000F04D026
:10D18000202905D237F9111008E026F8102007E011
:10D1900008EB410131F8401C490009B226F8101093
:10D1A000401C0828E5D3B9F1000F01D02583628324
:10D1B000DBF8F802A083000CE0834D482022416890
:10D1C00083682033836083688B4206D383688468D6
:10D1D000B3FBF1F303FB11418160816AC36A202430
:10D1E0000C19554643F100018462C1625FF00001F1
:10D1F00000EB810313F1180353E8004F144400E0DF
:10D200001AE043E80046002EF6D1491C0329EFDB63
:10D210003B4931480A8803881A430A800580012067
:10D22000F2F76AF8EDF78CFC00283FF401AFBDE897
:10D23000F05F0520F2F760B8DFF8C8C0324E9FED0E
:10D24000331A9CED000ADFED320A10EE101A4FF08F
:10D250004747B14202DDB0EE410A05E010EE101A78
:10D26000B94201D9B0EE600ABDEEC00A10EE101A44
:10D270009CED010A0AB210EE101AB14202DDB0EEC6
:10D28000410A05E010EE101AB94201D9B0EE600A69
:10D2900006894789BDEEC00A46EA0746A660878927
:10D2A000068810EE101A47EA0646E660468880882F
:10D2B00046EA004020619888461C9E8045EA00406E
:10D2C000606190B240EA0140A06171E70040014016
:10D2D000A0010020CC010020C801002050B0002097
:10D2E00090B10020702900200406002090B9002091
:10D2F00010B1002038B0002090B00020A002002023
:10D30000CA0100204006002000FEFF4600FEFF4646
:10D31000000000C770B58CB014216846E3F7F2FA3C
:10D3200000252448059506950795089509950A95C1
:10D33000016841F0010101600068012600F0010070
:10D340000B904FF4805000900220CDE9010603209D
:10D35000CDE9030669461848F5F7B6FA184C1748A0
:10D36000C4E90005C4E90256256165612046A5614E
:10D37000F7F77EFE6E1E98B94FF40050CDE9050513
:10D38000079505A920460895F8F7A5F840B920208B
:10D39000099080200A9009A92046F7F7F3FD10B103
:10D3A00030460CB070BD2068C56020680561002063
:10D3B000F7E7000030380240000002400000014062
:10D3C000242D01200148F8F7F5B800006C2D01204C
:10D3D00002496FF001000861704700000020004022
:10D3E000F0B50268274B284D284E294F294C4FF0A5
:10D3F000804C984209D0604507D0A84205D0B04281
:10D4000003D0B84201D0A04204D122F0700E4A6885
:10D4100042EA0E0298421BD0604519D0A84217D0AC
:10D42000B04215D0B84213D0A04211D01A4DA84234
:10D430000ED01A4DA8420BD0194DA84208D0194D54
:10D44000A84205D0184DA84202D0184DA84203D1D9
:10D4500022F44075CA682A434D6922F080022A43AB
:10D460008D68C5620D688562984201D0A04201D1E5
:10D4700009690163016841F0040101600121416112
:10D480000260F0BD000001400004004000080040C0
:10D49000000C0040000401400040014000440140F5
:10D4A0000048014000180040001C004000200040DF
:10D4B00010B501F01F030121046A99408C430462F6
:10D4C000016A9A401143016210BD10B5846842EAB6
:10D4D000032224F47F440A432243826010BD826801
:10D4E00022F070020A4342F0070181607047000099
:10D4F000F0B5036A026A22F001020262426884699E
:10D50000124E24F073050C682C4323F002058B683F
:10D510002B430D4DA84201D0B04205D123F008079E
:10D52000CB683B4323F00403A84201D0B04205D1AD
:10D530004D6922F4407215438A692A43426084612E
:10D54000496841630362F0BD0000014000040140EE
:10D55000F0B5026A036A23F010030362436884692A
:10D560000D6824F4E64444EA05248D6822F0200284
:10D5700042EA05120F4D104EA84201D0B04206D12A
:10D58000CF6822F0800242EA071222F04002A8424D
:10D5900001D0B04207D14D6923F4406343EA8503CB
:10D5A0008D6943EA8503436084614968816302624F
:10D5B000F0BD00000000014000040140F0B5026A27
:10D5C000036A23F4807303624368C46922F400721F
:10D5D00024F073050C68124E2C438D6842EA052234
:10D5E0000E4DA84201D0B04206D1CF6822F40062AD
:10D5F00042EA072222F48062A84201D0B04207D159
:10D600004D6923F4405343EA05138D6943EA05133A
:10D610004360C4614968C1630262F0BD000001401B
:10D620000004014030B5046A026A22F480520262AA
:10D630004268C3690D6823F4E64343EA05238D6815
:10D6400024F4005444EA0534084DA84202D0084DA1
:10D65000A84204D14D6922F4804242EA8512426018
:10D66000C36149680164046230BD000000000140EC
:10D670000004014070B5036800249A6822F0700528
:10D680004A682A4322F007050A682A439A604A68D2
:10D6900012F00F0F31D11211082A2ED2DFE802F05A
:10D6A0002E2E2E2E0B2127040B69D1E902210068B2
:10D6B000FFF70BFF22E00A68052A10D00268136A00
:10D6C000156A25F00105156202689569096925F05A
:10D6D000F00545EA01119161006803620EE0012046
:10D6E00070BD0A698968006800F00AF806E00A69F6
:10D6F0008968006800F015F800E00124204670BD3C
:10D7000010B5036A046A24F001040462846924F0F9
:10D71000F00444EA021423F00A020A43846102621C
:10D7200010BD10B5036A046A24F010040462846911
:10D7300023F0A00324F4704444EA023243EA0111C6
:10D740008261016210BD00000A4810B5016821F035
:10D75000200101600848EDF737FBEEF77FF820B1B4
:10D760000648E9F7CFF8F2F71FFEBDE810400220A7
:10D77000F1F7C2BD50B00020706F00203452534901
:10D7800001680C3151E8002F22F4907241E8002327
:10D79000002BF5D10168143151E8002F22F001026D
:10D7A00041E80023002BF5D1016B012909D1016863
:10D7B0000C3151E8002F22F0100241E80023002B29
:10D7C000F5D1202180F842100021016370470168E3
:10D7D0000C3151E8002F22F0C00241E80023002B59
:10D7E000F5D1202180F841107047000070B5044643
:10D7F00000680169E26821F4405111430161216927
:10D80000A068E26908436169114308432168CA6856
:10D8100049F20C639A430243CA6020684169A269D5
:10D8200021F440711143416134492068884208D095
:10D830003349884205D03349884202D03249884270
:10D8400002D1F6F7C9FA01E0F6F7B6FAE269002369
:10D85000192164253226B2F5004F626828D0A0FB5A
:10D860000101930F9200E2F7C5FD0146B0FBF5F010
:10D870006FF01802504301EB800006EB0010B0FB84
:10D88000F5F000F0F002B1FBF5F002EB0012B1FB95
:10D89000F5F06FF01803584301EB800006EB001021
:10D8A000B0FBF5F000F00F0021681044886070BDF7
:10D8B000A0FB010192185B41E2F79CFD0146B0FB21
:10D8C000F5F00201B1FBF5F06FF01803584301EBDE
:10D8D000800006EBC000B0FBF5F000F0F80002EBB2
:10D8E0004002B1FBF5F0584301EB800006EBC000AD
:10D8F000B0FBF5F000F00700D6E700000010014093
:10D900000014014000180140001C014010B5F6F75A
:10D91000CBFF1B48016821F0200101604FF48041DA
:10D920001848F5F7BFF80028174809D0EBF762FB55
:10D93000EDF794FF58B11548E8F7E4FFF2F734FD2E
:10D94000EBF7CAFABDE810400F48EBF735BC1048BA
:10D95000D0F83812C9030CD4D0F83012C9680906BF
:10D960000CD5D0F8340220B1806B10B100680028CB
:10D9700004D1BDE810400448EDF7C8BC10BD00005C
:10D9800050B0002000080240082D002042525349A8
:10D99000085D00200D4810B5016821F020010160EC
:10D9A0000B48EDF711FAEDF759FF20B10948E8F7F8
:10D9B000A9FFF2F7F9FC0848016841F02001016075
:10D9C000BDE810400220F1F797BC000050B00020E5
:10D9D000706F0020365253490C14014041F480719D
:10D9E00041F2210240004900CB0500D5401CC30391
:10D9F00000D55040CB03F5D580B270470D20E9F734
:10DA0000AFF9F2F7D1FC000070B50546E8F734FD38
:10DA1000686AB0F5803F01D34FF6FF7028632C6829
:10DA2000E06C0068016821F001010160A06C0068F1
:10DA3000016821F0010101602068016821F04001C6
:10DA400001602068416821F0030141602846E8F741
:10DA5000F3F8E16C25480968C860E16C2068096842
:10DA60000C308860E16C286B09684860E06C0068E5
:10DA7000016821F4A2610160A16CE86B0968C860CB
:10DA8000A16C206809680C308860A16C286B09685B
:10DA90004860A06C0068016841F482610160A06C7C
:10DAA0000068016821F4807101602068016821F03C
:10DAB000400101602068416841F001014160E06C73
:10DAC0000068016841F001010160A06C0068016814
:10DAD00041F0010101602068416841F002014160AC
:10DAE0002068016841F04001016070BD140400200D
:10DAF0002DE9F04106462DED048B94B000209FEDFA
:10DB00002E8A9FED2E9B1D46904618800746F3EE09
:10DB1000048A6C46780003F062F953EC192B03F089
:10DB20000BFA02F075FE00EE900A80EEA80A10EEE5
:10DB3000100A03F051FD41EC100B01F0A5F951EC76
:10DB4000100B02F065FE44F827007F1C142FE1DB68
:10DB50000021F0EE480A1422F0EE608A00204318FB
:10DB600093FBF2F702FB173304EB830393ED000AF8
:10DB700006EB8003401C93ED001A142841EE008A46
:10DB8000EDDBB2EE041A88EE810AB4EEC08AF1EE43
:10DB900010FA09D24FF4B470484390FBF2F088EDCC
:10DBA000000AB0EE408A2880491C1429D4DB14B046
:10DBB000BDEC048BBDE8F081000000004417415427
:10DBC000FB21094003B401984100009850EAC120AC
:10DBD00018BF04204A0D18BF40F0010040F2FF7248
:10DBE000B2EB515F08BF40F00200012808BF0520DA
:10DBF00002B07047002809DB00F01F0201219140AC
:10DC00004009800000F1E020C0F880127047002831
:10DC100009DB00F01F02012191404009800000F162
:10DC2000E020C0F8801270470907090E002804DBC5
:10DC300000F1E02080F80014704700F00F0000F1C0
:10DC4000E02080F8141D7047BFF34F8F054801682E
:10DC5000054A01F4E06111430160BFF34F8F00BF3B
:10DC6000FDE700000CED00E00400FA0500000000F4
:10DC700070B59B482DED020B2DED068B079D25F011
:10DC80000044A04218DC9748844202DC0AD106987E
:10DC900040B19DED060BBDEC068B02B0BDE87040B7
:10DCA00001F096BD002DCCBF9FED8F0B9FED900B2B
:10DCB000BDEC068B02B070BD8F48A04215DD8F48C9
:10DCC000A042D8BF4FF0FF3458DD9DED060B51EC5C
:10DCD000100BFFF777FF042808BF01F0ADFD9DEDA5
:10DCE000060BBDEC068B02B070BD9DED060B51EC32
:10DCF000100B02F02BF8CDE9060181489FED828BD5
:10DD0000A0423CDD8248A0421FDD00249FED82AB93
:10DD10009DED060B53EC1A2B51EC100B02F0AAFDF3
:10DD20009DED060B41EC190B53EC1A2B51EC100B2B
:10DD300003F002F953EC182B03F064FB53EC192B9E
:10DD400002F054FECDE9060149E09DED060B0124E9
:10DD500053EC182B51EC100B02F08CFD9DED060BD3
:10DD600041EC190B53EC182B51EC100B03F04AFB50
:10DD700053EC192B02F03AFECDE906012FE068487A
:10DD8000A0421FDD02249FED689B9DED060B53EC26
:10DD9000192B51EC100B03F0CFF853EC182B02F0B9
:10DDA00069FD9DED060B41EC180B53EC192B51EC62
:10DDB000100B03F027FB53EC182B02F017FECDE9F4
:10DDC00006010CE09DED060B032453EC102B9FED98
:10DDD000580B51EC100B02F009FECDE906019DED48
:10DDE000060B53EC102B51EC100B03F0A5F841EC93
:10DDF000180B53EC182B03F09FF841EC190B4E480D
:10DE00000621B0EE490AF0EE690A784401F0B4FB4D
:10DE100053EC182B51EC100B03F08EF841EC180B5F
:10DE20004648B0EE490AF0EE690A0521784401F04F
:10DE3000A3FB53EC192B51EC100B03F07DF841ECD4
:10DE4000100B51EC180B53EC102B002C0EDA02F0D7
:10DE500011FD9DED061B53EC112B03F06DF89DEDAC
:10DE6000061B53EC112B03F0F5F935E002F002FD2F
:10DE70009DED061B53EC112B03F05EF841EC100BEB
:10DE80002F48784400EBC40090ED001B51EC100BC0
:10DE900053EC112B03F0B6FA9DED061B53EC112B3E
:10DEA00003F0B0FA41EC100B2648784400EBC400B4
:10DEB00090ED001B51EC100B53EC112B03F0CAF941
:10DEC00041EC100B002DA2BFBDEC068B02B070BD63
:10DED00051EC100B02F090FC41EC100B01E700003C
:10DEE000000010440000F07F182D4454FB21F93F3E
:10DEF000182D4454FB21F9BF0000DC3F0000203EF8
:10DF00000000F33F00000000000000000000F03FB0
:10DF10000000E63F0000000000000000000000409C
:10DF20000080034000000000000000000000F83FF7
:10DF3000000000000000F0BF2A540000E053000081
:10DF40006A5300002253000070B56B4E2DED040B98
:10DF50002DED028B82B0DDF81CC0DDE905235C42AB
:10DF60002CF000411C4341EAD474049D22F000408F
:10DF7000B44205D86C422C4340EAD474B4420BD965
:10DF80009DED061B9DED040B02B0BDEC028B04B0B1
:10DF9000BDE8704001F026BCACF14054A4F17F64B0
:10DFA0001C430BD0022404EAAC7444EAD274054347
:10DFB0009FED538B9FED542B07D015E09DED040B87
:10DFC00051EC100B01F04FFC42E0002C11BF012C72
:10DFD0009DED040B02B0BDEC028B04BF04B070BD1C
:10DFE000022C38D0032C3BD00B439FED491B9FEDF7
:10DFF0004A0B0AD0B14218D1B04209D121F0804178
:10E0000020F08040079105900FE0002A15DA10E01B
:10E01000434B7B44002C08BF93ED000B0DD0012C2B
:10E0200010D0022C17D0032C1AD0B0421DD1002AD8
:10E0300003DAB0EE410AF0EE610A02B0BDEC028BE9
:10E0400004B070BD93ED000B51EC100B02F0D4FB4B
:10E0500041EC100BF1E7B0EE480AF0EE680AECE78D
:10E06000B0EE420AF0EE620AE7E7401A00153C28DB
:10E07000C8BF8DED000B19DCBCF1000FBEBF10F165
:10E080003C0F9FED290B8DED000B0FDB9DED060B7B
:10E0900053EC102B9DED040B51EC100B02F0A6FC81
:10E0A00001F054FE01F0DFFBCDE90001002C08BFB8
:10E0B0009DED000BC1D0012C10D0022C9FED1C0B4C
:10E0C00053EC102B9DED000B51EC100B0DD003F019
:10E0D00099F953EC182B03F095F9B9E7019880F002
:10E0E000004001909DED000BA7E703F08BF953EC86
:10E0F000182B03F0AFF8ABE70000F07F0000000042
:10E10000182D4454FB210940182D4454FB2109C00B
:10E11000182D4454FB21F9BF182D4454FB21F93F1D
:10E12000825200000000000000000000000000001B
:10E13000075C143326A6A13C10B52DED020B2DED86
:10E14000088B9DED080B51EC100B03F029F841EC06
:10E15000180B9DED080B53EC182B51EC100B03F032
:10E1600051F941EC190B09989FED2D0B10F0004F60
:10E1700053EC102B51EC190B9FED25AB9FED26BBFB
:10E180000DD002F09DFE0DD953EC1B2B51EC190B59
:10E1900002F0D0FF1BD213E041EC180B17E002F0A5
:10E1A0008FFE06D253EC1A2B51EC180B03F02AF910
:10E1B000F2E753EC1B2B51EC190B02F0BBFF06D816
:10E1C00053EC1A2B51EC180B02F054FBE4E79FEDD3
:10E1D000160B51EC180B53EC102B02F0ABFF08D3CD
:10E1E00051EC180B9FED120B53EC102B02F068FE54
:10E1F00002D20120E2F707FC51EC180BBDEC088BB2
:10E2000002B0BDE8104002F079BD0000000000003F
:10E21000000000000000F03F000000000000E03FB0
:10E22000000000000000E0BF0000C0FFFFFFDF4172
:10E23000000000000000E0C12DE9F04D2DED040BC1
:10E240002DED0E8B96B0DDE92550279CDDF890A0D2
:10E2500025F0004624F00048BAF1000F14BF012158
:10E26000002101EB4502FC4953184A1093422AD37E
:10E27000002814BF0123002303EB44030B44F74998
:10E280008B4220D358EA00019FEDF59B76D0DFF852
:10E29000D8B35D4503D1BAF1000F05D188E0BAF1DA
:10E2A000000F08BF002100D0012101EB450111F54D
:10E2B000001F08D8002814BF0121002101EB4401F0
:10E2C00011F5001F0BD99DED261B9DED240B16B0FB
:10E2D000BDEC0E8B04B0BDE8F04D01F083BA002711
:10E2E000002DBCBFE149884521DAE1498845A8BF36
:10E2F00002271CDAC3451ADCDE4901EB2851142938
:10E3000008DDC1F1340220FA02F101FA02F2824280
:10E310000DD108E058B9C1F1140228FA02F101FA4E
:10E3200002F2424503D101F00101C1F1020756EAB0
:10E330000A0124D1002C22DA002D18BF022F01D0AF
:10E34000012F0AD00220E2F75EFB16B0BDEC0E8B67
:10E3500004B0BDE8F04D01F023BA0220E2F753FB10
:10E3600001F01EFA51EC100B02F046FA41EC100BD2
:10E3700016B0BDEC0E8B04B0BDE8F08D18E09FED3B
:10E38000BEAB9FEDBF8B002871D1B848804522D12C
:10E3900005F1804010F5801008BFBAF1000F07D0DA
:10E3A000B3450ADC002CA8BF9DED260BE0DA0DE09A
:10E3B000B0EE490AF0EE690ADAE7002C06DA9DEDC4
:10E3C000260B51EC100B02F017FA6FE0AE487844C0
:10E3D00090ED000BCCE7D8454DD1002C48DA2EB19A
:10E3E00086423AD1BAF1000F42D126E0BAF1000FCD
:10E3F00013D00220E2F707FB01F00EFA8DED020BBD
:10E400009DED240B8DED000B10EE900A039961F346
:10E410001E0003909DED020BAAE78DED02AB9DED72
:10E42000240B1AEE901A10EE900A8DED000B61F39A
:10E430001E0003909DED020B9AE78DED028B9DED82
:10E44000240B18EE901A10EE900A8DED000B61F37C
:10E450001E0003909DED020B8AE709DA9DED240B67
:10E4600051EC190B53EC102B02F0C0FA1EE020E027
:10E470009DED240B7CE786421BDAB4F1804F0DD072
:10E48000A4F10050B0F1FF5013D1002D11DB9DED30
:10E49000240B51EC100B02F0F5F807E09DED240B76
:10E4A00053EC102B51EC100B00F0C2BC41EC100BE4
:10E4B0005EE79DED240B51EC100B01F047FCBAF127
:10E4C000000FCDE90E0142D19FED710B46B3A6F1CD
:10E4D000E040B0F17F600CD05E4538D1002D00DA0D
:10E4E000A7B3022F0CBF01204FF0FF3002F077FCE2
:10E4F000DCE7002D01DD002C0DDA002D01DD002C04
:10E500001FDB002D16DA002C14DB012F08BF9FED56
:10E51000620B3FF42DAFB0EE4A0AF0EE6A0A27E72D
:10E52000022F18BF002D0CD0012F0AD1002DFFF6AD
:10E530001FAF06E0002DB8BF002C08DA012F3FF412
:10E5400017AFB0EE480AF0EE680A11E71BE00120B1
:10E5500000EBE57050EA070115D0791EB0EE498A4C
:10E56000F0EE698A084308BF9FED4D8B4E480025A9
:10E57000804570DD4D494E48884514DDB0420DDBC5
:10E58000002C19DB2FE00120E2F73DFA16B0BDECBC
:10E590000E8B04B0BDE8F04D01F02EB9B34502DC9E
:10E5A000002C09DC1FE0864202DA002C1BDA03E0B3
:10E5B0005E452BDD002C16DD0220E2F724FA01F087
:10E5C0002BF98DED020B53EC1A2B51EC180B02F0CA
:10E5D000B3FCCDE900010399019861F31E0003909B
:10E5E0009DED020BC4E60220E2F70DFA01F024F9DA
:10E5F00010EE901A18EE900A8DED020B8DED008B47
:10E6000061F31E0003909DED020BB1E69DED0E0B34
:10E6100053EC192B51EC100B02F0F4FE9FED260B7E
:10E62000CDE9080153EC102B9DED080B51EC100BBC
:10E6300002F082FC9FED221B53EC112B02F00AFE2C
:10E640009DED081B53EC112B02F076FC9FED1E1B79
:10E6500053EC112B3CE08CE0FFFF1F00FFFF0F008D
:10E66000000000000000F03F0000F03F0000F07FDD
:10E670000000404301FCFFFF000000000000F07FAD
:10E680000000000000000000C64E00000000000076
:10E690000000000000000080000000000000F0FF0B
:10E6A000000000000000F0BF0000E0410000F04367
:10E6B000FFFFEF3F00000000000000000000D03F1F
:10E6C000555555555555D53F000000000000E03F19
:10E6D00002F0C0FD9DED080B41EC1A0B53EC102B22
:10E6E00051EC100B02F028FC53EC1A2B02F024FC26
:10E6F00041EC1A0B9FEDFE0B53EC102B9DED080B1C
:10E7000051EC100B02F018FC41EC1B0B9FEDFA0BC7
:10E7100051EC1A0B53EC102B02F00EFC41EC1A0BCF
:10E720009FEDF70B53EC102B9DED080B51EC100BEC
:10E7300002F002FC53EC1A2B02F064FE41EC1A0BBF
:10E7400051EC1B0B53EC1A2B02F094F80690CDE918
:10E7500006519DED060B53EC1B2B51EC100B02F0F8
:10E7600051FE53EC1A2B02F075FD41EC100B00F03A
:10E77000A1B90020B6F5801F0EDA9FEDE30B53EC34
:10E78000102B9DED0E0B51EC100B02F0D5FBCDE9DB
:10E790000E016FF034000E4600EB2650A0F2FF375A
:10E7A000C6F31300DA4940F07F6646F040568842CF
:10E7B000D8BF002408DDD7498142C8BF012403DC4B
:10E7C0000024A6F580167F1CD348784400EBC400D3
:10E7D0000F9690ED00CB9DED0E0B53EC1C2B51ECE6
:10E7E000100B02F00FFE9DED0E0B41EC1B0B53ECDA
:10E7F0001C2B51EC100B02F03DF841EC100B51ECCE
:10E80000190B53EC102B02F0F1F841EC1D0B51ECFD
:10E810001B0B53EC1D2B02F08FFB41EC1A0BBF4876
:10E820008DED10AB7844109590ED000B4FF000503B
:10E8300040EA660000EB84408DED080B00F50020F7
:10E8400009909DED080B53EC1C2B51EC100B02F0C2
:10E85000D9FD9DED0E1B53EC112B02F0FBFC41EC9E
:10E86000100B53EC102B9DED100B51EC100B02F024
:10E8700063FB9DED080B41EC1C0B53EC102B9DED45
:10E88000100B51EC100B02F057FB53EC1B2B02F05A
:10E89000E1FC53EC1C2B02F0B5FD53EC1D2B02F0F8
:10E8A0004BFB41EC1C0B53EC1A2B51EC1A0B02F0F6
:10E8B00043FB41EC1B0B9A480621B0EE4B0AF0EEED
:10E8C0006B0A784400F058FEB0EE401AF0EE601A81
:10E8D000B0EE41DAF0EE61DA53EC1B2B51EC1B0B7E
:10E8E00002F02AFB53EC1D2B02F026FB9DED100BD2
:10E8F00041EC1B0B53EC1A2B51EC100B01F0BAFF3F
:10E9000053EC1C2B02F018FB53EC1B2B01F0B2FF55
:10E910009DED100B41EC1B0B53EC102B51EC100B2D
:10E9200002F00AFB41EC1D0B9FED7FEB53EC1E2B1D
:10E9300001F0A0FF53EC1B2B01F09CFF0890CDE9E8
:10E9400008519DED080B53EC1E2B51EC100B02F0FF
:10E9500059FD53EC1D2B02F055FD53EC1B2B02F01F
:10E9600079FC9DED080B41EC1D0B53EC102B9DED3C
:10E97000100B51EC100B02F0DFFA41EC1B0B53ECC7
:10E980001A2B51EC1D0B02F0D7FA9DED080B41EC50
:10E990001A0B53EC102B51EC1C0B02F0CDFA53EC7C
:10E9A0001A2B01F067FF41EC1A0B51EC1B0B53ECD7
:10E9B0001A2B01F05FFF0C90CDE90C519DED0C0B73
:10E9C00053EC1B2B51EC100B02F01CFD53EC1A2BDB
:10E9D00002F040FC41EC1B0B9FED550B53EC102B50
:10E9E0009DED0C0B51EC100B02F0A6FA41EC1A0B4A
:10E9F0009FED510B51EC1B0B53EC102B02F09CFACA
:10EA000041EC1B0B9FED4E0B53EC102B9DED0C0BB3
:10EA100051EC100B02F090FA53EC1B2B01F02AFF83
:10EA200041EC100B4848784400EBC40090ED001B0B
:10EA300051EC100B53EC112B01F01CFF41EC1B0BA4
:10EA4000384602F0CCF9CDE9080153EC1B2B51EC10
:10EA50001A0B01F00FFF41EC100B3C48784400EB1F
:10EA6000C40090ED00CB51EC100B53EC1C2B01F0CB
:10EA700001FF9DED081B53EC112B01F0FBFE0690EE
:10EA8000CDE906519DED080B53EC102B9DED060BC7
:10EA900051EC100B02F0B6FC53EC1C2B02F0B2FC54
:10EAA00053EC1A2B02F0AEFC53EC1B2B02F0D2FB02
:10EAB00041EC100B9DED261B53EC102B8DED001B34
:10EAC00000959DED260B51EC100B02F035FA9DEDF3
:10EAD000000B41EC1A0B53EC102B9DED260B51EC67
:10EAE000100B02F08FFC9DED061B53EC112B2FE059
:10EAF000000000604715F73FFE822B654715F73F82
:10EB000044DF5DF80BAE543E0000000000004043BF
:10EB10008E9803007AB60B007A490000704A000014
:10EB2000B2480000000000000000000000000840A3
:10EB3000000000E009C7EE3FFD033ADC09C7EE3FE5
:10EB4000F5015B14E02F3EBE3E470000F846000092
:10EB500002F0F2F953EC1A2B01F08CFE9DED060B3E
:10EB600041EC1A0B53EC102B9DED000B51EC100BEC
:10EB700002F0E2F9CDE90C019DED0C0B51EC1A0B02
:10EB800053EC102B01F076FECDE902010C46AA49A8
:10EB90008C422FDB611A084318D19DED0C0B53EC0E
:10EBA000102B9DED020B51EC100B02F02BFC41ECF5
:10EBB0001B0B9FEDA30B51EC1A0B53EC102B01F028
:10EBC00059FE53EC1B2B02F0B5FA2DD20220E1F7CF
:10EBD0001AFF00F021FE10EE901A18EE900A8DED4B
:10EBE000020B8DED008B61F31E0003909DED020B77
:10EBF000FFF7BEBB944A24F00041914214D39349DD
:10EC0000214408437FF4EFAC9DED0C0B53EC102B2B
:10EC10009DED020B51EC100B02F0F4FB53EC1A2BA0
:10EC200002F088FA7FF6DFAC24F000408849894A78
:10EC3000002601EB205182422BDA481C4FF4801150
:10EC400021FA00F02044844AC0F30A517A44A1F228
:10EC5000FF3192ED000B814A8DED080BCA4020EA8E
:10EC60000202C0F3130040F48010C1F1140120FA35
:10EC700001F60992002CB8BF76429DED080B53ECCB
:10EC8000102B9DED0C0B51EC100B02F0BBFBCDE9F2
:10EC90000C019DED0C0B51EC1A0B53EC102B01F0F9
:10ECA000E9FD9FED6F0B0890CDE9085153EC102B57
:10ECB0009DED080B51EC100B02F03EF941EC1B0BE3
:10ECC0009FED690B53EC102B9DED080B51EC100BD5
:10ECD00002F032F99DED0C0B41EC1C0B53EC102BA8
:10ECE0009DED080B51EC100B02F08CFB53EC1A2B32
:10ECF00002F0B0FA9FED5E1B53EC112B02F01CF9F1
:10ED000053EC1C2B01F0B6FD41EC1A0B51EC1B0B24
:10ED100053EC1A2B01F0AEFDCDE902019DED020B83
:10ED200053EC1B2B51EC100B02F06CFB53EC1A2B29
:10ED300002F090FA9DED020B41EC1A0B53EC102BF4
:10ED400051EC100B02F0F8F8CDE908014A489DEDAE
:10ED5000080B0521784400F00FFC9DED081B51ECD9
:10ED6000100B53EC112B02F0E7F89DED021B53EC56
:10ED7000112B02F06FFACDE906019DED020B53EC69
:10ED80001A2B51EC100B02F0D7F853EC1A2B01F0B0
:10ED900071FD9FED3B0B41EC1A0B53EC102B9DEDDD
:10EDA000060B51EC100B02F02DFB9DED060B41EC18
:10EDB0001B0B53EC102B9DED020B51EC100B02F0D2
:10EDC000BBF853EC1B2B01F011FE53EC1A2B02F095
:10EDD00019FB9DED021B53EC112B02F013FB53ECBE
:10EDE000192B02F037FACDE9020101EB06500115AB
:10EDF0000029C8BF039015DC9DED020B324651EC93
:10EE0000100B02F001FDFEF7DDFE042808BF00F044
:10EE100013FD32469DED020B51EC100B02F0F4FC99
:10EE2000CDE902019DED020B51EC180B53EC102BB8
:10EE300002F082F8FFF73ABB0000904000000000AB
:10EE4000FE822B654715973C00CC904000346F3F05
:10EE500001FCFFFF0000E03F48460000FFFF0F00FD
:10EE600000000000432EE63F396CA80C615C20BE18
:10EE7000EF39FAFE422EE63F504400000000000049
:10EE8000000000000000004010B52F499FED2C1B32
:10EE90002DED020B84B0059820F000408842DCBFC5
:10EEA00000209DED040B32DD2849884209D10498E9
:10EEB00040B94FF00100E1F7A6FD00F09DFC06B05F
:10EEC00010BD05DB9DED040B00F082FC06B010BD0B
:10EED00068469DED040B00F07BF810F0030011D0A4
:10EEE000012818D09DED021B9DED000B02281AD0C1
:10EEF00000F08AFA51EC100B01F07EFC06B041ECF8
:10EF0000100B10BD9DED021B9DED000B012000F0CC
:10EF1000AFFB06B010BD9DED021B9DED000B00F098
:10EF200073FA06B010BD012000F0A2FB51EC100BEB
:10EF300001F062FC06B041EC100B10BD00000000B7
:10EF40000000000000000000FB21E93F0000F07F0E
:10EF500000B52DED048BB0EE409AF0EE609A83B0D0
:10EF600051EC190B02F082F941EC180B18EE100A63
:10EF700018EE901A8DED008B002818BF0120084371
:10EF800020F00040C0F17F6000F1E040C00F14D0DD
:10EF900019EE101A19EE900A8DED009B002918BF8A
:10EFA0000121084320F00040C0F17F6000F1E04003
:10EFB000C00F04BF0120E1F726FDB0EE480A03B000
:10EFC000F0EE680ABDEC048B00BD000000000000FC
:10EFD0002DE9F14F04462DED020B2DED088B8AB083
:10EFE0009FEDE70B80ED020B139EE74826F00045EE
:10EFF00085420ADC9DED120B002084ED000B0AB067
:10F00000BDEC088B03B0BDE8F08FE0489FEDE0ABAE
:10F010009FEDE1BBA84247DDE14F9FEDE39B9FEDF4
:10F02000E48B9DED120B53EC1A2B51EC100B002EC0
:10F030001CDD02F0E7F941EC100BBD4208D053ECA7
:10F040001B2B51EC100B02F0DDF9C4E900010BE0C1
:10F0500053EC192B51EC100B02F0D4F953EC182B94
:10F0600002F0D0F9C4E900010120C8E701F002FC78
:10F0700041EC100BBD4208D053EC1B2B51EC100B94
:10F0800001F0F8FBC4E900010BE053EC192B51EC43
:10F09000100B01F0EFFB53EC182B01F0EBFBC4E974
:10F0A00000014FF0FF30AAE7C348A84279DB9DED8D
:10F0B000120B51EC100B00F049FE41EC180B9FEDC8
:10F0C000C00B53EC102B01F037FF9FEDBF1B53EC2F
:10F0D000112B01F0CFFB01F0E1FD074601F07FFEAF
:10F0E00041EC190B53EC1A2B01F026FF53EC182BB3
:10F0F00002F0B0F841EC180B53EC1B2B51EC190B40
:10F1000001F01AFFDFF8C8A241EC100B4FEA1558C6
:10F110000125FA4453EC102B51EC180B02F072F954
:10F12000032DC4E900013DD0C1F30A5005EB4511A0
:10F13000A8EB00001139814234DA0AEB051BB0EE6E
:10F1400048AA9BED000BF0EE68AA53EC102B51EC93
:10F15000190B01F0F1FE41EC1B0B51EC1A0B53ECB7
:10F160001B2B02F04FF941EC180B51EC1A0B53EC2E
:10F17000182B02F047F953EC1B2B02F043F99BEDDF
:10F18000020B41EC1A0B53EC102B51EC190B01F054
:10F19000D3FE53EC1A2B02F035F941EC100B6D1C29
:10F1A000B8E70EE0002EA8BF3846BFF628AF94EDB2
:10F1B000000B51EC100B01F01FFBC4E90001784279
:10F1C0001DE7C6F3130040F4801EC6F30A50A0F2F8
:10F1D000F530471100F01F05C5F12000DDF848B0FB
:10F1E00008900020069007900520EC467949002DF4
:10F1F00007EB0002794408BF51F8221009D051F8FA
:10F20000223001EB8201AB404A68089922FA01F1F1
:10F210001943A1FB0E26A1FB0B131A449A4234BFDB
:10F220000123002303EB06080CEB8003D3E901A6BE
:10F230000E448E4234BF0121002192448A4411B110
:10F24000924502D903E0924501D2012100E000215C
:10F25000C3E901A641444CF82010011EA0F10100B1
:10F26000C4DC029800F10050850F0298DDE90367C5
:10F270008000DDF8148001F0B2FD41EC1A0B30463D
:10F2800001F0C4FD9FED541B53EC112B01F054FE13
:10F2900041EC1B0B384601F0B9FD9FED511B53ECBF
:10F2A000112B01F049FE41EC180B404601F0AEFD78
:10F2B0009FED4D1B53EC112B01F03EFE41EC190B61
:10F2C00051EC180B53EC192B01F0D4FA53EC1B2B17
:10F2D00001F0D0FA53EC1A2B01F0CCFACDE9080179
:10F2E000002008909DED080B53EC1A2B51EC100BED
:10F2F00002F088F853EC1B2B02F084F853EC182B27
:10F3000002F080F853EC192B01F0A4FF9FED381B9D
:10F3100053EC112B01F010FE9FED370B41EC180B55
:10F3200053EC102B9DED080B51EC100B01F004FE7B
:10F3300053EC182B01F09EFA9FED310B41EC180BAA
:10F3400053EC102B9DED080B51EC100B01F0F4FD6C
:10F3500053EC182B01F08EFA41EC100B139810F0BF
:10F36000004F06D06D4251EC100B01F045FA41EC14
:10F37000100B284684ED000B41E600000000000061
:10F380000000000000000000FB21E93F7CD90240A2
:10F3900000004054FB21F93F3163621A61B4D03D53
:10F3A000FB21F93F000000000000601A61B4D03D6D
:10F3B0007370032E8A19A33BFB2139410000000022
:10F3C00083C8C96D305FE43F000000000000E03FEB
:10F3D0008A410000D8400000000000000000103EFC
:10F3E000000000000000103C000000000000103A87
:10F3F000182D4454FB21F93D3326A611460B113C30
:10F4000000000054FB21F93D10B52DED040B2DED4E
:10F41000088B82B0B0EE419AF0EE619A0B9820F022
:10F4200000449FED4BABB4F1795F11DA9DED0A0B0F
:10F4300051EC100B01F032FC002801BFB0EE4A0A7B
:10F44000F0EE6A0A02B0BDEC088B04BF04B010BD38
:10F450009DED0A0B53EC102B51EC100B01F06CFDE1
:10F4600041EC180B3C480621B0EE480AF0EE680A61
:10F47000784400F081F853EC182B51EC100B01F09C
:10F480005BFD9DED0A0B41EC1B0B53EC192B51EC72
:10F49000100B01F051FD41EC190B53EC1B2B51ECFF
:10F4A000180B01F049FD53EC192B01F0ABFF9FED58
:10F4B0002C0B41EC190B53EC102B51EC180B01F0F9
:10F4C0003BFD41EC100B2848844210DA53EC192B19
:10F4D00051EC100B01F096FF53EC1A2B01F0BAFE21
:10F4E00041EC100B02B0BDEC088B04B010BD1F48FE
:10F4F000A042BCBF9FED1E1B8DED001B06DBA4F5DB
:10F5000000100190002000909DED001B51EC100BAD
:10F5100053EC112B01F076FF9DED000B41EC180B25
:10F5200053EC102B51EC1A0B01F06CFF41EC1A0B51
:10F5300053EC192B51EC180B01F064FF53EC1A2B10
:10F5400001F088FE41EC100BCCE700000000000049
:10F55000000000000000F03FF43D0000000000004B
:10F56000000000000000E03F3333D33F0000E93FDC
:10F57000000000000000D23F70B504462DED028B64
:10F580004D1E00EBC500B0EE408AF0EE608A90EDB3
:10F59000000B35F0060017D053EC182B51EC100B74
:10F5A00001F0CAFC41EC100B6D1E04EBC50090EDA0
:10F5B000001B51EC100B53EC112B01F05BF941ECEB
:10F5C000100B35F00600E7D1022D36D0042D1CD0EB
:10F5D000062D1CBFBDEC028B70BD53EC182B51ECFB
:10F5E000100B01F0A9FC94ED0A1B53EC112B01F058
:10F5F00041F953EC182B01F09FFC94ED081B53ECE0
:10F60000112B01F037F941EC100B53EC182B51EC96
:10F61000100B01F091FC94ED061B53EC112B01F043
:10F6200029F953EC182B01F087FC94ED040B53ECF3
:10F63000102B01F01FF941EC100B53EC182B51EC7F
:10F64000100B01F079FC94ED021B53EC112B01F02F
:10F6500011F953EC182B01F06FFC94ED001B53ECE7
:10F66000112B01F007F9BDEC028B41EC100B70BDC2
:10F6700031B504462DED040B2DED0A8BB0EE41BAE9
:10F68000F0EE61BA0B989DED0A0B20F00040B0F14E
:10F69000795F0DDA51EC100BFEF794FA042808BFDD
:10F6A00000F0CAF89DED0A0BBDEC0A8B05B030BD29
:10F6B00053EC102B51EC100B01F03EFC41EC180BFD
:10F6C0009DED0A0B53EC182B51EC100B01F034FCA0
:10F6D00041EC190B2C48B0EE480AF0EE680A0521FF
:10F6E0007844FFF749FF9FED2ACBB0EE40AAF0EE39
:10F6F00060AA9CB353EC1C2B51EC190B01F01CFCC1
:10F7000041EC1C0B53EC1A2B51EC190B01F014FCBF
:10F710009FED210B41EC190B53EC102B51EC1B0B03
:10F7200001F00AFC53EC192B01F06CFE53EC182B82
:10F7300001F002FC53EC1B2B01F064FE53EC1C2B7C
:10F7400001F060FE9DED0A1B53EC112B01F082FDD0
:10F75000BDEC0A8B05B041EC100B30BDFFE753EC5C
:10F760001A2B51EC180B01F0E7FB53EC1C2B01F0AA
:10F7700081F853EC192B01F0DFFB9DED0A1B53ECD4
:10F78000112B01F077F8E3E7843C00000000000053
:10F79000495555555555C5BF000000000000E03FD4
:10F7A0009FED070B10B553EC102B9FED070B51ECA1
:10F7B000100B01F01BF941EC100B10BD0000000014
:10F7C0000000000000000000000000000000F03F0A
:10F7D00010B553EC102B51EC100B01F04BF841EC31
:10F7E000100B10BD10B553EC112B51EC100B01F0A8
:10F7F00041F841EC100B10BD9FED050B10B553EC1B
:10F80000102B51EC100B01F0F1F841EC100B10BD76
:10F8100000000000000000009FED050B10B553EC48
:10F82000102B51EC100B01F087FB41EC100B10BDBD
:10F8300000000000000000709FED050B10B553ECB8
:10F84000102B51EC100B01F077FB41EC100B10BDAD
:10F85000000000000000001030380A2801D201200A
:10F8600070470020704710B541EC100BFEF700FA0E
:10F8700051EC100B10BD002905D08A78028149682F
:10F88000002900D0084770470289082A1ED2DFE805
:10F8900002F00406090C0F1214170D4A12E00C4A6C
:10F8A00038320FE00A4A70320CE0094AA83209E007
:10F8B000074AE03206E0074A04E0064A383201E02F
:10F8C000044A703202EBC101FFF7D5BF7047000058
:10F8D00040040020580500203EB5124C656BE9F746
:10F8E00073F9216BD9B1104AE16A01B110210F4BB4
:10F8F0001B791B0700D50021C4F8B4510123CDE9C1
:10F9000000130292216840228BB281B20848F0F7BE
:10F9100083F9E2F755F8A8B2606300203EBD0022EB
:10F92000E2E7000090B100200071020038C300201F
:10F9300090B900202DE9F05F15461E4604004FF0F7
:10F94000FF3B2AD049BB606838B3EFF3108772B62B
:10F95000D4F82880E06AD4F830C0616BB8EB0C02B0
:10F9600070EB010217D3B8EB0C0A60EB0109BAEB9C
:10F97000050279EB06090ED31CEB050C7141B8EBBF
:10F980000C02D4F8048060EB010091460023B8EB30
:10F990000202834104D207B962B65846BDE8F09F1F
:10F9A000C4F830C06163626800236046E0F722FD5E
:10F9B000E260C4F81890354303D0206840F400702A
:10F9C000206007B962B60020E8E7010008D0EFF335
:10F9D000108272B6886AC96A002A00D162B670477E
:10F9E000002001467047426081630021016000F001
:10F9F0000FB9426081630021016000F009B92DE96F
:10FA0000FF5F82B0002399469846DDE910A3129A61
:10FA10001BB1119D0023C5E9003312B10023C2E9D7
:10FA200000334FF0FF35D8B1D1B94168C1B1BAF157
:10FA3000000F02D04368534501D24FF0010AEFF3A3
:10FA40001081019172B6876AC46A036B416B9B4651
:10FA50000091FB1A74EB010106D2019800B962B65D
:10FA6000284606B0BDE8F09F009EB7EB0B0564EB9F
:10FA700006010AB1C2E90051436800225B1B72EB28
:10FA8000010321D240689046381A64EB080105460C
:10FA90000E4652460023E0F7ADFC52EA030005D0C3
:10FAA000BAEB020168EB03004D194641781B74EB79
:10FAB000060001D23D4626460099B5EB0B0966EBE0
:10FAC00001087D1B64EB0601DDE90423B9EB0202AA
:10FAD0004C4678EB030004D20498021B63EB080346
:10FAE00001E0002213461046521B73EB010201D2C3
:10FAF000194600E0284604460D4652460023E0F72A
:10FB000079FCA01A119A65EB030132B119EB0000E0
:10FB100048EB01021199C1E90002019800B962B6EF
:10FB200059EA080001D001209BE7002099E72DE960
:10FB3000FF5F90460E9B039A12B10024C2E9004475
:10FB400013B10022C3E900224FF0FF34D8B1D1B97C
:10FB50004168C1B1B8F1000F02D04268424501D2FC
:10FB60004FF00108EFF3108B72B6876AC56A026B1B
:10FB7000D0F834A09146BA1A75EB0A0107D2BBF14E
:10FB8000000F00D162B6204604B0BDE8F09FB7EB8D
:10FB9000090265EB0A010BB1C3E9002144680023A7
:10FBA000A21A73EB010105D3BBF1000F00D162B6BD
:10FBB0000020E9E740683E1A65EB03044046B8F1CF
:10FBC000010F0FD90246002330462146E0F712FC10
:10FBD00052EA030006D00020B8EB020160EB0300FC
:10FBE0008E194441B81B75EB040001D23E462C46E9
:10FBF000039830B10398B6EB090164EB0A04C0E93D
:10FC00000014BBF1000F00D162B60120BCE7000078
:10FC100030B5002820D04268002A1DD04268B1FBD0
:10FC2000F2F302FB1311EFF3108472B6816000232C
:10FC30008162C362016343634FEA030200EB820502
:10FC4000E960AB61521C032AF8DB016821F4007102
:10FC50000160002C00D162B630BD2DE9F0410D46A7
:10FC6000040018D0032D16D26068002813D0EFF3DB
:10FC7000108672B6A06AE16A0DB92063616362689A
:10FC800000273B46E0F7B6FB04EB8500C2608761C6
:10FC9000002E00D162B6BDE8F08100002DE9F84FDA
:10FCA000050032D02648016841F080710160254E80
:10FCB000306840F0010030603068DFF88CA010F050
:10FCC000010F4FF47A7B4FF47A590BD0F2F7FCFE18
:10FCD0000746D6F804803C46DAF80010B1FBFBF08A
:10FCE000A8B115E0DAF80010B1FBFBF000B9484606
:10FCF0000021C20807E0009200E000BF0098431E08
:10FD00000093FAD2491CA942F5D3BDE8F88F4846C2
:10FD1000A91C00FB01F90CE0F2F7D6FEA04203D0CB
:10FD20000446D6F8048004E07068A0EB0801494559
:10FD3000EBD8F2F7C9FEC01BA842EDD3E5E70000FF
:10FD4000FCED00E0001000E03806002082B0CDE9B4
:10FD5000000121F0004001909DED000B02B051EC3C
:10FD6000100B704700290AD0B0F868218A78A0F8F3
:10FD700068214968002902D0B0F868210847704717
:10FD800010B50446B0F86801062820D2DFE800F07C
:10FD900003050E1114170E4801E00D48383000EB32
:10FDA000C1012046BDE81040FFF7DCBF08487030B5
:10FDB00006E00748A83003E00548E03000E00548C9
:10FDC00000EBC1012046FFF7CDFFB4F8680110BD7C
:10FDD00028000020400100201FB5F4F765FD62B641
:10FDE000F748016841F080710160F64800254560E0
:10FDF000016841F001010160BFF34F8FBFF36F8FC6
:10FE0000F3F7F8FBFCF7D8FE40F20110E1F7DAFC5B
:10FE1000EE49ED48DFF8B8830860A1F19C02404646
:10FE2000C8F844204832C0E90F217831C8F80410DE
:10FE3000B031C8F80810A1F58471C8F8001001F5B8
:10FE4000F871C8F824104831C8F828109039C8F85B
:10FE500014100C2181850822C2850286DD4A826148
:10FE6000483AC261A2F590720262418602F5FC71C5
:10FE7000416348390026C8F8381037464146D6480D
:10FE8000EFF7EAFC4FF48170E1F79CFCFBF786FC8E
:10FE9000FBF7DEFB40F20310E1F794FCDFF83CA334
:10FEA0008AF800508DF800506846FCF7A1FBCA4C58
:10FEB0004FF482714FF0010928B19DF8000001282C
:10FEC00012D0022817D001278AF800900846E1F7DF
:10FED00079FCFCF7D9FB84F8F052A4F81253BE4821
:10FEE000FCF77CFC30BB13E00846E1F76BFCFCF749
:10FEF000CBFB012006E001260846E1F763FCFCF796
:10FF0000C3FB022084F8F002A4F8125356B90DE0A6
:10FF1000FCF779FD80B1002701268AF80050022005
:10FF200084F8F002AC48FCF789FC02E0AA48FCF730
:10FF300061FC08B1F1F7A0FCFBF7FAFFFBF796FFB5
:10FF4000FCF76CF8FCF73AF8A548A64B818BC26821
:10FF500089B2CDE90221CDE900399C49D8E90923CC
:10FF60009C39A148E0F7D6FF0020014600909F4B46
:10FF70009F4AA048E7F7F2F800239F4A01219D48D5
:10FF8000E7F7D8F8984A0023283202219948E7F782
:10FF9000D1F80023994A03219648E7F7CBF898480F
:10FFA00006B10FB197A200E098A2D2E90012CDE904
:10FFB00000120160BDF8041081809DF80610817167
:10FFC000ECF708FDECF7DEFC81498348EFF744FCD1
:10FFD000FCF764F8E2F7FCF8002207212920F3F788
:10FFE00097FB2920F3F786FB8A48016841F400510A
:10FFF0000160DFF80082DFF820B2884E884F00BF32
:020000040802F0
:10000000FCF742FB8748EFF791FE0120E5F72EFD54
:10001000B6F89802022802D1FCF7F5FC78B9D4F8BA
:10002000E00240F0040000BFC4F8E00212E001204A
:10003000FCF7BAFEFBF794FAE1F71EFB20B1D4F807
:10004000E00220F00400EFE7E1F728FBE6F7ACFA66
:10005000EFF754FAD4F8E0024007E8D47248016898
:1000600021F4C051016070484FF4C0511430016058
:100070002820F3F72EFBEFF79FFDEFF70FFCE6F7D5
:10008000CBFBFBF747FCEAF7D1F8FCF707F8E2F700
:100090009FF841F20200E1F795FBECF7C7FE41F251
:1000A0000300E1F78FFB00210820EAF759FA082046
:1000B000EAF75AF8E6F778FA0020E5F7D7FCD4F823
:1000C000E002254640F04000C4F8E00241F204009E
:1000D000E1F778FBDFF820A1AAF1600AE1F7DEFA88
:1000E000EDF72AF8ECF78CF8EDF7E2FFEAF728F9DC
:1000F0003948EFF723F99AF8040028B13E486038F0
:10010000E6F7EFF9E3F788F8EEF7DCFDEDF7B8F87E
:100110000028E3D198F87D1040460029DED190F800
:100120007C100029DAD1B0F868110429D6D0B0F8D3
:100130005E10012911D03868002840D03B4801905A
:1001400043F698200290BBF8B002C0F30010009074
:10015000D5F8E002C0076DD181E03549096861B387
:10016000B0F86020A2B1D0F8801049684908D0F8F2
:10017000803089B29B698B426DD2B6F89812022901
:1001800009D00021894652B1B9F1000F05D006E02F
:100190004FF40061EBE70121F4E7F4F7C0FE012121
:1001A0000846F3F70BFBB8F8600038B1B9F1000F5F
:1001B00051D100BFF4F778FB4DE03CE04BE082E02A
:1001C000FCED00E0001000E000280040A42B01201E
:1001D00040A600208C2E012090B90020980100201C
:1001E00038F704200071020090C2002090B0002077
:1001F00050B000207029002098C3002010B10020CA
:10020000A802002043453634585F00004345363489
:10021000535F000018080240085D0020709F002016
:100220000006002010A20020003C0140C027090069
:1002300090B100201DE0D0F8EC108969426E914227
:1002400009D2B8F8600008B1F4F769FE0121084648
:10025000F3F7B4FAAEE7F2F737FC38603EE79BF805
:100260009802400605D428480188490703D4C08C69
:1002700008B1012000E0002081462448406B38B9D5
:100280002348EFF705FB18B9009860B121480190A9
:10029000B9F1000F02D0F2F717FC3860009850EA6D
:1002A000090002D019E00298F1E7F2F70DFC396875
:1002B000401A0199884210D3B6F89802022806D154
:1002C000FCF7A1FB18B1F2F7FFFB386005E0D5F8A9
:1002D000E00240F00400C5F8E00201210846F3F70F
:1002E0006DFAD5F8E0024007B8D56420F2F776F948
:1002F0004FF00009C7F80090E6F756F90448EFF709
:1003000011FCC5F8E0927BE610A2002090B100201D
:1003100090B90020C02709000EB54FF47A738DE81C
:100320000E0002460123D1210148F2F7CBFE0EBD9B
:10033000502B0120F8B50F46044600F03FF99D48C8
:10034000816941F4802181619B4906260868400645
:1003500003D4086840F040000860002542F21072A3
:10036000134600E000BF8868800705D45B1EF9D201
:1003700002E0C8688DF800008868C007F9D1605DA8
:100380000873104600E000BF8B68DB0701D1401EF8
:10039000F9D28868C00705D0C8688DF800006D1CC8
:1003A000B542DDDB134600200D68FF246D0603D443
:1003B0000D6845F040050D60164600E000BF8D68F1
:1003C000AD0701D4761EF9D28D68ED070AD0CD684D
:1003D0008DF800508D68ED0702D0CD688DF8005083
:1003E0009DF800500C73144600E000BF8D68ED07C7
:1003F00001D1641EF9D28C68E40704D0CC68E4B261
:10040000FF2C01D107E0044603B13CB100F0D6F85F
:100410004FF0FF30F8BD5B1EC6D1F7E713460C68FE
:10042000FF26640603D40C6844F040040C601546B3
:1004300000E000BF8C68A40701D46D1EF9D28C685F
:10044000E4070AD0CC688DF800408C68E40702D03D
:10045000CC688DF800409DF800400E731446154698
:1004600000E000BF8E68F60701D16D1EF9D28D68DD
:10047000ED0704D0CD68EDB2FF2D01D108E00546AF
:100480000BB1FE2D07D000F099F86FF00100F8BD18
:100490005B1EC4D1F7E7002322460D68FF246D06DA
:1004A00003D40D6845F040050D60154600E000BF1F
:1004B0008E68B60701D46D1EF9D28D68ED070AD09B
:1004C000CD688DF800508D68ED0702D0CD688DF8AD
:1004D00000509DF800500C73144600E000BF8D687A
:1004E000ED0701D1641EF9D28C68E4070FD0CC6807
:1004F000E4B2FC545B1C402BCFD30B68FF205B069F
:1005000003D40B6843F040030B60134602E004463B
:10051000EFE700BF8C68A40701D45B1EF9D28B689B
:10052000DB070AD0CB688DF800308B68DB0702D080
:10053000CB688DF800309DF800300873104600E05D
:1005400000BF8B68DB0701D1401EF9D28868C00765
:1005500000D0C8680868FF23400603D4086840F04C
:1005600040000860104600E000BF8C68A40701D47A
:10057000401EF9D28868C0070AD0C8688DF800000C
:100580008868C00702D0C8688DF800009DF8000098
:100590000B7300E000BF8868C00702D1521E501CD8
:1005A000F8D18868C00700D0C86800F007F80020BC
:1005B000F8BD0000000002400030014018B51948A5
:1005C000816941F0040181611748FF2301684906F0
:1005D00003D4016841F04001016042F210710A4603
:1005E00000E000BF8468A40701D4521EF9D28268DB
:1005F000D2070AD0C2688DF800208268D20702D0E4
:10060000C2688DF800209DF80020037300E000BF51
:100610008268D20701D1491EF9D28168C90700D08A
:10062000C06818BD000002400030014070B5144C95
:100630001D4604EB4106002A00DB3281002D0ADB57
:10064000082908D204EB8100856229B1E8F7BCFAD9
:10065000B5FBF0F0308370BD2689E8F7B5FA4201AA
:1006600006B9402652B1A5FB0601001849410023F6
:10067000DFF7C0FE80B22083256070BD0020FAE75E
:1006800090B1002000B52DED048B83B041EC190B27
:1006900000F0ECFD41EC180B18EE100A18EE901A61
:1006A0008DED008B002818BF0120084320F000408A
:1006B000C0F17F6000F1E040C00F14D019EE101AB5
:1006C00019EE900A8DED009B002918BF0121084307
:1006D00020F00040C0F17F6000F1E040C00F04BF97
:1006E0000120E0F790F951EC180B03B0BDEC048B3E
:1006F00000BD70B50D46044600F018F85002E261E6
:100700001A4600231946DFF775FE20840120207465
:10071000256070BD70B51E46154604463246049BE2
:10072000FFF7E7FF02202074656070BD00210176AD
:10073000417641617047000070EE600A10B510EE1E
:10074000900A2DED028B11499FED118B884208DB39
:1007500010EE100A00F040FF53EC182B00F052FE90
:100760000CE010EE900A0C4988420BD910EE100AEA
:1007700000F032FF53EC182B00F07CF800F048F842
:1007800000EE100ABDEC028B10BD0000DB0F4940EB
:10079000112D4454FB211940DB0F49C01CB50BA29D
:1007A000D2E90012CDE9001200216A4600EB4103B4
:1007B000B3F85830545CA34202D04FF0FF301CBD58
:1007C000491C0529F2DB00201CBD0000494E5441A4
:1007D0004E00000003B583B04FF47A73012204A9E0
:1007E0008DE80E0013460246D0210248F2F7DAFDEA
:1007F00005B000BD502B012081F00041704780F012
:100800000040704721F00041704720F000407047E1
:1008100021F00042A2F16052B2F5801F01F00043C6
:1008200028BFD2F17F6C0BD95FEA001C43EAC202F9
:1008300042EB507018BF704728BF20F0010070478E
:10084000B2F5801FBCBF184670474FEA410C1CF53B
:10085000001F02D2084600F035BF70B500F016FC4C
:1008600000000089FFF7F6BF4FF00040A0F58000C0
:100870007047000010B591EA030F48BF83F00043B2
:1008800000F1C885841A71EB030C05D2121943EBF1
:100890000C03001B61EB0C01DFF824E14FEA11545B
:1008A000A4EB135C1EEA430F18BF9EEA445F73D0AB
:1008B00023EA0E03DCF1200E21EA045143F48013F5
:1008C00032D322FA0CFE10EB0E0023FA0CFE41EBA1
:1008D0000E01CCF1200E03FA0EFE10EB0E0051F1CA
:1008E0000001B1F5801FCCF1200E32D201EB045192
:1008F00012FA0EF2BDE8104058BF7047401C38BFD6
:100900005FEA420218BF7047002814BF20F00100C0
:1009100041F100014FEA410313F5001F38BF704752
:10092000A1F1C04100F000BC012A43EB0302ACF18D
:10093000200CDCF11F0E32BF4FF0000E23FA0CF337
:1009400010EB030041EB0451B4EB115FD0D0A1EBED
:10095000045101F5801149085FEA300001EB0451B0
:100960000ED350F1000038BF12FA0EFE08D1BDE8D8
:100970001040C9E7401C38BF5FEA4202CAD1C3E752
:10098000BDE810404FEA410313F5001F38BF704720
:10099000A1F1C04100F0C8BB9EEA445F08D011EA53
:1009A0005E0FBDE8104004BF01F000410020704719
:1009B000BDE8104070B500F069FB00BF64FBBE3EAF
:1009C0000000E0FF02494FF0000000F0EBBE00BF66
:1009D0000000F87F491058BFC1F140415B1058BF7B
:1009E000C3F140438B42EFF3008070472DE9C041D3
:1009F00030B4DFF8A0C23CEA111418BF3CEA13146B
:100A000000F0EC8081EA03051CEA111444EAD57475
:100A100018BF1CEA131500F0C780A4EB05044FF0C3
:100A2000004545EAC12145EAC32341EA505143EA62
:100A3000525304F17F74994204F500344FEAC02008
:100A40004FEAC22208BF904200F09C804FEA136533
:100A50000FF24016765D4FEA134506FB05F7C7F126
:100A6000807706FB07F74FEAD737A7FB0368764284
:100A7000C8F58038A7FB06CE38BFA8F1010807FBF0
:100A800008E64FF0000EA6FB028CE6FB03CEDCF17D
:100A9000000CCEF1004E38BFAEF1010EA6FB0C5893
:100AA0004FF000074FF00005E6FB0E87A1FB08C6DC
:100AB000A0FB07CE16EB0E0645F10005E1FB07652E
:100AC00015F1E04E7EBFA4F580345FEA46066D4125
:100AD00016F1800745F100054FEA17274FEA066631
:100AE00047EA0567A6F1DE46B6F1805F4FEA1525B5
:100AF0001FD9384624F0010C05EBC471BCF1FE6F20
:100B000001EB0C1102D8F0BCBDE8008124425CBFAF
:100B100001F5801E9EEAC47F02D4F0BCBDE80081CE
:100B2000244238D4F0BCA1F1C041BDE8004100F03E
:100B3000FBBA4FEAD22242EA43524FEAD323A7FB41
:100B400002864FEAD02040EA415007FB03661EEAC6
:100B50000E0F4FEAD12105FB026658BFA6EB0056E7
:100B6000B6EB00564FEA520E4EEAC37E18EB0E0E5D
:100B700056EB530EBDD518EB02085E417F1C55F1B4
:100B80000005B6E74FF480154FF000074FF0000660
:100B90004FF00008ADE7F0BC4FF0000001F1C0419C
:100BA00001F00041BDE8008111EA0C1F0CEA1315A9
:100BB00000D00CE013EA0C1F00F025804FF000007D
:100BC000F0BC81EA030101F00041BDE80081F0BC06
:100BD000BDE8004181EA030100F0A6BAF0BCBDE81F
:100BE000004170B500F052FA097EFC3E00F007B8F3
:100BF00081EA03014FF0000001F00041704781EAF3
:100C0000030100F091BAF0BCBDE800414FF00000D4
:100C100021497047FFFDFBF9F7F5F4F2F0EEEDEB3B
:100C2000E9E8E6E4E3E1E0DEDDDBDAD8D7D5D4D3EA
:100C3000D1D0CFCDCCCBCAC8C7C6C5C4C2C1C0BF36
:100C4000BEBDBCBBBAB9B8B7B6B5B4B3B2B1B0AF3C
:100C5000AEADACABAAA9A8A8A7A6A5A4A3A3A2A120
:100C6000A09F9F9E9D9C9C9B9A99999897979695DB
:100C700095949393929191908F8F8E8E8D8C8C8B77
:100C80008B8A8989888887878685858484838382FF
:100C9000828181800000FF070000F87F4FEA410356
:100CA0004FEA5353A3F58063D3F11E03C8BFD3F1BA
:100CB000210C0CDD4FF0004242EAC12242EA5052C0
:100CC00032FA03FC8CEAE17CACEBE1707047102B4C
:100CD000C4BF0020704703F5787CBCF1FF3F04D00F
:100CE0006FF0004282EA2100704770B500F0CEF943
:100CF0004992248000207047F2E700004FEA410348
:100D00004FEA5353A3F58063D3F11E03C8BFD3F159
:100D1000210C20DD4FF0004242EAC12242EA50524B
:100D200032FA03FC0DD362FA03F282EA0C021CF1E0
:100D3000010C0BD64FEA420252EAC02208BF2CF047
:100D4000010C8CEAE17CACEBE1707047094258BFC2
:100D5000ACF1010CF5E7102BC4BF0020704703F580
:100D6000787CBCF1FF3F04D06FF0004282EA2100A2
:100D7000704770B500F08AF94992248000207047CE
:100D8000F2E700004FEA1153A3F58063D3F11E038D
:100D9000A8BFD3F1200C08DB4FF0004242EAC12289
:100DA00052EA505232FA03F0704709420BD4102B2A
:100DB000C4BF0020704703F5787CBCF1FF3F05D02D
:100DC0004FF0FF3070474FF00000704770B500F0F3
:100DD0005DF900BF4992248000207047F0E710F0D1
:100DE000004248BF4042B0FA80F310FA03F10AD043
:100DF000C3F11D0303F580634FEA415002EB035238
:100E000002EBD12170474FF000007047B0FA80F339
:100E100010FA03F10AD0C3F11D0303F580634FEA12
:100E200041504FEA035202EBD12170474FF00000CE
:100E300070470000B1FA81F30B3B20D3994010D1E9
:100E4000B0FA80F310FA03F108BF7047C3F11D0335
:100E500003F580634FEAD1224FEA415002EB035180
:100E60007047C3F1200C20FA0CFC9840C3F1320308
:100E700003F5806341EA0C0101EB0351704710B5A3
:100E8000C3F10004C3F1320CC4F1200E0CF58062F2
:100E900001FA0EFC21FA04F100FA0EF3E040BDE87D
:100EA000104040EA0C0001EB025138BF7047401C73
:100EB00041F100015B0008BF20F001007047000015
:100EC00051EA030C17D41CF5801F58BFBCF5801FD6
:100ED00000F10680994218BF704708BF90427047E2
:100EE00007D711F5801F58BF13F5801F19D49942F9
:100EF0007047894270471CF5801F08D5BCF5801FDC
:100F0000F7D58B4218BF704708BF824270474FF435
:100F1000001C1CEB410F38BF1CEB430F01D28B426E
:100F2000704770B500F0B2F8922449004FF00051BC
:100F30004FF08053FFF74EBDDFF848C170B51CEA93
:100F4000111E1EBF1CEA13159EEA0C0F95EA0C0F2A
:100F500000F06F8081EA030423EA4C134EEAD47E4A
:100F600021EA4C1141F4801143F48013AE44A1FBFB
:100F7000024CA0FB0365AEF17F7E361955EB0C05E4
:100F8000A1FB034C4CF10003A0FB021C16EB0C066A
:100F9000654153F10003094218BF46F0010613F4FE
:100FA000007F0BD14FEA03314FEA0530340341EAA9
:100FB000155140EA16506FF003020AE04FEAC321D0
:100FC0004FEAC520F40241EA555140EA56506FF00D
:100FD000020202EB2E4201EB025585EACE710AD0E5
:100FE0005FEA440C18BF24F0004450F1000041F1C6
:100FF000000120EAD47040F2FE7C624500D270BD50
:10100000A84214BF4FF080444FF04044002E08BF68
:101010000024BEF1806FA8BFA1F1C041BDE87040BF
:1010200080F282804FF0000001F1C04101F00041E8
:1010300070479EEA0C0F0CEA131518BF95EA0C0FC7
:1010400006D04FF0000081EA030E0EF0004170BDA3
:1010500000F01CF88900013E00F007B800F009B864
:101060004FEA430C5FEA5C5C08D081EA030100F0C0
:101070005BB84FEA410C5FEA5C5CF6D14FF00000D0
:10108000014970470000FF070000F87F0EF1020ED3
:101090002EF0030E5EF8046B364205D4012A43EBB2
:1010A000030515F5001F12D8012841EB010C1CF5B2
:1010B000001F0CD80ED14FEAD17C15F5001F0CEBA8
:1010C0004C0C0CF1020C08BF4CEBD37C04E04FF04D
:1010D000080C01E04FEAD37C0CEB4C0526FA05F630
:1010E00006F00706B6F1040C06D20EEB860CBDE83E
:1010F00070404CF0010C6047DFE80CF0090B020275
:101100004FF000414FF00000A1F5002170BD1946DD
:101110001046012851EB010418BFD4F5001484BF18
:10112000002001F0004170BD0808A0F500114FEA51
:101130003101704753EA010C17D41CF5801F58BFCA
:10114000BCF5801F00F106808B4218BF704708BFB6
:101150008242704707D713F5801F58BF11F5801FD3
:1011600019D48B4270479B4270471CF5801F08D5ED
:10117000BCF5801FF7D5994218BF704708BF904251
:1011800070474FF4001C1CEB430F38BF1CEB410FA2
:1011900001D2994270470FB40CBC03BCFFF7C1BE2B
:1011A0005FEA410C5FEA5C5CACF580635B1C39D4A0
:1011B000D3F1340240F34580B2F1200314DA4FF04A
:1011C000010C0CFA02FCACF101030340B3EB5C022E
:1011D00020EA030008BF10EA0C0F98BF704710EB1D
:1011E0000C0041F1000170470AD0C3F1200201FA5E
:1011F00002FC012821FA03F101FA03F14CF100008D
:101200004FF0010C0CFA03FCACF10103B0F1004FFC
:1012100021EA030108BF11EA0C0F4FF0000088BF5C
:1012200061447047B3F1FF3F28BF50EAC12C01F081
:1012300000414FF0000084BF41F07C5141F4700147
:101240007047B3F5806FB8BF704770B5FFF71EFFEA
:1012500040DBB6BE91EA030F10B581F000413FF5C7
:1012600011AB83F0004300F0D5B800002DE9F04148
:1012700001F5801CBCF5001FC0F2A9804FEA115C8B
:1012800021EA0C510CF1FD0C41F480115FEA5C0C79
:101290000CF5C07C01D34000494130A4890241EAE9
:1012A000905187028E0E0A0CA45D04FB04F602FB2B
:1012B00006F6C6F14046A4FB0662F60D46EA422653
:1012C00006FB06F4A4FB01235242C3F1404338BF9E
:1012D0005B1EA6FB02420024E6FB0324D20B42EA7B
:1012E0004446A6FB0623A1FB02E2A3FB07E4E3FBC3
:1012F00061426442C2F1404E38BFAEF1010EA6FB1E
:1013000004234FF00002E6FB0E32A2FB034634003A
:10131000E2FB6264A1FB06E6A4FB07E8E4FB61686C
:101320007642C8F1405838BFA8F10108A2FB06E494
:10133000A3FB08E5E2FB6854A1FB05E6A7FB04E874
:10134000E1FB648618F1200556F10006A809A8F112
:101350001B08B10908F03F08B8F10A0F40EA86609F
:101360001CD901EB0C51BDE8F08100BFFCF5EEE8A3
:10137000E2DDD8D3CFCBC7C3C0BDB9B6B4B1AEAC34
:10138000A9A7A5A3A19F9D9B9A9896959392908FAC
:101390008D8C8B898887868584838281A0FB0068F9
:1013A00000FB01F208EB4208B8EB872807D5341898
:1013B00058EB0104D5D5401C51F10001D1E7341A96
:1013C00078EB0104CDD4401E71F10001C9E75FEA5A
:1013D0004C0C5FEA9C5C0DD105D34FF0000001F08E
:1013E0000041BDE8F081BDE8F04170B5FFF74EFE69
:1013F0006DDBFFBEBDE8F0414FF0000000497047D3
:101400000000F87F10B591EA030F48BF83F0004356
:101410003FF538AA841A71EB030C07D212198CF02D
:10142000004C43EB0C03001B61EB0C01DFF8A4E163
:101430004FEA1154A4EB135C1EEA430F18BF9EEA57
:10144000445F00F0B08023EA6E03524221EA045167
:10145000C3EB6E0338BF5B1EDCF1200E25D322FAEE
:101460000CFE10EB0E0043FA0CFE41EB0E01CCF12A
:10147000200E03FA0EFE10EB0E0051F10001CCF12C
:10148000200E29D412FA0EF201EB0451BDE81040EF
:1014900058BF7047401C1CBFB2F1004F7047002876
:1014A0000CBF491C20F00100704712EB020E43EB09
:1014B000030218BF4FF0010E4EEA4202ACF1200CBD
:1014C000DCF11E0E54D943FA0CFE10EB0E0051F164
:1014D000FF31CCF11E0ED5D50EF1010E12FA0EFE23
:1014E000404141EB010101EB445C5FEA5C5C10D9D7
:1014F00010EBDE7001EB045138BFBEF1004FBDE8C8
:10150000104018BF704700280CBF491C20F0010094
:10151000704730D24FEAD42C11F5001124F4006446
:101520001BD0B1FA81F20B3AA41AA41ED2F1200307
:10153000914030FA03F31943904001EBCC71002C39
:1015400001EB0451BDE81040A8BF704701F1C04154
:101550004FF0000001F000417047B0FA80F310FA3C
:1015600003F100D110BDE41A173C4805C90AE4E7AD
:1015700001EB045110BD491001EB0451BDE81040CE
:101580004FEA300002E04FF0000170474A0008BF08
:101590000042F8D0B2F5001F28BF704701F00041AB
:1015A0004FF0000070479EEA445F07D011EA5E0FDB
:1015B000BDE8104004BF002100207047BDE8104086
:1015C00070B5FFF763FD00BF40DFF63E83F00041DA
:1015D000104670470000E0FF43004FEAD30C4FEA8B
:1015E0003C0C43401FBF40070CF1605113F0FE4F0D
:1015F00070471CF0006F03D100200CF000417047D1
:101600000CF0004343EA507010B540EACC0000F003
:101610000EF800BF000000924FEA0001FFF784BD02
:101620004FF000414FF00000A1F5002170470EF18E
:10163000020E2EF0030E5EF8044B244204D44FEA4F
:101640004102B2F17F4F11D84FEA4003B3F17F4F0F
:101650000CD80ED14FEAD07CB2F17F4F0CEB4C0C82
:101660000CF1020C08BF4CEBD17C04E04FF0080CED
:1016700001E04FEAD17C0CEB4C0324FA03F404F0B4
:101680000704B4F1040C06D20EEB840CBDE8104044
:101690004CF0010C6047DFE80CF0070802024FF045
:1016A0000040A0F5800010BD0846420018BFD2F1EE
:1016B000807288BF00F0004010BD4FF04070E1EE36
:1016C000100A7047FF2141EAD050C0057047000062
:1016D0004FEAC1230A1543EA50534FEAC02C18BF02
:1016E00043F000431BD4A2F24E02D2F57C72C0F24A
:1016F0002080502AA8BF502223FA02F12CFA02F0CF
:1017000060B4D2F1200284BF03FA02F52843C2F18B
:1017100000029CBF23FA02F5284360BC704701F128
:10172000804212F5801F04DA4FF000004FF00001F4
:10173000704770B5FFF7AAFC49922480002001E0B1
:101740006FEAE17001467047C2154FEA002318BFE7
:1017500043F000430ED4D2F1BE0215D323FA02F1B6
:10176000B2F1200C2EBF23FA0CF0C2F1200C03FAC8
:101770000CF070474FEA400CBCF1FE4F04D24FF022
:1017800000004FF00001704710B5FFF750FF00BF99
:101790009224498000204FF0000170476FEAE0700A
:1017A000014670470CF00F03092B08BF082000F01A
:1017B00059800A2B0BD0082B18BF704708BF1CF0AC
:1017C000400F0AD04FF000004FF0000170471CF0AE
:1017D000400F18BF4FF0004070471CF0100F08D0AA
:1017E00020F0704300F07F4242EAD3014FEA437099
:1017F000704700F0604021F07F4242EA000201F0B1
:101800007F4040EA727070474FF0FF0C4CF4E06C80
:101810001CEA11531CBF9CEA030C9445C2BFDA4278
:1018200001EB02517047002B0DD0BCF1000F0FD01F
:10183000002A01F00041A4BF41F0E04141F07F6186
:101840004FF00000704701F000414FF0000070477A
:1018500050EA01334FF09B0C18BF4CF0806C7FF4C2
:10186000B1A870471CF4801F11D01CF4E02F03D0E6
:101870006FEACC31490070474FF04050EFF30082DF
:1018800022F0704242EA000282F3008870474FF073
:10189000000070470100000003000000010000008C
:1018A0000000000000000000000000000000000038
:1018B000000000000000000040530A3C000000004F
:1018C000000000000000803F000000400000803F5A
:1018D0000000803F00000000000000000000803F8A
:1018E00000000000000000000000803F7AA5DCBF7F
:1018F000CCEE413F0000803F0000000000000000EF
:1019000001000000030000000100000000000000D2
:1019100000000000000000000000000000000000C7
:10192000000000003064F53C0000000000000000F2
:101930000000803F000000400000803F0000803F2A
:1019400000000000000000000000803F00000000D8
:10195000000000000000803F3A23BABF99F5123F13
:101960000000803F000000000000000001000000B7
:101970000300000001000000000000000000000063
:101980000000000000000000000000000000000057
:10199000C3F2C73D00000000000000000000803FCF
:1019A000000000400000803F0000803F0000000079
:1019B000000000000000803F000000000000000068
:1019C0000000803FFF5B71BF3BAAAA3E0000803F42
:1019D0000000000000000000010000000300000003
:1019E00001000000000000000000000000000000F6
:1019F000000000000000000000000000AEF5953E71
:101A000000000000000000000000803F00000040D7
:101A10000000803F0000803F000000000000000048
:101A200001000000030000000100000000000000B1
:101A300000000000000000000000000000000000A6
:101A4000000000000000803F0000000000000000D7
:101A50000000803F000000400000803F0000803F09
:101A600000000000000000000000803F00000000B7
:101A7000000000000000803F000000400000803FA8
:101A80000000803F00000000000000000000000097
:101A90000000000000000000000000000000000046
:101AA0000000000000000000000000000000000036
:101AB0000000000000000000000000000000000026
:101AC0000000000000000000000000000000000016
:101AD0000000000000000000000000000000000006
:101AE00000000000000000000000000000000000F6
:101AF00000000000000000000000000000000000E6
:101B000000000000000000000000000000000000D5
:101B100000000000000000000000000000000000C5
:101B200000000000000000000000000000000000B5
:101B300000000000000000000000000000000000A5
:101B40000000000000000000000000000000000095
:101B50000000000000000000000000000000000085
:101B60000000000000000000000000000000000075
:101B70000000000000000000000000000000000065
:101B80000000000000000000000000000000000055
:101B90000000000000000000000000000000000045
:101BA0000000000000000000000000000000000035
:101BB0000000000000000000000000000000000025
:101BC0000000000000000000000000000000000015
:101BD0000000000000000000000000000000000005
:101BE00000000000000000000000000000000000F5
:101BF00000000000000000000000000000000000E5
:101C000000000000000000000000000000000000D4
:101C100000000000000000000000000000000000C4
:101C200000000000000000000000000000000000B4
:101C300000000000000000000000000000000000A4
:101C40000000000000000000000000000000000094
:101C50000000000000000000000000000000000084
:101C60000000000000000000000000000000000074
:101C70000000000000000000000000000000000064
:101C80000000000000000000000000003C48564535
:101C9000523E003C52455345543E00003C313E000C
:101CA000AD900000AD00000050B0002090B00020CA
:101CB0003031323334353637383941424344454682
:101CC00000303132333435363738394142434445B8
:101CD000460000008100000000000000000000003D
:101CE0000000000050B0002090B0002010B1002093
:101CF000B8C2002098C30020AD51000000000000D1
:101D000000000000000000000000000000000000D3
:101D100000000000000000000000000000000000C3
:101D200000000000000000000000000000000000B3
:101D300000000000000000000000000000000000A3
:101D40000000000000000000000000000000000093
:101D50000000000000000000000000000000000083
:101D60000000000000000000000000000000000073
:101D700000000000000000000000DADAAD530000AF
:101D80000000000000000000000000000000000053
:101D90000000000000000000000000000000000043
:101DA0000000000000000000000000000000000033
:101DB0000000000000000000000000000000000023
:101DC0000000000000000000000000000000000013
:101DD0000000000000000000000000000000000003
:101DE00000000000000000000000000000000000F3
:101DF0000000000000000000000000000000DADA2F
:101E0000AD520000000000000000000000000000D3
:101E100000000000000000000000000000000000C2
:101E200000000000000000000000000000000000B2
:101E300000000000000000000000000000000000A2
:101E40000000000000000000000000000000000092
:101E50000000000000000000000000000000000082
:101E60000000000000000000000000000000000072
:101E70000000000000000000000000000000000062
:101E800000000000DADA000000001008FFFF13086D
:101E90000100000000001408FFFF17080200000006
:101EA0000102030001000100000102030A0B0C0DF6
:101EB000000102030A0B0C0D0102030405060708CA
:101EC0000900000001000000030000000100000004
:101ED0000000000000000000000000000000000002
:101EE00000000000000000009613233C00000000EA
:101EF000000000000000803F00000000000080BFE4
:101F00000000803F00000000000000000000803F53
:101F100000000000000000000000803F5D6DFDBF7C
:101F20002EE77A3F0000803F000000000000000024
:101F3000010000000300000001000000000000009C
:101F40000000000000000000000000000000000091
:101F5000000000009613233C000000000000000079
:101F60000000803F00000000000080BF0000803FB4
:101F700000000000000000000000803F00000000A2
:101F8000000000000000803FB459FDBF2EE77A3FFB
:101F90000000803F00000000000000000100000081
:101FA000030000000100000000000000000000002D
:101FB0000000000000000000000000000000000021
:101FC00082574B3C00000000000000000000803FF2
:101FD00000000000000080BF0000803F0000000003
:101FE000000000000000803F000000000000000032
:101FF0000000803F287EFCBF65A5793F0000803F40
:1020000000000000000000000100000003000000CC
:1020100001000000000000000000000000000000BF
:1020200000000000000000000000000091EE273DCD
:1020300000000000000000000000803F00000000E1
:10204000000080BF0000803F000000000000000092
:102050000000803F00000000000000000000803F02
:10206000014DF4BF0C026B3F0000803F00000000F8
:10207000000000000100000003000000010000005B
:102080000000000000000000000000000000000050
:10209000000000000000000024B4E53D0000000046
:1020A000000000000000803F00000000000080BF32
:1020B0000000803F00000000000000000000803FA2
:1020C00000000000000000000000803FF163DCBF62
:1020D000F792463F0000803F000000000000000033
:1020E00001000000030000000100000000000000EB
:1020F00000000000000000000000000000000000E0
:1021000000000000B130443D00000000000000006D
:102110000000803F00000000000080BF0000803F02
:1021200000000000000000000000803F00000000F0
:10213000000000000000803F2B18E5BFA779673F33
:102140000000803F000000000000000001000000CF
:10215000030000000100000000000000000000007B
:10216000000000000000000000000000000000006F
:1021700076A7BB3D00000000000000000000803F8B
:1021800000000000000080BF0000803F0000000051
:10219000000000000000803F000000000000000080
:1021A0000000803F14D0CCBFDF15513F0000803FBE
:1021B000000000000000000001000000030000001B
:1021C000010000000000000000000000000000000E
:1021D000000000000000000000000000C764313D66
:1021E00000000000000000000000803F0000000030
:1021F000000080BF0000803F0000000000000000E1
:102200000000803F00000000000000000000803F50
:1022100036CDF3BF46D3693F0000803F0000000089
:1022200000000000010000000300000001000000A9
:10223000000000000000000000000000000000009E
:102240000000000000000000137E893E0000000036
:10225000000000000000803F00000000000080BF80
:102260000000803F00000000000000000000803FF0
:1022700000000000000000000000803FA67E76BF46
:102280008A02ED3E0000803F0000000000000000D8
:102290000100000003000000010000000000000039
:1022A000000000000000000000000000000000002E
:1022B000000000000534513E000000000000000056
:1022C0000000803F00000000000080BF0000803F51
:1022D00000000000000000000000803F000000003F
:1022E000000000000000803F3C4E99BFFE65173F94
:1022F0000000803F0000000000000000010000001E
:1023000003000000010000000000000000000000C9
:1023100000000000000000000000000000000000BD
:102320000000803F00000000000000000000803F2F
:1023300000000000000000000000803F00000000DE
:10234000000000000000803F0000000000000000CE
:102350000000803F00000000000000000000803FFF
:102360000000000000000000010000000300000069
:10237000010000000000000000000000000000005C
:102380000000000000000000000000009613233C45
:1023900000000000000000000000803F0000803FBF
:1023A000000000000000803F00000000000000006E
:1023B0000000803F00000000000000000000803F9F
:1023C0002EE77ABF000000000000803F0000000000
:1023D00000000000010000000300000001000000F8
:1023E00000000000000000000000000000000000ED
:1023F00000000000000000009613233C00000000D5
:10240000000000000000803F0000803F000000004E
:102410000000803F00000000000000000000803F3E
:1024200000000000000000000000803F2EE77ABF9F
:10243000000000000000803F0000000000000000DD
:102440000100000003000000010000000000000087
:10245000000000000000000000000000000000007C
:10246000000000005DE2C83C000000000000000029
:102470000000803F0000803F000000000000803F1F
:1024800000000000000000000000803F000000008D
:10249000000000000000803F1D7273BF00000000BC
:1024A0000000803F0000000000000000010000006C
:1024B0000300000001000000000000000000000018
:1024C000000000000000000000000000000000000C
:1024D0008BDF143D00000000000000000000803F82
:1024E0000000803F000000000000803F000000006E
:1024F000000000000000803F00000000000000001D
:102500000000803F30646DBF000000000000803F8D
:1025100000000000000000000100000003000000B7
:1025200001000000000000000000000000000000AA
:10253000000000000000000000000000E4D78F3D14
:1025400000000000000000000000803F0000803F0D
:10255000000000000000803F0000000000000000BC
:102560000000803F00000000000000000000803FED
:10257000280A5CBF000000000000803F000000004F
:102580000000000001000000030000000100000046
:10259000000000000000000000000000000000003B
:1025A000000000000000000076A7BB3D0000000016
:1025B000000000000000803F0000803F000000009D
:1025C0000000803F00000000000000000000803F8D
:1025D00000000000000000000000803FDF1551BF38
:1025E000000000000000803F00000000000000002C
:1025F00001000000030000000100000000000000D6
:1026000000000000000000000000000000000000CA
:102610000000000082574B3C00000000000000005A
:102620000000803F0000803F000000000000803F6D
:1026300000000000000000000000803F00000000DB
:10264000000000000000803F65A579BF0000000089
:102650000000803F000000000000000001000000BA
:102660000300000001000000000000000000000066
:10267000000000000000000000000000000000005A
:102680004B1FFA3D00000000000000000000803FEA
:102690000000803F000000000000803F00000000BC
:1026A000000000000000803F00000000000000006B
:1026B0000000803FD57841BF000000000000803F4F
:1026C0000000000000000000010000000300000006
:1026D00001000000000000000000000000000000F9
:1026E00000000000000000000000000024B4E53DF0
:1026F00000000000000000000000803F0000803F5C
:10270000000000000000803F00000000000000000A
:102710000000803F00000000000000000000803F3B
:10272000F79246BF000000000000803F000000005C
:102730000000000001000000030000000100000094
:102740000300000001000000030000000100000081
:102750000000000000000000000000000000000079
:102760000000000000000000000000000000000069
:102770000000000000000000000000000000000059
:1027800000000000000000008E1E1FBE00000000C0
:10279000000000000000803F23DB81BF000000003C
:1027A0000000803F00000000000000000000803FAB
:1027B000C65016BFF85377400000803F000000006D
:1027C000000000000000803FCA3204C0AEB6E23F05
:1027D0000000803F00000000000000000000803F7B
:1027E00000000000000000000000803F410E6ABFB2
:1027F000000000000000803F00000000000000001A
:102800000000803F2D43BCBF598B273F0000803F15
:1028100000000000000000000000803FF0BF6DBF1E
:102820005EF4353F0000803F000000000000000023
:102830000100000003000000010000000300000090
:102840000100000003000000010000000000000083
:102850000000000000000000000000000000000078
:102860000000000000000000000000000000000068
:102870000000000000000000000000000000000058
:10288000000000006A4DF3BD0000000000000000E1
:102890000000803F2CD482BF000000000000803F79
:1028A00000000000000000000000803FB5E045BDD2
:1028B000DE7172400000803F000000000000000058
:1028C0000000803F583900C071ACF33F0000803FEA
:1028D00000000000000000000000803F0000000039
:1028E000000000000000803FDE9367BF0000000092
:1028F0000000803F00000000000000000000803F5A
:1029000036ABAEBFA6D5183F0000803F00000000E8
:10291000000000000000803FF44F38BF09FE273F51
:102920000000803F000000000000000001000000E7
:10293000030000000100000003000000010000008F
:102940000300000001000000000000000000000083
:102950000000000000000000000000000000000077
:102960000000000000000000000000000000000067
:102970000000000000000000000000000000000057
:10298000E201E5BD00000000000000000000803F03
:10299000A30184BF000000000000803F0000000091
:1029A000000000000000803FBB0F283FF241634061
:1029B0000000803F00000000000000000000803F99
:1029C0006C78F2BF857C04400000803F000000006E
:1029D000000000000000803F000000000000000038
:1029E0000000803F49D764BF000000000000803F26
:1029F00000000000000000000000803F1FF49CBFAA
:102A0000BD3A073F0000803F0000000000000000CA
:102A10000000803F740CE8BEAA43163F0000803FD0
:102A200000000000000000000100000003000000A2
:102A30000100000003000000010000000000000091
:102A40000000000000000000000000000000000086
:102A50000000000000000000000000000000000076
:102A6000000000001F1153BE000000000000000025
:102A70000000803FA4DF86BF000000000000803F10
:102A800000000000000000000000803F2F8692BE82
:102A9000418286400000803F0000000000000000EE
:102AA0000000803F00000000000000000000803FA8
:102AB0006F4758BF000000000000803F000000008A
:102AC000000000000000803F14ED5ABFE76FE23EB7
:102AD0000000803F00000000000000000100000036
:102AE00003000000010000000000000000000000E2
:102AF00000000000000000000000000000000000D6
:102B0000B6DB2EBF00000000000000000000803F88
:102B1000C66D9CBF000000000000803F0000000068
:102B2000000000000000803F0000000000000000E6
:102B30000000803F43E25EBF000000000000803FD5
:102B40000000000000000000010000000300000081
:102B50000100000003000000010000000000000070
:102B60000000000000000000000000000000000065
:102B70000000000000000000000000000000000055
:102B800000000000115312BF000000000000000010
:102B90000000803FB81E4D3F000000000000803F55
:102BA00000000000000000000000803F4BC8EFBFA5
:102BB0001591393F0000803F000000000000000038
:102BC0000000803F00000000000000000000803F87
:102BD000F569953D000000000000803F0000000006
:102BE000000000000000803FA39292BF0B419E3E78
:102BF0000000803F00000000000000000100000015
:102C000003000000010000000000000000000000C0
:102C100000000000000000000000000000000000B4
:102C2000AEBB79BF00000000000000000000803F44
:102C30003B01F5BF3867343F0000803F00000000D3
:102C4000000000000000803F0000000000000000C5
:102C50000000803FC6166ABF5DDC063E0000803F74
:102C60000000000000000000010000000300000060
:102C7000010000000300000001000000000000004F
:102C80000000000000000000000000000000000044
:102C90000000000000000000000000000000000034
:102CA00000000000809F51BE0000000000000000F6
:102CB0000000803FA4DF86BF000000000000803FCE
:102CC00000000000000000000000803F2F8692BE40
:102CD000418286400000803F0000000000000000AC
:102CE0000000803F00000000000000000000803F66
:102CF0006F4758BF000000000000803F0000000048
:102D0000000000000000803F14ED5ABFE76FE23E74
:102D10000000803F000000000000000001000000F3
:102D2000030000000100000000000000000000009F
:102D30000000000000000000000000000000000093
:102D4000CC0B68BF00000000000000000000803FC6
:102D50003B01F5BF3867343F0000803F00000000B2
:102D6000000000000000803F0000000000000000A4
:102D70000000803FC6166ABF5DDC063E0000803F53
:102D8000000000000000000001000000030000003F
:102D90000100000000000000000000000000000032
:102DA00000000000000000000000000030646DBF63
:102DB00000000000000000000000803F3B01F5BF64
:102DC0003867343F0000803F000000000000000032
:102DD0000000803F00000000000000000000803F75
:102DE000C6166ABF5DDC063E0000803F00000000A2
:102DF000000000006400000096000000C800000011
:102E0000FA0000002C010000F4010000EE020000B6
:102E1000E8030000DC050000D0070000C409000042
:102E2000B80B0000881300004C1D000010270000A4
:102E3000983A0000204E0000260000002C00000000
:102E4000180000002A000000060000001E0000001C
:102E5000290000002E000000010000001B000000FF
:102E60000D0000000300000021000000160000001B
:102E7000110000000B000000080000001A00000014
:102E8000110000000D0000000A0000000900000011
:102E90000500000003000000020000000200000026
:102EA000010000000100000001000000000000001F
:102EB0000000000000000000000000000000000012
:102EC00005000000080000000700000005000000E9
:102ED000020000002B000000240000001E00000083
:102EE000170000002C000000190000000D00000079
:102EF000250000001700000010000000080000007E
:102F0000040000001F000000150000001000000079
:102F10000D0000000B00000006000000040000008F
:102F2000030000000200000001000000010000009A
:102F30000100000000000000000000000000000090
:102F40000000000000000000100000003800000039
:102F50000100000023000000310000002C000000F0
:102F600009000000080000002A0000001400000012
:102F70002800000012000000050000003E000000D4
:102F800036000000300000002C000000220000008D
:102F90001C000000190000001500000012000000D5
:102FA000110000000F0000000D0000003C000000B8
:102FB0003600000028000000110000000900000099
:102FC00006000000040000000300000002000000F2
:102FD00002000000010000000100000001000000EC
:102FE00000000000000000000000000000000000E1
:102FF00000000000000000000000000000000000D1
:1030000000000000000000000000000000000000C0
:1030100001000000000000000000000000000000AF
:1030200000000000000000000000000000000000A0
:103030000000000000000000000000000000000090
:103040000000000000000000000000000000000080
:103050000000000000000000000000000000000070
:103060000000000000000000000000000000000060
:1030700000000000780000008C000000AF0000009D
:10308000DC000000180100005E010000B801000033
:103090000D020000BC020000200000001000000033
:1030A0000800000008000000080000000400000004
:1030B00003000000030000000200000028000000E0
:1030C0002800000028000000200000001A00000076
:1030D00012000000100000000700000004000000C3
:1030E0003FE8D02F279182317135233300606A4643
:1030F0000080BB44000016433FE8D02F2791823167
:10310000713523333FE8D02F279182317135233336
:1031100050000000A0000000F0000000500000007F
:10312000F0000000900100000006101600061016C6
:103130000000000000000000010203040607080967
:103140000000000001020304000000000000F03F46
:10315000000000000000F83F000000000000000038
:103160000000004003B8E23F000000000000000043
:1031700006D0CF43EBFD4C3E033333333333E33FD1
:10318000FFAB6FDBB66DDB3F4D268F515555D53FFD
:1031900001411DA96074D13F65DBC9934A86CD3FCB
:1031A000EF4E454A287ECA3F3E5555555555C53FB9
:1031B00093BDBE166CC166BF2CDE25AF6A56113FAB
:1031C000F16BD2C541BDBBBED0A4BE726937663EAD
:1031D0004FBB610567ACDD3F182D4454FB21E93F2F
:1031E0009BF681D20B73EF3F182D4454FB21F93F1E
:1031F000E2652F227F2B7A3C075C143326A6813CA4
:10320000BDCBF07A8807703C075C143326A6913C4E
:10321000C4EB98999999C9BF711623FEC671BCBFBA
:103220006D9A74AFF2B0B3BF9AFDDE522DDEADBF22
:103230002F6C6A2C44B4A2BF0D5555555555D53F3A
:10324000FF8300922449C23F6E204CC5CD45B73F55
:10325000513DD0A0660DB13FEB0D76244B7BA93FCD
:1032600011DA22E33AAD903F4C5555555555A53FDF
:103270007751C1166CC156BF9015CB19A001FA3E0B
:10328000AD529C804F7E92BEC4B1B4BD9EEE213E35
:10329000D43888BEE9FAA8BD000000000000000094
:1032A00000004054FB21F93F3163621A61B4D03D04
:1032B0000000601A61B4D03D7370032E8A19A33BDD
:1032C0000000002E8A19A33BC14920259A837B392F
:1032D00000000000000000006E83F9A22915444E92
:1032E000D15727FCC0DD34F5999562DB4190433C12
:1032F000AB6351FE61C5BBDE3A6E24B7E0D24D42EE
:10330000EA2E49061C92D1091CEB1DFE3EA729B1ED
:10331000F53582E88444BB2E26709CE9417E5FB47B
:1033200039D69139F43953838B5F849C3B28F9BD9E
:10333000FF97F81F0F9805DE8B112FEF1F6D0A5AAC
:10334000CF7E366DB709CB27663F464F2DEA5F9E8D
:10335000C7BA27757BF1E5EBF739073DEA92528A48
:10336000B15FFB6B085D8D1FA6F810111111813F35
:10337000D561C119A0012ABF7DFEB157E31DC73E2B
:10338000EB9C2B8AE6E55ABE7CD5CF5A3AD9E53D6F
:10339000B0330208000000203C06000014020008C0
:1033A000683502083C06002024F904007002000879
:1033B000012A120113E57C12081301021BAB7808E5
:1033C00072027203720472056A06364A01081938DD
:1033D00013F97F15080102011BD970081303011BA3
:1033E000F583081304012AD5085A052859385A02CA
:1033F000381A023839081302021389713D08020392
:1034000002383C02040238140205041B8D8208595C
:10341000385A03384B0301993C030203705A0338AE
:103420005A03385A03385A03385A04C15B04010856
:103430003B0204381A04471BD77B0859E01A0438AA
:10344000390859385A05704B0501F95B0502085ACD
:1034500003081970390859705A05380138496E2126
:103460005AFF04012842102324F4021B7D2920C1A5
:10347000192C32636A3F75297419010174073243AC
:10348000453634585F0976B001C023D80332052988
:1034900004011EBA010711720219405172046949F0
:1034A0006A062F4931140101021329625C080102E6
:1034B000105A03085A04081305011B2D61205938BE
:1034C0005A02611A02383908130203131D634C08AB
:1034D0000203715A02703C020506385A02385A0338
:1034E000915B030108192913E15C5B0803385A0357
:1034F000385A03385A03385A04C15B0401081302CE
:103500000513F5605B0804315B04040859385A045C
:10351000385A05F15B05010819381AE7205A05E009
:103520005A05E05A05381907511A0602390859F1A7
:103530001A06C11AA9701A06A72AA50859A85A0678
:10354000315A0638120749504C070107085A020839
:103550005A03085A040859385A0738011C4952C9F5
:083560001082101324F4000096
:04000005080001D915
:00000001FF
