:020000040802F0
:10000000C8FE042009030208919603088B7D0308AB
:100010008D960308690E020865AE03080000000013
:10002000000000000000000000000000C59B030865
:10003000A5F202080000000093960308E5A003085B
:1000400023030208230302082303020823030208F0
:1000500023030208230302082303020899F302087A
:10006000B1F3020811F4020829F40208230302087C
:1000700001EE02080DEE0208ADEF0208B1EF020832
:10008000F1EF0208FDEF0208350C02082303020815
:1000900023030208230302082303020881F4020851
:1000A00091A4030823030208230302082303020880
:1000B00089A8030823030208230302089D7D03087F
:1000C000917D030823030208230302082303020887
:1000D00023030208C9AD030823030208230302080F
:1000E000A9F20208959603082303020823030208D5
:1000F0002303020895A803082303020845F0020819
:10010000230302082303020823030208230302082F
:100110000DAC03082303020823030208230302088B
:10012000D9F00208DDF0020849F102084DF1020899
:1001300023030208230302082303020823030208FF
:1001400023030208230302082303020823030208EF
:1001500091F1020895F10208D5F1020815AE0308E5
:1001600023030208230302082303020823030208CF
:10017000230302082303020800000000000000001F
:1001800023030208230302082303020823030208AF
:1001900023030208230302080000000023030208CF
:1001A00023030208230302080000000000000000EF
:1001B00023030208000000000000000023030208DF
:1001C000230302082303020823030208230302086F
:1001D000230302082303020800F002F800F06AF883
:1001E0000AA090E8000C82448344AAF10107DA4592
:1001F00001D100F05FF8AFF2090EBAE80F0013F07A
:10020000010F18BFFB1A43F001031847BCFC0100A3
:10021000DCFC01000A444FF0000C10F8013B13F025
:10022000070408BF10F8014B1D1108BF10F8015B4F
:10023000641E05D010F8016B641E01F8016BF9D142
:1002400013F0080F1EBF10F8014BAD1C0C1B09D199
:100250006D1E58BF01F801CBFAD505E014F8016B0B
:1002600001F8016B6D1EF9D59142D6D3704700009D
:100270000023002400250026103A28BF78C1FBD8AF
:10028000520728BF30C148BF0B607047632900F098
:10029000DC83732900F0E183002070471FB51EF056
:1002A000BEF89DE8030000F05FFB00F00CFA1FBDF4
:1002B00010B510BD00F03CFC1146FFF7EFFF1CF03D
:1002C0002BFE00F05AFC03B4FFF7F2FF03BC00F072
:1002D0008BFC00000B49D1F800C04A685CF8043B75
:1002E0001068184442F8040B8C4528BFA1F1DC0CBF
:1002F0008A4228BFA1F1DC02C1F800C04A6020F0A8
:1003000000407047F0350120094880470948004700
:10031000FEE7FEE7FEE7FEE7FEE7FEE7FEE7FEE7B5
:10032000FEE7FEE704480549054A064B7047000012
:1003300081A40308D9010208C8F60420C8FE0420DD
:10034000C8FA0420C8FA042070B5064600F0F0FA96
:10035000056806F10B0020F00704B4429CBF0020A2
:1003600070BD2B466A68BAB11068A04210D304F180
:10037000080188423CBF5068586007D35168101983
:1003800041601168091B016058601460101D70BD48
:1003900013465268002AE7D12146284600F0D0FAD9
:1003A0000028DED170BD70B50446051F00F0C0FA0C
:1003B0000068002C14BF446870BD002C18BFAC420C
:1003C0003CBF20466468F8D301680A18AA4218BFE7
:1003D000456003D12A680546114401602868411927
:1003E000A1421CBF6C6070BD6168696021680844EF
:1003F000286070BD53EA020C00F069802DE9F04BD3
:100400004FF00006002B1FBFB3FA83F503FA05F483
:1004100024FA05F65E4012BF1643B2FA82F502FADC
:1004200005F4C5F120051EBF22FA05FC44EA0C04C0
:10043000203556EA044C4FEA144418BF641C4FF0B0
:1004400000084FF00009904271EB030C39D30029EA
:1004500019BFB1FA81F701FA07F6B0FA80F700FA8E
:1004600007F6C7F120071EBF20FA07FC46EA0C0674
:100470002037B6FBF4FCA7EB0507103F07F01F0B76
:10048000CBF120060CFA0BFB2CFA06F644BFB34660
:100490000026202FA4BF5E464FF0000B5BEA060C3F
:1004A00008BF4FF0010B19EB0B09ABFB027C48EBCB
:1004B0000608C01B06FB02CC0BFB03CC71EB0C0146
:1004C000C1E70B46024641464846BDE8F08B13B5EE
:1004D0004FF000004FF00001AFF30080BDE81C407A
:1004E0007047B2F120030AD5C2F1200301FA02F1EC
:1004F00020FA03F300FA02F041EA0301704700FA20
:1005000003F14FF0000070470FB41CB50C0007AAB0
:10051000009001D02044401E074B7B446946019067
:10052000069800F068FA002C03D06946002000F01D
:1005300075FA1CBC5DF814FB0905000070B50C468B
:100540000546012A05D02878800600D5EA690023EF
:1005500002E0012305E05B1C934202D2E05C00282C
:10056000F9D1A869E618C01AA861286A1844286257
:100570002846AFF3008004E0D5E9012114F8010B0F
:100580009047B442F8D32846AFF3008070BD2DE900
:10059000F0474FF0000A89460446C0F820A02046E4
:1005A000E1688847002876D0252806D0D4E90121C3
:1005B0009047206A401C2062F1E7E1682046002550
:1005C0008847C4F81CA006460027C4F818A02A2EA5
:1005D00009D030461CF068FB38B304EB8708303E86
:1005E000C8F8186019E059F8041B204604EB87028C
:1005F0009161E1688847012F064618D1E06900281B
:1006000020DA25F020051DE0D8F8180000EB800066
:1006100006EB40003038C8F818002046E1688847EB
:1006200006461CF041FB0028EED1012F0AD02E2EE9
:1006300008D12046E16888477F1C0646022F45F016
:100640002005C4DBA069002803DA404245F001051B
:10065000A061E80701D025F01005B6B1A6F1410070
:10066000192802D8203645F400654A46314620460E
:1006700025604D46FFF70AFE58B1012806D0ED1D52
:1006800025F0070000F1080989E704E005F10409F5
:1006900085E730468AE7206ABDE8F0870B4910B548
:1006A000A1F17C020A4CC2E93712372106E000EBC7
:1006B000104342F82130074B00FB03400B1EA1F111
:1006C0000101F4DC10BD0120E8E7000090350120B5
:1006D000E119D666CD0D010010B5431C02E010F8FB
:1006E000011B71B18107FAD14FF0013202C88C1A97
:1006F0008C4314EAC211F9D0C01A0A0603D0C01EF6
:1007000010BDC01A10BD0A0401D0801E10BD090220
:10071000FCD0401E10BD032A40F2308010F0030CC4
:1007200000F0158011F8013BBCF1020F624498BF44
:1007300011F801CB00F8013B38BF11F8013BA2F1E1
:10074000040298BF00F801CB38BF00F8013B11F05C
:10075000030300F06780083AC0F0088051F8043BBA
:10076000083A51F804CBA0E80810F5E7121D5CBF69
:1007700051F8043B40F8043BAFF30080D20724BF9C
:1007800011F8013B11F801CB48BF11F8012B24BF30
:1007900000F8013B00F801CB48BF00F8012B70477F
:1007A000431A28BF9A427FF6B6AF032A1044114479
:1007B00040F2268010F0030F1EBF11F8013D521EBB
:1007C00000F8013D10F0030F7FF4F6AF11F00303C2
:1007D00000F05A81083AC0F00B8051F8043D083A05
:1007E00051F804CD40F8043D40F804CDFFF7F3BFC5
:1007F000121D5CBF51F8043D40F8043DAFF300808A
:10080000D20724BF11F8013D11F801CD48BF11F8FE
:10081000012C24BF00F8013D00F801CD48BF00F8CD
:10082000012C704710B5203AC0F00B80B1E8185089
:10083000203AA0E81850B1E81850A0E81850BFF4CA
:10084000F5AF5FEA027C24BFB1E81850A0E8185069
:1008500044BF18C918C0BDE810405FEA827C24BFBD
:1008600051F8043B40F8043B08BF7047D20728BF4B
:1008700031F8023B48BF11F8012B28BF20F8023B9A
:1008800048BF00F8012B704702F0FF0343EA032240
:1008900042EA024200F002B84FF000020429C0F020
:1008A000128010F0030C00F01B80CCF1040CBCF1A2
:1008B000020F18BF00F8012BA8BF20F8022BA1EBF4
:1008C0000C0100F00DB85FEAC17C24BF00F8012BD9
:1008D00000F8012B48BF00F8012B70474FF00002D1
:1008E00000B5134694469646203922BFA0E80C5026
:1008F000A0E80C50B1F12001BFF4F7AF090728BF01
:10090000A0E80C5048BF0CC05DF804EB890028BF7C
:1009100040F8042B08BF704748BF20F8022B11F0A5
:10092000804F18BF00F8012B704770477047704721
:100930000048704700360120704770477047704785
:1009400038B504460A4600206946AFF30080002807
:1009500008BF38BD02460099204600F0C7F80120C4
:1009600038BD012000F0DCB8F8B5AFF300800546D3
:1009700000200C46102000BF0646A819A0420DD941
:10098000324669460020AFF30080070008BF00F040
:10099000C7F80098A04218BF0546C419FFF7C8FF62
:1009A00005600746F01D20F007004619284600F0B4
:1009B0000AF8B44208BFF8BDA21B31463868BDE84A
:1009C000F84000F093B800210160C0E901107047C1
:1009D0001020704710B500F085F8006810BD10B504
:1009E000044600F07FF8046010BD000001694A1C55
:1009F00002610878704700B58FB0CDE90131002160
:100A0000059105497944CDE9031011466846FFF781
:100A1000BEFD0FB000BD0000E5FFFFFF0A6802F851
:100A2000010B0A607047D1E900239A4202D2531C9D
:100A30000B601070704710B5436913B1AFF30080BD
:100A400001E0FFF77BFD012010BD127800F12401C9
:100A50000A7000224A700122EDE711684FF0FF3260
:100A6000E9E7431A28BF9A427FF6DCAE104410F043
:100A7000030F11441EBF11F8013D521E00F8013D45
:100A800010F0030F7FF4F6AF103AC0F00A8010B5F3
:100A900031E91850103A20E91850BFF4F9AFBDE819
:100AA0001040530724BF31E9081020E9081044BF63
:100AB00051F8043D40F8043D12F0030F08BF7047A1
:100AC000D20728BF31F8023D48BF11F8012C28BFDA
:100AD00020F8023D48BF00F8012C704700487047DD
:100AE000F835012000487047F8350120034640687A
:100AF0008C46002818BF88423CBF03464068F8D3A4
:100B000018681844884207D00CF1030020F0070051
:100B1000001D411A521A0146081D0A60FFF743BC26
:100B200010B500F039F8BDE8104000F02FB870475C
:100B30007546FFF7D3FFAE4605006946534620F0E1
:100B40000700854618B020B5FFF7ECFBBDE8204054
:100B50004FF000064FF000074FF000084FF0000B79
:100B600021F00701AC46ACE8C009ACE8C009ACE82C
:100B7000C009ACE8C0098D46704710B50446AFF314
:100B800000802046BDE81040FFF79DBB002801D043
:100B900000F02AB87047000010B5012805D00021E8
:100BA00003A000F027F8012010BD09A1F8E700001C
:100BB00053494752544D454D3A204F7574206F6646
:100BC0002068656170206D656D6F727900000000AE
:100BD0003A2048656170206D656D6F727920636F92
:100BE000727275707465640001491820ABBEFEE72F
:100BF0002600020070B505460C460A2000E06D1C78
:100C000000F011F835B128780028F8D102E0641C12
:100C100000F009F814B120780028F8D1BDE8704040
:100C20000A20AFF3008008B569468DF80000032064
:100C3000ABBE08BD104810B5026800211160016804
:100C40008A6822F001028A600068C06B46F2207157
:100C500080B2A0FB010147F6FF72801841F100014C
:100C60004FF6FF720023FFF7C5FB0146BDE81040B9
:100C700002480CF047BF0000702A012038B900205C
:100C8000464910B54A6822F440324A604A684368CF
:100C90001A434A6001684A6822F480724A60016817
:100CA0004A68036942EA03224A6001684A6822F0FE
:100CB00040724A6001684A6883681A434A60016862
:100CC0008A6822F400628A6001688A68C3681A43ED
:100CD0008A60816A6FF07062D14201688A6822F08E
:100CE00070628A6001688A680CD0836A1A438A60DD
:100CF00001688A6822F040528A6001688A68C36A83
:100D00001A4301E022F040528A6001688A6822F0AA
:100D100002028A6001688A68037E42EA43028A60AE
:100D200090F82010002901684A680FD042F4006250
:100D30004A6001684A6822F460424A6001684A6871
:100D4000174C436A04EB43331A4301E022F4006278
:100D50004A600168CA6A22F47002CA620168CA6AFB
:100D6000838B104C04EB03531A43CA6201688A68F0
:100D700022F400728A6001688A6890F8303042EA92
:100D800043228A6001688A6822F480628A6001686E
:100D90008A68406942EA8020886010BD00230140D3
:100DA00000E0FFFF0000F0FF18B5002300930309E7
:100DB0008DF8003000F00F008DF8010000206C4627
:100DC000235C0A2B01D2303300E037330B54401C34
:100DD0000228F5DB02201080002018BD1E4C08B54B
:100DE000656810F071FD0FF011FA4FF0E02100205E
:100DF0000861486188611948016841F0206101601B
:100E000072B60020421E810001F1E021C1F880216C
:100E1000C1F88022401C0828F5D31148016841F42C
:100E200080410160006800F4804000900D48016836
:100E300021F003010160016841F0010101600748F0
:100E4000001D0460BFF34F8FBFF36F8F206880F3E6
:100E5000088862B6A847FEE70000FF1F04ED00E027
:100E600044380240003801401AF016F9F0B500F19C
:100E70002401C06A42088868CB681344CB60CB6801
:100E8000834206D3CB68CC68B3FBF0F303FB10437B
:100E9000CB60002301EB830505F1200454E8006FCB
:100EA000164444E80067002FF8D12C6A844204D924
:100EB00028620C6844F400740C605B1C032BE9DBB3
:100EC000F0BD00002DE9F04F85B015461C460A46DE
:100ED0000646DDE91010DDE90E733762C6E903410D
:100EE000C6E901250246B37706F124001BF04AFF4C
:100EF0006848DFF8A491006A50B1006840B10AF078
:100F000023FB28B9B9F8980201281DD002281BD06C
:100F100000208046002D7DD0DFF880A128684FEAB0
:100F2000074BE8B3EFB30EF013FDB8F1000F0ED08E
:100F30005B4A2968914201D0514508D1B9F898120D
:100F40005848022902D002E00120E2E75648B0FBEF
:100F5000FBF1491C07FB01F2B0FBF2F0491E69608E
:100F60000021401EC5E902102846296111F09AFEB1
:100F70004B492868884201D050452DD14B4A9042B8
:100F800015D0B0F1804F12D0494A90420FD088421C
:100F90000DD0484988420AD0504508D0464901E062
:100FA0001AE017E0884202D04449884214D1142143
:100FB0006846FFF793FC5FEA080000D00720009026
:100FC000002001906946284612F05FFB20B10EF028
:100FD000A9FA01E00020B060E4B12068D0B1EFB31D
:100FE0000EF0B6FCB8F1000F0BD02D4A21689142EB
:100FF00001D0514505D1B9F898122A48022900D1EB
:101000004010B0FBFBF1491C4F43B0FBF7F0491E09
:10101000002500E039E0401E6160C4E9025020462E
:10102000256111F03FFE1E492068884201D05045DD
:101030002BD11E4A904214D0B0F1804F11D01C4ADF
:1010400090420ED088420CD01A49884209D05045AF
:1010500007D01949884204D0184900E013E08842BB
:1010600013D114216846FFF739FC5FEA080000D06D
:101070000720CDE900056946204612F006FB20B1A5
:101080000EF050FA01E00020F06005B00020BDE84D
:10109000F08F0000D0A50020049F00200004014034
:1010A000000800400088130000C40900000001404F
:1010B00000040040000C00400040014000180040C7
:1010C00038B1406828B1006818B18168C90703D0F9
:1010D00018E04FF0FF307047816841F001018160F6
:1010E0000B490C4A0968B1FBF2F1102901D20F211A
:1010F00005E0B1F5006F03D900BF40F2FE7100BFFB
:10110000491EFCD2816841F4800181600020704753
:10111000D8050020400D030030B54FF0FF33A0B1DB
:101120004168096889B100224CF250340FE08D68A3
:10113000ED070AD01546521CA54208D9086820F0D0
:10114000080008606FF0010030BD184630BD0D6822
:101150006D07ECD5CA6B82820A6CC2824A6C02832C
:101160008A6C4283086820F00C000860002030BDC3
:1011700000BF704778B505004FF0FF361BD0686898
:1011800001688868C0070AD1886840F0010088605B
:101190000020009000BF401C00900A28FADB0024C9
:1011A0002846FFF7B9FF002806D02846FFF788FF3A
:1011B000641C032CF4D3304678BD000010B50446FF
:1011C000006A00286DD02046FFF7D2FF61684FF417
:1011D00088500968486060680068816840F20112C0
:1011E00011438160E068016801B9A068006A006885
:1011F000016821F00101016000E000BF0168C9073A
:10120000FBD1294981602169C160E16A49084160D7
:10121000A1680A68D2B300215162A26812681369FA
:1012200023F001031361E268126842B15162E16880
:1012300009680A6922F001020A61E16800E0A16818
:101240000968CA6842F48072CA60016841F01901F5
:101250000160A168154A0868904204D1016A41F40E
:10126000805101620CE0124A904210D1016A41F0B3
:1012700001010162A0680068416C41F400414164D1
:10128000A0680068016841F00101016002E00846C1
:1012900011F094FEE068006818B1016841F00101A6
:1012A0000160002010BD00004C20014000080040FB
:1012B0000000014010B5040016D06068A0B10068BD
:1012C00090B1A06800F03AF8E06820B1A1688842C7
:1012D00001D000F033F8616801B3E06838B102680A
:1012E0002AB1006A58B902E04FF0FF3010BDA06883
:1012F00018B102680AB1006A08B9886B70B1006859
:1013000060B1016821F018010160016821F001015C
:10131000016000E000BF0168C907FBD16068006898
:101320008168054A1140816060680068016821F0A9
:101330001E010160002010BDFEFEBFBF00281CD0B2
:101340000168002919D0CA6822F48072CA60016855
:101350000A6822F001020A60084A0168914203D13A
:101360000A6A22F4805205E0054A914203D10A6AD2
:1013700022F001020A6211F09DBE70470008004091
:1013800000000140002903D00844401E491E884344
:1013900070472DE9FF4F81B01F461546040010D05D
:1013A00000F0BEF904F58A710091029800F012FC79
:1013B000060009D0204601F005F9304605B0BDE829
:1013C000F08F4FF0FF30F9E7D4F81401416B006B58
:1013D00000F099FD00287ED0D4F81401C16B806B19
:1013E00000F091FD002876D0D4F81401416C006C17
:1013F00000F089FD00286ED0D4F8140100F0AFF998
:10140000002869D0002D67D0874265D305EB070817
:101410000027C4F80C71D4F814112E46B946886D13
:1014200060B34D6D2021FFF7ADFF0746B54253D3A2
:1014300005EB070AC2454FD8D4F81411C86DFF2830
:1014400004D98A6DC96983188B4205D9204601F0F9
:10145000B9F86FF00300B1E7D4F81C1101EB000BF1
:1014600011462846FFF718FAD4F814015946826D40
:101470002846FFF750F9A81B07445546D4F8140135
:10148000406B90B12021FFF77DFF284440455CD898
:10149000C4F8DC50D4F814110546871B4A6BC4F815
:1014A000E020096BC4F8E41005E0C4F8DC90C4F84F
:1014B000E090C4F8E490D4F81401C06BA8B12021E6
:1014C000FFF760FF284440453FD8C4F80051D4F8E6
:1014D0001411CA6B01E03EE037E0C4F80421896BC7
:1014E0000546871BC4F8081105E0C4F80091C4F84C
:1014F0000491C4F80891D4F81401406C90B12021F3
:10150000FFF740FF284440451FD8C4F8F450D4F8F2
:1015100014110546871B4A6CC4F8F820096CC4F8FE
:10152000FC1005E0C4F8F490C4F8F890C4F8FC90FE
:10153000D4F8DC0078B1D4F8F40060B1D4F8140128
:10154000A8EB0506C06A86420BD2204601F03AF8A5
:101550006FF0040032E7204601F034F86FF0070026
:101560002CE72021FFF70EFF00EB070804F5987029
:10157000814600F01DFA482104F5B270FFF7AEF97C
:10158000D4F81401476917F4706F03D1029900F081
:101590004EFB07434FF00110E4E959074946C4E9FF
:1015A000025654F8880C206154F8840C606154F899
:1015B000640CA06154F8600CE06154F8700C206277
:1015C00054F86C0C606244F8588CA4F5B27400981E
:1015D00000F04AFA050004D0204600F0A1F82846A1
:1015E000ECE6012060800020E8E600002DE9F05FD5
:1015F000434A4FF000084FF0FF36106841498842D7
:1016000004D04149884278D1002700E001274FF0FB
:10161000000B91461046C2F820B0C2F818B0C2F8CC
:101620001CB052688568394C022A02D36FF0010061
:1016300054E06FF0040A102D10D807B175B10121E4
:10164000104600F0DBFED0BBD4F8DC0040B1D4F88B
:10165000F41029B1D4F8E010A94204D250463DE07C
:101660004FF0FF303AE0FFF717F9F4E93D01FFF7DB
:1016700013F9E068F43C18B1D4F80411FFF70CF941
:1016800057B11F48D4F8DC10243003E010F8012BC8
:1016900001F8012B6D1EF9D21C4801F0ADF80600CF
:1016A00000D40020D4F8F880B8F1100F01D94FF021
:1016B0001008134943463431D4F8F42004E00DE017
:1016C00012F8015B01F8015B5B1EF9D2B8F1040F5F
:1016D00004D3D4F8F4100968C9F81C10C9F80C0038
:1016E000C9F81060D4F81001C9F81400C9F81880BE
:1016F0000748C9F82000C9F800B0BDE8F09F000015
:101700005C360120494145434B4F4D5340BC0020BE
:10171000434541490149086070470000583601209F
:1017200010B504000ED06088012806D1D4F8140149
:1017300018B104F58A7000F016F92046BDE8104093
:1017400000F040BF10BD012805D0022802D00328B8
:1017500003D000207047042070470120704770B507
:10176000040019D02021606BFFF70CFE05462021F4
:10177000E06BFFF707FE05442021606CFFF702FED7
:1017800005442021A06DFFF7FDFD05442021E06AFE
:10179000FFF7F8FD284470BD002070BD10B500F0C3
:1017A000D7FC40B905480168491C01D1007D10B142
:1017B0004FF4803010BD002010BD000090020020CA
:1017C00070B500B10120134C0025207560B100F008
:1017D000BFFC70B1104801F03CF80F48FFF7A0FFC4
:1017E00025756FF0070012E00B4801F032F8256113
:1017F00004E02068401C05D000F0CCFDBDE870403E
:1018000000F044BF044801F024F86FF001002061AB
:10181000F4E700009002002040BC002030B5184CD6
:10182000C1B00546022802D36FF0010005E015485B
:10183000B0F8520018B16FF00700206105E06A4669
:10184000284600F030F9206120B1284600F0E3FE80
:1018500041B030BD2068A84208D109484FF48072D9
:1018600069461830FEF7DEFF00F094FD284600F0D0
:10187000D2FE2068A842EBD100F008FFE8E70000A4
:10188000900200201029002070B50546144C4FF03E
:10189000FF3604F11800FF2D03D0022D08D370008D
:1018A00018E04FF480712660FFF718F8002005E07B
:1018B0000146284600F0FCFA40B126602061094844
:1018C00000F0C7FF0748FFF72BFF04E0217D284603
:1018D00000F094FD2061BDE8704000F0D7BE00002C
:1018E0009002002040BC002010B500F031FC002820
:1018F0000ED0084800F0ADFF0648FFF711FF06487C
:101900000168491C02D06FF00701016100210175D7
:1019100010BD000040BC00209002002001F0010238
:1019200052420A4203D0FF2901D9814202D36FF00B
:10193000030070470020704730B5002A0FD0084CD4
:1019400011F8013B58400023C50702D084EA50003B
:1019500000E040085B1C082BF6D3521EF0D130BDCE
:101960002083B8ED704718B18069002802D0004785
:101970004FF0FF30704708B5694600F05BF810B1D2
:101980006FF0010008BD009803C80DF023FE002889
:10199000F8D06FF0050008BD012805D0022802D05C
:1019A000032803D0002070470420704701207047AF
:1019B00010B504000DD03421FEF790FF4FF0011058
:1019C0002060012060600348A0600348E060034895
:1019D000206110BD3D070308510203086519020884
:1019E00018B1012804D0002070474FF48050704790
:1019F0004FF490507047002809D0806811B10969F0
:101A000001B10846012803D0022804D00020704705
:101A10004FF4807070474FF40060704708B5694616
:101A200000F008F808B1002008BD009803C8081AA3
:101A3000401C08BD09B1022802D36FF001007047B5
:101A4000034A00EB400002EB800008600020704772
:101A5000C8E9030808B56946FFF7ECFF08B10020A4
:101A600008BD0098006808BD10B58EB0040004D011
:101A70002069002803D021B107E04FF0FF300EB0FD
:101A800010BD6846FFF794FF69460868B0F1011F72
:101A900002D14868012802D06FF00700EFE7226901
:101AA00008469047EBE72DE9F74FADF5427D0C4630
:101AB000C0A9C298FFF7BEFF00280DD1C2981CB97B
:101AC000FFF78EFF04000BD06946204612F0C4FBDE
:101AD0006FF0020B38B158460DF5457DBDE8F08F2B
:101AE0006FF00100F8E74FF48072694680A8FEF7B6
:101AF00099FE80A8C29900F0E1F80028ECD1C298C4
:101B0000FFF739FF0028E7D1C098879E4FF0FF39D3
:101B1000D0F800A006F2FF10470A00252EE045B1DC
:101B20006019694612F098FB18B1C09800F040F8AF
:101B3000D1E74FF40070864200D8304680461DB190
:101B400002466946484606E0B8F5807F06D9A8F502
:101B50008072484640A9FFF7EFFE8146424669463B
:101B600050460DF0E7FD28B1C09800F021F86FF065
:101B70000500B1E7C244A6EB08066D1CBD42CED3FA
:101B800093996FEA0900814205D0C09800F010F8DF
:101B90006FF00600A0E7C499C29800F089F904002C
:101BA00004D0C09800F004F8204695E7002093E7A1
:101BB0001CB500210091019148B1006808226946D6
:101BC0000DF0B8FD002801D06FF005001CBD4FF0EE
:101BD000FF301CBD38B50C00054623D06946FFF721
:101BE00029FF00281DD10021284600F061F90028B6
:101BF00017D100980168C4E9001500980268A26036
:101C00004268E2600A6A0AB103681A442261026803
:101C10004B6A1A446261896A39B100680844A0615C
:101C2000002038BD4FF0FF3038BD0020F7E738B551
:101C30000A46040004D069461046FFF7FBFE08B1CF
:101C4000002038BDA08A10F47060FAD121460098B7
:101C5000FFF7D1FE38BD30B450B149B142693AB155
:101C60000B68B3F1011F06D06FF0070030BC70475E
:101C70004FF0FF30FAE78B686FF00404CBB10068D7
:101C8000CB68C56AAB4214D3436B23B10D6985B1F0
:101C90004D699D420DD3C36B23B18D694DB1CD69A3
:101CA0009D4206D3406C30B10B6A13B14B6A83423C
:101CB00001D22046DAE730BC084610472DE9F04F44
:101CC000C1B00D46040016D040A92846FFF7B2FE69
:101CD000002812D14098724E724BD0E90021891A27
:101CE00001F10108D4E90021724059406FF0030965
:101CF0000A4371D104E04FF0FF3041B0BDE8F08FEE
:101D0000A1686FF00706012969D1E168B1F1011FEF
:101D100065D1A16C012962D1216911B1806881422C
:101D200064D1207DC00757D029462046FFF77FFFAA
:101D3000054621464098FFF75EFE4FF40067B84223
:101D400001D14FF46060054250D0681E05424DD16C
:101D50004FF4007B4FF4807A5D4504D0B5F5806F79
:101D600001D0BD421ED1206BFFF716FE98B3616B08
:101D700089B3B1FBF0F200FB121272BB5D4502D1D8
:101D800000EB400006E0B5F5806F09D0BD4209D1F7
:101D900000EBC000B1FBF0F200FB1210E8B906E066
:101DA000C000F7E7554502D1606E40283DD2E06B98
:101DB0000028A06B12D0FFF7EFFD60B1E16BB1FB23
:101DC000F0F200FB121232B9C000B1FBF0F200FBDE
:101DD000121010B905E002E049E026E008B13046F3
:101DE0008BE74099A0690968884202D06FF0010032
:101DF00083E7E069FF2818D9404516D8A16D05464C
:101E0000B1B1294A636D1A44B2F5703F2FD2E56D26
:101E1000FF2D2CD985422AD25A18934205D8234B3C
:101E20009A4202D82944814206D96FF0040064E73F
:101E3000616DE1B9E16DD1B9616AFFF76FFD00280D
:101E4000CED1606AA84212D2216A09B1A9420ED24B
:101E5000A06A08B1A8420AD219B1E069FFF75EFD95
:101E600028B9A16A29B1E069FFF758FD08B14846D1
:101E700043E75546524621466846FEF7D3FC00200C
:101E800014902A466946401EFFF756FD216DC04357
:101E9000814202D06FF006002FE700202DE70000FE
:101EA000474D494132334543804BFFDF8074042066
:101EB000F8B50D4606466946FFF7BCFD002818D167
:101EC0000098314604682046FFF7F8FE002810D13C
:101ED0000098E26901684FF0FF3001F58071A2F5CA
:101EE0008072FFF729FDE16CC043814202D06FF0A0
:101EF0000600F8BD2DB14FF4807221462846FEF74A
:101F000091FC0020F8BD00B551B100280AD0FFF7C0
:101F10001AFC30B1B1FBF0F200FB121008B902E07C
:101F200008B1002000BD012000BD0000024800787B
:101F3000C0F340007047000040BC002070B50400B2
:101F400022D0FFF72BFC0246B0F5703F00D90022EB
:101F50004FF470300D4D00590119E960C5E90112C7
:101F60000B481AF00FFF0B48844207D1D5E9010155
:101F700008440949884201D8012000E00020687522
:101F8000BDE8704000F006BA70BD0000900200206D
:101F9000ECBD002080B4002080740420002903D010
:101FA0000844401E491E8843704700002DE9F04157
:101FB00005002DD01948417D51B3D0E901400619E3
:101FC000A86D6FF0040750B1696D08442021FFF738
:101FD000E5FF696DA1421ED3B0421CD80446202102
:101FE000686BFFF7DBFF04442021E86BFFF7D6FFA7
:101FF00004442021686CFFF7D1FF04442021E86AE3
:10200000FFF7CCFF2044B04205D80020BDE8F081A6
:102010006FF00700FAE73846F8E70000900200206A
:1020200070B504462021FEF737FC3048314D00885A
:1020300020802F48C1896180018AA180418AE18086
:1020400001892181418961818189A1810188E181A1
:102050004188218280886082D5F800034FF6FF71A5
:10206000A0FB010140F6E4425310C018002641F1E4
:1020700000013346FEF7BEF91F4BA082E68293EDC6
:10208000000A1E4910EE100A9FED1D1ADFED1D0A11
:102090004FF04742884202DDB0EE410A05E010EE03
:1020A000100A904201D9B0EE600ABDEEC00A10EEEF
:1020B000100A208393ED010A10EE100A884202DD17
:1020C000B0EE410A05E010EE100A904201D9B0EEE0
:1020D000600ABDEEC00A10EE100A6083D5F8F8025F
:1020E000A083D5F8F802000CE08370BDB601002093
:1020F000D0AF002038B90020E005002000FEFF46E8
:1021000000FEFF46000000C77FB50E480024029481
:10211000406803904FF48C710B48FEF7DFFB0A48D0
:10212000651E01230560009403AA02A907480194D3
:1021300000F0FCFA054800F08CFB04480565C0F887
:1021400010417FBDE0E903089002002040BC002060
:102150000448406820B1D0F8B00008B101207047B1
:102160000020704738B900200AB1084402E000207E
:102170007047801A9042FCD2704712B90020704715
:10218000891A9142FCD2884201D3401A7047081A3A
:10219000101A70472DE9F05F0C465FEA000A93467B
:1021A0004FF0FF3824D01046FFF7CDFA00B3B4FB50
:1021B000F0F100FB1141D9B9B4FBF0F5DDB372B613
:1021C0002849CB682848C7688A68866862B6896BE0
:1021D00071B1806B60B1402A0AD3402E08D32348E6
:1021E000006828B12248D0F81401446E402C02D374
:1021F0004046BDE8F09F40211846FFF7BEFF8146EC
:10220000324640213846FFF7B8FF202C01D2154E48
:1022100000E0154E02D300BFA4F12004A04600D276
:102220004846B2684FEA8511A1F14001FFF7A5FFCA
:102230000746002412E013E007EB4801304600F0A7
:1022400091F803B222465946504600F03BF9B26875
:1022500040213846FFF788FF0746641CAC42EBD3A9
:102260000020C6E7E4AF002028B0002038B10020ED
:1022700040BC00202DE9FF4F89B00024169D09982D
:102280009A460E46671E60B1BAF1000F09D045B1FB
:102290000B98FFF758FA20B1B6FBF0F100FB116183
:1022A00019B138460DB0BDE8F08FB6FBF0F62EB38D
:1022B0007019401EB0FBF5F972B62949C868D1F80B
:1022C00008B062B6896B19B15946BBF1200F16D21E
:1022D0006846FFF7A5FE6F460EE000BFB4FBF5F0C1
:1022E00005FB104122461AF801000B9937F910300E
:1022F000099800F0E7F8641CB442EFD32DE00A46D9
:102300002021FFF73AFF4FEA49115A462039FFF7DB
:1023100034FF009000201DE000270FE01AF80700AE
:10232000009901EB40010E4800F01CF803B2224670
:102330000B99099800F0C6F8641C7F1CAF4201D2CB
:10234000B442EBD35A4620210098FFF70DFF0090CE
:1023500008F1010080464845DED30020A2E70000D6
:10236000B0B0002010B520B1826B12B18368022B8F
:1023700001D2002010BD8368B1FBF3F003FB101005
:10238000411CB1FBF3F403FB1411105C515C40EAF7
:10239000012010BD70B5174800F05BFA1548FFF733
:1023A000BFF9154C6FF007052068401C607D07D011
:1023B00020B1A06810B1FFF7CBFE28B1256170BD38
:1023C0000028FBD00025F9E70B481830FFF7EEFD99
:1023D00028B9D4E9023207482168FEF7DAFF206104
:1023E0000028ECD1207D0028E9D0BDE870400148EC
:1023F00000F028BA40BC0020900200202DE9F047F0
:102400000E46284980468946FFF752FD254C0500B7
:102410004FF0FF37A4F1180402D0276025612EE0A9
:10242000C4F80080FFF794FE0546607D10B1A068F7
:1024300000B185B11C4800F00CFA1B48FFF770F999
:102440006FF007002061002E03D0002D01D0002185
:102450002175BDE8F0874846FFF7A8FD206130B937
:10246000D4E9023210482168FEF793FF206105008D
:102470000DD04FF4807148462760FEF72FFA0A48C6
:1024800000F0E7F90848FFF74BF92846E1E706486E
:1024900026B100F0D7F901202075F6E700F0D9F950
:1024A000F3E70000A802002040BC0020002806D06E
:1024B000002904D00A46014601480BF09FBA704734
:1024C00038B90020012906D002290DD0032901D1F5
:1024D000190A8154704700EE103A00EB8200B8EE02
:1024E000C00A80ED000A704720F8123070470000E3
:1024F000F8B5324C4FF0FF3005466188012935D1DF
:10250000D4F81421002A31D0D4F8DC1000292DD0C1
:10251000D4F8E010002929D0D4F818111046DC3482
:10252000FFF785FB074674E83701FEF7B5F9082683
:10253000B7F5807F09D0B7F5007F0DD0B7F5806F74
:1025400015D0B7F5006F10D118E0DC3494E807001F
:10255000DC3CFFF71FFE06E00320DC34009094E82B
:102560000700174B11E0050013D02846F8BDDC34F6
:10257000009694E80700124B103306E00920DC3483
:10258000009094E807000E4B1833DC3CFFF772FE16
:10259000E9E7D4F8000170B1D4F8041159B1FEF79D
:1025A0007BF904F580740096054B94E80700083326
:1025B000FFF760FEF8BD0020F8BD000040BC002021
:1025C000E0E9030810B504461C2100F58A70FEF707
:1025D00085F9342104F59870FEF780F9482104F557
:1025E000B270FEF77BF900209CB104F19C02C4F8A4
:1025F000DC2003214023C4E93831C4E93F10C4F88A
:1026000004015032C4F808010823C4F80C01C4E9DD
:102610003D23608010BD70B5CAB0064628216846CB
:10262000FEF75CF93046FFF715FA05463046FFF72E
:10263000F5F904460AA93046FFF73AFC18B3002121
:10264000AD228DF800209B228DF801208DF80260CC
:102650008DF803100394CDE9010549B11198049058
:102660000F9805901F980690159807901798089056
:10267000DA208DF824008DF8250026216846FFF722
:1026800015FF4AB070BD0121DAE7000010B588B02F
:1026900020216846FEF722F9224900204A7D02B136
:1026A00001200A68531C01D040F002000B7D0BB1E1
:1026B00040F004001C4B1C78A40701D540F0080032
:1026C0005B88012B01D140F01000AD238DF8003064
:1026D00099238DF801308DF80200022A01D2D0B280
:1026E00000E0FF208DF8030008690190486802901F
:1026F00088680D49039001F18000D1F8E010049141
:10270000806F05900848D0F810010690DA208DF807
:102710001C008DF81D001E216846FFF7C7FE08B09B
:1027200010BD00009002002040BC00202DE9F05FA9
:102730009B46DDE90A8615460F4604004FF0FF3A36
:1027400058D0EFB3E5B3FEF7EBFF20784FF0000968
:10275000C00706D0D4F8E80018B1FDF724FEC4F88D
:10276000E890A4F800903888A0807888E0802888D5
:1027700020816888608184F854B0A4F856800020D5
:102780001EB1404501DA315C00E000212218401CF6
:1027900011744028F4DB2046FFF714FF402204F1B7
:1027A0009C0104F158001AF0EDFA00204946221865
:1027B000401C82F89C104028F9DB0020221800E021
:1027C00018E0401C82F8EC100828F7DBA08840B124
:1027D000E28832B15043FDF7B7FDC4F8E80048B1D4
:1027E00001E0C4F8E810208840F0010020800020BB
:1027F000BDE8F09F5046FBE770B5040002D020789A
:10280000800702D44FF0FF3070BD0D4E75686088B0
:10281000012807D016F039FF7068401BC4F810017A
:10282000206D70BD04F5B27104F58A70FFF713FADC
:102830007168491BC4F810110028F2DB206570BDD7
:10284000001000E0002803D0018841F0020101805F
:102850007047002803D0018821F0020101807047F1
:102860001FB51B4C206808B1002000E001204FF488
:102870008071CDE90210174B4A00CDE90023164ABA
:102880001649174806F098FBB8B14021104809F0E6
:10289000B3FC206BC8B1134913480123828BC06875
:1028A00092B2CDE90202CDE9001310481049D0E9F7
:1028B00009231048FEF706FB1FBD06F08DFD14220C
:1028C0000D49074806F0C6FCE3E70021E4E70000F5
:1028D00038B1002000040240742F0120B82A0120E2
:1028E000B8C1002000710200A0F60420D0A500208D
:1028F000702A012030C20020BCAF002070B5134DFB
:10290000287818B11248B0F8980208B1002070BDBC
:1029100017F05AFB0028FAD000242C700D48022131
:1029200080F8F012A0F8044317F096FA08B10CF002
:10293000F9FD0AF065F9054807A180300A6840F8FA
:10294000402F898881808471012070BD980100200A
:10295000049F002038B9002043453634535F0000FF
:1029600070B5154D2878002803D0FFF7C7FF08B1D0
:10297000002070BD11480024B0F89802012818D03A
:102980000F48012180F8F012A0F8044317F01EFA56
:1029900008B10CF0C7FD0AF033F9074809A18030EF
:1029A0000A6840F8402F8988818084712C7001204A
:1029B00070BD2C70DCE7000098010020049F00200F
:1029C00038B9002043453634585F000070B5002107
:1029D00000B10170114AD2E90243A3421BD9B3F5F9
:1029E000004F18D9156CA54215D3A3F500439C429E
:1029F00011D21A1B0FD02B1B934200D9134608B1DA
:102A00000124047064245008E3FB04010023FDF753
:102A1000F1FCC0B270BDFF2070BD00001029002085
:102A20002DE9F0418046474886B00025016841F015
:102A300002010160016801F002010591016841F0A5
:102A4000040101600068142100F00400059068464C
:102A5000FDF744FF4FF4804401260094CDE9016561
:102A6000394F6946384603950DF068FD6000CDE9A1
:102A700000060320CDE90250694638460DF05EFDA0
:102A80000122214638460DF054FE3048006808B94E
:102A900017F02EF92E4CD4F8B40218B94FF4964022
:102AA000C4F8B40284F8B95228492A4806F088FDCF
:102AB000294805F0E0F8294805F0DDF827483222DA
:102AC00027497A38FDF727FEB8F1000F07D06420B8
:102AD0000DF0BEFB1F4805F03FFB00B325E01A4890
:102AE0001830016841F480410160B4F8B01221F05F
:102AF0000801A4F8B012016841F000410160B4F887
:102B0000B00220F08000A4F8B002D4F8340204F53A
:102B10002C740BF061FF208840F0020020801048E8
:102B20001438016841F0020101600E48C16841F0AB
:102B30002001C160C16821F40051C16006B0BDE848
:102B4000F08100003038024000080240842E01204D
:102B5000985C0020982C002030640020CC5F00207E
:102B60005802002000100140064810B5016841F0ED
:102B7000004101600DF0E2FD42F21071084402498B
:102B8000C86610BD180802409801002010B50DF06D
:102B9000D5FD194941F60C1252582AB901F5405198
:102BA000D1F83812490401D5012200E0002213496E
:102BB000B1F8521049B91249D1F8DC3213F0020FC2
:102BC00003D1D1F8E012890700D001210D4BDB6E53
:102BD0000BB1C01A0ED4114303D0BDE81040FFF76B
:102BE000C3BF09480068002804D10848016841F4BF
:102BF0000041016010BD0000982C00201029002029
:102C000038B900209801002038B10020180802408F
:102C1000F0B5154EADF5017D0446022821DA4FF4DA
:102C2000007739466D4601A8FDF758FE0F483A4631
:102C30008068009004F191008DF80100DA208DF891
:102C400002028DF803020A4800EB4421A81CFDF79C
:102C500062FD3A1D6946304602F008FB304606F038
:102C600084FE0DF5017DF0BD982C002000E80308DE
:102C700038B5002070B5ADF5816D4FF40075184E74
:102C80002A46184981A8FDF7CDFD174C0DF20442E4
:102C90002046218A03F09AFEE068DDF80414401A09
:102CA000C59029466C4601A8FDF718FE0F482A4634
:102CB00081A940680090DA208DF802028DF80302A5
:102CC000A01CFDF728FD2A1D6946304602F0CEFA09
:102CD000002802D1304606F048FE0DF5816D70BD2A
:102CE000982C002038B100201029002000E80308AB
:102CF0002DE9F0413A4800683949091D0968C0F3D7
:102D0000015101EB8101C0F3034202EB4101C0F329
:102D1000023202EB8202C0F3032303EB4203C0F34F
:102D2000021202EB820200F00F0000EB42004FF4AF
:102D3000616211FB02F1C3EB031201EB82010C187B
:102D40002848D0F8DC02294D10F0020F26484FF039
:102D5000010100F1800601D0C1743EE0C27C002A6E
:102D6000FAD03068201A2844B0FBF5F105FB1100B9
:102D70004AF6C00188422ED21D48B0F8B01240F683
:102D80000842114227D1D0F8381211F4844F22D1D1
:102D9000A0F50051D1F80C1900291CD1D0F824124B
:102DA000002918D1D0F88C17002914D1D0F8F00BD5
:102DB000002810D10F4807460AF0B0FC0822394617
:102DC0000D4805F00DFB40B114F10104B4FBF5F022
:102DD00005FB10403060BDE8F0810C34F6E70000E0
:102DE0000028004038B900209801002080510100DF
:102DF000985C0020965F0020982C00200848D0F8AE
:102E00004C0100B90748D0F81011074AB1FBF2F2A3
:102E10000649A1F89E220089A1F8A202704700008D
:102E20001029002038B1002080841E00985C00200A
:102E300010B5044600F016F8002C12D0002810D06F
:102E4000017B890702D5416901B12181017B4907D5
:102E500001D581696160017B090702D5C069C4F8A9
:102E6000A40010BD10B50748074C084BD0E900215D
:102E7000624059400A4302D18168012900D00020F4
:102E800010BD000000C000084746434432334543AC
:102E90000C4808B5016841F080510160006800F0FD
:102EA000805000900EF09EFA074A102107480EF05D
:102EB000C4FF0122112105480EF0BFFF0EF086FA73
:102EC000002008BD4038024007B032CE0C2B012054
:102ED0000A48416EC26F01EB410189088A4204D35E
:102EE000C16F426ED243914206D30089012803D1BB
:102EF0000121024819F0F0BE70470000A4C2002072
:102F00001FB50F48C06A4FF0FF34A0B100F022F89F
:102F10000C4820210822CDE90002CDE902010A492E
:102F20000B488B698A68094902F082FC002800D0AE
:102F3000204604B010BD064802F0F2FBF8E700009E
:102F400038B1002000040240A0F60420DC2B012050
:102F5000A4C2002016F0E2B92DE9F04119F0E4FE18
:102F60000026294A35463046D2F8042031468C24C2
:102F700000EBC00304EB8303D3589E194D41401C62
:102F80000628F5DB3046294600F046F81F4C074678
:102F9000E06A10B9FEF7CAFF00B1052731461C4EA2
:102FA00031607560B7602168F160E16A3161216B61
:102FB0007161FEF7BBFFE16A01B1012141EA400006
:102FC000F06107F055F810B105F030FF48B1206806
:102FD00068B1206840F2E241884208D8E06A20B136
:102FE00005E0002017F07AF904E0206B00B13846C4
:102FF00017F0C6F817F006FA06480068B0610BF043
:1030000017F90020BDE8F08138B9002038B1002060
:1030100040A70020D8050020124B00221B1A8A412D
:1030200001D300207047104B00221B1A8A4101D3A4
:10303000012070470D4B00221B1A8A4101D3022048
:1030400070470B4B00221B1A8A4101D303207047A3
:10305000084B0022181A8A4101D30420704705202A
:1030600070470000A2170F00831F1400452F1E0099
:10307000073F28008B5E3C0010B504462DED028B07
:10308000403091ED000A0BF095FDB0EE408A84EDE2
:10309000008A04F562700BF08DFDA06A012820D033
:1030A000F0EE408A41F23871B0EE680A60180BF019
:1030B00081FD84ED010A84ED048AC4ED058A0021B6
:1030C00004F5D4500BF034FE41F6A820005DC00793
:1030D0000AD0BDEC028B2046BDE81040002100F074
:1030E00001BEF0EEC08ADDE7BDEC028B10BD70477B
:1030F00070B504462DED028B0D4691ED000A40306F
:103100000BF058FD606A012801D1B0EEC00A41F20F
:10311000F031F0EE408A60180BF04CFD84ED000AAF
:1031200095ED010A04F562700BF044FDA06A0128D8
:1031300034D0B0EE408A00BF41F23871B0EE480A98
:1031400060180BF037FD84ED010AC4ED048A84EDAC
:10315000058A94ED000A002104F5D4500BF0E8FD37
:1031600041F6BC2094ED010A012120440BF0E0FD62
:1031700004F5805595F8A80AC00703D00021204621
:1031800000F0B0FD95F8E40AC0070AD0BDEC028B50
:103190002046BDE87040012100F0A4BDB0EEC08A19
:1031A000CAE7BDEC028B70BD2DE9F04704462DED5A
:1031B0000A8B0D46403091ED000A0BF0FBFC41F20A
:1031C000F030F0EE408A20440BF0F4FCB0EE409A70
:1031D00095ED010A04F562700BF0ECFC41F23870D9
:1031E000B0EE408A20440BF0E5FC69EE090AF0EEEF
:1031F000409A48EEA80A10EE900A1BF09FF841ECA6
:10320000100B19F0CDF851EC100B1AF0B3F969EE70
:10321000A90A206048EE080A10EE900A1BF08EF80A
:1032200041EC100B19F0BCF851EC100B1AF0A2F99C
:103230006060C4ED048A84ED058A94ED000A0021E3
:1032400004F5D4500BF074FD41F6BC2294ED010A54
:103250000121A0180BF06CFD04F58057002697F8AB
:10326000A80AC00700D0012618EE900A1BF066F8E5
:1032700041EC1A0B19EE100A1BF060F841EC100B30
:10328000B0EE4A1AF0EE6A1A18F086F851EC100BFC
:103290001AF070F909EE100AE06A594D4FF0010872
:1032A00090ED5D0AD0ED618AB4EEC09AF1EE10FAAD
:1032B00002DA0026C5F808809FED52AB9FED53BBA4
:1032C000F4EEC08AF1EE10FA21D218EE900A1BF04B
:1032D00035F853EC1A2B1AF07FF91AF04BF908EE77
:1032E000900AA86840001AF02CFC53EC1B2B1AF033
:1032F000D5FC41EC1C0B19EE100A1BF01FF853EC27
:103300001C2B1AF069F91AF035F909EE100A4FF082
:103310000009B4EEE89AF1EE10FA03DB002000F0A9
:10332000F1FC06E02EB10021204600F0DBFCC5F8E0
:10333000089097F8E40A0026C00700D0012618EE8E
:10334000100A1AF0FBFF41EC180B19EE900A1AF064
:10335000F5FF41EC100BB0EE481AF0EE681A18F0C9
:103360001BF851EC100B1AF005F908EE900AE06A10
:1033700090ED5D0A90ED618AF4EEC08AF1EE10FAEC
:1033800002DA0026C5F80C80B4EEC08AF1EE10FA1D
:1033900021D218EE100A1AF0D1FF53EC1A2B1AF0B2
:1033A0001BF91AF0E7F808EE100AE86840001AF076
:1033B000C8FB53EC1B2B1AF071FC41EC190B18EEF7
:1033C000900A1AF0BBFF53EC192B1AF005F91AF00A
:1033D000D1F808EE900AF4EEC88AF1EE10FA06DB96
:1033E000012000F08FFCBDEC0A8BBDE8F087002EB9
:1033F000F9D00121204600F075FCC5F80C90F2E7E9
:1034000000000020112D4454FB211940112D44547B
:10341000FB21094070B504462DED028B0D4691ED60
:10342000000A40300BF0C6FB606A012801D1B0EE03
:10343000C00A41F2F031F0EE408A60180BF0BAFB9E
:1034400084ED000A95ED010A04F562700BF0B2FB01
:10345000A06A012830D0B0EE408A00BF41F2387136
:10346000B0EE480A60180BF0A5FB84ED010AC4ED2C
:10347000048A84ED058A94ED000A002104F5D450F5
:103480000BF056FC41F6BC2094ED010A01212044CA
:103490000BF04EFC04F5805090F8A81AC9070ED026
:1034A00090F8E40AC0070AD0BDEC028B2046BDE8C4
:1034B0007040002100F016BCB0EEC08ACEE7BDEC33
:1034C000028B70BD2DE9F05F04462DED028B00F5F7
:1034D0008059C162002004F50056C9F8F82A9FED12
:1034E0003A8A93468846A6F82C030546824600BFD2
:1034F00004EB4507F88B20F40060F883A08B0528C7
:1035000009D90BEB4520D0F884100A2903D250F8D2
:10351000841F18310160284600F0F2FB294620463E
:1035200000F0D2F92946204600F054F804EB85015A
:10353000012007F580574862A7F818AFA7F81CAF1D
:10354000B6F82411C01EA8400140A6F82411B6F810
:1035500028110140A6F82811002004EB052100BF26
:1035600001EB800202F50052401C82ED4B8A40289C
:10357000F6DB6D1C022DBBDBE06A90F84001608336
:10358000D8F87021D8F86C11204600F017FAC4F86A
:103590002C80D8F8A400A083A4F822A0AD2189F83B
:1035A000201FAE2189F8211FDA2086F8220186F833
:1035B00023010648E06306480068BDEC028BBDE8C5
:1035C000F05FFDF76BB8000000000000D93D020875
:1035D000282800402DE9F84306460F46C06A40F20D
:1035E000E24108B1406B00B9084680B2B0FBF1F18E
:1035F000C7EB0710C0EBC00006EBC00505F5DA60AD
:1036000005F5566404294AD004DC012972D0022948
:103610002FD15AE0082915D010292AD1DFF80081CE
:10362000032308F14802A2F12401CDF800800BF039
:1036300011FB08F1480220460323A2F12401CDF832
:10364000008014E0DFF8D880032308F16C0808F14B
:103650004802A2F12401CDF800800BF0FBFA08F13A
:10366000480220460323A2F12401CDF800800BF08C
:10367000F1FA41F6F820805900EB472241F2F03090
:10368000291805F1400006F039FBC7EB071006EBDF
:103690008000BDE8F84300F5D4500BF011BBDFF813
:1036A0008080032308F1D80808F14802A2F1240120
:1036B000CDF800800BF0CEFA08F148022046032333
:1036C000A2F12401CDF80080D1E7DFF85880032370
:1036D000A8F1FC0202F59071CDF800800BF0BAFA67
:1036E000A8F1FC022046032302F59071CDF800807A
:1036F000BDE7FFE7DFF82C80032308F1480808F155
:103700004802A2F12401CDF800800BF0A3FA08F1E1
:10371000480220460323A2F12401CDF80080A6E749
:10372000F8E503083CE703082DE9FC478946044611
:10373000002500F5805600BF04EB8508D6F8F80A8E
:10374000D8F8303000EB452001AA49469847C5EB30
:103750000510C0EBC00004EBC00000F5DA600746BE
:103760009DED010A0BF026FA88ED020AD6F8F80A58
:103770006A4600EB452049460BF04AF938469DED74
:10378000000A0BF017FA6D1C8DED000A022DD3DB39
:10379000208B618B884227D100202083014604F5CD
:1037A000005000BF04EB0122B0F82C339DED000A5D
:1037B00002EB830202F50052491C82ED4B0A0229FA
:1037C000F0DB90F82C13491C01F03F01A0F82C13FA
:1037D00004F10801A26B0D4620469047E26B294692
:1037E00020469047BDE8FC87401C2083FAE710B5CF
:1037F00000F5D8510446D1E90223521E43F1FF33AC
:10380000C1E90223D14371EA030107D100F008F8AE
:103810002046BDE81040002100F064BA10BD000051
:103820002DE9F04100252DED028BC16A09B1496BEC
:1038300009B940F2E2418FB200F5D854FCF74AFDD5
:1038400000EE100ADFED170AD4E90060B8EEC00AF6
:10385000801B60EE200A00EE100AB8EE400A20EE4F
:10386000800A10EE100A1AF021FE36184D41384633
:103870001AF07EF99FED0C1B53EC112B19F068FF29
:1038800041EC180B304629461AF086F953EC182BF8
:103890001AF004FA1AF0CEFDC4E90201BDEC028B65
:1038A000BDE8F0810000003000000000000024406E
:1038B00004494A8C22F4805242F400524A8408F0AF
:1038C000C5BE0000980100202DE9F043C56A85B00F
:1038D0000E4604464FF000090DB1686B08B940F27E
:1038E000E2401FFA80F841F6F820678B005900EBA0
:1038F000462104EB860030300BF0B6F805EB86006D
:1039000006F0FF0CD0F8E830D0F8D82050F8A81F07
:103910000DF1040E8EE80E100169009190ED160A6B
:10392000016C016B01680069D5F8FC30D5F8F8200E
:10393000C6EB061004EB8000414600F5D4500BF0B6
:10394000C5F931462046FFF745FEE06AD0F8A400ED
:1039500080B2A0836783A4F81890082809D2DFE812
:1039600000F004060F11131517190B4800E00B485F
:10397000A0630B48006805B0BDE8F043FCF78EBEBD
:103980000848F5E70848F3E70848F1E70848EFE793
:103990000848EDE70848EBE7EF300208013A020873
:1039A00028280040F1300208793002081534020856
:1039B000EF370208653A0208A931020800F5805382
:1039C00003F5306306C3FFF72BBF000030B442F2AB
:1039D0002412002311521A465FF0010505FA02F481
:1039E0000C4200D00123521C022AF7DB1BB1034911
:1039F000C16330BC704730BC00F0CCB90D3D02084B
:103A000010B504462DED028B403091ED000A0BF00D
:103A1000D1F8606A01281ED0B0EE408A41F2F03140
:103A2000B0EE480A60180BF0C5F884ED000A84ED8A
:103A3000048A002104F5D4500BF07AF941F6A8204D
:103A4000005DC0070AD0BDEC028B2046BDE81040E7
:103A5000002100F047B9B0EEC08ADFE7BDEC028B71
:103A600010BD000070B504462DED068B403091ED81
:103A7000000A0BF09FF841F2F030B0EE408A20448B
:103A80000BF098F8B0EE409A69EE090A48EE080A81
:103A900010EE900A1AF052FC41EC100B18F080FC6A
:103AA00051EC100B19F066FD206084ED048A18EECD
:103AB000100A1AF043FC41EC1A0B19EE100A1AF026
:103AC0003DFC41EC100BB0EE4A1AF0EE6A1A17F00A
:103AD00063FC51EC100B19F04DFD08EE900A18EE46
:103AE000100A1AF02BFC41EC1A0B19EE100A1AF00E
:103AF00025FC41EC100BB0EE4A1AF0EE6A1A17F0F2
:103B00004BFC9FED311B51EC100B53EC112B19F0BA
:103B10001FFE9FED2F9B53EC192B1AF0BFF853ECAF
:103B2000192B19F059FD19F025FD6060606194EDC5
:103B3000000A002104F5D4500BF0FAF841F6A82051
:103B40000025005DC00700D00125E06A90ED5D9A78
:103B500090ED618AB4EEC98AF1EE10FA0DD218EE3A
:103B6000100A1AF0EBFB9FED1C1B53EC112B19F004
:103B700033FD19F0FFFC08EE100A194E35B1F4EED2
:103B8000C98AF1EE10FA01DBC6ED018AD6ED010A11
:103B9000B0EE680A19F082FCB4EEC80A86ED010A9C
:103BA000F1EE10FA05DB002000F0ACF8BDEC068B5E
:103BB00070BD002DFAD0BDEC068B20460021BDE87B
:103BC000704000F08FB80000112D4454FB210940D3
:103BD00000000000004CCD40112D4454FB21194041
:103BE0000000002010B5838B00F5D45141F6BC24B1
:103BF0004FF400622044082B06D2DFE803F00504EE
:103C00000606060404068A6210BD8A62826210BD3E
:103C10000348418C21F4005141F4805141847047A4
:103C20009801002070B52B4C0500E08B02D0012DCF
:103C300006D102E040F0010001E040F00400E08322
:103C40002548D0F8A00001283FD10CF077FD214B8A
:103C50000021B03353F82520861A71EB01060E4679
:103C600006D2821A66EB0101521E41F1000102E008
:103C7000821A66EB010143F825000A2300209A1AF4
:103C8000884122D21548418801290DD1007880074A
:103C90000AD5FEF72DFC18B91048FEF7ADFD18B196
:103CA000E08B40F400600FE0E08B20F40060E083E4
:103CB0000120A840C1B20A4809F06AFA35B1012DC5
:103CC00003D1E08B40F00800E08370BDE08B40F052
:103CD0000200F9E79801002038B1002040BC002024
:103CE000046F002010B500F500500123B0F8262124
:103CF0008B401A43A0F826210846FFF793FF10BD1A
:103D000000BF704700BF704700BF704730B51F4904
:103D100000F580520C88B2F8183F641CA4B20C80E5
:103D2000022C32D100240C8090ED020A00EB4304F7
:103D300004F58054BDEEC00A10EE101AA4F8181B4A
:103D400000F5005191F82641E4071AD0B2F81C4F53
:103D5000651CA2F81C5F802C13D3B1F8264124F017
:103D60000104A1F82641B1F8244124F00104A1F88E
:103D70002441074CC463B1F8280140F00100A1F8C8
:103D800028015B1CD8B2A2F8180F30BD000000203B
:103D9000D93D020870B50F490022C1631346951E34
:103DA00000F5005100EB420404F58054A4F8183FDC
:103DB000A4F81C3FB1F8246105FA02F42640A1F8EA
:103DC0002461B1F82861521C2640A1F82861022A1A
:103DD000E8DB70BDD93D020800BF70472DE9F04116
:103DE00000F50055044695F828010026012710F03B
:103DF000010F2BD004F580510022B1F8180FA1F863
:103E0000182FA1F81C2F114604EB462202EB4003A9
:103E100004EB410C03F580530CF5805C401CB3F8B7
:103E2000183B491CACF8223FC0B2FF29EEDD4FF42D
:103E3000017204F5F951304600F00CF8B5F828018C
:103E4000B740B843A5F828010148E063BDE8F08118
:103E50000D3D0208084810B5D0F8DC0200F0020061
:103E6000401C07D0054805F003FDBDE8104003489D
:103E700005F07BBD10BD000038B90020982C002053
:103E80002DE9F04FFF482DED088BADF5137DFE4D6C
:103E9000869005F5C0508790FC48DFF8F483B6EEB5
:103EA000009A9FEDFC8ADFEDFC8ADFEDFC9A8A9098
:103EB00005F5DA604FF0010ADFF8E493F94E05F5F5
:103EC000805B929044E200BFFEF74EFE0CF036FCA1
:103ED000F54FC7F8E802849C2078892873D04ADC23
:103EE000302871D022DC13286FD010DC0428E9D0F0
:103EF00006DC01286AD0022869D00328E2D1E8E074
:103F00000528DFD0112874D01228DBD15DE12028EC
:103F100070D004DC14286ED01528D3D199E1212863
:103F20006AD0222869D02328CCD14CE250287BD0FB
:103F300010DC402879D006DC312877D0322876D0C2
:103F40003328BFD1B3E2412872D0422871D0432830
:103F5000B8D114E380286DD006DC51286BD06028DE
:103F60006AD06128AED129E3812866D0822865D045
:103F70008428A7D198E39D287AD017DCA0F18A0085
:103F800012289FD2DFE810F0DA03E40106043F04B0
:103F9000E401F00479057C057E058205AB05B805D2
:103FA000C005EA05F305FC05E401FF05AE287DD058
:103FB00015DCA1287BD00BDC9E2879D09F2896D0D9
:103FC000A0289BD1FEE373E33AE20EE11DE050E04E
:103FD000AB286ED0AC286DD0AD288FD1F3E3F1289B
:103FE00069D00BDCBA2867D0BB2866D0F02885D111
:103FF000EAE3A4E069E109E186E1AAE1F2287DD0E3
:10400000F3287CD0F42888D1FCE34FF40072A74950
:104010006846FCF707FC94F8913069468DF89030BB
:1040200091204FF488720AE0AEE25EE21AE222E2E8
:1040300068E276E2C8E2B0E2B4E2E0E2F7E2231836
:104040005B780B54401C9042EDDB084601F071FF99
:10405000002887D14FF4007269469448FCF7E2FBD0
:10406000934A92498848FFF72DFA09F0A7FC17E216
:10407000FDE34FF400726846611C01F061FF684681
:1040800001F019FF00289CD18A48809088488290CE
:104090008098CDF80CD20021416180984FF40074D3
:1040A0008161809880218160809807E0FEE3FEE3D3
:1040B000FEE3FEE3FEE3FEE3FEE3FEE30CF018F8AE
:1040C00028B9DDE98221234680980CF07BF8002195
:1040D00028E04FF400726846611C01F031FF684629
:1040E00001F0E9FE00288ED1724880908A98CDF8C0
:1040F0000CD24FF400740021829001E0FEE3FEE355
:104100008098416180988161809880218160809849
:104110000BF0EEFF28B9DDE98221234680980CF0F0
:1041200051F801215848FFF7CFFB09F047FC00BFC9
:10413000D7F8DC0240F00800C7F8DC02C2E660787D
:1041400000F00F00042805D8607800F00F015748F0
:10415000C0F8A4105548D0F8A41029B9DBF8A81A63
:1041600041F40062CBF8A82AD0F8A41002290BD1A0
:10417000DBF8A81A41F40062CBF8A82ADBF8E41AAD
:1041800041F40062CBF8E42AD0F8A41004290BD142
:10419000DBF8A81A41F40062CBF8A82ADBF8E41A8D
:1041A00041F40062CBF8E42AD0F8A4000328C5D17A
:1041B000DBF8A80A40F40061CBF8A81ADBF8E40A9F
:1041C00040F40061CBF8E41A7CE6012103AA002048
:1041D000849B5B5C1354491C401CC9B20428F7DB68
:1041E00032480399C0F814116CE6012103AA00209B
:1041F000849B5B5C1354491C401CC9B20228F7DB4A
:104200002A48BDF80C10C0F820119DE06378022107
:10421000022B93D26A460020849C645C1454491C8F
:10422000401CC9B20428F7DB13B1012B86D106E08C
:1042300087989DED000A80EDA50A1F4806E0879843
:104240009DED000A80EDB40A1B483C3008F0FEF9F1
:1042500038E66278022AB7D202A90020849B034480
:104260009B780B54401C0428F8DBC2EB021005EBD2
:1042700080019DED020A01F5C05080EDA60AD0ED47
:10428000A70A1BE0982C0020E005002038B700208A
:10429000A4A10020000000006666663FCDCCCC3DA6
:1042A00098010020049F002038B9002038B1002078
:1042B00038B50020142F01206020002020EE200AB5
:1042C00080EDA50A01F5D450C0E714216846FCF73B
:1042D00005FB1422611C684601F032FEFE4800997D
:1042E000CBF8841AC0F8D8100199CBF8881AC0F816
:1042F000E8100299CBF88C1AC0F8B8100399CBF8E3
:10430000901A40F8A81F1DE014216846FCF7E6FA51
:104310001422611C684601F013FEEF480099CBF8A7
:10432000C01AC0F8DC100199CBF8C41AC0F8EC1020
:104330000299CBF8C81AC0F8BC100399CBF8CC1A74
:1043400040F8AC1F04990162E349E44808F034FCEA
:104350001FE21C218BA8FCF7C1FA889F012F29D9E5
:104360007F1E1C2F00D91C273A46611C8BA801F028
:10437000E7FD4FF400742246D9496846FCF752FA2B
:104380008B9823908C9821908D9820908E988DF802
:1043900000008F988DF8010090988DF802001C2F76
:1043A00002D391988DF80300684601F084FD00283F
:1043B000CED101E00027D7E722466946C848FCF77E
:1043C00031FA002138E01C218BA8FCF787FA889F7E
:1043D000012F29D97F1E1C2F00D91C273A46611CAA
:1043E0008BA801F0ADFD4FF40074224668468A990F
:1043F000FCF718FA8B9823908C9821908D98209038
:104400008E988DF800008F988DF8010090988DF8A7
:1044100002001C2F02D391988DF80300684601F02A
:104420004AFD002894D101E00027D7E722466946DB
:104430008A98FCF7F7F90121AA48FFF7CBF8A8E121
:10444000B6F8980201280AD10322A749A34808F028
:1044500062FE20B10121A04807F0CEFE99E106F0EE
:1044600015FF96E106F05CFFA0A00522D0E9001040
:10447000CDE9001031E30020ADF8000002226846CB
:10448000611C01F05DFDBDF8003044F62060834200
:1044900000DD03464FF0FF320021964818F078FF08
:1044A000D7F8E00240F04000C7F8E00240E6002004
:1044B0000090019002900C226846611C01F040FDC2
:1044C000009944F62060814200D8084682498862FB
:1044D0000198102800D91020C8628748029A8242A9
:1044E00000D8104608638B6AD4E7D7F8DC0240F0A6
:1044F0000200C7F8DC028148016841F00041016018
:104500007FA006E0D7F8DC0220F00200C7F8DC024A
:104510007CA00322006800906946704808F0FBFD0B
:1045200037E160780006607800F07F000FD4402803
:1045300085D2EFF3108772B661786748C0F818111A
:10454000002189F80F100121A0F5AA700DE01028B4
:1045500084D2EFF3108772B661785F48C0F8181103
:10456000002189F80F100121883806F014F85A4804
:10457000CC3805F0E7FF002FD2D162B609E16178AF
:104580005848FFF723FA04E15F4801680906FCD5A3
:104590005149D1F81C114160FBE0D7F8E00240F02E
:1045A00002002EE36478E00702D00020FFF73AFB18
:1045B000A007B5D50120FFF735FBEAE06178A278C6
:1045C0004C4809F0A3F8E4E04C48016841F0004190
:1045D00001604D4801680906FCD54CA00122006825
:1045E00000906946869800F041FE869805F0BDF976
:1045F000B8F8001041F00801A8F80010C9E03F48E1
:10460000016841F0004101603F4908680006FCD59F
:10461000354814300FC88DE80F003D480068016828
:10462000CDF80110806ACDF805000D2255E233481F
:10463000016841F000410160B8F8001040464907A8
:104640002DD590ED020AD0ED010A90ED031A30EE5F
:10465000600AD0ED060AC08CADF81400AD208DF8CC
:10466000000082208DF8010010EE100A8DF802A0E3
:10467000CDF8030010EE900A6946CDF8070011EE60
:10468000100ACDF80B00BDF81400ADF80F00DA20C9
:104690008DF811008DF8120013221E48BFE3D7F8E1
:1046A000E00240F00100ACE2E07805F037FE70E097
:1046B000194809F0B5FAA8F800A089ED098A89ED32
:1046C0000A8A89ED0B8AD7F8E00240F00100C7F8AA
:1046D000E002124824E0000038B10020046F0020FE
:1046E00038B50020E005002000E803085A5A31A53B
:1046F000A500000038B9002000710200180802402F
:104700003C403E003C413E00001001408000000063
:104710000C2B0120982C0020A4A10020985C0020E4
:10472000B0F8981221F0800141F04001A0F89812F1
:10473000B6F898020128BAD1F7A0EAE6042205A843
:10474000611C01F0FDFB849914226846491D01F0AB
:10475000F7FBB8F80000474604280DD000240022DB
:1047600005A9EE480DF0F2FD00226946EB4807F07E
:10477000E9FB002C9BD101E00124F0E789ED098AD7
:1047800089ED0A8A89ED0B8AE54809F049FAA7F80C
:1047900000A0C0E308220DA8611C01F0D1FB8499A0
:1047A00008220FA8093101F0CBFB0DA90FA809F0D1
:1047B00003FCDC4880ED030A90ED030AD84809F0B9
:1047C00049FA02E016E28EE22CE3002208A9D3485F
:1047D0000DF040FC002207A9D0480DF019FC3C2048
:1047E0008DF800008A208DF801000798CDF80200AE
:1047F000142208A90DF10600FBF78DFF3E208DF86D
:104800001A0088E3F2E3082209A8611C01F098FB72
:10481000849908220BA8093101F092FB849908229F
:104820000DA8113101F08CFBBC4F0024224604A9D5
:1048300038460DF00FFC22460FA938460DF0E8FB74
:104840009DF811009DF81210C0EB001001EB8000E4
:104850000290059942F20F70401A039009A90BA823
:1048600009F0AAFBB0EE40BA02A90DA800E099E158
:1048700009F0A2FBB0EE40AAF0EE4B0A09A930EE17
:104880008A0A02A860EE09BA09F096FBF0EE40AA87
:104890000BA90DA809F090FB7AEEC0AAF5EEC0AA0C
:1048A000F1EE10FA25DD1AEE900A07E038E2ABE1EE
:1048B00098E1D0E1E6E1F0E24EE279E29A498842FD
:1048C00017DAB0EE6B0A964809F0C4F999ED090AB7
:1048D0004846B5EEC00AF1EE10FA04D9F4EEC0AACB
:1048E000F1EE10FA05D2C0ED09AA80ED0ABA89ED01
:1048F0000BAAF5EEC0AAF1EE10FA01E019E376E397
:1049000024DDD8ED040A2AEE890A4046F5EEC00AF5
:10491000F1EE10FA06D9D0ED040AF4EEC00AF1EE79
:1049200010FA01DD80ED040A90ED030AB5EEC00A2D
:10493000F1EE10FA90ED040A06D9D0ED030AF4EE78
:10494000C00AF1EE10FA02DD80ED030AE3E2D0EDD9
:10495000030A9FED761A60EE810A9FED751A40EE0C
:10496000010AC0ED030AD6E2002005900422611C72
:1049700005A801F0E5FA0598C7F8F802674C00228F
:10498000694620460DF066FB002208A920460DF07E
:104990003FFB9DF801009DF80210C0EB001001EBF9
:1049A0008000019A42F20F71891A0A22B1FBF2F1DA
:1049B00000EB4002C2EBC01001EBC001C1F31300D9
:1049C0000090059C200D02900098C7F8FC02AD20D5
:1049D0008DF80C008F208DF80D00CDF80E10DA2028
:1049E0008DF812008DF81300082203A9514800F039
:1049F0003DFC869804F0B9FF02982044C0F31301EF
:104A00000098401AB0F5002F02DDA0F5801004E0F8
:104A100010F5002F01DA00F5801000EE100AF8EE14
:104A2000C00A9FED451AB9F81C004C4680EE810A79
:104A300000283C481CD0D0ED040A60EEA80A40EEE5
:104A4000290AC0ED040A3748D0ED040A70EE600A66
:104A500090ED050A20EE280A60EEA00A00EEA90AF1
:104A600080ED050A09F084FAA08B401CA08352E275
:104A700080ED040A80ED058AE5E7FEF7FBF84AE2DF
:104A8000002000E00120FEF7C3F844E22B48016853
:104A900041F00041016060780228E8D2AD218DF834
:104AA000001093218DF801108DF80200C0EB00106A
:104AB00005EB8000A0F26C5000F500500168CDF8C5
:104AC00003104168CDF807108068CDF80B00DA209C
:104AD0008DF80F008DF81000112269469EE188992B
:104AE0000020032903D36178A07841EA0020A9F8C7
:104AF0001A0089F80DA00EE2607800B9012089F84B
:104B00000B0089F80AA006E200200190889802288C
:104B100016D3647815E000003C893E000C2B012080
:104B2000A4A10020180200200000404052B87E3F9F
:104B30000AD7A33B982C002000007A4418080240B2
:104B4000FF24062805D38499042201A8891C01F0BA
:104B5000F7F920460199FCF761FEDCE1889802280C
:104B600001D3607800E0FF20FCF78EFED3E1889847
:104B7000022801D3607800E00020FCF721FECAE1A2
:104B8000FDF784FDC7E18898022804D36078FF28E8
:104B900001D0607803E00020FDF73DFD0120FDF726
:104BA0003AFDB8E1FE49086840F000400860AD20D9
:104BB0008DF800009D208DF80100FA48018BADF8BA
:104BC0000C10408BADF8080088B2ADF80200BDF8BB
:104BD0000800ADF80400DA208DF806008DF8070013
:104BE00008227AE7607810B106F0FAFC93E106F04B
:104BF0001DFD90E160780A2885D1D7F8E00240F0E9
:104C00000400C7F8E00286E164781CB1012C01D0F1
:104C1000022C67D1B6F89802012817D1012C02D0D6
:104C2000022C02D012E0022000E00120DEA10422CA
:104C3000096801918DF8060001A9DC4808F06BFABB
:104C4000DA4804F059FF02200BF002FB204607F07F
:104C5000BFFCA12079E06078BA2843D1B6F8980269
:104C600001280DD1D2A00422006800906946CF48E7
:104C700008F051FACD4804F03FFF02200BF0E8FAAB
:104C8000AB2062E06078CA282CD1B6F898020128DF
:104C90000DD1C8A00422006800906946C34808F0FE
:104CA0003AFAC24804F028FF02200BF0D1FAC249B8
:104CB000AC20486001200BF0CBFAB94C206840F0E2
:104CC0008040206014200BF0C3FABCA1BE4813F052
:104CD0000FF864200BF0BCFA206840F4804020609C
:104CE000FCF77CF817E16078DA287DD1142168465A
:104CF000FBF7F4FD684614F071FEB4A002220068D0
:104D00000590B3A005A900680690869800F0AEFA59
:104D100012226946869800F0A9FA022206A97DE0CF
:104D2000B6F8980201280DD1AAA0032200680090CD
:104D300069469E4808F0EFF99C4804F0DDFE022029
:104D40000BF086FAFEF7A4F8AE209B4948600120DC
:104D50000BF07EFA16F08EF99F48B0F8500010F074
:104D6000050F41D000270422611C8BA88B9701F00E
:104D7000E7F8AD208DF80400BA208DF805008B9877
:104D800001ACCDF80600A11D0FF066FA8CAA4FF415
:104D90000071A01D8C9709F0F5FEADF80A02DA202B
:104DA0008DF80C028DF80D0240F20A2201A935E0BF
:104DB0008948B0F8500010F0050F15D084990024F0
:104DC0000422829482A8491C01F0BAF884994FF415
:104DD00000773A466846491D01F0B2F8ADF8004246
:104DE000022280A8849900E056E001F2052101F03A
:104DF000A7F883AA39466846839409F0C3FEBDF834
:104E00000012884203D16946829810F015FD73A004
:104E10008BAB07C883E8070009228BA9869800F0AE
:104E200025FA75E06A464FF40171869800F092FA0F
:104E300090BB0098AD2100F8011BF02100F8011B88
:104E400000242746CDF80000ADF8087084980222AF
:104E500000EB440102A8491C01F072F8BDF90800FA
:104E600000EE100A9298B8EEC00A09F0A3FEBDEE5B
:104E7000C00A0098641C10EE101A00F8011B090A01
:104E800000F8011B0090FF2CDEDDDA2100F8011B89
:104E900000F8011B009038E03DE002AA4FF40171D8
:104EA000869800F057FAB0BB0298AD2100F8011BBC
:104EB000F12100F8011B0024274602908498ADF8E8
:104EC0000C7000EB4401022203A8491C01F038F8E1
:104ED000BDF90C0000EE100A9298B8EEC00A09F075
:104EE00069FEBDEEC00A0298641C10EE101A00F8AC
:104EF000011B090A00F8011B0290FF2CDEDDDA21FC
:104F000000F8011B00F8011B0290869800F0C3F91D
:104F1000869804F02AFD88AA84A9869804F099FB53
:104F200000283EF4D1AF0DF5137DBDEC088BBDE834
:104F3000F08F6A464FF40171869800F00BFA002852
:104F4000E9D10098AD2100F8011BF22100F8011B06
:104F50000090002424482746CDF80C00ADF80870D6
:104F60008498022200EB440102A8491C00F0E8FFEB
:104F7000BDF9080000EE100A0398B8EEC00A09F067
:104F800019FEBDEEC00A0098641C10EE101A00F85D
:104F9000011B090A00F8011B0090FF2CDEDD74E7FD
:104FA00018080240A4C200203CA1003E046F00206B
:104FB0003CABBA3E3CACCA3E001001403C504556AA
:104FC000454E3E0000000000842E0120ADDA0000B6
:104FD000DADA00003CAE3E0010290020ADBB000034
:104FE000000000DADA000000F80F002038E002AA22
:104FF0004FF40171869800F0ADF900288BD102982A
:10500000AD2100F8011BF32100F8011B02900024E0
:105010002F482746CDF800008498ADF80C7000EBBF
:105020004401022203A8491C00F08AFFBDF90C00CC
:1050300000EE100A0098B8EEC00AB0EEC00A09F0FF
:10504000B9FDBDEEC00A0298641C10EE101A00F8FB
:10505000011B090A00F8011B0290FF2CDCDD4EE762
:1050600002AA4FF40171869800F074F90028C5D1A6
:105070000298AD2100F8011BF42100F8011B0290F9
:1050800000241448274600908498ADF80C7000EB7B
:105090004401022203A8491C00F052FFBDF90C0094
:1050A00000EE100A0098B8EEC00AB0EEC00A09F08F
:1050B00081FDBDEEC00A0298641C10EE101A00F8C3
:1050C000011B090A00F8011B0290FF2CDCDD16E72A
:1050D000D0190020181D002070B500F58053D3F8BA
:1050E0000C499CB3D3F8086900EB860505F580559B
:1050F000D5F84C4800EB460000F58050B0F8346815
:1051000011B1D5F804580D6002B11460D3F8081934
:10511000491C0C29D3F8081901D2491C00E00B39AD
:10512000C3F80819D3F80C19491EC3F80C19B3F8C1
:105130007C182144A3F87C18B3F87C183144A3F8F8
:105140007C180021A0F83418084670BDFFE74FF026
:10515000FF30FAE730B500F58053D3F80C29A2B33D
:1051600093F8FC280024C2B9D3F8082900EB820286
:1051700002F58052D2F80428C3F8F028D3F80829A1
:1051800000EB820202F58052D2F84C28C3F8F828CE
:10519000C3F8F448012283F8FC28D3F8F428D3F8A4
:1051A000F0581544521CC3F8F4282A780A70D3F832
:1051B000F418D3F8F828914205D383F8FC4800226C
:1051C0001146FFF789FF002030BDFFE74FF0FF30A9
:1051D000FAE700F58050D0F8F818D0F8F408081A6B
:1051E000704730B500F58053D3F80C594FF0FF34B9
:1051F0000C2D39D2B3F87C58954235DBD3F80049F1
:1052000000EB840404F58054C4F80418D3F80019A2
:1052100000EB810101F58051C1F84C28D3F8004919
:10522000002100EB440000F58050A0F83418B3F8DA
:105230007C08801AA3F87C08D3F80009401C0C28CD
:10524000D3F8000901D2401C00E00B38C3F8000974
:10525000D3F80C09401CC3F80C09D3F81009401C02
:10526000C3F81009002030BD204630BDF8B5144603
:105270000D4606466A46214600F06CF810B14FF024
:10528000FF30F8BD224629460098FBF744FA304625
:1052900000F001F8F8BDF0B500F5805191F8EC2868
:1052A0004FF0FF36BAB1D1F80C290C2A13D2D1F83D
:1052B0000049D1F8E05800EB440303F580532A1A63
:1052C000921EB3F8343892B2B1F87C78D1F8E8C8BD
:1052D0009C44674501D23046F0BD00EB840000F5E8
:1052E0008050C0F80458D1F8E848C0F84C48B1F8EC
:1052F0007C08D1F8E8482344C01AA1F87C08D1F80A
:10530000E8081044B0F5C05FD1F8E80801D3A2F571
:10531000C0521044C1F80409D1F80009401C0C28FF
:10532000D1F8000901D2401C00E00B38C1F8000997
:10533000D1F80C09401CC1F80C09D1F81009401C27
:10534000C1F81009002081F8EC08C1F8E808C1F89C
:10535000E408F0BD2DE9F04100F580549046D4F802
:10536000042986B092B2C2F5C0539DB200235E1EDE
:10537000B1F5C05F48DCD4F80C790C2F44D2A942B7
:1053800001DB2B460022B4F87C58CF18BD423BDB32
:105390000244921CC4F8E028C4F8E8180025C4F8B8
:1053A000E458012184F8EC18D4F8001900EB41010D
:1053B00001F58051A1F83438D4F80019134F00EBEF
:1053C000C1062A466946384604F50E6406F5C456F9
:1053D0000CF040FE2A4605A938460CF019FE9DF84F
:1053E00001109DF80200C1EB011100EB810030605B
:1053F000019842F20F71081A706021680020C8F805
:10540000001006B0BDE8F0813046FAE70C2B012011
:1054100000F58050D0F8E428D0F8E8389A420AD253
:10542000D0F8E428D0F8E0381344521CC0F8E4283F
:10543000197000207047D0F8E418491CC0F8E4182F
:105440004FF0FF307047A0F21C7000F500500021B3
:10545000017241600160016B491C016300207047CB
:1054600000F58050D0F8E818D0F8E408081A704722
:1054700010B500F58053D3F80C499CB1D3F8084916
:1054800000EB840404F58054D4F804480C60D3F88D
:10549000081900EB810000F58050D0F84C0810602E
:1054A000002010BD4FF0FF3010BD00F58050D0F847
:1054B0000C09704710B5044641F61811FBF70EFAB7
:1054C00004F580544FF4C050A4F87C08002010BDAF
:1054D00010B504480EF03DF9BDE81040024807F051
:1054E0009BBA0000842E0120046F002010B50446F2
:1054F00014F0FEFB2046FDF793FAFDF735FB0C4850
:1055000004F0D7FB0B48C16841F40051C160084862
:1055100004F02BFA08480068002808D0816B0029A5
:1055200005D0BDE81040054A054807F0E3BA10BDB4
:10553000982C00200010014038B9002038B100201C
:10554000046F002000BF704700BF70472DE9F04F87
:10555000534986B003AD1CC98DE81C000EC985E80F
:105560000E004E4F002634464FF0FF3EF0B3D0F809
:1055700020C0BCF1000F3CD00023EA46A9464FF002
:105580000C0B5AF82310002201EB8108C8EBC11163
:105590000BEB810859F8221041444D1CBD420AD240
:1055A0001CF801101CF8055001F07F0145EA0121AB
:1055B00006EB5116641C521C032AEBD35B1C032B15
:1055C000DFD39CB1B6FBF4F3A3F50072D117A0F8BA
:1055D000483002EB117190F84A2002EB2114314956
:1055E000026DCD699A4208D26D1C00E001E0CD61E8
:1055F00016E0704606B0BDE8F08F2A4A466D926903
:105600009E4201D9521C0AE0002D01DC002500E079
:105610006D1ECD61002A01DC002200E0521E8A616D
:105620000023FF2C03DDFF2280F84A2006E0002C37
:1056300002DA80F84A3001E080F84A40CA69202A3C
:1056400006DD90F84B2002B1521E80F84B20CB6152
:105650008A69202A07DD90F84B20032A00D0521CCB
:1056600080F84B208B6190F84D2090F84A309207DB
:10567000120E42EA032290F84B30017E03F003033E
:1056800042EA031290F84C3001F0030103F00303E7
:1056900042EA83020A4302830020ABE70C67020060
:1056A00044FC0308AC03002070B50168CA6C92F892
:1056B0005C30916D202202FA03F38B600368DB6C8F
:1056C00093F85C40082303FA04F48C600468E46CEB
:1056D00094F85C50102404FA05F58D600568ED6CB3
:1056E00095F85C60012505FA06F68E6001688E6CFF
:1056F000B16D96F85C60B2408A600268926C92F874
:105700005C2093408B600268926C92F85C2094401D
:105710008C600068806C90F85C0085408D6070BD86
:1057200010B500210171C18000F002F8002010BD09
:1057300010B504480CF0D9FE0348016841F48021FB
:10574000016010BDDC2B0120180402402DE9F0415E
:1057500006460AF0F3FF716C401A11494862304660
:1057600000F054FB304600F030FAB08B022101EB20
:1057700000144FF4F6704443CF034FF6FF780AE06D
:10578000BC4201D3404600E0204685B2294630465F
:1057900013F0D4FF641B002CF2D10020BDE8F0818F
:1057A000AC0300202DE9F04186B004460E46808A05
:1057B000009001A9012000274FF0030881E8810132
:1057C0006946E0680AF0BAFEA18A0022E0680AF0A1
:1057D000B0FF01200AF03CFD002518E0A18A01225B
:1057E000E0680AF0A6FF00BF00BF022000BF401C17
:1057F0000528FBDBA18A0022E0680AF09AFF00BFBF
:1058000000BF022000BF401C0528FBDB6D1CB54219
:10581000E4D3A08A009001A9022081E8810106203A
:1058200004906946E0680AF089FE06B0BDE8F081A0
:105830002DE9FC4108AF1E461546044697E80D10B9
:10584000002727712160E060A2822361A4F816C0BE
:1058500000F042F820680068016841F040010160F2
:10586000A783E76229004FF0FF3721620BD017486A
:10587000864208D3324604F15C0017F083FA2046D2
:1058800000F0BAF830B1207940F0080020713846B5
:10589000BDE8FC8120790EA140F001002071D1E922
:1058A0000001CDE90001206A00990160BDF80410F3
:1058B00081800220E0800021204617F00DFA0121AE
:1058C000204617F009FA0020E2E70000007102000C
:1058D0004345333243000000094810B5016841F0E8
:1058E0000401016032200AF0B3FC0648006810B1E0
:1058F00004480CF0FAFDBDE8104013F00FBD0000A5
:1059000018040240DC2B01202DE9FC470446D0F8A6
:105910002080002000900190A08340F6DF202083AB
:105920006420608301212046FFF73CFF208B9021FB
:1059300041EAD0318DF80010C0098DF80100207EB9
:10594000922140008DF80200608B4FF47A7641EA94
:10595000D0308DF80300608B3346C0098DF8040009
:10596000A07E032240008DF805006946204600F025
:1059700079FA3346032220460DF1030100F072FA52
:1059800001200AF065FC0A212046FFF70BFF0C21DD
:105990002046FFF707FF4FF4F6773A465521204699
:1059A00000F0EAF94FF0FF3528B97A00552120467A
:1059B00000F0E2F910B12846BDE8FC872046FFF769
:1059C000C5FEB946DFF828A000254FF4A07753465E
:1059D0004A464146204600F04AF86D1CBD42F6DBBF
:1059E00033460C220349204600F041F80020E3E74B
:1059F000A086010098C2002010B5044600F07FF890
:105A000010B14FF0FF3010BD2046FFF77DFF10B101
:105A10006FF0010010BD002084F84A00012084F8D6
:105A20004B00022084F84C0084F84D004FF4B37012
:105A3000606540F29920206598202083207F4FF4F4
:105A4000097100F00F0041EAC02060832068C26C39
:105A5000016812680C3191600168C06C0C310068FB
:105A60008160002010BD002070470020704770B595
:105A700014460D46064600F0C9F9304600F0A5F878
:105A800006E00021304614F021F805F8010B641EF1
:105A9000002CF6D170BD70B516460D46044600F0D8
:105AA000B5F9204600F091F8A6622046A563BDE84E
:105AB000704013F0D5BE000010B504460AF03EFE5B
:105AC000616C401A08498862204600F09FF9204620
:105AD00000F07BF8054A42F210732046216AFFF776
:105AE000DAFF002010BD0000AC0300200C670200AC
:105AF00010B500F0B7F8FFF725FD002010BDF0B598
:105B000087B00446C08A029002200025CDE9030533
:105B1000032005900620069002A920690AF00EFDD8
:105B200000950195A58340F6DF20208366206083E1
:105B300001212046FFF736FE208B902141EAD0312B
:105B40008DF80010C0098DF80100207E92214000E0
:105B50008DF80200608B6F4641EAD0308DF803006B
:105B6000608B4FF47A76C0098DF80400A07E400067
:105B70008DF8050001212046FFF714FE334603226D
:105B80006946204600F06EF933460322F91C204690
:105B900000F068F96D1CFF2DECDD01200AF058FBC8
:105BA00007B00020F0BD10B5816A59B901680968D5
:105BB0004968C90703D0FFF777FD002010BD032116
:105BC00017F08AF84FF0FF3010BD08B500680021CB
:105BD00002689160006802E0017B8DF80010816826
:105BE000C943C907F8D008BD7CB504460AF0A6FD34
:105BF00005460AF0A9FD4FF47A7110FB01F0616CC3
:105C00006564691AB0FBF1F0A06500200090019076
:105C1000608B902120F002006083208B41EAD0311C
:105C20008DF80010C0098DF80100207E92214000FF
:105C30008DF80200608B41EAD0308DF80300608B54
:105C4000C0098DF80400A07E40008DF80500FFF724
:105C50007BFC4FF47A7306226946204600F002F975
:105C600000207CBD10B50279046822F004020271A4
:105C7000226842F21071536823F003035360E26C10
:105C80001268136823F001031360A26C1268136892
:105C900023F0010313600268126800E000BF9368FC
:105CA0009B0701D4491EF9D221680A6822F04002FC
:105CB0000A60E16C09680A6822F484720A60A16CC7
:105CC00009680A6822F48C720A60FFF7EDFC20680C
:105CD000016841F04001016010BD00002DE9F0476E
:105CE00082460AF02BFDDAF84410DFF88880411A6A
:105CF000C8F82010504600F089F85046FFF765FFBD
:105D0000002540F2D7392E462C462F46002150461A
:105D100013F0DCFE7F1C26B1B0420DD0002600251A
:105D2000F4E7552805D0AA2801D00446F7E7AA26AB
:105D300000E055260125E9E76D1C4D45E6D3AA2173
:105D4000FF20D8F810504646002200BF04EA0003A6
:105D50008B4205D049084008521C6D1C082AF5DD0D
:105D600029465046FFF71EFDF76235630020BDE867
:105D7000F0870000AC0300202DE9F047144682466E
:105D800000F044F85046FFF720FF0025A4F1010879
:105D90002E462C462F464CF250391DE0002150462D
:105DA00013F094FE26B1B0420DD0002600250BE082
:105DB000552805D0AA2801D00446F7E7AA2600E016
:105DC0005526012500E06D1C38467F1C484503D947
:105DD0004FF0FF30BDE8F0874545DFD30A49AA22DE
:105DE000FF2049695FF0000304EA0005954205D0F1
:105DF00052084008491C5B1C082BF5DD5046FFF794
:105E0000D1FC0020E6E70000AC03002000B50179DA
:105E100085B08A070CD521F002010171C18A009179
:105E20000021019102210291006969460AF086FB76
:105E300005B000BD00B5017985B08A0710D441F0E6
:105E400002010171C18A0091022101910021029198
:105E50000321039106210491006969460AF06EFB53
:105E600005B000BD2DE9F04114460D460746066811
:105E7000FFF7E0FF3846FFF7A8FE05E0297838462F
:105E800013F024FE641E6D1C002CF7D1306881686D
:105E9000C943890701D500BFF9E7BDE8F08110B516
:105EA000B0F90610022902D00222C28089B216F08F
:105EB00013FF002010BD4FF0FF3278B30021435C88
:105EC000FF2B02D0435C402B31D2491C8029F6DBEA
:105ED000D0F8801002292AD8D0F88C10F1B1D0F86F
:105EE0008C10B1F5007F22D8D0F884100A291ED278
:105EF000D0F888100A291AD2D0F8801021B10129CF
:105F000004D0022913D10AE0007803E00178FF29C8
:105F10000DD04078FF280AD00020704707E00178B4
:105F2000FF2904D04178FF2901D08078F2E710469C
:105F3000F3E708B1002070474FF0FF3070470000D2
:105F400004E000BF11F8013B00F8013B521EF9D2FA
:105F50007047B0F80402084201D0002070474FF0AB
:105F6000FF30704770B586B001F014FD5E4C206ABA
:105F70000CF06AFE60690CF067FEE0690CF064FEEC
:105F8000A0690CF061FE606A0CF05EFEA06A0CF085
:105F90005BFE206A0CF0B4FE60690CF0B1FEE069B3
:105FA0000CF0AEFEA0690CF0ABFE606A0CF0A8FE2F
:105FB000A06A0CF0A5FE4D480AF0D4FD01210802AC
:105FC0004B4B4200CDE90201CDE90023494A474944
:105FD000494802F0F1FF10B9474803F02DFA434851
:105FE0000AF007FC41480BF0A3F84448FFF798FB80
:105FF00043480CF07AFA42480CF0ECFA41480CF0B5
:1060000074FA40480CF0E6FA3F480CF06EFA3E484D
:106010000CF0E0FA3D4C0022082120460AF089FBF2
:106020003B480CF062FA3A480CF0D4FA0022042102
:1060300020460AF07EFB14216846FAF74FFC082040
:106040000326CDE9000600256946029520460AF0A0
:1060500075FA14216846FAF741FC0420CDE90006E0
:106060006946029520460AF069FA2A480DF071FB4C
:1060700028480DF0BBFB28480DF06BFB26480DF0BF
:10608000B5FB264809F022FE244809F067FE1421DA
:106090006846FAF723FCF002CDE90006694602954E
:1060A00020460AF04BFAA06940F40040A061A069C4
:1060B00040F08070A0610E481830016841F08051B6
:1060C0000160016841F4802101601548016821F0F8
:1060D000010101601348A0F858511348016841F0CC
:1060E0000051016006B070BDD0A50020B82A012083
:1060F00000040240742F0120B8C10020A4C2002077
:10610000842B0120DC2B0120342C012000000240D4
:106110002C2B01203C2E0120CC2E0120702A0120A6
:1061200044020020102900201808024010B586B053
:1061300001F030FC14216846FAF7D0FB04200090EF
:1061400001200190029003200E4C039069462046E6
:106150000AF0F4F913F0BEFD13F0F0FD13F0C2FEE7
:1061600013F0FAFD07F02AF8A06940F48070A061EE
:1061700064200AF06DF80448016841F48051016020
:1061800006B010BD000002401804024010B54FF4E4
:10619000807106480BF0E2FE054900204871054871
:1061A000016841F40051016010BD00000C2B01207A
:1061B00098010020180802404FF4007101480BF0CC
:1061C000CDBE00000C2B01202DE9F0432F48A1B0DB
:1061D000808B002856D02E4FB868002852D101205D
:1061E000B8602C4EB06A840906F5AA7090F8401188
:1061F00019B190F84001042800D20420254DE94649
:10620000083584423AD9044638E0F369B06A402838
:1062100036D320494FF040088A68C8694030904220
:1062200003D3B0FBF2FC0CFB1200C86105F12000A7
:1062300050E8001FA1EB080140E80012002AF7D146
:10624000B06B4946C21813484430806B03440020A9
:1062500032F810C021F810C0401C2028F8DB0020C4
:1062600001EB400C33F81020401C5200ACF84020E9
:106270002028F5DB69460548FDF756FA641EC4D2AE
:106280000020B86021B0BDE8F0830000E0050020E8
:1062900018020020E4AF00200248006800F001006E
:1062A00070470000F0ED00E000B50D498BB0012013
:1062B000487101028DF82000800707904FF0803070
:1062C00005904FF070600690002009918DF8030052
:1062D00002460190694603480BF068FF0BB000BD11
:1062E000980100200C2B012030B58FB005461421F9
:1062F0006846FAF7F3FA282105A8FAF7EFFA00241E
:106300004FF000400894CDE9094001208DF8340099
:106310000B940C942246694617480BF09BFE9DF89F
:1063200001002844C0B28DF801003C2807D33C3856
:106330008DF801009DF80000401C8DF800009DF8CC
:106340000000182801D38DF800409DF800008DF85A
:1063500014009DF801008DF815009DF802008DF8DD
:1063600016004FF400700E90002205A902480BF0B1
:106370001DFF0FB030BD00000C2B01202DE9FF41A7
:106380002B4C606BC4F8B401206881B204F5006046
:1063900008F07EFB03F0E2FF04F69800054610F0DB
:1063A000A3F8A4F668304023416900F614208268FF
:1063B000CDE90021CDE9025300F14401826B8B6BE2
:1063C0001C491D480FF0ACFF22680020CDE90000F9
:1063D00004F500630146D3F804308C2700EBC004B9
:1063E00007EB8404DDE900561C59651941EB0604EE
:1063F000CDE90054401C0428F0DB104BE81A74F17E
:10640000000001D2012100E0002144F62060824218
:1064100000D300210A4800F011FC0A4A04490A4846
:10642000FDF750F804B00848BDE8F041FDF7DABBCD
:1064300038B10020342C0120842B0120C0C62D004F
:106440001029002038B50020E00500202DE9F04398
:106450005948DFF86091C3B00168B0F808808EB287
:1064600000F50067D7F8E00280077CD55348B0F804
:106470005801012877D044F6206340220021384695
:1064800016F086FF022013F07BFE07F0D1FE04F029
:1064900039FEFFF773FF4FF4FA7009F0D9FEFCF7ED
:1064A00063FB07F10805284610F0E0FB284610F0D2
:1064B00025F8842242496846FAF7B4F900206A4672
:1064C00005EB800191ED440ABCEEC00A10EE101AF3
:1064D000ADF8841002EB4001BDF88430401C4B80C5
:1064E0004028EDDB842269464846FEF7BFFE484659
:1064F00003F03BFA3249842284316846FAF792F974
:106500000020694605EB4002B2F81022ADF8842065
:1065100001EB4002BDF88430401C53804028F1DB81
:10652000842269464846FEF7A1FE484603F01DFA5C
:1065300000242BE0802122A8FAF7D0F9A1B222AAE8
:10654000284610F0F3FB88221E496846FAF76AF9DC
:10655000ADF80240002022AA4FEA0D0132F81030B7
:10656000ADF8083100E022E001EB4003BDF808C1BE
:10657000401CA3F804C04028F0DB86226946484648
:10658000FEF774FE484603F0F0F9641C2878A04238
:10659000D0DC00F0B1FD3346424600210A4816F037
:1065A000F7FED7F8E00220F00200C7F8E00243B09F
:1065B000BDE8F083982C002038B10020102900207D
:1065C00038E8030840E9030838B9002004480168A6
:1065D00041F4C0610160BFF34F8FBFF36F8F70470D
:1065E000003C02402DE9F05F5FEA03080A9D9246F5
:1065F0000F46064639D0002D37D0022E35D2002462
:106600002DE01B4800EB4620005DFF282DD0042C18
:1066100001D3002829D08346B8F1000F1ED0EDB178
:10662000B9F1080F1AD25946D34517D20A460120AC
:106630000021F9F756FFD8E9002302400B401A4326
:106640000CD1DFF830C00CF809B02A68521C2A605F
:10665000D8E9002302430B43C8E90023641CBC4271
:1066600003D2286881460828CBD3BDE8F09F0000FC
:1066700038B500205002002070B50C46050021D02E
:106680004FF40071FAF72AF9FF2280212846FAF721
:10669000FBF82C70601C4028204600D2401C68701B
:1066A000A01C402800D2A41CAC70FF2005F8030FEA
:1066B0000020C5F87D00C5F88100C5F885000120DF
:1066C000C5F8890070BD000010B50446807C90B10B
:1066D0000D480068A8B9B4F85C00411CA4F85C102F
:1066E0000A280ED90321204616F0EAFB0221204693
:1066F00016F0E6FB05E094F86E0010B90220A4F84D
:106700005801002010BD00005C64024070B51C46BA
:106710001546062902D94FF0FF3070BD01EBC101CB
:1067200000EB8100002322462946703016F093FECC
:10673000002070BD38B51C46049B1546062902D9B9
:106740004FF0FF3038BD01EBC101002200EB8100AA
:10675000009222462946703016F08EFE002038BD89
:106760002DE9F0410446807C00285DD1206FDC21BA
:106770000A59036A86680121474D0027B3420AD3AC
:106780006B784BB9006AB0F5801F00D3434868604E
:106790002970697000E06F70414E307818B1B4F81C
:1067A0004000C00438D0E07CA8B3B4F9600000EB2E
:1067B000C00004EB8000006F006AB0F5806F38D233
:1067C00000204FF4007200BF00EBC00304EB830114
:1067D000D1F8841091422CD2401C0628F4DBB4F886
:1067E000540008B3002006464FEA000101EBC10344
:1067F00004EB8302D2F88C2010187E41491C062934
:10680000F4DBD4F84C110A6844F620639A4217D29C
:10681000C96AA9B90FE029E00121204600F04AFF2A
:1068200018B1022000F040F832E03770E069606291
:106830002EE02F611FE01B49401A76F1000005D3BE
:10684000142609F07BFF296919B104E0002609F03C
:1068500075FF28611EB12969401AB04218D3E07C47
:1068600010B10EF029FDE7742F6111E02F61106A5D
:10687000A16D884203D3204600F0B2FE08E001215A
:1068800004F5B070FFF765FB10B9204600F00CFA74
:106890000020BDE8F081000010000020FFFF0F0085
:1068A000A601002080841E0070B5374C374D616A08
:1068B000491C61624FF4806108282BD2DFE800F0A8
:1068C0002A043B2A172A1E04314805F095FC31A101
:1068D000334803F024F8324803F047F895F86F0086
:1068E000C0B9B5F85200A8B104F01AFD12E04FF497
:1068F0008071274805F080FC2AA105E04FF4006173
:10690000234805F079FC29A1254803F008F824481C
:1069100003F02BF8606A052835DDA06A002832D123
:106920000126A6620EF0C8FC0022EA74AA7442F2A4
:106930001071214807E04FF40071154805F05CFC28
:106940001EA1E1E700BF83689B0701D4491EF9D26D
:106950001D490B6823F001030B6000E000BF0B68CA
:10696000DB07FBD1016821F040010160416821F0A3
:1069700002014160016841F0400101600248803835
:1069800006736262A26270BD180200201029002006
:1069900038B10020436172642046756C6C000000C1
:1069A000982C00204E6F20436172640053442046AF
:1069B0006F726D61740000000030014043617264C9
:1069C000204572726F7200005864024010B5038A4D
:1069D0008B420ED33F23491E91FBF3F403FB1411AA
:1069E000D0F85001042303EB8101405810600020CF
:1069F00010BD4FF0FF3010BD2DE9FC470446DDE926
:106A00000A89B0F852001D4616460F4618B14FF0DD
:106A1000FF30BDE8FC87204600F07EF8C4F85481C2
:106A20001120C4F85C7160604FF40050A060E06019
:106A3000C4E953650025E562E56125626563E564A7
:106A4000A574A56184F86E50204600F0EEFC204647
:106A500000F06CF800F040F80EB1706B08B940F22D
:106A6000E240A0870220A4F85A01C4F86053A4F8B9
:106A70006453B4F85410204600F0E0F80020CDE94B
:106A8000000000BF00EBC00104EB8101DDE9003232
:106A9000D1F88C10CB1845EB0201CDE90031401C38
:106AA0000428EFDB1020A0FB0367002202FB037227
:106AB00000FB0120810241EA9650401C4FEA403021
:106AC000A062B9F1000F04D00520A4F85000A4F88A
:106AD000585100209DE7000010B50C48FCF7A8F9BC
:106AE0000A483021A0F84811094991F89B12A0F8F2
:106AF0004A1100F58C710748C26ECA64B0F8700084
:106B0000A1F85000BDE81040FFF738BC38B10020B4
:106B1000985C0020185F0020704710B5044600F014
:106B2000D6F8204600F044FA002010BD70B50446A7
:106B300000F0A4F81120D4F84C110DF08DFB28B111
:106B40004FF40071D4F84C0105F056FBD4F84C0119
:106B500000F0A0FED4F84C113020A1F8480112201A
:106B6000D4F854110DF078FB4FF4803548B1002172
:106B7000D4F85401FFF780FD2946D4F84C0105F004
:106B80003BFB0021D4F8540100F02FFED4F854113F
:106B9000132001F500710DF05FFB58B1D4F85401DA
:106BA000202100F50070FFF767FD2946D4F84C015D
:106BB00005F022FBD4F85401202100F5007000F00C
:106BC00014FE0025258280352846D4F850110DF09A
:106BD00043FBD4F85001218A0268114421820068E5
:106BE0003F28F1D0A564D4F84C11D4F85C010DF025
:106BF00037F9D4F84C01D0F8101131B1D0F8101198
:106C0000D0F81001A0F50040E06000F005F8204643
:106C100000F00BFC002070BD16F086B810B5B0F87F
:106C2000522000210AB1A0F8521081610521A0F87C
:106C3000501000F061FA002010BD000010B50446AD
:106C400089B10120A4F85400D4F8DC00806816F063
:106C50008FFF9FED081B53EC112B17F01FF816F058
:106C600043FFA06510BD0020A4F854004FF48060DD
:106C7000F7E700009A9999999999E93F10B5074C5F
:106C8000D4F8DC02000708D5054800F02FF8D4F846
:106C9000DC0220F00800C4F8DC0210BD38B9002086
:106CA00010290020FBF7DCBD10B50446C07C18B1EC
:106CB0000EF002FB0020E07404F5B071D4F860031C
:106CC0000DF0CAFA0220A4F86403002010BD10B52C
:106CD000FCF742F904F016FABDE81040FCF710B9D1
:106CE00010B5FFF7F4FF002010BD00002DE9F041C2
:106CF000002407462646651E1120D7F84C110EF0D9
:106D00009BFD30B1022E00D12C46761CF6B2032E2C
:106D1000F2D300261220D7F854110EF08DFD30B1B9
:106D2000022E00D12C46761CF6B2032EF2D300269A
:106D3000D7F85411132001F500710EF07DFD30B12C
:106D4000022E00D12C46761CF6B2032EF0D300267C
:106D5000074920200EF070FD30B1022E00D12C46E4
:106D6000761CF6B2032EF3D32046BDE8F081000076
:106D7000A4A100207CB51A4D287800282ED01948EF
:106D8000B0F8B002C00629D5174C41F60C100059D6
:106D9000082823D268684F218DF8001000216B4627
:106DA000C1F10402920020FA02F202F00F020A2A54
:106DB00001D2303200E037325E18491C727005296A
:106DC000EEDB00268DF806601946204602F0A7FD8E
:106DD000002803D1204602F0C8FD2E707CBD0000C3
:106DE00010000020985C0020982C00202DE9FF471F
:106DF0005A48016841F000510160594D4FF00109B6
:106E0000002685F80290574C04F1140007C810F0D2
:106E100057FE5548FAF74EFA04F020F9534F206A0E
:106E2000B046A8B1006898B1C0F82480206A006814
:106E3000016921F001010161206A07F0EBF9B7F85F
:106E40009802012804D0206A0CF0B8F800B101269D
:106E5000E87938B1B7F89802012803D104F00EF8A8
:106E600000B1012604F0FAF841496269A1F6EC107C
:106E70004FF0400C8368CDF80CC00093CDE90121A0
:106E800000F14401826B8B6B3A493B480FF048FAA2
:106E900004F0D8F9E87938B1B7F89802012803D19D
:106EA00004F058FB00B1012685F8028004F11400BB
:106EB00007C810F0DFFD3148006B10B12A48FAF71F
:106EC0007DF9206A80B1016871B1B7F89812012983
:106ED0000AD107F09FF9618E206A0CF033FB00B1F4
:106EE0000126206A07F096F9E879A8B9244900221A
:106EF0000C4624480BF0AEF82149002214312148F9
:106F00000BF086F8204800F51861096C41631422E3
:106F100021463830F9F786FC15499839C1F8F482D2
:106F2000C5F8748085F8109007F0A6FB1748FCF7A9
:106F300059FE04F019F83EB10121104805F05CF942
:106F400013A1174802F0EBFC16A1154802F0E7FC6C
:106F500004B01348BDE8F04702F007BD180802402E
:106F600098010020D0A5002030C20020049F0020FE
:106F7000D0B90020342C0120842B012038B100200E
:106F8000FCBB00200C2B012050B20020E0050020AB
:106F900053594E432054494D2045525200000000A1
:106FA000982C0020526563205374617274000000B5
:106FB0002DE9F0410446B0F85200ADF5007D0128FE
:106FC0002FD0002202EBC20004EB8000703016F0DC
:106FD0005FFA521C062AF5DBFFF764FE208A4FF0A9
:106FE0003F08401E414690FBF1F790FBF8F3D4F8C0
:106FF000505108FB130104D2A0682064E06860646B
:107000000CE005EB810250682064D2F80021626434
:1070100041F6FF7210446FF30C002064002631B17A
:1070200012E04FF0FF300DF5007DBDE8F0812E60DD
:10703000206C6860606CC5F80001A06C294638447B
:107040000EF0FAFB0028F8D1E664208A4146401C85
:1070500080B22082401E90FBF1F790FBF8F208FB13
:107060001200411C29603F2807D17F1CA06C694693
:1070700038440EF0E1FB0028F8D1D4F84C0100F5BB
:10708000A871081F04F028F878B9D4F84C11002230
:10709000184801F5A8710AF0DDFFD4F84C11002260
:1070A000144801F5A6710AF0B3FFD4F84C11206C16
:1070B0000EF0C2FB0028F8D1206CD4F85411401C0B
:1070C0000EF0BAFB0028F7D1206CD4F85411801CC4
:1070D00001F500710EF0B0FB0028F5D154F8400F17
:1070E00000F500502060012060822682FFF77EFEBE
:1070F000002098E70C2B0120F8B5274D05F114006E
:1071000007C810F0DDFC2548FAF7D4F8244C286AAB
:1071100058B1016849B1B4F89812012902D1698EB9
:107120000CF074FA286A0BF0C5FF1E4F00263E745F
:10713000B4F8980201280AD11BA00322006800902D
:1071400069461A4805F0E7FF184802F0D5FCFEF73B
:1071500009FFB4F89802012801D0154800E015484D
:10716000A8631548006870B1816B61B1D4F834022E
:10717000884202D00D4802F023FA1048C4F89C025D
:107180000A4805F05CFC0EA1104802F0C8FB0F484D
:1071900002F0EBFBBE70F8BDD0A5002030C200208D
:1071A000049F0020980100203C313E00046F002025
:1071B000CC2E01203C2E012038B9002038B100200F
:1071C0005265632053746F7000000000982C0020FB
:1071D0002DE9F0410446012084F86E000025184F87
:1071E0002E4607E02046FFF76FFA6D1CBD4201D91D
:1071F000A67402E0A07C0028F4D1E07C10B10EF06F
:107200005BF8E6740025A66106E00220FFF74CFB60
:107210006D1CEDB2032D0AD20021204600F04AFA7F
:107220000028F2D1032D02D22046FFF75FFD84F83B
:107230006E600320A4F85A010020BDE8F081000030
:1072400080841E0010B50021817481610820FFF741
:107250002BFB002010BD00002DE9F041856904469C
:1072600005B901250026A674E168206C884205D383
:107270000520A4F850000720FFF716FB0EF088FA4F
:107280000028E07C0CD010B10EF016F8E674606BAC
:10729000401C6063A4F85060A6610020BDE8F08146
:1072A000012802D1606928446061B4F95E00401C85
:1072B0004DD0B4F85E000428B4F95E0000EBC000C5
:1072C00004EB800028D090F880207030012A3FD055
:1072D000017E521E91427DD1067601684FF4007303
:1072E0008F684A6902F50072BA4203D3B2FBF7FC19
:1072F0000CFB17224A61203151E8002FD21A41E8D5
:107300000027002FF8D1B4F95E10B4F96020914243
:1073100061D1B4F9601059E0006F6A028368416975
:107320001144994203D3B1FBF3F707FB13114161F9
:1073300010F1200050E8001F891A40E80013002BCC
:10734000F8D1206A28442062606C284460644FE0D1
:1073500001686B028F684A691A44BA4203D3B2FBD0
:10736000F7FC0CFB17224A6111F1200151E8002FB4
:10737000D21A41E80027002FF8D1B4F95E10B4F911
:107380006020914210D1B4F9600009E000EBC00127
:1073900004EB810151F8842F8B8903FB05220A60DD
:1073A000401C0628F2DB1DE041696A4201EB4221E4
:1073B00014E000BF01EBC10204EB820290F810C0A0
:1073C00052F8843F978907FB0C331360491C062948
:1073D000F0DB07E004E04169A1F50071416101E0E3
:1073E000491C0176E0692844E061206C284420644F
:1073F000A661A4F85060B4F8580104283FF44DAFDA
:10740000A07C00287FF449AF0220A4F85801204650
:10741000FFF7A6F941E70021817490F86E1000296A
:1074200002D10321A0F85A1170472DE9F04100253F
:1074300006462C46A84604EBC40006EB8007D7F8A6
:107440008C0070B115B90546A6F86040D7F88C00DD
:107450002A46C10D40020023F8F7CCFFA7F89000A0
:1074600001E0A7F89080D6F84C1104F2D5100C5426
:10747000D6F84C2104F5F57197F890005054641C2F
:10748000062CD8DBD6F84C11062081F8D401D6F8AA
:107490004C11022081F8B801BDE8F0812DE9F041DE
:1074A0000446C07C17460D46002610B10DF004FFBF
:1074B000E67465610120A061A074394628460EF08B
:1074C000BBF920B14FF0FF30A661BDE8F081032089
:1074D000A4F85A010020F8E72DE9FF5F0F460446A3
:1074E00013B11D46012B00D901250026A4F85C60CC
:1074F000E07C4FF003094FF0FF3B4FF001084BB128
:107500004FF4800AB8B36069B84239D1206CC10425
:1075100032D04BE010B10DF0CFFEE6746761C4F8D5
:10752000188084F81280A4F85891384602990EF019
:107530005BFC08B1A66135E042F21071264800E01C
:1075400000BF8268920701D4491EF9D2016821F078
:1075500040010160416841F0020141601F490A6831
:1075600042F001020A60016841F040010160002020
:1075700004B0BDE8F09F03E0A16B401A504515D35D
:10758000E07C10B10DF098FEE674B4F8540018B920
:1075900050460CF0A7FB20B93846A7630DF068FFF2
:1075A00010B1A6745846E3E784F813806761A561BB
:1075B00084F81280B4F85801022801D1A4F8589137
:1075C0004FF6FF7000EA452102980EF0DFFD00281B
:1075D000CED0A661E5E700000030014058640240CB
:1075E00070B50022B0F9603000F17001012403EBA6
:1075F000C30301EB830365021E7C012E0BD91E7EA3
:107600004EB11968096AA9423ED3B0F86010A0F8DB
:107610005E101A4623E0002303EBC30601EB860647
:107620007669AE4204D3A0F85E3003EBC30214E0E7
:107630005B1C062BF0DB94B1B0F9602002EBC202B8
:1076400051F82220126AAA421ED3B0F86020A0F896
:107650005E20B0F95E2002EBC20201EB8202C36839
:10766000016CA3F5004399421FD2137E52F82340C8
:10767000137C012B0AD9B0F95E30B0F96050AB42EF
:1076800004D11268526902E0032070BD62690123CF
:10769000A0F85030A46B2244FFF71EFF0028F4D05E
:1076A0000220FFF701F9022070BD0720FFF7FCF868
:1076B000012070BD2DE9F05F4FF0030A8B460446B0
:1076C000A0F850A0C76935484668DFF8D490D9F8CB
:1076D0000810D9F80C00A7EB0108351A1BD012F0DE
:1076E00091FE00EE108ADFED2F0A2F48B8EE400A17
:1076F00020EE200A00EE905AB8EE601AD0ED000A93
:10770000F8EE601AC1EE210A80EE201A9FED270ADA
:1077100021EE000A01E09FED260A84ED0C0AC9E97A
:107720000276E07C18B10DF0C7FD0020E074218ADC
:107730003F22491E91FBF2F091FBF2F302FB131280
:10774000216C41F6FF750D4494F86E60D4F8503109
:107750006FF30C0506B1256403EB82025160616C86
:10776000C2F800114FF0FF35A4F85E50A4F850A005
:10777000A16CD4F850210144BBF1000F4FF000037D
:10778000204602D0FFF7A8FE01E0FFF787FE401C6D
:1077900002D00020BDE8F09F2846FBE7001000E083
:1077A0001000002000000044D805002000008035B3
:1077B0000000000010B590F86F10022251B1B0F82F
:1077C0005811042906D0002180F86F10A0F85A2122
:1077D000052106E0B0F95A11022902D0A0F85A2179
:1077E00089B215F06DFB002010BD70B50D46040088
:1077F0004FD0E0780123FF22002130B90420265C1D
:107800001EB9401C8028FAD3E2700020265CFF2EAF
:1078100003D0265C402E00D32254401C8028F5D390
:10782000D4F88000022801D9C4F88010D4F884006C
:107830000A2801D3C4F88410D4F888000A2801D398
:10784000C4F88810D4F88C0020B1D4F88C00B0F5BE
:10785000007F01D9C4F88C30D4F88000401CC2B23B
:10786000002009E0215CFF2905D12918C9B240296F
:1078700000D329462154401C9042F3D32046FEF702
:107880001AFB002805D029462046BDE87040FEF7C7
:10789000F3BE70BD10B5002842D0036844F62062E4
:1078A0000021934200D90160836A934201D90368A1
:1078B0008362C36A102B00D9C162036B194CA342C7
:1078C00000D90163436B934202D940F2E242426322
:1078D000826A002A026801D012B103E0826201E0EC
:1078E000826A0260D0F8A420042A01D9C0F8A4104A
:1078F000D0F8A020012A01D9C0F8A010D0F8182192
:10790000120607D5D0F8181101F07F01102907D30E
:10791000802103E0D0F81821402A01D3C0F81811C3
:1079200010BD00000071020070B5134E0446002522
:1079300035B1012D0CD0022D0ED0032D13D116E040
:1079400094F8EC224FF400510C4805F0C9FC0125D5
:1079500094F8ED22102103E094F8EE224FF4007128
:10796000304605F0BDFC6D1C042DE1DB70BD94F8C4
:10797000EF224FF48061F3E700000240000802406C
:107980000348406B002801D140F2E24070470000FC
:1079900038B1002010B54FF0E0200169C90701D0CF
:1079A000406910B9002009F069FCBDE810400AF0F8
:1079B00095BD70B5D0F8583473B3D0F8544400EB8B
:1079C0008405D5F8103400EB4406B6F80C4411B128
:1079D000D5F804540D6002B11360D0F85414491C5A
:1079E0000229D0F8541401D2491C00E0491EC0F805
:1079F0005414D0F85814491EC0F85814B0F818148C
:107A00001944A0F81814B0F818142144A0F8181458
:107A10000020A6F80C0470BDFFE74FF0FF30FAE736
:107A20007CB50446D0F858040E46A0B394F8480438
:107A3000002578B96A4601A9204600F006F90198A8
:107A4000C4F83C040098C4F84404C4F8405401202D
:107A500084F84804D4F84004D4F8441488421BD273
:107A6000D4F84004D4F83C140144401CC4F8400449
:107A700008783070D4F84004D4F84414884208D30D
:107A800084F84854C4F84054002211462046FFF7B9
:107A900090FF00207CBDFFE74FF0FF30FAE710B504
:107AA0000446002211462046FFF783FF0028F8D045
:107AB000002010BDF8B514460D4606466A4621461C
:107AC00000F068F810B14FF0FF30F8BD22462946AB
:107AD0000098F8F720FE304600F001F8F8BDF0B548
:107AE00090F838144FF0FF35B1B1D0F8581402298E
:107AF00012D2D0F84C34D0F82C4400EB4302211AB7
:107B0000891EB2F80C2489B2B0F81864D0F8347425
:107B10001744BFB2BE4201D22846F0BD00EB83033A
:107B2000C3F80444D0F83444C3F81044B0F818340F
:107B3000D0F8344422449A1AA0F81824D0F83424F7
:107B40000A44B2F5806FD0F8342401D3A1F58061E6
:107B50001144C0F85014D0F84C14491C0229D0F834
:107B60004C1401D2491C00E0491EC0F84C14D0F856
:107B70005814491CC0F85814D0F85C14491CC0F8BB
:107B80005C14002180F83814C0F83414C0F83014A4
:107B90000846F0BDF0B5D0F850349CB2C4F580630F
:107BA0009DB200235E1EB1F5806F25DCD0F85874BD
:107BB000022F21D28FB2AF4201D32B460024B0F85E
:107BC0001854CF18BFB2BD4216D30444A41CC0F849
:107BD0002C44C0F834140021C0F83014012180F87E
:107BE0003814D0F84C1400EB4101A1F80C34D0F853
:107BF0002C0410600020F0BD3046F0BDD0F83024D9
:107C0000D0F834349A420AD2D0F83024D0F82C3448
:107C10001344521CC0F83024197000207047D0F86B
:107C20003014491CC0F830144FF0FF307047002169
:107C300080F83814C0F83414C0F83014D0F8601448
:107C4000491CC0F8601400207047D0F858347BB14C
:107C5000D0F8543400EB8303D3F804340B60D0F82D
:107C6000541400EB8100D0F810041060002070471D
:107C70004FF0FF30704710B5044640F26441F8F70A
:107C80002DFE4FF48060A4F81804002010BD000001
:107C90002DE9F84343F2987100F540544518D4F8A3
:107CA00030024FF0FF36C168890679D5006880063A
:107CB00076D508F043FD8046D4F83002016821F003
:107CC00020010160D4F830024068C7B2D4F838020D
:107CD000DFF8D490800554D5D9F81410A8EB010032
:107CE000B0F5FA7F08D92846FFF7A1FFD4F838028B
:107CF00020F40071C4F8381295F8380428B96A469F
:107D00004FF400712846FFF745FFD5F83404D5F845
:107D1000301488420BD52846FFF789FFD4F8380283
:107D200020F40070C4F838026FF0010636E03E2FF0
:107D300006D039462846FFF761FF401C17D02DE0DA
:107D4000D5F83004C5F834042846FFF7C8FE2846A5
:107D5000FFF76DFFD4F8380220F40071C4F8381230
:107D6000B4F8B00240F48060A4F8B00215E02846F0
:107D7000FFF75DFFD4F8380220F40070C4F8380231
:107D80000CE03C2F0AD1D4F8380240F40070C4F85B
:107D9000380208F0D3FCC9F814000026C9F8148092
:107DA0003046BDE8F88300007801002008B54FF0A8
:107DB000FF31009100F540510A46D1F83012CB68EE
:107DC0009B060CD50B689B0609D50B6823F0200396
:107DD0000B60D2F830124968C9B201F0C1FC0098BA
:107DE00008BD00002DE9FF47064641F61810371878
:107DF00043F24820DFF834914FF0000806F5405573
:107E0000341863E04FF0000A08F098FC0246D9E904
:107E10000630D21A78EB0001CDE90221084604D5DC
:107E2000511E40F10000CDE90210029B014641F2D3
:107E300088320020D21A884101DA4FF0010A41F657
:107E4000EC00C05D48B99DF8000001F01BFB011E6D
:107E500006DD01AA3846FDF77DFABAF1000F09D018
:107E60003846FDF7F0FAD5F8380220F40070C5F86E
:107E7000380227E09DF800103846FDF7C9FA401C8B
:107E800024D19DF800003E2809D03846FDF7DBFAE2
:107E9000D5F8380220F40070C5F8380216E03046F4
:107EA00001F0DCFBD5F8380220F40070C5F8380288
:107EB000B5F8B00240F01000A5F8B002304600F06E
:107EC000A1F803E09DF800003C2822D0206A002899
:107ED00028D0A0686269A16B895C8DF80010626986
:107EE000521C62616169814202D36169091A616150
:107EF00004F120005FF0010150E8002F521A40E821
:107F00000023002BF8D143F2382080598005D9D5C1
:107F100078E708F013FCC9E90608D5F8380240F400
:107F20000070B9E704B0BDE8F087000078010020D8
:107F300018B5044643F23431621804F540544FF04A
:107F4000FF30D4F83012CB681B0613D50B681B0624
:107F500010D5D2F85804002814DD69461046FFF702
:107F60005FFD0028D4F8300205D0C16821F08001FF
:107F7000C160002018BD01680906FCD59DF80010FD
:107F80004160F6E7C86820F08000C860F1E700F5BE
:107F90004050D0F83002C16842F288021143C160FB
:107FA000704701F0E2BC10B501F073FD002010BD78
:107FB00070B504001CD00F492068884218D10E4EBD
:107FC000F068002814D00D496060C1F8B40209F0CF
:107FD00023FD0546F16800F0B7FDA0F110014FF652
:107FE000EF72914204D821688860054908618D616B
:107FF00070BD00000010014078010020985C002056
:10800000782C0020022005F03FB900002DE9F04156
:1080100005460027FFF7C7FF80BB05F54054D4F89D
:108020003002C1680906FCD428460FF027FED4F8B8
:10803000380220F40070C4F8380212A63046F8F76F
:108040004BFB024643F2343031462844FFF732FD01
:108050002846FFF79CFF28460FF05CFE002243F203
:10806000987011462844FFF7A4FC28460FF026FE1E
:10807000B4F8B00220F40040A4F8B0023846BDE8DD
:10808000F08100003C444953424F4E443E00000002
:1080900070B592B0044634216846F8F71FFC1421ED
:1080A0000DA8F8F71BFCACB31E48016801F00C01E9
:1080B000042920D0082920D000212160016801F086
:1080C000F0016160016801F4E051A160006800F412
:1080D0006040E06014480068002500F0070020615F
:1080E0002575012630040695CDE90060684609F043
:1080F000D5FC78B903E00121DFE70221DDE70F209D
:10810000CDE90E650D90109500210DA8119509F08F
:1081100041FB10B1012012B070BD12F073F9267549
:108120000020F8E708380240003C0240A0F130018E
:10813000092901D808467047A0F14101052901D855
:1081400037387047A0F16101052901D857387047C9
:108150004FF0FF3070470000F8B5064606F5405472
:108160000020A4F8B002B4F8B00220F08000A4F817
:10817000B002D4F8340206F02FFC1C4B4FF400750B
:108180004FF47A773A46A3F57A713046009500F0BD
:108190009FF9D8B1154B3A46A3F57A713046009550
:1081A00000F096F990B1D4F8340206F0F7FB0F4BCB
:1081B0003A46A3F57A713046009500F089F928B166
:1081C000D4F8340206F008FC0120F8BDD4F83402DB
:1081D00006F002FC3046FFF719FFB4F8B00240F099
:1081E0000200A4F8B0020020F8BD0000046D0020D9
:1081F0002DE9F0410446C06B00254FF48066856090
:10820000E06BC560E06B0661E06B4561E06B85612A
:10821000E06BC561E06B0562E06B07F069FF6F1E04
:10822000A0B9E06B8463A16B40208860A06BC5603F
:10823000A06B0661A06B4561A06B8561A06BC561F9
:10824000A06B0562A06B07F053FF10B13846BDE884
:10825000F081A06B002203218463252009F078F8C7
:10826000252009F068F82068C16841F40051C16018
:108270002068C16841F02001C1602068C16821F018
:108280008001C16094F8420020F0220084F842008E
:108290000020DCE72DE9FF4790460D4604004FF033
:1082A00000064FF0FF394DD0B8F1000F4AD0E5B3CA
:1082B000002009E0215C20395F2904D3062D08D075
:1082C000072D09D002E0401CA842F3D30027EA465C
:1082D0001CE04046216802E054F8011F404601605E
:1082E000A188818038E0E05DFFF720FF00280CDBEB
:1082F000102E06D30F220AF101016846F8F750FA52
:108300000F26E15D0AF80610761C7F1CAF42EAD307
:108310000C2E17D30AEB060547460C3D12D027B1A9
:108320005FF0000415F8140000E00BE0FFF7FEFE1C
:10833000064605EB44004078FFF7F8FE002E01DB0F
:10834000002803DA484604B0BDE8F08740EA06108A
:108350003855641C062CE5D30020F4E72DE9F047DE
:108360009846914604000D464FF0FF362DD065B378
:108370000846F8F7B1F9022827D329783C2924D1F7
:10838000284410F8010C3E281FD104F54050D0F8C5
:10839000381221F40071C0F8381243F2987020446A
:1083A0000746FFF77CFB2846F8F796F9024643F2AA
:1083B000343029462044FFF77DFB30B92046FFF7D3
:1083C000E6FD20460FF0A6FC10B13046BDE8F08770
:1083D000424649463846BDE8F047FFF7EABA000092
:1083E0002DE9F04F91B005004FF00000ADF84000CE
:1083F0004FF0FF3016468A46804661D0BAF1000F32
:1084000001D1002E5CD128460FF038FC05F5405014
:10841000D0F8381221F40071C0F8381243F2987085
:1084200028448146FFF73BFB40216846F8F756FA9F
:108430003C208DF8000024A00A240168CDF801102A
:108440008088ADF8050041208DF8070043208DF8A5
:1084500008004520EB468DF809000A2E02D30A27B2
:10846000002602E0374600260BE00BEB04011AF869
:10847000060010AAF8F798FCBDF84000761C0444EA
:10848000F6B2BE42F1D33E210BF8041043F2343071
:10849000621C69462844FFF70DFB68B92846FFF7C0
:1084A00076FD28460FF036FC30B9002211464846CA
:1084B000FFF77FFA4FF0000828460FF0FFFB404619
:1084C00011B0BDE8F08F00004144564441544100D2
:1084D0002DE9F04300F540550446D5F834021F4617
:1084E0009DB0836B249E1B685B680093C06B006823
:1084F000436843F6FC30204414F058FCD5F83402AD
:10850000816B096849680091C06B00684368324616
:10851000394604F5715014F049FC20460FF0AEFBCB
:10852000D5F83402FFF764FE204600F047F943F225
:108530003430204407228B490646FFF7BBFA204619
:10854000FFF725FD4FF4FA7007F082FE4FF00008A8
:10855000CDF84480CDF84880CDF8008001AB6A4664
:1085600081A12046CDF80480FFF7F8FE04F54A57B4
:1085700028B9DDE9000111AAFFF78CFEF0B34046EF
:10858000C7F86C80A7F870000020211804EB4002A7
:1085900001F5405102F5405291F8EC3282F8FE327A
:1085A00091F8EC12401C82F8FF120628EDDBCDF8A2
:1085B0006080CDF86480CDF8688000270DF16009F7
:1085C000CDF86C80E01900F5405009EB470190F8B8
:1085D000EC021CAAF8F7E8FB7F1C062FF2DB142143
:1085E00013A8F8F77BF9CDF8008001AB6A4660A1CB
:1085F0002046CDF80480FFF7B1FE00E007E058B157
:1086000020460FF05BFB01201DB0BDE8F083119800
:10861000F866BDF84800B5E7009961B1019A042AEF
:1086200009D9101F122801D9122200E0121F13A825
:10863000091DF8F770F84FF00108002713A8F8F7A4
:108640004BF882B2002013AB0EE0111A194411F856
:10865000011C3039092906D801FB0871CFB208EB9B
:1086600088014FEA4108401C9042EEDB85F89B727E
:10867000342104A8F8F732F943F2BA212144312316
:108680003E22CDE90031CDE902923C233AA23221CB
:1086900004A8F7F739FF04A8F8F71EF8024604A962
:1086A0003046FFF707FA2046FFF771FC20460FF02F
:1086B00031FB43F298700022204411460746FFF731
:1086C00078F90A2007F0C4FD14222FA16846F8F7B4
:1086D000A9F86846F8F700F8024669463046FFF701
:1086E000E9F92046FFF753FC20460FF013FB002268
:1086F00011463846FFF75DF928A08046F7F7ECFFF2
:10870000024641463046FFF7D5F92046FFF73FFCC9
:1087100020460FF0FFFA002211463846FFF749F9CC
:1087200021A08046F7F7D8FF024641463046FFF7C2
:10873000C1F92046FFF72BFC20460FF0EBFA002290
:1087400011463846FFF735F91B48016841F480416E
:108750000160B5F8B00220F00800A5F8B0020020D2
:1087600052E70000F7E703083C4D41433E0000009C
:108770003C485645523E000025634E414D45252E4E
:108780002A732573256300003C464143436F6D7097
:108790006163742045706879733E00003C4449531E
:1087A000424F4E443E0000003C4144564741503544
:1087B00030303E0000000000180802402DE9F04F64
:1087C0000027BB46A5B00646D946C846182104A8CE
:1087D000F8F784F8142110A8F8F780F8D24908783F
:1087E00040B1C86818B1002025B0BDE8F08F4FF047
:1087F000FF30F9E7CC49CD4C4FF0010A81F800A0D9
:10880000C4F800A046B106F54055D5F8340218B1B9
:108810000168C748814201D0E12014E0D5F8380250
:1088200020F40070C5F8380243F298703044FFF726
:1088300036F943F234303044FFF731F904A8FFF73A
:1088400027FC10B1E4202060D1E709F0E5F84FF4EF
:10885000964100F079F9A0F110014FF6EF729142C4
:1088600009D8D5F834224FF496415160B14AC2F884
:10887000B412AF498860AE48C1680B91C16821F05D
:108880002001C160AC4800682290AB48001D006820
:108890002190A948083000680A90A7480C30006869
:1088A0002090A548203000681F90A44800681E90C2
:1088B000A248001D00681D90A048083000681C9068
:1088C0009E480C3000681B909C48183000681A9035
:1088D0009A482030006819909848283000680E9017
:1088E00096482C3000680D909448243000680C9015
:1088F00093485E46016841F002010160006800F0A3
:10890000020002908E48103000688D4940F004004B
:1089100010310860086810A900F00400029080205F
:1089200010900220CDE9110613901490824807F0B0
:1089300005FE82480660001D0660001D0660001DE1
:1089400006607E48203006607C498015183108603A
:108950007A482830066079494FF6FF702C3108605C
:10896000764824300660754810300660011DC1F855
:1089700000A07249B02020310860704901200860D1
:1089800009F03AF86E492839096811F4E05F00D01F
:10899000400082466B49D5F834020FF0A9F907F080
:1089A000CDFE06462FE065481030016849072AD5FC
:1089B00062493831096815AA22F817104FF6FB31C1
:1089C00001607F1C022F1ED35FEA0A0220D0BDF88F
:1089D0005600BDF85410401A0604360C18D0032374
:1089E00070085946EAFB030132460023F7F702FDFF
:1089F000E061A0F58C41503940F6C412914207D88D
:108A0000B146804604E007F099FE801BFA28CAD3DD
:108A10005E46DFF828B10BF1200BCBF80060474829
:108A200006601E2007F014FC44491D98091D0860CB
:108A3000091D1C980860091D1B9808603F491A9879
:108A4000183108601998CBF800003C490E9828317D
:108A50000860091D0D9808600BF104010C9808606E
:108A600036481030066035491E9808603249229811
:108A70000860091D21980860091D0A980860091DF1
:108A8000209808602C491F9820310860284E3068D3
:108A90000290706802900B98F06014210AA8F7F712
:108AA0001DFF9DF8240078B10F200A9004980B90C8
:108AB00005980C9006980D9007980E900AA80899B2
:108AC00008F068FE11F09EFCC4F804A05FEA0900FB
:108AD000A06067611AD04046C4F80C80A8F58C41AC
:108AE000503940F6C512914212D3E320206008F0BD
:108AF00093FF4FF4964100F027F8A0F110014FF6D4
:108B0000EF7291423FF6A0AEB06070E6E220EDE772
:108B10000549C860C5F8B402D5F83402FFF748FA31
:108B200046F20D0020605EE678010020782C0020DF
:108B300000100140985C0020000402400008004042
:108B400030380240F0E7030810B50A0007D0530898
:108B50001818002149410023F7F74CFC10BD0020F4
:108B600010BD884201D3401A7047081A70470000B0
:108B700010B500F00FF80549086305490A6822F0AE
:108B8000F80242EAC000086010BD00009801002011
:108B9000003802401F2800D91F207047124910B525
:108BA000002008600A1D1060121D1060131D18605F
:108BB0000D4B183318601B1D18601B1D18600A4BE5
:108BC00028331860084C431E2C342360064B243392
:108BD0001860054B10331860034C012314342360D4
:108BE00015231360086010BD000C00400148006BA5
:108BF00070470000980100202DE9F84F4FF0000564
:108C000091460C0082462E46A84601D000271AE065
:108C1000012400275046FFF7ABFF40464FF40061A8
:108C2000CDF8008000BF401C00908842FAD347F284
:108C300030525100484601F025FA411C0FD02D1842
:108C400046EB08067F1CA742E4D36008401948EBB6
:108C5000060122460023F7F7CDFBBDE8F88F4FF061
:108C6000FF30FAE72DE9F04FA1B0582104A8F7F73B
:108C700035FE614D00204FF0FF371B90B946286B41
:108C8000FFF788FF064604464AF6C87028646C64FD
:108C9000AE64EF6401202865DFF86081002008F1F0
:108CA0008002BA4648F82070934642F82070401C73
:108CB0001F28F6D9524801684FF00210884301D0AE
:108CC000022019E04E489430006800F040401E90A9
:108CD0004B484030016801F008011D91006800F424
:108CE00000701C904FF4805004908004159004A8EC
:108CF00008F0B4FB28B103202865286B21B0BDE83B
:108D0000F08F3F484030016841F400710160016814
:108D100001F400710191016841F0080101600068EF
:108D200000F008000190374800682090FFF736FFF8
:108D3000314804210165002504212846209AFFF7C7
:108D40005BFF411C05D04AF6C871884207D3411A1F
:108D500006E02A4941F825004BF825A01CE0091A35
:108D60008846264941F825004BF82580C8450BD395
:108D700012D131462846FFF7F4FE07463146204619
:108D8000FFF7EFFE874207D201201B901A482C46BE
:108D9000C1468564C0F84C806D1C1F2DCCD91B9832
:108DA00000B934462046FFF7E3FE13488464C0F858
:108DB0004C900521016513490020103908601149C4
:108DC000209808600E48943001681E9A21F04041B6
:108DD000114301601D9828B909484030016821F00D
:108DE000080101601C9828B905484030016821F449
:108DF00000710160204681E79801002040A6002014
:108E0000003802402024004010B5064A064B0021DD
:108E10001468044201D0012010BD491C9942F7D3C7
:108E2000002010BD0024004020A107000448016874
:108E300021B9C16A11B9006B002800D00120704728
:108E400038B1002070B50D0006464FF000044FF019
:108E5000B60100D1641E7E2014F06EFB0F2013F0CB
:108E6000BDFF1CB92946304600F01DF8204670BDF4
:108E700010B50A2013F0B2FF11217E2014F05CFB24
:108E8000322013F0ABFF15217E2014F055FB642037
:108E900013F0A4FF19217E2014F04EFB0A2013F0DA
:108EA0009DFF002010BD0220C87509224A751523B8
:108EB0000B7500238B75C8734A7310200873032049
:108EC00088734868886048698861C868086118467E
:108ED0007047000010B586B0044618216846F7F7C1
:108EE000FDFC17226946042014F044FABDF9000085
:108EF000BDF9021000EE100ABDF90420F8EEC00A18
:108F00009FED2C0A60EE800AC4ED120A00EE901A62
:108F1000F8EEE00A60EE800AC4ED130A00EE902A33
:108F2000F8EEE00A20EE800A84ED140ABDF908107C
:108F300094ED0F0A00EE901ABDF90A00BDF90C205D
:108F4000F8EEE00A60EE200AC4ED1A0A00EE900A7C
:108F5000F8EEE00A60EE200AC4ED1B0A00EE902A4B
:108F6000F8EEE00A20EE200A84ED1C0ABDF90E009E
:108F700094ED0E0A00EE900ABDF91010BDF9122012
:108F8000F8EEE00A002060EE200AC4ED160A00EEBA
:108F9000901AF8EEE00A60EE200AC4ED170A00EE1F
:108FA000902AF8EEE00A20EE200A84ED180A06B0B6
:108FB00010BD00009A99993E2DE9FF410DF1280856
:108FC000044698E8E10084F82A7004F11408656208
:108FD00088E80E00208426850026B620A6858DF818
:108FE0000C0035464FF064080127204600F070F968
:108FF00000F05AF903A98DE8820101237E22D021D5
:10900000606907F0FDFF60B1681C042803D30120EC
:1090100004B0BDE8F0810A2013F0E0FE6D1C042DC1
:10902000E3D326639FED160A682084ED0E0A9FEDB8
:10903000150A84ED0F0A84F8400094F82A0038B12C
:109040000128204611D000F027F9A6850020DFE78F
:109050002046FFF70DFF204600F016F8204600F0EE
:1090600053F8204600F0B4F804E000F08DF82046F4
:1090700000F00AF82046FFF72DFFA785E6E700007D
:10908000B3CC1C3AF8C1F93B10B5044690F82A005D
:1090900058B1882141F02001402014F04DFA0221FE
:1090A000204600F005F8002010BD0921F2E700007D
:1090B00010B59FED110A29B1012907D002290FD05F
:1090C000032913D080ED0E0A032104E09FED0B0A63
:1090D000052180ED0E0A412014F02EFA002010BD6B
:1090E0009FED070A082180ED0E0AF4E79FED050ABF
:1090F0000C2180ED0E0AEEE7E5FF1F3AE5FF9F3AEF
:109100001000203BFAFF9F3B10B504462921422066
:1091100014F012FA0021204600F002F8002010BDE1
:1091200010B59FED140A052920D2DFE801F01913CC
:109130000D1F03009FED100A042180ED0F0A43204C
:1091400014F0FAF9002010BD9FED0C0A022180ED09
:109150000F0AF4E79FED0A0A012180ED0F0AEEE7FE
:109160009FED080A002180ED0F0AE8E780ED0F0A65
:109170000321E4E7F8C1F93BF8C1793B8DC1793CA3
:109180008DC1F93C8DC1793D10B5044600F059F808
:10919000642013F023FE204600F01AF8642013F038
:1091A0001DFE12217E2014F0C7F9642013F016FE74
:1091B00017217E2014F0C0F9642013F00FFE1B214C
:1091C0007E2014F0B9F9642013F008FE002010BDD1
:1091D00010B580214C2014F0AFF9322013F0FEFDC1
:1091E00001214F2014F0A8F94B214E2014F0A4F9CE
:1091F00004214F2014F0A0F951214E2014F09CF9C5
:109200000E214F2014F098F952214E2014F094F9B9
:1092100002214F2014F090F94C214E2014F08CF9CB
:1092200042214D2014F088F90821442014F084F9DB
:1092300003214C2014F080F9322013F0CFFD0020E0
:1092400010BD10B5416CFFF7FDFD40B2002800D005
:10925000012010BD1CB50446808D012802D04FF0BE
:10926000FF301CBD94F82A0070B1062001231222A1
:109270000E31CDE90010D121064807F053FE002839
:10928000EFD10221A1851CBDCDE9001201230422EA
:10929000F1E70000B82A012010B5FFF7D2FF6420E3
:1092A00013F09CFD002010BD10B5074807F0A1FA8F
:1092B0000648016841F400110160016821F40011C1
:1092C000016010F03BFD10BDB82A0120203802409B
:1092D00010B50446018D86B0406A012207F029FAD4
:1092E00014216846F7F7FAFA208D218C0843009084
:1092F000012001900290022003906946606A07F005
:109300001DF9218C0022E06907F013FA218D00225B
:10931000606A07F00EFA012006F09AFF218D012203
:10932000606A07F006FA012006F092FF218D002204
:10933000606A07F0FEF9012006F08AFF218D012204
:10934000606A07F0F6F9012006F082FF218C012205
:10935000E06907F0EEF9012006F07AFF00200190A5
:109360006946606A07F0EAF806B010BD0948B0F82F
:10937000521011B990F86E0008B100F011B806490A
:10938000002088850548D0F8E01241F02001C0F89F
:10939000E012704710290020B8C1002038B9002021
:1093A0000A480B4A016891420CD14A6822F4E062F3
:1093B0004A60202180F83D10002180F83E100164B1
:1093C000418501850349012088857047B82A01201D
:1093D00000540040B8C100200248016841F020015B
:1093E00001607047003C01401048416B09B940F2F0
:1093F000E2410F48002390F82A200E481AB1012AB2
:1094000003D0038010E0C82200E064228A4201D326
:10941000038007E003881A4492B202808A4203D391
:10942000511A0180012070470020704738B1002098
:10943000B8C10020A405002010B504460020A08576
:109440002046FFF729FF606907F0ECF92046BDE8E8
:109450001040FFF73DBF10B5044641F618102044F8
:1094600000F58050D0F8E418C0F8E818204600F065
:10947000F5F804F54054D4F8380220F40070C4F82C
:10948000380210BD01460020822919D04BDC30295A
:1094900039D027DC142975D013DC10297BD009DCE6
:1094A00040F20122012903D0022901D0032900D171
:1094B0001046704711297DD0122979D01329F8D18F
:1094C0006CE0212906D007DC152977D018296FD048
:1094D0002029EED115207047222901D02329FAD165
:1094E0001D207047422965D00EDC34295CD006DC93
:1094F000312961D0322959D03329F2D150E04029A5
:109500005AD04129EDD157E061294FD006DC4329DB
:1095100050D0512950D06029E3D14BE080294BD065
:109520008129DED142E0932944D00EDCA1F18301F0
:109530001029D6D2DFE801F03E323438080840382E
:109540000836383E3C404040CBE7A12932D00EDC03
:109550009E292FD006DC942928D095292AD09D2930
:10956000BFD129E09F2923D0A029BAD122E0AE297A
:1095700022D009DCAB291DD0AC291BD0AD29B0D13C
:10958000892070471AE006E0BA2917D0BB29F8D124
:1095900040F20720F5E73D20F3E709E00420F0E77B
:1095A0002120EEE71120ECE71920EAE70320E8E7A5
:1095B0000520E6E70220E4E70120E2E70620E0E7F5
:1095C00070B5040028D0002926D00868002823D0D0
:1095D000EFF3108572B604F54050C0F834120968F4
:1095E000C0F830120021C0F8381280F8941241F609
:1095F00018102044FBF75EFF2046FBF75BFF41F6A7
:109600001A10211843F248204FF4C052204413F09E
:10961000B9FB002D00D162B670BDB0B13E2914D1A6
:1096200000F5805090F8EC1879B1D0F8E01861B1ED
:10963000D0F8E8281D2A08D1D0F8E408192804D168
:109640000878222803D0232801D000207047012069
:10965000704741F618131844FBF73EBD41F6181148
:109660000844FBF718BE41F618121044FBF7D0BEB1
:109670002DE9F84341F6181100F54054804647188B
:10968000D4F830024FF0FF35C16889065BD5016818
:10969000890658D5016821F020010160D4F8300214
:1096A0004068C6B23146404600F08FF810B12B49F1
:1096B00001200870D4F83802800542D541F6EC004C
:1096C000C05DD0B93046FFF7DDFE002812DD304620
:1096D000FFF7D8FE01466A463846FBF73BFE60B10D
:1096E0003846FBF7B0FED4F8380220F40070C4F816
:1096F000380228E03846FBF7A6FE3846FBF7B0FEF6
:10970000002814DD31463846FFF787FF18B1404680
:10971000FFF7A1FE09E031464046FFF7A4FF401CD9
:1097200011D13846FBF78FFE06E000250BE03E2EF8
:10973000D6D14046FFF792FFD4F8380220F40070EB
:1097400008E03C2E02D02846BDE8F883D4F8380261
:1097500040F40070C4F83802E7E70000A8030020D6
:1097600070B50D46040005D000F02FF810B1144973
:109770000120087043F2482022189068D368916B4A
:10978000CD54D168491CD160D168814202D3D168DF
:10979000081AD0605FF0000102EB81000123203045
:1097A00050E8005F1D4440E80056002EF8D1491CE7
:1097B0000329F1DB204600F005F8002070BD000011
:1097C000A8030020082003F05FBD10B5002818D0C2
:1097D00043F294221044047801233CB10022012C6E
:1097E00007D0022C0ED0032C09D110E03C2913D055
:1097F00006E0AB2901D1022107E03C290CD0027020
:10980000002010BDBA29F8D103210170F8E73E29E4
:10981000F3D10270012010BD0370F1E77CB50400A4
:109820004FF0FF3519D004F54050D0F838124904F4
:1098300013D5D0F8381221F48041C0F8381201AAAB
:1098400069462046FBF748FC204600F08EF820B120
:10985000204600F0EBF900207CBD28467CBD10B509
:1098600000221146FBF738FC002010BDFBF772BC4C
:10987000F8B514460D4606004FF0FF3707D035B156
:10988000002C04DD6A462146FBF764FD08B138462A
:10989000F8BD224629460098F6F73DFF3046FBF713
:1098A000FAFC0028304602D0FBF7CDFDEFE700F0D0
:1098B00002F80020F8BD00F058B838B500F5405463
:1098C0000546D4F830024FF0FF31C268120624D5A5
:1098D0000068000621D52846FBF7E7FD002804DDD7
:1098E00069462846FFF7C2FF30B1D4F83002C1689C
:1098F00021F08001C1600FE0D4F830020168090650
:10990000FCD59DF8001041602846FBF762FC00285A
:1099100002DC2846FFF7A3FF0021084638BD30B51A
:1099200089B00C46054624216846F6F7D7FFAD20DE
:109930008DF8000085208DF801002046F6F7CCFE5A
:10994000202800DD2020024621460DF10200F6F716
:10995000E2FEDA208DF822008DF8230024226946E9
:109960002846FFF785FF09B030BD7CB505004FF0F4
:10997000FF364BD005F54054D4F8300280B3D4F80C
:109980003802400444D42846FBF78FFD00283DDD13
:1099900001AA69462846FBF76BFDD4F8340200B3F0
:1099A000806BF0B10168E1B1D4F83002426922F075
:1099B00080024261086820F0010008600098C860D9
:1099C00001984860086840F010000860D4F8380238
:1099D00040F48040C4F83802284600F04BF913E008
:1099E00014E0D4F8380240F00200C4F83802D4F889
:1099F0003002C16842F20C021143C160D4F8300257
:109A0000C16841F08001C16000207CBD30467CBD52
:109A1000D4F8340240B1806B30B1006820B14068A6
:109A200010B92846FFF7FAFE6FF001007CBD10B5B3
:109A300000F54051D1F8342213685C69240604D43F
:109A40000AE0936B1B685B681BB1D1F838325B048A
:109A5000F7D400F0EBF81AE05B691B0605D4B0B14F
:109A60003AB1926B2AB112681AB1BDE8104000F009
:109A700010B8D1F8300250B1C26822F08002C26042
:109A8000D1F8380244F202029043C1F838020020B3
:109A900010BD70B560B300F5405444F20205D4F82F
:109AA0003412B9B18A6BAAB112689AB10B685B69BA
:109AB0001B0602D408E0516819B1D4F838124904E1
:109AC000F9D400F0B3F811E0084609F00AFED4F822
:109AD000300202E0D4F8300250B1C16821F08001B8
:109AE000C160D4F83802A843C4F83802002070BD21
:109AF0004FF0FF3070BD00002DE9F05F00F54055DC
:109B00000446D5F834020068C16842F20800884370
:109B100003D04FF0FF30BDE8F09F06F00FFE804607
:109B2000002C65D0D5F83402002861D0806BE8B3F2
:109B30000068D8B34FF6FF7B002604F580573EE05F
:109B4000D5F83402806BD0F800902046FFF70DFF67
:109B5000D5F83802800705D5D5F834020068406989
:109B6000000602D4204600F04FF8D5F83802400431
:109B70001AD5D9F8040080B25FEA000AD9F80000CB
:109B800000F0010902D12046FFF748FEB9F1000FAD
:109B900002D05146DA4517D11A48761CD346864280
:109BA00003D9204600F030F8002600E020E006F05F
:109BB000C5FDA0EB0800B0F5FA6F14D800BFD7F8C8
:109BC0000C090028BCD1A6E700268B46EDE720460D
:109BD000FFF7CBFE2046FFF770FE06F0AFFDA0EBCF
:109BE0000800B04202D96FF0010094E700BF03E023
:109BF0004FF4FA6604F58055D5F80C090028E6D133
:109C000089E70000400D030010B5044600F051F84C
:109C10002046BDE81040FFF7A8BE000002490878C2
:109C200000220A7070470000A803002000F5405190
:109C3000D1F8382244F202039A43C1F838220028AE
:109C400017D0D1F83402002813D0806B002810D030
:109C5000006800280DD0D1F83012026822F01002FE
:109C60000260026822F001020260486920F0800070
:109C70004861704700F54051D1F8382242F00202A5
:109C8000C1F83822002813D0D1F8340200280FD0B0
:109C9000806B00280CD00068002809D0D1F8301261
:109CA000026842F001020260486940F080004861A9
:109CB0007047002821D000F54050D0F83412002918
:109CC0001BD0896B002918D00968002915D0D0F85D
:109CD0003002C268920402D502681206FCD5021D49
:109CE0008A60C16821F40051C160416941F080017E
:109CF0004161C16841F40051C16070472DE9F74FDF
:109D0000D2F884C081B0CE4DCE4905F1D80205F11C
:109D10006C0602F16C0902F1D80702F5D87302F55E
:109D2000227A02F5A27B02F53D7E02F25464BCF178
:109D3000220F12D2DFE80CF01121324253647385F6
:109D400097A8B0BF11111111111111111111111199
:109D5000CEDFF7F5F4F3F2F1F0EFB94A032348321E
:109D6000A2F12401009504F075FFB748032300F128
:109D7000480200F1240100905CE1B14A0323B432AF
:109D8000A2F12401009604F065FFAF486C30032374
:109D900000F1480200F1240100904BE10092AB4A2F
:109DA0000323A2F1240104F055FFA748D830032370
:109DB00000F1480200F1240100903BE1A34A032393
:109DC0006C32A2F12401CDF8009004F043FFA048CA
:109DD000032300F1480200F1240100902AE19B4A8C
:109DE0000323D832A2F12401009704F033FF9848EE
:109DF0006C30032300F1480200F12401009019E1C6
:109E0000944A00930323A2F1240104F023FF924813
:109E1000032300F1480200F1240100900AE18A4A7C
:109E20000323903AA2F12401CDF800A004F012FF20
:109E30008948D830032300F1480200F12401009042
:109E4000F8E0844A03236C3AA2F12401CDF800B073
:109E500004F000FF80486C38032300F1480200F151
:109E600024010090E6E0784A0323243AA2F1240179
:109E7000CDF800E004F0EEFE7848032300F148023C
:109E800000F124010090D5E072490323243101F14F
:109E90004802009124311AE00B882BB10A1D009270
:109EA00001F58272443112E06C4A0323903AA2F128
:109EB00024010094BEE0B1F8C431002BF4D0614914
:109EC00001F5E472009201F5327201F5027104F0BD
:109ED000C1FEE9E75A4A03234832A2F12401009562
:109EE00004F0B8FE5D486C30072300F1A80200F1D1
:109EF000540100909EE0554A03236C3AA2F12401DC
:109F0000009604F0A7FE5648072300F1A80200F1CE
:109F1000540100908EE07CE069E056E044E034E0DB
:109F200022E010E0FFE70092484A0323A2F1240157
:109F300004F090FE4A48FC30072300F1A80200F12B
:109F40005401009076E0414A03236C32A2F12401CF
:109F5000CDF8009004F07EFE4248052300F178021F
:109F600000F13C01009065E0384A0323D832A2F1A9
:109F70002401009704F06EFE3A48B430032300F148
:109F8000480200F12401009054E0324A0093032378
:109F9000A2F1240104F05EFE3348032300F14802DD
:109FA00000F12401009045E0274A0323903AA2F1F2
:109FB0002401CDF800A004F04DFE2C48032300F14D
:109FC000480200F12401009034E0224A03236C3A55
:109FD000A2F12401CDF800B004F03CFE2248B438D0
:109FE000052300F1780200F13C01009022E0164ABE
:109FF0000323243AA2F12401CDF800E004F02AFE64
:10A000001A486C30032300F1480200F1240100904B
:10A0100010E010490323243101F14802009124315A
:10A0200004F018FE10486C30052300F1780200F1AE
:10A030003C010090029804F00DFEBDE8FF8F000087
:10A0400004EA030830BE00203CEE030824EB0308BA
:10A0500080EF0308D4EC0308C4F0030808F20308F7
:10A0600070F3030868F503083CF703085CF803087D
:10A070000348406B08B10020704701207047000082
:10A0800038B100202DE9F84315464FF0FF3841B1B3
:10A090003DB18D4205D24FF48032914201D29542BA
:10A0A00002D34046BDE8F8832C4A136843F400739A
:10A0B0001360136823F400731360294A40F008000A
:10A0C0001060274C0026103C2660201F0660001FF1
:10A0D0000660234F7F201C3F3860012020600096DF
:10A0E00000BF0098401C00908028F9D31C48083815
:10A0F00001601020FEF788FE40B310203860184839
:10A100000C3805600820FEF77FFEF8B10B203860A0
:10A11000144D286820F001002860124F24373E605B
:10A12000104810300660286840F001002860206860
:10A1300040F0020020600220FEF766FE40B1386861
:10A14000296821F0010129602660ABE72660A8E7B5
:10A15000286820F001002860F8E70000203802405D
:10A1600020240040000C00402DE9F04FABB034211A
:10A1700016A8F6F7B3FB58216846F6F7AFFB644D17
:10A180000120A86600266E65801EA865686BE865DC
:10A190006048006880070AD4082016900120CDE9A5
:10A1A0001B0616A807F07AFC08B1022096E007F01B
:10A1B00023FC044657486C38006810F4E05F00D078
:10A1C0006400AA4628466C65DCB15248203000681D
:10A1D000504D00F04040343D2990286800F00800C0
:10A1E0002890286800F400702790A8140090C004FC
:10A1F0001190684607F032F928B104215046816673
:10A2000073E00321FBE72968AB4641F40071296044
:10A21000296801F400712391296841F0080129603F
:10A22000286800F0080023903B48D0F80090FEF723
:10A23000B5FC4FF4006024904010042700252E4602
:10A24000A8462390DDE923214846FFF71BFF411C68
:10A2500024D02D1846F1000608F10108B845F1D3C5
:10A260007808401946F100013A460023F6F7C2F893
:10A2700002465546CAF85820274900201039086080
:10A280002549C1F80090234820300168299B21F01E
:10A29000404119430160289818B108E04FF0FF329F
:10A2A000E7E7DBF8001021F00801CBF80010279851
:10A2B00028B9DBF8001021F40071CBF80010501C15
:10A2C00011D0A10DA002002302F0B2F9A0F59C412B
:10A2D000203947F2315291420AD30620A866686BB2
:10A2E0002BB0BDE8F08F0520A866DAF83400F7E758
:10A2F00001216863E97026AA25A901F0E3FD686BD6
:10A30000E86525992966269969660721A966E7E720
:10A310009801002074380240202400400021C20728
:10A3200000D01021820701D541F02001420701D55C
:10A3300041F04001020701D541F08001C20601D57C
:10A3400041F48071800601D541F400710248428CCD
:10A350000A43428470470000980100207FB52A48D4
:10A360000068F6F79BF9294900206A4600EBC00314
:10A3700001EB8303D3F88C3042F82030401C0428D2
:10A38000F4DB1146224800F083FC224C6069850A08
:10A39000AD024FF48050854200D205466E08324629
:10A3A0001D48616812F0EEFC6068324600EB550112
:10A3B0001948443012F0E6FC1848A269A16812F06E
:10A3C000E1FC1748E269E16812F0DCFC206A420A0D
:10A3D0005202202A00D202460F482169CC3012F0E6
:10A3E000D1FC10494FF4006201F50C6012F0CAFC78
:10A3F00009491022383901F5A47012F0C3FC044851
:10A40000F7F79CFD7FBD00002828004010290020A0
:10A41000A0360120A0F60420E4AF002000C30020F5
:10A4200054C20020ACA700202DE9F0411D46069E35
:10A4300017468846040038D0002D36D0002E34D080
:10A4400033462A4600F090FB012F2ED9A068002841
:10A450002BD02868B0FBF7F107FB1100002824D0AF
:10A46000391A3068884204D84146204600F093F8F3
:10A4700013E0A36804EB880250690844984203D3B0
:10A48000B0FBF3F707FB13005061203252E8000FD6
:10A49000401A42E80003002BF8D133462A464146D1
:10A4A0002046BDE8F04100F05FBBBDE8F081000050
:10A4B0002DE9F84F1D460A9F904689464FF0FF3A16
:10A4C000A0B1B9F1000F11D08168466980290DD380
:10A4D00048060BD1700609D106F18000884205D8E4
:10A4E0006A468C211648FAF735FF10B15046BDE890
:10A4F000F88F009CAD2009EB06012070607084F895
:10A5000002804FEA1820E0702571280A6071280C3B
:10A51000A071280EE0712772380A60720A34802216
:10A520002046F6F7F8F8DA2004F8800F6070044847
:10A53000FAF7B1FE0028DAD00148FAF784FFD5E730
:10A54000982C002030B5002822D0EFF3108372B68B
:10A55000C16882680025E2B1914203D3B1FBF2F4F5
:10A5600002FB141111F07F0405D0C4F180042144D2
:10A57000914200D3891AC1605FF0000200EB8204AF
:10A5800061612562521C032AF8D3002B00D162B608
:10A5900030BD2946EFE700280DD003290BD2EFF399
:10A5A000108272B6C36800EB810043610021016232
:10A5B000002A00D162B670472DE9F04F85B0FE4801
:10A5C000F9F70CFCFD4CFE4D207C00287DD006F0F8
:10A5D000B5F80646606F08B1301A03D400F062FF88
:10A5E00064366667F748B0F8B002C0062DD5D5F8D6
:10A5F000DC0210F0020F28D0D5F8F402216F884257
:10A6000023D0D5F8000302F04BFEADF81000EE4861
:10A61000AD21C0698DF80010AF218DF80110EB4914
:10A62000C96DCDF802100290DA20BDF810108DF837
:10A630000C00ADF806108DF80D000E226946E448B6
:10A64000FAF714FED5F8F4022067DD48D0F8DC02F2
:10A65000E04C10F0020FA4F1A80B7DD004F1AC0087
:10A66000D0F818114FF0000609065FD400F0DEF9AB
:10A67000A4F1200000F08EFA0028EED0DBF80000F4
:10A680005D46400568D4A4F12000006AB0F5006F73
:10A6900015D9A4F120024FF480609368516901F547
:10A6A0008061994203D3B1FBF3F707FB13115161AA
:10A6B00054E8001F091A44E80013002BF8D1286859
:10A6C00040F480602860BE4800E012E0D0F800034B
:10A6D00002F0E6FD02B2BC48B84FBF492037C3695B
:10A6E0003888009001F50C60FFF7E2FE002875D174
:10A6F00002E04FF0FF30A7E73E80B548FFF735F99D
:10A70000B449203980228B6848698030984203D34D
:10A71000B0FBF3F606FB1300C1F8140054E8000F79
:10A72000801A44E80003002BF8D106E1A948AC30B8
:10A73000D0F81801402500F07F0003900020019020
:10A74000029001A80090A34802AB202201212430EE
:10A75000FFF76AFE019800E0D1E080287ED3403800
:10A76000B0FBF5F69B4824308068DFF868A2B0FBA8
:10A77000F5F0301A0AF1480A002827DDDBF800104E
:10A78000490523D4AAF1240380019A6899690144F8
:10A79000914203D3B1FBF2F606FB121199615146C7
:10A7A00051E8002F121A41E80023002BF8D1894804
:10A7B00001AB02AA0121243000F0D6F90198A84289
:10A7C00003D3401BB0FBF5F600E000268148029A57
:10A7D000243080684FEA500E002034E0D1E00020A1
:10A7E00000EB520103980844704501D3A0EB0E0022
:10A7F00078492431896B31F8101076482038C768C1
:10A80000836BD953C168891CC160C1680369194051
:10A81000C160002300EB83010227203151E800CF03
:10A82000BC4441E800C8B8F1000FF7D15B1C032B12
:10A83000F0DB68482A4424308168914201D880685E
:10A84000121A09F101008146B042C8D3614924318E
:10A8500075438A6888692844904200E00DE003D37C
:10A86000B0FBF2F303FB12008861504650E8001F72
:10A87000491B40E80012002AF8D15648203800F061
:10A8800089F9E0B3DBF800005D46400559D4514832
:10A890002038006AB0F5006F15D94E494FF4806238
:10A8A00020398B68486900F58060984203D3B0FB7B
:10A8B000F3F606FB1300486154E8000F801A44E8E1
:10A8C0000003002BF8D1286840F4806028604148DC
:10A8D000AC30D0F8180100F07F0007283848D0F8D5
:10A8E000000359D202F0DCFC02B23748334E3A4939
:10A8F0002036C3693088009001F50C6000E020E04C
:10A90000FFF7D6FDE8BB002030803148FFF72DF877
:10A910003049203980228B6848698030984203D3BF
:10A92000B0FBF3F606FB1300C1F8140054E8000F67
:10A93000801A44E80003002BF8D1286820F48060D6
:10A940002860DBF800105846490522D523490968DC
:10A9500000291ED12149091F0968C90719D00168BA
:10A9600021F4806101601B4820388023826841699E
:10A970008031914203D3B1FBF2F505FB1211416125
:10A9800000E018E054E8000FC01A44E80001002974
:10A99000F6D105B0BDE8F08F02F082FC02B20A48A1
:10A9A000064E0D492036C3693088009001F50C60D1
:10A9B000FFF77EFDE0B113E0E005002098010020E4
:10A9C00038B90020985C002010290020D0BB00205E
:10A9D000982C00208CB00020ACA70020BC64024062
:10A9E0001048FFF7AFFD286820F480602860D0E7AA
:10A9F000002030800C48FEF7B8FF0A4880228368A8
:10AA000041698031994203D3B1FBF3F606FB131180
:10AA1000C0F8141054E8000F801A44E80003002B1B
:10AA2000F8D18AE76CB00020982C00202DE9F0477F
:10AA30004A49C87B002824D0494CD4F81801002387
:10AA400000F07F07402F1BD2A4F5AA72D2F838C0BD
:10AA5000BCF1000F14D002F14400806B80B194F877
:10AA600041516DB194F84141A40109D0EFF3108632
:10AA700072B6D2F80C90956806B962B6A54202D2B9
:10AA8000CB73BDE8F087CB733E46202F01D3203E29
:10AA900000E0604680463248CC38016A8068891CF4
:10AAA000814203D92E48CC38FFF74CFD484615B9F2
:10AAB00000210AE0641BAC42FCD2A04202D3A9EB05
:10AAC000040102E0A4EB0901691A680806EB5101D0
:10AAD000814200D3091A224838F81110202FA0F122
:10AAE000CC001AD2C368826BD152C168891CC16084
:10AAF000C16802691140C1605FF0000100EB810292
:10AB00000223203252E8004F1C4442E80045002D49
:10AB1000F8D1491C0329F1DB1AE0C368826B4900B4
:10AB2000D152C168891CC160C16802691140C1600D
:10AB30005FF0000100EB81020223203252E8004F57
:10AB40001C4442E80045002DF8D1491C0329F1DBE3
:10AB5000BDE8F04701210348FFF71DBD9801002023
:10AB600038B10020E4AF002010B5002811D0002A31
:10AB70000FD0002B0DD003290BD2EFF3108472B647
:10AB800000EB810041691160006A1860002C00D15F
:10AB900062B610BD10B548B38168802926D381689C
:10ABA000490623D1416982688A421FD911F07F0189
:10ABB00017D0026AC1F180018A4217D383684269C3
:10ABC0000A449A4203D3B2FBF3F404FB132242611A
:10ABD00000F1200252E8003F5B1A42E80034002CEA
:10ABE000F8D1006A802801D3012010BD002010BDDB
:10ABF00070B586B014216846F5F770FE0E48002443
:10AC0000016841F00101016000680C4E00F0010094
:10AC10004FF48075059022462946304605F089FD9F
:10AC200001200095CDE9010469463046039405F002
:10AC300085FC06B070BD00003038024000000240C4
:10AC400070B586B014216846F5F748FE0E4800241A
:10AC5000016841F00201016000680C4E00F0020042
:10AC60004FF48055059022462946304605F061FD97
:10AC700001200095CDE9010469463046039405F0B2
:10AC80005DFC06B070BD0000303802400004024098
:10AC90002DE9F04F91B00D4604464FF400664FF495
:10ACA0008058F6F77BFDB0F5703F04D36FF00200DB
:10ACB00011B0BDE8F08F04F57031C0F57030086058
:10ACC0000020844604EB800202F57032401CC2F87A
:10ACD00004C0C2F814C00428F4DB686808B1654BEE
:10ACE00000E0002307AA26E028B3012826D0374633
:10ACF00042F82070401C0428F6DB00231E46581E34
:10AD000052F8267037B11F3323F01F033B440F68FE
:10AD1000BB42CDD8761C042EF2DB0E680027A6EBD2
:10AD2000030BCDF830C0CDF834C0CDF838C03B4669
:10AD3000CDF83CC006E00120CDF81C801F46D7E7C7
:10AD4000012B10D055F8236016B1864200D2304650
:10AD50005B1C042BF4DB431C0DF1300E15D00023DB
:10AD6000A0F1010903E00223ECE7012B38D055F8EC
:10AD700023603EB14E44B6FBF0F606B901264EF80C
:10AD8000236037445B1C042BEFDB0026BA463346B6
:10AD90004FEA020959F82320C2B31F3626F01F06D6
:10ADA0001046012B3ED055F8237087B3BAF1000F3F
:10ADB00038D05EF8237004974FB307FB0BF7B7FB4F
:10ADC000FAF727F01F07D019002B0CD04FF40077AB
:10ADD000A7F1010720EA070008D14FF47F3706E00A
:10ADE0004FF00203C3E74FF48067F1E7224FB84208
:10ADF00000D938460BB96FF309004FF40077B84219
:10AE000000D23846824203D2821A02E027E009E0EB
:10AE100000225F465A4500D93A46ABEB020B049A32
:10AE2000AAEB020A0A683718974206D9B24201D93A
:10AE3000901B00E0002020F01F0080B104EB830293
:10AE4000A71902F570320644576050615B1C042B51
:10AE5000A0DB0868B0420BD26FF0010028E704EBDA
:10AE6000830000F57030C0F804C0C0F814C0EDE7EE
:10AE700000201DE700710200FEFF010070B590B0D8
:10AE800028216846F5F72AFD254DE879002815D0D8
:10AE90000FA90AA800F0D8FF0AA90FA800F03EFFEA
:10AEA00004460E461F4905F1380000F037FF201A0E
:10AEB00076EB010204D30120A871002010B070BD10
:10AEC0004FF480763146184807F048F815480024BA
:10AED00001788DF8001041788DF8011081788DF897
:10AEE0000210406801908DF8034003944FF07060A9
:10AEF0000494CDE905400A480794383080788DF8ED
:10AF00002000022009966871AC7122466946064805
:10AF100007F04CF90028D1D06C71601ECEE700001C
:10AF20009801002018A600200C2B012010B5002845
:10AF300012D0002910D0094AB2F89822022A0BD167
:10AF4000074C227A002A07D10068E06314220548E2
:10AF5000F5F768FC0120607210BD0000049F00201E
:10AF6000980100202CA6002004490020C871887197
:10AF70004A79022A00D148717047000098010020E8
:10AF80007FB5294E307A00284CD12848F6F792F93F
:10AF9000274C04F1140007C80CF092FD012535720E
:10AFA00003F046F9234804F66836818BC068326B9B
:10AFB00089B2CDE90201CDE90025D4E909231E4972
:10AFC0001A48F5F77FFF00F049F804F5A051A1F603
:10AFD000EC1062698368402503950093CDE9012157
:10AFE00000F14401826B8B6B144915480BF098F902
:10AFF00000F028F9143494E807000CF03BFD306BA6
:10B0000010B10A48F6F7DAF801210E4801F0F4F819
:10B010000DA11148FEF783FC04B00F48BDE8704055
:10B02000FEF7A3BC7FBD00009801002030C20020C5
:10B03000D0A50020A0F60420702A0120342C012085
:10B04000842B012038B1002053594E432046414CF7
:10B050004C4241434B000000982C0020F0B585B0D5
:10B0600014221B496846F5F7DDFB72B60021DFF8B4
:10B0700064E00C466B4614254FF0200C53F8212059
:10B08000D06872450BD19668B6F5007F07D300F201
:10B09000FF106FF30800B04200D3801BD060002285
:10B0A00053F8216005EB8207F05153F821600CEB57
:10B0B0008207F451521C032AF2D3491C0529DDD31F
:10B0C00004484438FFF73EFA62B605B0F0BD000010
:10B0D00024E80308B0B000200B46084910B5CA792F
:10B0E00052B148B143B1896B01601422044918463A
:10B0F000F5F798FB012010BD002010BD980100203D
:10B1000018A600201CB542F20100F6F703FBFBF77E
:10B110000DF8FEF761F9164890F8F002154981F82C
:10B12000B301642005F094F8FFF718F942F2020029
:10B13000F6F7F0FAF6F75AFA42F20300F6F7EAFAEF
:10B1400001F024FB42F20400F6F7E4FA0A48002179
:10B15000CDE90001A0F50073064A08490848FBF74D
:10B160004BFCBDE81C4042F20500F6F7D3BA0000E4
:10B1700038B9002038B1002038B500202C2B012030
:10B180001029002030B5234C87B0204601F090FFF5
:10B190004FF0FF3588BB2046FEF7E7FB401C03D08D
:10B1A0002046FEF7A9FC18B11A4801F0C1FC24E0C2
:10B1B000184801F0BDFCC82005F04AF840F6C4105C
:10B1C00000F02EF81448C179B9B13C218DF8001077
:10B1D00034218DF80110806BCDF8020014220F4944
:10B1E0000DF10600F5F797FA3E208DF81A001B22A4
:10B1F0006946084801F08FFF10B1284607B030BDFE
:10B200002046FEF779FC0028CED1024801F090FCE0
:10B210000020F3E7046F00209801002018A600200A
:10B2200010B586B0044605A9684600F00DFE22461A
:10B23000694605A800F06CFB694605A800F002F914
:10B2400006B010BDFCB51049D1E90301CDE90001FC
:10B25000EFF3108772B6002214241146EC46202525
:10B260005CF82230D960002004EB8006995105EB90
:10B2700080069951401C0328F6D3521C022AEFD3B2
:10B28000002F00D162B6FCBD00E8030870B51A4C6F
:10B29000B4F85801012806D0B4F8580118B1BDE837
:10B2A000704003F0E9B9154D00202872E87920B10B
:10B2B000134905F13800FFF739FE1248B0F898023B
:10B2C000012811D1FFF75EFF70B1FFF74DFE01219C
:10B2D0000D4800F091FF0DA11048FEF720FBBDE8DE
:10B2E00070400E48FEF741BB0126AE70FFF7B6FE78
:10B2F000A4F85A6170BD00001029002098010020B8
:10B3000018A60020049F002038B1002053594E4356
:10B31000205354415254204552520000982C002092
:10B320000D4810B5002242720C49B1F85841012372
:10B33000012C03D0B1F8584104B1837081F86F300B
:10B340000274F7F797FC0648D0F81C1121F00301AE
:10B35000C0F81C1110BD0000980100201029002029
:10B3600038B100202DE9F041124C0120A074617C1D
:10B3700000291DD16074104F002600BF05F0DEF9D2
:10B380000546A674A06F08B1281A03D403F09EF9ED
:10B390000A35A5670848FCF70DFA00F00FF8B7F872
:10B3A000520008B9FBF7E6FCA07C0028E6D16674E1
:10B3B000BDE8F081980100201029002070B51D4ED5
:10B3C00086B0707A002832D01B48B0F89802022864
:10B3D0002DD11A48B0F85210002928D090F86F00EB
:10B3E000002824D105A9684600F02EFD694605A86D
:10B3F00000F094FC04460D46114906F13C0000F0B3
:10B400008DFCFA22821841F10003A01A75EB0301AA
:10B410000DD3002070720A485C38006A28B10068B9
:10B4200018B1006910F0010F01D1FFF7A9FD06B0B6
:10B4300070BD000098010020049F0020102900200A
:10B440002CA6002070B504000E4622D0002E20D07D
:10B45000104D20681422A8630F48F5F7E3F9012086
:10B46000E8710020A8710D4821680164142231465A
:10B470002C30F5F7D7F90A48216841631422314688
:10B480003830F5F7CFF931462046BDE87040FFF778
:10B490004DBD70BD9801002018A60020D0BB002033
:10B4A00050B2002070B58CB0002205A9234806F0E8
:10B4B000D1FD00220BA9214806F0AAFD0022694611
:10B4C0001E4806F0C7FD00220AA91C4806F0A0FD90
:10B4D0009DF816009DF802108842E5D19DF82E00D7
:10B4E0009DF82A108842DFD19DF82D009DF8291083
:10B4F0008842D9D19DF82F009DF82B108842D3D1D6
:10B500000F4901F1140000F009FC04460D4669469C
:10B510000AA800F003FC0B4E021B71EB050208D3D6
:10B52000001B61EB05014FF47A720023F4F762FF10
:10B5300000E00020C6F8F4020CB070BD0C2B012016
:10B54000FCBB002038B900200148007A7047000099
:10B55000980100202DE9F0471E4C86B0E0790028C4
:10B5600027D01D4904F1380000F0D8FB05460E46EF
:10B5700005F0E4F8804600274FF4807A41F29419F0
:10B580001DE005A9684600F05FFC694605A800F0CB
:10B59000C5FB401BB14115D205F0D0F8A0EB080166
:10B5A000494509D951460D4806F0D8FC67714FF05E
:10B5B000FF3006B0BDE8F087012004F049FEA07915
:10B5C0000028DED05146054806F0C8FC6771A77117
:10B5D0000020EEE79801002018A600200C2B012087
:10B5E0000F48104990F8C0378B63A0F5C04210791E
:10B5F000C8634FF0FF30042B10D0136A23B1082228
:10B6000028219F2000F038B800230B60D2F8942046
:10B610004A60054A93688B609269CA60704700006F
:10B62000A422012060A70020A0F604200F481049A2
:10B6300090F8C0378B63A0F5C0421079C8634FF013
:10B64000FF30042B10D0136A23B10222A021AC20BA
:10B6500000F012B800230B60D2F894204A60054A2B
:10B6600093688B609269CA6070470000A422012031
:10B6700060A70020A0F604202DE9F05F0C464A499F
:10B6800083469146086A4FF0FF3330B12CB1A02CAD
:10B6900003D8601D85B2A52D02D91846BDE8F09FDC
:10B6A00009EB49004608601E09FB00F202EB820725
:10B6B000C7EBC2120E2707EB820200FB06283B48AD
:10B6C0003B4F804503D238494A6E824204D2C7F8C4
:10B6D0002080486E7862E0E74946204600F088F80E
:10B6E00082463148016A3960D0F894107960314956
:10B6F0008A68BA608969F960416E39610179796156
:10B700000189B961C06AF861C7F82080C7F824A030
:10B71000BE622948D0F80C09F8622848D0F83802EF
:10B72000386305F00BF8786300202EE009FB00F188
:10B7300001EB8103C3EBC1131B4900FB05F28F181A
:10B740004FF0AD0C87F8A0C087F8A1B002EB050C54
:10B7500087F8A2008C44DA278CF89E708CF89F70D2
:10B760000AEB830300270C330CE000BFD1F820C0A4
:10B7700002EB070807FB06CC884413F80CC088F8D6
:10B78000A3C07F1CA742F1D3401CA042CED30C48DB
:10B79000002141808480C58080F808B080F809903D
:10B7A00004210170002079E7A4C20020007102008A
:10B7B00060A70020A0F60420983C0020985C0020A0
:10B7C000642A0120094A92F8C00702280DD192F894
:10B7D000C80700B9AC20B2F8C41701B9A02192F88B
:10B7E000C92702B90222FFF747BF7047A4220120F0
:10B7F0002DE9FE478A46054601EB4A0100204FEA43
:10B8000051092249009001900290D1F820C0BCF16A
:10B81000000F02D00024694624E00020BDE8FE8726
:10B820000AFB04F202EB8203C3EBC2120C2303EB0C
:10B83000820700220023BE180EE000BF03FB096848
:10B840001CF808805FEA086805D551F8228008F1E5
:10B85000010841F822800833AB42EFD3521C032A7F
:10B86000E8D30834AC42DBD3094C002251F8223033
:10B8700044F8223051F82050AB4200D9D0B2521CCB
:10B88000032AF3D3034981F87200C7E7A4C200205A
:10B89000A0A700201802002070B5184C184994F891
:10B8A000C0278A63B4F8C207C863042A02D04FF0E5
:10B8B000FF3070BD1349D1F80C19E1B9B4F8C417C1
:10B8C0000825884215D2B4F8C6270F4900FB02119B
:10B8D0000E48F9F786FC70B90C48FEF746F8B4F844
:10B8E000C207401C80B2A4F8C207B4F8C41788424B
:10B8F00001D384F8C057002070BD0000A4220120AD
:10B9000060A70020983C002044C30020982C002011
:10B91000FEB514460D46060052D0002D50D000F062
:10B92000FDF9001941F10001264A0023F4F762FDF8
:10B930001446074602AB01AA694600F08BF922487B
:10B94000B4FBF0F12970B4FBF0F100FB11404EF6AE
:10B950006021B0FBF1F26A70B0FBF1F201FB120062
:10B960004FF47A72B0FBF2F1A970B0FBF2F102FB76
:10B970001100AC681CB915490969C1F30E04611CBA
:10B98000A0FB01010023F4F735FDA04200D92046B9
:10B99000201AC5E901040098FF1CA0F5FA60F070B8
:10B9A000019870700298B070072097FBF0F100FBCF
:10B9B0001171C91D91FBF0F200FB1210401C307098
:10B9C000FEBD0000005C260580EE36000028004029
:10B9D0002DE9F041884605005DD0A8682F49041E76
:10B9E00002D10A69C2F30E0402D10869C0F30E0045
:10B9F0006968814200D90146401A4FF47A77A0FB6A
:10BA00000701661C32460023F4F7F4FCB84200D369
:10BA1000781E2978224A40F2537351436A7812FB08
:10BA200003F201EB4211AA7802EB4203C3EBC2120C
:10BA300001EBC20108441B494044B0FBF1F201FB99
:10BA4000120017491822B0FBF1F1B1FBF2F302FB2F
:10BA5000131129704EF66021B0FBF1F23C21B2FBCC
:10BA6000F1F301FB13226A703A46B0FBF2F3B3FB29
:10BA7000F1F701FB1731A970B0FBF2F102FB1100E5
:10BA8000A0FB06010023F4F7B5FCA04200D9204634
:10BA9000201AC5E90104BDE8F0810000002800403B
:10BAA00080EE3600005C26052DE9F04106462DEDBE
:10BAB0000A8BB0EE408A016800209FED5ECB4FF00C
:10BAC00000479FED5EAB11B10869C0F30E0004465C
:10BAD000401C12F04DF841EC190B18EE100A12F050
:10BAE0002DFC53EC192B41EC180B00259FED550B49
:10BAF00051EC100B11F02CFE53EC182B12F092F8B5
:10BB000011D253EC192B9FED510B51EC100B11F08E
:10BB10001FFE53EC182B12F0BFF904D20020BDEC2D
:10BB20000A8BBDE8F08153EC1C2B51EC180B12F082
:10BB3000B3F938D812E000223946304606F082F9CF
:10BB40000500ECD1B0EE4A0AF0EE6A0A53EC102B75
:10BB500051EC180B12F008FB41EC180B53EC1A2BAC
:10BB600051EC180B12F098F9E5D953EC1C2B51EC61
:10BB7000180B12F091F95AD253EC182B51EC1A0B06
:10BB800012F0F2FA53EC192B12F088F841EC100B7A
:10BB90000FF0FAFC002800DA0020A04200DD204669
:10BBA000024639463FE051EC180B11F0D7FC41EC4E
:10BBB000180B204611F0DCFF53EC192B11F0C8FDD7
:10BBC00041EC1B0B0EE022460021304606F03AF90C
:10BBD0000500A4D153EC1B2B51EC180B12F0C4FA46
:10BBE00041EC180B53EC1A2B51EC180B12F054F9D2
:10BBF000E9D953EC1C2B51EC180B12F04DF916D26D
:10BC000053EC192B51EC180B12F048F841EC100BC7
:10BC10000FF0BAFC002800DA0020A04200DD204628
:10BC2000020004D00021304606F00CF905462846F3
:10BC300075E70000000000000000000000000000A8
:10BC40000000F03F000000000000E0BF0000000026
:10BC50000000E03FF0B5284C0419284802D494FBBA
:10BC6000F0F003E0264D254495FBF0F0244D48F616
:10BC7000AC666D1E05FB004540F2B454B5FBF4F410
:10BC8000B5FBF6F62C1B34441C4E761EB5FBF6F6BF
:10BC9000A41B40F26D16B4FBF6F400EBC00606EBF5
:10BCA000001004EB00166420B4FBF0F740F26D10B6
:10BCB000604300EB9400C01B2C1A04EB8400992510
:10BCC000801CB0FBF5F000EB001505EBC505052762
:10BCD000AD1CB5FBF7F5641B641C1C600A2801D27F
:10BCE000C01C00E009381060022801D8012000E0E3
:10BCF000002030440860F0BD6CFA0A00B13A02003E
:10BD000050C5FDFF04480068C0F30120032801D09E
:10BD100000207047012070477038024030B5C3786A
:10BD20004278847803F5FA63022A01D8012000E002
:10BD300000201B1A4FF4C87002D493FBF0F003E00C
:10BD4000A3F28F1595FBF0F06FF01805454303EB58
:10BD50000513022A01D9D21E00E0093202EB0212B9
:10BD600002EBC2020525921CB2FBF5F222446424C8
:10BD7000B3FBF4F540F26D145C4304EB93035B1BDF
:10BD8000521E1A44174B00FB0320174A024409B104
:10BD9000886818B915480069C0F30E004B688342E3
:10BDA00001D9002300E0C31A4FF47A746343401CA6
:10BDB000B3FBF0F00B780E4C40F2537563434C78B4
:10BDC00014FB05F4897803EB441301EB4104C4EB45
:10BDD000C11103EBC1010844064B0021C2FB030162
:10BDE00030BD0000B13A02009405F5FF0028004084
:10BDF00080EE3600005C260510B5FEF739F910B16B
:10BE0000FDF714F808B1002010BD012010BD00009E
:10BE10007CB50D46060014D0002D12D0094CE078F8
:10BE200008B1606B01E04FF4FA4001AA694600F0E6
:10BE300049F80098306001982860009820660198C1
:10BE400060667CBD9801002030B58DB00C460500C1
:10BE500034D0002C32D0002205A9194806F0FAF897
:10BE600000220BA9164806F0D3F8002269461448B0
:10BE700006F0F0F800220AA9114806F0C9F89DF86A
:10BE800016009DF802108842E5D19DF82E009DF81D
:10BE90002A108842DFD19DF82D009DF82910884294
:10BEA000D9D19DF82F009DF82B108842D3D11422B0
:10BEB00069462846F4F7B6FC0A9820600DB030BDFC
:10BEC0000C2B01202DE9F05F93465FEA010A07463B
:10BED0004FF063084FF4A0794FF0FF362FD0BBF13D
:10BEE000000F2CD00FB94FF4FA477F24651C0023B4
:10BEF0002A463846194600F09BFB38B1B0F5004F92
:10BF000015D84543BD4203D3E91B02E00120F8E701
:10BF1000791BB14208D301D1444505D8B14206D1BD
:10BF2000444504D1484502D90E46A0468146641EC8
:10BF3000DCD5A9F10100CAF80080CBF80000BDE80B
:10BF4000F09F00002DE9F05F0546007F0F460128B5
:10BF500028D04FF0010B85F81CB0022068772868C4
:10BF6000002680684FEA4060FAB1002800DBFE70CE
:10BF7000B878397840EA01447878F978000240EAE4
:10BF8000014004432968CA20486229685320486256
:10BF900028460DF099FB4FF0FF084FF0040A0028E7
:10BFA00065D116E00220BDE8F09F002800DBFE709E
:10BFB00038780DF07EFB040478780DF07AFB44EAC3
:10BFC0000024B8780DF075FB0443F87844EA004487
:10BFD000D8E72F480440286804602E490FB1BA689A
:10BFE00012B90869C0F30E0228684FF00004B0F1DE
:10BFF000000902D00069C0F30E040FB1B86810B98F
:10C000000869C0F30E000FB1796800E00021814299
:10C0100000D90146401A904200D910460AB1944214
:10C0200004D12146A04212D9084610E0631C521CDC
:10C03000074671084FEA3200E7FB03014FF00003A7
:10C04000F4F7D8F9221A76EB010100D22046211A22
:10C05000C9F828102868816821F480218160286847
:10C06000806880060BD4284606F01CFA38B129688F
:10C07000C1F8248085F81DA02E77012093E7296858
:10C08000C1F8248085F81DB02E7700208BE70000D2
:10C090007F7F7F0000280040FEB516460C46050055
:10C0A0005AD0002C58D0FFF739FE0022331A72EB19
:10C0B000010303D2801B61EB020101E00020014675
:10C0C000264A0023F4F796F91646074602AB01AA62
:10C0D0006946FFF7BFFD2248B6FBF0F12170B6FBC1
:10C0E000F0F100FB11604EF66021B0FBF1F26270DE
:10C0F000B0FBF1F201FB12004FF47A72B0FBF2F1E7
:10C10000A170B0FBF2F102FB1100A6681EB915493F
:10C110000969C1F30E06711CA0FB01010023F4F7AD
:10C1200069F9B04200D93046301AC4E901060098D6
:10C13000FF1CA0F5FA60E870019868700298A8707A
:10C14000072097FBF0F100FB1171C91D91FBF0F284
:10C1500000FB1210401C2870FEBD0000005C26058C
:10C1600080EE36000028004000B58BB00022694602
:10C170001F4805F06FFF00220AA91D4805F048FF7F
:10C18000002205A91A4805F065FF00220AA91848EF
:10C1900005F03EFF9DF802009DF816108842E5D19B
:10C1A000079818B913480069C0F30E000699814238
:10C1B00000D90146411A4FF47A725143401CB1FB39
:10C1C000F0F09DF814104FF4616211FB02F19DF83C
:10C1D0001520C2EB021201EB82019DF816200BB074
:10C1E000114401EB4102C2EBC11100EBC10000BDE3
:10C1F0000C2B012000280040D0F844210A43C0F84D
:10C20000442170472DE9F04FCA4887B0B0F8B0021A
:10C21000C0F30014F6F772FBC74E4FF0010834B1BB
:10C22000307D20B9F6F79CFB08B186F80180DFF875
:10C230000C930027B9F89802012828D1DFF8F8A25A
:10C240000AF1800A0CB1307D08B1707858B100F065
:10C25000CDFE00F097FE0420707504F06FFA783080
:10C26000CAF8040077708CB1707D80B104F066FA72
:10C270000546DAF80400281A09D400F083FE707D20
:10C28000401E7075B435CAF8045000E077753475F7
:10C290003079AB4DAB4C60B1B4F8520048B994F86A
:10C2A0006E0030B93771D5F8E00240F02000C5F8D3
:10C2B000E002D5F8E002800623D5D5F8E00220F0B0
:10C2C0002000C5F8E002B4F8520010B994F86E00EE
:10C2D00010B186F8048014E09B494FF480709B4BAA
:10C2E00091F82A104200CDE90201CDE90023984AD5
:10C2F00098499548FCF760FEC8B180219648FFF741
:10C300007BFFD5F8E0024FF0AD0BC0071BD0DFF884
:10C310004CA2BAF80000400715D4F6F725FCB9F88E
:10C320009802022809D0FFF767FD08B325E0142220
:10C330008B498548FCF78EFFE3E7D5F8E00220F053
:10C340000100C5F8E002D5F8E002400607D5D5F8AF
:10C35000E00220F04000C5F8E002F6F7FDFDD5F858
:10C36000DC02A946000760D5B4F85200E0B35CE0F7
:10C37000FFF7C8FC08B90CF0AFFE02F0CBF99AED5C
:10C38000020ADAED010A9AED031ABAF8260030EE35
:10C39000600ADAED060AADF814008DF800B08220CC
:10C3A0008DF8010010EE100A8DF80280CDF8030020
:10C3B00010EE900A1322CDF8070011EE100A69461C
:10C3C000CDF80B00BDF81400ADF80F00DA208DF8A1
:10C3D00011008DF812006348F8F748FF0028ACD12F
:10C3E0006048FDF7C2FAA8E7FFE794F86E00E0B9ED
:10C3F000A07CD0B9E07CC0B900F004FA60B1F9F7D4
:10C4000095FE022003F024FF00F0C0F94D48FAF732
:10C410006DFCF9F7A7FD02E04A48FAF767FCD9F886
:10C42000DC1221F00801C9F8DC12307BB04668B399
:10C4300094F86E0050BB72B688F80C7062B6B4F80F
:10C44000520010B100F014FA1EE0002600F0DAF9F4
:10C4500028B10126F9F76AFE022003F0F9FE3B4DF0
:10C460001835286840F080502860142003F0F0FE52
:10C47000286840F480502860142003F0E9FE00F0A2
:10C4800085F90EB1F9F76EFDF6F7F4FB98F80A009E
:10C490004546C0B3B4F85200A8BB94F86E0090BBF8
:10C4A000002600F0AFF938B10126F9F73FFE02206F
:10C4B00003F0CEFE00F06AF9E07C10B108F0FCFE5B
:10C4C000E774A07C00B1A77472B6E87AAF7262B666
:10C4D00000F0DCF88DF800B095218DF80110CDF852
:10C4E0000200DA208DF806008DF807000822694660
:10C4F0001C48F8F7BBFE1B48FDF737FAF6F7BAFB06
:10C500000EB1F9F72FFD687B48B1D9F8E002C007FA
:10C5100005D172B6688B6F7362B600F0F7F9FFF75A
:10C52000BBF9F9F793FFF6F7E3FB07B0BDE8F04F6F
:10C53000F6F72CBB985C002098010020049F002097
:10C5400038B9002010290020B8C1002000040240A2
:10C55000742F0120B82A012038B10020A4A10020A6
:10C56000BCAF0020982C002030B51548A3B000685F
:10C57000154A144910F4407F4FF0010411601AD19C
:10C58000342116A8F4F7AAF958216846F4F7A6F959
:10C59000082500201695CDE91B4016A805F07EFA67
:10C5A00030B9600209900095684604F057FF10B159
:10C5B000002023B030BD054804600120F9E70000E9
:10C5C00070380240002800400C2B01203C0E4742EE
:10C5D00038B504461348016841F080510160006895
:10C5E00000F08050009004F0FDFEFFF7BDFF68B141
:10C5F000012C0FD0022C0DD0002212210A4805F088
:10C600001CFC00221321084805F017FCBDE8384047
:10C6100004F0DCBE054A1221034805F00EFC224658
:10C62000F0E70000403802400C2B0120A120E30C71
:10C6300070B552EA030407D05C084FEA32052818A7
:10C640006141F3F7D7FE70BD002070BD00B591B019
:10C65000AD218DF8001010218DF8011001463C220B
:10C660000DF10200F4F757F8DA208DF83E008DF84E
:10C670003F00402269460448FDF7FAF80248FDF7FA
:10C6800074F911B000BD0000982C00202DE9F0478E
:10C69000DFF8F0900446ADF5806DB9F81070B9F888
:10C6A0005200002869D1384D2878C00704D100F025
:10C6B0006DF82878C00760D004B90124BC4200D9C5
:10C6C000FCB2002C59D04FF4007A3C1B4FF000080C
:10C6D000554651466846F4F701F9294680A8F4F713
:10C6E000FDF8CCB1601E3F21B0FBF1F2B0FBF1F5DB
:10C6F00001FB120616F10106D9F84810802901D372
:10C70000A1F18008D9F8501149B1A84507D1524686
:10C710006846F9F715FC08E000252E46ECE7694667
:10C7200005F1800000F094F838BB00963F2E01D34D
:10C73000012000E000207F902CB9D9F80810019169
:10C74000D9F80C00409005F180006946064600F0DB
:10C7500031F990B980A905F1810000F02BF960B999
:10C76000A9F81040C9F84860D9F850014D4618B1F1
:10C7700052466946F4F756F82F8A0DF5806D384613
:10C78000BDE8F087102900204402002010B5194CA4
:10C79000206820F0010020600DF0A4FB022003F0CF
:10C7A00057FD154807F0DCF9002821D1206842F236
:10C7B000107140F001002060104800E000BF826866
:10C7C000920701D4491EF9D20C490D4A0C3111606F
:10C7D000016821F040010160416841F002014160BF
:10C7E000016841F040010160BDE81040F6F706BB6A
:10C7F00010BD0000440200202C2B0120003001401D
:10C80000606402400020042100E0401C21FA00F294
:10C81000D20713D0102813D20B4909684000C14039
:10C8200001F0030003280DD000200849096841F3F6
:10C830000031491C20B119B1012070471028E4D300
:10C84000002070470120F0E700000240140402407D
:10C8500070B50D46064600242946304607F0FCFC1C
:10C86000002804D0641C042CF6D34FF0FF3070BDB8
:10C8700070B508F021FD214C0020E074A07442F254
:10C8800010711F4800E000BF8268920701D4491E62
:10C89000F9D21C490A6822F001020A6000E000BFD8
:10C8A0000A68D207FBD1016821F0400101604168AC
:10C8B00021F002014160016841F040010160124D28
:10C8C000286840F080502860142003F0C1FC2868DC
:10C8D00040F480502860142003F0BAFCFFF756FFA4
:10C8E000B4F85200002808D094F86E00002804D153
:10C8F0000220A4F85801A4F85A0170BD10290020A4
:10C900000030014058640240180402402DE9F04113
:10C91000ADF5816D04464FF4017841466846F3F762
:10C92000DDFFAD208DF800001F4994208DF8010037
:10C93000886C6D464FF4007280280AD3803880B22C
:10C94000A04206D1D1F8501119B1A81CF9F7F8FA94
:10C9500018E01646114681A8F3F7C0FF134F387848
:10C96000C00704D1FFF712FF3878C0070AD081A9A9
:10C9700004F18000FFF76CFF20B9324681A9A81CA2
:10C98000F3F7C9FEDA208DF802028DF80302424661
:10C9900069460748F8F76AFC0548FCF7E6FF0DF51D
:10C9A000816DBDE8F08100001029002044020020C4
:10C9B000982C002070B50D460646002429463046C6
:10C9C00008F03AFF002804D0641C042CF6D34FF082
:10C9D000FF3070BD10B5002818D000F54050B0F8F9
:10C9E0009802022812D10A48C07958B90948B0F80B
:10C9F0005811012902D0B0F8580118B940F6C410F6
:10CA0000FEF70EFCBDE81040FEF740BC10BD000074
:10CA1000980100201029002010B500280ED000F544
:10CA200040510C46D1F83412002907D0FDF7FEF82A
:10CA3000D4F83402BDE8104006F08BBE10BD38B506
:10CA4000050031D000F09AF805F54054D4F83402CE
:10CA5000002829D00168C4F830120068002823D0CB
:10CA6000002921D02846FDF724F9D4F8300278B106
:10CA700041688DF80010016821F0200101609DF8E7
:10CA80000000D4F83002C16842F220021143C160B4
:10CA9000D4F82402002807D0284600F075F828466C
:10CAA000BDE83840FCF761BF38BD000038B5040070
:10CAB0000FA0006800901AD004F54051D1F834025C
:10CAC000002814D00068002811D0D1F830020028C6
:10CAD0000DD0204600F058F8032269462046FCF7A6
:10CAE000C7FE204600F0E4FA2046FCF73EFF38BDC2
:10CAF0003C803E0070B50D46040018D0002D16D0C5
:10CB00002868002813D0002A11D043F29C2002513B
:10CB1000204600F037F829462046FCF751FD204614
:10CB2000FFF78DFF2046BDE87040FFF7BFBF70BD27
:10CB300000281BD000F54050D0F83402002815D052
:10CB40000168002912D00A4800E000BF0A685206B6
:10CB500001D4401EF9D2074A07489142416802D1E8
:10CB600041F4006101E041F48051416070470000F0
:10CB7000400D0300001401400000024010B50DF00C
:10CB8000BFF910BD0DF0BCB9094960B100F54050C6
:10CB9000D0F8340238B10068064A904203D14868A0
:10CBA00020F4006002E0486820F48050486070473C
:10CBB000000002400014014070B500281ED000297A
:10CBC0001CD000F540540546D4F83422002A15D074
:10CBD0001268002A12D0C4F83022C4F89C1200F067
:10CBE00067FA2846FCF7C1FE002807DA2846FDF759
:10CBF0000BF82846BDE87040FCF7B7BE70BD0000DA
:10CC00000C4810B50068002813D0816B002910D0A3
:10CC1000094CD4F83402884203D0A4F54050FCF704
:10CC2000CFFC0648C4F89C02BDE810400448FFF75A
:10CC300006BF10BD38B90020049F002038B1002085
:10CC4000046F00202DE9F04F91B0DFF8048308AAAB
:10CC500002A94046FCF7FDFC002845D108F5405AE2
:10CC6000BC4EBAF898020027022800D1377002990A
:10CC7000B94CDFF8E8920A78B94D4FF0040B832ADB
:10CC800074D042DC402A72D031DC302A29D0312ADB
:10CC90007FD0342A28D104220EA8491CF9F750F974
:10CCA0000299142203A8491DF9F74AF90E980F902A
:10CCB000142203A909A8F3F7B5FD40F6C41209A987
:10CCC0000FA8FFF7E9F900220FA9A64805F03EFBDF
:10CCD000002209A9A348FFF735F903A90EA8FEF71A
:10CCE000B1FB4046FFF776FE11B0BDE8F08F412A58
:10CCF00068D0802A6FD0822AF6D10898002903D004
:10CD0000042801D3822A67D0D2E0DFF85C82A12A0E
:10CD10007ED02EDC862A7CD0892A5ED08A2AE3D176
:10CD200004226846491CF9F70BF90299142209A854
:10CD3000491DF9F705F9002269468A4805F006FB06
:10CD4000002209A98748FFF7FDF8A9F800B0D4F838
:10CD5000E00220F00100C4F8E002B5F8980220F0EB
:10CD6000400040F08000A5F89802BDE7BBE022E05B
:10CD70000FE0AB2A7AD0AC2AB6D14878CA28B3D112
:10CD8000AC21C8F80410012003F062FAF4F726F889
:10CD9000AAE70228A8D1FEF7C3FA74A10522D1E9B7
:10CDA0000001CDE9030103A94046F8F75FFA4046C8
:10CDB000FCF7DBFD98E7022896D1D4F8DC0240F0BE
:10CDC000020005E002288FD1D4F8DC0220F0020036
:10CDD000C4F8DC0288E74AE061E0604800F020FF28
:10CDE0000120A9F800009FED630A86ED090A86ED8F
:10CDF0000A0A86ED0B0AD4F8E01241F00101C4F8EA
:10CE0000E012B5F8981221F0800141F0400101E0F4
:10CE10006DE01BE0A5F89812BAF898120229A4D187
:10CE20003C218DF8001082218DF801108DF8020050
:10CE300041208DF803008DF804703E208DF8050028
:10CE400006226946424800F066F94DE7042268462A
:10CE5000491CF9F775F80299142203A8491DF9F73E
:10CE60006FF803A96846FEF7EDFA3DE764E0B07895
:10CE700000288DD14048B0F85210002988D190F890
:10CE80006E10002984D1B0F85811012903D0B0F8F0
:10CE9000580100288ED12E4800F00AF924E748787E
:10CEA000532805D18878522802D1C878012891D01A
:10CEB000ADF800704888ADF80000B5F89802BDF8EC
:10CEC000001020F0C00001F0C0021043A5F8980245
:10CED0000806BAD5A9F800B0D4F8E00220F00100A5
:10CEE000C4F8E00200E74878FDF718FAFCE6487855
:10CEF000F0B101281CD00228A7D12048016841F0D8
:10CF000080510160006800F08050009004F06AFADF
:10CF1000FFF72AFB48B11A4A1221124804F08DFF8C
:10CF2000022213210F4804F088FF04F04FFA01E0B9
:10CF3000FFF74EFBA12103E04878BA2885D1AB2149
:10CF4000C8F80410012003F083F90EF093F80000F4
:10CF5000046F00209801002038B90020A4A100200F
:10CF6000985C00200C2B0120001001405A5A31A57A
:10CF7000A5000000000000001029002040380240F9
:10CF8000A220E30C00B516488DB0B0F89802012835
:10CF900023D1002208A9134805F05CF8002207A954
:10CFA000104805F035F83C208DF800008A208DF8F7
:10CFB00001000798CDF80200142208A90DF106001F
:10CFC000F3F7A9FB3E208DF81A001B22694606489C
:10CFD00000F0A1F80448FCF78FFD0DB000BD000083
:10CFE000049F00200C2B0120046F002070B586B038
:10CFF00014216846F3F772FC264CB4F89802012815
:10D0000045D125482549806B884240D12448007C81
:10D0100000283CD1084606F09CFB204806F0E6FBC1
:10D0200020480021026842F00102026000684FF4CB
:10D03000805500F00100009505900120CDE9010127
:10D04000194E03916946304603F078FA01222946C9
:10D05000304603F06EFB022003F0FAF80022294666
:10D06000304603F066FB282003F0F2F8012229463F
:10D07000304603F05EFB022003F0EAF80CF040FFBC
:10D080000A48C4F89C02A4F54050FFF7D8FC06B04B
:10D0900070BD0000049F0020D0A500203C2E012080
:10D0A00098010020303802400000024038B10020D2
:10D0B000F8B504004FF0FF360BD004F54055D5F815
:10D0C0009C0230B16A4640F203212046F8F742F94B
:10D0D00008B13046F8BD00983C214FF4007200F8CA
:10D0E000011B012100F8011BD5F89C12F3F713FB7B
:10D0F00000993E2081F802022046FFF745FD2046B8
:10D10000F8F7C9F80028E5D02046F8F79CF9204642
:10D11000FFF70EFDDDE72DE9F04115460E46040050
:10D120004FF0FF371ED0EEB1E5B104F54050D0F816
:10D130003412B9B10968A9B1D0F8300290B12046D3
:10D14000FFF722FD2A4631462046FCF791FB60B1ED
:10D150002046FCF759FD2A4631462046FCF788FB5D
:10D1600090B902E03846BDE8F0812046FCF7FDFBAF
:10D17000401C07D12046FCF747FD2046FCF7F5FB95
:10D18000401C01D00020EEE72046FFF7D1FCE9E784
:10D1900038B5040008A0006800908DF802100AD08D
:10D1A0002046FFF7F1FC042269462046FCF760FBAD
:10D1B0002046FCF7DAFB38BD3C83003E10B5314C0D
:10D1C000206840F00200206001220621072004F0C0
:10D1D000BFF8072004F0AFF8206840F0040020609A
:10D1E00001220721082004F0B3F8082004F0A3F876
:10D1F000206840F00800206001220521092004F089
:10D20000A7F8092004F097F8206840F0100020608B
:10D21000012207210A2004F09BF80A2004F08BF871
:10D22000206840F02000206000220721172004F031
:10D230008FF8172004F07FF8206840F0800020600D
:10D2400001220721172004F083F8172004F073F857
:10D25000206840F48070206001220621172004F02D
:10D2600077F8172004F067F8206840F40070206019
:10D2700000220721172004F06BF8BDE810401720AA
:10D2800004F059B8003C014004490B680122824077
:10D2900093430B600868104308607047103C0140DE
:10D2A0004FF6FF71A0FB010143F290325310C018FA
:10D2B00010B541F100010023F3F79CF880B210BDD6
:10D2C0004FF6FF71A0FB010140F6E4425310C01875
:10D2D00010B541F100010023F3F78CF880B210BDC6
:10D2E000F0B50E4602F00701D7080446464A474803
:10D2F000002585B0944207D1026842F00102026025
:10D30000006800F001004BE0414A944207D10268F6
:10D3100042F002020260006800F0020040E03D4A74
:10D32000944207D1026842F004020260006800F0F3
:10D33000040035E0384A944207D1026842F00802FE
:10D340000260006800F008002AE0344A944207D1E5
:10D35000026842F010020260006800F010001FE056
:10D360002F4A944207D1026842F02002026000680E
:10D3700000F0200014E02B4A944207D1026842F0EA
:10D3800040020260006800F0400009E0264A944232
:10D3900007D1026842F080020260006800F080005D
:10D3A000009099B101291AD0022925D1142168468B
:10D3B000F3F794FA01200096CDE90105694620466D
:10D3C000039503F0BBF8CFB1012218E014216846A1
:10D3D000F3F784FA03200096CDE9010507E0142154
:10D3E0006846F3F77BFA02200096CDE901506946C2
:10D3F0002046039503F0A2F805B0F0BD00223146A7
:10D40000204603F096F9F7E700000240303802406A
:10D410000004024000080240000C024000100240DC
:10D420000014024000180240001C024061B10E4B83
:10D4300001290FD0022911D0032914D190F8EF222D
:10D4400019151846FFF74CBF90F8EC224FF4005125
:10D450000648F7E790F8ED221021F2E790F8EE2267
:10D460004FF40071EDE770470000024000080240F1
:10D4700010B5F8F711FF04461A48016841F0005151
:10D48000016000200CF02AFF00F086F80120F8F778
:10D490002BFF05F05EFB1449486814B140F003000F
:10D4A00001E020F00700486003F08AFF0F480168A0
:10D4B00041F00401016003F07DFF0D49086820F48C
:10D4C00000700860086820F4806008604FF0010177
:10D4D00008461CB1BDE8104003F090BFBDE8104005
:10D4E00003F09EBF18080240002004E000700040D6
:10D4F000003C024010B5172003F00CFF0CF0F8FBC5
:10D500000CF004FCF5F7FAF91A4C1B48B4F8981221
:10D51000012901D0194900E01949816319480068BF
:10D5200070B1816B61B1D4F83402884202D01648E0
:10D53000FCF746F81548C4F89C021348FFF77FFA39
:10D540001348FCF7B6FB1348C16841F40051C160B1
:10D5500000220721172003F0FBFE172003F0EBFE4B
:10D56000B4F89802012803D1BDE81040FFF73EBD92
:10D5700010BD0000049F0020D0A50020CC2E01206B
:10D580003C2E012038B90020046F002038B1002063
:10D59000982C0020001001402DE9F04786B0F8F7E4
:10D5A000E1FC52484FF00008016841F001010160C0
:10D5B0000068142100F0010005906846F3F78EF929
:10D5C0004B484D4F4C4DB0F898124A48143701243F
:10D5D0004FF4C059012966D04FF44411CDF80090A2
:10D5E000CDE901144E46694602F0A8FF3F481430C9
:10D5F000016841F480410160006800F480400590BA
:10D600003E48016821F470410160001D016821F06D
:10D610000F010160286840F4C05028603648083087
:10D62000016841F4C0510160001D016841F4C0511E
:10D6300001603E6000220621282003F089FE282098
:10D6400003F079FE2E48016841F4004101602D4845
:10D6500006F07FF82B4806F0C9F84020CDE9000419
:10D66000294DCDF8088069462846CDF80C8002F097
:10D6700065FF01224021284603F05BF880200090DE
:10D680004FF40410CDE901046946284602F056FF24
:10D6900000220721172003F05BFE172003F04BFE4A
:10D6A00006B0BDE8F0874FF4006146468DE85200B1
:10D6B00000228246CDF80C8003F03BF869465046C4
:10D6C00002F03CFF4FF48050CDE900066946029419
:10D6D000504602F033FF286820F4C0502860C7F895
:10D6E0000090282003F016FEACE70000303802401E
:10D6F000049F002000000240003C0140103801401F
:10D7000018080240842E012000040240042902D29D
:10D71000431883F8EC22FFF789BE0000F8B54FF0FC
:10D72000000104004FF010058DF8001048D0216072
:10D7300061602448F3F71EFD234800F089F8234870
:10D74000B0F8521011B990F86E0000B111251E4EBC
:10D75000D6F8DC0210F0020F01D045F00205684651
:10D76000F5F734F99DF8001009B145F00405D6F835
:10D77000F412B1F1807F01D36FF07F41D6F800231E
:10D780000A23B2FBF3F292B2B2F57A7F01D340F2F0
:10D79000E732257061700D0AA570090CE1702071E7
:10D7A0006420B2FBF0F06071B2FBF3F0B0FBF3F178
:10D7B00003FB1100A071B2FBF3F003FB1020E0713A
:10D7C000F8BD000030C2002038B900201029002028
:10D7D0000022C0F8DC22022380F8EC32C0F8E822F4
:10D7E000C0F8002301607047D0F8DC0200F00200AE
:10D7F00070470000134810B5016841F400710160E2
:10D80000016841F48061016000200CF0B9FC002047
:10D8100003F034FD04F062FEFFF76CFE0A48016875
:10D8200041F000410160016841F400510160322083
:10D8300002F00EFD0548D0F8E01241F00101C0F8F9
:10D84000E01210BD003C02401808024038B9002028
:10D850002DE9FC4705460020009001903F48F3F772
:10D8600089FC4FF0FF3900286BD13D4CA07D022888
:10D8700006D23A48F3F77EFC10B9A07D401CA07593
:10D88000364C60680768F86B46F2207880B2A0FBDF
:10D89000080147F6FF7280184FF6FF7641F100014C
:10D8A00032460023F2F7A6FD0090386C43F2903721
:10D8B00080B2A0FB07017210801841F100013246CE
:10D8C0000023F2F797FD019000984FF4FA61884227
:10D8D00009D3024641F66410824204D8019A8A4272
:10D8E00001D3824221D91D48F3F744FCE8B96068AE
:10D8F0000468E06B47F6FF7280B2A0FB0801801855
:10D9000041F1000132460023F2F774FD0090206CD3
:10D9100047F6FF7280B2A0FB0701801841F10001B9
:10D9200032460023F2F766FD0190009848B10146A7
:10D93000019A41F27070914208D9814204D910468F
:10D9400008E04846BDE8FC87084603E011468242ED
:10D95000FAD90098C5F800030020F3E730C2002090
:10D96000980100201CB512A000680190EFF3108010
:10D97000002815D1EFF3058090B904F0AFFD042223
:10D9800001A90C4800F03AF80B4864210068B0FB8C
:10D99000F1F0009001E000BF0846411E0091FAD26C
:10D9A00072B6BFF34F8FBFF36F8F0DF063FB0000B4
:10D9B000ADABDADA38B90020D80500200A4A10B534
:10D9C000A2F580610948F5F77DFD09480068002847
:10D9D00008D0816B002905D0BDE81040054A0648F3
:10D9E000FFF788B810BD000038B50020E005002022
:10D9F00038B9002038B10020046F002010B504466B
:10DA0000D0F8C002F7F732FCD4F8C002BDE81040ED
:10DA1000FBF7ABBF70B5F8F73FFC214D0446286813
:10DA200040F00050286001200CF058FC0520F8F769
:10DA30005BFC05F08EF81B49486814B140F001000A
:10DA400001E020F00100486003F0B4FC164C2068AF
:10DA500020F400702060206820F4806020600121A4
:10DA6000084603F0CBFC206840F40070206020687A
:10DA700040F48060206000200CF082FB04F02EFD5A
:10DA800000F014F8286840F000402860286840F44E
:10DA900000502860BDE87040322002F0D9BB000081
:10DAA00018080240002004E0003C0240074810B57E
:10DAB000006828B1816B19B1054A0648FFF71AF8CA
:10DAC000BDE810400148F9F72FBF000038B9002029
:10DAD00038B10020046F002070B5094D04460022C3
:10DAE000286804F5A871006C04F0B4FA286804F5FD
:10DAF000A6710022006CBDE8704004F089BA0000F5
:10DB000038B90020C0F80013704700002DE9F04735
:10DB100088B005461E46DDE910091C230F46129AFF
:10DB20000021C5F8A0321F23C5F89C3295F8088063
:10DB30006B68D3F84C41022384F8B831A662E062E6
:10DB40002263676306FB08F35B004FEAE37CCDE9E1
:10DB5000063C324B5843C317CDE9040309FB02F0DE
:10DB60004000CDE902017801C217CDE90002002092
:10DB700004EB400211811183401C0828F8DB676325
:10DB8000A4F80880DDE90601DDE90023F2F732FCA4
:10DB90002083696806984FF0010AC1F88C00A4F848
:10DBA0000AA0DDE90401DDE90023F2F723FC60832C
:10DBB00069680498C1F8B000A4F80C90DDE902018E
:10DBC000DDE90023F2F716FCA08369680298C1F82A
:10DBD000D4001020E081A4F81EA069680098C1F864
:10DBE000F80040F2E240864200D20646B6FBF7F06B
:10DBF00084F8400140F27120B6FBF0F084F8410156
:10DC0000B6FBF7F14FEAE87208EB127000114143DE
:10DC1000A4F8421108B0BDE8F087000000710200CE
:10DC20009FED0B0A002180ED070A80ED080A80EDC8
:10DC3000050A80ED030A80ED040A80ED060A80EDF6
:10DC4000010A80ED020A8184C18401850180704748
:10DC5000000000002DE9F04704462DED088B0088F8
:10DC600000287DD09FED51AA012802D0022877D14B
:10DC700012E0E08C04EB800080ED0B0AD4ED050A85
:10DC800040EE0A0AC4ED050AE08C401CE084E08CFA
:10DC9000FF2865D9022083E00020DFED458A054694
:10DCA000B0EE688A9FED439B04EB802604EB80086E
:10DCB00006EB8500D8ED050A90ED0B0A30EE600A00
:10DCC00010EE100A10F03AFB41EC100BB0EE491ABE
:10DCD000F0EE691A0DF0D8FCB0EE40BAF0EE60BA82
:10DCE00018EE100A10F02AFB53EC1B2B0FF074FCFB
:10DCF0000FF040FC08EE100A6D1CFF2DD8DD06F178
:10DD00002C004FF4807100F015F928EE0A0A10EE8D
:10DD1000100A10F013FB41EC100B0EF041FB51EC1C
:10DD2000100B0FF027FC08EE100A40259FED239BF7
:10DD30004FF0C0095FF0000706EB8500C06A10F0E5
:10DD4000FDFA53EC192B0FF047FC41EC190B6D1C3D
:10DD50007F1C4D45F0D377B138460FF009FF00E046
:10DD60001FE041EC100B51EC190B53EC102B0FF092
:10DD7000EFFC41EC190B51EC190B0FF0FBFB00EE23
:10DD8000100A042088ED070A96ED8A0A88ED080A31
:10DD900088ED068A94ED070A84ED020AC4ED018A33
:10DDA00020802088BDEC088BBDE8F0870000803B18
:10DDB0000000000000000000000000400000000023
:10DDC0000000000070B50C468CB0054600263246B7
:10DDD00005A9204604F03EF932460AA9204604F07F
:10DDE00017F99DF815109DF81600C1EB011100EB15
:10DDF0008100069942F20F72511AAD228DF800206F
:10DE00008C228DF80120CDF80200CDF80610DA2022
:10DE10008DF812008DF81300142269462846FBF78E
:10DE200027FD0A4C58B1208D401C80B22085032864
:10DE300001D3082020804FF0FF300CB070BD284681
:10DE4000FBF793FD00202085F7E70000A4A1002048
:10DE500038B50546AD208DF800008B208DF8010007
:10DE6000DA208DF802008DF8030004226946284666
:10DE7000FBF7FEFC094C50B1208D401C80B2208580
:10DE8000032801D3082020804FF0FF3038BD2846FA
:10DE9000FBF76BFD0020208538BD0000A4A1002009
:10DEA00070B50C468EB005460026324607A92046BE
:10DEB00004F0D0F832460CA9204604F0A9F89DF8E9
:10DEC0001D109DF81E00C1EB011100EB81000899A7
:10DED00042F20F72511AAD228DF800208D228DF87A
:10DEE0000120CDF80200CDF8061010210DF10A0036
:10DEF000F2F7D2FCDA208DF81A008DF81B001C22F4
:10DF000069462846FBF7B4FC094C58B1208D401CEB
:10DF100080B22085032801D3082020804FF0FF30F5
:10DF20000EB070BD2846FBF720FD00202085F7E7E6
:10DF3000A4A1002070B500234E1E14E00022CD1ACB
:10DF40006D1E0DE000EB820494EC020AB4EEE00AD0
:10DF5000F1EE10FA03DDC4ED000A84ED010A521C53
:10DF60009542EFD85B1CB342E8D3002070BD00009F
:10DF7000F0EE400AF5EEC00AF1EE10FA02D89FED7D
:10DF80000D0A704710EE900AB0F17E5F02DDB0EE30
:10DF9000600A01E0B7EE000A0020B6EE001A00BFEA
:10DFA000C0EE801A401C062831EE800A20EE010ADD
:10DFB000F6DB70470000000090ED010ADFED150A66
:10DFC000B8EE401A9FED140AC1EE001A90ED001A47
:10DFD000B8EE411A31EE811AD1ED011AB8EE612A7C
:10DFE000C2EE001A91ED000A0C49B8EE400A31EE7B
:10DFF000800A31EE400A10EE100A884202DD30EE4F
:10E00000600A704710EE100A05498842F9D930EECF
:10E01000200A70470000614500401C460000E144B2
:10E020000000E1C42DE9F04705462DED088BADF564
:10E03000806DB0EE40BA008801285ED1EC8C8C4235
:10E040005BD3B4F5807F58D89FED608B0026B0EE8F
:10E0500048AAF0EE68AA0CE005EB8600C06A10F052
:10E060006DF953EC1A2B0FF0B7FA41EC1A0B761C32
:10E07000B6B2A642F0D320460FF07AFD884648ECAF
:10E08000110B074653EC112B51EC1A0B0FF060FBF0
:10E0900041EC190BB0EE48AAF0EE68AA002616E093
:10E0A00005EB8600C06A10F049F953EC192B10F00B
:10E0B0005BF841EC110B53EC112B0FF0EFFD53EC1F
:10E0C0001A2B0FF089FA41EC1A0B761CB6B2A64255
:10E0D000E6D348EC107B51EC1A0B53EC102B0FF0ED
:10E0E00037FB0FF047FA82466BEE0B0A00EE10AAE0
:10E0F000B4EEE00AF1EE10FA06DD00200DF5806DB9
:10E10000BDEC088BBDE8F0870020E9460AE000BFBF
:10E1100005EB800191ED0B0A09EB8001401C81EDBC
:10E12000000A80B2A042F3D321464846FFF702FF1F
:10E13000A708E01B86B2BE4201D800272646002071
:10E1400080460FE059F8270010F0F8F853EC182B30
:10E150000FF042FA41EC180B08F1010080B27F1C6D
:10E160008046BFB2B742EDD3B8F1000F0BD00FF02D
:10E17000FFFC41EC100B51EC180B53EC102B0FF083
:10E18000E7FA41EC190B51EC190B0FF0F3F900EE23
:10E19000100A610809EB810085ED070A90ED000A7D
:10E1A00085ED080A00EE10AAFFF7E2FE85ED060AEB
:10E1B00095ED070A042085ED020A9FED060A85ED1C
:10E1C000010A288001200DF5806D99E7000000000C
:10E1D000000000000000000072B60D4845F25551E5
:10E1E0000160C1688907FCD1032141604FF47A7155
:10E1F0008160C1688907FCD14AF6AA2101604CF60A
:10E20000CC410160BFF34F8FBFF36F8F0CF044FF21
:10E2100000300040002807D0044A0168914203D131
:10E220000022CA60006802617047000000000140DF
:10E230002DE9F04FFE4CA1B0206A18B1006808B17A
:10E24000012600E00026FB4FB7F89802022803D110
:10E25000F948007A00287DD05FF00005F9F790FBBF
:10E2600001900BF091FDF549086840F2E24280B25E
:10E27000904200D21046B1F808A0804600201690C7
:10E280001790189019901C2105A8F2F727FB14216C
:10E290000CA8F2F723FBA346646900206060A0602D
:10E2A000206801F055FBCDE91C0102460B46E4480D
:10E2B0000021F2F79FF881464FEA5A0008FB00F070
:10E2C00000210290CDE91E010B46DDE91C016268C8
:10E2D000521CF2F78FF81B9000231946029AF2F7AE
:10E2E00089F8401EE0601EB115B14FF6FF70E06086
:10E2F000002020618020A061204604F0D3FC08B1FA
:10E3000001F010F9202011908020129011A92046D0
:10E3100004F052FC08B101F005F94FF4805016905A
:10E3200016A9204604F0F1FE08B101F0FBF82046E2
:10E3300005F0D8F808B101F0F5F870200590E06814
:10E3400005A9401E06900220079000200246099071
:10E35000204600E046E005F05FF808B101F0E2F881
:10E36000AE21B1FBF9F0401C0690082205A9204619
:10E3700005F052F808B101F0D5F860209A21059017
:10E38000B1FBF9F04FF00009401CCDE906090C2261
:10E3900005A9204605F040F808B101F0C3F8204671
:10E3A00004F0BAFFA7492068884214D0B0F1804F2A
:10E3B00011D0A54988420ED0A44988420BD0A44967
:10E3C000884208D0A349884205D0A349884202D098
:10E3D000A249884219D16EB1B7F89802012803D03A
:10E3E0001DB907E0012539E70DB1042000E0062042
:10E3F0000C9001E0CDF830900CA92046CDF8349077
:10E4000005F043F908B101F08DF82068016821F0AA
:10E41000080101608EB1B7F89802012800D065B1FB
:10E420000199B8FBF1F000FB0AF04FF0FF3101EB6E
:10E430005001DBF81C00C1601AE0DBF81C105C46E0
:10E44000C1F80490DBF81C10C1F80890DBF81C0040
:10E45000006801F07DFA0023019AF1F7CBFFE16932
:10E46000401EC860E169C1F81090E169C1F81890D8
:10E470005C46DBF81C0004F015FC08B101F052F812
:10E48000A246E469DFF8BCB12068584514D0B0F169
:10E49000804F11D06C4988420ED06C4988420BD015
:10E4A0006B49884208D06B49884205D06A49884246
:10E4B00002D06A49884215D1142105A8F2F70EFA54
:10E4C00036B1B7F89802012800D00DB1072000E05E
:10E4D0000020CDE9050905A9204605F0D6F808B1C8
:10E4E00001F020F8DAF8184036B3B7F8980201289E
:10E4F00000D015B32068584514D0B0F1804F11D02A
:10E50000514988420ED0514988420BD05049884227
:10E5100008D05049884205D04F49884202D04F491F
:10E52000884209D1012500214D48CDE90401C4E903
:10E53000019942460B460BE00025206801F008FADD
:10E54000CDE90401C4E90199DDE904014246002353
:10E55000F1F750FF401EC4E903092046C4F81890A3
:10E5600004F0A0FB08B100F0DDFF6DB1142102A89A
:10E57000F2F7B4F90720CDE9020902A9204605F017
:10E5800084F808B100F0CEFF002E72D0B7F89802E0
:10E5900001286ED14D46CDF820901C2101A8CDF860
:10E5A0002490F2F79BF9DAF820405646206801F0F3
:10E5B000CFF9CDE90A016560A560DDE90A01294AC4
:10E5C0000023F1F717FF401EC4E903052046A561AB
:10E5D00004F068FB08B100F0A5FF2020089080201F
:10E5E000099008A9204604F0E7FA08B100F09AFF64
:10E5F0001D480BF08DFB60200190E06801A94008E8
:10E60000CDE90205728E204604F006FF08B100F045
:10E6100089FF204604F080FE2046FFF7FBFD718E47
:10E62000306A04F0F3FF306A04F044FD20461EE037
:10E63000D0A50020049F00209801002038B10020C0
:10E6400000CA9A3B0000014000040040000800405E
:10E65000000C004000040140004001400018004050
:10E6600000C409000088130038B9002001E0FFF75A
:10E67000D1FD21B0BDE8F08F00B589B0AD208DF897
:10E6800000008E208DF801000E48006C0D49CDF879
:10E69000020014222C310DF10600F2F73CF8302074
:10E6A0008DF81A00DA208DF81B008DF81C001D2251
:10E6B00069460548FBF7DCF80348FBF756F909B053
:10E6C00000BD0000D0BB0020982C002010B502F047
:10E6D00035F80E4942F210720B7C33B10C4BB3F893
:10E6E000523013B1CB6F2BB106E000238B73104473
:10E6F000C86710BD8318CB67C41AFAD401248C7381
:10E700001344C41AFCD5CB6710BD0000980100204B
:10E71000102900202DE9F04F2DED028B8DB002F075
:10E720000DF805464EF6602A9FED958A954CA0F1AE
:10E730000809AB46B4F826800027F7F7B5FD208816
:10E74000042824D185E000BF01F0F8FF064657B940
:10E75000A6EB0900082806D38B48FFF779FB08B918
:10E760000127B346B146E18C414502D0B4F826807A
:10E7700004E027B1A6EB0B00C82800D30027711BCB
:10E78000514501D3082020802088082869D020889E
:10E790000028D9D04FF0000901F0D0FF0646B3465B
:10E7A000B4F826803FE000BF01F0C8FFE18C0746C7
:10E7B00041450CD02088012809D1B4F826804FF0BB
:10E7C00000094021B0EE480A6E48FFF72BFC208874
:10E7D00004282BD0B9F1000F05D0A7EB0B00C828F7
:10E7E00019D34FF00009B81B082814D3E08C48B99E
:10E7F000781B41F28831884204D964496248FFF7A6
:10E80000E1FA03E061496048FFF74AFB10B94FF0B5
:10E810000109BB463E46791B514501D308202080A3
:10E82000208808281DD020880428BDD15FF000056D
:10E8300094ED020AD4ED010A544830EE600AFDF767
:10E8400033F930B1022001F003FD6D1CEDB2032D50
:10E85000EED34F4801258226B0F89802012807D050
:10E8600059E00DB0BDEC028BBDE8F04FF7F78EBC60
:10E87000002207A9454803F0EDFB00220CA94348FC
:10E8800003F0C6FB00270322694642480097FEF7C3
:10E8900042FC4048FBF730F9192001F0D9FC4FF059
:10E8A0003C088DF800808A208DF801000C98CDF886
:10E8B0000200142207A90DF10600F1F72CFF4FF01A
:10E8C0003E098DF81A901B2269463248FEF723FC58
:10E8D0003048FBF711F90C2001F0BAFC1B22694605
:10E8E0002C48FEF718FC2B48FBF706F98DF8008042
:10E8F0008DF801608DF8025081208DF803008DF8AD
:10E9000004708DF80590062269462248FEF703FC44
:10E910002048FBF7F1F894ED020AD4ED010A94EDDA
:10E92000031AE08C30EE600AD4ED060AADF814004C
:10E93000AD208DF800008DF8016010EE100A8DF802
:10E940000250CDF8030010EE900A1322CDF8070014
:10E9500011EE100A6946CDF80B00BDF81400ADF8B1
:10E960000F00DA208DF811008DF812000648F6F736
:10E970007DFC0548FAF7F9FF0748FFF7ADF870E7A7
:10E980006F12833AA4A10020982C00200C2B0120A8
:10E99000049F0020046F002038B1002010B5044609
:10E9A0000C4820604FF49640606000204FF4806176
:10E9B000A060C4E903010C21C4E90510E061204610
:10E9C00004F0E2FE08B100F0ADFD2046BDE81040C5
:10E9D000F9F7EEBA0010014010B504460B4820606C
:10E9E0004FF4964060600020A0600C21E060C4E914
:10E9F0000401A061E061204604F0C6FE08B100F009
:10EA000091FD2046BDE81040F9F7D2BA0010014050
:10EA1000007831F9100000EE100AB8EEC00A82ED5D
:10EA2000000A70470378407831F9133031F910004B
:10EA3000181A00EE100AB8EEC00A82ED000A7047FC
:10EA400010B543780478807831F9133031F91440E7
:10EA500031F91000C3EB4403181A00EE100AB8EEA7
:10EA6000C00A82ED000A10BDD1F8802005493AB1F4
:10EA7000012A02D0022A03D101E0034900E0034940
:10EA80000160704711EA020825EA020841EA02081B
:10EA90002DE9F04F804640F2E240020187B00C467B
:10EAA000814202D20446002604E00026944201D3AB
:10EAB00010260BE062082C4B102500BF53F82540B0
:10EAC000944201D82E4601E06D1EF7D5814201D255
:10EAD000044600E00C4625490020C8F80410CDE9A2
:10EAE0000000234801684FF0000919B14FF0FF30D2
:10EAF000014623E00021CDE9021107894FF0040B04
:10EB0000CDF804900FB1402F00D94027FF220821F3
:10EB10001848F1F7B9FE00250DF1040A02AB3A4698
:10EB200059462846CDF800A0F7F75CFD6D1C022D74
:10EB300002D201980828F1D3DDE90201CDE90001F4
:10EB400008F108000690DDE90001CDE90401CDE9F6
:10EB500000490823084A02960849094808F070FC51
:10EB600007B0BDE8F08F000034F903081029002039
:10EB700038B100205002002000000240342C012057
:10EB8000842B012070B5044615466618106804E011
:10EB900014F8011B80B20CF055F9B442F8D3286088
:10EBA00080B200210CF04EF9BDE8704000210CF05D
:10EBB00049B90000F0B5002247E000BF02EB420176
:10EBC00000EB810500EB820395ED601AD0F84073ED
:10EBD000D3F80013F0EE400A21EE000A0E4601249D
:10EBE00057F8227016E000BF05EB840E05EB810C90
:10EBF0009EED601ADCED001A9CED302A491E21EED4
:10EC0000211ADEED901A01EEC21A31EE000A00D58B
:10EC10003944641CA742E7DC761CC3F80063D0F8D3
:10EC2000401351F82210B14201DD314602E00021CB
:10EC3000C3F8001305EB8101521CC1ED000AD3F8A3
:10EC4000001305EB810181ED300AD0F844139142A5
:10EC5000B4DCF0BD2DE9F04F93468A460022DDF882
:10EC600024E025E002EB420400219FED140A8946CE
:10EC700000EB82070BEB84060AEB840500EB840CA7
:10EC80000CEB810406EB810884ED000A84ED300A68
:10EC9000C7F80093D8ED000A05EB8108C4ED900A8F
:10ECA000D8ED000A491CC4ED600A0329E8DB521CB8
:10ECB0009A42D7DBC0E9D0E3BDE8F08F0000000046
:10ECC000002141634FF4006181627047F0B50DF19E
:10ECD000140EDDE908549EE8C0104A43426201FB6D
:10ECE00003F2026201FB06F34FF47A72B3FBF2F314
:10ECF000C36001FB07F3B3FBF2F3036101FB0CF309
:10ED00006943B3FBF2F6B1FBF2F1C0E90161B3FB79
:10ED1000F2F101600021C16280ED060A9FED030A55
:10ED2000416380ED050A84638162F0BD000000004C
:10ED300010B50446806A010556D5010454D48104F7
:10ED400046D4C10427D5636A626B9A423CDB216AD0
:10ED50000B4493420CDD00EE901AF8EEE00A80EED0
:10ED6000201A94ED070A31EE000A84ED070A2BE021
:10ED700094ED070AD4ED060A20F4805040F40050C8
:10ED800020EE200A84ED050AA0620020E062204601
:10ED9000F4F78EFD18E0626A616B91420CDB20F49F
:10EDA00080409FED160A40F4805084ED070AA0626F
:10EDB0002046F4F72DFF07E0410405D440F48040DD
:10EDC000A0622046F4F7A0FF606B401C60630BE07C
:10EDD000D4ED050AC10709D0F4EEC00AF1EE10FA2D
:10EDE00002DD20F00100A062A06A10BDF4EEC00AAE
:10EDF000F1EE10FAF8D240F00100F4E70000000054
:10EE0000014801F0A5B80000143201202DE9F041BD
:10EE10006349012251F8580F0B7902FA03F383601A
:10EE20000C79042303FA04F484600D79082404FAAD
:10EE300005F585600E79202505FA06F686600979C4
:10EE4000102606FA01F18160564951F8580F0F79E2
:10EE5000BA4082600A79934083600A799440846062
:10EE60000A799540856009798E4086604E4C616BC9
:10EE7000A06A2368401AA062E06A0E460844E06275
:10EE8000626E04F15C00A16E3144A166A16E9142F4
:10EE900006D3C168B1FBF2F5C16805FB1215C56068
:10EEA0005FF0000500EB850707F1200151E800CF76
:10EEB000B44441E800CEBEF1000FF7D1396A914267
:10EEC00004D93A62016841F4007707606D1C032D94
:10EED000E8DBA16A21B12046BDE8F0410AF02CBD73
:10EEE000217921F0040121712168096800E000BF47
:10EEF0008A689207FBD519680A6822F040020A6006
:10EF000019684A6822F003024A60D96C09680A68E5
:10EF100022F001020A60996C09680A6822F0010275
:10EF20000A6019680A6842F040020A60E16A40F625
:10EF3000F41601F6F411E1628168C26802F6F41277
:10EF4000C260C2688A4206D3C268C368B2FBF1F2EB
:10EF500002FB1132C260002200EB820505F12003A2
:10EF600053E8007F374443E8007CBCF1000FF7D141
:10EF70002B6A8B4204D92962036843F4007303604F
:10EF8000521C032AE8DB2046F6F7E0FAFCF71AFCED
:10EF9000F6F7D8FA2046BDE8F04103210DF09CBEFB
:10EFA00094300120F4300120A4C2002070470000FA
:10EFB0000D4910B50868002815D0886D002812D0BA
:10EFC00011F85C3F20229A4082600A78102191401B
:10EFD00081600648FAF722FC002804D1BDE8104001
:10EFE0000248FDF7A5BD10BD34330120046F002099
:10EFF000014800F0ADBF0000742F012070B50F4E26
:10F00000B46D256896F85C1010208840284205D021
:10F01000A1680143A1600A48F1F728FF96F85C1047
:10F0200020208840284207D0A1680143A160BDE8A4
:10F0300070400348F1F71ABF70BD00007432012020
:10F0400030C200202248012250F8581F03799A400C
:10F050008A60037904229A408A60037908229A40E0
:10F060008A60037920229A408A60027910209040B9
:10F0700088601848036B426A0168D21A4262C26B08
:10F080001A44C263826A1AB10BF0EEBE00BF00E000
:10F09000086882689207F9D50868026822F0400281
:10F0A00002600868426822F003024260C86C00688F
:10F0B000026822F001020260886C0068026822F097
:10F0C000010202600868016841F040010160704778
:10F0D000F4300120A4C200207047000030B599B080
:10F0E000352217496846F1F79DFB154C94F8350019
:10F0F0008DF835001C2204F138010EA8F1F792FBBF
:10F10000606D1590A06DE16D16901791169C2568A5
:10F11000179910208840284205D0A1680143A160BA
:10F120000848F1F7A3FE179920208840284205D00F
:10F13000A1680143A1600348F1F798FE19B030BD02
:10F14000D432012030C20020704700000D4810B5B5
:10F15000806C0068016821F0010101600A482022EA
:10F1600050F8581F03799A408A6002791020904025
:10F1700088600648F8F74FF9BDE810400320FEF715
:10F1800083B800002C2B0120D42F0120102900204F
:10F19000704700000D4910B5086888B1886D78B1D6
:10F1A00011F85C3F20229A4082600A781021914039
:10F1B00081600748FAF732FB10B90548FDF7B8FC43
:10F1C000BDE81040014800F0C3BE000054340120E7
:10F1D000046F002008498A6B92F85C30906D202201
:10F1E0009A408260896B91F85C2010219140816087
:10F1F0000248FAF713BB0000842E0120982C00204F
:10F2000001681823CAB2103AB2FBF3F2054B6FF350
:10F210000901032A9B5CC36500D9091D8165084665
:10F22000704700005CFC030810B5014600208B69A4
:10F230008A6A4FF0C07453B1B3F5005F15D072B154
:10F24000012A0CD0022A0AD0032A09D104E01AB1FB
:10F25000012A06D0022A03D1C96AC90100D50120BA
:10F2600010BDC96AA142FAD010BD002AF7D0012A08
:10F27000F2D0022AF3D0032AF3D010BD30B50468CF
:10F28000256825F480252560046863608368402B29
:10F29000036803D099600068C26030BD9A6000685E
:10F2A000C16030BD704700002DE9F047FCF75CFFFE
:10F2B000334E05463068334FDFF8CCA0334C0005A1
:10F2C00043D54FF40068C6F80080B7F898020128CB
:10F2D0000BD0D4F8E002400707D5D4F8E00220F0C4
:10F2E0000400C4F8E002F6F767FF4146504601F01B
:10F2F00013FA0200264800F1800108D08046407EC3
:10F3000018B3086A894685420DD3281A0EE00D62AB
:10F3100001214176D4F8E00220F00400C4F8E002B4
:10F32000F6F74AFF11E01B49081A28440F2807D3B3
:10F33000D4F8E00220F00400C4F8E002F6F73CFF45
:10F340000020C9F8200088F819003068C00415D5DD
:10F350004FF480513160B7F8980200280ED1504622
:10F3600001F0DAF9002809D1D4F8E00220F0040015
:10F37000C4F8E002BDE8F047F6F71EBFBDE8F0872D
:10F38000143C0140049F00200000024038B90020D6
:10F3900098010020005C260504480168890703D510
:10F3A00002210160F6F710BF70470000143C0140D5
:10F3B000124810B5016849071ED50421016001F00B
:10F3C000BDF90F49C1F8E4020E4CB4F8B002C00612
:10F3D00005D5F3F7C5FA10B10B4901204870FDF7C8
:10F3E00031FCF4F74DFDB4F8B002000404D4BDE8DC
:10F3F00010400648F8F7D5BD10BD0000143C014090
:10F4000038B90020985C002098010020982C00203A
:10F4100004480168090703D508210160FBF7A2BF72
:10F4200070470000143C0140114810B50168C9063E
:10F430001DD5102101600F4941F28832C86990FB47
:10F44000F2F302FB1302401CC861002A0FD10A48E4
:10F45000F1F736FE0948FEF7FBF90748016A002973
:10F4600005D140680068816821F00101816010BD0C
:10F47000143C01401802002030C2002038B900209E
:10F4800070B5224E3068800621D52020306020489B
:10F490000025204C808D012802D002280ED005E0E6
:10F4A00014221D491A48F9F7D5FE20B1E07D401C11
:10F4B000C0B2E07506E0E575257608E0207E401CC8
:10F4C000C0B22076052802D9F9F750FFF3E730687B
:10F4D00000060AD58020306001F024F80F48D0F8EB
:10F4E000E01221F00401C0F8E0123068C00505D533
:10F4F0004FF4807030600A48F8F774FC306880057B
:10F5000002D54FF40070306070BD0000143C014023
:10F51000B8C1002098010020BCAF002038B90020FD
:10F52000982C002072B600BFFEF71CFAFCE7000022
:10F53000002229B101291AD002291BD04FF44072B0
:10F540000E490B6823F440730B600B6813430B6088
:10F550000A6822F078020A600A68022303EBC000FE
:10F5600002430A60086840F48030086070474FF436
:10F570008072E5E74FF40072E2E70000103C0240C1
:10F580001348016889050FD5016821F400710160F5
:10F59000016841F400610160016821F400610160CB
:10F5A000016841F400710160016849050FD50168E7
:10F5B00021F480610160016841F4805101600168BB
:10F5C00021F480510160016841F48061016070475D
:10F5D000003C024010B586B00C46B0F1006F20D35D
:10F5E00012498C421DD8A0421BD800F021F80346D6
:10F5F000204600F01DF8591C13D0411C11D00021E9
:10F60000C01A00910221401C0293CDE9030100F0D1
:10F61000C5FE05A9684600F02DFE044600F076FE02
:10F6200014B1012006B010BD0020FBE7FFFF170852
:10F63000A0F10061B1F5C01F02D34FF0FF30704759
:10F640004FF48042914201D2002070472C4901447E
:10F65000914201D2012070472A490144914201D2CE
:10F660000220704728490144914201D2032070478B
:10F6700026490144B1F5803F01D204207047244956
:10F6800042184FF400318A4201D205207047214AC6
:10F6900002448A4201D2062070471F4A02448A422D
:10F6A00001D2072070471D4A02448A4201D2082035
:10F6B00070471B4A02448A4201D209207047194A06
:10F6C00002448A4201D20A207047174A02448A4201
:10F6D00001D20B207047A0F101628A4201D20C20B6
:10F6E0007047124A02448A4201D20D207047104AE4
:10F6F0001044884201D20E2070470F20704700004E
:10F7000000C0FFF70080FFF70040FFF70000FFF7A1
:10F710000000FEF70000FCF70000FAF70000F8F721
:10F720000000F6F70000F4F70000F2F70000EEF733
:10F730000000ECF72DE9F84304460E461546800715
:10F7400002D00420BDE8F8836EB1B4F1006F0AD393
:10F750001C48844207D842B1EA1C22F0030121442C
:10F76000491E814201D90320ECE700F017FE4FF05B
:10F77000FF3820E0CDF80080042D01D3042700E0FD
:10F780002F463A4631466846F0F7C5FF002321462A
:10F790000220009A00F0C4FD10B100F0B7FDE2E7CE
:10F7A00020680099884203D000F0B0FD0220C9E72C
:10F7B000ED1B3E44241D002DDCD100F0A7FD0020F0
:10F7C000C0E70000FFFF170808490A6822F44072EA
:10F7D0000A600A6842F004020A600A684FF4803343
:10F7E00043EA002002430A6070470000103C0240D8
:10F7F000064A136823F44073136013681360136898
:10F8000043F001031360017070470000103C024098
:10F81000094910B50C6824F440740C600C6844F479
:10F8200040740C600C6844F001040C600260BFF38B
:10F830006F8F436010BD0000103C0240074A136800
:10F8400023F440731360136843F4807313601368E8
:10F8500043F001031360018070470000103C024038
:10F86000074A136823F440731360136843F400736A
:10F870001360136843F001031360016070470000D8
:10F88000103C02401C490868C2061C4805D5C269E4
:10F8900042F01002C26110220A600A68920605D581
:10F8A000C26942F00802C26120220A600A68520658
:10F8B00005D5C26942F00402C26140220A600A68AA
:10F8C000120605D5C26942F00202C26180220A60B6
:10F8D0000A68D20506D5C26942F00102C2614FF43E
:10F8E00080720A600A68920705D5C26942F0200258
:10F8F000C2610220086070470C3C0240AC05002049
:10F9000070B5114904460020C86100F017FF064693
:10F910000E4D09E0601C07D024B100F00FFF801BE2
:10F92000A04201D9032070BD2868C003F2D4286822
:10F93000C00701D001202860286810F4F970F2D0C7
:10F94000FFF7A0FF012070BDAC0500200C3C024079
:10F9500010B50F490F4C88420BD00F49884208D090
:10F960000E49884205D00E49884202D00D4988428E
:10F9700005D102F051F8216801F4604104E002F081
:10F980003BF8216801F4E05101B14000002110BDB5
:10F9900000000140083802400004014000400140DE
:10F9A000004401400048014070B590F83C206A4D89
:10F9B000012A19D0012280F83C200A680723046834
:10F9C000092A13D9E6680A3A02EB420293409E43A1
:10F9D000E6600A788B680A3A02EB420293400268BA
:10F9E000D4682343D36010E0022070BD266902EB87
:10F9F000420293409E4326610B788A6803EB4303DF
:10FA00009A4003681C6922431A610268936B23F4CD
:10FA1000401393630268936B0C8A504E06EB0454B8
:10FA2000234393630A790B7CD21AD21C02EB820225
:10FA30001F2393400268946B9C4394630A790B7C68
:10FA4000D21AD21C02EB82030A8892B29A4003684F
:10FA50009C6B22439A638A69AA420268936823F4E2
:10FA600070239360026893680CD08C692343936081
:10FA70000268936823F44013936002689368CC692A
:10FA8000234301E023F4401393604A7D002A026877
:10FA9000536802D043F4806301E023F48063536031
:10FAA0000A7D002A0268536802D043F4805301E0C3
:10FAB00023F4805353604A68012A16D0022A1FD0CB
:10FAC000032A026827D0136A6FF30B0313620268DC
:10FAD000136ACC6823431362224B0468204A9C4279
:10FAE00027D10C68122C20D023E0026853696FF3F1
:10FAF0000B03536102685369CC6823435361EBE7FE
:10FB0000026893696FF30B03936102689369CC6891
:10FB100023439361E0E7D3696FF30B03D36102687A
:10FB2000D369CC682343D361D6E7546844F4800496
:10FB3000546004689C420AD10968A1F18053123BC9
:10FB400001D0112903D1516841F400015160002115
:10FB500080F83C10084670BD01000F000000F0FF67
:10FB6000002301400020014078B50024009490F863
:10FB70003C20012A19D0012280F83C200A68072382
:10FB80000568092A13D9EE680A3A02EB420293404B
:10FB90009E43EE600B788A680A3B03EB43039A406E
:10FBA0000368DD682A43DA6010E0022078BD2E6920
:10FBB00002EB420293409E432E610B788A6803EB6E
:10FBC00043039A4003681D692A431A614A681F2348
:10FBD000072A13D205686E6B521E02EB8202934015
:10FBE0009E436E630A8893B20A79521E02EB820228
:10FBF00093400268556B2B43536327E005680D2A39
:10FC000012D22E6BD21F02EB820293409E432E63D0
:10FC10000B790A88DB1F92B203EB83039A400368D7
:10FC20001D6B2A431A6311E0EE6A0D3A02EB820261
:10FC300093409E43EE620B790A880D3B92B203EB30
:10FC400083039A400368DD6A2A43DA621B4B056826
:10FC5000194A9D420AD10D68122D07D1556825F425
:10FC600000055560556845F48005556005689D425E
:10FC70001DD1134D0B68AB4201D0112B17D1536826
:10FC800023F480035360536843F40003536009680E
:10FC9000A9420CD10B490C4A0968B1FBF2F101EB06
:10FCA0008101490000E0491E00910029FBD180F844
:10FCB0003C40002078BD00000023014000200140AE
:10FCC00012000010D805002040420F0070B504005B
:10FCD0000FD0206C40F0020020642068816821F081
:10FCE00001018160206880684FF00005C00702D0E4
:10FCF00006E0012070BD204600F030F86564256400
:10FD0000284684F83C5070BD70B504004FF00005E3
:10FD100003D0206C002610B107E0012070BD204602
:10FD200000F03CF8666484F83C60206CC00610D497
:10FD3000206C20F4885040F0020020642046F0F748
:10FD40009FFF6664206C20F0020040F001002064F8
:10FD500000E0012584F83C60284670BD10B50068BD
:10FD60000A49884211D10A48016821F48071016072
:10FD70000121084800F028FB0121074800F024FB7E
:10FD8000BDE81040122001F0C5BA10BD00200140AE
:10FD900044380240000002400004024070B586B0C2
:10FDA000044614216846F0F799FD1D4920688842F1
:10FDB00033D11C480024016841F48071016000685F
:10FDC00000F48070059017481438016841F0010173
:10FDD0000160016801F001010591016841F0020133
:10FDE00001600068012500F00200009505900326DF
:10FDF000CDE9016469460C4800F0A0FB0095CDE90F
:10FE000001646946094800F099FB0022072112208D
:10FE100001F09EFA122001F08EFA06B070BD0000CB
:10FE2000002001404438024000000240000402402B
:10FE30002DE9F0410446876D00F080FC064694F8F9
:10FE400035000025022806D08020606584F83450F3
:10FE50000120BDE8F0812068016821F016010160F1
:10FE60002068416921F080014161206C08B9A06CD3
:10FE700020B12068016821F0080101602068016854
:10FE800021F0010101600CE000F058FC801B052806
:10FE900007D920206065032084F8350084F83450A9
:10FEA000D7E720680068C007EED194F85C103F20C7
:10FEB0008840B860012084F8350084F83450002070
:10FEC000C7E790F83510022903D080214165012051
:10FED0007047052180F835100068016821F00101A4
:10FEE00001600020704770B504002BD094F83500F5
:10FEF000022826D02068016821F0010101602068F5
:10FF00000025056020684560206885602068C56020
:10FF1000206805612168212048612046FFF770F9BB
:10FF2000E56325646564A564E564256594F85C2053
:10FF30003F2191408160656584F8355084F83450E4
:10FF4000002070BD012070BD90F8350070470000A2
:10FF50002DE9F84304464FF00009CDF800906348BE
:10FF60004FF41651A56D0068B0FBF1F72E6894F8B8
:10FF70005C10082000FA01F131420FD021680A68B4
:10FF800052070BD50A6822F004020A6094F85C104C
:10FF90008840A860606D40F00100606594F85C10D6
:10FFA0004FF0010808FA01F0304208D02168496991
:10FFB000090604D5A860606D40F00200606594F801
:10FFC0005C1004208840304208D021680968890705
:10FFD00004D5A860606D40F00400606594F85C1082
:10FFE00010208840304218D021680968090714D5CC
:10FFF000A86020680168490304D50068000308D59B
:020000040803EF
:10000000A16C07E00168C90503D4016821F008016B
:100010000160216C09B12046884794F85C102020CB
:100020008840304231D021680968C9062DD5A860C2
:1000300094F8350005282068016806D0490347D5A3
:10004000006800031DD4616C1CE021F01601016002
:100050002068416921F080014161206C08B9A06CE1
:1000600020B12068016821F00801016094F85C105B
:100070003F208840A86084F8358084F83490216D52
:100080001FE0E16B09B120468847606D00282BD046
:10009000606DC00714D0052084F835002068016821
:1000A00021F0010101600098401C0090B84203D883
:1000B00020680068C007F6D184F8358084F8349051
:1000C000E16C002910D001B02046BDE8F04308479C
:1000D0000168C905D5D4016821F01001016084F8D8
:1000E000358084F83490CCE7BDE8F883D80500204B
:1000F0002DE9F041044600F021FB06465CB10220E8
:1001000084F83500002584F834502068016821F017
:10011000010101600DE00120BDE8F08100F00EFB5F
:10012000801B052805D920206065032084F8350050
:10013000F2E720680068C007F0D122681168204803
:100140000140D4E901031843D4E90336334318438B
:1001500063691843A3691843E3691843236A184382
:100160000843616A042903D1D4E90B1319430843F6
:10017000106020684069666A20F0070130460E432F
:10018000012704280CD1A06A0643E06A40B120464A
:10019000FFF74AF820B14020606584F83570BAE76F
:1001A000206846612046FFF72BF894F85C203F2139
:1001B00091408160656584F835700020ACE70000EF
:1001C0003F8010E070B5044690F834000025012807
:1001D0000CD0012084F8340094F835600020012E02
:1001E00006D084F834000225284670BD022070BD78
:1001F000022684F8356060652046FFF73FF82068E6
:10020000016841F001010160EEE700000D4910B501
:100210006FF49A30086000200860091D0A4A0A60DD
:1002200008600849094A10390A600860C022091D9F
:100230000A6008600322091D0A60086001F03EF8A8
:10024000002010BD20380240F3795703FF106000F2
:1002500070B5044600F072FA0546601C02D00448EE
:100260000078044400F06AFA401BA042FAD370BD43
:10027000CC0500202DE9F047044622480F46017EB8
:1002800001290AD00121804601764CF250394846B6
:10029000FFF736FB020003D02FE00220BDE8F08715
:1002A0004FF0FF3038602068174D012801D0A66854
:1002B0001CE0207C6168FFF787FA4846FFF720FBC7
:1002C0000246286820F00400286014E0217C3046B3
:1002D000FFF72EF94846FFF713FB0200286820F0CD
:1002E0007A00286001D03E6005E0761CD4E9021057
:1002F0000844B042EAD8FFF743F9002188F8181003
:100300001046CBE7AC050020103C024003480168D2
:1003100041F000410160002070470000103C0240A5
:100320002DE9F0471B4E05461446307E1F46894690
:10033000012808D0012030764CF250384046FFF7B3
:10034000DFFA18B114E00220BDE8F0879DB1012D5D
:1003500016D0022D19D022463B464846FFF758FAE0
:100360004046FFF7CDFA0C490A6822F001020A6004
:1003700000213176E8E7E1B24846FFF739FAEFE7C6
:10038000A1B24846FFF75AFAEAE721464846FFF786
:1003900067FAE5E7AC050020103C02400749002061
:1003A0000A68002A09DA054A054B0C3A1360054B26
:1003B00013600968002900DA01207047103C0240F0
:1003C00023016745AB89EFCD2DE9F04F0022DFF81F
:1003D0002CB101264FF00F0906FA02F401EA0403DA
:1003E000A3427DD122F003075F44D7F80888950720
:1003F0004FEA157C09FA0CFA0AEA0805DFF80081D1
:10040000404502D14FF000082BE0DFF8F88040456E
:1004100002D14FF0010824E0DFF8EC80404502D122
:100420004FF002081DE0DFF8E480404502D14FF0B4
:10043000030816E0DFF8D880404502D14FF00408E9
:100440000FE0DFF8D080404502D14FF0050808E00A
:10045000DFF8C480404502D14FF0060801E04FF0BC
:10046000070808FA0CF8A84522D12C4DD5F800C091
:100470002CEA030CC5F800C02D1DD5F800C02CEAED
:10048000030CC5F800C0254D0C35D5F800C02CEA8A
:10049000030CC5F800C02D1FD5F800C02CEA030CD2
:1004A000C5F800C0D7F8085825EA0A05C7F8085863
:1004B000056857000323BB409D430560D50800EB4A
:1004C0008507D7F820C055074FEAD56809FA08F51F
:1004D0002CEA050CC7F820C0C5689D43C56000E044
:1004E00005E04568A543456084689C438460521CD0
:1004F000102AFFF471AFBDE8F08F0000003001401A
:10050000000002400004024000080240000C0240CB
:10051000001002400014024000180240003C01405C
:1005200070470000044910B50A68024202D0086012
:10053000FFF7F6FF10BD0000143C01402DE9F84F15
:10054000DFF8ACA10022012403254FF00F090AF1C6
:10055000040BAAF1040E00BF0B6804FA02F6334044
:10056000B3426ED10F7907F00307012F01D0022F9C
:1005700016D187684FEA420805FA08FC27EA0C07FB
:10058000D1F80CC00CFA08FC4CEA070CC0F808C003
:100590004768B7430E79C6F3001696403E4346605F
:1005A0000E79F643B6070AD0C6684FEA420C05FA40
:1005B0000CF7BE438F6807FA0CF73743C7600E7914
:1005C00006F00306022E10D1D60800EB8608D8F8F4
:1005D000206057074FEAD76C09FA0CF7BE430F6942
:1005E00007FA0CF73743C8F8207006684FEA420C48
:1005F00005FA0CF7BE430F7907F0030707FA0CF76B
:10060000374307604E6816F4403F6BD0394E376869
:1006100047F480473760366822F0030706F48046C7
:100620000096354E07EB060CDCF8086897074FEA92
:10063000177809FA08F7BE43304FB84202D10027B5
:100640001FE04FE02E4FB84201D1012719E02D4F96
:10065000B84201D1022714E02B4FB84201D1032741
:100660000FE02A4FB84201D104270AE0284FB842D0
:1006700001D1052705E0274FB84201D1062700E048
:10068000072707FA08F73743CCF80878DAF800604C
:100690005746D1F804C09E435FEACC2C00D51E43D8
:1006A0003E60DBF800605F46D1F804C09E435FEA1D
:1006B0008C2C00D51E433E60DEF800607746D1F8F2
:1006C00004C09E435FEA8C3C00D51E433E60084F49
:1006D000083F3E68D1F804C09E435FEACC3C00D599
:1006E0001E433E60521C102AFFF436AFBDE8F88F5F
:1006F000083C014044380240003001400000024004
:100700000004024000080240000C024000100240B9
:1007100000140240001802400069084000D0012087
:100720007047426921EA02030A4043EA02418161BB
:1007300070470AB1816170470904FBE7014880688E
:1007400070470000CC050020014800787047000089
:10075000CC05002070B5040004D094F841000025B9
:1007600010B106E0012070BD84F84050204603F02F
:100770009FF8242084F841002068C16821F40051CA
:10078000C16020460AF090FA2068016921F4904186
:1007900001612068416921F02201416120684169BD
:1007A00041F0080141612068C16841F40051C16015
:1007B0006564202084F8410084F8420065630020CD
:1007C00070BD0000074988420AD10749002088858A
:1007D0000648D0F8E01241F02001C0F8E01270475E
:1007E000F2F73EB8B82A0120B8C1002038B900207D
:1007F000704710B5040013D0242084F83D00206811
:10080000016821F001010160204600F091FC002008
:10081000206484F83D0044F8300FA073207310BDAD
:10082000012010BD90F83D10282901D0022070470A
:1008300090F83D1090F83E2001F003010A43026356
:10084000202180F83D10002180F83E1050F8201B38
:100850000A6822F480620A6050F8200C416821F492
:1008600040714160002070472DE9F0410168044665
:100870004A694E6890F83E000025D743FA0506D431
:10088000F243D20503D46FF4807201254A61B905A1
:1008900008D4F143C90505D422686FF4007145F00E
:1008A00002055161790525D4F143C90522D4638D30
:1008B00094F83D10226B202808D13BB9212910D093
:1008C00029290ED0282901D1212A0AD022686FF4C3
:1008D0008061516145F00405102806D0402804D0FD
:1008E00008E0204607F02AFF04E02068016841F490
:1008F00000710160380508D4F043C00505D42168B3
:100900006FF4006045F008054861002D07D0206CA9
:10091000284320642046BDE8F04107F0ABBABDE8AB
:10092000F0812DE9F047026800215368C66A90F80B
:100930003E4090F83D50102C12D0402C10D0046C4A
:10094000002C7DD05469E443A6077AD4DE43B60573
:1009500077D4036C03B19169BDE8F04707F0CABED4
:10096000976951694FF42A0CC9435FEAC1784FF087
:100970002A4904D066452AD04E4528D010E0DE43EF
:10098000B6050DD4C16A614501D1012103E0C16AF8
:10099000494501D10821C162BDE8F04707F03EBDDD
:1009A0000E0716D4DE43B60513D4416CC9B21161EB
:1009B000416B09B1C96B29B9816B002907D0C96B9B
:1009C000002904D00068416841F400614160BDE83D
:1009D000F0878E0706D4DE43B60503D4BDE8F047A2
:1009E00007F090BCFE43526876074FEA02521DD4CE
:1009F000002AECDB0A0608D4DA43520505D449077D
:100A000005D5BDE8F04707F021BC4907DFD4D9433D
:100A10008905DCD4212D05D0402CD8D1BDE8F04784
:100A200007F042BDBDE8F04707F0CEBB002ACEDBA1
:100A30004A060BD4DA43520508D4490708D501E029
:100A40000DE00EE0BDE8F04707F044BB4907BED417
:100A5000D9438905BBD4BDE8F04707F0CEBA916908
:100A600070E7E10606D4D943890503D4BDE8F04711
:100A700007F0ACBE2821212D27D0292D25D06506D1
:100A800055D4DD436D0552D4640752D590F83D30FE
:100A9000448D002C9BD01269446A2270426A521C19
:100AA0004262428D521E4285428D002A8FD12A2BEE
:100AB0008DD10268536823F480635360222202635D
:100AC00080F83D1000F0BAFB81E7250623D4DD4312
:100AD0006D0520D4640720D590F83D30448D002C5E
:100AE000F2D0446A24781461426A521C4262428DF8
:100AF000521E4285428D002AE6D1292BE4D102689C
:100B0000536823F4806353602122026380F83D1010
:100B100000F095FB5BE76107D6D4D9438905D3D4B0
:100B2000418D0029D0D0416A097811610AE061073E
:100B3000CAD4D9438905C7D4418D0029C4D01169CD
:100B4000426A1170416A491C4162418D491E4185CA
:100B50003DE700000249884201D1F8F721BC704707
:100B6000B82A012070B5040025D094F83D00002576
:100B700020B984F83C50204600F000FB242084F883
:100B80003D002068016821F00101016020680168D2
:100B900041F4004101602068016821F400410160D6
:100BA00000F02AFF4D4A6168914201D84C4900E0AB
:100BB0004C49884201D2012070BD4B492368B0FBEB
:100BC000F1F15E6826F03F060E435E606368934273
:100BD00006D94FF4967359434FF47A73B1FBF3F18E
:100BE0002368491C1E6A26F03F063143196261687A
:100BF000914210D84900401EB0FBF1F2521CC2F3E2
:100C00000B02042A01D2042022E0B0FBF1F0401CC8
:100C1000C0F30B001CE0A268F2B301EBC10303EBCD
:100C20000116431EB3FBF6F35B1C43F480431B0524
:100C300049D092B301EBC10202EB0111401EB0FB9F
:100C4000F1F0401CC0F30B0040F4804040F4004041
:100C50002168CA694CF6FF739A431043C861D4E90E
:100C6000071001432068026822F0C00211430160AE
:100C7000D4E9030101432068826848F2FF339A43B4
:100C800011438160D4E9050108432168CA6822F054
:100C9000FF021043C86001E00EE016E02068016822
:100CA00041F0010101602564202084F83D002563A6
:100CB00084F83E50002070BD01EB4106431EB3FB9B
:100CC000F6F35B1CB3E70120C2E701EB4101401ED4
:100CD000B0FBF1F0401CC0F30B00B7E7A0860100A9
:100CE00080841E0000093D0040420F00704770479D
:100CF000704700000649884208D1064901201422A5
:100D00008885054901F11400EFF705BD7047000023
:100D1000B82A0120B8C10020BCAF002070470000F5
:100D20002DE9FF4F83B09A46DDE9118793460446CB
:100D3000DDF84090FFF702FD054694F83D002028BD
:100D400070D11923012274492046009507F018FE3E
:100D50000028F5D194F83C00012863D0012084F8E4
:100D60003C0020680168C90703D1016841F0010116
:100D700001602068016821F400610160222084F88C
:100D80003D00402084F83E0000262664C4F82490EC
:100D9000A4F82A80608D20856048E062CDE9007566
:100DA00053465A462046049907F0D2FB002879D1D1
:100DB000208DD0B1012821D00228206824D041699B
:100DC00080690090208D032866D801282BD05449D3
:100DD00002283B464FF00002009557D08846204637
:100DE00007F0CEFD00285DD13AE0206841698169B5
:100DF0000091016841F4007101607DE020680168A4
:100E000021F480610160F0E7016821F480610160F4
:100E10002068016841F400610160206841698069CF
:100E2000009069E075E02A463946204607F04EFEFC
:100E300088BB54E02068016841F4007101602068BB
:100E40000069616A0870606A401C6062218D491EF9
:100E50002185618D491E618521680969017042E023
:100E60002068016821F48061016020680069616A7E
:100E70000870606A401C6062208D401E2085608D75
:100E8000401E60853B46002241460095204607F003
:100E900077FD00B9CEE705E02A463946204607F03F
:100EA00015FE18B1012007B0BDE8F08F2068006979
:100EB000616A0870606A401C6062208D401E81B2C9
:100EC0002185608D401E608520684269D2435207AB
:100ED00012D4032903D1016821F4806101602068E4
:100EE0000069616A0870606A401C6062208D401E63
:100EF0002085608D401E6085208D00287FF462AFC4
:100F0000202084F83D0084F83E6084F83C60002096
:100F1000C9E70220C7E70000020010000000FFFF41
:100F200004000100F8B50024DDE90676009490F88D
:100F30003D50202D5ED1304D46F2A81C2D68B5FBEA
:100F4000FCF505EBC50C0CEB051500956D1E009529
:100F500006D00568AD69ED43AD070BD4009DF5E7FC
:100F600040F8304F202141738473016941F0200122
:100F700001613FE090F83C50012D3BD0012580F805
:100F80003C500568D5F800C05FEACC7C05D1D5F8A7
:100F900000C04CF0010CC5F800C00568D5F800C0D1
:100FA0002CF4006CC5F800C0222580F83D50402587
:100FB00080F83E50046447624685458D05850F4D97
:100FC000C56241648264C364046501680A6842F4CE
:100FD00080620A6001680A6842F480720A6080F8E0
:100FE0003C40018D21B10068416841F4E0614160FD
:100FF0000020F8BD0220F8BDD80500200000FFFF4A
:101000002DE9FF4F83B09A46DDE9119793460446D8
:10101000DDF84080FFF792FB054694F83D0020285C
:101020007FD11923012240492046009507F0A8FCF2
:10103000002876D194F83C00012872D0012084F871
:101040003C0020680168C90703D1016841F0010133
:1010500001602068016821F400610160212084F8AA
:101060003D00402084F83E0000262664C4F8248019
:10107000A4F82A90608D20852C48E062CDE90075A7
:1010800053465A462046049907F0E0FA70B930E01A
:101090002A463946204607F051FD58B1206C0428F5
:1010A00004D12068016841F400710160012007B09B
:1010B000BDE8F08F606A216800780861606A401CB2
:1010C0006062218D491E89B22185628D521E628522
:1010D00022685369DB435B070BD469B10078106168
:1010E000606A401C6062208D401E2085608D401E1D
:1010F0006085208D0028CBD12A463946204607F04E
:1011000013FC0028CAD154F83D0B016841F400716A
:101110000160202004F81E09E67766770020C6E704
:10112000FFE70220C3E70000020010000000FFFFFD
:1011300070B5044600680E49884218D10D48016810
:1011400021F4001101600C4D81152846FFF73CF990
:1011500069152846FFF738F9A06BFEF7C4FE1F207B
:1011600000F0D8F8BDE87040202000F0D3B870BD82
:1011700000540040403802400004024070B586B080
:10118000064614216846EFF7A9FB274930688842D4
:1011900048D126480025016841F00201016000683D
:1011A000694600F0020005904FF440700090122054
:1011B00001900120CDE90205042004901C48FFF7AE
:1011C000BDF91A481030016841F40011016000684F
:1011D000194C00F400100590164820604FF0007084
:1011E000C4E90105C013C4E903506561A561E56167
:1011F000256220466562FEF77BFF08B1FEF792F993
:10120000B463012207211F20A66300F0A1F81F206C
:1012100000F091F800220721202000F099F820200A
:1012200000F089F806B070BD00540040303802402C
:101230000004024088600240742F0120704770470C
:10124000024881680278114481607047CC05002013
:10125000094810B5016841F400710160016841F46A
:1012600080610160032000F093F8002000F006F890
:1012700000F026F8002010BD003C024070B50D4D76
:1012800004464FF47A712878B1FBF0F00A490968F6
:10129000B1FBF0F001F049FC48B9102C07D2002254
:1012A0002146501E00F054F800206C6070BD0120F3
:1012B00070BD0000CC050020D8050020704700005C
:1012C000134808B5016841F480410160006800F4EA
:1012D000804000900E48001F016841F0805101607D
:1012E000006800F080500090042000F051F80022C7
:1012F0000721501F00F02CF800220721101F00F0DA
:1013000027F800220721BDE80840901E00F020B811
:101310004438024000280DDB00F01F0201219140FB
:101320004009800000F1E020C0F88011BFF34F8F2A
:10133000BFF36F8F7047002809DB00F01F02012107
:1013400091404009800000F1E020C0F80011704792
:10135000F0B40E4B1B680C46C3F30223C3F1070520
:10136000042D00D90425191D072901D2002300E00E
:10137000DB1E012606FA05F1491E214099409E40D8
:10138000761E16403143F0BC09F064BE0CED00E05F
:10139000064900F0070208684FF6FF03184040EACC
:1013A0000220034A10430860704700000CED00E083
:1013B0000000FA05014901204862704700000E4212
:1013C000014901208862704700000E42034908B5B8
:1013D0000020086202480068009008BD00000E422C
:1013E00000700040034908B5012008620248006807
:1013F000009008BD00000E420070004007480268DF
:1014000022F004020260012905D0032901D040BF67
:1014100020BF20BF704730BF7047000010ED00E0D4
:101420000C4A136823F00303034313600A4802685D
:1014300042F004020260012909D0032901D040BF13
:1014400020BF20BF016821F004010160704730BF58
:10145000F8E700000070004010ED00E02DE9F84FC3
:10146000044600780027C34DC00708D02868E1690A
:1014700020F0C06008432860E06900B901272078A7
:10148000800708D52868216A20F0C05008432860EA
:10149000206A00B90127208881046FF0FF0015D56C
:1014A0002968A26C21F4401111432960A16C19B183
:1014B000B1F5001F02D009E0012707E02968626941
:1014C00021F4F85100EB02221143296021884904DC
:1014D00015D52968E26C21F4400111432960E16CC3
:1014E00019B1B1F5000F02D009E0012707E0296822
:1014F000626921F4F85100EB022001432960207851
:101500004FF00009000755D59A484C38016841F062
:10151000805101600068DFF8608200F08050009028
:10152000D8F8001041F48071C8F80010FFF706F9F0
:10153000064604E0FFF702F9801B02286FD8D8F8AE
:101540000000C005F6D58B4E1C3E306810F440708C
:101550001FD0A18C01F4407181421AD03068012261
:1015600020F4407185480260C0F800903160306816
:10157000C0070ED0FFF7E2F8804641F2883A05E056
:10158000FFF7DCF8A0EB0801514548D83068800728
:10159000F6D5616A7748C1F301228438032A36D030
:1015A000016821F4F81101603068A18CC1F30B01CE
:1015B000084330602078DFF8C8A1400703D594F8CD
:1015C0005410CAF8E01120786E4EC00605D5306878
:1015D000E16A20F440000843306020784FF0006852
:1015E000800609D53068216B20F000600843306028
:1015F000206B404500D101272078400605D5306892
:10160000A16A20F080500843306067B908E00268A2
:101610005D4B22F4F81219400A430260C4E773E0FC
:101620002068802877D1DFF864B1CBF86890FFF7A5
:1016300085F8504F81468C3F06E000BFFFF77EF8EB
:10164000A0EB090002285FD838680001F6D4216DAC
:10165000CAF8D81020684E49C20701D0E2697AB1B1
:10166000820701D5226A5AB1820602D5226B424511
:1016700006D040060FD5A06A68B9206B40450AD154
:10168000D4E9010240EA8210227B237C120642EA5E
:101690000372104308602068820401D5A26C1AB15D
:1016A000400415D5E06C98B90868D4E9012342EAF2
:1016B0008312C0F30360237C000640EA03700243F8
:1016C0000A602868A26920F01F00521E104328609B
:1016D000207800060AD5D4E9010240EA8210227B74
:1016E000237C120642EA0372104308600120CBF803
:1016F0006800FFF723F880460AE000BFFFF71EF8F6
:10170000A0EB0800022803D90320BDE8F88F02E00F
:1017100038680001F2D52088C00505D52868616BBE
:1017200020F00040084328602088800505D52868FF
:10173000A16B20F40040084328602088400505D5AF
:101740002868E16B20F000400843286020880005ED
:1017500005D52868216C20F4804008432860208843
:10176000C00405D53068616C20F04040084330600B
:101770000020CAE78C38024000700040400E47420B
:101780000010474294380240FFFCFF0F0000474220
:10179000843802402DE9F0470E46050065D0DFF899
:1017A0001481D8F80000F7B200F00700B04207D269
:1017B00088F80070D8F8000000F00700B04254D15B
:1017C00028683D4C810712D5400703D5206840F4B6
:1017D000E05020602878000703D5206840F460407E
:1017E00020602068A96820F0F00008432060287875
:1017F000C0072DD0304968680839012812D0022866
:1018000013D0032811D00968890700292DDA21682F
:1018100021F0030101432160FEF790FF814641F270
:10182000883A0EE009688903EFE709688901ECE767
:10183000FEF784FFA0EB0901514502D90320BDE862
:10184000F0872068696800F00C00B0EB810FEFD1E1
:10185000D8F80010404601F00701B14207D90770DF
:10186000006800F00700B04201D00120E7E72878C7
:10187000400705D52068E96820F4E050084320605F
:101880002878000706D52068296920F4604040EADE
:10189000C100206000F0D0F82168084AC1F30311AC
:1018A000515CC8400649086006480068FFF7E6FC3E
:1018B0000020C4E7003C02400838024064FC0308F2
:1018C000D8050020D00500202DE9F041FEF736FFB5
:1018D000444C0546206840F00100206005E000BF50
:1018E000FEF72CFF401B022847D820688007F7D559
:1018F000206840F080002060FEF720FF0546394E4A
:1019000000200836306041F2883704E0FEF716FF09
:10191000401BB84231D8306810F00C0FF6D1FEF7FA
:101920000DFF0546206820F45020206005E000BF30
:10193000FEF704FF401B64281FD820688003F7D4FB
:10194000FEF7FCFE0546206820F08070206004E071
:10195000FEF7F4FE401B02280FD820688001F7D460
:10196000FEF7ECFE0546206820F08060206007E06E
:10197000FEF7E4FE401B022802D90320BDE8F081F7
:1019800020680001F4D417491748091D086015495B
:101990008431086013480C30016821F4F85101606B
:1019A000016821F400510160016841F41F010160E8
:1019B000016841F4001101600A487430016821F0A7
:1019C00001010160016841F0807101600849074828
:1019D000086008480068FFF751FC0028CED00120BD
:1019E000CCE7000000380240103000240024F4004E
:1019F000D8050020D0050020044805490068096882
:101A0000044AC1F38221515CC8407047D8050020C8
:101A10000838024074FC0308044805490068096856
:101A2000044AC1F34231515CC8407047D8050020D8
:101A30000838024074FC0308154810B5006810F01F
:101A40000C02144813D01449042A0FD0082A0ED1CE
:101A50000F4C241F2268236802F03F025B0207D567
:101A60002068C0F38810A0FB010106E0084610BD05
:101A70002168C1F38811A1FB00010023EEF7BAFC35
:101A80002168C1F30141491C4900B0FBF1F010BDD0
:101A9000083802400024F40000366E012DE9F84FAA
:101AA00004006ED02078DFF86093C007A9F1040528
:101AB0004AD009F104000168C1F38101012908D06D
:101AC0000068C0F3810002280AD1D9F80000400262
:101AD00006D52868800337D560680028E1D033E058
:101AE0006068B0F5803F10D0B0F5A02F286810D006
:101AF00020F480302860286820F480202860606806
:101B0000A8B1FEF71BFE06460DE0286840F48030C1
:101B1000F4E740F480202860F7E700BFFEF70EFEF0
:101B2000801B642873D828688003F7D50CE0FEF783
:101B300005FE064605E000BFFEF700FE801B642898
:101B4000F0D828688003F7D42078DFF8C0828007B7
:101B50004FF0000A3ED5AC48001D016811F00C0F93
:101B600008D00068C0F3810002280BD1D9F800002A
:101B7000400207D42868800716D5E068012800D104
:101B800012E03CE1E068B8B10120C8F80000FEF7BF
:101B9000D5FD064605E000BFFEF7D0FD801B0228FC
:101BA000C0D828688007F7D52868216920F0F80098
:101BB00040EAC10028600DE0C8F800A0FEF7BEFDB5
:101BC000064604E0FEF7BAFD801B02281FD82868ED
:101BD0008007F7D42078000722D58B4E8C486169A6
:101BE000703671B101210160FEF7A8FD074604E0DF
:101BF000FEF7A4FDC01B022809D830688007F7D57E
:101C00000EE0C0F800A0FEF799FD074605E082E06F
:101C1000FEF794FDC01B02287DD830688007F7D4FA
:101C20002078400768D5DFF8E0B100270BF13C0BC6
:101C3000DBF80000C0000BD4DBF8001041F080514D
:101C4000CBF80010DBF80000012700F08050009076
:101C5000704E3068C00510D4306840F48070306039
:101C6000FEF76CFD009005E0FEF768FD0099401A54
:101C7000022850D83068C005F6D5634EA0686C368F
:101C800001280FD00528306810D020F00100306006
:101C9000306820F004003060A068B8B1FEF74EFD57
:101CA00000900FE0306840F00100F4E740F00400DD
:101CB0003060F7E7FEF742FD0099411A41F28830A3
:101CC000814268D830688007F4D50EE0FEF736FD13
:101CD000009007E0FEF732FD0099411A41F288308A
:101CE000814258D830688007F4D42FB1DBF8001057
:101CF00021F08051CBF80010A069D8B34249091DEA
:101D00000968C1F3810102294CD00228504607D04E
:101D1000C8F8600000E03EE0FEF710FD04463DE03C
:101D20004746C8F86000FEF709FD064605E000BF1B
:101D3000FEF704FD801B02282DD828688001F7D407
:101D4000F4E907010843E168334A490802EB01411D
:101D5000A26841EA82110843217C40EA0160217DAA
:101D600040EA0171C9F8001001203866FEF7E6FC70
:101D7000044606E045E000BFFEF7E0FC001B022839
:101D800009D828688001F7D53BE000BFFEF7D6FCF4
:101D9000001B022802D90320BDE8F88F28688001C3
:101DA000F4D42EE00128F7D0D9F80000E26900F45D
:101DB0008001914223D1226A00F03F0191421ED15D
:101DC00047F6C071626A0140B1EB821F17D1A26A67
:101DD0004FF0FF3300F4403103EB5202B1EB024FFE
:101DE0000DD194F82C2000F07061B1EB026F06D198
:101DF00094F8301000F0E040B0EB017F01D00120FA
:101E0000CAE70020C8E7000004380240000047424B
:101E1000800E4742007000400000FFFF0348D0F8EA
:101E2000E01241F00401C0F8E012704738B9002018
:101E30000068503050F8210070470068503040F87A
:101E4000212070472DE9F05F0446007F92468B46C3
:101E5000012813D04FF0010884F81C80022060771D
:101E60002068CA214162216853204862FEF766FC5F
:101E700000250746FF264FF47A790EE00220BDE8E0
:101E8000F09F00BFFEF75AFCC01B484505D92068EB
:101E90004662032060772577F1E72068C068000775
:101EA000F0D4206881684FF00407C9060BD44AEAD1
:101EB0000B01C16220688068800609D4204600F0CA
:101EC000F1FA28B120684662677725770120D6E7C6
:101ED0002068466284F81D8025770020CFE7000047
:101EE00006484179022906D04079012805D14103ED
:101EF0000348FEF716BC012181717047980100204C
:101F00000008024010B5144904464FF40030086040
:101F100020688168C9040BD5C168C90508D5C168A6
:101F200001F0800161F4C071C1602046FFF7D8FF65
:101F30002068816889040BD5C168890508D5C16806
:101F400001F0800161F42071C1602046FFF766FF57
:101F50000120607710BD0000143C01402DE9F047DE
:101F60000446007F012822D04FF0010884F81C802D
:101F7000022060772268CA20506222685320506293
:101F800020680025FF26B1F5807F81684FF0030AA5
:101F90004FF47A790ED021F4007181602068816855
:101FA00021F400518160FEF7C9FB074624E00220BE
:101FB000BDE8F08721F4807181602068816821F498
:101FC00080518160FEF7BAFB074604E0FEF7B6FBDE
:101FD000C01B484509D82068C068C007F6D00FE08C
:101FE000FEF7ACFBC01B484506D92068466284F862
:101FF0001DA025770320DBE72068C0688007EFD5A8
:102000002068466284F81D8025770020D0E7000014
:1020100010B500680B4641680D480140080CD870A7
:10202000C1F304245C7001F03F049C70C1F34231A1
:10203000197052B907F034FBD870587807F030FBAC
:102040005870987807F02CFB9870002010BD0000A5
:102050003FFFFF0010B50B460168896A59600168AF
:102060000969C1F30E019960006801680D480140DB
:10207000C1F305401870C1F306245C7001F07F04C1
:102080009C70890DD97052B907F00AFB1870587806
:1020900007F006FB5870987807F002FB9870002054
:1020A00010BD00007F7F7F0010B5040002D0607F6C
:1020B00010B106E0012010BD00202077204600F07E
:1020C00041F8022060772068C168C943C90632D54B
:1020D000CA214162216853204862204607F0F4FA81
:1020E00020BB20688168164A114081602168886899
:1020F00062681043D4E904231A43104388602168BE
:10210000E068086120680169228941EA02410161B1
:10211000204607F0FDFA48B921680A6C22F48022B3
:102120000A6421680A6CA3691A430A642268FF21C1
:10213000516208B110BD00200121617710BD00007F
:10214000BFFF8FFF10B596B0044658216846EEF7E2
:10215000C5FB1249206888421AD108200090104817
:102160000068C0F30120022814D00E480990684688
:10217000FFF774F908B1FDF7D5F90B4901200860A4
:10218000002207212920FFF7E3F82920FFF7D3F8E1
:1021900016B010BD4FF40070E8E7000000280040C2
:1021A00070380240000318003C0E47422DE9F84306
:1021B000644E03464FF4FA4730680C46B0FBF7F024
:1021C000791148430090187F012877D04FF001091A
:1021D00083F81C900220587718680025002A806830
:1021E0004FEA40606CD0002800DBE570A0782278D0
:1021F00094F803C040EA02406278E169120242EAC0
:102200008C52104394F8202040EA02600843616930
:10221000A26908436168D3F800C01143CA22CCF810
:102220002420D3F800C05322CCF82420626AFF2473
:10223000B2F5807F1A684FF0030C5CD0D2F80880AA
:1022400028F40078C2F808801A68D2F80C8008F0E8
:10225000800868F42078C2F80C8032684FF47A76EF
:10226000B2FBF7F2724300921A68009E761E009647
:1022700061D0D668B607F8D510621868816418680E
:10228000816841F4007181601868816841F40051EF
:1022900081602D48016841F4003101602A4808300E
:1022A000016841F4003101601868446283F81D90B0
:1022B0001D770020BDE8F88300E001E00220F9E787
:1022C000002800DBE570207807F0F3F9020460785D
:1022D00007F0EFF942EA0022A07807F0EAF902439A
:1022E000E07842EA805294F8200007F0E2F942EAEE
:1022F0000060E1698AE7966826F4807696601A683D
:10230000D66806F0800666F4C076D6601A68009E2D
:10231000761E00960FD0D668F607F8D0D061186800
:1023200041641868816841F480718160186881682F
:1023300041F48051ACE7546283F81DC01D7703203F
:10234000B8E70000D8050020003C014070B5044605
:10235000007F0B46012819D00126267702206077DE
:10236000B2B19878D97840EA0145587819780002D6
:1023700040EA413005432168CA2048622168532061
:102380004862204607F0A0F9D0B122E0022070BDDB
:102390005878C10603D500F0EF000A305870D8789D
:1023A00007F087F90204587807F083F942EA00221F
:1023B000987807F07EF90243187842EA4035DAE768
:1023C0000748054020684560204607F0A1F900B99C
:1023D00066772268FF2151620021217770BD0000DD
:1023E0003FFFFF002DE9F0410446007F0D46012824
:1023F00023D04FF0010884F81C8002206077206809
:10240000002780684FEA4060D2B1002800DBEF70FF
:10241000A878297840EA01466878E978000240EA1D
:10242000815006432168CA204862216853204862CF
:10243000204607F049F9B8B12CE00220BDE8F08150
:10244000002800DBEF70287807F033F90204687881
:1024500007F02FF942EA0022A87807F02AF9024390
:10246000E87842EA8056DDE70D48064020680660BD
:102470002068816821F480218160D5E90301084347
:1024800021688A6810438860204607F041F908B93E
:1024900084F81D802268FF2151622777CEE7000073
:1024A0007F7F7F0070B504460B482168C860FEF747
:1024B00045F905464FF47A7607E000BFFEF73EF98E
:1024C000401BB04201D9032070BD2068C06880065F
:1024D000F4D5002070BD00005F3F01004FF0E02008
:1024E000016941F002010161704710B5040011D08B
:1024F000022084F851002068016821F04001016049
:10250000204600F067F80020606584F8510084F8E8
:10251000500010BD012010BD70B5040009D0606AE4
:10252000002540B125616561A56294F8510040B174
:102530000CE0012070BD6068B0F5827FF4D0E561E9
:10254000F2E784F85050204600F096F8022084F814
:1025500051002068016821F040010160A0882189B4
:1025600000F4827001F404410843A18901F4006180
:102570000843217C01F002010843217D01F00101A3
:102580000843218B01F400710843217F01F03801D9
:10259000084394F8201001F080010843218D01F4D4
:1025A0000051084321680860A069042101EA104035
:1025B00094F8241001F01001084321684860206855
:1025C000C16921F40061C1616565012084F8510091
:1025D000002070BD70B5044601682048204A214B98
:1025E000814208D1106820F480501060E021184624
:1025F000FDF7EAFE1AE01A481B4E001F1B4DB142C0
:1026000006D1016821F4804101604FF444411CE08F
:10261000174EB1420CD1016821F40041016038210C
:102620002846FDF7D1FEE06CFDF75DFCA06C10E0E4
:102630001048814211D1106820F40050106002212E
:102640001846FDF7C1FE4FF400512846FDF7BCFEC9
:10265000E06CBDE87040FDF746BC70BD0030014045
:1026600044380240000002400038004000040240AC
:10267000003C0040003401402DE9F04F87B0054692
:1026800014216846EEF72AF9C148DFF80083D5F82F
:1026900000C00221032205230615042700244FF45D
:1026A000804AC44555D1DFF8E8C20CF1140CDCF8BF
:1026B000008048F48058CCF80080DCF800C00CF4AE
:1026C000805CCDF814C0D0F800C04CF0010CC0F80C
:1026D00000C000680DF1040900F001000590A02081
:1026E0000090022090469B4689E811096946A94856
:1026F000FDF724FF4FF040090220CDE900900DF1D5
:10270000080C01208CE801096946A248FDF716FF74
:10271000DFF888B2A0495846CBF80010C0E903465C
:10272000C0E9054A4FF0C061CBF81C40C0E901196F
:102730000BF12009B10189E88201C901CBE90B1431
:10274000FDF7D6FC08B1FCF7EDFE5846C5F848B0D9
:1027500057E0DFF84C82DFF838E2DFF848B20EF1DC
:10276000100E4FF48079C4454FD1DEF8008048F454
:102770008048CEF80080DEF800C00CF4804CCDF824
:1027800014C0D0F800C04CF0020CC0F800C00068C3
:1027900001A900F0020005904FF4044000900220CF
:1027A000904681E811010520049069465846FDF7DE
:1027B000C5FE0220CDE900A00120CDE902080520D8
:1027C000049069465846FDF7B9FEDFF8E081764986
:1027D0004046C0E90014C8F80840C8F818A0C91459
:1027E000C8F80C40C0E90461C0E909748901C8F85F
:1027F0002C40C8E90791C8F83040BDE0FCF792FED4
:10280000BFE0856307B0BDE8F08FDFF8A481C44561
:1028100055D1DEF800C04CF4004CCEF800C0DEF814
:10282000003003F400430593036843F002030360A0
:10283000006800F00200059038208DE813000620A3
:10284000CDE9032069465846FDF778FEDFF864813C
:10285000554940461839C0E90014C8F80840C0E995
:102860000346C8F81440C8F81840C8F81C40C0E92E
:102870000847C8F82840C8F82C40C8F83040FDF791
:1028800037FC08B1FCF74EFE47484B4EC5F84C806C
:102890006030C8F83850C6E900044020C6E9020498
:1028A00034617461C6E90649346230467462FDF7EA
:1028B0001FFC08B1FCF736FEAE64B563A2E7DFF893
:1028C000FC80C4459ED1DFF8C8C00CF1140CDCF8C4
:1028D000008048F40058CCF80080DCF800C00CF40C
:1028E000005CCDF814C0D0F800C04CF0010CC0F86A
:1028F00000C0D0F800C00CF0010CCDF814C0D0F826
:1029000000C04CF0020CC0F800C00068009100F05C
:1029100002000590CDE901140320CDE903038846A8
:1029200069461C48FDF70AFE4FF40050CDE9000847
:102930000320CDE902400620049069465846FDF781
:10294000FDFD1549DFF8788048394046C8F8001089
:10295000C905C0E90114C8F818A00914C8F80C404A
:10296000C0E90461C0E909744FF44031C8F82C4053
:10297000C8E90791C8F83040FDF7BAFB00287FF49A
:102980003DAF4046C5F84C803BE7000000300140B9
:10299000303802400000024058640240D42F012029
:1029A00000380040000402405860024034300120EA
:1029B000003C004094300120F430012000340140FC
:1029C000543101202DE9F84F984616468A460446B0
:1029D000FDF7B4FE814694F8510001281ED1BAF1EA
:1029E000000F73D0002E71D094F85000012815D03C
:1029F000012784F85070032084F851000025656594
:102A0000C4F830A0A686E686A563A587E587656439
:102A10002564A068B0F5004F03D00CE00220BDE8AB
:102A2000F88F2068016821F040010160206801688A
:102A300041F48041016020680168490603D40168BF
:102A400041F040010160E068B0F5006F606803D0BC
:102A500048B3012E27D047E008B1012E1FD1206BCB
:102A600021680088C86006E020688168890709D568
:102A7000216B0988C160206B801C2063E08E401EA2
:102A8000E0860CE0FDF75AFEA0EB0901414503D3B7
:102A9000B8F1FF3F03D035E0B8F1000F32D0E08E3F
:102AA0000028E1D123E0206B21680078087306E05C
:102AB0002068816889070AD5216B09780173206B2A
:102AC000401C2063E08E401EE0860DE02BE0FDF709
:102AD00035FEA0EB0901414503D3B8F1FF3F03D018
:102AE00010E0B8F1000F0DD0E08E0028E0D14A468A
:102AF0004146204606F0B4FF08B120206065A0687A
:102B000030B109E084F8517084F85050032086E712
:102B10002068C1688068009084F8517004F8505FA4
:102B200060680028F3D0012079E710B5401EB0F1AD
:102B3000807F01D3012010BD4FF0E02460610F21A0
:102B4000601708F087FA0020A061072020610020AC
:102B500010BD4FF0E020016921F0020101617047D2
:102B60007047704710B590F83C20012A22D001220E
:102B700080F83C20CA688C6822F4407222434C687A
:102B800022F4806222430C6822F4006222430C6922
:102B900022F4805222434C6922F400522243C96934
:102BA000002322F480420A4301684A6480F83C30E2
:102BB000002010BD022010BD70B590F83C20012A05
:102BC00032D0012480F83C40022280F83D20036886
:102BD0005A689D6822F070060A6832435A60134BA7
:102BE00002689A4214D0B2F1804F11D0104B9A4231
:102BF0000ED0104B9A420BD00F4B9A4208D00F4B7D
:102C00009A4205D00E4B9A4202D00E4B9A4204D102
:102C1000496825F080031943916080F83D40002108
:102C200080F83C10084670BD022070BD00000140D5
:102C30000004004000080040000C00400004014077
:102C4000004001400018004010B50446022084F8FE
:102C50003D002068016A41F21112114207D1016A58
:102C60009210114203D1016821F001010160204658
:102C700000F046F8002084F8460084F83E0084F80E
:102C80003F0084F8400084F8410084F8420084F852
:102C9000430084F8440084F8450084F83D0084F83B
:102CA0003C0010BD10B5040003D094F83D0010B1F5
:102CB00007E0012010BD002084F83C00204600F011
:102CC0006FF8022084F83D00211D206807F0EAFD1E
:102CD000012084F8460084F83E0084F83F0084F820
:102CE000400084F8410084F8420084F8430084F8EE
:102CF000440084F8450084F83D00002010BD000029
:102D000010B504460068204A2049904203D1086863
:102D100020F0010021E01D4A121FB0F1804F07D0C2
:102D20001B4B984213D1106820F00400106015E08E
:102D3000106820F001001060206AFDF7D4F8E06A06
:102D4000FDF7D1F8BDE810401C20FEF7E3BA114BA7
:102D5000984208D1086820F002000860206ABDE8A7
:102D60001040FDF7C0B80C4B984204D1086820F41D
:102D70008030086010BD09498842FBD1106820F4FA
:102D80008070106010BD0000000001404438024017
:102D900000080040000401400040014000200040C5
:102DA0002DE9F84F0446D0F800C07948774A002151
:102DB0000315C514861504274FF400594FF4803AC3
:102DC0004FF0010B944525D1026842F001020260E8
:102DD0000068DFF8C48100F0010000906D4A4046B1
:102DE000C8F800204FF04062C0E9012108F10C0250
:102DF000C8F8247082E82A02C0E90AB1C8E9076A63
:102E0000C8F830102DE000BFC4F82080C8F8384062
:102E1000BDE8F88F5E4A121FBCF1804F28D0DFF862
:102E20007C81C4455BD1106840F0040010601068DC
:102E3000DFF8708100F004000090594A4046C8F85D
:102E400000204FF08062C0E9012108F10C0CC8F8A5
:102E500024708CE82A02C0E90AB1C8E9076AC8F8F8
:102E60003010FDF745F90028CED0FCF75BFBCBE72F
:102E7000106840F0010010601068494A00F001003D
:102E8000DFF824810090783AC8F800204FF0C06243
:102E9000C8F8042040464022C8F81030C0E902219A
:102EA0001202C0E90552C0E909714FF44032C8F876
:102EB0002C10C8E90762C8F83010FDF719F908B1FD
:102EC000FCF730FBC4F82080C4F82C8001220221DA
:102ED0001C20C8F83840FEF73BFA1C2051E0DFF810
:102EE000CC80C44529D1026842F002020260006829
:102EF000DFF8BC8000F002000090264842466038AF
:102F0000C8F800004FF06060C2E9010108F10C0C44
:102F1000C8F824708CE82A02C2E90AB1C8E9076A35
:102F20004046C8F83010FDF7E3F808B1FCF7FAFAAC
:102F3000C4F82080C8F838401DE01E498C450ED1E9
:102F4000016841F4803101600068002200F48030A3
:102F5000009011461820FEF7FBF9182011E01648E2
:102F600084457FF455AF106840F48070106010689D
:102F700000F480700090002207212D20FEF7E8F970
:102F80002D20BDE8F84FFEF7D6B900000000014043
:102F90004438024088640240B431012000080040F7
:102FA000A06002407432012014320120000401406C
:102FB000D4320120004001400020004090F83D1034
:102FC000012901D001207047022180F83D100068DE
:102FD0001149884214D0B0F1804F11D00F49884276
:102FE0000ED00F4988420BD00E49884208D00E49B6
:102FF000884205D00D49884202D00D49884204D14B
:10300000816801F00701062903D0016841F0010140
:1030100001600020704700000000014000040040F3
:1030200000080040000C0040000401400040014046
:103030000018004090F83D10012901D00120704790
:10304000022180F83D100168CA6842F00102CA609E
:1030500000681149884214D0B0F1804F11D00F4957
:1030600088420ED00E4988420BD00E49884208D0C3
:103070000D49884205D00D49884202D00C4988424A
:1030800004D1816801F00701062903D0016841F0ED
:103090000101016000207047000001400004004071
:1030A00000080040000C00400004014000400140C6
:1030B0000018004001680A6A41F211131A4207D150
:1030C0000A6A9B101A4203D10A6822F001020A60C0
:1030D000012180F83D10002070470168CA6822F085
:1030E0000102CA6001680A6A41F211131A4207D14B
:1030F0000A6A9B101A4203D10A6822F001020A6090
:10310000012180F83D100020704770B5044690F80A
:103110003C000025012817D0012684F83C600220DD
:1031200084F83D002068826822F0770222F47F4212
:1031300082600868502838D00DDC20284FD005DC8C
:1031400090B3102811D14AE0022070BD302846D03B
:1031500040280AD13BE060282FD070280DD0B0F570
:10316000805F03D0B0F5005F12D0012584F83D6088
:10317000002084F83C00284670BDCB68D1E90121CD
:10318000206807F004FC2068816841F0770109E0BD
:10319000CB68D1E90121206807F0F9FB206881683C
:1031A00041F480418160E1E719E0CA68496820681C
:1031B00007F008FD5021206806E0CA6849682068C9
:1031C00007F011FD6021206807F0EBFBCEE7CA682D
:1031D0004968206807F0F6FC40212068F4E722687F
:1031E00001461046F0E770472DE9F04104460068BB
:1031F000C66805694FF00007A90713D5B10711D5B7
:10320000F91E01610120207720688069800720462F
:1032100002D0FFF7E8FF04E000F0CFF8204600F00E
:103220008FF92777680716D5700714D521686FF0D6
:1032300004000861022020772068806910F4407F34
:10324000204602D0FFF7CFFF04E000F0B6F820469A
:1032500000F076F92777280715D5300713D52168B0
:103260006FF008000861042020772068C06980079B
:10327000204602D0FFF7B7FF04E000F09EF820469A
:1032800000F05EF92777E80616D5F00614D5216818
:103290006FF010000861082020772068C06910F4E2
:1032A000407F204602D0FFF79EFF04E000F085F843
:1032B000204600F045F92777E80708D0F00706D048
:1032C00021686FF001000861204600F0DDF9280652
:1032D00008D5300606D521686FF0800008612046C9
:1032E000FFF73EFC680608D5700606D521686FF02A
:1032F00040000861204600F0F3F9A8060AD5B006A0
:1033000008D521686FF0200008612046BDE8F04133
:10331000FFF727BCBDE8F08110B586B00446142144
:103320006846EDF7DBFA2068B0F1804F15D10C4804
:103330000021026842F001020260006800F0010012
:103340000590082000900220CDE901010120CDE97F
:10335000031069460348FDF7F1F806B010BD000000
:10336000303802400000024070B5044690F83C003E
:10337000002501280FD0012084F83C006AB1042AFE
:103380000FD0082A11D00C2A13D00125002084F870
:103390003C00284670BD022070BD206807F00AFB83
:1033A000F4E7206807F036FBF0E7206807F068FBD9
:1033B000ECE7206807F098FBE8E7704710B50400D9
:1033C00003D094F83D0010B107E0012010BD0020AB
:1033D00084F83C00204600F01EF8022084F83D00EE
:1033E000211D206807F05EFA012084F8460084F869
:1033F0003E0084F83F0084F8400084F8410084F8DF
:10340000420084F8430084F8440084F8450084F8BE
:103410003D00002010BD704770B5044690F83C0098
:1034200000260D4601280FD0012084F83C006AB127
:10343000042A1DD0082A2FD00C2A3FD001260020B4
:1034400084F83C00304670BD022070BD206807F053
:10345000B1FA2068816941F00801816120688169C1
:1034600021F004018161206881692A69114311E01A
:10347000206807F0CFFA2068816941F4006181611A
:103480002068816921F480618161206881692A69ED
:1034900041EA02218161D2E7206807F0F1FA206851
:1034A000C16941F00801C1612068C16921F00401CE
:1034B000C1612068C1692A69114311E0206807F0E1
:1034C00013FB2068C16941F40061C1612068C169D2
:1034D00021F48061C1612068C1692A6941EA022141
:1034E000C161ACE710B5040003D094F83D0010B101
:1034F00007E0012010BD002084F83C00204600F0C9
:103500001EF8022084F83D00211D206807F0CAF94A
:10351000012084F8460084F83E0084F83F0084F8D7
:10352000400084F8410084F8420084F8430084F8A5
:10353000440084F8450084F83D00002010BD704729
:103540007047000010B50446022249B104290ED08C
:10355000082913D094F84100012816D0012010BD8D
:1035600094F83E000128F9D184F83E200FE094F849
:103570003F000128F2D184F83F2008E094F8400091
:103580000128EBD184F8402001E084F84120012299
:10359000206807F0EFF916492068164A884201D0E2
:1035A000904203D1436C43F4004343642068884253
:1035B00013D0B0F1804F10D00F4988420DD00F4981
:1035C00088420AD00E49884207D0904205D00D4962
:1035D000884202D00C49884204D1816801F0070179
:1035E000062903D0016841F001010160002010BDEF
:1035F00000000140000401400004004000080040B9
:10360000000C0040004001400018004030B5044666
:103610000D460068002207F0ADF9194B41F2111177
:1036200020688A10984202D0164B984209D1036A4A
:103630000B4206D1036A134203D1436C23F40043C7
:1036400043642068036A0B4206D1016A114203D128
:10365000016821F00101016001203DB1042D08D075
:10366000082D09D084F84100002030BD84F83E00C8
:10367000FAE784F83F00F7E784F84000F4E7000039
:103680000000014000040140704770B5044690F806
:103690003C00012812D0012584F83C50022084F817
:1036A0003D00204607F048FA01004FF0000007D027
:1036B00084F83D5084F83C00012070BD022070BDAC
:1036C0002168CA6822F04002CA602168CA6822F4F0
:1036D0008042CA6084F83D5084F83C00002070BDF0
:1036E000704710B504460068406994F84110C0F373
:1036F000C010212911D180B12068143050E8001F7A
:1037000021F0800140E80012002AF5D1A06B08B139
:10371000FCF78EFB204607F0B8FA2068406994F861
:103720004210C0F38010222911D180B120681430DA
:1037300050E8001F21F0400140E80012002AF5D1B6
:10374000E06B08B1FCF774FB204607F077FA002025
:1037500010BD10B5040015D0242084F84100206865
:10376000C16821F40051C160204600F03FF80020FC
:10377000606484F8410084F8420044F8300F6060CF
:10378000207410BD012010BD70B5040004D094F861
:103790004100002510B106E0012070BD84F84050C2
:1037A000204600F085F8242084F841002068C16894
:1037B00021F40051C160204607F076FA20680169C3
:1037C00021F4904101612068416921F02A014161A1
:1037D0002068C16841F40051C1606564202084F80C
:1037E000410084F842006563002070BD2DE9F04778
:1037F00004462A4D0068284FDFF8A4902E1D4FF490
:103800008058B8420CD1286820F400202860414636
:103810004846FCF7D9FDA06BFCF765FB342011E0AE
:103820002049884210D1306820F010003060C0215B
:103830001D48FCF7C9FDE06BFCF755FBA06BFCF7DE
:1038400052FB2520FDF766FD2068B8420FD128689D
:1038500020F40020286041464846FCF7B5FDE06BA7
:10386000FCF741FBA06BFCF73EFB34200EE00F4958
:1038700088420FD1306820F020003060C9144846DB
:10388000FCF7A2FDA06BFCF72EFB4720BDE8F0473C
:10389000FDF740BDBDE8F087004C004040380240D5
:1038A00000000240001001400004024000140140EA
:1038B0002DE9F04F87B0044614216846EDF70EF865
:1038C0009A4920689A4E00250F154FF0120B4FF0C1
:1038D000010A4FF040084FF00069884239D19448FE
:1038E0001030016841F400210160006800F40020FC
:1038F0000590306840F0010030603068694600F0A3
:1039000001000590B014CDE9000B0320CDE902A021
:103910000B2004908748FCF711FE88488649C0F8C0
:103920000880C0E9035745618561C561056245624C
:10393000C0E90019FCF7DCFB08B1FBF7F3FD7F4899
:10394000A0630122846306213420FDF701FD3420A9
:1039500050E07B4988424FD175481430016841F0EE
:1039600010010160006800F010000590306840F020
:1039700002003060306801A900F002000590C0200C
:103980000090022081E821040720049069466D48D8
:10399000FCF7D4FD6D486C490160C0E90195C0E9B0
:1039A000035745618561C56105624562FCF7A0FB6F
:1039B00008B1FBF7B7FD6548E06363498463644879
:1039C0007831C0F80880C0E9035745618561C56159
:1039D00005624562C0E90019FCF78AFB08B1FBF7F4
:1039E000A1FD5B48A0630022846301212520FDF72F
:1039F000AFFC2520FDF79FFC4C492068884251D13F
:103A00004B4800251030016841F400210160006836
:103A100000F400200590306840F00100306030680C
:103A2000694600F0010005904FF48050CDE9000B8D
:103A30000320CDE902A00B2004903E48FCF77EFD58
:103A40003D48444E30383060C6E90195C6E9035719
:103A50007561B561F561356230467562FCF748FB0A
:103A600008B1FBF75FFD354DE663B4633248C5F836
:103A70000880C5E900090020C5E903076861A8615D
:103A8000E861286268622846FCF732FB08B1FBF760
:103A900049FDA563012205213420AC63FDF758FCE4
:103AA00034203DE02C4988423CD121481430016843
:103AB00041F020010160006800F0200005903068AE
:103AC00040F0010030603068694600F00100059068
:103AD0004FF400600090CDE901B50820CDE9035016
:103AE0001448FCF72BFD18481C4E60303060C6E9C6
:103AF00003577561B561F56135624FF020607562FD
:103B0000C6E901083046FCF7F3FA08B1FBF70AFDF5
:103B1000A663002205214720B463FDF719FC472066
:103B2000FDF709FC07B0BDE8F08F0000004C004035
:103B300030380240000002407060024034330120FF
:103B40000010014000040240406402409433012010
:103B5000F4330120B4340120001401405434012016
:103B60002DE9F04704468EB04FF482760025C4E973
:103B70000165C56005614FF40078C4E90558382037
:103B8000C4E907054FF00A096562C4E90A592046ED
:103B9000FEF7C2FC18B101200EB0BDE8F087206826
:103BA000016841F040010160AA46444DA86940F017
:103BB0000400A8614248002342F2107102684FF0ED
:103BC000FF0C520603D4026842F0400202600A462B
:103BD00000E000BF8768BF0701D4521EF9D2826897
:103BE000D2070AD0C2688DF800208268D20702D0BE
:103BF000C2688DF800209DF8002080F80CC00A46AD
:103C000000E000BF8768FF0701D1521EF9D2826829
:103C1000D20700D0C2685B1C102BCFDB29A1002784
:103C2000D1E90001CDE90201A86940F48020A86132
:103C30000A20FCF70DFB02A800F08CFF7F1C052F6B
:103C4000A9DC0128F0D121A1D1E90001CDE90401CD
:103C500004A801F053FA0128FAD11EA0D0E90010FF
:103C6000CDE9061006A800F077FC0028FAD11BA1C8
:103C7000D1E90001CDE908010AA908A801F0E4F89A
:103C80000028F9D1C4E9016AC4F80CA0C4F810A056
:103C9000C4E905A8C4F81CA0C4F820A0C4F824A056
:103CA000C4E90AA92046FEF737FC20B9206801685C
:103CB00041F04001016000206EE70000000002407A
:103CC0000030014040000000009500004800000165
:103CD000AA8700006940000000E500007A000000AB
:103CE000000100000EB500210CA20291D2E90012E1
:103CF000CDE90012B0F5800F00D90A488DF8040014
:103D0000010E8DF80110010C8DF80210010A8DF8DA
:103D10000310684600F020FC02900EBD5700000022
:103D200000010000FFFF3F00F0B585B0FF248DF8D3
:103D3000004042F2107248492EE00D68FF236D06E4
:103D400003D40D6845F040050D60164600E000BF45
:103D50008D68AD0702D4761E751CF8D18D68ED070D
:103D60000AD0CD688DF800508D68ED0702D0CD687F
:103D70008DF800509DF800500B73154600E000BF11
:103D80008B68DB0701D16D1EF9D28B68DB0701D090
:103D9000CB68DBB28DF800309DF80030FE2BCCD123
:103DA0000B684FF400775B0603D40B6843F04003C5
:103DB0000B600023154600E000BF8E68B60705D4EF
:103DC0006D1EF9D202E0CD688DF810508D68ED07B8
:103DD000F9D10C73154600E000BF8E68F60701D1DB
:103DE0006D1EF9D28D68ED0704D0CD68C5545B1CFB
:103DF000BB42DFDB19A003AF00680390086802260E
:103E0000400603D4086840F04000086000231046D4
:103E100000E000BF8D68AD0705D4401EF9D202E076
:103E2000C8688DF810008868C007F9D10C73154672
:103E300000E000BF8868C00702D16D1E681CF8D181
:103E40008868C00704D0C868F8545B1CB342DEDB46
:103E500005B00020F0BD000000300140FFFF000071
:103E6000F0B589B04924FF228DF81C20F84A9369E7
:103E700043F480239361F74A13685B0603D4136805
:103E800043F04003136042F210731D4600E000BF90
:103E90009668B60701D46D1EF9D29568ED070AD071
:103EA000D5688DF800509568ED0702D0D5688DF87B
:103EB00000509DF8005014731C4600E000BF956848
:103EC000ED0701D1641EF9D29468E40700D0D468EC
:103ED000156800246D0603D4156845F0400515608B
:103EE0001D4600E000BF9668B60701D46D1EF9D2EA
:103EF0009568ED070AD0D5688DF800509568ED07F4
:103F000002D0D5688DF800509DF8005014731D46FE
:103F100000E000BF9668F60701D16D1EF9D29568E2
:103F2000ED0700D0D56815686D0603D4156845F017
:103F3000400515601D4600E000BF9668B60701D435
:103F40006D1EF9D29568ED070AD0D5688DF800503E
:103F50009568ED0702D0D5688DF800509DF80050A7
:103F600014731D4600E000BF9668F60701D16D1E70
:103F7000F9D29568ED0700D0D56815686D0603D4B1
:103F8000156845F0400515601D4600E000BF9668C5
:103F9000B60701D46D1EF9D29568ED070AD0D56831
:103FA0008DF800509568ED0702D0D5688DF8005067
:103FB0009DF8005014731D4600E000BF9668F60798
:103FC00001D16D1EF9D29568ED0700D0D56815684E
:103FD0006D0603D4156845F0400515601D4600E0E8
:103FE00000BF9668B60701D46D1EF9D29568ED073B
:103FF0000AD0D5688DF800509568ED0702D0D568D5
:104000008DF800509DF8005014731C4600E000BF6E
:104010009568ED0701D1641EF9D29468E40700D0D9
:10402000D4681468FF25640603D4146844F040047F
:1040300014601C4600E000BF9668B60701D4641EF9
:10404000F9D29468E4070AD0D4688DF800409468E7
:10405000E40702D0D4688DF800409DF80040157345
:104060001C4600E000BF9568ED0701D1641EF9D23F
:1040700094684FF0000CE40730D0D4682EE0146848
:10408000FF26640603D4146844F0400414601C4600
:1040900000E000BF9568AD0701D4641EF9D29468B2
:1040A000E4070AD0D4688DF800409468E40702D091
:1040B000D4688DF800409DF8004016731D4600E05E
:1040C00000BF9468E40701D16D1EF9D29468E4073B
:1040D0000FD0D4685FFA84F48DF81C409DF81C4022
:1040E000FF2CCCD09DF81C40A4B34FF0FF3009B09A
:1040F000F0BD6446F0E71568FF246D0603D415682B
:1041000045F0400515601D4600E000BF9668B60703
:1041100001D46D1EF9D29568ED070AD0D5688DF8E7
:1041200000509568ED0702D0D5688DF800509DF8D5
:10413000005014731C4600E000BF9568ED0701D1E4
:10414000641EF9D29468E40713D0D4685FFA84F44B
:104150008DF81C409DF81C40FE2CCCD10025146825
:10416000FF27640603D4146844F0400414601C461E
:1041700002E06446ECE700BF9668B60701D4641E0F
:10418000F9D29468E4070AD0D4688DF800409468A6
:10419000E40702D0D4688DF800409DF80040177302
:1041A0001C461E4600E000BF9768FF0701D1761E3F
:1041B000F9D29668F60711D0D668F6B203AF7E55ED
:1041C0006D1C102DCBDB00251368FF265B0603D486
:1041D000136843F040031360234602E06646EDE7B0
:1041E00000BF9768BF0701D45B1EF9D29368DB0755
:1041F0000AD0D3688DF800309368DB0702D0D3680B
:104200008DF800309DF800301673234600E000BFA3
:104210009668F60701D15B1EF9D29368DB0700D0E0
:10422000D3686D1C022DCFDB9DF813209DF8143050
:10423000120442EA03229DF815301A43920202F555
:104240008062C1F81021FFF78BFC00204FE70000CF
:1042500000000240003001407FB5FF228DF80820A9
:10426000BB4A936943F480239361BA4C512322687B
:10427000520603D4226842F04002226042F21075D6
:104280002A4600E000BFA668B60701D4521EF9D244
:10429000A268D2070AD0E2688DF80020A268D2078F
:1042A00002D0E2688DF800209DF8002023732B4691
:1042B00000E000BFA268D20701D15B1EF9D2A2685C
:1042C000D20700D0E2682368020E5B0603D423689D
:1042D00043F0400323602B4600E000BFA668B6070A
:1042E00001D45B1EF9D2A368DB070AD0E3688DF81E
:1042F0000030A368DB0702D0E3688DF800309DF83A
:10430000003022732A4600E000BFA368DB0701D11A
:10431000521EF9D2A268D20700D0E2682268C0F328
:104320000743520603D4226842F0400222602A4624
:1043300000E000BFA668B60701D4521EF9D2A268F9
:10434000D2070AD0E2688DF80020A268D20702D016
:10435000E2688DF800209DF8002023732A4600E0D3
:1043600000BFA368DB0701D1521EF9D2A268D207B1
:1043700000D0E2682268C0F30723520603D4226803
:1043800042F0400222602A4600E000BFA668B6075D
:1043900001D4521EF9D2A268D2070AD0E2688DF881
:1043A0000020A268D20702D0E2688DF800209DF8B4
:1043B000002023732A4600E000BFA368DB0701D179
:1043C000521EF9D2A268D20700D0E268C2B22068B9
:1043D000400603D4206840F040002060284600E0FA
:1043E00000BFA3689B0701D4401EF9D2A068C00794
:1043F0000AD0E0688DF80000A068C00702D0E0682D
:104400008DF800009DF800002273284600E000BFF0
:10441000A268D20701D1401EF9D2A068C00700D01F
:10442000E06820680122400603D4206840F0400084
:104430002060284600E000BFA3689B0701D4401E0F
:10444000F9D2A068C0070AD0E0688DF80000A06823
:10445000C00702D0E0688DF800009DF800002273CC
:10446000284600E000BFA268D20701D1401EF9D261
:10447000A068C0072FD0E0682DE02268FF20520618
:1044800003D4226842F0400222602A4600E000BFC6
:10449000A3689B0701D4521EF9D2A268D2070AD0A2
:1044A000E2688DF80020A268D20702D0E2688DF899
:1044B00000209DF800202073284600E000BFA2687D
:1044C000D20701D1401EF9D2A068C00701D0E06830
:1044D000C0B28DF808009DF80800FF28CDD09DF8E7
:1044E000080018B14FF0FF3004B070BD0846FFF768
:1044F0001BFC8DF808002068FF21400603D42068CB
:1045000040F040002060284600E000BFA26892070B
:1045100001D4401EF9D2A068C0070AD0E0688DF827
:104520000000A068C00702D0E0688DF800009DF888
:104530000000217300E000BFA068C00701D16D1E1C
:10454000F9D2A068C00700D0E0689DF80800CBE76A
:104550000000024000300140F0B5FFA187B0D1E972
:104560000053FF268DF81060FD4900248A6942F44B
:1045700080228A61FB49EFB20A68520603D40A68B6
:1045800042F040020A6042F21072944600E000BF1E
:10459000D1F808E05FEA8E7E02D4BCF1010CF6D2BD
:1045A000D1F808C05FEACC7C0ED0D1F80CC08DF8F1
:1045B00008C0D1F808C05FEACC7C03D0D1F80CC0A9
:1045C0008DF808C09DF808C00F73174600E000BFC3
:1045D000D1F808C05FEACC7C01D17F1EF7D28F688A
:1045E000FF0700D0CF68D1F800C0C5F307275FEA06
:1045F0004C6C05D4D1F800C04CF0400CC1F800C0A0
:10460000944600E000BFD1F808E05FEA8E7E02D455
:10461000BCF1010CF6D2D1F808C05FEACC7C0ED018
:10462000D1F80CC08DF808C0D1F808C05FEACC7C86
:1046300003D0D1F80CC08DF808C09DF808C00F73E6
:10464000174600E000BFD1F808C05FEACC7C01D17A
:104650007F1EF7D28F68FF0700D0CF68D1F800C067
:10466000C5F307475FEA4C6C05D4D1F800C04CF0A5
:10467000400CC1F800C0944600E000BFD1F808E04B
:104680005FEA8E7E02D4BCF1010CF6D2D1F808C0EC
:104690005FEACC7C0ED0D1F80CC08DF808C0D1F800
:1046A00008C05FEACC7C03D0D1F80CC08DF808C0FC
:1046B0009DF808C00F73174600E000BFD1F808C08E
:1046C0005FEACC7C01D17F1EF7D28F68FF0700D054
:1046D000CF680F682D0E7F0603D40F6847F04007A0
:1046E0000F60174600E000BFD1F808C05FEA8C7C7D
:1046F00001D47F1EF7D28F68FF070AD0CF688DF8EC
:1047000000708F68FF0702D0CF688DF800709DF8A9
:1047100000700D73154600E000BF8F68FF0701D1E0
:104720006D1EF9D28D68ED0700D0CD680F68DDB23F
:104730007F0603D40F6847F040070F60174600E07C
:1047400000BFD1F808C05FEA8C7C01D47F1EF7D28D
:104750008F68FF070AD0CF688DF800708F68FF0759
:1047600002D0CF688DF800709DF800700D7315466B
:1047700000E000BF8F68FF0701D16D1EF9D28D6880
:10478000ED0700D0CD680D68C3F307236D0603D491
:104790000D6845F040050D60154600E000BF8F68CC
:1047A000BF0701D46D1EF9D28D68ED070AD0CD6820
:1047B0008DF800508D68ED0702D0CD688DF800505F
:1047C0009DF800500B73134600E000BF8D68ED07A5
:1047D00001D15B1EF9D28B684FF0000CDB0731D0A2
:1047E000CB682FE00B68FF275B0603D40B6843F010
:1047F00040030B609646134600E000BF8D68AD078E
:1048000001D45B1EF9D28B68DB070AD0CB688DF828
:1048100000308B68DB0702D0CB688DF800309DF844
:1048200000300F7300E000BF8B68DB0702D1BEF1E0
:10483000010EF8D28B68DB0709D0CB685FFA83F3EF
:104840008DF810309DF81030FF2B02D005E0634644
:10485000F6E72346641C9342C4D39DF81030FF2B27
:1048600009D003780C68640603D40C6844F0400453
:104870000C60154604E04FF0FF3007B0F0BD00BFFC
:104880008C68A40701D46D1EF9D28C68E4070AD0A5
:10489000CC688DF800408C68E40702D0CC688DF8B5
:1048A00000409DF800400B73144600E000BF8B6889
:1048B000DB0701D1641EF9D28B68DB0700D0CB681F
:1048C00043780C68640603D40C6844F040040C6020
:1048D000144600E000BF8D68AD0701D4641EF9D214
:1048E0008C68E4070AD0CC688DF800408C68E40737
:1048F00002D0CC688DF800409DF800400B73134641
:1049000000E000BF8C68E40701D15B1EF9D28B6820
:10491000DB0700D0CB6884780B685B0603D40B6898
:1049200043F040030B60134600E000BF8D68AD0705
:1049300001D45B1EF9D28B68DB070AD0CB688DF8F7
:1049400000308B68DB0702D0CB688DF800309DF813
:1049500000300C73144608E07700000000010000EE
:10496000000002400030014000BF8B68DB0701D12E
:10497000641EF9D28B68DB0700D0CB68C3780C6863
:10498000640603D40C6844F040040C60144600E054
:1049900000BF8D68AD0701D4641EF9D28C68E407AE
:1049A0000AD0CC688DF800408C68E40702D0CC684F
:1049B0008DF800409DF800400B73144600E000BFE6
:1049C0008B68DB0701D1641EF9D28B68DB0700D04E
:1049D000CB6803790C68640603D40C6844F0400487
:1049E0000C60144600E000BF8D68AD0701D4641E62
:1049F000F9D28C68E4070AD0CC688DF800408C6846
:104A0000E40702D0CC688DF800409DF800400B739D
:104A1000134600E000BF8C68E40701D15B1EF9D2A9
:104A20008B68DB0700D0CB6843790868400603D465
:104A3000086840F040000860104600E000BF8C6845
:104A4000A40701D4401EF9D28868C0070AD0C868FC
:104A50008DF800008868C00702D0C8688DF8000093
:104A60009DF800000B73104600E000BF8B68DB0769
:104A700001D1401EF9D28868C00700D0C8688DF8FF
:104A8000106000242EE00868FF23400603D4086865
:104A900040F040000860104600E000BF8D68AD07A0
:104AA00001D4401EF9D28868C0070AD0C8688DF8C2
:104AB00000008868C00702D0C8688DF800009DF823
:104AC00000000B73134600E000BF8868C00701D1E7
:104AD0005B1EF9D28868C00709D0C8685FFA80F009
:104AE0008DF810009DF81000FF2802D005E0604608
:104AF000F6E72046641C9042C5D30868FF234006B1
:104B000003D4086840F040000860104600E000BF91
:104B10008C68A40701D4401EF9D28868C0070AD067
:104B2000C8688DF800008868C00702D0C8688DF892
:104B300000009DF800000B7300E000BF8868C0070C
:104B400001D1521EF9D28868C00700D0C8689DF80C
:104B5000100092E670B585B0FF218DF80810B849B5
:104B600000238A6942F480228A61B64905780A687E
:104B7000520603D40A6842F040020A6042F2107200
:104B8000144600E000BF8E68B60701D4641EF9D257
:104B90008C68E4070AD0CC688DF800408C68E40784
:104BA00002D0CC688DF800409DF800400D7314468B
:104BB00000E000BF8D68ED0701D1641EF9D28C685A
:104BC000E40700D0CC6845780C68640603D40C6810
:104BD00044F040040C60144600E000BF8E68B60745
:104BE00001D4641EF9D28C68E4070AD0CC688DF831
:104BF00000408C68E40702D0CC688DF800409DF836
:104C000000400D73144600E000BF8D68ED0701D130
:104C1000641EF9D28C68E40700D0CC6884780D68F3
:104C20006D0603D40D6845F040050D60154600E0A3
:104C300000BF8E68B60701D46D1EF9D28D68ED07EE
:104C40000AD0CD688DF800508D68ED0702D0CD6890
:104C50008DF800509DF800500C73154600E000BF21
:104C60008C68E40701D16D1EF9D28C68E40700D08E
:104C7000CC68C4780D686D0603D40D6845F0400516
:104C80000D60154600E000BF8E68B60701D46D1EAA
:104C9000F9D28D68ED070AD0CD688DF800508D6887
:104CA000ED0702D0CD688DF800509DF800500C73D0
:104CB000144600E000BF8D68ED0701D1641EF9D2F3
:104CC0008C68E40700D0CC6805790C68640603D4CE
:104CD0000C6844F040040C60144600E000BF8E688D
:104CE000B60701D4641EF9D28C68E4070AD0CC68F8
:104CF0008DF800408C68E40702D0CC688DF8004045
:104D00009DF800400D73144600E000BF8D68ED076C
:104D100001D1641EF9D28C68E40700D0CC684479D4
:104D20000868400603D4086840F040000860104658
:104D300000E000BF8D68AD0701D4401EF9D288683D
:104D4000C0070AD0C8688DF800008868C00702D084
:104D5000C8688DF800009DF800000C73104600E054
:104D600000BF8C68E40701D1401EF9D28868C007F3
:104D70002FD0C8682DE00868FF24400603D40868D7
:104D800040F040000860104600E000BF8D68AD07AD
:104D900001D4401EF9D28868C0070AD0C8688DF8CF
:104DA00000008868C00702D0C8688DF800009DF830
:104DB00000000C73104600E000BF8C68E40701D1CE
:104DC000401EF9D28868C00701D0C868C0B28DF80B
:104DD00008009DF80800FF2803D118465B1C90428C
:104DE000C9D30868FF23400603D4086840F0400098
:104DF0000860104600E000BF8C68A40701D4401E84
:104E0000F9D28868C0070AD0C8688DF800008868A1
:104E1000C00702D0C8688DF800009DF800000B7331
:104E200000E000BF8868C00701D1521EF9D288682F
:104E3000C00700D0C8689DF8080005B070BD00002C
:104E40000000024000300140F0B586B0FF228DF82E
:104E50000C20A84A0026936943F480239361A64A54
:104E60004FF0060E13685B0603D4136843F040034B
:104E70001360002542F210731C4600E000BF9768E3
:104E8000BF0705D4641EF9D202E0D4688DF814403F
:104E90009468E407F9D1445D14731C461F4600E092
:104EA00000BFD2F808C05FEACC7C01D17F1EF7D2E8
:104EB0009768FF0734D0D7688DF814706D1C75455E
:104EC000DADB2DE01068FF27400603D4106840F0BD
:104ED00040001060204600E000BF9568AD0701D497
:104EE000401EF9D29068C0070AD0D0688DF8000043
:104EF0009068C00702D0D0688DF800009DF80000CF
:104F00001773204600E000BF9568ED0701D1401EF1
:104F1000F9D29068C00701D0D068C0B28DF80C00FB
:104F20009DF80C00FF2803D13046761CA042C9D35F
:104F30009DF80C00FF2809D0CC781068400603D4F7
:104F4000106840F040001060184604E04FF0FF3059
:104F500006B0F0BD00BF9568AD0701D4401EF9D280
:104F60009068C0070AD0D0688DF800009068C0072C
:104F700002D0D0688DF800009DF800001473184628
:104F800000E000BF9468E40701D1401EF9D29068A8
:104F9000C00700D0D0688C781068400603D4106831
:104FA00040F040001060184600E000BF9568AD0773
:104FB00001D4401EF9D29068C0070AD0D0688DF89D
:104FC00000009068C00702D0D0688DF800009DF8FE
:104FD00000001473184600E000BF9468E40701D194
:104FE000401EF9D29068C00700D0D0684878146895
:104FF000640603D4146844F0400414601C4600E0C6
:1050000000BF9568AD0701D4641EF9D29468E40727
:105010000AD0D4688DF800409468E40702D0D468C0
:105020008DF800409DF800401073184600E000BF66
:105030009468E40701D1401EF9D29068C00700D0FF
:10504000D06809781068400603D4106840F040002A
:105050001060184600E000BF9468A40701D4401E09
:10506000F9D29068C0070AD0D0688DF80000906827
:10507000C00702D0D0688DF800009DF800001173C1
:10508000184600E000BF9168C90701D1401EF9D25F
:105090009068C00700D0D0681068FF21400603D494
:1050A000106840F0400010601C4600E000BF9068AF
:1050B000800702D4641E601CF8D19068C0070AD033
:1050C000D0688DF800009068C00702D0D0688DF8D5
:1050D00000009DF80000117300E000BF9068C00759
:1050E00001D15B1EF9D29068C00700D0D0689DF84E
:1050F0000C002DE70000024000300140F0B56BA12C
:1051000087B009680491FF218DF80C1068490025CB
:105110008A6942F480228A61664A06271168490634
:1051200003D4116841F040011160002442F2107173
:105130000B4600E000BF9668B60705D45B1EF9D2A7
:1051400002E0D3688DF818309368DB07F9D1035D6E
:1051500013730B460E4600E000BFD2F808C05FEAAA
:10516000CC7C01D1761EF7D29668F60734D0D6688B
:105170008DF81860641CBC42DADB2DE01068FF215A
:10518000400603D4106840F040001060184600E06C
:1051900000BF9468A40701D4401EF9D29068C007EC
:1051A0000AD0D0688DF800009068C00702D0D0689F
:1051B0008DF800009DF800001173184600E000BF54
:1051C0009168C90701D1401EF9D29068C00701D08B
:1051D000D068C0B28DF80C009DF80C00FF2803D1F8
:1051E00028466D1C9842C9D39DF80C00FF280BD0AF
:1051F000106804AC0425400603D4106840F0400059
:1052000010600021184604E04FF0FF3007B0F0BDF9
:1052100000BF9668B60705D4401EF9D202E0D068F8
:105220008DF814009068C007F9D1605C10731E46B9
:1052300000E000BF9068C00701D1761EF9D29068E7
:10524000C00705D0D0688DF81400491CA942D9DBED
:105250001068FF21400603D4106840F04000106041
:10526000184600E000BF9468A40701D4401EF9D29C
:105270009068C0070AD0D0688DF800009068C00719
:1052800002D0D0688DF800009DF80000117300E096
:1052900000BF9068C00701D15B1EF9D29068C007BB
:1052A00000D0D0689DF80C00B0E70000FFFFFFFFC2
:1052B0000000024000300140F0B5694C85B0002389
:1052C00023708DF808306848664D816941F480216B
:1052D00081616648FD260168490603D4016841F0F2
:1052E0004001016042F210710A4600E000BF876889
:1052F000BF0701D4521EF9D28268D2070AD0C26811
:105300008DF800208268D20702D0C2688DF8002094
:105310009DF8002006730A4600E000BF8668F60785
:1053200001D1521EF9D28268D20700D0C268066845
:10533000FF22760603D4066846F0400606600E4655
:1053400000E000BF8768BF0701D4761EF9D28668E7
:10535000F6070AD0C6688DF800608668F60702D0A6
:10536000C6688DF800609DF8006002730A4600E090
:1053700000BF8668F60701D1521EF9D28268D207B3
:1053800000D0C2685FF001079DF80820FF2A33D0E3
:105390006D1E31D363700A4600E000BF8668B60711
:1053A00001D4521EF9D28268920701D4677021E0BD
:1053B000FF2202730A4600E000BF8668F60701D1AB
:1053C000521EF9D28268D20709D0027B8DF80820DC
:1053D0006278002AD8D06FF0010005B0F0BD826875
:1053E00000926770520605D5027B8DF800209DF86B
:1053F000002082681A46E9E79DF80820FF2A02D0BB
:105400004FF0FF30E9E70268FF23520603D4026839
:1054100042F0400202600A4600E000BF8468A40730
:1054200001D4521EF9D28268D2070AD0C2688DF820
:1054300000208268D20702D0C2688DF800209DF853
:105440000020037300E000BF8268D20701D1491E2B
:10545000F9D28168C90700D0C0680020BDE700000C
:10546000A903002080380100000002400030014004
:1054700070B5C44985B000230B70FF218DF808106A
:10548000C1498A6942F480228A61C04A592511685B
:10549000490603D4116841F04001116042F21071D5
:1054A0000C4600E000BF9668B60701D4641EF9D22E
:1054B0009468E4070AD0D4688DF800409468E40743
:1054C00002D0D4688DF800409DF8004015730C465A
:1054D00000E000BF9568ED0701D1641EF9D2946821
:1054E000E40700D0D4681468050E640603D4146879
:1054F00044F0400414600C4600E000BF9668B60714
:1055000001D4641EF9D29468E4070AD0D4688DF8F7
:1055100000409468E40702D0D4688DF800409DF8FC
:10552000004015730C4600E000BF9568ED0701D1FF
:10553000641EF9D29468E40700D0D4681468C0F3FC
:105540000745640603D4146844F0400414600E4612
:1055500000E000BF9468A40702D4761E741CF8D142
:105560009468E4070AD0D4688DF800409468E40792
:1055700002D0D4688DF800409DF8004015730C46A9
:1055800000E000BF9568ED0701D1641EF9D2946870
:10559000E40700D0D4681468C0F30725640603D478
:1055A000146844F0400414600C4600E000BF9668A4
:1055B000B60701D4641EF9D29468E4070AD0D4680F
:1055C0008DF800409468E40702D0D4688DF800405C
:1055D0009DF8004015730C4600E000BF9568ED078C
:1055E00001D1641EF9D29468E40700D0D46814682D
:1055F000C0B2640603D4146844F0400414600C463E
:1056000000E000BF9568AD0701D4641EF9D294682C
:10561000E4070AD0D4688DF800409468E40702D00B
:10562000D4688DF800409DF800401073084600E0F3
:1056300000BF9468E40701D1401EF9D29068C0070A
:1056400000D0D06810680124400603D4106840F0F0
:1056500040001060084600E000BF9568AD0701D427
:10566000401EF9D29068C0070AD0D0688DF80000BB
:105670009068C00702D0D0688DF800009DF8000047
:105680001473084600E000BF9468E40701D1401E8F
:10569000F9D29068C00700D0D068002438E02046D6
:1056A000641CA4B2052803D96FF0010005B070BDD9
:1056B0001568FF206D0603D4156845F04005156098
:1056C0000D4600E000BF9668B60701D46D1EF9D202
:1056D0009568ED070AD0D5688DF800509568ED07FC
:1056E00002D0D5688DF800509DF8005010730D461B
:1056F00000E000BF9068C00702D16D1E681CF8D1A1
:105700009068C0070ED0D0685FFA80F08DF808006E
:105710009DF80800FF28C2D09DF8080020B14FF086
:10572000FF30C3E71846F1E71068FF23400603D4B3
:10573000106840F040001060084600E000BF946828
:10574000A40701D4401EF9D29068C0070AD0D068DF
:105750008DF800009068C00702D0D0688DF8000076
:105760009DF80000137300E000BF9068C00701D1EE
:10577000491EF9D29068C00700D0D0689DF8080093
:1057800094E70000A903002000000240003001401F
:10579000F8B504F031F904F02FF904F02DF90023E5
:1057A000224AE52802D01370581EF8BD0025204873
:1057B00042F21071012753700C4600E000BF86686A
:1057C000B60701D4641EF9D28468A40701D45770C7
:1057D0001BE0FF2404730C4600E000BF8668F60758
:1057E00001D1641EF9D28468E40703D0047BFF2C46
:1057F00011D00AE0846800945770640605D5047BD4
:105800008DF800409DF800408468547834B11370DE
:105810006FF00200F8BD17700020F8BD054C6D1C3C
:10582000A542C8D313706FF00100F8BDA903002092
:1058300000300140400D0300F0B585B0FF228DF827
:105840000820FE4CA26942F48022A261FC4A58263C
:1058500013685B0603D4136843F04003136042F2FD
:1058600010731D4600E000BF9768BF0701D46D1E8E
:10587000F9D29568ED070AD0D5688DF80050956883
:10588000ED0702D0D5688DF800509DF800501673D2
:105890001E4600E000BF9568ED0701D1761EF9D2E3
:1058A0009568ED0700D0D5681668050E760603D416
:1058B000166846F0400616601E4600E000BF976876
:1058C000BF0701D4761EF9D29668F6070AD0D668CB
:1058D0008DF800609668F60702D0D6688DF80060F3
:1058E0009DF8006015731D4600E000BF9668F6073E
:1058F00001D16D1EF9D29568ED0700D0D568166804
:10590000C0F30745760603D4166846F040061660D5
:105910001E4600E000BF9768BF0701D4761EF9D28B
:105920009668F6070AD0D6688DF800609668F60784
:1059300002D0D6688DF800609DF8006015731D4692
:1059400000E000BF9668F60701D16D1EF9D2956898
:10595000ED0700D0D5681668C0F30725760603D496
:10596000166846F0400616601E4600E000BF9768C5
:10597000BF0701D4761EF9D29668F6070AD0D6681A
:105980008DF800609668F60702D0D6688DF8006042
:105990009DF8006015731D4600E000BF9668F6078D
:1059A00001D16D1EF9D29568ED0700D0D568C5B25A
:1059B0001068400603D4106840F04000106018469C
:1059C00000E000BF9668B60701D4401EF9D2906887
:1059D000C0070AD0D0688DF800009068C00702D0D8
:1059E000D0688DF800009DF800001573184600E09F
:1059F00000BF9568ED0701D1401EF9D29068C0073D
:105A000000D0D06810680125400603D4106840F02B
:105A100040001060184600E000BF9668B60701D449
:105A2000401EF9D29068C0070AD0D0688DF80000F7
:105A30009068C00702D0D0688DF800009DF8000083
:105A40001573184600E000BF9568ED0701D1401EB0
:105A5000F9D29068C00700D0D06800252F4639E001
:105A600028466D1CADB2052803D96FF0010005B0C2
:105A7000F0BD10684FF0FF0C400603D4106840F0F2
:105A800040001060184600E000BF9668B60701D4D9
:105A9000401EF9D29068C0070AD0D0688DF8000087
:105AA0009068C00702D0D0688DF800009DF8000013
:105AB00082F80CC0184600E000BF9668F60701D1D6
:105AC000401EF9D29068C00718D0D0685FFA80F005
:105AD0008DF808009DF80800FF28C1D09DF80850F7
:105AE0004FF0FF30002DC2D11668FF25760603D493
:105AF000166846F0400616601E4602E03846E7E7A4
:105B000000BFD2F808C05FEA8C7C01D4761EF7D2C1
:105B10009668F6070AD0D6688DF800609668F60792
:105B200002D0D6688DF800609DF8006015731D46A0
:105B300000E000BF9668F60701D16D1EF9D29568A6
:105B4000ED0700D0D568A56945F48025A5611568E5
:105B5000FE246D0603D4156845F0400515601D460A
:105B600000E000BF9668B60701D46D1EF9D29568B3
:105B7000ED070AD0D5688DF800509568ED0702D082
:105B8000D5688DF800509DF8005014731C4600E055
:105B900000BF9568ED0701D1641EF9D29468E4074F
:105BA00000D0D46814684FF4007C640603D41468F1
:105BB00044F04004146000251C4600E000BF9668D5
:105BC000B60705D4641EF9D202E0D4688DF80C4003
:105BD0009468E407F9D14C5D14731C4600E000BFE3
:105BE0009668F60701D1641EF9D29468E40705D0DF
:105BF000D4688DF80C406D1C6545DDDB1168FF2411
:105C0000490603D4116841F040011160194600E0D3
:105C100000BF9568AD0701D4491EF9D29168C90744
:105C20000AD0D1688DF800109168C90702D0D168F8
:105C30008DF800109DF80010147303E0000002407E
:105C400000300140194600E000BF9468E40701D12C
:105C5000491EF9D29168C90700D0D1681168FF24A4
:105C6000490603D4116841F040011160194600E073
:105C700000BF9568AD0701D4491EF9D29168C907E4
:105C80000AD0D1688DF800109168C90702D0D16898
:105C90008DF800109DF800101473194600E000BF45
:105CA0009468E40701D1491EF9D29168C90700D070
:105CB000D1681168FF24490603D4116841F04001FE
:105CC0001160194600E000BF9568AD0701D4491E78
:105CD000F9D29168C9070AD0D1688DF8001091688F
:105CE000C90702D0D1688DF800109DF80010147318
:105CF000194600E000BF9468E40701D1491EF9D2BB
:105D00009168C9070CD0D1685FFA81F18DF808104D
:105D10009DF80810E5297FF4AAAE8DF808702DE0F3
:105D20003946F3E7002803DB106840F040001060BC
:105D3000184600E000BF9468A40701D4401EF9D2C1
:105D40009068C0070AD0D0688DF800009068C0073E
:105D500002D0D0688DF800009DF80000117318463D
:105D600000E000BF9168C90701D1401EF9D29068D8
:105D7000C00714D0D068C0B28DF808009DF80800A4
:105D80004FF0FF01002810684FEA4060CAD0002899
:105D900003DB106840F040001060184602E038460F
:105DA000EAE700BF9468A40701D4401EF9D29068C6
:105DB000C0070AD0D0688DF800009068C00702D0F4
:105DC000D0688DF800009DF80000117300E000BF5E
:105DD0009068C00701D15B1EF9D29068C00700D05F
:105DE000D068002043E60000F0B5E44A85B0002703
:105DF0001770FF228DF80820E14CA26942F480223E
:105E0000A261E04A582613685B0603D4136843F086
:105E10004003136042F210731D4600E000BFD2F849
:105E200008C05FEA8C7C01D46D1EF7D29568ED073F
:105E30000AD0D5688DF800509568ED0702D0D56876
:105E40008DF800509DF8005016731D4600E000BF0D
:105E50009668F60701D16D1EF9D29568ED0700D05E
:105E6000D5681568060E6D0603D4156845F0400523
:105E700015601D4600E000BFD2F808C05FEA8C7CC8
:105E800001D46D1EF7D29568ED070AD0D5688DF85C
:105E900000509568ED0702D0D5688DF800509DF848
:105EA000005016731D4600E000BF9668F60701D14A
:105EB0006D1EF9D29568ED0700D0D5681668C0F35D
:105EC0000745760603D4166846F0400616601E465F
:105ED00000E000BFD2F808C05FEA8C7C01D4761ED7
:105EE000F7D29668F6070AD0D6688DF800609668F3
:105EF000F60702D0D6688DF800609DF80060157333
:105F00001D4600E000BF9668F60701D16D1EF9D26C
:105F10009568ED0700D0D5681668C0F307257606AA
:105F200003D4166846F0400616601E4600E000BF27
:105F3000D2F808C05FEA8C7C01D4761EF7D296684E
:105F4000F6070AD0D6688DF800609668F60702D08A
:105F5000D6688DF800609DF8006015731D4600E05E
:105F600000BF9668F60701D16D1EF9D29568ED075E
:105F700000D0D5681568C0B26D0603D4156845F029
:105F8000400515601D4600E000BF9668B60701D4C5
:105F90006D1EF9D29568ED070AD0D5688DF80050CE
:105FA0009568ED0702D0D5688DF800509DF8005037
:105FB0001073184600E000BF9568ED0701D1401E40
:105FC000F9D29068C00700D0D068156801206D062E
:105FD00003D4156845F0400515601D4600E000BF7C
:105FE0009668B60701D46D1EF9D29568ED070AD000
:105FF000D5688DF800509568ED0702D0D5688DF80A
:1060000000509DF800501073184600E000BF9568DE
:10601000ED0701D1401EF9D29068C00700D0D068CA
:10602000002539E028466D1CADB2052803D96FF074
:10603000010005B0F0BD10684FF0FF0C400603D41E
:10604000106840F040001060184600E000BF9668FD
:10605000B60701D4401EF9D29068C0070AD0D068B4
:106060008DF800009068C00702D0D0688DF800005D
:106070009DF8000082F80CC0184600E000BF96684A
:10608000F60701D1401EF9D29068C0070ED0D06843
:106090005FFA80F08DF808009DF80800FF28C1D055
:1060A0009DF8080020B14FF0FF30C2E73846F1E715
:1060B0001568FF206D0603D4156845F0400515608E
:1060C0001D4600E000BF9668B60701D46D1EF9D2E8
:1060D0009568ED070AD0D5688DF800509568ED07F2
:1060E00002D0D5688DF800509DF800501073184606
:1060F00000E000BF9568ED0701D1401EF9D290681D
:10610000C00700D0D068A06940F48020A06110686A
:10611000FE24400603D4106840F04000106018468A
:1061200000E000BF9568AD0701D4401EF9D2906829
:10613000C0070AD0D0688DF800009068C00702D070
:10614000D0688DF800009DF80000147300E000BFD7
:106150009068C00701D15B1EF9D29068C00700D0DB
:10616000D068094801600849401508390860081FCF
:10617000016841F01001016000205AE7A9030020E6
:106180000000024000300140646402402DE9F847FD
:10619000DFF87CC181468A46DCF800005D4BC5070C
:1061A0005D496FF001004FF0000442F2107223D0FD
:1061B000154600E000BF8E68B60701D46D1EF9D207
:1061C000DCF8005025F00105CCF8005000E000BFDD
:1061D000DCF80050ED07FAD10D6825F040050D60A0
:1061E0004D6825F002054D600D6845F040050D60D5
:1061F000DCF80050ED072AD1484DAE6946F4802600
:10620000AE611D789DBB00264FF001085C701546FD
:1062100000E000BF8F68BF0701D46D1EF9D28D6802
:10622000AD0702D483F801800FE0FF250D731546FA
:1062300000E000BF8F68FF0701D16D1EF9D28D68A5
:10624000ED0707D00D7BFF2D17D05D7885B11C7051
:10625000BDE8F8878D68009583F801806D06F4D558
:106260000D7B8DF800509DF800508D68EDE704E03F
:10627000032E0CD0761C042EC8D30868FC234006DD
:1062800003D4086840F040000860104604E01C7029
:106290004FF0FF30DCE700BF8C68A40701D4401E3C
:1062A000F9D28868C0070AD0C8688DF800008868ED
:1062B000C00702D0C8688DF800009DF800000B737D
:1062C00000E000BF8868C00701D1521EF9D288687B
:1062D000C00700D0C8680E4A0C32C2F800900C4AC1
:1062E000121DC2F800A0DCF8000040F01000CCF84D
:1062F00000004868800703D4486840F00200486006
:10630000DCF8000040F00100CCF8000000209FE71E
:1063100058640240A9030020003001400000024000
:106320002DE9F05F04460BA80D4690E8400C20686C
:106330000A9F98464168914621F001014160286812
:10634000416821F001014160E06C01F063F8E86C04
:1063500001F060F8F06A01F05DF8E16C0968C1F8DD
:106360000C80E16C08EB570009680861E06C00687C
:10637000016841F480210160E06C0068016821F44B
:1063800000210160E16C206809680C308860E06CD5
:10639000BB0800684360A06C0068016821F0100130
:1063A00001602068016821F04001016020684168B7
:1063B00041F0010141602068016841F04001016045
:1063C000E06C0068016841F001010160444908681F
:1063D0000006FCD44348826942F40022826100BF77
:1063E00000BF022200BF521C322AFBDBDFF8F0C0E4
:1063F0004FF44E420CF1040CCCF800200A6812064F
:10640000FCD400BF00BF022200BF521C322AFBDBBB
:10641000826942F00802826100BF00BF022000BF13
:10642000401C3228FBDB08680006FCD4E96C0968D4
:10643000C1F80C90E96C09EB570009680861E86C39
:106440000068016841F480210160E86C006801681F
:1064500021F400210160E96C286809680C3088602B
:10646000E86C00684360A86C0068016821F01001C6
:1064700001602868016821F04001016028684168D6
:1064800041F0010141602868016841F0400101606C
:10649000E86C0068016841F001010160F16A096877
:1064A000C1F80CA0F16A206809680C308860F16AB4
:1064B0004FEA5B0009684860F06A0068016821F0F3
:1064C000100101603068C16841F40061C160F06A88
:1064D0000068016841F001010160BDE8F09F000023
:1064E00008380040000002400021CA1CD206D20C2D
:1064F00020F81120491C2029F7DB70472DE9F04FC7
:1065000004462DED0A8BADF2745D4FF00008D4E91E
:10651000A765D0F8B002CDF80405B4F8B402CDF800
:1065200000050A2004F51E74CDF80080CDF80C0596
:10653000FBF782FACDF85005FE4807C89FEDFE0A2A
:106540000DF2245383E8070004ED7C0AA069A4F54A
:106550001E7480077ED400279FEDF89BF3EE04AAFB
:106560009FEDF88BDFF8E4A39FEDF9AA780007F020
:10657000E8FA53EC192B07F091FB06F0FBFF00EE55
:10658000900A80EEAA0A10EE100A07F0D7FE41EC3E
:10659000100B05F0A1FE53EC182B51EC100B07F07B
:1065A0007DFB53EC182B07F017F806F0E3FF00EE25
:1065B000100A10EE100A504501DD9FEDE60AB5EE17
:1065C000C00AF1EE10FA01D2B0EE4A0A0DF5A2614E
:1065D000BCEEC00A10EE100AC8557F1C142FC5DB94
:1065E000B4F88610082018220129217844F6206783
:1065F00043D0B7FBF1F14FF0FF3C0091CDF810C054
:10660000CDE90120CDE905C429463046DDF8003545
:10661000DDF8042500F014FF2946304601F044F966
:106620004920009005233046DDF80025DDF80415EB
:1066300001F098FAD4F8900240F00400C4F89002F7
:106640004FF00109DDF800050221CDF84485CDF8B1
:10665000409500E0F8E2CDF84815CDF83C05CDF8BE
:106660004C850DF23C51DDF80405F9F767FF002079
:106670000DF11C0BCDF8540519E0B7FBF1F34FF009
:10668000FF310DF104098C460494009289E803104F
:106690003046DDF80025DDF8041500F0F9FFBFE70E
:1066A000010004D0012904D0022805D103E04120D3
:1066B00002E0492000E05920009005233046DDF833
:1066C0000025DDF8041501F04DFAA3484169096879
:1066D000CA6ACDF868258A6ACDF864250A68CDF8BB
:1066E00060254A68CDF85C25CA68CDF85825002297
:1066F0008A62DDF8501544F62063B1FBF3F143697B
:10670000491E1B68D96241690968CA604369012151
:106710001B685961416909680A6140690068426201
:106720000027E7E10020594601EB8002401C82ED82
:1067300000AA1428F8DB07F03F000090072330463A
:10674000DDF80025DDF8041501F00CFA824800217F
:1067500042691268116140690068016841F00101F5
:106760000160002000907D4801680906FCD47C4946
:106770008A6942F400228A6100BF00BF022200BF82
:10678000521C322AFBDB9DF8102542F40643734A63
:10679000121D136003681B06FCD400BF00BF022358
:1067A00000BF5B1C322BFBDB8B6943F008038B6162
:1067B00000BF00BF022300BF5B1C322BFBDB336832
:1067C000DB68ADF804302B68DB68ADF80430036893
:1067D0001B06FCD48B6943F400238B6100BF00BF10
:1067E000022300BF5B1C322BFBDBFB06DB0C9A4653
:1067F0009646136002681206FCD400BF00BF022256
:1068000000BF521C322AFBDB55498A6942F008025C
:106810008A6100BF00BF022100BF491C3229FBDB97
:10682000504989460A68D207FBD03168C968ADF87B
:1068300004102968C968ADF8041000224649496966
:1068400009680B69DB07F9D000230B6101680906B1
:10685000FCD443498B6943F400238B6100BF00BF24
:10686000022300BF5B1C322BFBDB531C4FF0140CCC
:1068700093FBFCF80CFB183C0DF5A26313F80C30ED
:10688000F44643F40643CEF8003003681B06FCD4FC
:1068900000BF00BF022300BF5B1C322BFBDB8B69F8
:1068A00043F008038B6100BF00BF022300BF5B1CE5
:1068B000322BFBDB3368DB68ADF814302B68DB6808
:1068C000ADF8143003681B06FCD48B6943F4002335
:1068D0008B6100BF00BF022300BF5B1C322BFBDBC0
:1068E000CCF800A003681B06FCD400BF00BF022345
:1068F00000BF5B1C322BFBDB8B6943F008038B6111
:1069000000BF00BF022100BF491C3229FBDB494602
:106910000B68DB07FCD03168C968ADF80C1029683A
:10692000C968ADF810101F2F29DDBDF80C104FF607
:10693000FF7319E020FC030800007A434417415418
:10694000FB210940000000000000604000007F4380
:106950000000000000007F43D0A500200838004060
:10696000000002400834014003EA4101ADF80C1078
:106970000BEB8201BDF80C30D1ED000A05E00BEB0A
:106980008201BDF81030D1ED000A1BB200EE103AC2
:10699000521C142AB8EEC00A30EE800A81ED000ABB
:1069A000FFF64CAF0099DDF80C25491C009191428F
:1069B000FFF6DAAE0798804607F0C0FC41EC190BF1
:1069C000404607F0BBFC41EC180B4FF0000800BF3D
:1069D0000BEB8809D9F8000007F0B0FC53EC192B39
:1069E00007F05AFA05D2D9F8000007F0A7FC41ECED
:1069F000190BD9F8000007F0A1FC53EC182B07F095
:106A000011F905D2D9F8000007F098FC41EC180BF9
:106A1000DDF80C1508F101088845D9DB084607F0B8
:106A200090F88A4680464AEC1C0BDDF854150DF2AE
:106A3000245000EB8109D9F8000007F07FFC41ECFD
:106A40001B0B53EC182B51EC190B07F08DFB53EC7F
:106A50001B2B06F07DFE9FED7EBB53EC1B2B07F03E
:106A60001DF99FED7D9B53EC192B07F017F953ECA3
:106A70001C2B06F06DFE06F07DFD00900DF23453E8
:106A800006AA142107A804F063FAD9ED000A9DEDC7
:106A9000061A4AEC188B81EE200A10EE100A07F055
:106AA0004DFC53EC1B2B07F0F9F853EC192B07F0B6
:106AB000F5F853EC182B06F04BFE06F05BFD07EBE8
:106AC000470120AA02EB81030690DDF8542543F824
:106AD0002200E0A800EB4101DDF85405BDF83425A3
:106AE00021F810205E4840690068016821F001012A
:106AF00001607F1C2078B8423FF714AE5848DDF89B
:106B0000681542691268D1624269DDF8641512683D
:106B100091624269DDF86015126811604269DDF822
:106B20005C15126851604069DDF858150068C16055
:106B3000DDF85405401CCDF854050328FFF6B0AD30
:106B40000022104647E000BF00EB400120AB03EB02
:106B50008107DFF810C197ED000A10EE103A634587
:106B60001FDA97ED010ADFF800C110EE103A634515
:106B70000ADA97ED020A04EB800383ED440AE0ABE6
:106B800003EB4101898807E004EB800383ED440AAD
:106B9000E0AB03EB4101498804EB4003A3F810127A
:106BA0000AE004EB800383ED440AE0AB33F81130D4
:106BB00004EB4001A1F8103204EB8001D4ED220A6D
:106BC00091ED440AB4EEE00AF1EE10FA00D2521C44
:106BD000C4F88C20401C21788142B5DCB4F88600D2
:106BE00001281FD04FF0FF31CDE904110694A2888F
:106BF000E18860888DE8070029463046DDF80035D9
:106C0000DDF8042500F01CFCD4F8900220F004000C
:106C1000C4F89002002000900DF2745DBDEC0A8B68
:106C2000BDE8F08F4FF0FF31CDE902110494A18847
:106C3000E088CDE9000163883046DDF80025DDF805
:106C4000041500F025FDDFE74FF0FF30E3E700001B
:106C5000E72AAB23262C8A3EFCA9F1D24D62503F95
:106C6000D0A5002000007A440000C84230B5044698
:106C70002D4885B0142145696846E9F72FFE002CA0
:106C800050D0002D4ED0286800284BD0D4F89C025C
:106C900070B1006860B1416821F003014160D4F82F
:106CA0009C02C06C00F0B6FBD4F89C0200F08AFB9A
:106CB000D4F8A00270B1006860B1416821F003010E
:106CC0004160D4F8A002C06C00F0A4FBD4F8A0028C
:106CD00000F078FBE86A00F09DFB2868C16821F4A9
:106CE0000061C1602868016821F001010160296824
:106CF0000020C8602968086129684862B4F8B412A5
:106D000000910121CDE9011002200390D4F8B002D6
:106D1000694604F52C74F9F711FCA188012220685A
:106D2000F9F707FD05B030BDD0A500202DE9F74FDC
:106D300004462DED0A8BBAB04FF0000BD4E9A765DD
:106D4000D0F8B0020990B4F8B4020890052004F518
:106D50001E74CDF800B01F90FAF76EFE8146FE4813
:106D60002AAB07C883E8070002209FEDFC0A2D909C
:106D700004ED7C0AA069A4F51E7480077ED4002768
:106D80009FEDF79BF3EE04AA9FEDF78BDFF8E0A3EE
:106D90009FEDF8AA780006F0D4FE53EC192B06F00C
:106DA0007DFF06F0E7FB00EE900A80EEAA0A10EEE7
:106DB000100A07F0C3FA41EC100B05F08DFA53EC02
:106DC000182B51EC100B06F069FF53EC182B06F052
:106DD00003FC06F0CFFB00EE100A10EE100A50453F
:106DE00001DD9FEDE50AB5EEC00AF1EE10FA01D221
:106DF000B0EE4A0A20A9BCEEC00A10EE100AC8552F
:106E00007F1C142FC6DBB4F88600082118222378D3
:106E100044F62068012860D0B8FBF3F0CDE9000209
:106E20004FF0FF3702910497CDE90574DDE9083290
:106E30002946304600F004FB2946304600F034FD78
:106E40004920DDE9082100900523304600F08AFE44
:106E5000D4F8900240F00400C4F890024FF0010A08
:106E60000898CDE9250A00270220CDE9277025A939
:106E700029970998F9F762FB592000E05DE2DDE906
:106E8000082100900523304600F06CFEBB484169A4
:106E90000968CA6A2F928A6A06920A6805924A6845
:106EA0000492CA6803928F62B9FBF8F14269491EE5
:106EB0001268D16241690968CF6042691268C2F8FC
:106EC00014A0416909680F61406900684762B946CA
:106ED000DFF8ACA20DF12C0BE4E14FF0FF30009293
:106EE000CDE90110CDE90304B8FBF3F3DDE9082196
:106EF000304600F0CDFBA3E700205A4602EB8001AC
:106F0000401C934681ED00AA1428F7DB4598DDE983
:106F1000082100F03F0000900723304600F022FED9
:106F20009648002142691268116140690068016851
:106F300041F00101016000200090924801680906BB
:106F4000FCD491498A6942F400228A6100BF00BFE3
:106F5000022200BF521C322AFBDB9DF8802042F443
:106F60000643884A121D136003681B06FCD400BF49
:106F700000BF022300BF5B1C322BFBDB8B6943F09D
:106F800008038B6100BF00BF022300BF5B1C322BD4
:106F9000FBDB3368DB68ADF804302B68DB68ADF8E9
:106FA000043003681B06FCD48B6943F400238B6117
:106FB00000BF00BF022300BF5B1C322BFBDB714A0A
:106FC0004FEAC963121D4FEAD348C2F80080026835
:106FD0001206FCD400BF00BF022200BF521C322A9E
:106FE000FBDB8A698E4642F008028A6100BF00BF5F
:106FF000022100BF491C3229FBDB51460A68D20737
:10700000FCD03168C968ADF804102968C968ADF8CA
:10701000041000225949496909680B69DB07F9D056
:1070200000230B6101680906FCD4DEF818307146B4
:1070300043F40023CEF8183000BF00BF022300BF86
:107040005B1C322BFBDB531C142793FBF7FC07FB69
:107050001C3720ABDB5D43F406474A4B1B1D1F600A
:1070600007683F06FCD400BF00BF022700BF7F1C9B
:10707000322FFBDB8F6947F008078F6100BF00BF2D
:10708000022700BF7F1C322FFBDB3768FF68ADF89B
:10709000CC702F68FF68ADF8CC7007683F06FCD451
:1070A0008F6947F400278F6100BF00BF022700BF30
:1070B0007F1C322FFBDBC3F8008003681B06FCD467
:1070C00000BF00BF022300BF5B1C322BFBDB8B69C0
:1070D00043F008038B6100BF00BF022100BF491CC1
:1070E0003229FBDB51460B68DB07FCD03168C968ED
:1070F000ADF8C0102968C968ADF8C410B9F11F0F08
:107100000EDDBDF8C0304FF6FF7101EA4301ADF866
:10711000C0100BEB8201BDF8C030D1ED000A05E0D4
:107120000BEB8201BDF8C430D1ED000A1BB200EEBA
:10713000103A521C142AB8EEC00A30EE800A81EDD3
:10714000000AFFF667AF00991F9A491C009191420F
:10715000FFF6F4AE0B9F19E02CFC030800007A4305
:1071600044174154FB21094000000000000060402A
:1071700000007F430000000000007F43D0A50020F6
:10718000083401400838004000000240384607F04B
:10719000D5F841EC190B384607F0D0F841EC180B44
:1071A0005FF000070BEB8708D8F8000007F0C6F87F
:1071B00053EC192B06F070FE05D2D8F8000007F04A
:1071C000BDF841EC190BD8F8000007F0B7F853EC04
:1071D000182B06F027FD05D2D8F8000007F0AEF80E
:1071E00041EC180B1F987F1C8742DBDB06F0A9FCE3
:1071F00041EC1B0B019107462D992AA800EB810851
:10720000D8F8000007F09AF841EC1C0B53EC182B4F
:1072100051EC190B06F0A8FF53EC1C2B06F098FA62
:107220009FED479B53EC192B06F038FD9FED46CBA5
:1072300053EC1C2B06F032FD53EC1B2B06F088FAA6
:1072400006F052FC469936AB02AA21F81900142127
:107250000BA803F07DFED8ED000A9DED021A0199FE
:1072600081EE200A41EC187B10EE100A07F066F858
:1072700053EC192B06F012FD53EC1C2B06F00EFDFF
:1072800053EC182B06F064FA06F02EFC469921F810
:1072900019002F4840690068016821F00101016070
:1072A00009F10109217849453FF726AE28482F9971
:1072B00042691268D1624269069912689162426914
:1072C0000599126811604269049912685160406919
:1072D00003990068C160B4F8860001281DD04FF002
:1072E000FF3004AA014682E81300A288E188608882
:1072F0008DE80700DDE908322946304600F0A0F8A5
:10730000D4F8900220F00400C4F89002002000900D
:107310003AB0BDEC0A8BBDE8FE8F4FF0FF31CDE9EE
:1073200002110494A188E088CDE900016388DDE9B9
:107330000821304600F0ACF9E2E74FF0FF30E6E715
:10734000E72AAB23262C8A3EFCA9F1D24D62503F9E
:10735000D0A500202DE9F843804616460F464FF48D
:10736000AA40ADF80000002231463846F9F7E1F9AD
:107370000120F8F76DFF4FF47A752B46022269461B
:107380004046FBF71FFB0020ADF80000012231460C
:107390003846F9F7CEF90024002231463846F9F78D
:1073A000C8F92B46022269464046FBF70BFB012237
:1073B00031463846F9F7BDF9641CE4B2092CEBD329
:1073C000BDE8F88308B5002805D00068002802D081
:1073D000C1688068009008BD002806D001680029B7
:1073E00003D000220A6100684262704700B585B090
:1073F0000820009002200021CDE901010390012026
:10740000049069460248F9F799F805B000BD0000FC
:1074100000000240094A00280ED0016800290BD064
:107420000B6823F001030B60006800E000BF0168F7
:10743000C90701D0521EF9D270470000A086010092
:107440002DE9FF4F8DB00025DDE91F86DDE91B9793
:10745000DDF868A00F98C6F8B002A6F8B4320D980F
:10746000C6E9A7010120CDE908050220CDE90A05FA
:107470000C469B46079307A90F98F9F75FF80D98FC
:1074800001F087FB4FF48060C4E901504000C4E97B
:107490000305012060614002C4E9060525620A2057
:1074A0006562C4E90A502046FBF736F820B9206827
:1074B000016841F040010160002423465A460F99BB
:1074C0000D9800F04FFA06EB44010881641CE4B209
:1074D000402CF2D3304606F013F820B14FF0FF30C5
:1074E00011B0BDE8F08FB6F884003070A6F802A0A5
:1074F00000EE10AA0024B8EE400A10EE100A06F0C2
:107500001DFF9FED5C1B53EC112B06F0C7FB9FED9D
:107510005B1B53EC112B06F01BF906F071FA0146C8
:10752000584A002052F820308B4200D20446401CBA
:107530000928F7DBDE208DF8040052485349243037
:10754000504A10F824008DF805004E48483010F8D5
:1075500024008DF8060002208DF8070040208DF8E9
:10756000080049488DF8095010F827008DF80C00E4
:107570004548443010F827008DF80D004248883007
:1075800010F827008DF80E003F48CC3010F8270087
:107590008DF80F0011F8290064318DF81000643A5D
:1075A00011F8291012F8290041EA80108DF8110015
:1075B000A6F80690B780B6F886701E984FEA186154
:1075C000030A43EA0863DCB2030CC2B2000E43EACA
:1075D000084340EA0820DBB2C0B2012F02D0042FDA
:1075E00025D110E08DF814308DF815008DF812209B
:1075F0008DF816508DF818508DF813408DF81750EF
:107600008DF8195013E08DF814308DF815008DF8B1
:1076100016804FEA18208DF817004FEA18408DF8B1
:1076200012208DF818008DF813408DF819101620CF
:10763000009001AB5A460F990D9800F07AFA002499
:1076400023465A460F990D9800F08CF906EB440139
:107650000881641CE4B2402CF2D35A460F990D986D
:10766000FFF778FED6F8900240F00100C6F89002CD
:10767000002035E70000000000004040000000004E
:1076800000408F40B4FB030878F9030888FA030828
:107690002DE9FF4F8DB04FF0000BDDE91D54DDE902
:1076A0001A860E98C4F8B002A4F8B4220D98C4F853
:1076B000A0B2C4F89C020121CDE9081B0221CDE94A
:1076C0000A1B99469246079207A90E98F8F736FFCB
:1076D0000D9801F05EFA0027DDE90D013B465246A8
:1076E00000F040F904EB470108817F1CFFB2402FF6
:1076F000F2D3204605F004FF20B14FF0FF3011B067
:10770000BDE8F08FB4F884002070A4F802909FEDDB
:10771000600A00EE909A0027F8EE600A20EE800AD8
:1077200010EE100A06F00AFE9FED5A1B53EC112BC7
:1077300006F00EF806F064F90146584A002000BF32
:1077400052F820308B4200D20746401C0928F7DB54
:10775000DE208DF80400514851492430514A10F878
:1077600027008DF805004D484C4B483010F8270095
:107770008DF8060002208DF8070040208DF80800E3
:107780008DF809B011F826108DF80C1044495846B0
:10779000443111F826108DF80D104149883111F847
:1077A00026108DF80E103E49CC3111F826108DF8B8
:1077B0000F1012F8281064328DF81010643B12F884
:1077C000282013F8281042EA81118DF81110A4F82E
:1077D0000680A680B4F886C01C990A0A0F0CCEB2A7
:1077E00042EA0562D3B247EA0547090EFAB241EA16
:1077F00005212F0EC9B2BCF1010F03D0BCF1040F5B
:1078000023D110E08DF814208DF815108DF812603A
:107810008DF816008DF818008DF813308DF81700CC
:107820008DF8190011E08DF814208DF815108DF8E1
:107830001650280A8DF81700280C8DF812608DF864
:1078400018008DF813308DF8197016200090DDE9BE
:107850000D0101AB524600F06CF90025DDE90D0188
:107860002B46524600F07EF804EB450108816D1C62
:10787000EDB2402DF2D3DDE90D015246FFF76AFD6E
:10788000D4F8900240F00100C4F89002002036E7DE
:10789000000000420000000000408F40B4FB0308DD
:1078A00078F9030888FA0308F8B50C46050053D0A8
:1078B000002C51D0286800284ED0206800284BD0DA
:1078C0002846FFF77FFD2046FFF77CFD2349244A29
:1078D00000200B681B06FCD4936943F400239361DA
:1078E00000BF00BF022300BF5B1C322BFBDB1B4E23
:1078F0000023361D33600B681B06FCD400BF00BF9D
:10790000022300BF5B1C322BFBDB936943F00803AF
:10791000936100BF00BF022300BF5B1C322BFBDB67
:107920002B689E68F607FCD0DB68ADF80030236852
:107930009E68F607FCD0DB68ADF80030BDF800307B
:10794000401CC0B20328C4D32846FFF73BFD2046A5
:10795000BDE8F840FFF736BDF8BD0000083800402C
:107960000000024070B543F0C0003F4902020868C1
:107970000006FCD43D48836943F40023836100BFC3
:1079800000BF022300BF5B1C322BFBDB364B1B1DF1
:107990001A600C682406FCD400BF00BF022400BF9C
:1079A000641C322CFBDB846944F00804846100BF52
:1079B00000BF022400BF641C322CFBDB0C682406D1
:1079C000FCD4846944F40024846100BF00BF022415
:1079D00000BF641C322CFBDB1A600C682406FCD44C
:1079E00000BF00BF022400BF641C322CFBDB846993
:1079F00044F00804846100BF00BF022400BF641C7F
:107A0000322CFBDB1A4C2568ED07FCD0184E361DD6
:107A100035680D682D06FCD4856945F4002585611F
:107A200000BF00BF022500BF6D1C322DFBDB1A60BA
:107A30000A681206FCD400BF00BF022100BF491C27
:107A40003229FBDB816941F00801816100BF00BF81
:107A5000022000BF401C3228FBDB2068C007FCD09E
:107A60003068C0B270BD000008380040000002401D
:107A70000834014070B5044615460846FFF7ACFCD3
:107A80002846FFF7A9FC2046FFF7A6FC2846FBF78F
:107A9000D1FAFFF7ABFC01220C21206802F06AFF4B
:107AA00001220021206802F065FF2068416C41F44A
:107AB000004141642068016841F00101016070BD2E
:107AC00070B515460E460446FBF707FB3046FBF73C
:107AD000F1FA2846FBF701FB2068016821F001015B
:107AE000016000220C21206802F044FF00220821DE
:107AF000206802F03FFF00221146206802F03AFFA2
:107B00002068016A41F21112114207D1016A9210F4
:107B1000114203D1416C21F4004141642046FFF73A
:107B20005BFC3046FFF758FC2846BDE87040FFF785
:107B300053BC2DE9F8431D4617468846814600246C
:107B4000089E09E0285D009023463A464146484693
:107B500000F008F8641CE4B2B442F3D30020BDE89E
:107B6000F883000070B503F0BF00049940F0800076
:107B700041EA00233E4908680006FCD43D4882697A
:107B800042F40022826100BF00BF022200BF521CEB
:107B9000322AFBDB364C241D23600A681206FCD413
:107BA00000BF00BF022200BF521C322AFBDB8269E9
:107BB00042F00802826100BF00BF022200BF521CD7
:107BC000322AFBDB0A681206FCD4826942F40022E6
:107BD000826100BF00BF022200BF521C322AFBDBC1
:107BE00023600A681206FCD400BF00BF022200BF57
:107BF000521C322AFBDB826942F00802826100BF1C
:107C000000BF022200BF521C322AFBDB1A4A156851
:107C1000ED07FCD0184D2D1D2E680E683606FCD4DD
:107C2000866946F40026866100BF00BF022600BFB9
:107C3000761C322EFBDB23600B681B06FCD400BFD6
:107C400000BF022100BF491C3229FBDB816941F0E2
:107C50000801816100BF00BF022000BF401C322824
:107C6000FBDB1068C007FCD02868C0B270BD000004
:107C700008380040000002400834014070B5044656
:107C8000F1F707FF0C4D286840F000402860052000
:107C9000F8F7DEFA286840F08040286004F5405488
:107CA000B4F8B00240F00800A4F8B002BDE870409B
:107CB0000520F8F7CDBA00001808024010B50446B8
:107CC0000A48016841F48041016004F54050B0F871
:107CD000B01221F00801A0F8B0120520F8F7B8FAA8
:107CE0002046BDE81040F1F740BE000018080240F1
:107CF00030B5074C00228B5C002B08D06360036812
:107D00001D68ED432D06FBD4521CD2B2F3E730BD03
:107D10000010014070B500F54054B4F8B00240F4D2
:107D20000060A4F8B002F8F709FD054605E000BFC1
:107D3000F8F704FD401BC8280DD8D4F88C0700289C
:107D4000F6D1F8F7FBFC054613E000BFF8F7F6FCA8
:107D5000401BC8280DD9B4F8B00240F02000A4F8A8
:107D6000B002B4F8B00220F40060A4F8B002012020
:107D700070BDD4F8F00B0028E8D0B4F8B00220F4BD
:107D80004060A4F8B002002070BD03F085F9000047
:107D90000148F8F769BD0000B82A01200148F8F74A
:107DA000C0BD0000B82A012038B5806B002190F8D2
:107DB0003D202B4B46F2A8141B68B3FBF4F3C3EB36
:107DC000C30303EB830300933BB15B1E0093036883
:107DD0001B689B0505D5009BF6E7036C43F0200369
:107DE0000364436B03B1D963836B03B1D963036845
:107DF0001C6824F480641C604185436B03B11965E1
:107E0000836B03B1196503681C6824F001041C60CE
:107E100090F83D402023602C0BD0282434EA020245
:107E20000FD080F83D3080F83E1000BFF8F792FE8A
:107E300038BD80F83D3080F83E100164F8F7C2FC90
:107E400038BD0268136843F00103136002681368C9
:107E500043F480631360016380F83D40E6E700006F
:107E6000D805002000684169C943090601D40021F2
:107E70000161704770B5044690F83D0094F83E10DB
:107E8000102901D0402906D1222804D121680A688E
:107E900022F400620A60282131EA00024FF0000556
:107EA0004FF0200626D021684968090505D46028CE
:107EB00003D084F83D6084F83E5025632068416813
:107EC000090537D5416821F400614160606B90F885
:107ED00035203C49012A11D00165606BF7F7F1FFAD
:107EE00038B32068016821F00101016084F83D6029
:107EF000606B1CE0256384F83D10DFE7A06B016533
:107F0000A06BF7F7DEFFA0B120684169C9434906BD
:107F100005D40069616A0870606A401C606220686C
:107F2000016821F00101016084F83D60A06B016DE2
:107F3000884710E094F83D10602910D04169C9438A
:107F4000490605D40069616A0870606A401C606275
:107F50002046F8F7FFFD206CC1071CD115E084F81E
:107F60003D6025644169C943490605D40069616AD9
:107F70000870606A401C60622068016821F001019D
:107F800001602046F8F71EFCE5E7810703D44107AE
:107F900001D4000704D52068416821F4E061416004
:107FA00094F83D00216C49070BD5282809D10648D3
:107FB000E062256384F83D6084F83E502046F8F77F
:107FC00095FE70BDA97D03080000FFFF01684A69A6
:107FD000D24352050FD46FF480624A61002140F809
:107FE000301F202242738173026942F00402026151
:107FF0000173012070470020704710B5C26A438D9D
:108000000168042B06D0438D032B08D0438D022B2F
:108010001DD012E04A6822F480624A600CE04B688E
:1080200023F480634B60042A06D0022A04D001683E
:108030000A6822F480620A6001680969426A117064
:10804000416A491C4162418D491E418510BD012A8A
:1080500034D0102A32D0042A34D0022A32D00B680D
:1080600043F400730B6001680969436A1970416A3F
:10807000491C4162438D5B1E438503681B690B707D
:10808000416A491C4162418D491E418501684B6826
:1080900023F440734B60202180F83D1090F83E306F
:1080A0000021402B80F83E1010D0082A02D0202A50
:1080B00000D012210163F8F71AFE10BD0B6823F4FB
:1080C0008063CFE70B6843F48063CBE70163F8F785
:1080D00011FE10BD38B590F83D10222910D1C36AA9
:1080E000418D03290DD901680969426A1170416AFD
:1080F000491C4162418D491E4185418D032906D0AD
:1081000038BDC26A022A02D0012906D029B100680E
:10811000416821F48061416038BD2A4A46F2A814C2
:1081200000211268B2FBF4F202EB820200920268B4
:108130002024009D6D1E009526D01568AD05F8D44D
:10814000156825F4806515600268556825F4E065BA
:10815000556002681269456A2A70426A521C42627E
:10816000428D521E428580F83D4090F83E2080F8B6
:108170003E10402A21D0082B02D0202B00D0122103
:108180000163F8F7B4FD38BD036C43F020030364CA
:10819000536823F4E063536002681269436A1A70FB
:1081A000426A521C4262428D521E428580F83D4016
:1081B00080F83E10F8F7CEFC38BD0163F8F79AFD61
:1081C00038BD0000D805002010B5C26A90F83D10F7
:1081D00021290BD1418D51B1416A026809781161A1
:1081E000416A491C4162418D491E418510BD2023D1
:1081F0000021082A13D0202A11D012F5803F0ED07A
:108200000268546824F4E06454601122026380F828
:108210003E1080F83D3000BFF8F76AFD10BD0268DF
:10822000546824F4E06454600268146844F40074F0
:108230001460016380F83D3090F83E2080F83E10D5
:10824000402AE9D1F8F76AFD10BD000010B590F89A
:108250003D1090F83E30C26A048DB4B1212903D09C
:10826000402B11D122290FD1418DE1B390F83E105E
:10827000402942D0416A026809781161416A491C6B
:108280004162418D491E418510BD2129E8D120233D
:108290000021082A13D0202A11D012F5803F0ED0D9
:1082A0000268546824F4E06454601122026380F888
:1082B0003E1080F83D3000BFF8F71AFD10BD02688F
:1082C000546824F4E06454600268146844F4007450
:1082D0001460016380F83D3090F83E2080F83E1035
:1082E000402AE9D100E002E0F8F718FD10BD00686F
:1082F000416821F48061416010BDBDE8104000F08C
:10830000D3B8000078B590F83E50C26A036B90F87D
:108310003D6000240168222E7AD1066D0EB9402DF1
:1083200076D0056D1DB90569B5F5404F09D0458D6D
:1083300005B3468D384D012E0ED0438D022B3AD019
:108340005DE04A698A6900920A6842F480720A60B4
:10835000016D491C016578BDAA4213D10A6822F457
:1083600080620A6001684A68120503D50A6822F42F
:10837000806216E04A698A6900920A6842F40072D3
:108380000A6039E0082A10D0202A0ED0122B0AD019
:10839000042A03D0022A01D0102AE7D10A6842F445
:1083A00080620A6024E0012AE0D00A6822F4806238
:1083B0000A600168DEE7042A21D0022A1FD0102AB1
:1083C0001DD00B6823F480630B6001680B6843F4D5
:1083D00000630B6001684B681B0509D5AA4212D0E7
:1083E000012A10D0082A0ED0102A0CD0202A0AD038
:1083F00001684A6989690091046578BD08E00B68E5
:1084000043F48063E5E74A6842F480524A60EFE74C
:10841000486988690090F0E70000FFFF90F83E107F
:10842000402910D00169B1F5804F19D0016DA9B371
:10843000016D012910D1416C5FF0F10201F440712E
:1084400042EAD11106E0016D0029416C05D0C9B2A4
:1084500041F0010100680161704701F0FE01F9E798
:1084600090F83D102129416C09D0C9B241F00101B9
:1084700002681161416B29B1C96B49B902E001F091
:10848000FE01F5E7816B0029E6D0C96B0029E3D036
:108490000068416841F4006141607047FFE7416C4A
:1084A000F02201F44071CBE710B590F83D10026D59
:1084B0004AB1026D012A14D0026D022A16D0BDE81D
:1084C0001040FFF7CFBCC16C0129816C02D0C1F311
:1084D000072108E00268C9B21161016D891C0165BC
:1084E00010BD816CC9B20268116123E022291CD041
:1084F000428D0AB1212920D0428D002AF0D12129B4
:10850000EED101684A6822F4E0624A6001680A68B4
:1085100042F400720A6000210163202280F83D20AD
:1085200080F83E10F8F7FAFB10BD01680A6842F4C3
:1085300080720A60016D491CD1E7416A02680978BE
:108540001161416A491C4162418D491E418510BD3E
:108550002DE9F84F0446006889460B9D016898464E
:10856000174641F4806101602068016841F4807120
:10857000016000954FF0011B0022594620460A9BDE
:1085800000F0FEF94FF4007A40B120680068C005A1
:1085900001D5C4F840A00320BDE8F88F216809F098
:1085A000FE0008612B46284920460A9A00F030FA5E
:1085B000F0BB20684169806900902A4620460A99EC
:1085C00000F0BCFA40B1206C04283AD12068016860
:1085D00041F40071016034E0FEB2B8F1010F09D03E
:1085E0002168380A08612A4620460A9900F0A6FA4E
:1085F0000028E8D1206806612A4620460A9900F042
:108600009DFA0028DFD12068016841F48071016083
:1086100000950022594620460A9B00F0B1F9002837
:10862000B3D1216809F0FF0040F00100086100E0CB
:1086300007E02B46044920460A9A00F0E9F9002891
:10864000AAD00120A8E70000020001002DE9F843AC
:10865000044600680D46DDE908970168984616460D
:1086600041F4807101604B4600224FF00111204619
:10867000009700F085F948B120680068C00502D570
:108680004FF4007020640320BDE8F883216805F0F2
:10869000FE0008613B464A461549204600F0B8F9FD
:1086A00088B920684169806900903A464946204669
:1086B00000F044FA48B1206C042804D12068016815
:1086C00041F4007101600120DEE7F5B2B8F1010F5D
:1086D00009D02168300A08613A464946204600F030
:1086E0002DFA0028E7D1206805610020CCE70000C2
:1086F0000200010038B50C4690F83D2000212825E5
:10870000954302680B4605D051699169009180F844
:108710003C3038BD556825F480655560E243540708
:1087200000D50121120601D5828900E0028B80F874
:108730003C3092B2F8F75CF838BD00002DE9F0410A
:1087400090F83D300446C26A002120261E4F006882
:108750006FF48065082A01D0202A01D1282B04D08B
:10876000212B17D04561BDE8F081E762426822F411
:10877000E0624260206845612068026822F48062FD
:108780000260216384F83D6084F83E102046F8F7CB
:10879000ADFAE8E7E7622122226384F83D6084F8BD
:1087A0003E10416821F4E061416020684561206825
:1087B000016821F4806101602046FFF753FB2046E9
:1087C000F8F73DFDCFE700000000FFFFF8B590F897
:1087D0003D6004460068416821F4E0614160206822
:1087E000002541690091016841F0010101602068A4
:1087F000016821F48061016020684168090520D585
:10880000474F222E48D02A2E46D0616B096849680E
:108810006185618D19B1216C41F0040121644168C9
:1088200021F400614160606BF7F78EFB012808D0EE
:10883000606B0765606BF7F744FB10B1606B016D0F
:108840008847608D08B320684169C943490708D447
:108850000069616A0870606A401C6062608D401E39
:10886000608520684169C943490608D40069616A86
:108870000870606A401C6062608D401E6085608D7B
:1088800018B1206C40F004002064206C00B3204636
:10889000BDE8F840FFF7EEBAA16B09684968618549
:1088A000618D19B1216C41F004012164416821F40A
:1088B00000614160A06BF7F747FB0128C1D0A06BB6
:1088C0000765A06BF7F7FDFA0028BAD0A06BB6E7F2
:1088D0002A2E06D12563282084F83D002046F8F78B
:1088E000ADFC94F83D10202028290DD0216B2229C1
:1088F00001D0222E07D1256384F83D0084F83E5034
:108900002046F8F79BFCF8BD0649E162256384F830
:108910003D0084F83E502046F8F7E8F9F8BD000025
:10892000A97D03080000FFFF70B516460D460446FA
:108930001EE02046FFF74AFB08B1012070BD681C0D
:1089400016D0F7F7FBFE801BA84200D885B9206837
:108950004069C04340070BD5002044F8300F202168
:108960006173A073216941F0200121612073E4E764
:1089700020684069C0434007DBD4002070BD000080
:108980002DE9F047984617460D460446C1F30746C1
:10899000DDF820902AE000BFB8F1FF3F26D0F7F7BE
:1089A000CDFEA0EB0901414502D8B8F1000F1DD161
:1089B0002068012E16D0806925EA00000004000C12
:1089C00012D00020B84211D1002044F8300F2021ED
:1089D0006173A073216941F020012161207301209E
:1089E000BDE8F0874069E7E70120EBE72068012E4A
:1089F0000AD0806925EA00000004000C06D000209F
:108A0000B842C9D00020EBE74069F3E70120F7E75F
:108A10002DE9F047984616460D4604464FF00009EA
:108A20004FF0200AC1F3074723E020684069C043A4
:108A3000400515D42068016841F400710160216887
:108A40006FF480604861C4F8309084F83DA084F8E9
:108A50003E90216C41F00401216484F83C9021E0B7
:108A6000701C06D0F7F76AFEA0EB0800B04203D8EE
:108A700016B1012F1FD021E02068012F15D0806989
:108A800025EA00000004000C18D000BF44F8309F15
:108A900084F80DA084F80E90216941F02001216135
:108AA00084F80C900120BDE8F087406925EA0000B9
:108AB0000004000CEAD12068406901E02068806968
:108AC00025EA00000004000CAFD1ECE72DE9F041ED
:108AD000002590460E460446202728E04069C04302
:108AE000C0060CD454F8301B6FF01000486144F8F5
:108AF00010596777A577206A2062257714E0F7F789
:108B00001DFEA0EB0800B04200D886B9206840697D
:108B1000C04340060BD544F8305F6773A5732069E6
:108B200040F02000206125730120BDE8F08120681D
:108B30004169C9434906D1D40020F6E770B516460D
:108B40000D4604461EE02046FFF740FA08B101201A
:108B500070BD681C16D0F7F7F1FD801BA84200D845
:108B600085B920684069C04300060BD5002044F851
:108B7000300F20216173A073216941F02001216130
:108B80002073E4E720684069C0430006DBD400207E
:108B900070BD10B504464FF48270606000204FF441
:108BA0000061C4E9020189102061C4E90501E061A6
:108BB00020626062A0620A20E0622046F9F7ACFC05
:108BC00008B1012010BD2068016841F0400101603A
:108BD000002010BDF0B5354C8DB0206C10B1204692
:108BE000F7F774F80025089509950A95202168463D
:108BF0000B95E7F773FE012626612D484FF4803769
:108C0000A560C4E90007257684F820503007E062AB
:108C10004FF01060A062F002E661E06084F830502E
:108C200022486661F7F770F888BB03200895CDE904
:108C3000096008A91D48F6F797FF40BB1220009075
:108C40003046022604210496CDE901011949CDE9F7
:108C500006158DF815508DF81400694613480395D4
:108C6000F6F7A2FE98B90820CDE9000669460F483C
:108C7000F6F79AFE58B9F8F7CFFE0F49884201D8A7
:108C8000656008E00D49884202D8676003E006E0AD
:108C90004FF4003060600548F7F736F808B1F6F792
:108CA00041FC0748F4F7D4FD0DB0F0BD702A012057
:108CB0000020014001000F0001A24A04034495086E
:108CC00038B900204F4808B50268002142F400126C
:108CD0000260026802F400120092026842F480020C
:108CE00002600068484A00F4800000904748C0E9EC
:108CF0000021802282609200C260520002619200D4
:108D000042619200C0E906210422C0E90812032250
:108D1000C0E90A210163F7F7EBF908B1F6F702FCA5
:108D2000002201210C20F8F713FB0C20F8F703FBBD
:108D3000002205210D20F8F70BFB0D20F8F7FBFAB8
:108D4000002204210E20F8F703FB0E20F8F7F3FAB7
:108D5000002205210F20F8F7FBFA0F20F8F7EBFAB5
:108D6000002205211020F8F7F3FA1020F8F7E3FAB3
:108D7000002201211120F8F7EBFA1120F8F7DBFAB5
:108D8000002205212F20F8F7E3FA2F20F8F7D3FA75
:108D9000002202213820F8F7DBFA3820F8F7CBFA66
:108DA000002201213920F8F7D3FA3920F8F7C3FA65
:108DB000012204213A20F8F7CBFA3A20F8F7BBFA5F
:108DC000012211463B20F8F7C3FA3B20F8F7B3FA2B
:108DD000002201214420F8F7BBFA4420F8F7ABFA4F
:108DE000002205214520F8F7B3FA4520F8F7A3FA49
:108DF000002205214620F8F7ABFABDE808404620DE
:108E0000F8F799BA3038024070640240142F0120FC
:108E10002DE9F04387B014216846E7F75FFD3F482E
:108E20000024016841F004010160016801F00401BF
:108E30000591016841F080010160016801F0800145
:108E40000591016841F001010160016801F0010133
:108E50000591016841F0020101600068304E00F0A8
:108E600002004FF460450590002229463046F7F78E
:108E700060FCDFF8B090002248F204114846F7F792
:108E800058FCDFF8A48041F204070022394640462E
:108E9000F7F74FFC00950125CDE9015469463046AE
:108EA0000394F7F74BFB0420CDE900050326CDE939
:108EB000025669464846F7F741FB4FF4C260CDE9D8
:108EC0000006694602944846F7F738FB0220CDE9D0
:108ED0000006694602944046F7F730FB0097CDE95B
:108EE0000154694640460394F7F728FB4FF40140CC
:108EF0000090CDE90154694648460394F7F71EFBFC
:108F0000E80200904FF48810CDE901046946484614
:108F1000F7F714FB07B0BDE8F083000030380240DB
:108F2000000802400000024000040240124810B550
:108F3000406B40F2E24108B1884200D908464FF444
:108F4000AA7148430D49884200D908460D490C4A88
:108F5000C1E90020002012148860C1E903024861C1
:108F60008861C86108620846F7F7FCFD002801D057
:108F7000F6F7D8FA10BD000038B10020801A0600BC
:108F800000540040B82A0120F0B593B0632010903F
:108F90004C4D42F20F70119028680024C0F301205C
:108FA0000126022804D0474870380068800303D4A3
:108FB00011A910A8F2F72CFF14210AA8E7F78EFCDC
:108FC000282168460F94E7F789FC286800273F4D61
:108FD0003D492960010418D510F4407F15D03C4864
:108FE00090F89802000603D43A48008840070CD550
:108FF00000220AA93548F9F72DF830B900220FA947
:109000003248F9F705F800B901276C601098A8609C
:109010001198C5E903046C612C48AC61F9F744F878
:10902000F0BB37B100220FA92848F9F78FF9B8BB78
:109030001BE08DF828408DF829408DF82A408DF8E6
:109040003C608DF83D608DF83E600D940E948DF877
:109050003F4000220AA91D48F9F7C4F900BB0022CD
:109060000FA91A48F9F772F904E000220AA9174873
:10907000F2F768FFA0B98DF800408DF80140049424
:109080004FF480708DF80240019403940990059488
:10909000069407948DF82060002269460B4800E092
:1090A0000CE0F9F783F848B94FF4007009900022FA
:1090B00069460648F9F77AF8002801D0F6F732FA3F
:1090C00013B0F0BD70380240002800400C2B012086
:1090D000985C0020A4A1002070B5AAB0F2F712FE9F
:1090E000002857D1F7F72AFB0546142123A8E7F7F4
:1090F000F5FB0024224623A927482894F8F7AAFF65
:10910000002228A92448F8F783FF342116A8E7F79E
:10911000E5FB012630041C94CDE9166016A8F8F78B
:10912000BDFC58216846E7F7D9FB082000901B4892
:1091300009906846F8F792F9194806601648F9F759
:10914000B1F915491748C1E900046320886042F26B
:109150000F70C1E903044C6108468C61F8F7A4FF65
:1091600008B1F6F7DFF9F7F7E9FA411B23A8F2F7A0
:109170002FFC002223A90848F2F7E4FE08B1F6F715
:10918000D1F9002228A90448F9F7E0F8002801D015
:10919000F6F7C8F92AB070BD0C2B012000031800A7
:1091A0003C0E474200280040F0B5ABB0632023904E
:1091B00040F23F102490334800680126C0F301209C
:1091C00002285DD030480024C07808B9F0F7CCFF01
:1091D00024A923A8F2F71CFEF7F7B0FA05461421DC
:1091E00025A8E7F77BFB002225A928482A94F8F751
:1091F00031FF00222AA92548F8F70AFF342116A8D2
:10920000E7F76CFB08271697CDE91B6416A8F8F75B
:1092100045FC58216846E7F761FBB80109900097C3
:109220006846F8F71BF91A4806601848F9F73AF942
:1092300016491848C1E90004239888602498C1E9B8
:1092400003044C6108468C61F8F72EFF08B1F6F76D
:1092500069F9F7F773FA411B25A8F2F7B9FB002269
:1092600025A90A48F2F76EFE08B1F6F75BF900226D
:109270002AA90648F9F76AF8002801D0F6F752F94A
:109280002BB0F0BD70380240980100200C2B01205B
:109290003C0E4742002800400E4810B50C490160C2
:1092A0004FF48271416000218160C1604FF400720F
:1092B0000161C0E90512C1610162416281620A2156
:1092C000C162F9F729F9002801D0F6F72BF910BD92
:1092D000003001402C2B01200F4810B50D490160D2
:1092E0004FF48271416000214FF40062C0E9021224
:1092F00092100161C0E90512C1610162416281629F
:109300000A21C162F9F708F9002801D0F6F70AF935
:1093100010BD000000380040842B01200E4810B51D
:109320000C4901604FF48271416000218160C1608D
:109330004FF400720161C0E90512C161016241622E
:1093400081620A21C162F9F7E7F8002801D0F6F737
:10935000E9F810BD003C0040DC2B01200E4810B5A0
:109360000C49016000214FF48062C0E901125200F3
:10937000C0E903210122426101625202416282611D
:1093800081620A21C162F9F7C7F8002801D0F6F717
:10939000C9F810BD00340140342C012030B595B01F
:1093A00000240F9410941194129413941C2108A873
:1093B0001494E7F793FA20216846E7F78FFA254DD2
:1093C0002348C5E900044FF49670C5E902402C61BA
:1093D0006C612846AC61F9F765FC80BB4FF48050A6
:1093E0000F900FA92846F9F790FE40BB2846F9F7E1
:1093F000E5FF20BB202013908020149013A928465D
:10940000F9F7DAFBD8B93220CDE908400A940B9479
:109410000C940D94002208A928460E94F9F7A4FF95
:1094200068B900944FF40050CDE9044002940194CF
:109430000394694628460794F9F794FB08B1F6F7B8
:1094400071F82868C4602868046115B030BD000058
:10945000000001408C2C012010B592B000240C9427
:109460000D940E94142107A80F94E7F737FA10947F
:109470001C2168461194E7F731FA27484FF08041E4
:10948000C0E9001440F22B11C0E90241046184617B
:10949000F9F708FCC8BB4FF480500C900CA91E488B
:1094A000F9F733FE88BB1C48FAF71CF868BB0420A8
:1094B000CDE9070407A91848FAF7E7F828BB2020E8
:1094C00010908020119010A91348F9F775FBE0B9AE
:1094D0006020009014200190022002900022694632
:1094E00004940D48F9F798FF78B91E20CDE90104DE
:1094F000082269460848F9F78FFF30B90C226946FF
:1095000005480194F9F788FF08B1F6F70BF802480F
:10951000F9F702FF12B010BDD42C012010B58EB0A7
:10952000142107A8E7F7DAF900240C941C216846F7
:109530000D94E7F7D3F91B481949C0E900144FF41B
:109540009671C0E9024104618461F9F7ABFB18BB75
:109550001448F9F733FFF8B90720CDE9070407A944
:109560001048FAF792F8B8B92020CDE90C040CA9FC
:109570000C48F9F721FB78B9602000900120CDE973
:1095800001040394049405940C226946054806944A
:10959000F9F742FF002801D0F5F7C4FF0EB010BD67
:1095A000000800401C2D012010B588B01421684629
:1095B000E7F794F900241348059411490694C0E98B
:1095C00000144FF49671C0E9024104614461846162
:1095D000F9F768FB78B90720CDE900046946094826
:1095E000FAF753F838B9059405A906480694F9F72F
:1095F000E3FA002801D0F5F795FF08B010BD000090
:1096000000040140642D012010B586B01421684685
:10961000E7F764F90D480C490024C0E90014FF2164
:10962000C0E9024104618461F9F73CFB40B90720BD
:10963000CDE9000469460548FAF727F8002801D06B
:10964000F5F770FF06B010BD00400140AC2D0120C1
:109650000C4810B50A4901604FF496414160002161
:1096600081600C22C160C0E904128161C161FAF716
:109670008BF808B1F5F756FF0248EEF799FC10BDDC
:1096800000100140842E01207047704701F004FD56
:10969000FEE770470148F8F735BC00000C2B0120AD
:1096A000010901EB810100F00F0000EB4100C0B2A5
:1096B0007047002102E00A38C0B2491C0A28FAD2D9
:1096C000090740EA116070472DE9F041044600683F
:1096D0000025C168490618D4C16841F08001C16005
:1096E000F7F72CF806464FF47A78042707E000BF16
:1096F000F7F724F8801B404501D9677701252068DA
:10970000C068400601D4002DF2D02846BDE8F081A3
:1097100070B5044600680025C16821F08001C16071
:1097200020688068800606D42046F8F7BBFE10B19A
:10973000042060770125284670BD000070B50C46F6
:109740000546ECF763FB6C632C68E06C006801680D
:1097500021F001010160A06C0068016821F00101A5
:1097600001602068016821F04001016020684168C3
:1097700021F0030141602846EBF796FFE16C374882
:109780000968C860E16C206809680C308860E16C89
:10979000686B09684860E06C0068016821F4A261A8
:1097A0000160A16C2D480968801CC860A16C20680C
:1097B00009680C308860A16C686B09684860A06C0F
:1097C0000068016821F4A26101602068016821F04D
:1097D000400101602068416841F001014160E06C96
:1097E0000068016841F001010160A06C0068016837
:1097F00041F0010101602068416841F002014160CF
:109800002068016841F040010160A06C0068416877
:109810000029FCD120688168090601D500BFFAE75C
:10982000016821F0400101602068416821F00301D6
:109830004160E06C0068016821F001010160A06CEA
:109840000068016821F0010101602846EBF72CFF58
:109850002068016841F04001016070BDB003002044
:1098600010B50446ECF7D2FAA06A4FF6FF71B0FBD0
:10987000F1F2B0FBF1F301FB130101B1012111443D
:10988000B0FBF1F060630020E0622168C86C006802
:10989000026822F001020260886C0068026822F00F
:1098A000010202600868426822F003024260CA6C4A
:1098B000A06B1268D060CA6C606B12685060C86C94
:1098C0000068026822F484720260C86C0068026852
:1098D00042F4826202608A6C16481268D0608A6C18
:1098E000606B12685060886C0068026822F4A362A2
:1098F00002600868426842F001024260C86C006879
:10990000026842F001020260886C0068026842F05E
:10991000010202600868426842F002024260207957
:1099200040F0040020710868016841F040010160C6
:1099300010BD0000AC0300200168CA6C12681368F7
:1099400023F0010313608A6C1268136823F001038B
:1099500013600A68536823F003035360C36A826B81
:109960001A44CB6C1B68DA60CB6C426B1B685A6084
:10997000CA6C1268136823F484731360CA6C12688B
:10998000136843F4826313608B6C426B1B685A60EC
:109990008A6C1268136823F4A36313600A6853681F
:1099A00043F001035360CA6C1268136843F001036B
:1099B00013608A6C1268136843F0010313600A682D
:1099C000536843F002035360027942F004020271CB
:1099D0000868016841F04001016070470549096865
:1099E00001600449091D096841600249083109689C
:1099F00081607047107AFF1F18B51848FF2301686F
:109A0000490603D4016841F04001016042F210713F
:109A10000A4600E000BF8468A40701D4521EF9D2B0
:109A20008268D2070AD0C2688DF800208268D20707
:109A300002D0C2688DF800209DF80020037300E07A
:109A400000BF8268D20701D1491EF9D28168C907D7
:109A500002D0C068C0B218BD002018BD003001405F
:109A6000F8B515460E460B46009204460122022127
:109A700000F04AF8A0B9134813490068B0FBF1F0B0
:109A80004FF47A71484300906068B0F5827F0DD141
:109A90003346002280212046009500F035F870B151
:109AA000606D40F0200060650320F8BD009830B183
:109AB000401E009020688068C0430006F6D5002054
:109AC000F8BD0000D805002000366E0108B500681A
:109AD00002689368DB439B0713D41173002200686C
:109AE00005E0521C642A02DD0173FE2008BD836874
:109AF000DB43DB07F5D1007B8DF800009DF800000B
:109B000008BDFF2008BD00002DE9F8431E46914620
:109B100088460446089DF6F711FE401B351AF6F7F5
:109B20000DFE074626480068C0F3CB3068430AE0C4
:109B3000701C09D0F6F702FEC01BA8420FD275B107
:109B40000098B8B3401E00902068816838EA010090
:109B500033D000214945EBD10020BDE8F8832068CF
:109B6000416821F0E00141606068B0F5827F0BD16F
:109B7000A068B0F5004F02D0B0F5806F04D1206826
:109B8000016821F040010160A06AB0F5005F09D1D1
:109B90002068016821F4005101602068016841F4E7
:109BA00000510160012084F85100002084F8500029
:109BB0000320D2E7FFE70025C6E70121CAE700003E
:109BC000D805002070470000F8B505003DD0002002
:109BD000287020480068010437D510F4407F34D045
:109BE0001C483038016841F080510160006800F085
:109BF00080500090F7F7F6FB12211748F8F718F994
:109C0000064613211448F8F713F90446F7F7DEFB6C
:109C10001249481E8E4212D1022C16D1F7F7E2FBF0
:109C2000002212210C48F8F708F9002213210A48F3
:109C3000F8F703F9F7F7CAFB0220287008E086421C
:109C400003D1012C03D0022C01D00020F8BD2C70D0
:109C50000120F8BD703802400C2B0120A220E30C3B
:109C6000194808B5016841F480410160006800F4BA
:109C7000804000901548016821F470410160001D8A
:109C8000016821F00F0101601148016841F4C051E1
:109C900001600F480830016841F4C0510160001DA7
:109CA000016841F4C051016009494FF4C0501431BA
:109CB0000860002206212820F7F74AFBBDE808408B
:109CC0002820F7F738BB0000443802401038014024
:109CD000003C0140054810B5006810B10348F5F795
:109CE000F5FFBDE81040FEF775BF0000702A0120A7
:109CF000054810B5006810B10348F9F72AFDBDE822
:109D00001040FFF7A5BC0000842E0120FEF7DABF4B
:109D100000B585B04FF40060009002200021CDE92D
:109D2000010103900120049069460348F6F706FC00
:109D300005B0002000BD000000000240054810B53D
:109D4000006810B10348F6F754FDBDE81040FFF776
:109D5000EDB80000B82A01200A4810B5006810B11B
:109D60000848F8F7C2FB0748B030006818B105484A
:109D7000B030F8F7BAFBFFF7AFFABDE81040FFF7D5
:109D8000EDBA0000842B0120094810B5B0F8980204
:109D9000012804D000F020FD18B1F5F7C3FBFFF750
:109DA000FDFAFFF759FBBDE81040FFF72DBC00009E
:109DB000049F0020044910B50022A1F8982200F069
:109DC00057F8002010BD0000049F0020044910B582
:109DD0000122A1F8982200F005F8002010BD000033
:109DE000049F002070B5194986B0174888639030E9
:109DF000F9F7AFFC14489030F9F7F8FC00F080F860
:109E0000FFF7CCFA14216846E6F768FD10480024F5
:109E1000016841F00101016000680E4E00F0010090
:109E20004FF400650590224629463046F6F781FC3E
:109E300001200095CDE90104694630460394F6F708
:109E40007DFB06B0002070BD3C2E0120D0A5002077
:109E50003038024000000240044910B50222A1F847
:109E6000982200F005F8002010BD0000049F00209B
:109E700000B587B014216846E6F730FD164915484D
:109E800088639038F9F765FC12489038F9F7AEFC12
:109E900000F036F81148016841F0010101600068E6
:109EA000032100F0010005904FF480500090022043
:109EB00001900120CDE90201049069460848F6F7B7
:109EC0003DFB00F089FC002801D04FF0FF3007B0C7
:109ED00000BD0000CC2E0120D0A50020303802406B
:109EE00000000240054810B5006810B10348F8F7BB
:109EF000FCFABDE81040FFF7CFB900002C2B012081
:109F00002DE9F0410F20F7F705FA4520F7F702FA9F
:109F10003420F7F7FFF94720F7F7FCF92448D0F889
:109F2000341229B1D0F8300210B12248EFF77FFD8A
:109F30002148224C0025806B0C274FF4E136A042CB
:109F400016D1206810B12046F9F703FC1C482060A8
:109F5000C4E90165E560C4E90457A5611748E561F6
:109F6000F6F7F8FBD0B94720F7F7E5F945201BE0F5
:109F7000124C903C206810B12046F9F7EAFB1148DA
:109F80002060C4E90165E560C4E90457C013C4E971
:109F900006500A489038F6F7DDFB08B1F5F7C2FA2B
:109FA0003420F7F7C8F90F20BDE8F041F7F7C3B93F
:109FB000049F0020046F0020D0A50020CC2E01209B
:109FC00000140140004C00402DE9FC4F00223F48A6
:109FD00013461646046815461146914644F001049E
:109FE0000460006800F001000090394804680094A3
:109FF000D0F80CE024F0407404602EF0407444F07B
:10A000008074C460BFF34F8F324C4FF0C80C276888
:10A01000314CB7FBF4F404FB0CF44FF47A7C644548
:10A0200000D26446DFF8B4C0B7FBFCF7102F00D2B3
:10A03000102727480069DFF8A8B0C0F3003CDBF820
:10A040000080DBF8040008F0010A01901DE02048C0
:10A050000069C0F30030A0B15B1C604515D0BAF1B7
:10A06000000F10D0DBF804C0B9F1000F04D0ACEB46
:10A070000101B94200D8761C61464FF001098446BF
:10A0800006E0521CE9E784460AE0BAF1000F07D067
:10A09000DBF804800198A8EB0000A042D7D304E0CD
:10A0A00028466D1CB0F5806FD1D30948C0F80CE08C
:10A0B00000990160BFF34F8F102A00D30BB1042E1B
:10A0C00002D30120BDE8FC8F0020FBE730380240BE
:10A0D00000000240D805002040420F0090D003004D
:10A0E000001000E010B5F7F7ABF8BDE81040042011
:10A0F000F3F7CAB830B593B034216846E6F7EEFB03
:10A1000014210DA8E6F7EAFB1B480024016841F082
:10A1100080510160006800F080501290174801687B
:10A1200021F4404141F4804101600068012500F4C0
:10A1300040401290032000904FF48030039501902E
:10A14000EEF754FD049006946846F7F7A7FC50B963
:10A150000F20CDE90E540D90109400210DA81194FC
:10A16000F7F718FB08B1F5F7DDF9EEF77BFDEFF730
:10A17000FBFF13B030BD00004038024000700040CB
:10A180002DE9F04F93B00446EBF7A2F9002101202E
:10A1900000F0A8F84E494FF002094FF0010A086894
:10A1A0004FF480484E464FF4805720F4807008608A
:10A1B0004FF44040062C61D2DFE804F003090E148E
:10A1C00019204FF0000A0C256024564602E00F25A6
:10A1D000502403E0002719E00F2570244FF00409F4
:10A1E0000126F7E70F25A0244FF004090EE00F2504
:10A1F000F0244FF004098046032607E080460F252F
:10A2000084240868032640F480700860342168467E
:10A21000E6F764FB14210DA8E6F760FB2D484FF02C
:10A22000000B016841F080510160006800F080502F
:10A2300012902948016821F4404141EA0801016077
:10A2400000684FF0010800F4404012904FF4803055
:10A25000CDE900805FEA0A024FF00F0A4FF4800157
:10A260004FF0020011D006AA804682E823000421A4
:10A27000CDE90B10CDE90949684610E00C256024B2
:10A28000B9E700BFF5F74EF90DE0CDE906810C21E5
:10A2900008916021CDE909100B900C906846F7F702
:10A2A000FDFB0028EED1CDE90FB7CDF844B0CDE9E4
:10A2B0000DA831460DA8F7F76DFA08B1F5F732F998
:10A2C000ECF784F900F090F813B0BDE8F08F0000CF
:10A2D000003C02404038024000700040012100F084
:10A2E00001B80000F0B5B5B00E46070004D1F1F793
:10A2F00083FD08B1EFF738FF0EB1EBF7E9F8342131
:10A3000016A8E6F7EBFA142123A8E6F7E7FA334894
:10A310000024016841F080510160006800F0805025
:10A3200000902F48016821F4404141F480410160D0
:10A330000068012500F44040009002201690294852
:10A340001995006B1A901C9416A8F7F7A7FB08B193
:10A35000F5F7E8F80F20CDE923044FF48050CDE95C
:10A360002540002123A82794F7F714FA08B1F5F740
:10A37000D9F834216846E6F7B1FA684606950094A4
:10A38000F7F78CFB08B1F5F7CDF8FFB9F1F734FD1D
:10A39000E0B1FEF709FF342128A8E6F79FFACDE9DE
:10A3A000285428A82D95F7F779FB08B1F5F7BAF8E6
:10A3B00058216846E6F792FA08200090800109903B
:10A3C0006846F7F74BF808B1F5F7ACF8ECF7FEF88C
:10A3D000002E01D000F008F835B0F0BD4038024042
:10A3E000007000409801002010B5FFF78FFC00209E
:10A3F000EBF77CF8BDE810400148EDF7D9BD00004F
:10A40000842E012070B5194C2068194A10F00C01F7
:10A41000184804D0184D042903D0082903D002603D
:10A420001BE0056019E01149091F0B68C3F3805652
:10A430000B6803F03F0316B1B5FBF3F201E0B2FB8A
:10A44000F3F20B680968C3F388135A43C1F301415F
:10A45000491C4900B2FBF1F101602168074AC1F3D0
:10A460000311515C0268CA40026070BD08380240A6
:10A470000024F400D805002000366E0164FC0308B7
:10A480000248016841F470010160704788ED00E006
:10A490002DE9F05FBD48016921F001010161BC486F
:10A4A0000078DFF8F092DFF8F0A2002428B1AAF8D3
:10A4B0000040A9F80040BDE8F09FDFF8E482B7480B
:10A4C00098F840118E018168C2683244C260C26847
:10A4D0008A4206D3C268C368B2FBF1F202FB1132B2
:10A4E000C260002200EB820505F1200353E8007FE3
:10A4F000374443E8007CBCF1000FF7D12B6A8B4254
:10A5000004D92962036843F400730360521C032AD0
:10A51000E8DBA448C16C491CC164A348816BC068D6
:10A520000D189F480068E0B300239B4AB9F800600B
:10A53000DFF87CA2108830439C4E1080A9F80040C0
:10A54000F189DFF8709240EA01402860308A718A10
:10A55000002B40EA014068607ED09048002605F15B
:10A560000802016A3746402924D34169806B4FF0C5
:10A57000400B46189048806B47188848D0F808C0B0
:10A5800041694031614503D3B1FBFCF808FB1C1164
:10A590004161594610F1200050E800CFACEB010CAE
:10A5A00000E005E040E800C8B8F1000FF4D104E095
:10A5B0000123BAE7C16841610462DFF800C20020EC
:10A5C0001CF80010FF2906D02EB127B1202905D292
:10A5D00036F9111008E022F8104007E007EB4101BE
:10A5E00031F8401C490009B222F81010401C08281C
:10A5F000E6D32BB1DAF80003F2F762FE28836C830E
:10A60000DAF8F802D046A883000CE88366482026D2
:10A610008168C2682032C260C2688A4206D3C268BA
:10A62000C368B2FBF1F202FB1132C2605FF00002BC
:10A6300000EB820505F1200353E8007F374443E82F
:10A64000007CBCF1000FF7D12B6A8B4206D929623E
:10A65000036843F4007300E01DE00360521C032A0A
:10A66000E6DBD8F8DC02564B800778D54C48D0F8AA
:10A670001811090673D490F84111A9B390F841114B
:10A6800090F840218AB390F840010144491EB1FB83
:10A69000F0F159B356E0DAF80003F2F711FE494B36
:10A6A000494993ED000A10EE102ADFED480A4FF0F9
:10A6B00047479FED471A8A4202DDB0EE600A05E087
:10A6C00010EE102ABA4201D9B0EE410ABDEEC00A1E
:10A6D00010EE102A93ED010A10EE103A12B28B42DE
:10A6E00005DDB0EE600A08E027E028E029E010EE82
:10A6F000101AB94201D9B0EE410A37897389BDEE0B
:10A70000C00A47EA0343AB60B789338810EE101ADA
:10A7100047EA0343EB607388B68843EA06432B613C
:10A72000B9F802305F1CA9F8027040EA0340686182
:10A7300090B240EA0140A86162E70121A0E7012050
:10A74000A3E70121D9F80420521CC9F804208A4249
:10A7500008D30120C9F80440187003E0FFE7C9F8E6
:10A7600004401C701B490C480A8803881A430A805D
:10A7700004800120F2F788FDEEF736FE00283FF452
:10A780009AAEBDE8F05F0520F2F77EBD00400140C3
:10A790009A010020BA010020B6010020E4AF002099
:10A7A00038B1002010290020B0B00020D0AF002028
:10A7B00038B90020A405002028B000205002002055
:10A7C000A7010020E005002000FEFF4600FEFF4636
:10A7D000000000C7B801002070B58CB01421684695
:10A7E000E6F77CF800252448059506950795089519
:10A7F00009950A95016841F0010101600068012690
:10A8000000F001000B904FF4805000900220CDE941
:10A8100001060320CDE9030669461848F5F78EFEC8
:10A82000184C1748C4E90005C4E902562561656162
:10A830002046A561F8F736FA6E1E98B94FF400501D
:10A84000CDE90505079505A920460895F8F75DFCB3
:10A8500040B92020099080200A9009A92046F8F7E5
:10A86000ABF910B130460CB070BD2068C5602068EF
:10A8700005610020F7E70000303802400000024088
:10A88000000001408C2C01200148F8F7ADBC00000D
:10A89000D42C012002496FF00100086170470000CC
:10A8A00000200040F0B50268274B284D284E294F64
:10A8B000294C4FF0804C984209D0604507D0A842FF
:10A8C00005D0B04203D0B84201D0A04204D122F05A
:10A8D000700E4A6842EA0E0298421BD0604519D0B9
:10A8E000A84217D0B04215D0B84213D0A04211D020
:10A8F0001A4DA8420ED01A4DA8420BD0194DA842AD
:10A9000008D0194DA84205D0184DA84202D0184DC4
:10A91000A84203D122F44075CA682A434D6922F047
:10A9200080022A438D68C5620D688562984201D015
:10A93000A04201D109690163016841F0040101608D
:10A94000012141610260F0BD0000014000040040AF
:10A9500000080040000C004000040140004001409D
:10A96000004401400048014000180040001C004025
:10A970000020004010B501F01F030121046A994036
:10A980008C430462016A9A401143016210BD10B504
:10A99000846842EA032224F47F440A43224382600B
:10A9A00010BD826822F070020A4342F00701816004
:10A9B00070470000F0B5036A026A22F001020262E9
:10A9C00042688469124E24F073050C682C4323F00E
:10A9D00002058B682B430D4DA84201D0B04205D132
:10A9E00023F00807CB683B4323F00403A84201D0BF
:10A9F000B04205D14D6922F4407215438A692A4359
:10AA000042608461496841630362F0BD0000014017
:10AA100000040140F0B5026A036A23F010030362E8
:10AA2000436884690D6824F4E64444EA05248D688B
:10AA300022F0200242EA05120F4D104EA84201D02A
:10AA4000B04206D1CF6822F0800242EA071222F01B
:10AA50004002A84201D0B04207D14D6923F44063BF
:10AA600043EA85038D6943EA85034360846149684D
:10AA700081630262F0BD000000000140000401405B
:10AA8000F0B5026A036A23F4807303624368C46901
:10AA900022F4007224F073050C68124E2C438D686A
:10AAA00042EA05220E4DA84201D0B04206D1CF683D
:10AAB00022F4006242EA072222F48062A84201D016
:10AAC000B04207D14D6923F4405343EA05138D6921
:10AAD00043EA05134360C4614968C1630262F0BD83
:10AAE000000001400004014030B5046A026A22F40B
:10AAF000805202624268C3690D6823F4E64343EA68
:10AB000005238D6824F4005444EA0534084DA84216
:10AB100002D0084DA84204D14D6922F4804242EA95
:10AB200085124260C36149680164046230BD00005F
:10AB3000000001400004014070B5036800249A68D9
:10AB400022F070054A682A4322F007050A682A4362
:10AB50009A604A6812F00F0F31D11211082A2ED2D2
:10AB6000DFE802F02E2E2E2E0B2127040B69D1E9EF
:10AB700002210068FFF70BFF22E00A68052A10D0C7
:10AB80000268136A156A25F0010515620268956965
:10AB9000096925F0F00545EA011191610068036239
:10ABA0000EE0012070BD0A698968006800F00AF8AB
:10ABB00006E00A698968006800F015F800E00124E1
:10ABC000204670BD10B5036A046A24F001040462D3
:10ABD000846924F0F00444EA021423F00A020A43D0
:10ABE0008461026210BD10B5036A046A24F0100487
:10ABF0000462846923F0A00324F4704444EA02321E
:10AC000043EA01118261016210BD0000094810B5DC
:10AC1000016821F0200101600748EEF729FDEEF7F9
:10AC2000FDFF08B1F3F7D8FABDE810400220F2F7B3
:10AC30002BBB0000E4AF0020046F002001680C3142
:10AC400051E8002F22F4907241E80023002BF5D147
:10AC50000168143151E8002F22F0010241E800237D
:10AC6000002BF5D1016B012909D101680C3151E8A4
:10AC7000002F22F0100241E80023002BF5D1202103
:10AC800080F8421000210163704701680C3151E8DF
:10AC9000002F22F0C00241E80023002BF5D1202133
:10ACA00080F841107047000070B5044600680169E3
:10ACB000E26821F44051114301612169A068E26911
:10ACC00008436169114308432168CA6849F20C636B
:10ACD0009A430243CA6020684169A26921F4407125
:10ACE0001143416134492068884208D03349884281
:10ACF00005D03349884202D03249884202D1F6F762
:10AD00008BFE01E0F6F778FEE26900231921642545
:10AD10003226B2F5004F626828D0A0FB0101930FE4
:10AD20009200E5F767FB0146B0FBF5F06FF0180203
:10AD3000504301EB800006EB0010B0FBF5F000F093
:10AD4000F002B1FBF5F002EB0012B1FBF5F06FF091
:10AD50001803584301EB800006EB0010B0FBF5F040
:10AD600000F00F0021681044886070BDA0FB010155
:10AD700092185B41E5F73EFB0146B0FBF5F002019E
:10AD8000B1FBF5F06FF01803584301EB800006EBC0
:10AD9000C000B0FBF5F000F0F80002EB4002B1FBA0
:10ADA000F5F0584301EB800006EBC000B0FBF5F076
:10ADB00000F00700D6E70000001001400014014039
:10ADC00000180140001C014010B5F7F787FB0E4842
:10ADD000016821F0200101604FF480410B48F5F734
:10ADE0009BFC00280A4807D0ECF7E0FFEEF716FFBF
:10ADF000002808D0F3F7F0F9ECF74AFFBDE810405F
:10AE00000348EDF795B810BDE4AF002000080240FC
:10AE1000982C0020094810B5016821F0200101603C
:10AE20000748EEF725FCEEF7F9FE08B1F3F7D4F981
:10AE3000BDE810400220F2F727BA0000E4AF00207E
:10AE4000046F002041F4807141F22102400049006A
:10AE5000CB0500D5401CC30300D55040CB03F5D52E
:10AE600080B2704700F018F970B50546EAF7E2FFC6
:10AE7000686AB0F5803F01D34FF6FF7028632C68F5
:10AE8000E06C0068016821F001010160A06C0068BD
:10AE9000016821F0010101602068016821F0400192
:10AEA00001602068416821F0030141602846EAF70B
:10AEB000FBFBE16C25480968C860E16C2068096803
:10AEC0000C308860E16C286B09684860E06C0068B1
:10AED000016821F4A2610160A16CE86B0968C86097
:10AEE000A16C206809680C308860A16C286B096827
:10AEF0004860A06C0068016841F482610160A06C48
:10AF00000068016821F4807101602068016821F007
:10AF1000400101602068416841F001014160E06C3E
:10AF20000068016841F001010160A06C00680168DF
:10AF300041F0010101602068416841F00201416077
:10AF40002068016841F04001016070BDB403002039
:10AF50002DE9F04106462DED048B94B000209FEDC5
:10AF60002E8A9FED2E9B1D46904618800746F3EED5
:10AF7000048A6C46780002F0E4FD53EC192B02F0D1
:10AF80008DFE02F0F7FA00EE900A80EEA80A10EEAD
:10AF9000100A03F0D3F941EC100B01F09DF951ECCC
:10AFA000100B02F0E7FA44F827007F1C142FE1DBB6
:10AFB0000021F0EE480A1422F0EE608A00204318C7
:10AFC00093FBF2F702FB173304EB830393ED000AC4
:10AFD00006EB8003401C93ED001A142841EE008A12
:10AFE000EDDBB2EE041A88EE810AB4EEC08AF1EE0F
:10AFF00010FA09D24FF4B470484390FBF2F088ED98
:10B00000000AB0EE408A2880491C1429D4DB14B011
:10B01000BDEC048BBDE8F0810000000044174154F2
:10B02000FB21094003B401984100009850EAC12077
:10B0300018BF04204A0D18BF40F0010040F2FF7213
:10B04000B2EB515F08BF40F00200012808BF0520A5
:10B0500002B070470907090E002804DB00F1E02068
:10B0600080F80014704700F00F0000F1E02080F835
:10B07000141D7047BFF34F8F05480168054A01F45E
:10B08000E06111430160BFF34F8F00BFFDE7000097
:10B090000CED00E00400FA05BFF34F8F054801688E
:10B0A000054A01F4E06111430160BFF34F8F00BF17
:10B0B000FDE700000CED00E00400FA0500000000D0
:10B0C00070B59B482DED020B2DED068B079D25F0ED
:10B0D0000044A04218DC9748844202DC0AD106985A
:10B0E00040B19DED060BBDEC068B02B0BDE8704093
:10B0F00001F096BD002DCCBF9FED8F0B9FED900B07
:10B10000BDEC068B02B070BD8F48A04215DD8F48A4
:10B11000A042D8BF4FF0FF3458DD9DED060B51EC37
:10B12000100BFFF77FFF042808BF01F0ADFD9DED78
:10B13000060BBDEC068B02B070BD9DED060B51EC0D
:10B14000100B01F0A3FECDE9060181489FED828B33
:10B15000A0423CDD8248A0421FDD00249FED82AB6F
:10B160009DED060B53EC1A2B51EC100B02F034FA48
:10B170009DED060B41EC190B53EC1A2B51EC100B07
:10B1800002F08CFD53EC182B02F0EEFF53EC192B60
:10B1900002F0DEFACDE9060149E09DED060B01243F
:10B1A00053EC182B51EC100B02F016FA9DED060B28
:10B1B00041EC190B53EC182B51EC100B02F0D4FF9F
:10B1C00053EC192B02F0C4FACDE906012FE06848D0
:10B1D000A0421FDD02249FED689B9DED060B53EC02
:10B1E000192B51EC100B02F059FD53EC182B02F007
:10B1F000F3F99DED060B41EC180B53EC192B51ECB8
:10B20000100B02F0B1FF53EC182B02F0A1FACDE9BC
:10B2100006010CE09DED060B032453EC102B9FED73
:10B22000580B51EC100B02F093FACDE906019DED9D
:10B23000060B53EC102B51EC100B02F02FFD41ECE0
:10B24000180B53EC182B02F029FD41EC190B4E485A
:10B250000621B0EE490AF0EE690A784401F0B4FB29
:10B2600053EC182B51EC100B02F018FD41EC180BAD
:10B270004648B0EE490AF0EE690A0521784401F02B
:10B28000A3FB53EC192B51EC100B02F007FD41EC22
:10B29000100B51EC180B53EC102B002C0EDA02F0B3
:10B2A0009BF99DED061B53EC112B02F0F7FC9DED75
:10B2B000061B53EC112B02F07FFE35E002F08CF9F7
:10B2C0009DED061B53EC112B02F0E8FC41EC100B3A
:10B2D0002F48784400EBC40090ED001B51EC100B9C
:10B2E00053EC112B02F040FF9DED061B53EC112B8C
:10B2F00002F03AFF41EC100B2648784400EBC40002
:10B3000090ED001B51EC100B53EC112B02F054FE8E
:10B3100041EC100B002DA2BFBDEC068B02B070BD3E
:10B3200051EC100B02F01AF941EC100B01E7000090
:10B33000000010440000F07F182D4454FB21F93F19
:10B34000182D4454FB21F9BF0000DC3F0000203ED3
:10B350000000F33F00000000000000000000F03F8C
:10B360000000E63F00000000000000000000004078
:10B370000080034000000000000000000000F83FD3
:10B38000000000000000F0BF124B0000C84A00009F
:10B39000524A00000A4A000070B56B4E2DED040BB6
:10B3A0002DED028B82B0DDF81CC0DDE905235C4287
:10B3B0002CF000411C4341EAD474049D22F000406B
:10B3C000B44205D86C422C4340EAD474B4420BD941
:10B3D0009DED061B9DED040B02B0BDEC028B04B08D
:10B3E000BDE8704001F026BCACF14054A4F17F648C
:10B3F0001C430BD0022404EAAC7444EAD274054323
:10B400009FED538B9FED542B07D015E09DED040B62
:10B4100051EC100B01F04FFC42E0002C11BF012C4D
:10B420009DED040B02B0BDEC028B04BF04B070BDF7
:10B43000022C38D0032C3BD00B439FED491B9FEDD2
:10B440004A0B0AD0B14218D1B04209D121F0804153
:10B4500020F08040079105900FE0002A15DA10E0F7
:10B46000434B7B44002C08BF93ED000B0DD0012C07
:10B4700010D0022C17D0032C1AD0B0421DD1002AB4
:10B4800003DAB0EE410AF0EE610A02B0BDEC028BC5
:10B4900004B070BD93ED000B51EC100B02F05EF8A0
:10B4A00041EC100BF1E7B0EE480AF0EE680AECE769
:10B4B000B0EE420AF0EE620AE7E7401A00153C28B7
:10B4C000C8BF8DED000B19DCBCF1000FBEBF10F141
:10B4D0003C0F9FED290B8DED000B0FDB9DED060B57
:10B4E00053EC102B9DED040B51EC100B02F030F9D6
:10B4F00001F0CCFC01F0DFFBCDE90001002C08BF1E
:10B500009DED000BC1D0012C10D0022C9FED1C0B27
:10B5100053EC102B9DED000B51EC100B0DD002F0F5
:10B5200023FE53EC182B02F01FFEB9E7019880F0C0
:10B53000004001909DED000BA7E702F015FE53ECD3
:10B54000182B02F039FDABE70000F07F000000008F
:10B55000182D4454FB210940182D4454FB2109C0E7
:10B56000182D4454FB21F9BF182D4454FB21F93FF9
:10B570006A49000000000000000000000000000018
:10B58000075C143326A6A13C10B52DED020B2DED62
:10B59000088B9DED080B51EC100B02F0B3FC41EC55
:10B5A000180B9DED080B53EC182B51EC100B02F00F
:10B5B000DBFD41EC190B09989FED2D0B10F0004FAE
:10B5C00053EC102B51EC190B9FED25AB9FED26BBD7
:10B5D0000DD002F027FB0DD953EC1B2B51EC190BAE
:10B5E00002F05AFC1BD213E041EC180B17E002F0FA
:10B5F00019FB06D253EC1A2B51EC180B02F0B4FDD8
:10B60000F2E753EC1B2B51EC190B02F045FC06D86A
:10B6100053EC1A2B51EC180B01F0DEFFE4E79FED21
:10B62000160B51EC180B53EC102B02F035FC08D321
:10B6300051EC180B9FED120B53EC102B02F0F2FAA9
:10B6400002D20120E5F7CBF951EC180BBDEC088BC9
:10B6500002B0BDE8104002F003BA00000000000094
:10B66000000000000000F03F000000000000E03F8C
:10B67000000000000000E0BF0000C0FFFFFFDF414E
:10B68000000000000000E0C12DE9F04D2DED040B9D
:10B690002DED0E8B96B0DDE92550279CDDF890A0AE
:10B6A00025F0004624F00048BAF1000F14BF012134
:10B6B000002101EB4502FC4953184A1093422AD35A
:10B6C000002814BF0123002303EB44030B44F74974
:10B6D0008B4220D358EA00019FEDF59B76D0DFF82E
:10B6E000D8B35D4503D1BAF1000F05D188E0BAF1B6
:10B6F000000F08BF002100D0012101EB450111F529
:10B70000001F08D8002814BF0121002101EB4401CB
:10B7100011F5001F0BD99DED261B9DED240B16B0D6
:10B72000BDEC0E8B04B0BDE8F04D01F083BA0027EC
:10B73000002DBCBFE149884521DAE1498845A8BF11
:10B7400002271CDAC3451ADCDE4901EB2851142913
:10B7500008DDC1F1340220FA02F101FA02F282425C
:10B760000DD108E058B9C1F1140228FA02F101FA2A
:10B7700002F2424503D101F00101C1F1020756EA8C
:10B780000A0124D1002C22DA002D18BF022F01D08B
:10B79000012F0AD00220E5F722F916B0BDEC0E8B7E
:10B7A00004B0BDE8F04D01F023BA0220E5F717F927
:10B7B00001F01EFA51EC100B01F0D0FE41EC100B21
:10B7C00016B0BDEC0E8B04B0BDE8F08D18E09FED17
:10B7D000BEAB9FEDBF8B002871D1B848804522D108
:10B7E00005F1804010F5801008BFBAF1000F07D0B6
:10B7F000B3450ADC002CA8BF9DED260BE0DA0DE076
:10B80000B0EE490AF0EE690ADAE7002C06DA9DED9F
:10B81000260B51EC100B01F0A1FE6FE0AE4878440E
:10B8200090ED000BCCE7D8454DD1002C48DA2EB175
:10B8300086423AD1BAF1000F42D126E0BAF1000FA8
:10B8400013D00220E5F7CBF801F00EFA8DED020BD4
:10B850009DED240B8DED000B10EE900A039961F322
:10B860001E0003909DED020BAAE78DED02AB9DED4E
:10B87000240B1AEE901A10EE900A8DED000B61F376
:10B880001E0003909DED020B9AE78DED028B9DED5E
:10B89000240B18EE901A10EE900A8DED000B61F358
:10B8A0001E0003909DED020B8AE709DA9DED240B43
:10B8B00051EC190B53EC102B01F04AFF1EE020E075
:10B8C0009DED240B7CE786421BDAB4F1804F0DD04E
:10B8D000A4F10050B0F1FF5013D1002D11DB9DED0C
:10B8E000240B51EC100B01F07FFD07E09DED240BC4
:10B8F00053EC102B51EC100B00F0C2BC41EC100BC0
:10B900005EE79DED240B51EC100B01F0BFFABAF18C
:10B91000000FCDE90E0142D19FED710B46B3A6F1A8
:10B92000E040B0F17F600CD05E4538D1002D00DAE8
:10B93000A7B3022F0CBF01204FF0FF3002F001F936
:10B94000DCE7002D01DD002C0DDA002D01DD002CDF
:10B950001FDB002D16DA002C14DB012F08BF9FED32
:10B96000620B3FF42DAFB0EE4A0AF0EE6A0A27E709
:10B97000022F18BF002D0CD0012F0AD1002DFFF689
:10B980001FAF06E0002DB8BF002C08DA012F3FF4EE
:10B9900017AFB0EE480AF0EE680A11E71BE001208D
:10B9A00000EBE57050EA070115D0791EB0EE498A28
:10B9B000F0EE698A084308BF9FED4D8B4E48002585
:10B9C000804570DD4D494E48884514DDB0420DDBA1
:10B9D000002C19DB2FE00120E5F701F816B0BDECD3
:10B9E0000E8B04B0BDE8F04D01F02EB9B34502DC7A
:10B9F000002C09DC1FE0864202DA002C1BDA03E08F
:10BA00005E452BDD002C16DD0220E4F7E8FF01F097
:10BA10002BF98DED020B53EC1A2B51EC180B02F0A5
:10BA20003DF9CDE900010399019861F31E000390EF
:10BA30009DED020BC4E60220E4F7D1FF01F024F9EA
:10BA400010EE901A18EE900A8DED020B8DED008B22
:10BA500061F31E0003909DED020BB1E69DED0E0B10
:10BA600053EC192B51EC100B02F07EFB9FED260BD3
:10BA7000CDE9080153EC102B9DED080B51EC100B98
:10BA800002F00CF99FED221B53EC112B02F094FAFB
:10BA90009DED081B53EC112B02F000F99FED1E1BCE
:10BAA00053EC112B3CE08CE0FFFF1F00FFFF0F0069
:10BAB000000000000000F03F0000F03F0000F07FB9
:10BAC0000000404301FCFFFF000000000000F07F89
:10BAD0000000000000000000AE4500000000000073
:10BAE0000000000000000080000000000000F0FFE7
:10BAF000000000000000F0BF0000E0410000F04343
:10BB0000FFFFEF3F00000000000000000000D03FFA
:10BB1000555555555555D53F000000000000E03FF4
:10BB200002F04AFA9DED080B41EC1A0B53EC102B76
:10BB300051EC100B02F0B2F853EC1A2B02F0AEF8F5
:10BB400041EC1A0B9FEDFE0B53EC102B9DED080BF7
:10BB500051EC100B02F0A2F841EC1B0B9FEDFA0B1D
:10BB600051EC1A0B53EC102B02F098F841EC1A0B25
:10BB70009FEDF70B53EC102B9DED080B51EC100BC8
:10BB800002F08CF853EC1A2B02F0EEFA41EC1A0B8F
:10BB900051EC1B0B53EC1A2B01F01EFD0690CDE966
:10BBA00006519DED060B53EC1B2B51EC100B02F0D4
:10BBB000DBFA53EC1A2B02F0FFF941EC100B00F00A
:10BBC000A1B90020B6F5801F0EDA9FEDE30B53EC10
:10BBD000102B9DED0E0B51EC100B02F05FF8CDE930
:10BBE0000E016FF034000E4600EB2650A0F2FF3736
:10BBF000C6F31300DA4940F07F6646F040568842AB
:10BC0000D8BF002408DDD7498142C8BF012403DC26
:10BC10000024A6F580167F1CD348784400EBC400AE
:10BC20000F9690ED00CB9DED0E0B53EC1C2B51ECC1
:10BC3000100B02F099FA9DED0E0B41EC1B0B53EC2F
:10BC40001C2B51EC100B01F0C7FC41EC100B51EC1C
:10BC5000190B53EC102B01F07BFD41EC1D0B51EC4B
:10BC60001B0B53EC1D2B02F019F841EC1A0BBF48CB
:10BC70008DED10AB7844109590ED000B4FF0005017
:10BC800040EA660000EB84408DED080B00F50020D3
:10BC900009909DED080B53EC1C2B51EC100B02F09E
:10BCA00063FA9DED0E1B53EC112B02F085F941EC6C
:10BCB000100B53EC102B9DED100B51EC100B01F001
:10BCC000EDFF9DED080B41EC1C0B53EC102B9DED93
:10BCD000100B51EC100B01F0E1FF53EC1B2B02F0A9
:10BCE0006BF953EC1C2B02F03FFA53EC1D2B01F0C7
:10BCF000D5FF41EC1C0B53EC1A2B51EC1A0B01F045
:10BD0000CDFF41EC1B0B9A480621B0EE4B0AF0EE3A
:10BD10006B0A784400F058FEB0EE401AF0EE601A5C
:10BD2000B0EE41DAF0EE61DA53EC1B2B51EC1B0B59
:10BD300001F0B4FF53EC1D2B01F0B0FF9DED100B93
:10BD400041EC1B0B53EC1A2B51EC100B01F044FC93
:10BD500053EC1C2B01F0A2FF53EC1B2B01F03CFC1D
:10BD60009DED100B41EC1B0B53EC102B51EC100B09
:10BD700001F094FF41EC1D0B9FED7FEB53EC1E2B6C
:10BD800001F02AFC53EC1B2B01F026FC0890CDE9B6
:10BD900008519DED080B53EC1E2B51EC100B02F0DB
:10BDA000E3F953EC1D2B02F0DFF953EC1B2B02F0EF
:10BDB00003F99DED080B41EC1D0B53EC102B9DED91
:10BDC000100B51EC100B01F069FF41EC1B0B53EC15
:10BDD0001A2B51EC1D0B01F061FF9DED080B41EC9E
:10BDE0001A0B53EC102B51EC1C0B01F057FF53ECCA
:10BDF0001A2B01F0F1FB41EC1A0B51EC1B0B53EC2D
:10BE00001A2B01F0E9FB0C90CDE90C519DED0C0BC8
:10BE100053EC1B2B51EC100B02F0A6F953EC1A2B30
:10BE200002F0CAF841EC1B0B9FED550B53EC102BA5
:10BE30009DED0C0B51EC100B01F030FF41EC1A0B97
:10BE40009FED510B51EC1B0B53EC102B01F026FF17
:10BE500041EC1B0B9FED4E0B53EC102B9DED0C0B8F
:10BE600051EC100B01F01AFF53EC1B2B01F0B4FB4B
:10BE700041EC100B4848784400EBC40090ED001BE7
:10BE800051EC100B53EC112B01F0A6FB41EC1B0BFA
:10BE9000384601F056FECDE9080153EC1B2B51EC5E
:10BEA0001A0B01F099FB41EC100B3C48784400EB75
:10BEB000C40090ED00CB51EC100B53EC1C2B01F0A7
:10BEC0008BFB9DED081B53EC112B01F085FB0690BD
:10BED000CDE906519DED080B53EC102B9DED060BA3
:10BEE00051EC100B02F040F953EC1C2B02F03CF922
:10BEF00053EC1A2B02F038F953EC1B2B02F05CF8D0
:10BF000041EC100B9DED261B53EC102B8DED001B0F
:10BF100000959DED260B51EC100B01F0BFFE9DED41
:10BF2000000B41EC1A0B53EC102B9DED260B51EC42
:10BF3000100B02F019F99DED061B53EC112B2FE0AD
:10BF4000000000604715F73FFE822B654715F73F5D
:10BF500044DF5DF80BAE543E00000000000040439B
:10BF60008E9803007AB60B00624000005841000032
:10BF70009A3F0000000000000000000000000840A0
:10BF8000000000E009C7EE3FFD033ADC09C7EE3FC1
:10BF9000F5015B14E02F3EBE263E0000E03D0000B0
:10BFA00001F07CFE53EC1A2B01F016FB9DED060B05
:10BFB00041EC1A0B53EC102B9DED000B51EC100BC8
:10BFC00001F06CFECDE90C019DED0C0B51EC1A0B50
:10BFD00053EC102B01F000FBCDE902010C46AA49FD
:10BFE0008C422FDB611A084318D19DED0C0B53ECEA
:10BFF000102B9DED020B51EC100B02F0B5F841EC4B
:10C000001B0B9FEDA30B51EC1A0B53EC102B01F003
:10C01000E3FA53EC1B2B01F03FFF2DD20220E4F793
:10C02000DEFC00F021FE10EE901A18EE900A8DED65
:10C03000020B8DED008B61F31E0003909DED020B52
:10C04000FFF7BEBB944A24F00041914214D39349B8
:10C05000214408437FF4EFAC9DED0C0B53EC102B07
:10C060009DED020B51EC100B02F07EF853EC1A2BF5
:10C0700001F012FF7FF6DFAC24F000408849894AC6
:10C08000002601EB205182422BDA481C4FF480112C
:10C0900021FA00F02044844AC0F30A517A44A1F204
:10C0A000FF3192ED000B814A8DED080BCA4020EA6A
:10C0B0000202C0F3130040F48010C1F1140120FA11
:10C0C00001F60992002CB8BF76429DED080B53ECA7
:10C0D000102B9DED0C0B51EC100B02F045F8CDE947
:10C0E0000C019DED0C0B51EC1A0B53EC102B01F0D5
:10C0F00073FA9FED6F0B0890CDE9085153EC102BAC
:10C100009DED080B51EC100B01F0C8FD41EC1B0B31
:10C110009FED690B53EC102B9DED080B51EC100BB0
:10C1200001F0BCFD9DED0C0B41EC1C0B53EC102BF6
:10C130009DED080B51EC100B02F016F853EC1A2B86
:10C1400001F03AFF9FED5E1B53EC112B01F0A6FDB1
:10C1500053EC1C2B01F040FA41EC1A0B51EC1B0B79
:10C1600053EC1A2B01F038FACDE902019DED020BD8
:10C1700053EC1B2B51EC100B01F0F6FF53EC1A2B78
:10C1800001F01AFF9DED020B41EC1A0B53EC102B42
:10C1900051EC100B01F082FDCDE908014A489DEDFC
:10C1A000080B0521784400F00FFC9DED081B51ECB5
:10C1B000100B53EC112B01F071FD9DED021B53ECA4
:10C1C000112B01F0F9FECDE906019DED020B53ECB8
:10C1D0001A2B51EC100B01F061FD53EC1A2B01F0FE
:10C1E000FBF99FED3B0B41EC1A0B53EC102B9DED33
:10C1F000060B51EC100B01F0B7FF9DED060B41EC67
:10C200001B0B53EC102B9DED020B51EC100B01F0AE
:10C2100045FD53EC1B2B01F09BFA53EC1A2B01F05C
:10C22000A3FF9DED021B53EC112B01F09DFF53EC7E
:10C23000192B01F0C1FECDE9020101EB06500115F9
:10C240000029C8BF039015DC9DED020B324651EC6E
:10C25000100B02F08BF9FEF7E5FE042808BF00F092
:10C2600013FD32469DED020B51EC100B02F07EF9EE
:10C27000CDE902019DED020B51EC180B53EC102B94
:10C2800001F00CFDFFF73ABB0000904000000000F9
:10C29000FE822B654715973C00CC904000346F3FE1
:10C2A00001FCFFFF0000E03F303D0000FFFF0F00FA
:10C2B00000000000432EE63F396CA80C615C20BEF4
:10C2C000EF39FAFE422EE63F383B00000000000046
:10C2D000000000000000004010B52F499FED2C1B0E
:10C2E0002DED020B84B0059820F000408842DCBFA1
:10C2F00000209DED040B32DD2849884209D10498C5
:10C3000040B94FF00100E4F76AFB00F09DFC06B075
:10C3100010BD05DB9DED040B00F082FC06B010BDE6
:10C3200068469DED040B00F07BF810F0030011D07F
:10C33000012818D09DED021B9DED000B02281AD09C
:10C3400000F08AFA51EC100B01F008F906B041EC4C
:10C35000100B10BD9DED021B9DED000B012000F0A8
:10C36000AFFB06B010BD9DED021B9DED000B00F074
:10C3700073FA06B010BD012000F0A2FB51EC100BC7
:10C3800001F0ECF806B041EC100B10BD000000000D
:10C390000000000000000000FB21E93F0000F07FEA
:10C3A00000B52DED048BB0EE409AF0EE609A83B0AC
:10C3B00051EC190B01F00CFE41EC180B18EE100AB1
:10C3C00018EE901A8DED008B002818BF012008434D
:10C3D00020F00040C0F17F6000F1E040C00F14D0B9
:10C3E00019EE101A19EE900A8DED009B002918BF66
:10C3F0000121084320F00040C0F17F6000F1E040DF
:10C40000C00F04BF0120E4F7EAFAB0EE480A03B017
:10C41000F0EE680ABDEC048B00BD000000000000D7
:10C420002DE9F14F04462DED020B2DED088B8AB05E
:10C430009FEDE70B80ED020B139EE74826F00045C9
:10C4400085420ADC9DED120B002084ED000B0AB042
:10C45000BDEC088B03B0BDE8F08FE0489FEDE0AB8A
:10C460009FEDE1BBA84247DDE14F9FEDE39B9FEDD0
:10C47000E48B9DED120B53EC1A2B51EC100B002E9C
:10C480001CDD01F071FE41EC100BBD4208D053ECF5
:10C490001B2B51EC100B01F067FEC4E900010BE00F
:10C4A00053EC192B51EC100B01F05EFE53EC182BE2
:10C4B00001F05AFEC4E900010120C8E701F08CF840
:10C4C00041EC100BBD4208D053EC1B2B51EC100B70
:10C4D00001F082F8C4E900010BE053EC192B51EC98
:10C4E000100B01F079F853EC182B01F075F8C4E942
:10C4F00000014FF0FF30AAE7C348A84279DB9DED69
:10C50000120B51EC100B00F0C1FC41EC180B9FED2D
:10C51000C00B53EC102B01F0C1FB9FEDBF1B53EC84
:10C52000112B01F059F801F06BFA074601F009FBF5
:10C5300041EC190B53EC1A2B01F0B0FB53EC182B08
:10C5400001F03AFD41EC180B53EC1B2B51EC190B8D
:10C5500001F0A4FBDFF8C8A241EC100B4FEA15581C
:10C560000125FA4453EC102B51EC180B01F0FCFDA3
:10C57000032DC4E900013DD0C1F30A5005EB45117C
:10C58000A8EB00001139814234DA0AEB051BB0EE4A
:10C5900048AA9BED000BF0EE68AA53EC102B51EC6F
:10C5A000190B01F07BFB41EC1B0B51EC1A0B53EC0C
:10C5B0001B2B01F0D9FD41EC180B51EC1A0B53EC7D
:10C5C000182B01F0D1FD53EC1B2B01F0CDFD9BEDA1
:10C5D000020B41EC1A0B53EC102B51EC190B01F030
:10C5E0005DFB53EC1A2B01F0BFFD41EC100B6D1CF1
:10C5F000B8E70EE0002EA8BF3846BFF628AF94ED8E
:10C60000000B51EC100B00F0A9FFC4E900017842C7
:10C610001DE7C6F3130040F4801EC6F30A50A0F2D3
:10C62000F530471100F01F05C5F12000DDF848B0D6
:10C6300008900020069007900520EC467949002DCF
:10C6400007EB0002794408BF51F8221009D051F8D5
:10C65000223001EB8201AB404A68089922FA01F1CD
:10C660001943A1FB0E26A1FB0B131A449A4234BFB7
:10C670000123002303EB06080CEB8003D3E901A69A
:10C680000E448E4234BF0121002192448A4411B1EC
:10C69000924502D903E0924501D2012100E0002138
:10C6A000C3E901A641444CF82010011EA0F101008D
:10C6B000C4DC029800F10050850F0298DDE90367A1
:10C6C0008000DDF8148001F03CFA41EC1A0B304692
:10C6D00001F04EFA9FED541B53EC112B01F0DEFAE2
:10C6E00041EC1B0B384601F043FA9FED511B53EC14
:10C6F000112B01F0D3FA41EC180B404601F038FA47
:10C700009FED4D1B53EC112B01F0C8FA41EC190BB6
:10C7100051EC180B53EC192B00F05EFF53EC1B2B64
:10C7200000F05AFF53EC1A2B00F056FFCDE9080138
:10C73000002008909DED080B53EC1A2B51EC100BC8
:10C7400001F012FD53EC1B2B01F00EFD53EC182BE6
:10C7500001F00AFD53EC192B01F02EFC9FED381B64
:10C7600053EC112B01F09AFA9FED370B41EC180BAB
:10C7700053EC102B9DED080B51EC100B01F08EFAD1
:10C7800053EC182B00F028FF9FED310B41EC180BF8
:10C7900053EC102B9DED080B51EC100B01F07EFAC1
:10C7A00053EC182B00F018FF41EC100B139810F00D
:10C7B000004F06D06D4251EC100B00F0CFFE41EC63
:10C7C000100B284684ED000B41E60000000000003D
:10C7D0000000000000000000FB21E93F7CD902407E
:10C7E00000004054FB21F93F3163621A61B4D03D2F
:10C7F000FB21F93F000000000000601A61B4D03D49
:10C800007370032E8A19A33BFB21394100000000FD
:10C8100083C8C96D305FE43F000000000000E03FC6
:10C8200072380000C0370000000000000000103E19
:10C83000000000000000103C000000000000103A62
:10C84000182D4454FB21F93D3326A611460B113C0B
:10C8500000000054FB21F93D10B52DED040B2DED2A
:10C86000088B82B0B0EE419AF0EE619A0B9820F0FE
:10C8700000449FED4BABB4F1795F11DA9DED0A0BEB
:10C8800051EC100B01F0BCF8002801BFB0EE4A0AD1
:10C89000F0EE6A0A02B0BDEC088B04BF04B010BD14
:10C8A0009DED0A0B53EC102B51EC100B01F0F6F937
:10C8B00041EC180B3C480621B0EE480AF0EE680A3D
:10C8C000784400F081F853EC182B51EC100B01F078
:10C8D000E5F99DED0A0B41EC1B0B53EC192B51ECC8
:10C8E000100B01F0DBF941EC190B53EC1B2B51EC55
:10C8F000180B01F0D3F953EC192B01F035FC9FED27
:10C900002C0B41EC190B53EC102B51EC180B01F0D4
:10C91000C5F941EC100B2848844210DA53EC192B6E
:10C9200051EC100B01F020FC53EC1A2B01F044FBEE
:10C9300041EC100B02B0BDEC088B04B010BD1F48D9
:10C94000A042BCBF9FED1E1B8DED001B06DBA4F5B6
:10C9500000100190002000909DED001B51EC100B89
:10C9600053EC112B01F000FC9DED000B41EC180B7A
:10C9700053EC102B51EC1A0B01F0F6FB41EC1A0BA7
:10C9800053EC192B51EC180B01F0EEFB53EC1A2B66
:10C9900001F012FB41EC100BCCE70000000000009E
:10C9A000000000000000F03FDC3400000000000048
:10C9B000000000000000E03F3333D33F0000E93FB8
:10C9C000000000000000D23F70B504462DED028B40
:10C9D0004D1E00EBC500B0EE408AF0EE608A90ED8F
:10C9E000000B35F0060017D053EC182B51EC100B50
:10C9F00001F054F941EC100B6D1E04EBC50090EDF5
:10CA0000001B51EC100B53EC112B00F0E5FD41EC39
:10CA1000100B35F00600E7D1022D36D0042D1CD0C6
:10CA2000062D1CBFBDEC028B70BD53EC182B51ECD6
:10CA3000100B01F033F994ED0A1B53EC112B00F0AD
:10CA4000CBFD53EC182B01F029F994ED081B53ECA6
:10CA5000112B00F0C1FD41EC100B53EC182B51ECE5
:10CA6000100B01F01BF994ED061B53EC112B00F099
:10CA7000B3FD53EC182B01F011F994ED040B53ECBA
:10CA8000102B00F0A9FD41EC100B53EC182B51ECCE
:10CA9000100B01F003F994ED021B53EC112B00F085
:10CAA0009BFD53EC182B01F0F9F894ED001B53ECAF
:10CAB000112B00F091FDBDEC028B41EC100B70BD11
:10CAC00031B504462DED040B2DED0A8BB0EE41BAC5
:10CAD000F0EE61BA0B989DED0A0B20F00040B0F12A
:10CAE000795F0DDA51EC100BFEF79CFA042808BFB1
:10CAF00000F0CAF89DED0A0BBDEC0A8B05B030BD05
:10CB000053EC102B51EC100B01F0C8F841EC180B52
:10CB10009DED0A0B53EC182B51EC100B01F0BEF8F5
:10CB200041EC190B2C48B0EE480AF0EE680A0521DA
:10CB30007844FFF749FF9FED2ACBB0EE40AAF0EE14
:10CB400060AA9CB353EC1C2B51EC190B01F0A6F816
:10CB500041EC1C0B53EC1A2B51EC190B01F09EF815
:10CB60009FED210B41EC190B53EC102B51EC1B0BDF
:10CB700001F094F853EC192B01F0F6FA53EC182B52
:10CB800001F08CF853EC1B2B01F0EEFA53EC1C2B4C
:10CB900001F0EAFA9DED0A1B53EC112B01F00CFA9F
:10CBA000BDEC0A8B05B041EC100B30BDFFE753EC38
:10CBB0001A2B51EC180B01F071F853EC1C2B00F000
:10CBC0000BFD53EC192B01F069F89DED0A1B53EC9A
:10CBD000112B00F001FDE3E76C33000000000000C2
:10CBE000495555555555C5BF000000000000E03FB0
:10CBF0009FED070B10B553EC102B9FED070B51EC7D
:10CC0000100B00F0A5FD41EC100B10BD0000000062
:10CC10000000000000000000000000000000F03FE5
:10CC200010B553EC102B51EC100B00F0D5FC41EC7F
:10CC3000100B10BD10B553EC112B51EC100B00F084
:10CC4000CBFC41EC100B10BD9FED050B10B553EC68
:10CC5000102B51EC100B00F07BFD41EC100B10BDC4
:10CC600000000000000000009FED050B10B553EC24
:10CC7000102B51EC100B01F011F841EC100B10BD12
:10CC800000000000000000709FED050B10B553EC94
:10CC9000102B51EC100B01F001F841EC100B10BD02
:10CCA000000000000000001030380A2801D20120E6
:10CCB00070470020704710B541EC100BFEF700FAEA
:10CCC00051EC100B10BD002905D08A78028149680B
:10CCD000002900D0084770470289082A1ED2DFE8E1
:10CCE00002F00406090C0F1214170D4A12E00C4A48
:10CCF00038320FE00A4A70320CE0094AA83209E0E3
:10CD0000074AE03206E0074A04E0064A383201E00A
:10CD1000044A703202EBC101FFF7D5BF7047000033
:10CD2000E0030020F80400203EB5124C656BEAF7E2
:10CD300027FE216BD9B1104AE16A01B110210F4BD6
:10CD40001B791B0700D50021C4F8B4510123CDE99C
:10CD500000130292216840228BB281B20848F0F79A
:10CD6000D5FEE4F7C1FDA8B2606300203EBD0022FD
:10CD7000E2E7000038B1002000710200A4C20020E8
:10CD800038B900208260816302B1521E0261002125
:10CD9000C1600A4600EB820359611962D962521CD4
:10CDA000032AF7DB016041607047000030B5039D46
:10CDB00082608163521E02610021C1604FEA01025C
:10CDC00000EB820461612162E162521C032AF7DBFD
:10CDD00001604160C0E90F3530BD00002DE9F84F1A
:10CDE000050032D02648016841F080710160254E6F
:10CDF000306840F0010030603068DFF88CA010F03F
:10CE0000010F4FF47A7B4FF47A590BD0F3F796FC6D
:10CE10000746D6F804803C46DAF80010B1FBFBF078
:10CE2000A8B115E0DAF80010B1FBFBF000B94846F4
:10CE30000021C20807E0009200E000BF0098431EF6
:10CE40000093FAD2491CA942F5D3BDE8F88F4846B1
:10CE5000A91C00FB01F90CE0F3F770FCA04203D021
:10CE60000446D6F8048004E07068A0EB0801494548
:10CE7000EBD8F3F763FCC01BA842EDD3E5E7000055
:10CE8000FCED00E0001000E0D805002082B0CDE904
:10CE9000000121F0004001909DED000B02B051EC2B
:10CEA000100B704700290AD0B0F858218A78A0F8F2
:10CEB00058214968002902D0B0F858210847704726
:10CEC00010B50446B0F85801062820D2DFE800F07B
:10CED00003050E1114170E4801E00D48383000EB21
:10CEE000C1012046BDE81040FFF7DCBF08487030A4
:10CEF00006E00748A83003E00548E03000E00548B8
:10CF000000EBC1012046FFF7CDFFB4F8580110BD7A
:10CF1000240000203C0100201FB5FA49F8480860B1
:10CF2000F5F7DCFA62B6F748F430016841F0807139
:10CF30000160F54800244460016841F0010101608E
:10CF4000BFF34F8FBFF36F8FF4F782F9FDF7D2F87D
:10CF500040F20110E4F7DEFBED49EC48ED4F0860CC
:10CF6000A1F19C0238467A644832C0E90F21783139
:10CF70007960B031B960A1F58471396001F5F8715B
:10CF800079624831B962903979610C218185082232
:10CF9000C2850286E04A8261483AC261A2F5907277
:10CFA0000262418602F5FC71416348390025B9638C
:10CFB0002E463946D948F0F70BFC4FF48170E4F760
:10CFC000A9FBFBF725FFFBF77DFE40F20310E4F71A
:10CFD000A1FBDFF84CA38AF800408DF800406846BA
:10CFE000FCF7F2FDDFF834834FF482714FF0010952
:10CFF00028B19DF80000012811D0022816D0012682
:10D000008AF800900846E4F785FBFCF729FE88F8CB
:10D01000F042A8F80443C148FCF7CCFE15E00846EE
:10D02000E4F778FBFCF71CFE012006E0012508462A
:10D03000E4F770FBFCF714FE022088F8F002B74812
:10D04000A8F8044325B1FCF707FF20B1F2F76AFA0C
:10D05000FCF7BCFEF9E7FCF761FAFCF7FDF9FCF719
:10D06000D3FAFCF7A1FAAF48AF4B818B8AB2C16803
:10D07000CDE90212CDE90039A549D7E909239C3948
:10D08000AA48E3F71FFF002001460090A84BA94AD9
:10D09000A948E9F74FFB0023A84A0121A648E9F770
:10D0A00035FBA24A002324320221A348E9F72EFBD4
:10D0B0000023A34A0321A048E9F728FBA14805B1B2
:10D0C00036B1A1A2D2E90012CDE90012016005E05B
:10D0D0009FA1D1E90021CDE900210260BDF8041033
:10D0E00081809DF806108171EDF7AAFDEDF780FDB6
:10D0F00088498A48F0F76CFBFCF7C6FAE5F704F8B4
:10D10000002207212920F4F723F92920F4F713F945
:10D110009148016841F400510160874DDFF83CA25D
:10D120008F4E00BFFCF79CFD8E48F0F779FD012083
:10D13000E8F7DCF9D8F8E002444640F00400C8F80B
:10D14000E0020AE00120FDF7C9F8FBF743FDE4F730
:10D150004DFAE8F707FFF0F78BF9D4F8E002400743
:10D16000F0D48148016821F4C05101607E494FF438
:10D17000C050143108602820F4F7CCF8F0F796FC82
:10D18000F0F738FBE9F718F8FBF7FEFEFCF77CFA3E
:10D19000E4F7BAFF41F20200E4F7BCFAEDF7B2FFA0
:10D1A00041F20300E4F7B6FAE8F7DCFE0020E8F706
:10D1B0009DF9D4F8E00240F04000C4F8E002DFF846
:10D1C0007C91A9F15C0900BF41F20400E4F7A2FAE6
:10D1D000EEF7C8F8EDF7F0F9EFF714F899F8040056
:10D1E00028B156485C38E8F75AFEE5F771FEEFF7CC
:10D1F00029FDB5F8520001280FD0306888B35B488C
:10D20000009043F698200190BAF8B002C0F3001BDA
:10D21000D4F8E002C00737D12CE055480068B8B117
:10D22000B5F8540088B1296F896849082A6F89B216
:10D23000126A8A4216D208B1F5F78BFC0121084622
:10D24000F4F7DCF8F5F74AF90CE04FF40061EDE78C
:10D25000D5F8DC00006AA96D884203D2B5F8540005
:10D26000E9E703E0F3F76AFA3060ADE7F3F766FA4F
:10D2700030602FE09AF89802400605D439480188BA
:10D28000490703D4C08C08B1012700E000273848C3
:10D29000406B40B92148F0F7A7FA20B9BBF1000F65
:10D2A00009D03248009017B1F3F748FA30605BEAD2
:10D2B000070002D00EE00198F4E7F3F73FFA316877
:10D2C000411A0098814205D3D4F8E00240F00400EE
:10D2D000C4F8E00201210846F4F790F8D4F8E0021F
:10D2E0004007C2D56420F2F7B3FF00273760E8F7A4
:10D2F00039FE0A48F0F78EFBC4F8E07212E700002E
:10D300000000020808ED00E0001000E000280040E6
:10D310000C2B0120D0A50020F42D012038B90020CD
:10D3200098010020A0F604200071020030C2002005
:10D3300028B00020E4AF00201029002000C3002006
:10D34000B0B000205802002043453634585F00003A
:10D3500043453634535F000018080240985C0020B3
:10D36000A0050020A4A10020003C0140C027090026
:10D3700038B100200EB54FF47A738DE80E000246E6
:10D380000123D1210148F3F7CBFC0EBDB82A0120BF
:10D3900070B5144C1D4604EB4106002A00DB3281B7
:10D3A000002D0ADB082908D204EB8100856229B12F
:10D3B000EAF7E6FAB5FBF0F0308370BD2689EAF7AC
:10D3C000DFFA420106B9402652B1A5FB060100185A
:10D3D00049410023E3F70EF880B22083256070BD39
:10D3E0000020FAE738B1002000B52DED048B83B0A2
:10D3F00041EC190B00F0ECFD41EC180B18EE100A93
:10D4000018EE901A8DED008B002818BF01200843FC
:10D4100020F00040C0F17F6000F1E040C00F14D068
:10D4200019EE101A19EE900A8DED009B002918BF15
:10D430000121084320F00040C0F17F6000F1E0408E
:10D44000C00F04BF0120E3F7CAFA51EC180B03B078
:10D45000BDEC048B00BD70B50D46044600F018F815
:10D460005002E2611A4600231946E2F7C3FF208406
:10D4700001202074256070BD70B51E461546044617
:10D480003246049BFFF7E7FF02202074656070BD01
:10D4900000210176417641617047000070EE600A1C
:10D4A00010B510EE900A2DED028B11499FED118BF6
:10D4B000884208DB10EE100A00F040FF53EC182BF6
:10D4C00000F052FE0CE010EE900A0C4988420BD995
:10D4D00010EE100A00F032FF53EC182B00F07CF82D
:10D4E00000F048F800EE100ABDEC028B10BD000001
:10D4F000DB0F4940112D4454FB211940DB0F49C07B
:10D500001CB50BA2D2E90012CDE9001200216A4637
:10D5100000EB4103B3F85830545CA34202D04FF003
:10D52000FF301CBD491C0529F2DB00201CBD00009A
:10D53000494E54414E00000003B583B04FF47A7356
:10D54000012204A98DE80E0013460246D0210248AC
:10D55000F3F756FD05B000BDB82A012081F0004167
:10D56000704780F00040704721F00041704720F084
:10D570000040704721F00042A2F16052B2F5801FD6
:10D5800001F0004328BFD2F17F6C0BD95FEA001C89
:10D5900043EAC20242EB507018BF704728BF20F028
:10D5A00001007047B2F5801FBCBF184670474FEAB4
:10D5B000410C1CF5001F02D2084600F035BF70B5C3
:10D5C00000F016FC00000089FFF7F6BF4FF00040A6
:10D5D000A0F580007047000010B591EA030F48BF26
:10D5E00083F0004300F1C885841A71EB030C05D267
:10D5F000121943EB0C03001B61EB0C01DFF824E173
:10D600004FEA1154A4EB135C1EEA430F18BF9EEAC5
:10D61000445F73D023EA0E03DCF1200E21EA0451AB
:10D6200043F4801332D322FA0CFE10EB0E0023FADF
:10D630000CFE41EB0E01CCF1200E03FA0EFE10EBB6
:10D640000E0051F10001B1F5801FCCF1200E32D255
:10D6500001EB045112FA0EF2BDE8104058BF7047BA
:10D66000401C38BF5FEA420218BF7047002814BF51
:10D6700020F0010041F100014FEA410313F5001FC2
:10D6800038BF7047A1F1C04100F000BC012A43EB54
:10D690000302ACF1200CDCF11F0E32BF4FF0000E84
:10D6A00023FA0CF310EB030041EB0451B4EB115FD0
:10D6B000D0D0A1EB045101F5801149085FEA300098
:10D6C00001EB04510ED350F1000038BF12FA0EFEE8
:10D6D00008D1BDE81040C9E7401C38BF5FEA4202EC
:10D6E000CAD1C3E7BDE810404FEA410313F5001F5C
:10D6F00038BF7047A1F1C04100F0C8BB9EEA445F4B
:10D7000008D011EA5E0FBDE8104004BF01F00041EF
:10D7100000207047BDE8104070B500F069FB00BF05
:10D7200064FBBE3E0000E0FF02494FF0000000F045
:10D73000EBBE00BF0000F87F491058BFC1F1404167
:10D740005B1058BFC3F140438B42EFF3008070473A
:10D750002DE9C04130B4DFF8A0C23CEA111418BF73
:10D760003CEA131400F0EC8081EA03051CEA111472
:10D7700044EAD57418BF1CEA131500F0C780A4EB67
:10D7800005044FF0004545EAC12145EAC32341EABB
:10D79000505143EA525304F17F74994204F5003426
:10D7A0004FEAC0204FEAC22208BF904200F09C809E
:10D7B0004FEA13650FF24016765D4FEA134506FBFC
:10D7C00005F7C7F1807706FB07F74FEAD737A7FBC6
:10D7D00003687642C8F58038A7FB06CE38BFA8F1AB
:10D7E000010807FB08E64FF0000EA6FB028CE6FBE3
:10D7F00003CEDCF1000CCEF1004E38BFAEF1010ECD
:10D80000A6FB0C584FF000074FF00005E6FB0E8713
:10D81000A1FB08C6A0FB07CE16EB0E0645F10005DE
:10D82000E1FB076515F1E04E7EBFA4F580345FEAA9
:10D8300046066D4116F1800745F100054FEA1727AE
:10D840004FEA066647EA0567A6F1DE46B6F1805F55
:10D850004FEA15251FD9384624F0010C05EBC47199
:10D86000BCF1FE6F01EB0C1102D8F0BCBDE80081E9
:10D8700024425CBF01F5801E9EEAC47F02D4F0BC46
:10D88000BDE80081244238D4F0BCA1F1C041BDE81C
:10D89000004100F0FBBA4FEAD22242EA43524FEA7B
:10D8A000D323A7FB02864FEAD02040EA415007FB72
:10D8B00003661EEA0E0F4FEAD12105FB026658BF30
:10D8C000A6EB0056B6EB00564FEA520E4EEAC37E68
:10D8D00018EB0E0E56EB530EBDD518EB02085E4149
:10D8E0007F1C55F10005B6E74FF480154FF0000797
:10D8F0004FF000064FF00008ADE7F0BC4FF000001D
:10D9000001F1C04101F00041BDE8008111EA0C1FA6
:10D910000CEA131500D00CE013EA0C1F00F0258070
:10D920004FF00000F0BC81EA030101F00041BDE8C6
:10D930000081F0BCBDE8004181EA030100F0A6BA15
:10D94000F0BCBDE8004170B500F052FA097EFC3E23
:10D9500000F007B881EA03014FF0000001F0004138
:10D96000704781EA030100F091BAF0BCBDE80041C4
:10D970004FF0000021497047FFFDFBF9F7F5F4F285
:10D98000F0EEEDEBE9E8E6E4E3E1E0DEDDDBDAD85A
:10D99000D7D5D4D3D1D0CFCDCCCBCAC8C7C6C5C4B8
:10D9A000C2C1C0BFBEBDBCBBBAB9B8B7B6B5B4B3CF
:10D9B000B2B1B0AFAEADACABAAA9A8A8A7A6A5A4BA
:10D9C000A3A3A2A1A09F9F9E9D9C9C9B9A9999987E
:10D9D0009797969595949393929191908F8F8E8E21
:10D9E0008D8C8C8B8B8A89898888878786858584AE
:10D9F00084838382828181800000FF070000F87F9A
:10DA00004FEA41034FEA5353A3F58063D3F11E035A
:10DA1000C8BFD3F1210C0CDD4FF0004242EAC12215
:10DA200042EA505232FA03FC8CEAE17CACEBE17042
:10DA30007047102BC4BF0020704703F5787CBCF101
:10DA4000FF3F04D06FF0004282EA2100704770B5BA
:10DA500000F0CEF94992248000207047F2E70000E0
:10DA60004FEA41034FEA5353A3F58063D3F11E03FA
:10DA7000C8BFD3F1210C20DD4FF0004242EAC122A1
:10DA800042EA505232FA03FC0DD362FA03F282EA00
:10DA90000C021CF1010C0BD64FEA420252EAC022E2
:10DAA00008BF2CF0010C8CEAE17CACEBE170704714
:10DAB000094258BFACF1010CF5E7102BC4BF0020A0
:10DAC000704703F5787CBCF1FF3F04D06FF0004253
:10DAD00082EA2100704770B500F08AF949922480EB
:10DAE00000207047F2E700004FEA1153A3F580636E
:10DAF000D3F11E03A8BFD3F1200C08DB4FF0004286
:10DB000042EAC12252EA505232FA03F07047094207
:10DB10000BD4102BC4BF0020704703F5787CBCF1F8
:10DB2000FF3F05D04FF0FF3070474FF000007047C7
:10DB300070B500F05DF900BF499224800020704765
:10DB4000F0E710F0004248BF4042B0FA80F310FA0C
:10DB500003F10AD0C3F11D0303F580634FEA41507E
:10DB600002EB035202EBD12170474FF000007047E7
:10DB7000B0FA80F310FA03F10AD0C3F11D0303F5E4
:10DB800080634FEA41504FEA035202EBD1217047C4
:10DB90004FF0000070470000B1FA81F30B3B20D337
:10DBA000994010D1B0FA80F310FA03F108BF704722
:10DBB000C3F11D0303F580634FEAD1224FEA4150C0
:10DBC00002EB03517047C3F1200C20FA0CFC984083
:10DBD000C3F1320303F5806341EA0C0101EB035109
:10DBE000704710B5C3F10004C3F1320CC4F1200E2C
:10DBF0000CF5806201FA0EFC21FA04F100FA0EF332
:10DC0000E040BDE8104040EA0C0001EB025138BF93
:10DC10007047401C41F100015B0008BF20F001008B
:10DC20007047000051EA030C17D41CF5801F58BF41
:10DC3000BCF5801F00F10680994218BF704708BFED
:10DC40009042704707D711F5801F58BF13F5801F0A
:10DC500019D499427047894270471CF5801F08D536
:10DC6000BCF5801FF7D58B4218BF704708BF8242B2
:10DC700070474FF4001C1CEB410F38BF1CEB430FE7
:10DC800001D28B42704770B500F0B2F8922449007F
:10DC90004FF000514FF08053FFF74EBDDFF848C101
:10DCA00070B51CEA111E1EBF1CEA13159EEA0C0F6C
:10DCB00095EA0C0F00F06F8081EA030423EA4C130D
:10DCC0004EEAD47E21EA4C1141F4801143F48013D2
:10DCD000AE44A1FB024CA0FB0365AEF17F7E36197A
:10DCE00055EB0C05A1FB034C4CF10003A0FB021CFF
:10DCF00016EB0C06654153F10003094218BF46F0CC
:10DD0000010613F4007F0BD14FEA03314FEA0530CF
:10DD1000340341EA155140EA16506FF003020AE05D
:10DD20004FEAC3214FEAC520F40241EA555140EAC7
:10DD300056506FF0020202EB2E4201EB025585EACB
:10DD4000CE710AD05FEA440C18BF24F0004450F1B1
:10DD5000000041F1000120EAD47040F2FE7C6245EF
:10DD600000D270BDA84214BF4FF080444FF0404431
:10DD7000002E08BF0024BEF1806FA8BFA1F1C041F2
:10DD8000BDE8704080F282804FF0000001F1C04198
:10DD900001F0004170479EEA0C0F0CEA131518BF02
:10DDA00095EA0C0F06D04FF0000081EA030E0EF04A
:10DDB000004170BD00F01CF88900013E00F007B87A
:10DDC00000F009B84FEA430C5FEA5C5C08D081EAD6
:10DDD000030100F05BB84FEA410C5FEA5C5CF6D1EE
:10DDE0004FF00000014970470000FF070000F87F76
:10DDF0000EF1020E2EF0030E5EF8046B364205D4CF
:10DE0000012A43EB030515F5001F12D8012841EB49
:10DE1000010C1CF5001F0CD80ED14FEAD17C15F572
:10DE2000001F0CEB4C0C0CF1020C08BF4CEBD37C2C
:10DE300004E04FF0080C01E04FEAD37C0CEB4C05FA
:10DE400026FA05F606F00706B6F1040C06D20EEB2C
:10DE5000860CBDE870404CF0010C6047DFE80CF028
:10DE6000090B02024FF000414FF00000A1F5002124
:10DE700070BD19461046012851EB010418BFD4F5B6
:10DE8000001484BF002001F0004170BD0808A0F517
:10DE900000114FEA3101704753EA010C17D41CF509
:10DEA000801F58BFBCF5801F00F106808B4218BF51
:10DEB000704708BF8242704707D713F5801F58BFCD
:10DEC00011F5801F19D48B4270479B4270471CF597
:10DED000801F08D5BCF5801FF7D5994218BF704741
:10DEE00008BF904270474FF4001C1CEB430F38BF33
:10DEF0001CEB410F01D2994270470FB40CBC03BC1C
:10DF0000FFF7C1BE5FEA410C5FEA5C5CACF5806381
:10DF10005B1C39D4D3F1340240F34580B2F12003C5
:10DF200014DA4FF0010C0CFA02FCACF101030340CF
:10DF3000B3EB5C0220EA030008BF10EA0C0F98BFA5
:10DF4000704710EB0C0041F1000170470AD0C3F19B
:10DF5000200201FA02FC012821FA03F101FA03F17F
:10DF60004CF100004FF0010C0CFA03FCACF1010382
:10DF7000B0F1004F21EA030108BF11EA0C0F4FF086
:10DF8000000088BF61447047B3F1FF3F28BF50EAEB
:10DF9000C12C01F000414FF0000084BF41F07C51E2
:10DFA00041F470017047B3F5806FB8BF704770B52A
:10DFB000FFF71EFF40DBB6BE91EA030F10B581F0FC
:10DFC00000413FF511AB83F0004300F0D5B80000ED
:10DFD0002DE9F04101F5801CBCF5001FC0F2A980BD
:10DFE0004FEA115C21EA0C510CF1FD0C41F4801157
:10DFF0005FEA5C0C0CF5C07C01D34000494130A4C1
:10E00000890241EA905187028E0E0A0CA45D04FB3E
:10E0100004F602FB06F6C6F14046A4FB0662F60DC6
:10E0200046EA422606FB06F4A4FB01235242C3F152
:10E03000404338BF5B1EA6FB02420024E6FB0324DC
:10E04000D20B42EA4446A6FB0623A1FB02E2A3FB55
:10E0500007E4E3FB61426442C2F1404E38BFAEF1D7
:10E06000010EA6FB04234FF00002E6FB0E32A2FBDA
:10E0700003463400E2FB6264A1FB06E6A4FB07E86A
:10E08000E4FB61687642C8F1405838BFA8F1010846
:10E09000A2FB06E4A3FB08E5E2FB6854A1FB05E64E
:10E0A000A7FB04E8E1FB648618F1200556F10006A1
:10E0B000A809A8F11B08B10908F03F08B8F10A0F38
:10E0C00040EA86601CD901EB0C51BDE8F08100BF2D
:10E0D000FCF5EEE8E2DDD8D3CFCBC7C3C0BDB9B6FF
:10E0E000B4B1AEACA9A7A5A3A19F9D9B9A98969504
:10E0F0009392908F8D8C8B8988878685848382818B
:10E10000A0FB006800FB01F208EB4208B8EB87288F
:10E1100007D5341858EB0104D5D5401C51F1000146
:10E12000D1E7341A78EB0104CDD4401E71F100011F
:10E13000C9E75FEA4C0C5FEA9C5C0DD105D34FF058
:10E14000000001F00041BDE8F081BDE8F04170B58C
:10E15000FFF74EFE6DDBFFBEBDE8F0414FF0000063
:10E16000004970470000F87F10B591EA030F48BFDF
:10E1700083F000433FF538AA841A71EB030C07D2F1
:10E1800012198CF0004C43EB0C03001B61EB0C01EB
:10E19000DFF8A4E14FEA1154A4EB135C1EEA430F2D
:10E1A00018BF9EEA445F00F0B08023EA6E0352423B
:10E1B00021EA0451C3EB6E0338BF5B1EDCF1200E75
:10E1C00025D322FA0CFE10EB0E0043FA0CFE41EBB5
:10E1D0000E01CCF1200E03FA0EFE10EB0E0051F1F1
:10E1E0000001CCF1200E29D412FA0EF201EB0451F9
:10E1F000BDE8104058BF7047401C1CBFB2F1004F33
:10E20000704700280CBF491C20F00100704712EB3A
:10E21000020E43EB030218BF4FF0010E4EEA42021A
:10E22000ACF1200CDCF11E0E54D943FA0CFE10EBBD
:10E230000E0051F1FF31CCF11E0ED5D50EF1010EBD
:10E2400012FA0EFE404141EB010101EB445C5FEA32
:10E250005C5C10D910EBDE7001EB045138BFBEF1ED
:10E26000004FBDE8104018BF704700280CBF491C84
:10E2700020F00100704730D24FEAD42C11F5001184
:10E2800024F400641BD0B1FA81F20B3AA41AA41E44
:10E29000D2F12003914030FA03F31943904001EB8F
:10E2A000CC71002C01EB0451BDE81040A8BF7047B1
:10E2B00001F1C0414FF0000001F000417047B0FA99
:10E2C00080F310FA03F100D110BDE41A173C4805A1
:10E2D000C90AE4E701EB045110BD491001EB0451F8
:10E2E000BDE810404FEA300002E04FF000017047F7
:10E2F0004A0008BF0042F8D0B2F5001F28BF70479F
:10E3000001F000414FF0000070479EEA445F07D0E3
:10E3100011EA5E0FBDE8104004BF002100207047E5
:10E32000BDE8104070B5FFF763FD00BF40DFF63E6B
:10E3300083F00041104670470000E0FF43004FEAC1
:10E34000D30C4FEA3C0C43401FBF40070CF1605117
:10E3500013F0FE4F70471CF0006F03D100200CF04B
:10E36000004170470CF0004343EA507010B540EA9A
:10E37000CC0000F00EF800BF000000924FEA000150
:10E38000FFF784BD4FF000414FF00000A1F50021E0
:10E3900070470EF1020E2EF0030E5EF8044B24427D
:10E3A00004D44FEA4102B2F17F4F11D84FEA400343
:10E3B000B3F17F4F0CD80ED14FEAD07CB2F17F4F32
:10E3C0000CEB4C0C0CF1020C08BF4CEBD17C04E0C4
:10E3D0004FF0080C01E04FEAD17C0CEB4C0324FA1F
:10E3E00003F404F00704B4F1040C06D20EEB840C21
:10E3F000BDE810404CF0010C6047DFE80CF0070866
:10E4000002024FF00040A0F5800010BD0846420017
:10E4100018BFD2F1807288BF00F0004010BD4FF0ED
:10E420004070E1EE100A7047FF2141EAD050C0056C
:10E43000704700004FEAC1230A1543EA50534FEAE0
:10E44000C02C18BF43F000431BD4A2F24E02D2F5F9
:10E450007C72C0F22080502AA8BF502223FA02F119
:10E460002CFA02F060B4D2F1200284BF03FA02F564
:10E470002843C2F100029CBF23FA02F5284360BC86
:10E48000704701F1804212F5801F04DA4FF000005E
:10E490004FF00001704770B5FFF7AAFC4992248045
:10E4A000002001E06FEAE17001467047C2154FEAB3
:10E4B000002318BF43F000430ED4D2F1BE0215D39F
:10E4C00023FA02F1B2F1200C2EBF23FA0CF0C2F1B4
:10E4D000200C03FA0CF070474FEA400CBCF1FE4FE1
:10E4E00004D24FF000004FF00001704710B5FFF765
:10E4F00050FF00BF9224498000204FF00001704778
:10E500006FEAE070014670470CF00F03092B08BF5B
:10E51000082000F059800A2B0BD0082B18BF704739
:10E5200008BF1CF0400F0AD04FF000004FF0000170
:10E5300070471CF0400F18BF4FF0004070471CF0B0
:10E54000100F08D020F0704300F07F4242EAD30160
:10E550004FEA4370704700F0604021F07F4242EA8A
:10E56000000201F07F4040EA727070474FF0FF0CEC
:10E570004CF4E06C1CEA11531CBF9CEA030C94455C
:10E58000C2BFDA4201EB02517047002B0DD0BCF143
:10E59000000F0FD0002A01F00041A4BF41F0E0417C
:10E5A00041F07F614FF00000704701F000414FF0F3
:10E5B0000000704750EA01334FF09B0C18BF4CF03D
:10E5C000806C7FF4B1A870471CF4801F11D01CF43C
:10E5D000E02F03D06FEACC31490070474FF0405034
:10E5E000EFF3008222F0704242EA000282F30088D8
:10E5F00070474FF00000704701000000030000006A
:10E600000100000000000000000000000000000009
:10E6100000000000000000000000000040530A3C21
:10E6200000000000000000000000803F00000040EB
:10E630000000803F0000803F00000000000000005C
:10E640000000803F00000000000000000000803F4C
:10E650007AA5DCBFCCEE413F0000803F0000000007
:10E6600000000000010000000300000001000000A5
:10E67000000000000000000000000000000000009A
:10E6800000000000000000003064F53C00000000C5
:10E69000000000000000803F000000400000803FBC
:10E6A0000000803F00000000000000000000803FEC
:10E6B00000000000000000000000803F3A23BABFC5
:10E6C00099F5123F0000803F0000000000000000AC
:10E6D0000100000003000000010000000000000035
:10E6E000000000000000000000000000000000002A
:10E6F00000000000C3F2C73D000000000000000061
:10E700000000803F000000400000803F0000803F8C
:10E7100000000000000000000000803F000000003A
:10E72000000000000000803FFF5B71BF3BAAAA3ED3
:10E730000000803F00000000000000000100000019
:10E7400003000000010000000000000000000000C5
:10E7500000000000000000000000000000000000B9
:10E76000AEF5953E00000000000000000000803F74
:10E77000000000400000803F0000803F00000000DB
:10E780000000000001000000030000000100000084
:10E790000000000000000000000000000000000079
:10E7A00000000000000000000000803F00000000AA
:10E7B000000000000000803F000000400000803F9B
:10E7C0000000803F00000000000000000000803FCB
:10E7D00000000000000000000000803F000000403A
:10E7E0000000803F0000803F0000000000000000AB
:10E7F0003C485645523E003C52455345543E00006D
:10E800003C303E00AD900000AD000000E4AF0020C1
:10E8100028B000208100000000000000000000007F
:10E8200000000000E4AF002028B00020B0B00020BD
:10E8300054C2002000C30020AD51000000000000C1
:10E8400000000000000000000000000000000000C8
:10E8500000000000000000000000000000000000B8
:10E8600000000000000000000000000000000000A8
:10E870000000000000000000000000000000000098
:10E880000000000000000000000000000000000088
:10E890000000000000000000000000000000000078
:10E8A0000000000000000000000000000000000068
:10E8B00000000000000000000000DADAAD530000A4
:10E8C0000000000000000000000000000000000048
:10E8D0000000000000000000000000000000000038
:10E8E0000000000000000000000000000000000028
:10E8F0000000000000000000000000000000000018
:10E900000000000000000000000000000000000007
:10E9100000000000000000000000000000000000F7
:10E9200000000000000000000000000000000000E7
:10E930000000000000000000000000000000DADA23
:10E94000AD520000000000000000000000000000C8
:10E9500000000000000000000000000000000000B7
:10E9600000000000000000000000000000000000A7
:10E970000000000000000000000000000000000097
:10E980000000000000000000000000000000000087
:10E990000000000000000000000000000000000077
:10E9A0000000000000000000000000000000000067
:10E9B0000000000000000000000000000000000057
:10E9C00000000000DADA000000001008FFFF130862
:10E9D0000100000000001408FFFF170802000000FB
:10E9E0000102030001000100000102030A0B0C0DEB
:10E9F000000102030A0B0C0D0102030405060708BF
:10EA000009000000010000000300000001000000F8
:10EA100000000000000000000000000000000000F6
:10EA200000000000000000009613233C00000000DE
:10EA3000000000000000803F00000000000080BFD8
:10EA40000000803F00000000000000000000803F48
:10EA500000000000000000000000803F5D6DFDBF71
:10EA60002EE77A3F0000803F000000000000000019
:10EA70000100000003000000010000000000000091
:10EA80000000000000000000000000000000000086
:10EA9000000000009613233C00000000000000006E
:10EAA0000000803F00000000000080BF0000803FA9
:10EAB00000000000000000000000803F0000000097
:10EAC000000000000000803FB459FDBF2EE77A3FF0
:10EAD0000000803F00000000000000000100000076
:10EAE0000300000001000000000000000000000022
:10EAF0000000000000000000000000000000000016
:10EB000082574B3C00000000000000000000803FE6
:10EB100000000000000080BF0000803F00000000F7
:10EB2000000000000000803F000000000000000026
:10EB30000000803F287EFCBF65A5793F0000803F34
:10EB400000000000000000000100000003000000C1
:10EB500001000000000000000000000000000000B4
:10EB600000000000000000000000000091EE273DC2
:10EB700000000000000000000000803F00000000D6
:10EB8000000080BF0000803F000000000000000087
:10EB90000000803F00000000000000000000803FF7
:10EBA000014DF4BF0C026B3F0000803F00000000ED
:10EBB0000000000001000000030000000100000050
:10EBC0000000000000000000000000000000000045
:10EBD000000000000000000024B4E53D000000003B
:10EBE000000000000000803F00000000000080BF27
:10EBF0000000803F00000000000000000000803F97
:10EC000000000000000000000000803FF163DCBF56
:10EC1000F792463F0000803F000000000000000027
:10EC200001000000030000000100000000000000DF
:10EC300000000000000000000000000000000000D4
:10EC400000000000B130443D000000000000000062
:10EC50000000803F00000000000080BF0000803FF7
:10EC600000000000000000000000803F00000000E5
:10EC7000000000000000803F2B18E5BFA779673F28
:10EC80000000803F000000000000000001000000C4
:10EC90000300000001000000000000000000000070
:10ECA0000000000000000000000000000000000064
:10ECB00076A7BB3D00000000000000000000803F80
:10ECC00000000000000080BF0000803F0000000046
:10ECD000000000000000803F000000000000000075
:10ECE0000000803F14D0CCBFDF15513F0000803FB3
:10ECF0000000000000000000010000000300000010
:10ED00000100000000000000000000000000000002
:10ED1000000000000000000000000000C764313D5A
:10ED200000000000000000000000803F0000000024
:10ED3000000080BF0000803F0000000000000000D5
:10ED40000000803F00000000000000000000803F45
:10ED500036CDF3BF46D3693F0000803F000000007E
:10ED6000000000000100000003000000010000009E
:10ED70000000000000000000000000000000000093
:10ED80000000000000000000137E893E000000002B
:10ED9000000000000000803F00000000000080BF75
:10EDA0000000803F00000000000000000000803FE5
:10EDB00000000000000000000000803FA67E76BF3B
:10EDC0008A02ED3E0000803F0000000000000000CD
:10EDD000010000000300000001000000000000002E
:10EDE0000000000000000000000000000000000023
:10EDF000000000000534513E00000000000000004B
:10EE00000000803F00000000000080BF0000803F45
:10EE100000000000000000000000803F0000000033
:10EE2000000000000000803F3C4E99BFFE65173F88
:10EE30000000803F00000000000000000100000012
:10EE400003000000010000000000000000000000BE
:10EE500000000000000000000000000000000000B2
:10EE60000000803F00000000000000000000803F24
:10EE700000000000000000000000803F00000000D3
:10EE8000000000000000803F0000000000000000C3
:10EE90000000803F00000000000000000000803FF4
:10EEA000000000000000000001000000030000005E
:10EEB0000100000000000000000000000000000051
:10EEC0000000000000000000000000009613233C3A
:10EED00000000000000000000000803F0000803FB4
:10EEE000000000000000803F000000000000000063
:10EEF0000000803F00000000000000000000803F94
:10EF00002EE77ABF000000000000803F00000000F4
:10EF100000000000010000000300000001000000EC
:10EF200000000000000000000000000000000000E1
:10EF300000000000000000009613233C00000000C9
:10EF4000000000000000803F0000803F0000000043
:10EF50000000803F00000000000000000000803F33
:10EF600000000000000000000000803F2EE77ABF94
:10EF7000000000000000803F0000000000000000D2
:10EF8000010000000300000001000000000000007C
:10EF90000000000000000000000000000000000071
:10EFA000000000005DE2C83C00000000000000001E
:10EFB0000000803F0000803F000000000000803F14
:10EFC00000000000000000000000803F0000000082
:10EFD000000000000000803F1D7273BF00000000B1
:10EFE0000000803F00000000000000000100000061
:10EFF000030000000100000000000000000000000D
:10F000000000000000000000000000000000000000
:10F010008BDF143D00000000000000000000803F76
:10F020000000803F000000000000803F0000000062
:10F03000000000000000803F000000000000000011
:10F040000000803F30646DBF000000000000803F82
:10F0500000000000000000000100000003000000AC
:10F06000010000000000000000000000000000009F
:10F07000000000000000000000000000E4D78F3D09
:10F0800000000000000000000000803F0000803F02
:10F09000000000000000803F0000000000000000B1
:10F0A0000000803F00000000000000000000803FE2
:10F0B000280A5CBF000000000000803F0000000044
:10F0C000000000000100000003000000010000003B
:10F0D0000000000000000000000000000000000030
:10F0E000000000000000000076A7BB3D000000000B
:10F0F000000000000000803F0000803F0000000092
:10F100000000803F00000000000000000000803F81
:10F1100000000000000000000000803FDF1551BF2C
:10F12000000000000000803F000000000000000020
:10F1300001000000030000000100000000000000CA
:10F1400000000000000000000000000000000000BF
:10F150000000000082574B3C00000000000000004F
:10F160000000803F0000803F000000000000803F62
:10F1700000000000000000000000803F00000000D0
:10F18000000000000000803F65A579BF000000007E
:10F190000000803F000000000000000001000000AF
:10F1A000030000000100000000000000000000005B
:10F1B000000000000000000000000000000000004F
:10F1C0004B1FFA3D00000000000000000000803FDF
:10F1D0000000803F000000000000803F00000000B1
:10F1E000000000000000803F000000000000000060
:10F1F0000000803FD57841BF000000000000803F44
:10F2000000000000000000000100000003000000FA
:10F2100001000000000000000000000000000000ED
:10F2200000000000000000000000000024B4E53DE4
:10F2300000000000000000000000803F0000803F50
:10F24000000000000000803F0000000000000000FF
:10F250000000803F00000000000000000000803F30
:10F26000F79246BF000000000000803F0000000051
:10F270000000000001000000030000000100000089
:10F280000300000001000000030000000100000076
:10F29000000000000000000000000000000000006E
:10F2A000000000000000000000000000000000005E
:10F2B000000000000000000000000000000000004E
:10F2C00000000000000000008E1E1FBE00000000B5
:10F2D000000000000000803F23DB81BF0000000031
:10F2E0000000803F00000000000000000000803FA0
:10F2F000C65016BFF85377400000803F0000000062
:10F30000000000000000803FCA3204C0AEB6E23FF9
:10F310000000803F00000000000000000000803F6F
:10F3200000000000000000000000803F410E6ABFA6
:10F33000000000000000803F00000000000000000E
:10F340000000803F2D43BCBF598B273F0000803F0A
:10F3500000000000000000000000803FF0BF6DBF13
:10F360005EF4353F0000803F000000000000000018
:10F370000100000003000000010000000300000085
:10F380000100000003000000010000000000000078
:10F39000000000000000000000000000000000006D
:10F3A000000000000000000000000000000000005D
:10F3B000000000000000000000000000000000004D
:10F3C000000000006A4DF3BD0000000000000000D6
:10F3D0000000803F2CD482BF000000000000803F6E
:10F3E00000000000000000000000803FB5E045BDC7
:10F3F000DE7172400000803F00000000000000004D
:10F400000000803F583900C071ACF33F0000803FDE
:10F4100000000000000000000000803F000000002D
:10F42000000000000000803FDE9367BF0000000086
:10F430000000803F00000000000000000000803F4E
:10F4400036ABAEBFA6D5183F0000803F00000000DD
:10F45000000000000000803FF44F38BF09FE273F46
:10F460000000803F000000000000000001000000DC
:10F470000300000001000000030000000100000084
:10F480000300000001000000000000000000000078
:10F49000000000000000000000000000000000006C
:10F4A000000000000000000000000000000000005C
:10F4B000000000000000000000000000000000004C
:10F4C000E201E5BD00000000000000000000803FF8
:10F4D000A30184BF000000000000803F0000000086
:10F4E000000000000000803FBB0F283FF241634056
:10F4F0000000803F00000000000000000000803F8E
:10F500006C78F2BF857C04400000803F0000000062
:10F51000000000000000803F00000000000000002C
:10F520000000803F49D764BF000000000000803F1A
:10F5300000000000000000000000803F1FF49CBF9E
:10F54000BD3A073F0000803F0000000000000000BF
:10F550000000803F740CE8BEAA43163F0000803FC5
:10F560000000000000000000010000000300000097
:10F570000100000003000000010000000000000086
:10F58000000000000000000000000000000000007B
:10F59000000000000000000000000000000000006B
:10F5A000000000001F1153BE00000000000000001A
:10F5B0000000803FA4DF86BF000000000000803F05
:10F5C00000000000000000000000803F2F8692BE77
:10F5D000418286400000803F0000000000000000E3
:10F5E0000000803F00000000000000000000803F9D
:10F5F0006F4758BF000000000000803F000000007F
:10F60000000000000000803F14ED5ABFE76FE23EAB
:10F610000000803F0000000000000000010000002A
:10F6200003000000010000000000000000000000D6
:10F6300000000000000000000000000000000000CA
:10F64000B6DB2EBF00000000000000000000803F7D
:10F65000C66D9CBF000000000000803F000000005D
:10F66000000000000000803F0000000000000000DB
:10F670000000803F43E25EBF000000000000803FCA
:10F680000000000000000000010000000300000076
:10F690000100000003000000010000000000000065
:10F6A000000000000000000000000000000000005A
:10F6B000000000000000000000000000000000004A
:10F6C00000000000115312BF000000000000000005
:10F6D0000000803FB81E4D3F000000000000803F4A
:10F6E00000000000000000000000803F4BC8EFBF9A
:10F6F0001591393F0000803F00000000000000002D
:10F700000000803F00000000000000000000803F7B
:10F71000F569953D000000000000803F00000000FA
:10F72000000000000000803FA39292BF0B419E3E6C
:10F730000000803F00000000000000000100000009
:10F7400003000000010000000000000000000000B5
:10F7500000000000000000000000000000000000A9
:10F76000AEBB79BF00000000000000000000803F39
:10F770003B01F5BF3867343F0000803F00000000C8
:10F78000000000000000803F0000000000000000BA
:10F790000000803FC6166ABF5DDC063E0000803F69
:10F7A0000000000000000000010000000300000055
:10F7B0000100000003000000010000000000000044
:10F7C0000000000000000000000000000000000039
:10F7D0000000000000000000000000000000000029
:10F7E00000000000809F51BE0000000000000000EB
:10F7F0000000803FA4DF86BF000000000000803FC3
:10F8000000000000000000000000803F2F8692BE34
:10F81000418286400000803F0000000000000000A0
:10F820000000803F00000000000000000000803F5A
:10F830006F4758BF000000000000803F000000003C
:10F84000000000000000803F14ED5ABFE76FE23E69
:10F850000000803F000000000000000001000000E8
:10F860000300000001000000000000000000000094
:10F870000000000000000000000000000000000088
:10F88000CC0B68BF00000000000000000000803FBB
:10F890003B01F5BF3867343F0000803F00000000A7
:10F8A000000000000000803F000000000000000099
:10F8B0000000803FC6166ABF5DDC063E0000803F48
:10F8C0000000000000000000010000000300000034
:10F8D0000100000000000000000000000000000027
:10F8E00000000000000000000000000030646DBF58
:10F8F00000000000000000000000803F3B01F5BF59
:10F900003867343F0000803F000000000000000026
:10F910000000803F00000000000000000000803F69
:10F92000C6166ABF5DDC063E0000803F0000000096
:10F93000000000006400000096000000C800000005
:10F94000FA0000002C010000F4010000EE020000AB
:10F95000E8030000DC050000D0070000C409000037
:10F96000B80B0000881300004C1D00001027000099
:10F97000983A0000204E0000260000002C000000F5
:10F98000180000002A000000060000001E00000011
:10F99000290000002E000000010000001B000000F4
:10F9A0000D00000003000000210000001600000010
:10F9B000110000000B000000080000001A00000009
:10F9C000110000000D0000000A0000000900000006
:10F9D000050000000300000002000000020000001B
:10F9E0000100000001000000010000000000000014
:10F9F0000000000000000000000000000000000007
:10FA000005000000080000000700000005000000DD
:10FA1000020000002B000000240000001E00000077
:10FA2000170000002C000000190000000D0000006D
:10FA30002500000017000000100000000800000072
:10FA4000040000001F00000015000000100000006E
:10FA50000D0000000B000000060000000400000084
:10FA6000030000000200000001000000010000008F
:10FA70000100000000000000000000000000000085
:10FA8000000000000000000010000000380000002E
:10FA90000100000023000000310000002C000000E5
:10FAA00009000000080000002A0000001400000007
:10FAB0002800000012000000050000003E000000C9
:10FAC00036000000300000002C0000002200000082
:10FAD0001C000000190000001500000012000000CA
:10FAE000110000000F0000000D0000003C000000AD
:10FAF000360000002800000011000000090000008E
:10FB000006000000040000000300000002000000E6
:10FB100002000000010000000100000001000000E0
:10FB200000000000000000000000000000000000D5
:10FB300000000000000000000000000000000000C5
:10FB400000000000000000000000000000000000B5
:10FB500001000000000000000000000000000000A4
:10FB60000000000000000000000000000000000095
:10FB70000000000000000000000000000000000085
:10FB80000000000000000000000000000000000075
:10FB90000000000000000000000000000000000065
:10FBA0000000000000000000000000000000000055
:10FBB00000000000780000008C000000AF00000092
:10FBC000DC000000180100005E010000B801000028
:10FBD0000D020000BC020000200000001000000028
:10FBE00008000000080000000800000004000000F9
:10FBF00003000000030000000200000028000000D5
:10FC00002800000028000000200000001A0000006A
:10FC100012000000100000000700000004000000B7
:10FC20003FE8D02F27918231713523333FE8D02F21
:10FC300027918231713523333FE8D02F27918231CC
:10FC40007135233350000000A0000000F0000000D8
:10FC500050000000F00000009001000000061016A7
:10FC6000000610160000000000000000010203045E
:10FC7000060708090000000001020304000000005C
:10FC8000000000000000F03F000000000000F83F0E
:10FC900000000000000000000000004003B8E23F48
:10FCA000000000000000000006D0CF43EBFD4C3EFA
:10FCB000033333333333E33FFFAB6FDBB66DDB3FEF
:10FCC0004D268F515555D53F01411DA96074D13F37
:10FCD00065DBC9934A86CD3FEF4E454A287ECA3F31
:10FCE0003E5555555555C53F93BDBE166CC166BFB3
:10FCF0002CDE25AF6A56113FF16BD2C541BDBBBEAC
:10FD0000D0A4BE726937663E4FBB610567ACDD3F6C
:10FD1000182D4454FB21E93F9BF681D20B73EF3F32
:10FD2000182D4454FB21F93FE2652F227F2B7A3CAA
:10FD3000075C143326A6813CBDCBF07A8807703C63
:10FD4000075C143326A6913CC4EB98999999C9BFD6
:10FD5000711623FEC671BCBF6D9A74AFF2B0B3BF0B
:10FD60009AFDDE522DDEADBF2F6C6A2C44B4A2BFCB
:10FD70000D5555555555D53FFF8300922449C23F37
:10FD80006E204CC5CD45B73F513DD0A0660DB13F6B
:10FD9000EB0D76244B7BA93F11DA22E33AAD903F7D
:10FDA0004C5555555555A53F7751C1166CC156BF99
:10FDB0009015CB19A001FA3EAD529C804F7E92BEA9
:10FDC000C4B1B4BD9EEE213ED43888BEE9FAA8BDC8
:10FDD000000000000000000000004054FB21F93F3B
:10FDE0003163621A61B4D03D0000601A61B4D03D45
:10FDF0007370032E8A19A33B0000002E8A19A33BBF
:10FE0000C14920259A837B390000000000000000D2
:10FE10006E83F9A22915444ED15727FCC0DD34F575
:10FE2000999562DB4190433CAB6351FE61C5BBDEFB
:10FE30003A6E24B7E0D24D42EA2E49061C92D1090F
:10FE40001CEB1DFE3EA729B1F53582E88444BB2E8C
:10FE500026709CE9417E5FB439D69139F4395383D9
:10FE60008B5F849C3B28F9BDFF97F81F0F9805DE38
:10FE70008B112FEF1F6D0A5ACF7E366DB709CB2736
:10FE8000663F464F2DEA5F9EC7BA27757BF1E5EBCB
:10FE9000F739073DEA92528AB15FFB6B085D8D1F0F
:10FEA000A6F810111111813FD561C119A0012ABF17
:10FEB0007DFEB157E31DC73EEB9C2B8AE6E55ABE9B
:10FEC0007CD5CF5A3AD9E53DE8FE03080000002072
:10FED000DC050000140202089C000408DC05002078
:10FEE000ECF80400700202080126120115E16C0210
:10FEF000081301021B1B6B08720272037204720565
:10FF00006A06364A010819381008B16F0208010262
:10FF1000011BC966081303011B5972081304012A47
:10FF200045085A052859385A02381A023839081330
:10FF30000202380861670208020302383C02040228
:10FF400038140205041BD1710859385A03384B0381
:10FF500001993C030203705A03385A03385A033894
:10FF60005A03385A04C15B0401083B0204381A04DE
:10FF7000471A1DF85A04E01A0438390859385A0546
:10FF8000704B0501F95B0502085A0308197039081E
:10FF900059705A0538012F4965011F421002277D0B
:10FFA000192832639A3F5A1AFF01014C0732434520
:10FFB0003634585F094E8801D823D8033205290406
:10FFC000011E12011DF95902080761720219405100
:10FFD000720469496A06364931140101025FE95B1E
:10FFE00002080102105A03085A04081305011BF104
:10FFF0005A2059385A02611A023839081302034F3D
:020000040804EE
:10000000DD5C02080203715A02703C020506385A90
:1000100002385A03915B03010819295E4D57020803
:1000200003385A03385A03385A03385A04C15B0458
:1000300001081302051AB9205A04315B0404085957
:10004000385A04385A05F15B05010819381AA7E82F
:100050005A05E05A05E05A05381907511A060239BF
:100060000859F11A06C11A6B201A06A72A670859FF
:10007000A85A06315A0638120749504C070107089A
:100080005A02085A03085A040859385A0738011CFA
:0C0090004952C91082101324F400000033
:04000005080201D913
:00000001FF
